<?xml version="1.0" encoding="UTF-8"?>
<gpx version="1.1" creator="radtour" xmlns="http://www.topografix.com/GPX/1/1">
<trk><name>Via Claudia Augusta Landeck - Reutte</name><trkseg>
<trkpt lat="47.13525" lon="10.56717"><ele>787</ele></trkpt>
<trkpt lat="47.13544" lon="10.56691"><ele>788</ele></trkpt>
<trkpt lat="47.13598" lon="10.56618"><ele>793</ele></trkpt>
<trkpt lat="47.136" lon="10.56594"><ele>799</ele></trkpt>
<trkpt lat="47.13604" lon="10.56588"><ele>800</ele></trkpt>
<trkpt lat="47.13618" lon="10.56586"><ele>798</ele></trkpt>
<trkpt lat="47.13648" lon="10.56574"><ele>797</ele></trkpt>
<trkpt lat="47.1366" lon="10.5657"><ele>796</ele></trkpt>
<trkpt lat="47.13691" lon="10.56558"><ele>793</ele></trkpt>
<trkpt lat="47.13702" lon="10.56553"><ele>792</ele></trkpt>
<trkpt lat="47.13703" lon="10.56548"><ele>793</ele></trkpt>
<trkpt lat="47.13707" lon="10.56537"><ele>794</ele></trkpt>
<trkpt lat="47.13716" lon="10.56526"><ele>795</ele></trkpt>
<trkpt lat="47.13723" lon="10.56522"><ele>794</ele></trkpt>
<trkpt lat="47.13728" lon="10.56518"><ele>794</ele></trkpt>
<trkpt lat="47.13744" lon="10.56511"><ele>793</ele></trkpt>
<trkpt lat="47.13783" lon="10.56497"><ele>793</ele></trkpt>
<trkpt lat="47.13863" lon="10.56475"><ele>790</ele></trkpt>
<trkpt lat="47.13871" lon="10.56473"><ele>791</ele></trkpt>
<trkpt lat="47.13875" lon="10.56472"><ele>791</ele></trkpt>
<trkpt lat="47.13902" lon="10.56467"><ele>791</ele></trkpt>
<trkpt lat="47.13934" lon="10.56462"><ele>791</ele></trkpt>
<trkpt lat="47.13941" lon="10.56461"><ele>790</ele></trkpt>
<trkpt lat="47.13946" lon="10.5646"><ele>790</ele></trkpt>
<trkpt lat="47.1397" lon="10.5645"><ele>789</ele></trkpt>
<trkpt lat="47.13976" lon="10.56447"><ele>789</ele></trkpt>
<trkpt lat="47.13992" lon="10.56441"><ele>789</ele></trkpt>
<trkpt lat="47.1402" lon="10.56425"><ele>789</ele></trkpt>
<trkpt lat="47.14027" lon="10.56428"><ele>789</ele></trkpt>
<trkpt lat="47.14031" lon="10.56431"><ele>788</ele></trkpt>
<trkpt lat="47.14033" lon="10.56434"><ele>788</ele></trkpt>
<trkpt lat="47.14035" lon="10.56436"><ele>788</ele></trkpt>
<trkpt lat="47.14037" lon="10.56438"><ele>788</ele></trkpt>
<trkpt lat="47.1404" lon="10.56444"><ele>788</ele></trkpt>
<trkpt lat="47.14044" lon="10.56452"><ele>787</ele></trkpt>
<trkpt lat="47.14048" lon="10.56451"><ele>788</ele></trkpt>
<trkpt lat="47.14049" lon="10.56457"><ele>787</ele></trkpt>
<trkpt lat="47.1405" lon="10.56458"><ele>787</ele></trkpt>
<trkpt lat="47.14052" lon="10.56468"><ele>787</ele></trkpt>
<trkpt lat="47.14058" lon="10.56482"><ele>784</ele></trkpt>
<trkpt lat="47.14084" lon="10.56488"><ele>780</ele></trkpt>
<trkpt lat="47.14093" lon="10.56494"><ele>779</ele></trkpt>
<trkpt lat="47.14109" lon="10.56488"><ele>780</ele></trkpt>
<trkpt lat="47.14177" lon="10.56492"><ele>780</ele></trkpt>
<trkpt lat="47.14208" lon="10.56484"><ele>780</ele></trkpt>
<trkpt lat="47.14222" lon="10.5648"><ele>780</ele></trkpt>
<trkpt lat="47.14235" lon="10.56487"><ele>778</ele></trkpt>
<trkpt lat="47.14301" lon="10.56464"><ele>778</ele></trkpt>
<trkpt lat="47.14329" lon="10.56447"><ele>779</ele></trkpt>
<trkpt lat="47.14351" lon="10.56432"><ele>777</ele></trkpt>
<trkpt lat="47.14359" lon="10.56419"><ele>777</ele></trkpt>
<trkpt lat="47.14359" lon="10.56407"><ele>778</ele></trkpt>
<trkpt lat="47.14351" lon="10.56348"><ele>777</ele></trkpt>
<trkpt lat="47.14343" lon="10.56313"><ele>778</ele></trkpt>
<trkpt lat="47.14335" lon="10.56277"><ele>779</ele></trkpt>
<trkpt lat="47.1433" lon="10.56226"><ele>779</ele></trkpt>
<trkpt lat="47.14326" lon="10.56199"><ele>778</ele></trkpt>
<trkpt lat="47.14322" lon="10.56181"><ele>779</ele></trkpt>
<trkpt lat="47.14321" lon="10.56174"><ele>779</ele></trkpt>
<trkpt lat="47.14349" lon="10.56166"><ele>786</ele></trkpt>
<trkpt lat="47.14352" lon="10.56165"><ele>788</ele></trkpt>
<trkpt lat="47.14357" lon="10.56181"><ele>788</ele></trkpt>
<trkpt lat="47.1437" lon="10.56237"><ele>790</ele></trkpt>
<trkpt lat="47.14374" lon="10.5627"><ele>790</ele></trkpt>
<trkpt lat="47.14377" lon="10.56285"><ele>790</ele></trkpt>
<trkpt lat="47.14379" lon="10.56296"><ele>791</ele></trkpt>
<trkpt lat="47.14383" lon="10.56309"><ele>790</ele></trkpt>
<trkpt lat="47.14391" lon="10.56316"><ele>791</ele></trkpt>
<trkpt lat="47.14407" lon="10.56331"><ele>791</ele></trkpt>
<trkpt lat="47.14416" lon="10.56345"><ele>791</ele></trkpt>
<trkpt lat="47.1442" lon="10.56348"><ele>792</ele></trkpt>
<trkpt lat="47.14427" lon="10.56365"><ele>793</ele></trkpt>
<trkpt lat="47.14435" lon="10.56423"><ele>789</ele></trkpt>
<trkpt lat="47.14437" lon="10.56426"><ele>789</ele></trkpt>
<trkpt lat="47.14444" lon="10.5644"><ele>789</ele></trkpt>
<trkpt lat="47.1446" lon="10.56453"><ele>791</ele></trkpt>
<trkpt lat="47.14478" lon="10.56494"><ele>786</ele></trkpt>
<trkpt lat="47.14502" lon="10.56521"><ele>785</ele></trkpt>
<trkpt lat="47.14527" lon="10.56549"><ele>785</ele></trkpt>
<trkpt lat="47.14552" lon="10.56564"><ele>787</ele></trkpt>
<trkpt lat="47.1462" lon="10.56605"><ele>786</ele></trkpt>
<trkpt lat="47.14637" lon="10.5662"><ele>786</ele></trkpt>
<trkpt lat="47.14663" lon="10.56647"><ele>787</ele></trkpt>
<trkpt lat="47.14685" lon="10.56671"><ele>785</ele></trkpt>
<trkpt lat="47.14694" lon="10.56687"><ele>785</ele></trkpt>
<trkpt lat="47.14703" lon="10.56712"><ele>784</ele></trkpt>
<trkpt lat="47.14721" lon="10.56743"><ele>783</ele></trkpt>
<trkpt lat="47.14727" lon="10.56752"><ele>782</ele></trkpt>
<trkpt lat="47.1473" lon="10.56762"><ele>783</ele></trkpt>
<trkpt lat="47.14732" lon="10.56773"><ele>783</ele></trkpt>
<trkpt lat="47.14734" lon="10.56786"><ele>782</ele></trkpt>
<trkpt lat="47.14754" lon="10.56862"><ele>782</ele></trkpt>
<trkpt lat="47.14774" lon="10.56917"><ele>782</ele></trkpt>
<trkpt lat="47.14795" lon="10.56964"><ele>782</ele></trkpt>
<trkpt lat="47.14824" lon="10.57014"><ele>781</ele></trkpt>
<trkpt lat="47.14833" lon="10.57035"><ele>781</ele></trkpt>
<trkpt lat="47.14864" lon="10.57108"><ele>780</ele></trkpt>
<trkpt lat="47.14869" lon="10.57118"><ele>781</ele></trkpt>
<trkpt lat="47.14877" lon="10.57112"><ele>781</ele></trkpt>
<trkpt lat="47.14887" lon="10.57103"><ele>780</ele></trkpt>
<trkpt lat="47.14926" lon="10.5709"><ele>779</ele></trkpt>
<trkpt lat="47.14934" lon="10.57086"><ele>779</ele></trkpt>
<trkpt lat="47.14942" lon="10.5708"><ele>779</ele></trkpt>
<trkpt lat="47.1498" lon="10.57023"><ele>779</ele></trkpt>
<trkpt lat="47.14994" lon="10.57007"><ele>779</ele></trkpt>
<trkpt lat="47.15002" lon="10.57003"><ele>779</ele></trkpt>
<trkpt lat="47.1501" lon="10.56999"><ele>779</ele></trkpt>
<trkpt lat="47.15034" lon="10.56987"><ele>778</ele></trkpt>
<trkpt lat="47.15046" lon="10.5699"><ele>778</ele></trkpt>
<trkpt lat="47.15051" lon="10.56995"><ele>778</ele></trkpt>
<trkpt lat="47.15071" lon="10.57013"><ele>778</ele></trkpt>
<trkpt lat="47.15074" lon="10.57016"><ele>778</ele></trkpt>
<trkpt lat="47.15083" lon="10.57025"><ele>778</ele></trkpt>
<trkpt lat="47.1509" lon="10.57032"><ele>778</ele></trkpt>
<trkpt lat="47.15093" lon="10.57034"><ele>778</ele></trkpt>
<trkpt lat="47.151" lon="10.57041"><ele>778</ele></trkpt>
<trkpt lat="47.15104" lon="10.57045"><ele>778</ele></trkpt>
<trkpt lat="47.15109" lon="10.5705"><ele>778</ele></trkpt>
<trkpt lat="47.1513" lon="10.57071"><ele>777</ele></trkpt>
<trkpt lat="47.15149" lon="10.57085"><ele>777</ele></trkpt>
<trkpt lat="47.15152" lon="10.57086"><ele>777</ele></trkpt>
<trkpt lat="47.15179" lon="10.57099"><ele>777</ele></trkpt>
<trkpt lat="47.15194" lon="10.57103"><ele>776</ele></trkpt>
<trkpt lat="47.15204" lon="10.57105"><ele>775</ele></trkpt>
<trkpt lat="47.15213" lon="10.57103"><ele>774</ele></trkpt>
<trkpt lat="47.15219" lon="10.57098"><ele>774</ele></trkpt>
<trkpt lat="47.15233" lon="10.57077"><ele>775</ele></trkpt>
<trkpt lat="47.15242" lon="10.57066"><ele>774</ele></trkpt>
<trkpt lat="47.15248" lon="10.57058"><ele>774</ele></trkpt>
<trkpt lat="47.15249" lon="10.57057"><ele>774</ele></trkpt>
<trkpt lat="47.15263" lon="10.57048"><ele>775</ele></trkpt>
<trkpt lat="47.15272" lon="10.57046"><ele>776</ele></trkpt>
<trkpt lat="47.15281" lon="10.5705"><ele>775</ele></trkpt>
<trkpt lat="47.15287" lon="10.57054"><ele>774</ele></trkpt>
<trkpt lat="47.153" lon="10.57058"><ele>773</ele></trkpt>
<trkpt lat="47.15315" lon="10.5706"><ele>772</ele></trkpt>
<trkpt lat="47.15338" lon="10.57061"><ele>772</ele></trkpt>
<trkpt lat="47.15357" lon="10.57055"><ele>771</ele></trkpt>
<trkpt lat="47.15366" lon="10.57057"><ele>771</ele></trkpt>
<trkpt lat="47.15374" lon="10.57062"><ele>772</ele></trkpt>
<trkpt lat="47.1538" lon="10.57069"><ele>771</ele></trkpt>
<trkpt lat="47.1539" lon="10.57085"><ele>769</ele></trkpt>
<trkpt lat="47.15393" lon="10.57097"><ele>769</ele></trkpt>
<trkpt lat="47.15395" lon="10.57113"><ele>769</ele></trkpt>
<trkpt lat="47.15421" lon="10.5714"><ele>769</ele></trkpt>
<trkpt lat="47.1543" lon="10.57145"><ele>769</ele></trkpt>
<trkpt lat="47.15437" lon="10.57145"><ele>768</ele></trkpt>
<trkpt lat="47.1544" lon="10.57145"><ele>768</ele></trkpt>
<trkpt lat="47.15447" lon="10.57143"><ele>768</ele></trkpt>
<trkpt lat="47.1546" lon="10.57136"><ele>767</ele></trkpt>
<trkpt lat="47.15487" lon="10.57126"><ele>767</ele></trkpt>
<trkpt lat="47.15499" lon="10.57126"><ele>768</ele></trkpt>
<trkpt lat="47.15512" lon="10.57129"><ele>769</ele></trkpt>
<trkpt lat="47.15523" lon="10.57134"><ele>769</ele></trkpt>
<trkpt lat="47.15534" lon="10.57142"><ele>768</ele></trkpt>
<trkpt lat="47.15559" lon="10.57164"><ele>768</ele></trkpt>
<trkpt lat="47.15586" lon="10.57201"><ele>766</ele></trkpt>
<trkpt lat="47.15597" lon="10.5722"><ele>767</ele></trkpt>
<trkpt lat="47.15608" lon="10.57245"><ele>767</ele></trkpt>
<trkpt lat="47.15618" lon="10.5727"><ele>765</ele></trkpt>
<trkpt lat="47.15644" lon="10.57328"><ele>767</ele></trkpt>
<trkpt lat="47.15672" lon="10.57393"><ele>767</ele></trkpt>
<trkpt lat="47.15709" lon="10.57464"><ele>767</ele></trkpt>
<trkpt lat="47.15718" lon="10.5748"><ele>767</ele></trkpt>
<trkpt lat="47.1575" lon="10.57538"><ele>765</ele></trkpt>
<trkpt lat="47.15777" lon="10.5758"><ele>764</ele></trkpt>
<trkpt lat="47.15809" lon="10.57627"><ele>764</ele></trkpt>
<trkpt lat="47.15905" lon="10.57755"><ele>763</ele></trkpt>
<trkpt lat="47.15915" lon="10.57767"><ele>764</ele></trkpt>
<trkpt lat="47.15924" lon="10.57778"><ele>764</ele></trkpt>
<trkpt lat="47.15928" lon="10.57784"><ele>764</ele></trkpt>
<trkpt lat="47.15948" lon="10.57807"><ele>767</ele></trkpt>
<trkpt lat="47.15971" lon="10.57833"><ele>768</ele></trkpt>
<trkpt lat="47.16004" lon="10.57925"><ele>768</ele></trkpt>
<trkpt lat="47.16022" lon="10.57982"><ele>767</ele></trkpt>
<trkpt lat="47.16043" lon="10.58053"><ele>764</ele></trkpt>
<trkpt lat="47.1606" lon="10.581"><ele>765</ele></trkpt>
<trkpt lat="47.16087" lon="10.58179"><ele>764</ele></trkpt>
<trkpt lat="47.16102" lon="10.58226"><ele>763</ele></trkpt>
<trkpt lat="47.16104" lon="10.58232"><ele>763</ele></trkpt>
<trkpt lat="47.16121" lon="10.58284"><ele>762</ele></trkpt>
<trkpt lat="47.16134" lon="10.58326"><ele>763</ele></trkpt>
<trkpt lat="47.16151" lon="10.58386"><ele>761</ele></trkpt>
<trkpt lat="47.16157" lon="10.58402"><ele>762</ele></trkpt>
<trkpt lat="47.16176" lon="10.58438"><ele>762</ele></trkpt>
<trkpt lat="47.16199" lon="10.58472"><ele>765</ele></trkpt>
<trkpt lat="47.162" lon="10.58474"><ele>764</ele></trkpt>
<trkpt lat="47.16198" lon="10.58485"><ele>763</ele></trkpt>
<trkpt lat="47.162" lon="10.58494"><ele>762</ele></trkpt>
<trkpt lat="47.1621" lon="10.58518"><ele>763</ele></trkpt>
<trkpt lat="47.16214" lon="10.58538"><ele>763</ele></trkpt>
<trkpt lat="47.16215" lon="10.58546"><ele>762</ele></trkpt>
<trkpt lat="47.16252" lon="10.58661"><ele>759</ele></trkpt>
<trkpt lat="47.16254" lon="10.58664"><ele>759</ele></trkpt>
<trkpt lat="47.16262" lon="10.58671"><ele>760</ele></trkpt>
<trkpt lat="47.16264" lon="10.58675"><ele>760</ele></trkpt>
<trkpt lat="47.16266" lon="10.5868"><ele>760</ele></trkpt>
<trkpt lat="47.16259" lon="10.58682"><ele>759</ele></trkpt>
<trkpt lat="47.1621" lon="10.58718"><ele>758</ele></trkpt>
<trkpt lat="47.16204" lon="10.58721"><ele>759</ele></trkpt>
<trkpt lat="47.16198" lon="10.58709"><ele>760</ele></trkpt>
<trkpt lat="47.16196" lon="10.58705"><ele>760</ele></trkpt>
<trkpt lat="47.16195" lon="10.58703"><ele>760</ele></trkpt>
<trkpt lat="47.16191" lon="10.58706"><ele>761</ele></trkpt>
<trkpt lat="47.16159" lon="10.58741"><ele>761</ele></trkpt>
<trkpt lat="47.16128" lon="10.58778"><ele>761</ele></trkpt>
<trkpt lat="47.16107" lon="10.58803"><ele>761</ele></trkpt>
<trkpt lat="47.16105" lon="10.58805"><ele>761</ele></trkpt>
<trkpt lat="47.16086" lon="10.58828"><ele>761</ele></trkpt>
<trkpt lat="47.1607" lon="10.58849"><ele>762</ele></trkpt>
<trkpt lat="47.16076" lon="10.58853"><ele>762</ele></trkpt>
<trkpt lat="47.16093" lon="10.58869"><ele>762</ele></trkpt>
<trkpt lat="47.16094" lon="10.5887"><ele>762</ele></trkpt>
<trkpt lat="47.16095" lon="10.58871"><ele>762</ele></trkpt>
<trkpt lat="47.16102" lon="10.58877"><ele>762</ele></trkpt>
<trkpt lat="47.16125" lon="10.58898"><ele>762</ele></trkpt>
<trkpt lat="47.16133" lon="10.58906"><ele>762</ele></trkpt>
<trkpt lat="47.16152" lon="10.58923"><ele>762</ele></trkpt>
<trkpt lat="47.16153" lon="10.58925"><ele>762</ele></trkpt>
<trkpt lat="47.16176" lon="10.58946"><ele>762</ele></trkpt>
<trkpt lat="47.16182" lon="10.58951"><ele>762</ele></trkpt>
<trkpt lat="47.16197" lon="10.58965"><ele>761</ele></trkpt>
<trkpt lat="47.16233" lon="10.59"><ele>761</ele></trkpt>
<trkpt lat="47.16255" lon="10.59018"><ele>761</ele></trkpt>
<trkpt lat="47.16303" lon="10.59062"><ele>761</ele></trkpt>
<trkpt lat="47.16313" lon="10.5907"><ele>760</ele></trkpt>
<trkpt lat="47.16345" lon="10.59099"><ele>760</ele></trkpt>
<trkpt lat="47.16373" lon="10.59124"><ele>759</ele></trkpt>
<trkpt lat="47.16378" lon="10.59128"><ele>759</ele></trkpt>
<trkpt lat="47.16409" lon="10.59153"><ele>760</ele></trkpt>
<trkpt lat="47.16447" lon="10.59175"><ele>760</ele></trkpt>
<trkpt lat="47.1645" lon="10.59177"><ele>760</ele></trkpt>
<trkpt lat="47.16452" lon="10.59188"><ele>761</ele></trkpt>
<trkpt lat="47.16455" lon="10.59194"><ele>761</ele></trkpt>
<trkpt lat="47.16461" lon="10.59197"><ele>762</ele></trkpt>
<trkpt lat="47.16493" lon="10.59213"><ele>763</ele></trkpt>
<trkpt lat="47.16518" lon="10.59226"><ele>762</ele></trkpt>
<trkpt lat="47.16546" lon="10.59249"><ele>762</ele></trkpt>
<trkpt lat="47.16621" lon="10.59318"><ele>763</ele></trkpt>
<trkpt lat="47.16634" lon="10.59327"><ele>762</ele></trkpt>
<trkpt lat="47.16644" lon="10.59328"><ele>761</ele></trkpt>
<trkpt lat="47.16677" lon="10.59355"><ele>760</ele></trkpt>
<trkpt lat="47.16683" lon="10.59357"><ele>759</ele></trkpt>
<trkpt lat="47.16702" lon="10.59379"><ele>760</ele></trkpt>
<trkpt lat="47.16711" lon="10.59388"><ele>760</ele></trkpt>
<trkpt lat="47.16722" lon="10.59403"><ele>760</ele></trkpt>
<trkpt lat="47.1674" lon="10.59425"><ele>765</ele></trkpt>
<trkpt lat="47.16757" lon="10.59451"><ele>764</ele></trkpt>
<trkpt lat="47.16777" lon="10.59487"><ele>761</ele></trkpt>
<trkpt lat="47.16802" lon="10.59554"><ele>760</ele></trkpt>
<trkpt lat="47.16809" lon="10.59566"><ele>758</ele></trkpt>
<trkpt lat="47.16822" lon="10.59602"><ele>758</ele></trkpt>
<trkpt lat="47.16857" lon="10.59688"><ele>757</ele></trkpt>
<trkpt lat="47.16875" lon="10.59743"><ele>757</ele></trkpt>
<trkpt lat="47.16879" lon="10.59765"><ele>757</ele></trkpt>
<trkpt lat="47.16884" lon="10.59815"><ele>757</ele></trkpt>
<trkpt lat="47.16882" lon="10.59862"><ele>758</ele></trkpt>
<trkpt lat="47.16889" lon="10.59941"><ele>756</ele></trkpt>
<trkpt lat="47.16888" lon="10.60004"><ele>759</ele></trkpt>
<trkpt lat="47.16892" lon="10.60037"><ele>760</ele></trkpt>
<trkpt lat="47.16897" lon="10.60076"><ele>762</ele></trkpt>
<trkpt lat="47.16909" lon="10.60131"><ele>763</ele></trkpt>
<trkpt lat="47.16916" lon="10.60162"><ele>759</ele></trkpt>
<trkpt lat="47.16935" lon="10.60229"><ele>759</ele></trkpt>
<trkpt lat="47.16939" lon="10.6024"><ele>758</ele></trkpt>
<trkpt lat="47.16944" lon="10.60249"><ele>757</ele></trkpt>
<trkpt lat="47.16956" lon="10.60284"><ele>758</ele></trkpt>
<trkpt lat="47.1698" lon="10.60351"><ele>757</ele></trkpt>
<trkpt lat="47.17014" lon="10.60432"><ele>756</ele></trkpt>
<trkpt lat="47.17015" lon="10.60436"><ele>756</ele></trkpt>
<trkpt lat="47.17017" lon="10.60449"><ele>756</ele></trkpt>
<trkpt lat="47.17012" lon="10.60455"><ele>756</ele></trkpt>
<trkpt lat="47.17004" lon="10.60469"><ele>756</ele></trkpt>
<trkpt lat="47.17002" lon="10.60474"><ele>756</ele></trkpt>
<trkpt lat="47.17002" lon="10.60487"><ele>757</ele></trkpt>
<trkpt lat="47.17017" lon="10.60501"><ele>758</ele></trkpt>
<trkpt lat="47.17024" lon="10.6051"><ele>758</ele></trkpt>
<trkpt lat="47.17044" lon="10.60542"><ele>758</ele></trkpt>
<trkpt lat="47.17095" lon="10.60636"><ele>759</ele></trkpt>
<trkpt lat="47.17107" lon="10.60652"><ele>757</ele></trkpt>
<trkpt lat="47.17119" lon="10.60674"><ele>756</ele></trkpt>
<trkpt lat="47.17123" lon="10.60695"><ele>758</ele></trkpt>
<trkpt lat="47.1713" lon="10.60705"><ele>758</ele></trkpt>
<trkpt lat="47.17144" lon="10.60732"><ele>758</ele></trkpt>
<trkpt lat="47.17151" lon="10.60745"><ele>759</ele></trkpt>
<trkpt lat="47.17157" lon="10.60751"><ele>759</ele></trkpt>
<trkpt lat="47.17162" lon="10.6076"><ele>757</ele></trkpt>
<trkpt lat="47.17167" lon="10.60773"><ele>756</ele></trkpt>
<trkpt lat="47.17169" lon="10.60782"><ele>756</ele></trkpt>
<trkpt lat="47.17171" lon="10.60792"><ele>757</ele></trkpt>
<trkpt lat="47.1722" lon="10.609"><ele>755</ele></trkpt>
<trkpt lat="47.17227" lon="10.60923"><ele>754</ele></trkpt>
<trkpt lat="47.17244" lon="10.60969"><ele>755</ele></trkpt>
<trkpt lat="47.17258" lon="10.61004"><ele>754</ele></trkpt>
<trkpt lat="47.17276" lon="10.61043"><ele>754</ele></trkpt>
<trkpt lat="47.17295" lon="10.61074"><ele>753</ele></trkpt>
<trkpt lat="47.17328" lon="10.61126"><ele>753</ele></trkpt>
<trkpt lat="47.17362" lon="10.61195"><ele>752</ele></trkpt>
<trkpt lat="47.17369" lon="10.6121"><ele>752</ele></trkpt>
<trkpt lat="47.17371" lon="10.61229"><ele>752</ele></trkpt>
<trkpt lat="47.17368" lon="10.61251"><ele>752</ele></trkpt>
<trkpt lat="47.17363" lon="10.61264"><ele>752</ele></trkpt>
<trkpt lat="47.17354" lon="10.61281"><ele>752</ele></trkpt>
<trkpt lat="47.17351" lon="10.61293"><ele>752</ele></trkpt>
<trkpt lat="47.17349" lon="10.61308"><ele>752</ele></trkpt>
<trkpt lat="47.17349" lon="10.61336"><ele>752</ele></trkpt>
<trkpt lat="47.17353" lon="10.61392"><ele>752</ele></trkpt>
<trkpt lat="47.17356" lon="10.61415"><ele>752</ele></trkpt>
<trkpt lat="47.17361" lon="10.61446"><ele>752</ele></trkpt>
<trkpt lat="47.17383" lon="10.61556"><ele>752</ele></trkpt>
<trkpt lat="47.17389" lon="10.61589"><ele>753</ele></trkpt>
<trkpt lat="47.17409" lon="10.61637"><ele>753</ele></trkpt>
<trkpt lat="47.17418" lon="10.61657"><ele>752</ele></trkpt>
<trkpt lat="47.17423" lon="10.61665"><ele>752</ele></trkpt>
<trkpt lat="47.17429" lon="10.61671"><ele>753</ele></trkpt>
<trkpt lat="47.17436" lon="10.61673"><ele>753</ele></trkpt>
<trkpt lat="47.17443" lon="10.61671"><ele>752</ele></trkpt>
<trkpt lat="47.17464" lon="10.61654"><ele>753</ele></trkpt>
<trkpt lat="47.17484" lon="10.61644"><ele>752</ele></trkpt>
<trkpt lat="47.17495" lon="10.61635"><ele>751</ele></trkpt>
<trkpt lat="47.17513" lon="10.61626"><ele>752</ele></trkpt>
<trkpt lat="47.17525" lon="10.61621"><ele>753</ele></trkpt>
<trkpt lat="47.17535" lon="10.61614"><ele>751</ele></trkpt>
<trkpt lat="47.17545" lon="10.61604"><ele>751</ele></trkpt>
<trkpt lat="47.17567" lon="10.61579"><ele>751</ele></trkpt>
<trkpt lat="47.17576" lon="10.61573"><ele>752</ele></trkpt>
<trkpt lat="47.17587" lon="10.61572"><ele>753</ele></trkpt>
<trkpt lat="47.17601" lon="10.61572"><ele>753</ele></trkpt>
<trkpt lat="47.17611" lon="10.61575"><ele>753</ele></trkpt>
<trkpt lat="47.17619" lon="10.61583"><ele>754</ele></trkpt>
<trkpt lat="47.17683" lon="10.6166"><ele>756</ele></trkpt>
<trkpt lat="47.17694" lon="10.61661"><ele>754</ele></trkpt>
<trkpt lat="47.17706" lon="10.61672"><ele>754</ele></trkpt>
<trkpt lat="47.1771" lon="10.61677"><ele>753</ele></trkpt>
<trkpt lat="47.17741" lon="10.61714"><ele>753</ele></trkpt>
<trkpt lat="47.17756" lon="10.61735"><ele>753</ele></trkpt>
<trkpt lat="47.17758" lon="10.61743"><ele>753</ele></trkpt>
<trkpt lat="47.17763" lon="10.61766"><ele>754</ele></trkpt>
<trkpt lat="47.17778" lon="10.61796"><ele>753</ele></trkpt>
<trkpt lat="47.17794" lon="10.6184"><ele>755</ele></trkpt>
<trkpt lat="47.178" lon="10.61848"><ele>756</ele></trkpt>
<trkpt lat="47.17806" lon="10.61854"><ele>756</ele></trkpt>
<trkpt lat="47.17813" lon="10.61859"><ele>756</ele></trkpt>
<trkpt lat="47.17821" lon="10.61862"><ele>756</ele></trkpt>
<trkpt lat="47.1784" lon="10.61863"><ele>756</ele></trkpt>
<trkpt lat="47.17853" lon="10.61867"><ele>756</ele></trkpt>
<trkpt lat="47.17862" lon="10.61872"><ele>756</ele></trkpt>
<trkpt lat="47.17885" lon="10.61893"><ele>757</ele></trkpt>
<trkpt lat="47.17903" lon="10.61914"><ele>757</ele></trkpt>
<trkpt lat="47.17946" lon="10.61977"><ele>758</ele></trkpt>
<trkpt lat="47.17958" lon="10.61991"><ele>760</ele></trkpt>
<trkpt lat="47.17971" lon="10.62001"><ele>760</ele></trkpt>
<trkpt lat="47.17979" lon="10.62006"><ele>761</ele></trkpt>
<trkpt lat="47.17987" lon="10.62008"><ele>761</ele></trkpt>
<trkpt lat="47.18029" lon="10.6202"><ele>762</ele></trkpt>
<trkpt lat="47.18035" lon="10.62022"><ele>763</ele></trkpt>
<trkpt lat="47.18039" lon="10.62026"><ele>763</ele></trkpt>
<trkpt lat="47.18047" lon="10.62037"><ele>764</ele></trkpt>
<trkpt lat="47.18056" lon="10.62053"><ele>763</ele></trkpt>
<trkpt lat="47.18122" lon="10.62194"><ele>767</ele></trkpt>
<trkpt lat="47.1816" lon="10.62303"><ele>766</ele></trkpt>
<trkpt lat="47.18182" lon="10.62392"><ele>761</ele></trkpt>
<trkpt lat="47.18198" lon="10.62489"><ele>761</ele></trkpt>
<trkpt lat="47.18204" lon="10.6255"><ele>764</ele></trkpt>
<trkpt lat="47.18214" lon="10.62556"><ele>762</ele></trkpt>
<trkpt lat="47.18221" lon="10.62565"><ele>763</ele></trkpt>
<trkpt lat="47.18226" lon="10.62576"><ele>765</ele></trkpt>
<trkpt lat="47.1827" lon="10.6278"><ele>753</ele></trkpt>
<trkpt lat="47.1829" lon="10.62841"><ele>751</ele></trkpt>
<trkpt lat="47.1832" lon="10.62951"><ele>752</ele></trkpt>
<trkpt lat="47.18347" lon="10.63091"><ele>757</ele></trkpt>
<trkpt lat="47.18362" lon="10.63162"><ele>762</ele></trkpt>
<trkpt lat="47.18378" lon="10.63224"><ele>761</ele></trkpt>
<trkpt lat="47.18395" lon="10.63299"><ele>763</ele></trkpt>
<trkpt lat="47.18401" lon="10.63323"><ele>760</ele></trkpt>
<trkpt lat="47.18406" lon="10.63337"><ele>760</ele></trkpt>
<trkpt lat="47.18412" lon="10.63366"><ele>761</ele></trkpt>
<trkpt lat="47.18416" lon="10.63396"><ele>763</ele></trkpt>
<trkpt lat="47.18419" lon="10.63442"><ele>764</ele></trkpt>
<trkpt lat="47.18431" lon="10.63511"><ele>761</ele></trkpt>
<trkpt lat="47.18432" lon="10.63525"><ele>762</ele></trkpt>
<trkpt lat="47.1843" lon="10.63539"><ele>762</ele></trkpt>
<trkpt lat="47.18423" lon="10.63555"><ele>763</ele></trkpt>
<trkpt lat="47.18417" lon="10.63566"><ele>763</ele></trkpt>
<trkpt lat="47.18405" lon="10.63582"><ele>763</ele></trkpt>
<trkpt lat="47.18398" lon="10.63595"><ele>763</ele></trkpt>
<trkpt lat="47.18392" lon="10.63608"><ele>762</ele></trkpt>
<trkpt lat="47.18391" lon="10.63618"><ele>762</ele></trkpt>
<trkpt lat="47.18392" lon="10.63628"><ele>762</ele></trkpt>
<trkpt lat="47.18397" lon="10.63654"><ele>762</ele></trkpt>
<trkpt lat="47.18408" lon="10.63691"><ele>762</ele></trkpt>
<trkpt lat="47.18429" lon="10.63741"><ele>761</ele></trkpt>
<trkpt lat="47.18442" lon="10.63767"><ele>759</ele></trkpt>
<trkpt lat="47.1846" lon="10.638"><ele>759</ele></trkpt>
<trkpt lat="47.18464" lon="10.63808"><ele>759</ele></trkpt>
<trkpt lat="47.18467" lon="10.63817"><ele>759</ele></trkpt>
<trkpt lat="47.18482" lon="10.63847"><ele>758</ele></trkpt>
<trkpt lat="47.18486" lon="10.63859"><ele>758</ele></trkpt>
<trkpt lat="47.18494" lon="10.63891"><ele>757</ele></trkpt>
<trkpt lat="47.18514" lon="10.63952"><ele>755</ele></trkpt>
<trkpt lat="47.18518" lon="10.63969"><ele>754</ele></trkpt>
<trkpt lat="47.18519" lon="10.63984"><ele>755</ele></trkpt>
<trkpt lat="47.1853" lon="10.64043"><ele>757</ele></trkpt>
<trkpt lat="47.18535" lon="10.64058"><ele>756</ele></trkpt>
<trkpt lat="47.18549" lon="10.64096"><ele>755</ele></trkpt>
<trkpt lat="47.1856" lon="10.64122"><ele>755</ele></trkpt>
<trkpt lat="47.18568" lon="10.6414"><ele>755</ele></trkpt>
<trkpt lat="47.18585" lon="10.64172"><ele>753</ele></trkpt>
<trkpt lat="47.18606" lon="10.64201"><ele>751</ele></trkpt>
<trkpt lat="47.18612" lon="10.64215"><ele>751</ele></trkpt>
<trkpt lat="47.18621" lon="10.64229"><ele>752</ele></trkpt>
<trkpt lat="47.18635" lon="10.64251"><ele>750</ele></trkpt>
<trkpt lat="47.18645" lon="10.64262"><ele>750</ele></trkpt>
<trkpt lat="47.1865" lon="10.64266"><ele>750</ele></trkpt>
<trkpt lat="47.18655" lon="10.64268"><ele>750</ele></trkpt>
<trkpt lat="47.18659" lon="10.64269"><ele>749</ele></trkpt>
<trkpt lat="47.18676" lon="10.64266"><ele>745</ele></trkpt>
<trkpt lat="47.18682" lon="10.64267"><ele>744</ele></trkpt>
<trkpt lat="47.18687" lon="10.6427"><ele>744</ele></trkpt>
<trkpt lat="47.18692" lon="10.64276"><ele>744</ele></trkpt>
<trkpt lat="47.18705" lon="10.64294"><ele>744</ele></trkpt>
<trkpt lat="47.18727" lon="10.6433"><ele>745</ele></trkpt>
<trkpt lat="47.18751" lon="10.64355"><ele>745</ele></trkpt>
<trkpt lat="47.18769" lon="10.64369"><ele>744</ele></trkpt>
<trkpt lat="47.18778" lon="10.6438"><ele>744</ele></trkpt>
<trkpt lat="47.18794" lon="10.64393"><ele>744</ele></trkpt>
<trkpt lat="47.18814" lon="10.64407"><ele>742</ele></trkpt>
<trkpt lat="47.18822" lon="10.64421"><ele>744</ele></trkpt>
<trkpt lat="47.18864" lon="10.64462"><ele>743</ele></trkpt>
<trkpt lat="47.18881" lon="10.64477"><ele>743</ele></trkpt>
<trkpt lat="47.1889" lon="10.64485"><ele>741</ele></trkpt>
<trkpt lat="47.18901" lon="10.64495"><ele>742</ele></trkpt>
<trkpt lat="47.18913" lon="10.64511"><ele>742</ele></trkpt>
<trkpt lat="47.18941" lon="10.64538"><ele>742</ele></trkpt>
<trkpt lat="47.18967" lon="10.64561"><ele>741</ele></trkpt>
<trkpt lat="47.1906" lon="10.64638"><ele>741</ele></trkpt>
<trkpt lat="47.19077" lon="10.64657"><ele>742</ele></trkpt>
<trkpt lat="47.19094" lon="10.6468"><ele>742</ele></trkpt>
<trkpt lat="47.19119" lon="10.64711"><ele>743</ele></trkpt>
<trkpt lat="47.19146" lon="10.64748"><ele>743</ele></trkpt>
<trkpt lat="47.19179" lon="10.64798"><ele>743</ele></trkpt>
<trkpt lat="47.19201" lon="10.64833"><ele>742</ele></trkpt>
<trkpt lat="47.19221" lon="10.64871"><ele>743</ele></trkpt>
<trkpt lat="47.19256" lon="10.64927"><ele>742</ele></trkpt>
<trkpt lat="47.19277" lon="10.64961"><ele>742</ele></trkpt>
<trkpt lat="47.19296" lon="10.64984"><ele>741</ele></trkpt>
<trkpt lat="47.19317" lon="10.65"><ele>741</ele></trkpt>
<trkpt lat="47.19329" lon="10.65007"><ele>741</ele></trkpt>
<trkpt lat="47.19337" lon="10.65011"><ele>741</ele></trkpt>
<trkpt lat="47.19338" lon="10.65013"><ele>741</ele></trkpt>
<trkpt lat="47.19354" lon="10.6503"><ele>741</ele></trkpt>
<trkpt lat="47.19376" lon="10.65054"><ele>740</ele></trkpt>
<trkpt lat="47.19388" lon="10.65065"><ele>741</ele></trkpt>
<trkpt lat="47.19403" lon="10.6508"><ele>740</ele></trkpt>
<trkpt lat="47.19408" lon="10.65085"><ele>740</ele></trkpt>
<trkpt lat="47.19428" lon="10.65109"><ele>740</ele></trkpt>
<trkpt lat="47.19434" lon="10.65119"><ele>740</ele></trkpt>
<trkpt lat="47.19446" lon="10.65142"><ele>739</ele></trkpt>
<trkpt lat="47.19459" lon="10.65167"><ele>739</ele></trkpt>
<trkpt lat="47.19462" lon="10.65174"><ele>739</ele></trkpt>
<trkpt lat="47.19479" lon="10.65215"><ele>739</ele></trkpt>
<trkpt lat="47.19488" lon="10.65236"><ele>739</ele></trkpt>
<trkpt lat="47.19494" lon="10.65245"><ele>739</ele></trkpt>
<trkpt lat="47.19503" lon="10.65256"><ele>739</ele></trkpt>
<trkpt lat="47.19519" lon="10.65276"><ele>739</ele></trkpt>
<trkpt lat="47.19526" lon="10.6528"><ele>739</ele></trkpt>
<trkpt lat="47.19534" lon="10.65279"><ele>738</ele></trkpt>
<trkpt lat="47.1954" lon="10.65277"><ele>738</ele></trkpt>
<trkpt lat="47.19558" lon="10.65267"><ele>738</ele></trkpt>
<trkpt lat="47.19571" lon="10.65259"><ele>738</ele></trkpt>
<trkpt lat="47.19582" lon="10.65258"><ele>738</ele></trkpt>
<trkpt lat="47.19603" lon="10.65259"><ele>738</ele></trkpt>
<trkpt lat="47.19601" lon="10.65292"><ele>738</ele></trkpt>
<trkpt lat="47.19599" lon="10.6533"><ele>738</ele></trkpt>
<trkpt lat="47.19598" lon="10.65351"><ele>738</ele></trkpt>
<trkpt lat="47.19599" lon="10.65381"><ele>737</ele></trkpt>
<trkpt lat="47.19601" lon="10.65412"><ele>737</ele></trkpt>
<trkpt lat="47.19607" lon="10.65461"><ele>737</ele></trkpt>
<trkpt lat="47.19622" lon="10.65525"><ele>737</ele></trkpt>
<trkpt lat="47.19633" lon="10.6555"><ele>737</ele></trkpt>
<trkpt lat="47.19644" lon="10.6557"><ele>737</ele></trkpt>
<trkpt lat="47.19656" lon="10.65583"><ele>737</ele></trkpt>
<trkpt lat="47.19671" lon="10.65594"><ele>737</ele></trkpt>
<trkpt lat="47.19684" lon="10.65601"><ele>737</ele></trkpt>
<trkpt lat="47.19692" lon="10.65608"><ele>737</ele></trkpt>
<trkpt lat="47.19697" lon="10.65616"><ele>737</ele></trkpt>
<trkpt lat="47.19708" lon="10.6564"><ele>737</ele></trkpt>
<trkpt lat="47.19724" lon="10.65679"><ele>737</ele></trkpt>
<trkpt lat="47.19732" lon="10.65708"><ele>737</ele></trkpt>
<trkpt lat="47.19736" lon="10.65721"><ele>737</ele></trkpt>
<trkpt lat="47.19741" lon="10.65762"><ele>735</ele></trkpt>
<trkpt lat="47.19745" lon="10.65798"><ele>735</ele></trkpt>
<trkpt lat="47.19749" lon="10.65834"><ele>735</ele></trkpt>
<trkpt lat="47.19753" lon="10.6586"><ele>735</ele></trkpt>
<trkpt lat="47.19756" lon="10.65882"><ele>735</ele></trkpt>
<trkpt lat="47.1977" lon="10.65946"><ele>735</ele></trkpt>
<trkpt lat="47.19783" lon="10.66026"><ele>735</ele></trkpt>
<trkpt lat="47.19785" lon="10.6604"><ele>735</ele></trkpt>
<trkpt lat="47.19786" lon="10.66045"><ele>735</ele></trkpt>
<trkpt lat="47.19796" lon="10.66089"><ele>735</ele></trkpt>
<trkpt lat="47.19808" lon="10.66132"><ele>735</ele></trkpt>
<trkpt lat="47.1982" lon="10.66168"><ele>734</ele></trkpt>
<trkpt lat="47.19832" lon="10.66193"><ele>735</ele></trkpt>
<trkpt lat="47.19855" lon="10.66237"><ele>734</ele></trkpt>
<trkpt lat="47.19883" lon="10.66283"><ele>734</ele></trkpt>
<trkpt lat="47.19947" lon="10.66381"><ele>734</ele></trkpt>
<trkpt lat="47.19951" lon="10.66389"><ele>734</ele></trkpt>
<trkpt lat="47.19958" lon="10.66407"><ele>734</ele></trkpt>
<trkpt lat="47.19966" lon="10.66429"><ele>733</ele></trkpt>
<trkpt lat="47.19971" lon="10.66449"><ele>733</ele></trkpt>
<trkpt lat="47.1999" lon="10.66511"><ele>733</ele></trkpt>
<trkpt lat="47.19993" lon="10.66522"><ele>733</ele></trkpt>
<trkpt lat="47.20011" lon="10.66563"><ele>733</ele></trkpt>
<trkpt lat="47.20037" lon="10.66614"><ele>733</ele></trkpt>
<trkpt lat="47.20037" lon="10.66644"><ele>733</ele></trkpt>
<trkpt lat="47.20038" lon="10.66659"><ele>733</ele></trkpt>
<trkpt lat="47.20041" lon="10.6667"><ele>733</ele></trkpt>
<trkpt lat="47.20044" lon="10.6668"><ele>733</ele></trkpt>
<trkpt lat="47.20052" lon="10.66699"><ele>733</ele></trkpt>
<trkpt lat="47.2007" lon="10.66764"><ele>733</ele></trkpt>
<trkpt lat="47.2008" lon="10.66802"><ele>733</ele></trkpt>
<trkpt lat="47.20085" lon="10.66822"><ele>732</ele></trkpt>
<trkpt lat="47.20089" lon="10.66848"><ele>732</ele></trkpt>
<trkpt lat="47.20088" lon="10.66866"><ele>732</ele></trkpt>
<trkpt lat="47.20084" lon="10.66936"><ele>732</ele></trkpt>
<trkpt lat="47.20083" lon="10.66957"><ele>733</ele></trkpt>
<trkpt lat="47.20082" lon="10.6697"><ele>733</ele></trkpt>
<trkpt lat="47.20082" lon="10.66984"><ele>733</ele></trkpt>
<trkpt lat="47.2009" lon="10.67047"><ele>732</ele></trkpt>
<trkpt lat="47.20091" lon="10.67107"><ele>732</ele></trkpt>
<trkpt lat="47.20093" lon="10.67125"><ele>732</ele></trkpt>
<trkpt lat="47.20098" lon="10.67177"><ele>732</ele></trkpt>
<trkpt lat="47.201" lon="10.67184"><ele>732</ele></trkpt>
<trkpt lat="47.20148" lon="10.67202"><ele>732</ele></trkpt>
<trkpt lat="47.20159" lon="10.67206"><ele>732</ele></trkpt>
<trkpt lat="47.20168" lon="10.67212"><ele>731</ele></trkpt>
<trkpt lat="47.202" lon="10.67245"><ele>731</ele></trkpt>
<trkpt lat="47.20207" lon="10.67245"><ele>731</ele></trkpt>
<trkpt lat="47.20208" lon="10.67255"><ele>731</ele></trkpt>
<trkpt lat="47.20214" lon="10.67268"><ele>731</ele></trkpt>
<trkpt lat="47.2022" lon="10.67294"><ele>731</ele></trkpt>
<trkpt lat="47.2023" lon="10.67324"><ele>731</ele></trkpt>
<trkpt lat="47.20242" lon="10.67351"><ele>732</ele></trkpt>
<trkpt lat="47.20254" lon="10.67372"><ele>732</ele></trkpt>
<trkpt lat="47.20269" lon="10.67394"><ele>732</ele></trkpt>
<trkpt lat="47.2028" lon="10.67407"><ele>732</ele></trkpt>
<trkpt lat="47.20295" lon="10.67423"><ele>731</ele></trkpt>
<trkpt lat="47.20301" lon="10.67429"><ele>730</ele></trkpt>
<trkpt lat="47.20356" lon="10.67494"><ele>731</ele></trkpt>
<trkpt lat="47.20366" lon="10.67508"><ele>732</ele></trkpt>
<trkpt lat="47.2037" lon="10.67519"><ele>731</ele></trkpt>
<trkpt lat="47.20374" lon="10.67528"><ele>731</ele></trkpt>
<trkpt lat="47.20379" lon="10.67533"><ele>731</ele></trkpt>
<trkpt lat="47.20382" lon="10.67535"><ele>731</ele></trkpt>
<trkpt lat="47.20388" lon="10.67538"><ele>731</ele></trkpt>
<trkpt lat="47.20393" lon="10.67543"><ele>731</ele></trkpt>
<trkpt lat="47.20396" lon="10.6755"><ele>730</ele></trkpt>
<trkpt lat="47.20396" lon="10.67559"><ele>730</ele></trkpt>
<trkpt lat="47.20398" lon="10.67563"><ele>730</ele></trkpt>
<trkpt lat="47.204" lon="10.67563"><ele>730</ele></trkpt>
<trkpt lat="47.20391" lon="10.67633"><ele>730</ele></trkpt>
<trkpt lat="47.20377" lon="10.67739"><ele>729</ele></trkpt>
<trkpt lat="47.20377" lon="10.67757"><ele>729</ele></trkpt>
<trkpt lat="47.2038" lon="10.67773"><ele>729</ele></trkpt>
<trkpt lat="47.20386" lon="10.67793"><ele>729</ele></trkpt>
<trkpt lat="47.20405" lon="10.67856"><ele>729</ele></trkpt>
<trkpt lat="47.20415" lon="10.67884"><ele>728</ele></trkpt>
<trkpt lat="47.20426" lon="10.67908"><ele>728</ele></trkpt>
<trkpt lat="47.20451" lon="10.67962"><ele>728</ele></trkpt>
<trkpt lat="47.20488" lon="10.68045"><ele>728</ele></trkpt>
<trkpt lat="47.20591" lon="10.67983"><ele>728</ele></trkpt>
<trkpt lat="47.20593" lon="10.67982"><ele>728</ele></trkpt>
<trkpt lat="47.2073" lon="10.67898"><ele>728</ele></trkpt>
<trkpt lat="47.20797" lon="10.68129"><ele>728</ele></trkpt>
<trkpt lat="47.208" lon="10.6814"><ele>728</ele></trkpt>
<trkpt lat="47.20835" lon="10.68295"><ele>727</ele></trkpt>
<trkpt lat="47.20849" lon="10.68347"><ele>727</ele></trkpt>
<trkpt lat="47.20858" lon="10.68376"><ele>727</ele></trkpt>
<trkpt lat="47.20882" lon="10.68454"><ele>726</ele></trkpt>
<trkpt lat="47.20937" lon="10.68609"><ele>726</ele></trkpt>
<trkpt lat="47.20975" lon="10.68712"><ele>726</ele></trkpt>
<trkpt lat="47.21178" lon="10.69192"><ele>725</ele></trkpt>
<trkpt lat="47.21193" lon="10.69225"><ele>724</ele></trkpt>
<trkpt lat="47.21233" lon="10.69289"><ele>724</ele></trkpt>
<trkpt lat="47.21251" lon="10.69342"><ele>724</ele></trkpt>
<trkpt lat="47.21277" lon="10.69386"><ele>723</ele></trkpt>
<trkpt lat="47.2128" lon="10.69402"><ele>723</ele></trkpt>
<trkpt lat="47.21277" lon="10.69426"><ele>723</ele></trkpt>
<trkpt lat="47.21244" lon="10.69488"><ele>725</ele></trkpt>
<trkpt lat="47.21241" lon="10.69507"><ele>725</ele></trkpt>
<trkpt lat="47.21241" lon="10.69528"><ele>724</ele></trkpt>
<trkpt lat="47.21272" lon="10.69675"><ele>724</ele></trkpt>
<trkpt lat="47.21304" lon="10.69799"><ele>724</ele></trkpt>
<trkpt lat="47.21324" lon="10.69905"><ele>724</ele></trkpt>
<trkpt lat="47.21327" lon="10.69917"><ele>724</ele></trkpt>
<trkpt lat="47.21327" lon="10.69926"><ele>724</ele></trkpt>
<trkpt lat="47.21325" lon="10.69931"><ele>724</ele></trkpt>
<trkpt lat="47.21324" lon="10.69938"><ele>724</ele></trkpt>
<trkpt lat="47.21323" lon="10.6995"><ele>724</ele></trkpt>
<trkpt lat="47.2133" lon="10.7004"><ele>724</ele></trkpt>
<trkpt lat="47.21331" lon="10.70045"><ele>724</ele></trkpt>
<trkpt lat="47.21333" lon="10.70049"><ele>724</ele></trkpt>
<trkpt lat="47.21337" lon="10.70051"><ele>724</ele></trkpt>
<trkpt lat="47.21342" lon="10.70051"><ele>723</ele></trkpt>
<trkpt lat="47.21379" lon="10.70044"><ele>723</ele></trkpt>
<trkpt lat="47.21436" lon="10.70034"><ele>723</ele></trkpt>
<trkpt lat="47.21441" lon="10.70035"><ele>723</ele></trkpt>
<trkpt lat="47.21447" lon="10.70038"><ele>723</ele></trkpt>
<trkpt lat="47.2145" lon="10.70045"><ele>723</ele></trkpt>
<trkpt lat="47.2147" lon="10.70162"><ele>723</ele></trkpt>
<trkpt lat="47.21502" lon="10.70378"><ele>722</ele></trkpt>
<trkpt lat="47.2148" lon="10.70428"><ele>721</ele></trkpt>
<trkpt lat="47.21481" lon="10.70434"><ele>721</ele></trkpt>
<trkpt lat="47.21489" lon="10.70452"><ele>721</ele></trkpt>
<trkpt lat="47.21506" lon="10.70492"><ele>721</ele></trkpt>
<trkpt lat="47.2152" lon="10.70532"><ele>722</ele></trkpt>
<trkpt lat="47.2153" lon="10.7058"><ele>722</ele></trkpt>
<trkpt lat="47.21541" lon="10.70661"><ele>720</ele></trkpt>
<trkpt lat="47.21577" lon="10.70943"><ele>721</ele></trkpt>
<trkpt lat="47.21589" lon="10.71045"><ele>722</ele></trkpt>
<trkpt lat="47.21628" lon="10.71388"><ele>720</ele></trkpt>
<trkpt lat="47.21653" lon="10.71644"><ele>720</ele></trkpt>
<trkpt lat="47.21661" lon="10.71768"><ele>720</ele></trkpt>
<trkpt lat="47.21662" lon="10.71784"><ele>720</ele></trkpt>
<trkpt lat="47.21657" lon="10.71796"><ele>720</ele></trkpt>
<trkpt lat="47.21654" lon="10.71798"><ele>720</ele></trkpt>
<trkpt lat="47.2164" lon="10.71808"><ele>720</ele></trkpt>
<trkpt lat="47.21637" lon="10.71815"><ele>719</ele></trkpt>
<trkpt lat="47.21637" lon="10.71826"><ele>719</ele></trkpt>
<trkpt lat="47.2164" lon="10.71861"><ele>720</ele></trkpt>
<trkpt lat="47.21642" lon="10.71879"><ele>719</ele></trkpt>
<trkpt lat="47.21642" lon="10.71898"><ele>719</ele></trkpt>
<trkpt lat="47.2164" lon="10.71906"><ele>720</ele></trkpt>
<trkpt lat="47.21636" lon="10.71916"><ele>720</ele></trkpt>
<trkpt lat="47.21633" lon="10.71926"><ele>719</ele></trkpt>
<trkpt lat="47.21627" lon="10.7196"><ele>718</ele></trkpt>
<trkpt lat="47.21628" lon="10.71985"><ele>719</ele></trkpt>
<trkpt lat="47.21636" lon="10.72098"><ele>719</ele></trkpt>
<trkpt lat="47.2164" lon="10.72158"><ele>719</ele></trkpt>
<trkpt lat="47.21646" lon="10.72216"><ele>718</ele></trkpt>
<trkpt lat="47.21656" lon="10.72258"><ele>719</ele></trkpt>
<trkpt lat="47.21651" lon="10.72311"><ele>717</ele></trkpt>
<trkpt lat="47.2165" lon="10.72359"><ele>717</ele></trkpt>
<trkpt lat="47.21651" lon="10.72364"><ele>717</ele></trkpt>
<trkpt lat="47.21651" lon="10.7237"><ele>717</ele></trkpt>
<trkpt lat="47.21668" lon="10.72412"><ele>718</ele></trkpt>
<trkpt lat="47.21684" lon="10.72534"><ele>719</ele></trkpt>
<trkpt lat="47.21686" lon="10.72557"><ele>719</ele></trkpt>
<trkpt lat="47.21686" lon="10.72602"><ele>719</ele></trkpt>
<trkpt lat="47.21685" lon="10.72683"><ele>719</ele></trkpt>
<trkpt lat="47.21679" lon="10.72904"><ele>719</ele></trkpt>
<trkpt lat="47.21673" lon="10.73027"><ele>718</ele></trkpt>
<trkpt lat="47.21664" lon="10.73394"><ele>717</ele></trkpt>
<trkpt lat="47.21661" lon="10.73536"><ele>716</ele></trkpt>
<trkpt lat="47.2166" lon="10.73803"><ele>715</ele></trkpt>
<trkpt lat="47.21663" lon="10.74176"><ele>716</ele></trkpt>
<trkpt lat="47.21672" lon="10.74489"><ele>715</ele></trkpt>
<trkpt lat="47.21685" lon="10.74685"><ele>715</ele></trkpt>
<trkpt lat="47.21685" lon="10.74762"><ele>715</ele></trkpt>
<trkpt lat="47.21676" lon="10.74839"><ele>713</ele></trkpt>
<trkpt lat="47.21679" lon="10.74907"><ele>714</ele></trkpt>
<trkpt lat="47.21689" lon="10.74955"><ele>714</ele></trkpt>
<trkpt lat="47.21723" lon="10.75026"><ele>715</ele></trkpt>
<trkpt lat="47.21789" lon="10.7525"><ele>713</ele></trkpt>
<trkpt lat="47.21802" lon="10.75285"><ele>713</ele></trkpt>
<trkpt lat="47.21807" lon="10.75291"><ele>713</ele></trkpt>
<trkpt lat="47.21833" lon="10.75314"><ele>713</ele></trkpt>
<trkpt lat="47.21836" lon="10.75316"><ele>713</ele></trkpt>
<trkpt lat="47.21854" lon="10.75288"><ele>712</ele></trkpt>
<trkpt lat="47.21885" lon="10.75236"><ele>714</ele></trkpt>
<trkpt lat="47.21931" lon="10.75174"><ele>714</ele></trkpt>
<trkpt lat="47.2195" lon="10.75152"><ele>715</ele></trkpt>
<trkpt lat="47.21972" lon="10.75136"><ele>716</ele></trkpt>
<trkpt lat="47.21994" lon="10.75117"><ele>716</ele></trkpt>
<trkpt lat="47.22004" lon="10.75119"><ele>716</ele></trkpt>
<trkpt lat="47.22066" lon="10.75076"><ele>715</ele></trkpt>
<trkpt lat="47.22079" lon="10.7506"><ele>715</ele></trkpt>
<trkpt lat="47.22119" lon="10.75039"><ele>716</ele></trkpt>
<trkpt lat="47.2215" lon="10.75025"><ele>716</ele></trkpt>
<trkpt lat="47.22166" lon="10.7502"><ele>716</ele></trkpt>
<trkpt lat="47.22183" lon="10.75017"><ele>716</ele></trkpt>
<trkpt lat="47.22232" lon="10.75004"><ele>716</ele></trkpt>
<trkpt lat="47.22266" lon="10.74997"><ele>717</ele></trkpt>
<trkpt lat="47.22341" lon="10.74979"><ele>718</ele></trkpt>
<trkpt lat="47.22431" lon="10.74972"><ele>719</ele></trkpt>
<trkpt lat="47.22441" lon="10.7497"><ele>719</ele></trkpt>
<trkpt lat="47.22452" lon="10.74963"><ele>719</ele></trkpt>
<trkpt lat="47.2246" lon="10.74961"><ele>719</ele></trkpt>
<trkpt lat="47.22463" lon="10.74961"><ele>719</ele></trkpt>
<trkpt lat="47.22469" lon="10.74963"><ele>719</ele></trkpt>
<trkpt lat="47.22485" lon="10.74966"><ele>720</ele></trkpt>
<trkpt lat="47.22516" lon="10.74965"><ele>719</ele></trkpt>
<trkpt lat="47.22554" lon="10.74962"><ele>720</ele></trkpt>
<trkpt lat="47.22624" lon="10.7496"><ele>720</ele></trkpt>
<trkpt lat="47.22706" lon="10.74955"><ele>722</ele></trkpt>
<trkpt lat="47.22735" lon="10.74953"><ele>722</ele></trkpt>
<trkpt lat="47.22751" lon="10.74953"><ele>723</ele></trkpt>
<trkpt lat="47.22784" lon="10.74952"><ele>723</ele></trkpt>
<trkpt lat="47.22795" lon="10.74953"><ele>723</ele></trkpt>
<trkpt lat="47.22804" lon="10.74955"><ele>723</ele></trkpt>
<trkpt lat="47.22815" lon="10.74959"><ele>723</ele></trkpt>
<trkpt lat="47.22826" lon="10.74966"><ele>723</ele></trkpt>
<trkpt lat="47.22853" lon="10.74988"><ele>724</ele></trkpt>
<trkpt lat="47.22924" lon="10.75052"><ele>726</ele></trkpt>
<trkpt lat="47.22941" lon="10.75063"><ele>726</ele></trkpt>
<trkpt lat="47.22952" lon="10.75069"><ele>727</ele></trkpt>
<trkpt lat="47.22963" lon="10.75073"><ele>727</ele></trkpt>
<trkpt lat="47.22974" lon="10.75075"><ele>727</ele></trkpt>
<trkpt lat="47.22986" lon="10.75076"><ele>727</ele></trkpt>
<trkpt lat="47.2308" lon="10.75072"><ele>728</ele></trkpt>
<trkpt lat="47.23103" lon="10.75071"><ele>729</ele></trkpt>
<trkpt lat="47.23199" lon="10.75062"><ele>731</ele></trkpt>
<trkpt lat="47.23217" lon="10.75062"><ele>731</ele></trkpt>
<trkpt lat="47.23322" lon="10.7507"><ele>732</ele></trkpt>
<trkpt lat="47.23352" lon="10.75072"><ele>733</ele></trkpt>
<trkpt lat="47.23392" lon="10.75075"><ele>734</ele></trkpt>
<trkpt lat="47.23401" lon="10.75071"><ele>734</ele></trkpt>
<trkpt lat="47.23409" lon="10.75064"><ele>735</ele></trkpt>
<trkpt lat="47.23435" lon="10.7504"><ele>736</ele></trkpt>
<trkpt lat="47.23443" lon="10.75034"><ele>736</ele></trkpt>
<trkpt lat="47.2345" lon="10.7503"><ele>737</ele></trkpt>
<trkpt lat="47.23499" lon="10.75005"><ele>739</ele></trkpt>
<trkpt lat="47.23512" lon="10.74998"><ele>740</ele></trkpt>
<trkpt lat="47.23519" lon="10.74993"><ele>740</ele></trkpt>
<trkpt lat="47.23526" lon="10.74986"><ele>740</ele></trkpt>
<trkpt lat="47.23574" lon="10.74927"><ele>743</ele></trkpt>
<trkpt lat="47.23597" lon="10.74887"><ele>743</ele></trkpt>
<trkpt lat="47.23603" lon="10.74878"><ele>744</ele></trkpt>
<trkpt lat="47.2362" lon="10.74851"><ele>745</ele></trkpt>
<trkpt lat="47.23666" lon="10.74787"><ele>748</ele></trkpt>
<trkpt lat="47.23683" lon="10.74775"><ele>748</ele></trkpt>
<trkpt lat="47.23685" lon="10.74772"><ele>748</ele></trkpt>
<trkpt lat="47.23719" lon="10.74703"><ele>751</ele></trkpt>
<trkpt lat="47.23759" lon="10.74653"><ele>754</ele></trkpt>
<trkpt lat="47.23772" lon="10.74626"><ele>754</ele></trkpt>
<trkpt lat="47.23788" lon="10.746"><ele>755</ele></trkpt>
<trkpt lat="47.2385" lon="10.74517"><ele>759</ele></trkpt>
<trkpt lat="47.23865" lon="10.74487"><ele>761</ele></trkpt>
<trkpt lat="47.23874" lon="10.74469"><ele>761</ele></trkpt>
<trkpt lat="47.23881" lon="10.7446"><ele>761</ele></trkpt>
<trkpt lat="47.23888" lon="10.74457"><ele>761</ele></trkpt>
<trkpt lat="47.23896" lon="10.74466"><ele>762</ele></trkpt>
<trkpt lat="47.23906" lon="10.74474"><ele>763</ele></trkpt>
<trkpt lat="47.23953" lon="10.74492"><ele>767</ele></trkpt>
<trkpt lat="47.23957" lon="10.74495"><ele>767</ele></trkpt>
<trkpt lat="47.23967" lon="10.74502"><ele>766</ele></trkpt>
<trkpt lat="47.23982" lon="10.74509"><ele>766</ele></trkpt>
<trkpt lat="47.24006" lon="10.74517"><ele>767</ele></trkpt>
<trkpt lat="47.24009" lon="10.7452"><ele>767</ele></trkpt>
<trkpt lat="47.24029" lon="10.74537"><ele>767</ele></trkpt>
<trkpt lat="47.24038" lon="10.74546"><ele>767</ele></trkpt>
<trkpt lat="47.24049" lon="10.74555"><ele>767</ele></trkpt>
<trkpt lat="47.24052" lon="10.74559"><ele>767</ele></trkpt>
<trkpt lat="47.24064" lon="10.74573"><ele>767</ele></trkpt>
<trkpt lat="47.24076" lon="10.74588"><ele>767</ele></trkpt>
<trkpt lat="47.24086" lon="10.74601"><ele>767</ele></trkpt>
<trkpt lat="47.24092" lon="10.74608"><ele>767</ele></trkpt>
<trkpt lat="47.24098" lon="10.74618"><ele>767</ele></trkpt>
<trkpt lat="47.24101" lon="10.74623"><ele>768</ele></trkpt>
<trkpt lat="47.24106" lon="10.74637"><ele>768</ele></trkpt>
<trkpt lat="47.24113" lon="10.74654"><ele>768</ele></trkpt>
<trkpt lat="47.24113" lon="10.74658"><ele>768</ele></trkpt>
<trkpt lat="47.24112" lon="10.74698"><ele>770</ele></trkpt>
<trkpt lat="47.24107" lon="10.74725"><ele>771</ele></trkpt>
<trkpt lat="47.24095" lon="10.7475"><ele>772</ele></trkpt>
<trkpt lat="47.24083" lon="10.74771"><ele>773</ele></trkpt>
<trkpt lat="47.24082" lon="10.74782"><ele>773</ele></trkpt>
<trkpt lat="47.24083" lon="10.74806"><ele>774</ele></trkpt>
<trkpt lat="47.2409" lon="10.74838"><ele>775</ele></trkpt>
<trkpt lat="47.24099" lon="10.74872"><ele>775</ele></trkpt>
<trkpt lat="47.24105" lon="10.74883"><ele>775</ele></trkpt>
<trkpt lat="47.24107" lon="10.74887"><ele>775</ele></trkpt>
<trkpt lat="47.24122" lon="10.749"><ele>776</ele></trkpt>
<trkpt lat="47.24137" lon="10.74909"><ele>776</ele></trkpt>
<trkpt lat="47.24145" lon="10.7491"><ele>777</ele></trkpt>
<trkpt lat="47.24155" lon="10.7491"><ele>777</ele></trkpt>
<trkpt lat="47.24166" lon="10.74907"><ele>777</ele></trkpt>
<trkpt lat="47.24175" lon="10.74901"><ele>778</ele></trkpt>
<trkpt lat="47.242" lon="10.74881"><ele>780</ele></trkpt>
<trkpt lat="47.24213" lon="10.74861"><ele>781</ele></trkpt>
<trkpt lat="47.24218" lon="10.74842"><ele>781</ele></trkpt>
<trkpt lat="47.24219" lon="10.74837"><ele>781</ele></trkpt>
<trkpt lat="47.24221" lon="10.7483"><ele>782</ele></trkpt>
<trkpt lat="47.24227" lon="10.74814"><ele>782</ele></trkpt>
<trkpt lat="47.24235" lon="10.748"><ele>783</ele></trkpt>
<trkpt lat="47.24252" lon="10.7478"><ele>784</ele></trkpt>
<trkpt lat="47.24285" lon="10.74742"><ele>786</ele></trkpt>
<trkpt lat="47.24311" lon="10.7471"><ele>788</ele></trkpt>
<trkpt lat="47.24323" lon="10.74696"><ele>789</ele></trkpt>
<trkpt lat="47.24335" lon="10.7468"><ele>790</ele></trkpt>
<trkpt lat="47.24338" lon="10.74676"><ele>790</ele></trkpt>
<trkpt lat="47.24347" lon="10.74659"><ele>791</ele></trkpt>
<trkpt lat="47.2435" lon="10.74653"><ele>792</ele></trkpt>
<trkpt lat="47.24353" lon="10.74645"><ele>792</ele></trkpt>
<trkpt lat="47.24358" lon="10.7463"><ele>793</ele></trkpt>
<trkpt lat="47.24371" lon="10.74574"><ele>794</ele></trkpt>
<trkpt lat="47.24376" lon="10.74554"><ele>796</ele></trkpt>
<trkpt lat="47.24383" lon="10.74529"><ele>797</ele></trkpt>
<trkpt lat="47.24386" lon="10.74518"><ele>797</ele></trkpt>
<trkpt lat="47.24391" lon="10.74503"><ele>798</ele></trkpt>
<trkpt lat="47.24397" lon="10.7449"><ele>798</ele></trkpt>
<trkpt lat="47.24403" lon="10.74483"><ele>799</ele></trkpt>
<trkpt lat="47.24409" lon="10.74479"><ele>799</ele></trkpt>
<trkpt lat="47.2442" lon="10.74476"><ele>800</ele></trkpt>
<trkpt lat="47.24429" lon="10.74476"><ele>800</ele></trkpt>
<trkpt lat="47.24435" lon="10.74478"><ele>800</ele></trkpt>
<trkpt lat="47.24444" lon="10.74483"><ele>800</ele></trkpt>
<trkpt lat="47.24467" lon="10.74499"><ele>801</ele></trkpt>
<trkpt lat="47.24483" lon="10.7451"><ele>802</ele></trkpt>
<trkpt lat="47.24498" lon="10.74519"><ele>802</ele></trkpt>
<trkpt lat="47.24517" lon="10.7453"><ele>802</ele></trkpt>
<trkpt lat="47.24556" lon="10.74546"><ele>804</ele></trkpt>
<trkpt lat="47.24572" lon="10.74551"><ele>803</ele></trkpt>
<trkpt lat="47.24589" lon="10.74556"><ele>803</ele></trkpt>
<trkpt lat="47.24645" lon="10.7456"><ele>805</ele></trkpt>
<trkpt lat="47.24654" lon="10.7456"><ele>805</ele></trkpt>
<trkpt lat="47.24659" lon="10.74558"><ele>805</ele></trkpt>
<trkpt lat="47.24662" lon="10.74555"><ele>805</ele></trkpt>
<trkpt lat="47.24669" lon="10.74559"><ele>805</ele></trkpt>
<trkpt lat="47.24686" lon="10.74559"><ele>806</ele></trkpt>
<trkpt lat="47.24794" lon="10.74542"><ele>812</ele></trkpt>
<trkpt lat="47.24817" lon="10.74538"><ele>812</ele></trkpt>
<trkpt lat="47.24832" lon="10.74554"><ele>811</ele></trkpt>
<trkpt lat="47.24871" lon="10.74596"><ele>807</ele></trkpt>
<trkpt lat="47.24889" lon="10.74617"><ele>806</ele></trkpt>
<trkpt lat="47.24905" lon="10.74637"><ele>805</ele></trkpt>
<trkpt lat="47.24917" lon="10.74661"><ele>802</ele></trkpt>
<trkpt lat="47.24932" lon="10.74694"><ele>801</ele></trkpt>
<trkpt lat="47.2495" lon="10.74732"><ele>798</ele></trkpt>
<trkpt lat="47.24969" lon="10.74768"><ele>796</ele></trkpt>
<trkpt lat="47.2498" lon="10.74787"><ele>795</ele></trkpt>
<trkpt lat="47.24999" lon="10.74813"><ele>793</ele></trkpt>
<trkpt lat="47.25041" lon="10.74862"><ele>791</ele></trkpt>
<trkpt lat="47.2506" lon="10.74927"><ele>791</ele></trkpt>
<trkpt lat="47.25091" lon="10.74992"><ele>790</ele></trkpt>
<trkpt lat="47.2512" lon="10.75022"><ele>789</ele></trkpt>
<trkpt lat="47.25138" lon="10.75043"><ele>789</ele></trkpt>
<trkpt lat="47.25185" lon="10.75131"><ele>792</ele></trkpt>
<trkpt lat="47.25191" lon="10.75141"><ele>792</ele></trkpt>
<trkpt lat="47.25197" lon="10.7515"><ele>792</ele></trkpt>
<trkpt lat="47.2524" lon="10.75201"><ele>791</ele></trkpt>
<trkpt lat="47.25275" lon="10.75246"><ele>791</ele></trkpt>
<trkpt lat="47.25322" lon="10.75289"><ele>787</ele></trkpt>
<trkpt lat="47.25326" lon="10.75298"><ele>787</ele></trkpt>
<trkpt lat="47.25326" lon="10.75306"><ele>787</ele></trkpt>
<trkpt lat="47.25321" lon="10.75327"><ele>786</ele></trkpt>
<trkpt lat="47.25319" lon="10.7534"><ele>786</ele></trkpt>
<trkpt lat="47.25321" lon="10.75353"><ele>786</ele></trkpt>
<trkpt lat="47.2533" lon="10.75368"><ele>787</ele></trkpt>
<trkpt lat="47.25346" lon="10.7539"><ele>788</ele></trkpt>
<trkpt lat="47.25367" lon="10.75428"><ele>789</ele></trkpt>
<trkpt lat="47.25391" lon="10.75458"><ele>788</ele></trkpt>
<trkpt lat="47.25398" lon="10.75465"><ele>787</ele></trkpt>
<trkpt lat="47.25406" lon="10.75471"><ele>786</ele></trkpt>
<trkpt lat="47.25438" lon="10.75483"><ele>783</ele></trkpt>
<trkpt lat="47.25448" lon="10.75489"><ele>783</ele></trkpt>
<trkpt lat="47.25456" lon="10.75498"><ele>783</ele></trkpt>
<trkpt lat="47.25459" lon="10.75507"><ele>784</ele></trkpt>
<trkpt lat="47.25459" lon="10.75516"><ele>784</ele></trkpt>
<trkpt lat="47.25455" lon="10.75549"><ele>784</ele></trkpt>
<trkpt lat="47.25454" lon="10.75562"><ele>785</ele></trkpt>
<trkpt lat="47.25456" lon="10.75575"><ele>786</ele></trkpt>
<trkpt lat="47.2546" lon="10.75588"><ele>787</ele></trkpt>
<trkpt lat="47.25468" lon="10.75603"><ele>787</ele></trkpt>
<trkpt lat="47.2551" lon="10.75657"><ele>787</ele></trkpt>
<trkpt lat="47.25536" lon="10.75692"><ele>789</ele></trkpt>
<trkpt lat="47.25548" lon="10.75711"><ele>789</ele></trkpt>
<trkpt lat="47.25566" lon="10.75745"><ele>788</ele></trkpt>
<trkpt lat="47.25581" lon="10.75761"><ele>788</ele></trkpt>
<trkpt lat="47.25599" lon="10.75777"><ele>789</ele></trkpt>
<trkpt lat="47.25611" lon="10.75791"><ele>789</ele></trkpt>
<trkpt lat="47.25616" lon="10.75809"><ele>788</ele></trkpt>
<trkpt lat="47.25623" lon="10.75854"><ele>790</ele></trkpt>
<trkpt lat="47.25629" lon="10.75878"><ele>789</ele></trkpt>
<trkpt lat="47.25651" lon="10.75936"><ele>788</ele></trkpt>
<trkpt lat="47.25653" lon="10.75956"><ele>788</ele></trkpt>
<trkpt lat="47.2565" lon="10.75976"><ele>788</ele></trkpt>
<trkpt lat="47.25651" lon="10.75986"><ele>789</ele></trkpt>
<trkpt lat="47.25656" lon="10.75998"><ele>789</ele></trkpt>
<trkpt lat="47.2567" lon="10.76038"><ele>789</ele></trkpt>
<trkpt lat="47.25711" lon="10.76155"><ele>786</ele></trkpt>
<trkpt lat="47.25722" lon="10.76201"><ele>784</ele></trkpt>
<trkpt lat="47.25724" lon="10.76242"><ele>785</ele></trkpt>
<trkpt lat="47.25717" lon="10.7627"><ele>783</ele></trkpt>
<trkpt lat="47.25704" lon="10.76316"><ele>783</ele></trkpt>
<trkpt lat="47.25726" lon="10.76349"><ele>784</ele></trkpt>
<trkpt lat="47.2576" lon="10.76442"><ele>785</ele></trkpt>
<trkpt lat="47.25769" lon="10.76469"><ele>786</ele></trkpt>
<trkpt lat="47.25777" lon="10.76486"><ele>785</ele></trkpt>
<trkpt lat="47.25782" lon="10.76501"><ele>786</ele></trkpt>
<trkpt lat="47.25783" lon="10.76511"><ele>786</ele></trkpt>
<trkpt lat="47.25807" lon="10.76589"><ele>786</ele></trkpt>
<trkpt lat="47.2583" lon="10.76669"><ele>787</ele></trkpt>
<trkpt lat="47.25836" lon="10.76683"><ele>787</ele></trkpt>
<trkpt lat="47.25847" lon="10.76686"><ele>787</ele></trkpt>
<trkpt lat="47.25872" lon="10.76707"><ele>786</ele></trkpt>
<trkpt lat="47.25887" lon="10.76715"><ele>786</ele></trkpt>
<trkpt lat="47.25959" lon="10.76674"><ele>789</ele></trkpt>
<trkpt lat="47.26064" lon="10.76613"><ele>794</ele></trkpt>
<trkpt lat="47.26096" lon="10.76593"><ele>795</ele></trkpt>
<trkpt lat="47.26132" lon="10.76584"><ele>796</ele></trkpt>
<trkpt lat="47.26145" lon="10.76579"><ele>797</ele></trkpt>
<trkpt lat="47.26161" lon="10.76573"><ele>798</ele></trkpt>
<trkpt lat="47.26183" lon="10.7655"><ele>799</ele></trkpt>
<trkpt lat="47.26191" lon="10.76566"><ele>799</ele></trkpt>
<trkpt lat="47.26214" lon="10.76606"><ele>798</ele></trkpt>
<trkpt lat="47.26222" lon="10.7662"><ele>798</ele></trkpt>
<trkpt lat="47.26228" lon="10.76629"><ele>798</ele></trkpt>
<trkpt lat="47.26237" lon="10.76647"><ele>798</ele></trkpt>
<trkpt lat="47.26232" lon="10.76653"><ele>798</ele></trkpt>
<trkpt lat="47.26229" lon="10.76661"><ele>798</ele></trkpt>
<trkpt lat="47.2621" lon="10.76681"><ele>797</ele></trkpt>
<trkpt lat="47.26176" lon="10.76708"><ele>796</ele></trkpt>
<trkpt lat="47.26125" lon="10.76738"><ele>796</ele></trkpt>
<trkpt lat="47.2611" lon="10.7675"><ele>795</ele></trkpt>
<trkpt lat="47.26107" lon="10.76811"><ele>794</ele></trkpt>
<trkpt lat="47.26103" lon="10.76857"><ele>793</ele></trkpt>
<trkpt lat="47.26083" lon="10.76921"><ele>791</ele></trkpt>
<trkpt lat="47.26077" lon="10.76956"><ele>790</ele></trkpt>
<trkpt lat="47.26077" lon="10.76995"><ele>790</ele></trkpt>
<trkpt lat="47.26078" lon="10.77045"><ele>788</ele></trkpt>
<trkpt lat="47.26076" lon="10.77083"><ele>787</ele></trkpt>
<trkpt lat="47.26067" lon="10.7713"><ele>786</ele></trkpt>
<trkpt lat="47.26057" lon="10.77172"><ele>785</ele></trkpt>
<trkpt lat="47.26044" lon="10.77201"><ele>785</ele></trkpt>
<trkpt lat="47.26022" lon="10.7724"><ele>784</ele></trkpt>
<trkpt lat="47.25996" lon="10.77279"><ele>783</ele></trkpt>
<trkpt lat="47.25963" lon="10.77318"><ele>781</ele></trkpt>
<trkpt lat="47.25887" lon="10.77399"><ele>778</ele></trkpt>
<trkpt lat="47.25869" lon="10.77413"><ele>778</ele></trkpt>
<trkpt lat="47.25862" lon="10.77419"><ele>778</ele></trkpt>
<trkpt lat="47.25851" lon="10.7743"><ele>778</ele></trkpt>
<trkpt lat="47.25825" lon="10.77455"><ele>778</ele></trkpt>
<trkpt lat="47.25826" lon="10.77495"><ele>779</ele></trkpt>
<trkpt lat="47.25833" lon="10.77525"><ele>779</ele></trkpt>
<trkpt lat="47.25845" lon="10.77547"><ele>781</ele></trkpt>
<trkpt lat="47.25859" lon="10.77569"><ele>782</ele></trkpt>
<trkpt lat="47.25863" lon="10.77586"><ele>782</ele></trkpt>
<trkpt lat="47.25863" lon="10.77624"><ele>783</ele></trkpt>
<trkpt lat="47.2586" lon="10.77648"><ele>784</ele></trkpt>
<trkpt lat="47.2586" lon="10.77665"><ele>784</ele></trkpt>
<trkpt lat="47.2587" lon="10.77697"><ele>786</ele></trkpt>
<trkpt lat="47.25874" lon="10.77717"><ele>786</ele></trkpt>
<trkpt lat="47.25879" lon="10.77756"><ele>787</ele></trkpt>
<trkpt lat="47.25898" lon="10.77806"><ele>786</ele></trkpt>
<trkpt lat="47.25902" lon="10.77824"><ele>785</ele></trkpt>
<trkpt lat="47.25914" lon="10.77908"><ele>786</ele></trkpt>
<trkpt lat="47.25931" lon="10.77958"><ele>788</ele></trkpt>
<trkpt lat="47.25946" lon="10.77989"><ele>788</ele></trkpt>
<trkpt lat="47.25953" lon="10.78009"><ele>789</ele></trkpt>
<trkpt lat="47.25961" lon="10.78061"><ele>790</ele></trkpt>
<trkpt lat="47.25961" lon="10.78094"><ele>792</ele></trkpt>
<trkpt lat="47.25967" lon="10.78126"><ele>793</ele></trkpt>
<trkpt lat="47.25977" lon="10.78157"><ele>794</ele></trkpt>
<trkpt lat="47.26008" lon="10.78191"><ele>795</ele></trkpt>
<trkpt lat="47.26028" lon="10.78198"><ele>795</ele></trkpt>
<trkpt lat="47.26041" lon="10.78211"><ele>796</ele></trkpt>
<trkpt lat="47.26056" lon="10.7824"><ele>797</ele></trkpt>
<trkpt lat="47.26085" lon="10.78281"><ele>798</ele></trkpt>
<trkpt lat="47.261" lon="10.78298"><ele>799</ele></trkpt>
<trkpt lat="47.26117" lon="10.78363"><ele>801</ele></trkpt>
<trkpt lat="47.26123" lon="10.78394"><ele>802</ele></trkpt>
<trkpt lat="47.26124" lon="10.78425"><ele>804</ele></trkpt>
<trkpt lat="47.26127" lon="10.78433"><ele>804</ele></trkpt>
<trkpt lat="47.26133" lon="10.78443"><ele>804</ele></trkpt>
<trkpt lat="47.2615" lon="10.78455"><ele>805</ele></trkpt>
<trkpt lat="47.26164" lon="10.78477"><ele>805</ele></trkpt>
<trkpt lat="47.26175" lon="10.78525"><ele>805</ele></trkpt>
<trkpt lat="47.26194" lon="10.7857"><ele>805</ele></trkpt>
<trkpt lat="47.26204" lon="10.78625"><ele>805</ele></trkpt>
<trkpt lat="47.26208" lon="10.7868"><ele>805</ele></trkpt>
<trkpt lat="47.26224" lon="10.78733"><ele>805</ele></trkpt>
<trkpt lat="47.26231" lon="10.78778"><ele>807</ele></trkpt>
<trkpt lat="47.2625" lon="10.78835"><ele>806</ele></trkpt>
<trkpt lat="47.26264" lon="10.78869"><ele>807</ele></trkpt>
<trkpt lat="47.26272" lon="10.78912"><ele>807</ele></trkpt>
<trkpt lat="47.26297" lon="10.78966"><ele>810</ele></trkpt>
<trkpt lat="47.26308" lon="10.78998"><ele>810</ele></trkpt>
<trkpt lat="47.26309" lon="10.79028"><ele>812</ele></trkpt>
<trkpt lat="47.26313" lon="10.79046"><ele>814</ele></trkpt>
<trkpt lat="47.2632" lon="10.79062"><ele>816</ele></trkpt>
<trkpt lat="47.26326" lon="10.79075"><ele>816</ele></trkpt>
<trkpt lat="47.26335" lon="10.79081"><ele>813</ele></trkpt>
<trkpt lat="47.26348" lon="10.7908"><ele>814</ele></trkpt>
<trkpt lat="47.26405" lon="10.79056"><ele>811</ele></trkpt>
<trkpt lat="47.26433" lon="10.7904"><ele>811</ele></trkpt>
<trkpt lat="47.26482" lon="10.79026"><ele>809</ele></trkpt>
<trkpt lat="47.26532" lon="10.79009"><ele>808</ele></trkpt>
<trkpt lat="47.26548" lon="10.79009"><ele>807</ele></trkpt>
<trkpt lat="47.26561" lon="10.79013"><ele>807</ele></trkpt>
<trkpt lat="47.26574" lon="10.7902"><ele>807</ele></trkpt>
<trkpt lat="47.26598" lon="10.79039"><ele>806</ele></trkpt>
<trkpt lat="47.2662" lon="10.79062"><ele>806</ele></trkpt>
<trkpt lat="47.26626" lon="10.79068"><ele>806</ele></trkpt>
<trkpt lat="47.26639" lon="10.79085"><ele>806</ele></trkpt>
<trkpt lat="47.26646" lon="10.79089"><ele>805</ele></trkpt>
<trkpt lat="47.26653" lon="10.79089"><ele>805</ele></trkpt>
<trkpt lat="47.26674" lon="10.79138"><ele>805</ele></trkpt>
<trkpt lat="47.26701" lon="10.79214"><ele>806</ele></trkpt>
<trkpt lat="47.26702" lon="10.79218"><ele>806</ele></trkpt>
<trkpt lat="47.26709" lon="10.79235"><ele>806</ele></trkpt>
<trkpt lat="47.26714" lon="10.79261"><ele>806</ele></trkpt>
<trkpt lat="47.26723" lon="10.79293"><ele>807</ele></trkpt>
<trkpt lat="47.26726" lon="10.79304"><ele>807</ele></trkpt>
<trkpt lat="47.26743" lon="10.79338"><ele>807</ele></trkpt>
<trkpt lat="47.26761" lon="10.79405"><ele>808</ele></trkpt>
<trkpt lat="47.26773" lon="10.79462"><ele>809</ele></trkpt>
<trkpt lat="47.26788" lon="10.79505"><ele>811</ele></trkpt>
<trkpt lat="47.2681" lon="10.7957"><ele>817</ele></trkpt>
<trkpt lat="47.26826" lon="10.79632"><ele>820</ele></trkpt>
<trkpt lat="47.26835" lon="10.79674"><ele>821</ele></trkpt>
<trkpt lat="47.26841" lon="10.79715"><ele>823</ele></trkpt>
<trkpt lat="47.26847" lon="10.79799"><ele>823</ele></trkpt>
<trkpt lat="47.26855" lon="10.79848"><ele>826</ele></trkpt>
<trkpt lat="47.26867" lon="10.79886"><ele>828</ele></trkpt>
<trkpt lat="47.26902" lon="10.79975"><ele>829</ele></trkpt>
<trkpt lat="47.26926" lon="10.80038"><ele>829</ele></trkpt>
<trkpt lat="47.2695" lon="10.80087"><ele>828</ele></trkpt>
<trkpt lat="47.26974" lon="10.80135"><ele>826</ele></trkpt>
<trkpt lat="47.27021" lon="10.80239"><ele>822</ele></trkpt>
<trkpt lat="47.27054" lon="10.80333"><ele>824</ele></trkpt>
<trkpt lat="47.27081" lon="10.80398"><ele>825</ele></trkpt>
<trkpt lat="47.27134" lon="10.80503"><ele>825</ele></trkpt>
<trkpt lat="47.27161" lon="10.80577"><ele>824</ele></trkpt>
<trkpt lat="47.27189" lon="10.80665"><ele>824</ele></trkpt>
<trkpt lat="47.27207" lon="10.80695"><ele>825</ele></trkpt>
<trkpt lat="47.27249" lon="10.80791"><ele>827</ele></trkpt>
<trkpt lat="47.2726" lon="10.80852"><ele>828</ele></trkpt>
<trkpt lat="47.27273" lon="10.80884"><ele>829</ele></trkpt>
<trkpt lat="47.27297" lon="10.80947"><ele>826</ele></trkpt>
<trkpt lat="47.27314" lon="10.8098"><ele>827</ele></trkpt>
<trkpt lat="47.27329" lon="10.81011"><ele>827</ele></trkpt>
<trkpt lat="47.27355" lon="10.81056"><ele>826</ele></trkpt>
<trkpt lat="47.27379" lon="10.81103"><ele>824</ele></trkpt>
<trkpt lat="47.27418" lon="10.81192"><ele>823</ele></trkpt>
<trkpt lat="47.27461" lon="10.81271"><ele>822</ele></trkpt>
<trkpt lat="47.2749" lon="10.81294"><ele>821</ele></trkpt>
<trkpt lat="47.27515" lon="10.81324"><ele>822</ele></trkpt>
<trkpt lat="47.2757" lon="10.81393"><ele>825</ele></trkpt>
<trkpt lat="47.27592" lon="10.81424"><ele>826</ele></trkpt>
<trkpt lat="47.27633" lon="10.81522"><ele>827</ele></trkpt>
<trkpt lat="47.27643" lon="10.81548"><ele>827</ele></trkpt>
<trkpt lat="47.27651" lon="10.81577"><ele>828</ele></trkpt>
<trkpt lat="47.27661" lon="10.81641"><ele>829</ele></trkpt>
<trkpt lat="47.27678" lon="10.81701"><ele>829</ele></trkpt>
<trkpt lat="47.27689" lon="10.8174"><ele>829</ele></trkpt>
<trkpt lat="47.27702" lon="10.81778"><ele>829</ele></trkpt>
<trkpt lat="47.27716" lon="10.81807"><ele>829</ele></trkpt>
<trkpt lat="47.27732" lon="10.81826"><ele>829</ele></trkpt>
<trkpt lat="47.27772" lon="10.81869"><ele>831</ele></trkpt>
<trkpt lat="47.27788" lon="10.81894"><ele>831</ele></trkpt>
<trkpt lat="47.27893" lon="10.82057"><ele>829</ele></trkpt>
<trkpt lat="47.27908" lon="10.82094"><ele>831</ele></trkpt>
<trkpt lat="47.27912" lon="10.82118"><ele>831</ele></trkpt>
<trkpt lat="47.27914" lon="10.82161"><ele>832</ele></trkpt>
<trkpt lat="47.27931" lon="10.82255"><ele>834</ele></trkpt>
<trkpt lat="47.27934" lon="10.8229"><ele>834</ele></trkpt>
<trkpt lat="47.2794" lon="10.82318"><ele>833</ele></trkpt>
<trkpt lat="47.27952" lon="10.82361"><ele>834</ele></trkpt>
<trkpt lat="47.27965" lon="10.82378"><ele>835</ele></trkpt>
<trkpt lat="47.2798" lon="10.82392"><ele>834</ele></trkpt>
<trkpt lat="47.27992" lon="10.82414"><ele>836</ele></trkpt>
<trkpt lat="47.28003" lon="10.8244"><ele>841</ele></trkpt>
<trkpt lat="47.28025" lon="10.82497"><ele>841</ele></trkpt>
<trkpt lat="47.28052" lon="10.82548"><ele>842</ele></trkpt>
<trkpt lat="47.28082" lon="10.82593"><ele>842</ele></trkpt>
<trkpt lat="47.28287" lon="10.8286"><ele>833</ele></trkpt>
<trkpt lat="47.2832" lon="10.82889"><ele>832</ele></trkpt>
<trkpt lat="47.2836" lon="10.82917"><ele>831</ele></trkpt>
<trkpt lat="47.28409" lon="10.82957"><ele>825</ele></trkpt>
<trkpt lat="47.2846" lon="10.82988"><ele>823</ele></trkpt>
<trkpt lat="47.28495" lon="10.8302"><ele>821</ele></trkpt>
<trkpt lat="47.2852" lon="10.83063"><ele>821</ele></trkpt>
<trkpt lat="47.28545" lon="10.83123"><ele>821</ele></trkpt>
<trkpt lat="47.28587" lon="10.83204"><ele>819</ele></trkpt>
<trkpt lat="47.28605" lon="10.83233"><ele>817</ele></trkpt>
<trkpt lat="47.28622" lon="10.83274"><ele>815</ele></trkpt>
<trkpt lat="47.28638" lon="10.8332"><ele>813</ele></trkpt>
<trkpt lat="47.28651" lon="10.83361"><ele>813</ele></trkpt>
<trkpt lat="47.28676" lon="10.83389"><ele>812</ele></trkpt>
<trkpt lat="47.28718" lon="10.83427"><ele>812</ele></trkpt>
<trkpt lat="47.28764" lon="10.83447"><ele>812</ele></trkpt>
<trkpt lat="47.28779" lon="10.83449"><ele>812</ele></trkpt>
<trkpt lat="47.28787" lon="10.83455"><ele>811</ele></trkpt>
<trkpt lat="47.28794" lon="10.83468"><ele>811</ele></trkpt>
<trkpt lat="47.28805" lon="10.83506"><ele>812</ele></trkpt>
<trkpt lat="47.28814" lon="10.83551"><ele>812</ele></trkpt>
<trkpt lat="47.28819" lon="10.83561"><ele>812</ele></trkpt>
<trkpt lat="47.28876" lon="10.83616"><ele>813</ele></trkpt>
<trkpt lat="47.28924" lon="10.8371"><ele>817</ele></trkpt>
<trkpt lat="47.28954" lon="10.83778"><ele>818</ele></trkpt>
<trkpt lat="47.28988" lon="10.83833"><ele>818</ele></trkpt>
<trkpt lat="47.29015" lon="10.83864"><ele>818</ele></trkpt>
<trkpt lat="47.29024" lon="10.83882"><ele>818</ele></trkpt>
<trkpt lat="47.29042" lon="10.8392"><ele>818</ele></trkpt>
<trkpt lat="47.29073" lon="10.83962"><ele>819</ele></trkpt>
<trkpt lat="47.29084" lon="10.83987"><ele>819</ele></trkpt>
<trkpt lat="47.29107" lon="10.84058"><ele>821</ele></trkpt>
<trkpt lat="47.29112" lon="10.84075"><ele>821</ele></trkpt>
<trkpt lat="47.29118" lon="10.8408"><ele>820</ele></trkpt>
<trkpt lat="47.29152" lon="10.8413"><ele>819</ele></trkpt>
<trkpt lat="47.2916" lon="10.8414"><ele>818</ele></trkpt>
<trkpt lat="47.29194" lon="10.84184"><ele>818</ele></trkpt>
<trkpt lat="47.29196" lon="10.84211"><ele>819</ele></trkpt>
<trkpt lat="47.292" lon="10.84239"><ele>821</ele></trkpt>
<trkpt lat="47.29201" lon="10.84248"><ele>822</ele></trkpt>
<trkpt lat="47.29206" lon="10.84265"><ele>823</ele></trkpt>
<trkpt lat="47.29219" lon="10.84296"><ele>822</ele></trkpt>
<trkpt lat="47.29232" lon="10.84317"><ele>824</ele></trkpt>
<trkpt lat="47.2928" lon="10.84364"><ele>823</ele></trkpt>
<trkpt lat="47.29292" lon="10.84368"><ele>825</ele></trkpt>
<trkpt lat="47.293" lon="10.84361"><ele>823</ele></trkpt>
<trkpt lat="47.29309" lon="10.84337"><ele>823</ele></trkpt>
<trkpt lat="47.29308" lon="10.84325"><ele>823</ele></trkpt>
<trkpt lat="47.29304" lon="10.84318"><ele>823</ele></trkpt>
<trkpt lat="47.293" lon="10.84309"><ele>823</ele></trkpt>
<trkpt lat="47.29273" lon="10.84273"><ele>821</ele></trkpt>
<trkpt lat="47.29271" lon="10.84262"><ele>821</ele></trkpt>
<trkpt lat="47.29272" lon="10.84254"><ele>821</ele></trkpt>
<trkpt lat="47.29277" lon="10.84245"><ele>821</ele></trkpt>
<trkpt lat="47.29286" lon="10.84241"><ele>821</ele></trkpt>
<trkpt lat="47.29294" lon="10.84241"><ele>821</ele></trkpt>
<trkpt lat="47.29305" lon="10.84241"><ele>821</ele></trkpt>
<trkpt lat="47.29342" lon="10.84248"><ele>820</ele></trkpt>
<trkpt lat="47.2936" lon="10.84257"><ele>820</ele></trkpt>
<trkpt lat="47.29383" lon="10.84257"><ele>819</ele></trkpt>
<trkpt lat="47.29401" lon="10.84262"><ele>819</ele></trkpt>
<trkpt lat="47.29446" lon="10.8426"><ele>816</ele></trkpt>
<trkpt lat="47.29457" lon="10.84264"><ele>816</ele></trkpt>
<trkpt lat="47.29468" lon="10.84272"><ele>816</ele></trkpt>
<trkpt lat="47.29486" lon="10.8428"><ele>814</ele></trkpt>
<trkpt lat="47.29499" lon="10.84287"><ele>813</ele></trkpt>
<trkpt lat="47.29512" lon="10.84289"><ele>812</ele></trkpt>
<trkpt lat="47.29545" lon="10.84288"><ele>810</ele></trkpt>
<trkpt lat="47.2956" lon="10.84291"><ele>810</ele></trkpt>
<trkpt lat="47.29583" lon="10.84306"><ele>810</ele></trkpt>
<trkpt lat="47.29613" lon="10.84336"><ele>811</ele></trkpt>
<trkpt lat="47.29632" lon="10.84351"><ele>810</ele></trkpt>
<trkpt lat="47.29646" lon="10.8437"><ele>811</ele></trkpt>
<trkpt lat="47.29674" lon="10.84395"><ele>811</ele></trkpt>
<trkpt lat="47.29738" lon="10.84445"><ele>812</ele></trkpt>
<trkpt lat="47.29752" lon="10.84451"><ele>812</ele></trkpt>
<trkpt lat="47.29777" lon="10.84455"><ele>812</ele></trkpt>
<trkpt lat="47.29796" lon="10.84465"><ele>812</ele></trkpt>
<trkpt lat="47.29813" lon="10.84483"><ele>812</ele></trkpt>
<trkpt lat="47.29829" lon="10.84492"><ele>812</ele></trkpt>
<trkpt lat="47.29858" lon="10.845"><ele>813</ele></trkpt>
<trkpt lat="47.29883" lon="10.84502"><ele>813</ele></trkpt>
<trkpt lat="47.29893" lon="10.84498"><ele>813</ele></trkpt>
<trkpt lat="47.2996" lon="10.84452"><ele>813</ele></trkpt>
<trkpt lat="47.29982" lon="10.84444"><ele>813</ele></trkpt>
<trkpt lat="47.29999" lon="10.84447"><ele>813</ele></trkpt>
<trkpt lat="47.30025" lon="10.84459"><ele>813</ele></trkpt>
<trkpt lat="47.30036" lon="10.84461"><ele>814</ele></trkpt>
<trkpt lat="47.30064" lon="10.84456"><ele>815</ele></trkpt>
<trkpt lat="47.3008" lon="10.8445"><ele>815</ele></trkpt>
<trkpt lat="47.30092" lon="10.84449"><ele>815</ele></trkpt>
<trkpt lat="47.30124" lon="10.84443"><ele>816</ele></trkpt>
<trkpt lat="47.30161" lon="10.84427"><ele>817</ele></trkpt>
<trkpt lat="47.3018" lon="10.84403"><ele>818</ele></trkpt>
<trkpt lat="47.30185" lon="10.844"><ele>818</ele></trkpt>
<trkpt lat="47.30279" lon="10.84371"><ele>820</ele></trkpt>
<trkpt lat="47.3031" lon="10.84358"><ele>820</ele></trkpt>
<trkpt lat="47.30349" lon="10.84343"><ele>822</ele></trkpt>
<trkpt lat="47.30397" lon="10.84319"><ele>823</ele></trkpt>
<trkpt lat="47.30443" lon="10.84294"><ele>824</ele></trkpt>
<trkpt lat="47.30589" lon="10.84203"><ele>824</ele></trkpt>
<trkpt lat="47.30594" lon="10.84197"><ele>824</ele></trkpt>
<trkpt lat="47.30604" lon="10.84192"><ele>824</ele></trkpt>
<trkpt lat="47.30694" lon="10.84108"><ele>827</ele></trkpt>
<trkpt lat="47.3073" lon="10.84071"><ele>829</ele></trkpt>
<trkpt lat="47.30727" lon="10.84063"><ele>829</ele></trkpt>
<trkpt lat="47.30725" lon="10.84049"><ele>829</ele></trkpt>
<trkpt lat="47.30729" lon="10.84048"><ele>829</ele></trkpt>
<trkpt lat="47.30735" lon="10.84044"><ele>829</ele></trkpt>
<trkpt lat="47.30741" lon="10.84042"><ele>829</ele></trkpt>
<trkpt lat="47.30774" lon="10.84024"><ele>828</ele></trkpt>
<trkpt lat="47.30779" lon="10.84012"><ele>827</ele></trkpt>
<trkpt lat="47.30786" lon="10.84014"><ele>827</ele></trkpt>
<trkpt lat="47.30792" lon="10.84015"><ele>827</ele></trkpt>
<trkpt lat="47.30798" lon="10.84014"><ele>827</ele></trkpt>
<trkpt lat="47.30803" lon="10.84013"><ele>827</ele></trkpt>
<trkpt lat="47.30826" lon="10.84004"><ele>827</ele></trkpt>
<trkpt lat="47.30834" lon="10.84"><ele>826</ele></trkpt>
<trkpt lat="47.30847" lon="10.83993"><ele>826</ele></trkpt>
<trkpt lat="47.30866" lon="10.83981"><ele>826</ele></trkpt>
<trkpt lat="47.30884" lon="10.83973"><ele>826</ele></trkpt>
<trkpt lat="47.30898" lon="10.83968"><ele>826</ele></trkpt>
<trkpt lat="47.30918" lon="10.83968"><ele>826</ele></trkpt>
<trkpt lat="47.30952" lon="10.8397"><ele>826</ele></trkpt>
<trkpt lat="47.31008" lon="10.83977"><ele>827</ele></trkpt>
<trkpt lat="47.31062" lon="10.83984"><ele>829</ele></trkpt>
<trkpt lat="47.31137" lon="10.83989"><ele>830</ele></trkpt>
<trkpt lat="47.31194" lon="10.83999"><ele>830</ele></trkpt>
<trkpt lat="47.31204" lon="10.84"><ele>831</ele></trkpt>
<trkpt lat="47.31213" lon="10.83999"><ele>831</ele></trkpt>
<trkpt lat="47.3122" lon="10.83997"><ele>831</ele></trkpt>
<trkpt lat="47.31225" lon="10.83994"><ele>830</ele></trkpt>
<trkpt lat="47.3123" lon="10.8399"><ele>831</ele></trkpt>
<trkpt lat="47.31235" lon="10.83985"><ele>831</ele></trkpt>
<trkpt lat="47.31243" lon="10.83976"><ele>831</ele></trkpt>
<trkpt lat="47.31251" lon="10.8397"><ele>831</ele></trkpt>
<trkpt lat="47.3126" lon="10.83965"><ele>831</ele></trkpt>
<trkpt lat="47.3128" lon="10.83957"><ele>831</ele></trkpt>
<trkpt lat="47.31298" lon="10.83953"><ele>831</ele></trkpt>
<trkpt lat="47.31325" lon="10.83945"><ele>832</ele></trkpt>
<trkpt lat="47.31361" lon="10.83931"><ele>834</ele></trkpt>
<trkpt lat="47.31382" lon="10.83919"><ele>834</ele></trkpt>
<trkpt lat="47.31395" lon="10.83908"><ele>834</ele></trkpt>
<trkpt lat="47.31405" lon="10.83894"><ele>835</ele></trkpt>
<trkpt lat="47.31417" lon="10.8387"><ele>835</ele></trkpt>
<trkpt lat="47.3144" lon="10.83813"><ele>836</ele></trkpt>
<trkpt lat="47.31453" lon="10.83777"><ele>837</ele></trkpt>
<trkpt lat="47.3146" lon="10.83753"><ele>837</ele></trkpt>
<trkpt lat="47.31471" lon="10.83723"><ele>836</ele></trkpt>
<trkpt lat="47.3149" lon="10.83669"><ele>837</ele></trkpt>
<trkpt lat="47.31492" lon="10.83662"><ele>837</ele></trkpt>
<trkpt lat="47.31506" lon="10.83619"><ele>838</ele></trkpt>
<trkpt lat="47.31514" lon="10.83595"><ele>838</ele></trkpt>
<trkpt lat="47.31542" lon="10.83526"><ele>839</ele></trkpt>
<trkpt lat="47.31554" lon="10.83493"><ele>839</ele></trkpt>
<trkpt lat="47.31561" lon="10.8347"><ele>839</ele></trkpt>
<trkpt lat="47.31573" lon="10.83442"><ele>839</ele></trkpt>
<trkpt lat="47.31601" lon="10.83396"><ele>840</ele></trkpt>
<trkpt lat="47.31631" lon="10.83361"><ele>841</ele></trkpt>
<trkpt lat="47.31663" lon="10.83328"><ele>842</ele></trkpt>
<trkpt lat="47.31689" lon="10.83304"><ele>841</ele></trkpt>
<trkpt lat="47.31733" lon="10.83268"><ele>843</ele></trkpt>
<trkpt lat="47.31762" lon="10.83237"><ele>844</ele></trkpt>
<trkpt lat="47.31826" lon="10.83162"><ele>847</ele></trkpt>
<trkpt lat="47.31845" lon="10.8314"><ele>846</ele></trkpt>
<trkpt lat="47.31874" lon="10.83107"><ele>847</ele></trkpt>
<trkpt lat="47.31891" lon="10.83089"><ele>848</ele></trkpt>
<trkpt lat="47.3191" lon="10.83069"><ele>848</ele></trkpt>
<trkpt lat="47.31919" lon="10.83058"><ele>848</ele></trkpt>
<trkpt lat="47.31981" lon="10.82986"><ele>849</ele></trkpt>
<trkpt lat="47.3204" lon="10.82915"><ele>852</ele></trkpt>
<trkpt lat="47.32098" lon="10.82853"><ele>853</ele></trkpt>
<trkpt lat="47.32122" lon="10.82826"><ele>854</ele></trkpt>
<trkpt lat="47.32138" lon="10.82802"><ele>854</ele></trkpt>
<trkpt lat="47.32151" lon="10.82778"><ele>856</ele></trkpt>
<trkpt lat="47.32185" lon="10.82705"><ele>857</ele></trkpt>
<trkpt lat="47.32195" lon="10.82684"><ele>856</ele></trkpt>
<trkpt lat="47.32218" lon="10.82645"><ele>858</ele></trkpt>
<trkpt lat="47.3223" lon="10.82624"><ele>858</ele></trkpt>
<trkpt lat="47.32236" lon="10.82605"><ele>859</ele></trkpt>
<trkpt lat="47.32239" lon="10.82582"><ele>859</ele></trkpt>
<trkpt lat="47.32243" lon="10.82583"><ele>860</ele></trkpt>
<trkpt lat="47.32248" lon="10.82581"><ele>860</ele></trkpt>
<trkpt lat="47.32253" lon="10.82567"><ele>861</ele></trkpt>
<trkpt lat="47.32259" lon="10.82555"><ele>861</ele></trkpt>
<trkpt lat="47.32285" lon="10.82532"><ele>861</ele></trkpt>
<trkpt lat="47.32297" lon="10.82525"><ele>862</ele></trkpt>
<trkpt lat="47.32309" lon="10.82521"><ele>864</ele></trkpt>
<trkpt lat="47.32325" lon="10.82519"><ele>863</ele></trkpt>
<trkpt lat="47.32338" lon="10.8251"><ele>863</ele></trkpt>
<trkpt lat="47.32404" lon="10.82473"><ele>866</ele></trkpt>
<trkpt lat="47.32424" lon="10.82466"><ele>867</ele></trkpt>
<trkpt lat="47.32445" lon="10.8245"><ele>870</ele></trkpt>
<trkpt lat="47.3246" lon="10.82438"><ele>871</ele></trkpt>
<trkpt lat="47.32489" lon="10.82411"><ele>873</ele></trkpt>
<trkpt lat="47.3251" lon="10.82392"><ele>874</ele></trkpt>
<trkpt lat="47.32541" lon="10.82363"><ele>873</ele></trkpt>
<trkpt lat="47.32567" lon="10.82337"><ele>873</ele></trkpt>
<trkpt lat="47.32582" lon="10.82328"><ele>874</ele></trkpt>
<trkpt lat="47.32604" lon="10.82322"><ele>876</ele></trkpt>
<trkpt lat="47.32619" lon="10.82308"><ele>875</ele></trkpt>
<trkpt lat="47.32643" lon="10.82282"><ele>875</ele></trkpt>
<trkpt lat="47.3267" lon="10.82261"><ele>875</ele></trkpt>
<trkpt lat="47.32721" lon="10.82211"><ele>875</ele></trkpt>
<trkpt lat="47.32742" lon="10.82192"><ele>878</ele></trkpt>
<trkpt lat="47.32749" lon="10.82178"><ele>877</ele></trkpt>
<trkpt lat="47.32758" lon="10.82158"><ele>877</ele></trkpt>
<trkpt lat="47.32779" lon="10.82122"><ele>879</ele></trkpt>
<trkpt lat="47.328" lon="10.8209"><ele>881</ele></trkpt>
<trkpt lat="47.32825" lon="10.82062"><ele>884</ele></trkpt>
<trkpt lat="47.32858" lon="10.82018"><ele>886</ele></trkpt>
<trkpt lat="47.32884" lon="10.81989"><ele>888</ele></trkpt>
<trkpt lat="47.3294" lon="10.81944"><ele>893</ele></trkpt>
<trkpt lat="47.32964" lon="10.81928"><ele>895</ele></trkpt>
<trkpt lat="47.32986" lon="10.81916"><ele>897</ele></trkpt>
<trkpt lat="47.33017" lon="10.81907"><ele>899</ele></trkpt>
<trkpt lat="47.33055" lon="10.81903"><ele>901</ele></trkpt>
<trkpt lat="47.33093" lon="10.819"><ele>900</ele></trkpt>
<trkpt lat="47.33138" lon="10.81902"><ele>903</ele></trkpt>
<trkpt lat="47.33155" lon="10.81905"><ele>904</ele></trkpt>
<trkpt lat="47.33209" lon="10.81913"><ele>908</ele></trkpt>
<trkpt lat="47.33245" lon="10.81921"><ele>912</ele></trkpt>
<trkpt lat="47.33272" lon="10.81929"><ele>915</ele></trkpt>
<trkpt lat="47.33335" lon="10.8197"><ele>916</ele></trkpt>
<trkpt lat="47.33366" lon="10.81995"><ele>915</ele></trkpt>
<trkpt lat="47.33396" lon="10.8202"><ele>912</ele></trkpt>
<trkpt lat="47.3342" lon="10.82018"><ele>909</ele></trkpt>
<trkpt lat="47.33454" lon="10.82023"><ele>907</ele></trkpt>
<trkpt lat="47.33487" lon="10.8202"><ele>907</ele></trkpt>
<trkpt lat="47.33492" lon="10.82019"><ele>907</ele></trkpt>
<trkpt lat="47.33514" lon="10.82007"><ele>907</ele></trkpt>
<trkpt lat="47.33562" lon="10.81976"><ele>908</ele></trkpt>
<trkpt lat="47.33597" lon="10.81948"><ele>906</ele></trkpt>
<trkpt lat="47.33641" lon="10.81916"><ele>906</ele></trkpt>
<trkpt lat="47.33648" lon="10.81905"><ele>907</ele></trkpt>
<trkpt lat="47.33672" lon="10.819"><ele>908</ele></trkpt>
<trkpt lat="47.33702" lon="10.81888"><ele>908</ele></trkpt>
<trkpt lat="47.33717" lon="10.81885"><ele>909</ele></trkpt>
<trkpt lat="47.33729" lon="10.81881"><ele>911</ele></trkpt>
<trkpt lat="47.33737" lon="10.81874"><ele>911</ele></trkpt>
<trkpt lat="47.33751" lon="10.81859"><ele>909</ele></trkpt>
<trkpt lat="47.33774" lon="10.81845"><ele>910</ele></trkpt>
<trkpt lat="47.3381" lon="10.81846"><ele>913</ele></trkpt>
<trkpt lat="47.33845" lon="10.81824"><ele>912</ele></trkpt>
<trkpt lat="47.33868" lon="10.81817"><ele>914</ele></trkpt>
<trkpt lat="47.3387" lon="10.81798"><ele>914</ele></trkpt>
<trkpt lat="47.33875" lon="10.81793"><ele>915</ele></trkpt>
<trkpt lat="47.33875" lon="10.81786"><ele>915</ele></trkpt>
<trkpt lat="47.33873" lon="10.81766"><ele>914</ele></trkpt>
<trkpt lat="47.33871" lon="10.81749"><ele>913</ele></trkpt>
<trkpt lat="47.33906" lon="10.81706"><ele>913</ele></trkpt>
<trkpt lat="47.33923" lon="10.81683"><ele>914</ele></trkpt>
<trkpt lat="47.33945" lon="10.8166"><ele>915</ele></trkpt>
<trkpt lat="47.33996" lon="10.81603"><ele>915</ele></trkpt>
<trkpt lat="47.34024" lon="10.81575"><ele>917</ele></trkpt>
<trkpt lat="47.34055" lon="10.81546"><ele>918</ele></trkpt>
<trkpt lat="47.34069" lon="10.81536"><ele>918</ele></trkpt>
<trkpt lat="47.34091" lon="10.81523"><ele>919</ele></trkpt>
<trkpt lat="47.34134" lon="10.81506"><ele>920</ele></trkpt>
<trkpt lat="47.34161" lon="10.815"><ele>921</ele></trkpt>
<trkpt lat="47.34208" lon="10.81493"><ele>922</ele></trkpt>
<trkpt lat="47.3424" lon="10.81491"><ele>924</ele></trkpt>
<trkpt lat="47.34253" lon="10.81493"><ele>925</ele></trkpt>
<trkpt lat="47.34263" lon="10.81495"><ele>926</ele></trkpt>
<trkpt lat="47.34274" lon="10.81499"><ele>926</ele></trkpt>
<trkpt lat="47.34281" lon="10.81503"><ele>927</ele></trkpt>
<trkpt lat="47.34298" lon="10.81519"><ele>928</ele></trkpt>
<trkpt lat="47.34342" lon="10.81545"><ele>933</ele></trkpt>
<trkpt lat="47.34393" lon="10.81588"><ele>941</ele></trkpt>
<trkpt lat="47.34448" lon="10.8164"><ele>947</ele></trkpt>
<trkpt lat="47.34495" lon="10.81677"><ele>955</ele></trkpt>
<trkpt lat="47.34511" lon="10.81681"><ele>954</ele></trkpt>
<trkpt lat="47.34519" lon="10.81678"><ele>955</ele></trkpt>
<trkpt lat="47.34524" lon="10.81674"><ele>956</ele></trkpt>
<trkpt lat="47.3454" lon="10.81647"><ele>963</ele></trkpt>
<trkpt lat="47.34548" lon="10.81645"><ele>962</ele></trkpt>
<trkpt lat="47.34559" lon="10.81648"><ele>961</ele></trkpt>
<trkpt lat="47.34564" lon="10.81651"><ele>961</ele></trkpt>
<trkpt lat="47.34566" lon="10.81657"><ele>960</ele></trkpt>
<trkpt lat="47.34569" lon="10.8167"><ele>955</ele></trkpt>
<trkpt lat="47.34571" lon="10.81697"><ele>952</ele></trkpt>
<trkpt lat="47.34571" lon="10.81715"><ele>957</ele></trkpt>
<trkpt lat="47.34567" lon="10.81724"><ele>958</ele></trkpt>
<trkpt lat="47.34559" lon="10.81752"><ele>963</ele></trkpt>
<trkpt lat="47.34559" lon="10.81756"><ele>962</ele></trkpt>
<trkpt lat="47.34566" lon="10.81768"><ele>967</ele></trkpt>
<trkpt lat="47.34567" lon="10.8177"><ele>967</ele></trkpt>
<trkpt lat="47.34565" lon="10.81773"><ele>965</ele></trkpt>
<trkpt lat="47.34571" lon="10.81783"><ele>968</ele></trkpt>
<trkpt lat="47.34578" lon="10.81797"><ele>969</ele></trkpt>
<trkpt lat="47.34579" lon="10.81797"><ele>969</ele></trkpt>
<trkpt lat="47.34591" lon="10.81818"><ele>973</ele></trkpt>
<trkpt lat="47.34592" lon="10.81837"><ele>973</ele></trkpt>
<trkpt lat="47.34593" lon="10.8184"><ele>973</ele></trkpt>
<trkpt lat="47.34595" lon="10.81858"><ele>975</ele></trkpt>
<trkpt lat="47.3461" lon="10.81899"><ele>982</ele></trkpt>
<trkpt lat="47.34613" lon="10.81917"><ele>982</ele></trkpt>
<trkpt lat="47.34621" lon="10.8193"><ele>982</ele></trkpt>
<trkpt lat="47.3464" lon="10.81955"><ele>988</ele></trkpt>
<trkpt lat="47.34655" lon="10.8198"><ele>991</ele></trkpt>
<trkpt lat="47.34672" lon="10.81994"><ele>995</ele></trkpt>
<trkpt lat="47.34684" lon="10.82"><ele>998</ele></trkpt>
<trkpt lat="47.34694" lon="10.82009"><ele>999</ele></trkpt>
<trkpt lat="47.34747" lon="10.82054"><ele>1010</ele></trkpt>
<trkpt lat="47.34759" lon="10.82073"><ele>1013</ele></trkpt>
<trkpt lat="47.34763" lon="10.82085"><ele>1015</ele></trkpt>
<trkpt lat="47.34782" lon="10.82124"><ele>1023</ele></trkpt>
<trkpt lat="47.34784" lon="10.8214"><ele>1022</ele></trkpt>
<trkpt lat="47.3479" lon="10.82155"><ele>1025</ele></trkpt>
<trkpt lat="47.34792" lon="10.82172"><ele>1021</ele></trkpt>
<trkpt lat="47.34798" lon="10.82185"><ele>1022</ele></trkpt>
<trkpt lat="47.34817" lon="10.82212"><ele>1029</ele></trkpt>
<trkpt lat="47.34828" lon="10.82222"><ele>1033</ele></trkpt>
<trkpt lat="47.34841" lon="10.82238"><ele>1039</ele></trkpt>
<trkpt lat="47.34849" lon="10.82252"><ele>1042</ele></trkpt>
<trkpt lat="47.34878" lon="10.82318"><ele>1039</ele></trkpt>
<trkpt lat="47.34891" lon="10.82327"><ele>1046</ele></trkpt>
<trkpt lat="47.34904" lon="10.82327"><ele>1048</ele></trkpt>
<trkpt lat="47.34911" lon="10.82324"><ele>1049</ele></trkpt>
<trkpt lat="47.3492" lon="10.82304"><ele>1052</ele></trkpt>
<trkpt lat="47.34927" lon="10.82293"><ele>1054</ele></trkpt>
<trkpt lat="47.34939" lon="10.8229"><ele>1054</ele></trkpt>
<trkpt lat="47.34992" lon="10.82292"><ele>1062</ele></trkpt>
<trkpt lat="47.35012" lon="10.82297"><ele>1066</ele></trkpt>
<trkpt lat="47.35025" lon="10.82309"><ele>1066</ele></trkpt>
<trkpt lat="47.35043" lon="10.82318"><ele>1067</ele></trkpt>
<trkpt lat="47.3507" lon="10.8233"><ele>1070</ele></trkpt>
<trkpt lat="47.35109" lon="10.82342"><ele>1074</ele></trkpt>
<trkpt lat="47.35121" lon="10.82347"><ele>1080</ele></trkpt>
<trkpt lat="47.3513" lon="10.82356"><ele>1079</ele></trkpt>
<trkpt lat="47.35144" lon="10.82366"><ele>1080</ele></trkpt>
<trkpt lat="47.35154" lon="10.8239"><ele>1077</ele></trkpt>
<trkpt lat="47.35172" lon="10.82412"><ele>1080</ele></trkpt>
<trkpt lat="47.35178" lon="10.82425"><ele>1077</ele></trkpt>
<trkpt lat="47.35188" lon="10.82432"><ele>1079</ele></trkpt>
<trkpt lat="47.35195" lon="10.82433"><ele>1083</ele></trkpt>
<trkpt lat="47.35215" lon="10.82452"><ele>1085</ele></trkpt>
<trkpt lat="47.3522" lon="10.82464"><ele>1083</ele></trkpt>
<trkpt lat="47.3523" lon="10.82473"><ele>1084</ele></trkpt>
<trkpt lat="47.35243" lon="10.8249"><ele>1086</ele></trkpt>
<trkpt lat="47.3525" lon="10.82497"><ele>1088</ele></trkpt>
<trkpt lat="47.35252" lon="10.82506"><ele>1086</ele></trkpt>
<trkpt lat="47.35265" lon="10.82524"><ele>1092</ele></trkpt>
<trkpt lat="47.35266" lon="10.82544"><ele>1085</ele></trkpt>
<trkpt lat="47.35276" lon="10.82556"><ele>1089</ele></trkpt>
<trkpt lat="47.35278" lon="10.82569"><ele>1086</ele></trkpt>
<trkpt lat="47.35283" lon="10.82574"><ele>1088</ele></trkpt>
<trkpt lat="47.35288" lon="10.82574"><ele>1091</ele></trkpt>
<trkpt lat="47.35293" lon="10.82582"><ele>1092</ele></trkpt>
<trkpt lat="47.35294" lon="10.82589"><ele>1089</ele></trkpt>
<trkpt lat="47.3531" lon="10.82599"><ele>1097</ele></trkpt>
<trkpt lat="47.35318" lon="10.82607"><ele>1102</ele></trkpt>
<trkpt lat="47.35322" lon="10.82616"><ele>1102</ele></trkpt>
<trkpt lat="47.3533" lon="10.82624"><ele>1105</ele></trkpt>
<trkpt lat="47.35334" lon="10.82638"><ele>1099</ele></trkpt>
<trkpt lat="47.35342" lon="10.8267"><ele>1104</ele></trkpt>
<trkpt lat="47.35351" lon="10.82686"><ele>1106</ele></trkpt>
<trkpt lat="47.35357" lon="10.82694"><ele>1108</ele></trkpt>
<trkpt lat="47.35375" lon="10.82703"><ele>1108</ele></trkpt>
<trkpt lat="47.35387" lon="10.8272"><ele>1104</ele></trkpt>
<trkpt lat="47.35403" lon="10.82733"><ele>1104</ele></trkpt>
<trkpt lat="47.35433" lon="10.82765"><ele>1105</ele></trkpt>
<trkpt lat="47.35461" lon="10.8277"><ele>1112</ele></trkpt>
<trkpt lat="47.35475" lon="10.82776"><ele>1112</ele></trkpt>
<trkpt lat="47.35489" lon="10.82777"><ele>1110</ele></trkpt>
<trkpt lat="47.35498" lon="10.82771"><ele>1111</ele></trkpt>
<trkpt lat="47.35512" lon="10.82748"><ele>1113</ele></trkpt>
<trkpt lat="47.35519" lon="10.82726"><ele>1117</ele></trkpt>
<trkpt lat="47.35538" lon="10.82685"><ele>1118</ele></trkpt>
<trkpt lat="47.35553" lon="10.82631"><ele>1122</ele></trkpt>
<trkpt lat="47.35556" lon="10.82622"><ele>1122</ele></trkpt>
<trkpt lat="47.35558" lon="10.82594"><ele>1125</ele></trkpt>
<trkpt lat="47.35563" lon="10.8257"><ele>1125</ele></trkpt>
<trkpt lat="47.35561" lon="10.82556"><ele>1125</ele></trkpt>
<trkpt lat="47.3556" lon="10.82522"><ele>1123</ele></trkpt>
<trkpt lat="47.35557" lon="10.82508"><ele>1122</ele></trkpt>
<trkpt lat="47.35556" lon="10.82488"><ele>1122</ele></trkpt>
<trkpt lat="47.35563" lon="10.8242"><ele>1125</ele></trkpt>
<trkpt lat="47.35572" lon="10.8237"><ele>1130</ele></trkpt>
<trkpt lat="47.35578" lon="10.82353"><ele>1131</ele></trkpt>
<trkpt lat="47.35587" lon="10.82337"><ele>1131</ele></trkpt>
<trkpt lat="47.3559" lon="10.82327"><ele>1132</ele></trkpt>
<trkpt lat="47.35598" lon="10.82295"><ele>1136</ele></trkpt>
<trkpt lat="47.3561" lon="10.82264"><ele>1140</ele></trkpt>
<trkpt lat="47.35613" lon="10.8225"><ele>1141</ele></trkpt>
<trkpt lat="47.35612" lon="10.82215"><ele>1142</ele></trkpt>
<trkpt lat="47.35612" lon="10.82186"><ele>1146</ele></trkpt>
<trkpt lat="47.35614" lon="10.82179"><ele>1147</ele></trkpt>
<trkpt lat="47.35626" lon="10.82165"><ele>1150</ele></trkpt>
<trkpt lat="47.35626" lon="10.82161"><ele>1151</ele></trkpt>
<trkpt lat="47.35624" lon="10.82157"><ele>1152</ele></trkpt>
<trkpt lat="47.35609" lon="10.8214"><ele>1154</ele></trkpt>
<trkpt lat="47.35609" lon="10.8213"><ele>1154</ele></trkpt>
<trkpt lat="47.35612" lon="10.8212"><ele>1156</ele></trkpt>
<trkpt lat="47.35615" lon="10.82117"><ele>1157</ele></trkpt>
<trkpt lat="47.35629" lon="10.82115"><ele>1159</ele></trkpt>
<trkpt lat="47.35641" lon="10.82112"><ele>1161</ele></trkpt>
<trkpt lat="47.35646" lon="10.82109"><ele>1161</ele></trkpt>
<trkpt lat="47.35653" lon="10.82099"><ele>1162</ele></trkpt>
<trkpt lat="47.35653" lon="10.82096"><ele>1163</ele></trkpt>
<trkpt lat="47.35645" lon="10.82085"><ele>1165</ele></trkpt>
<trkpt lat="47.35643" lon="10.82076"><ele>1165</ele></trkpt>
<trkpt lat="47.35644" lon="10.82072"><ele>1166</ele></trkpt>
<trkpt lat="47.3565" lon="10.82069"><ele>1166</ele></trkpt>
<trkpt lat="47.3566" lon="10.82061"><ele>1168</ele></trkpt>
<trkpt lat="47.35667" lon="10.82053"><ele>1170</ele></trkpt>
<trkpt lat="47.35674" lon="10.82049"><ele>1172</ele></trkpt>
<trkpt lat="47.35708" lon="10.82088"><ele>1172</ele></trkpt>
<trkpt lat="47.35715" lon="10.82099"><ele>1171</ele></trkpt>
<trkpt lat="47.35726" lon="10.8213"><ele>1170</ele></trkpt>
<trkpt lat="47.35749" lon="10.82159"><ele>1170</ele></trkpt>
<trkpt lat="47.35759" lon="10.82183"><ele>1169</ele></trkpt>
<trkpt lat="47.35764" lon="10.82207"><ele>1168</ele></trkpt>
<trkpt lat="47.35769" lon="10.82221"><ele>1167</ele></trkpt>
<trkpt lat="47.35775" lon="10.82224"><ele>1168</ele></trkpt>
<trkpt lat="47.35805" lon="10.82233"><ele>1167</ele></trkpt>
<trkpt lat="47.35818" lon="10.82258"><ele>1166</ele></trkpt>
<trkpt lat="47.35822" lon="10.82263"><ele>1166</ele></trkpt>
<trkpt lat="47.35828" lon="10.82267"><ele>1166</ele></trkpt>
<trkpt lat="47.35836" lon="10.82265"><ele>1166</ele></trkpt>
<trkpt lat="47.35853" lon="10.82239"><ele>1164</ele></trkpt>
<trkpt lat="47.35857" lon="10.82215"><ele>1163</ele></trkpt>
<trkpt lat="47.35887" lon="10.82189"><ele>1161</ele></trkpt>
<trkpt lat="47.35895" lon="10.82188"><ele>1160</ele></trkpt>
<trkpt lat="47.35902" lon="10.8219"><ele>1160</ele></trkpt>
<trkpt lat="47.35908" lon="10.8218"><ele>1160</ele></trkpt>
<trkpt lat="47.35933" lon="10.82159"><ele>1162</ele></trkpt>
<trkpt lat="47.35945" lon="10.82161"><ele>1161</ele></trkpt>
<trkpt lat="47.35952" lon="10.8217"><ele>1161</ele></trkpt>
<trkpt lat="47.35957" lon="10.82182"><ele>1161</ele></trkpt>
<trkpt lat="47.35966" lon="10.82211"><ele>1161</ele></trkpt>
<trkpt lat="47.36" lon="10.82242"><ele>1161</ele></trkpt>
<trkpt lat="47.36013" lon="10.8225"><ele>1162</ele></trkpt>
<trkpt lat="47.3603" lon="10.82246"><ele>1162</ele></trkpt>
<trkpt lat="47.36064" lon="10.82242"><ele>1163</ele></trkpt>
<trkpt lat="47.36112" lon="10.82233"><ele>1165</ele></trkpt>
<trkpt lat="47.36129" lon="10.82232"><ele>1165</ele></trkpt>
<trkpt lat="47.36143" lon="10.82234"><ele>1165</ele></trkpt>
<trkpt lat="47.36187" lon="10.82245"><ele>1167</ele></trkpt>
<trkpt lat="47.36217" lon="10.82244"><ele>1168</ele></trkpt>
<trkpt lat="47.36253" lon="10.82258"><ele>1169</ele></trkpt>
<trkpt lat="47.36315" lon="10.82289"><ele>1172</ele></trkpt>
<trkpt lat="47.36321" lon="10.82307"><ele>1173</ele></trkpt>
<trkpt lat="47.36326" lon="10.82326"><ele>1173</ele></trkpt>
<trkpt lat="47.36319" lon="10.82352"><ele>1175</ele></trkpt>
<trkpt lat="47.36312" lon="10.82375"><ele>1175</ele></trkpt>
<trkpt lat="47.36294" lon="10.82444"><ele>1178</ele></trkpt>
<trkpt lat="47.36293" lon="10.82619"><ele>1191</ele></trkpt>
<trkpt lat="47.36292" lon="10.82795"><ele>1201</ele></trkpt>
<trkpt lat="47.36297" lon="10.82854"><ele>1202</ele></trkpt>
<trkpt lat="47.36305" lon="10.82888"><ele>1204</ele></trkpt>
<trkpt lat="47.36309" lon="10.82922"><ele>1206</ele></trkpt>
<trkpt lat="47.36301" lon="10.83006"><ele>1207</ele></trkpt>
<trkpt lat="47.3629" lon="10.83061"><ele>1209</ele></trkpt>
<trkpt lat="47.36278" lon="10.8309"><ele>1210</ele></trkpt>
<trkpt lat="47.3629" lon="10.83081"><ele>1212</ele></trkpt>
<trkpt lat="47.36304" lon="10.83078"><ele>1214</ele></trkpt>
<trkpt lat="47.36308" lon="10.8308"><ele>1216</ele></trkpt>
<trkpt lat="47.36316" lon="10.83105"><ele>1219</ele></trkpt>
<trkpt lat="47.36322" lon="10.83122"><ele>1219</ele></trkpt>
<trkpt lat="47.36329" lon="10.83133"><ele>1220</ele></trkpt>
<trkpt lat="47.36332" lon="10.83143"><ele>1220</ele></trkpt>
<trkpt lat="47.3634" lon="10.83174"><ele>1222</ele></trkpt>
<trkpt lat="47.36342" lon="10.83197"><ele>1222</ele></trkpt>
<trkpt lat="47.36344" lon="10.83208"><ele>1222</ele></trkpt>
<trkpt lat="47.36349" lon="10.83222"><ele>1221</ele></trkpt>
<trkpt lat="47.36351" lon="10.83235"><ele>1221</ele></trkpt>
<trkpt lat="47.36351" lon="10.83244"><ele>1221</ele></trkpt>
<trkpt lat="47.36342" lon="10.83264"><ele>1217</ele></trkpt>
<trkpt lat="47.36335" lon="10.83272"><ele>1214</ele></trkpt>
<trkpt lat="47.36322" lon="10.83285"><ele>1209</ele></trkpt>
<trkpt lat="47.36319" lon="10.83287"><ele>1208</ele></trkpt>
<trkpt lat="47.36312" lon="10.83287"><ele>1205</ele></trkpt>
<trkpt lat="47.36306" lon="10.83285"><ele>1204</ele></trkpt>
<trkpt lat="47.36302" lon="10.83278"><ele>1203</ele></trkpt>
<trkpt lat="47.36298" lon="10.83263"><ele>1204</ele></trkpt>
<trkpt lat="47.36289" lon="10.83237"><ele>1206</ele></trkpt>
<trkpt lat="47.36281" lon="10.83223"><ele>1206</ele></trkpt>
<trkpt lat="47.36274" lon="10.83211"><ele>1207</ele></trkpt>
<trkpt lat="47.36253" lon="10.83201"><ele>1207</ele></trkpt>
<trkpt lat="47.36243" lon="10.83202"><ele>1207</ele></trkpt>
<trkpt lat="47.36234" lon="10.83201"><ele>1209</ele></trkpt>
<trkpt lat="47.36232" lon="10.83195"><ele>1210</ele></trkpt>
<trkpt lat="47.36232" lon="10.83189"><ele>1211</ele></trkpt>
<trkpt lat="47.36233" lon="10.83181"><ele>1211</ele></trkpt>
<trkpt lat="47.36226" lon="10.832"><ele>1211</ele></trkpt>
<trkpt lat="47.36224" lon="10.83206"><ele>1211</ele></trkpt>
<trkpt lat="47.36214" lon="10.83232"><ele>1213</ele></trkpt>
<trkpt lat="47.36205" lon="10.83282"><ele>1218</ele></trkpt>
<trkpt lat="47.36187" lon="10.83328"><ele>1220</ele></trkpt>
<trkpt lat="47.36181" lon="10.83364"><ele>1222</ele></trkpt>
<trkpt lat="47.36177" lon="10.8337"><ele>1224</ele></trkpt>
<trkpt lat="47.36175" lon="10.83362"><ele>1225</ele></trkpt>
<trkpt lat="47.36171" lon="10.83332"><ele>1226</ele></trkpt>
<trkpt lat="47.36167" lon="10.83316"><ele>1227</ele></trkpt>
<trkpt lat="47.36164" lon="10.83295"><ele>1229</ele></trkpt>
<trkpt lat="47.36148" lon="10.8325"><ele>1234</ele></trkpt>
<trkpt lat="47.36136" lon="10.83239"><ele>1237</ele></trkpt>
<trkpt lat="47.36119" lon="10.83231"><ele>1240</ele></trkpt>
<trkpt lat="47.36099" lon="10.83214"><ele>1241</ele></trkpt>
<trkpt lat="47.36066" lon="10.83198"><ele>1240</ele></trkpt>
<trkpt lat="47.36052" lon="10.83206"><ele>1242</ele></trkpt>
<trkpt lat="47.36014" lon="10.83216"><ele>1245</ele></trkpt>
<trkpt lat="47.35994" lon="10.83241"><ele>1249</ele></trkpt>
<trkpt lat="47.35986" lon="10.83238"><ele>1250</ele></trkpt>
<trkpt lat="47.35972" lon="10.83227"><ele>1251</ele></trkpt>
<trkpt lat="47.35961" lon="10.83226"><ele>1249</ele></trkpt>
<trkpt lat="47.35949" lon="10.83237"><ele>1251</ele></trkpt>
<trkpt lat="47.35937" lon="10.83253"><ele>1251</ele></trkpt>
<trkpt lat="47.35934" lon="10.83273"><ele>1254</ele></trkpt>
<trkpt lat="47.35932" lon="10.83311"><ele>1254</ele></trkpt>
<trkpt lat="47.35928" lon="10.83321"><ele>1253</ele></trkpt>
<trkpt lat="47.35911" lon="10.83344"><ele>1249</ele></trkpt>
<trkpt lat="47.35906" lon="10.83347"><ele>1249</ele></trkpt>
<trkpt lat="47.35897" lon="10.83345"><ele>1248</ele></trkpt>
<trkpt lat="47.35871" lon="10.83336"><ele>1243</ele></trkpt>
<trkpt lat="47.35856" lon="10.83342"><ele>1243</ele></trkpt>
<trkpt lat="47.35841" lon="10.83358"><ele>1243</ele></trkpt>
<trkpt lat="47.35834" lon="10.83358"><ele>1241</ele></trkpt>
<trkpt lat="47.35816" lon="10.83349"><ele>1240</ele></trkpt>
<trkpt lat="47.35807" lon="10.83338"><ele>1238</ele></trkpt>
<trkpt lat="47.35797" lon="10.83322"><ele>1236</ele></trkpt>
<trkpt lat="47.3578" lon="10.83306"><ele>1234</ele></trkpt>
<trkpt lat="47.35763" lon="10.83306"><ele>1232</ele></trkpt>
<trkpt lat="47.35749" lon="10.83309"><ele>1231</ele></trkpt>
<trkpt lat="47.35733" lon="10.83324"><ele>1230</ele></trkpt>
<trkpt lat="47.35722" lon="10.83342"><ele>1228</ele></trkpt>
<trkpt lat="47.35714" lon="10.83361"><ele>1227</ele></trkpt>
<trkpt lat="47.357" lon="10.83385"><ele>1225</ele></trkpt>
<trkpt lat="47.35698" lon="10.83394"><ele>1224</ele></trkpt>
<trkpt lat="47.35701" lon="10.83413"><ele>1224</ele></trkpt>
<trkpt lat="47.35698" lon="10.83418"><ele>1222</ele></trkpt>
<trkpt lat="47.35704" lon="10.83433"><ele>1224</ele></trkpt>
<trkpt lat="47.35707" lon="10.8345"><ele>1225</ele></trkpt>
<trkpt lat="47.35706" lon="10.83467"><ele>1223</ele></trkpt>
<trkpt lat="47.35698" lon="10.83494"><ele>1223</ele></trkpt>
<trkpt lat="47.35692" lon="10.83577"><ele>1224</ele></trkpt>
<trkpt lat="47.35688" lon="10.83632"><ele>1223</ele></trkpt>
<trkpt lat="47.35691" lon="10.83682"><ele>1222</ele></trkpt>
<trkpt lat="47.35686" lon="10.83729"><ele>1220</ele></trkpt>
<trkpt lat="47.35686" lon="10.83759"><ele>1217</ele></trkpt>
<trkpt lat="47.35704" lon="10.83798"><ele>1220</ele></trkpt>
<trkpt lat="47.3571" lon="10.83835"><ele>1221</ele></trkpt>
<trkpt lat="47.35708" lon="10.83869"><ele>1221</ele></trkpt>
<trkpt lat="47.35695" lon="10.83899"><ele>1221</ele></trkpt>
<trkpt lat="47.35679" lon="10.83906"><ele>1222</ele></trkpt>
<trkpt lat="47.35659" lon="10.83902"><ele>1221</ele></trkpt>
<trkpt lat="47.35652" lon="10.83909"><ele>1221</ele></trkpt>
<trkpt lat="47.35643" lon="10.8393"><ele>1222</ele></trkpt>
<trkpt lat="47.3564" lon="10.8395"><ele>1222</ele></trkpt>
<trkpt lat="47.35647" lon="10.83976"><ele>1224</ele></trkpt>
<trkpt lat="47.35651" lon="10.84005"><ele>1227</ele></trkpt>
<trkpt lat="47.3565" lon="10.84064"><ele>1228</ele></trkpt>
<trkpt lat="47.35648" lon="10.8408"><ele>1230</ele></trkpt>
<trkpt lat="47.35636" lon="10.84087"><ele>1229</ele></trkpt>
<trkpt lat="47.3562" lon="10.84094"><ele>1229</ele></trkpt>
<trkpt lat="47.35616" lon="10.84101"><ele>1230</ele></trkpt>
<trkpt lat="47.35613" lon="10.84134"><ele>1232</ele></trkpt>
<trkpt lat="47.35596" lon="10.84214"><ele>1235</ele></trkpt>
<trkpt lat="47.35545" lon="10.84377"><ele>1246</ele></trkpt>
<trkpt lat="47.35533" lon="10.84398"><ele>1246</ele></trkpt>
<trkpt lat="47.35527" lon="10.84407"><ele>1246</ele></trkpt>
<trkpt lat="47.3552" lon="10.8441"><ele>1248</ele></trkpt>
<trkpt lat="47.35511" lon="10.84407"><ele>1249</ele></trkpt>
<trkpt lat="47.35496" lon="10.84382"><ele>1246</ele></trkpt>
<trkpt lat="47.35489" lon="10.84381"><ele>1246</ele></trkpt>
<trkpt lat="47.35486" lon="10.84385"><ele>1247</ele></trkpt>
<trkpt lat="47.35471" lon="10.84407"><ele>1251</ele></trkpt>
<trkpt lat="47.35437" lon="10.84446"><ele>1252</ele></trkpt>
<trkpt lat="47.35409" lon="10.84509"><ele>1257</ele></trkpt>
<trkpt lat="47.35393" lon="10.8453"><ele>1259</ele></trkpt>
<trkpt lat="47.35369" lon="10.84554"><ele>1262</ele></trkpt>
<trkpt lat="47.35326" lon="10.84596"><ele>1263</ele></trkpt>
<trkpt lat="47.35305" lon="10.84622"><ele>1265</ele></trkpt>
<trkpt lat="47.35256" lon="10.84691"><ele>1267</ele></trkpt>
<trkpt lat="47.35246" lon="10.84695"><ele>1265</ele></trkpt>
<trkpt lat="47.35235" lon="10.84691"><ele>1265</ele></trkpt>
<trkpt lat="47.35226" lon="10.84687"><ele>1265</ele></trkpt>
<trkpt lat="47.35218" lon="10.84681"><ele>1266</ele></trkpt>
<trkpt lat="47.3521" lon="10.84679"><ele>1267</ele></trkpt>
<trkpt lat="47.35204" lon="10.84678"><ele>1267</ele></trkpt>
<trkpt lat="47.35201" lon="10.84681"><ele>1267</ele></trkpt>
<trkpt lat="47.35202" lon="10.84691"><ele>1267</ele></trkpt>
<trkpt lat="47.35204" lon="10.84698"><ele>1267</ele></trkpt>
<trkpt lat="47.35208" lon="10.84702"><ele>1266</ele></trkpt>
<trkpt lat="47.35217" lon="10.84702"><ele>1263</ele></trkpt>
<trkpt lat="47.35242" lon="10.84718"><ele>1259</ele></trkpt>
<trkpt lat="47.35261" lon="10.84724"><ele>1262</ele></trkpt>
<trkpt lat="47.35265" lon="10.84732"><ele>1261</ele></trkpt>
<trkpt lat="47.35266" lon="10.84744"><ele>1259</ele></trkpt>
<trkpt lat="47.35264" lon="10.84751"><ele>1257</ele></trkpt>
<trkpt lat="47.35259" lon="10.84752"><ele>1255</ele></trkpt>
<trkpt lat="47.3525" lon="10.84747"><ele>1254</ele></trkpt>
<trkpt lat="47.35236" lon="10.84739"><ele>1255</ele></trkpt>
<trkpt lat="47.35228" lon="10.84744"><ele>1253</ele></trkpt>
<trkpt lat="47.35226" lon="10.84748"><ele>1252</ele></trkpt>
<trkpt lat="47.35223" lon="10.84751"><ele>1252</ele></trkpt>
<trkpt lat="47.35223" lon="10.84763"><ele>1251</ele></trkpt>
<trkpt lat="47.35228" lon="10.84775"><ele>1251</ele></trkpt>
<trkpt lat="47.35241" lon="10.84776"><ele>1248</ele></trkpt>
<trkpt lat="47.35256" lon="10.8478"><ele>1247</ele></trkpt>
<trkpt lat="47.35262" lon="10.84787"><ele>1248</ele></trkpt>
<trkpt lat="47.35272" lon="10.84802"><ele>1246</ele></trkpt>
<trkpt lat="47.35282" lon="10.8482"><ele>1244</ele></trkpt>
<trkpt lat="47.35292" lon="10.8483"><ele>1243</ele></trkpt>
<trkpt lat="47.35321" lon="10.8484"><ele>1241</ele></trkpt>
<trkpt lat="47.35354" lon="10.84856"><ele>1238</ele></trkpt>
<trkpt lat="47.35361" lon="10.84864"><ele>1237</ele></trkpt>
<trkpt lat="47.35362" lon="10.84876"><ele>1236</ele></trkpt>
<trkpt lat="47.35359" lon="10.84886"><ele>1236</ele></trkpt>
<trkpt lat="47.35348" lon="10.84897"><ele>1235</ele></trkpt>
<trkpt lat="47.35331" lon="10.8491"><ele>1233</ele></trkpt>
<trkpt lat="47.35321" lon="10.84935"><ele>1230</ele></trkpt>
<trkpt lat="47.35317" lon="10.84963"><ele>1228</ele></trkpt>
<trkpt lat="47.35317" lon="10.84996"><ele>1227</ele></trkpt>
<trkpt lat="47.35319" lon="10.85024"><ele>1230</ele></trkpt>
<trkpt lat="47.35323" lon="10.85058"><ele>1228</ele></trkpt>
<trkpt lat="47.35332" lon="10.85102"><ele>1221</ele></trkpt>
<trkpt lat="47.35341" lon="10.85125"><ele>1220</ele></trkpt>
<trkpt lat="47.35359" lon="10.85146"><ele>1216</ele></trkpt>
<trkpt lat="47.3537" lon="10.85165"><ele>1214</ele></trkpt>
<trkpt lat="47.35374" lon="10.85169"><ele>1213</ele></trkpt>
<trkpt lat="47.35414" lon="10.85186"><ele>1208</ele></trkpt>
<trkpt lat="47.3542" lon="10.85192"><ele>1206</ele></trkpt>
<trkpt lat="47.35432" lon="10.85205"><ele>1204</ele></trkpt>
<trkpt lat="47.35442" lon="10.85216"><ele>1203</ele></trkpt>
<trkpt lat="47.35456" lon="10.85241"><ele>1201</ele></trkpt>
<trkpt lat="47.35459" lon="10.85254"><ele>1200</ele></trkpt>
<trkpt lat="47.35457" lon="10.85264"><ele>1199</ele></trkpt>
<trkpt lat="47.35446" lon="10.85281"><ele>1198</ele></trkpt>
<trkpt lat="47.35445" lon="10.85287"><ele>1198</ele></trkpt>
<trkpt lat="47.35446" lon="10.85293"><ele>1197</ele></trkpt>
<trkpt lat="47.35448" lon="10.85297"><ele>1196</ele></trkpt>
<trkpt lat="47.35453" lon="10.853"><ele>1195</ele></trkpt>
<trkpt lat="47.35457" lon="10.85298"><ele>1194</ele></trkpt>
<trkpt lat="47.35461" lon="10.85293"><ele>1194</ele></trkpt>
<trkpt lat="47.35477" lon="10.85269"><ele>1193</ele></trkpt>
<trkpt lat="47.35482" lon="10.85256"><ele>1194</ele></trkpt>
<trkpt lat="47.35482" lon="10.85245"><ele>1194</ele></trkpt>
<trkpt lat="47.3548" lon="10.85227"><ele>1192</ele></trkpt>
<trkpt lat="47.35482" lon="10.85212"><ele>1191</ele></trkpt>
<trkpt lat="47.35491" lon="10.85196"><ele>1188</ele></trkpt>
<trkpt lat="47.35503" lon="10.85185"><ele>1187</ele></trkpt>
<trkpt lat="47.35519" lon="10.8518"><ele>1186</ele></trkpt>
<trkpt lat="47.35527" lon="10.85187"><ele>1184</ele></trkpt>
<trkpt lat="47.35543" lon="10.85212"><ele>1182</ele></trkpt>
<trkpt lat="47.35561" lon="10.85238"><ele>1178</ele></trkpt>
<trkpt lat="47.35569" lon="10.85268"><ele>1175</ele></trkpt>
<trkpt lat="47.35568" lon="10.85292"><ele>1172</ele></trkpt>
<trkpt lat="47.35562" lon="10.85309"><ele>1172</ele></trkpt>
<trkpt lat="47.35551" lon="10.85324"><ele>1171</ele></trkpt>
<trkpt lat="47.35534" lon="10.85366"><ele>1167</ele></trkpt>
<trkpt lat="47.35519" lon="10.854"><ele>1166</ele></trkpt>
<trkpt lat="47.35506" lon="10.85446"><ele>1163</ele></trkpt>
<trkpt lat="47.35507" lon="10.85473"><ele>1162</ele></trkpt>
<trkpt lat="47.35511" lon="10.85485"><ele>1162</ele></trkpt>
<trkpt lat="47.35518" lon="10.85489"><ele>1161</ele></trkpt>
<trkpt lat="47.35522" lon="10.85487"><ele>1160</ele></trkpt>
<trkpt lat="47.3553" lon="10.85506"><ele>1159</ele></trkpt>
<trkpt lat="47.35534" lon="10.85517"><ele>1159</ele></trkpt>
<trkpt lat="47.35537" lon="10.85533"><ele>1159</ele></trkpt>
<trkpt lat="47.35539" lon="10.85558"><ele>1161</ele></trkpt>
<trkpt lat="47.35542" lon="10.8557"><ele>1162</ele></trkpt>
<trkpt lat="47.35547" lon="10.85576"><ele>1162</ele></trkpt>
<trkpt lat="47.35549" lon="10.85578"><ele>1162</ele></trkpt>
<trkpt lat="47.35554" lon="10.8558"><ele>1162</ele></trkpt>
<trkpt lat="47.35565" lon="10.85576"><ele>1164</ele></trkpt>
<trkpt lat="47.35583" lon="10.85566"><ele>1165</ele></trkpt>
<trkpt lat="47.35592" lon="10.85563"><ele>1165</ele></trkpt>
<trkpt lat="47.356" lon="10.85565"><ele>1165</ele></trkpt>
<trkpt lat="47.35608" lon="10.85571"><ele>1167</ele></trkpt>
<trkpt lat="47.35616" lon="10.85581"><ele>1168</ele></trkpt>
<trkpt lat="47.35635" lon="10.85616"><ele>1170</ele></trkpt>
<trkpt lat="47.35647" lon="10.85633"><ele>1171</ele></trkpt>
<trkpt lat="47.35665" lon="10.85664"><ele>1170</ele></trkpt>
<trkpt lat="47.35672" lon="10.8567"><ele>1170</ele></trkpt>
<trkpt lat="47.35678" lon="10.85672"><ele>1171</ele></trkpt>
<trkpt lat="47.357" lon="10.85669"><ele>1172</ele></trkpt>
<trkpt lat="47.35721" lon="10.8567"><ele>1173</ele></trkpt>
<trkpt lat="47.35744" lon="10.85665"><ele>1173</ele></trkpt>
<trkpt lat="47.35768" lon="10.85662"><ele>1174</ele></trkpt>
<trkpt lat="47.35793" lon="10.85664"><ele>1175</ele></trkpt>
<trkpt lat="47.35809" lon="10.8567"><ele>1175</ele></trkpt>
<trkpt lat="47.35818" lon="10.8567"><ele>1174</ele></trkpt>
<trkpt lat="47.35854" lon="10.85654"><ele>1173</ele></trkpt>
<trkpt lat="47.35896" lon="10.85622"><ele>1177</ele></trkpt>
<trkpt lat="47.35908" lon="10.85616"><ele>1177</ele></trkpt>
<trkpt lat="47.35923" lon="10.85615"><ele>1177</ele></trkpt>
<trkpt lat="47.35931" lon="10.85619"><ele>1177</ele></trkpt>
<trkpt lat="47.35936" lon="10.85625"><ele>1177</ele></trkpt>
<trkpt lat="47.35944" lon="10.85638"><ele>1177</ele></trkpt>
<trkpt lat="47.35955" lon="10.85672"><ele>1176</ele></trkpt>
<trkpt lat="47.35962" lon="10.85699"><ele>1175</ele></trkpt>
<trkpt lat="47.35967" lon="10.85737"><ele>1176</ele></trkpt>
<trkpt lat="47.35965" lon="10.85776"><ele>1178</ele></trkpt>
<trkpt lat="47.35969" lon="10.85796"><ele>1179</ele></trkpt>
<trkpt lat="47.35981" lon="10.85806"><ele>1177</ele></trkpt>
<trkpt lat="47.35983" lon="10.85819"><ele>1177</ele></trkpt>
<trkpt lat="47.35983" lon="10.85838"><ele>1177</ele></trkpt>
<trkpt lat="47.3598" lon="10.85855"><ele>1177</ele></trkpt>
<trkpt lat="47.35974" lon="10.85865"><ele>1178</ele></trkpt>
<trkpt lat="47.3597" lon="10.8588"><ele>1177</ele></trkpt>
<trkpt lat="47.35966" lon="10.85898"><ele>1176</ele></trkpt>
<trkpt lat="47.35967" lon="10.8593"><ele>1175</ele></trkpt>
<trkpt lat="47.35963" lon="10.85937"><ele>1176</ele></trkpt>
<trkpt lat="47.35938" lon="10.85964"><ele>1174</ele></trkpt>
<trkpt lat="47.35925" lon="10.85981"><ele>1173</ele></trkpt>
<trkpt lat="47.35915" lon="10.85999"><ele>1172</ele></trkpt>
<trkpt lat="47.35913" lon="10.86015"><ele>1171</ele></trkpt>
<trkpt lat="47.35913" lon="10.86036"><ele>1170</ele></trkpt>
<trkpt lat="47.35911" lon="10.8608"><ele>1167</ele></trkpt>
<trkpt lat="47.35913" lon="10.8613"><ele>1165</ele></trkpt>
<trkpt lat="47.35918" lon="10.86145"><ele>1163</ele></trkpt>
<trkpt lat="47.35925" lon="10.86153"><ele>1162</ele></trkpt>
<trkpt lat="47.35939" lon="10.86159"><ele>1160</ele></trkpt>
<trkpt lat="47.35961" lon="10.86159"><ele>1158</ele></trkpt>
<trkpt lat="47.35983" lon="10.86169"><ele>1155</ele></trkpt>
<trkpt lat="47.36" lon="10.86179"><ele>1154</ele></trkpt>
<trkpt lat="47.36008" lon="10.8619"><ele>1152</ele></trkpt>
<trkpt lat="47.36012" lon="10.86204"><ele>1151</ele></trkpt>
<trkpt lat="47.36013" lon="10.86239"><ele>1148</ele></trkpt>
<trkpt lat="47.36017" lon="10.86255"><ele>1147</ele></trkpt>
<trkpt lat="47.36021" lon="10.86269"><ele>1146</ele></trkpt>
<trkpt lat="47.3603" lon="10.86283"><ele>1145</ele></trkpt>
<trkpt lat="47.36036" lon="10.86288"><ele>1144</ele></trkpt>
<trkpt lat="47.36046" lon="10.86289"><ele>1144</ele></trkpt>
<trkpt lat="47.36063" lon="10.86298"><ele>1142</ele></trkpt>
<trkpt lat="47.36077" lon="10.86297"><ele>1140</ele></trkpt>
<trkpt lat="47.36096" lon="10.86285"><ele>1137</ele></trkpt>
<trkpt lat="47.3611" lon="10.86279"><ele>1137</ele></trkpt>
<trkpt lat="47.36124" lon="10.8628"><ele>1137</ele></trkpt>
<trkpt lat="47.36129" lon="10.86284"><ele>1136</ele></trkpt>
<trkpt lat="47.36132" lon="10.86293"><ele>1136</ele></trkpt>
<trkpt lat="47.36133" lon="10.86297"><ele>1135</ele></trkpt>
<trkpt lat="47.36133" lon="10.86308"><ele>1135</ele></trkpt>
<trkpt lat="47.36132" lon="10.86315"><ele>1134</ele></trkpt>
<trkpt lat="47.3613" lon="10.86323"><ele>1133</ele></trkpt>
<trkpt lat="47.36108" lon="10.86363"><ele>1134</ele></trkpt>
<trkpt lat="47.3609" lon="10.86375"><ele>1132</ele></trkpt>
<trkpt lat="47.36078" lon="10.86385"><ele>1129</ele></trkpt>
<trkpt lat="47.36068" lon="10.86389"><ele>1127</ele></trkpt>
<trkpt lat="47.36048" lon="10.86387"><ele>1127</ele></trkpt>
<trkpt lat="47.36038" lon="10.86392"><ele>1127</ele></trkpt>
<trkpt lat="47.36035" lon="10.86396"><ele>1127</ele></trkpt>
<trkpt lat="47.36033" lon="10.86405"><ele>1127</ele></trkpt>
<trkpt lat="47.3603" lon="10.86428"><ele>1124</ele></trkpt>
<trkpt lat="47.36027" lon="10.86436"><ele>1123</ele></trkpt>
<trkpt lat="47.36004" lon="10.86453"><ele>1122</ele></trkpt>
<trkpt lat="47.35999" lon="10.86461"><ele>1122</ele></trkpt>
<trkpt lat="47.35999" lon="10.86473"><ele>1121</ele></trkpt>
<trkpt lat="47.36006" lon="10.86511"><ele>1116</ele></trkpt>
<trkpt lat="47.36006" lon="10.86522"><ele>1115</ele></trkpt>
<trkpt lat="47.36005" lon="10.86537"><ele>1114</ele></trkpt>
<trkpt lat="47.35995" lon="10.86553"><ele>1113</ele></trkpt>
<trkpt lat="47.35985" lon="10.86566"><ele>1111</ele></trkpt>
<trkpt lat="47.3598" lon="10.86575"><ele>1110</ele></trkpt>
<trkpt lat="47.35979" lon="10.86587"><ele>1108</ele></trkpt>
<trkpt lat="47.35985" lon="10.86621"><ele>1106</ele></trkpt>
<trkpt lat="47.35991" lon="10.86642"><ele>1103</ele></trkpt>
<trkpt lat="47.36" lon="10.86657"><ele>1099</ele></trkpt>
<trkpt lat="47.36008" lon="10.86664"><ele>1098</ele></trkpt>
<trkpt lat="47.36032" lon="10.86675"><ele>1097</ele></trkpt>
<trkpt lat="47.36045" lon="10.86688"><ele>1096</ele></trkpt>
<trkpt lat="47.3606" lon="10.8671"><ele>1094</ele></trkpt>
<trkpt lat="47.3607" lon="10.86731"><ele>1093</ele></trkpt>
<trkpt lat="47.36077" lon="10.86754"><ele>1092</ele></trkpt>
<trkpt lat="47.36086" lon="10.86786"><ele>1090</ele></trkpt>
<trkpt lat="47.36093" lon="10.86802"><ele>1088</ele></trkpt>
<trkpt lat="47.36104" lon="10.86821"><ele>1087</ele></trkpt>
<trkpt lat="47.36158" lon="10.86958"><ele>1086</ele></trkpt>
<trkpt lat="47.36177" lon="10.86987"><ele>1085</ele></trkpt>
<trkpt lat="47.3619" lon="10.8703"><ele>1084</ele></trkpt>
<trkpt lat="47.36195" lon="10.87053"><ele>1083</ele></trkpt>
<trkpt lat="47.36202" lon="10.87078"><ele>1085</ele></trkpt>
<trkpt lat="47.36209" lon="10.87094"><ele>1086</ele></trkpt>
<trkpt lat="47.36215" lon="10.87111"><ele>1085</ele></trkpt>
<trkpt lat="47.36226" lon="10.87158"><ele>1085</ele></trkpt>
<trkpt lat="47.36235" lon="10.87192"><ele>1087</ele></trkpt>
<trkpt lat="47.36239" lon="10.87207"><ele>1087</ele></trkpt>
<trkpt lat="47.36248" lon="10.87244"><ele>1084</ele></trkpt>
<trkpt lat="47.36258" lon="10.87271"><ele>1087</ele></trkpt>
<trkpt lat="47.36268" lon="10.87292"><ele>1086</ele></trkpt>
<trkpt lat="47.36277" lon="10.87328"><ele>1084</ele></trkpt>
<trkpt lat="47.36289" lon="10.8735"><ele>1086</ele></trkpt>
<trkpt lat="47.36303" lon="10.87381"><ele>1084</ele></trkpt>
<trkpt lat="47.36311" lon="10.87398"><ele>1084</ele></trkpt>
<trkpt lat="47.36316" lon="10.87405"><ele>1084</ele></trkpt>
<trkpt lat="47.36343" lon="10.87425"><ele>1084</ele></trkpt>
<trkpt lat="47.36358" lon="10.87441"><ele>1084</ele></trkpt>
<trkpt lat="47.36378" lon="10.87464"><ele>1084</ele></trkpt>
<trkpt lat="47.3641" lon="10.87491"><ele>1083</ele></trkpt>
<trkpt lat="47.36431" lon="10.87525"><ele>1085</ele></trkpt>
<trkpt lat="47.36443" lon="10.8754"><ele>1084</ele></trkpt>
<trkpt lat="47.36459" lon="10.87584"><ele>1085</ele></trkpt>
<trkpt lat="47.3648" lon="10.87621"><ele>1085</ele></trkpt>
<trkpt lat="47.36484" lon="10.87625"><ele>1085</ele></trkpt>
<trkpt lat="47.36492" lon="10.87628"><ele>1085</ele></trkpt>
<trkpt lat="47.36516" lon="10.87639"><ele>1084</ele></trkpt>
<trkpt lat="47.36534" lon="10.87683"><ele>1084</ele></trkpt>
<trkpt lat="47.36586" lon="10.87797"><ele>1084</ele></trkpt>
<trkpt lat="47.36602" lon="10.8786"><ele>1085</ele></trkpt>
<trkpt lat="47.36609" lon="10.87896"><ele>1085</ele></trkpt>
<trkpt lat="47.36615" lon="10.87923"><ele>1085</ele></trkpt>
<trkpt lat="47.36622" lon="10.87945"><ele>1084</ele></trkpt>
<trkpt lat="47.36639" lon="10.87989"><ele>1084</ele></trkpt>
<trkpt lat="47.36654" lon="10.88018"><ele>1084</ele></trkpt>
<trkpt lat="47.36661" lon="10.88032"><ele>1084</ele></trkpt>
<trkpt lat="47.36665" lon="10.88038"><ele>1084</ele></trkpt>
<trkpt lat="47.36684" lon="10.88064"><ele>1084</ele></trkpt>
<trkpt lat="47.36754" lon="10.88139"><ele>1082</ele></trkpt>
<trkpt lat="47.36786" lon="10.88172"><ele>1079</ele></trkpt>
<trkpt lat="47.36819" lon="10.88201"><ele>1078</ele></trkpt>
<trkpt lat="47.36894" lon="10.88261"><ele>1072</ele></trkpt>
<trkpt lat="47.36921" lon="10.8828"><ele>1069</ele></trkpt>
<trkpt lat="47.36992" lon="10.88308"><ele>1062</ele></trkpt>
<trkpt lat="47.37015" lon="10.88331"><ele>1060</ele></trkpt>
<trkpt lat="47.37039" lon="10.88373"><ele>1056</ele></trkpt>
<trkpt lat="47.37052" lon="10.88405"><ele>1054</ele></trkpt>
<trkpt lat="47.37061" lon="10.88434"><ele>1052</ele></trkpt>
<trkpt lat="47.37082" lon="10.8852"><ele>1049</ele></trkpt>
<trkpt lat="47.37091" lon="10.88552"><ele>1047</ele></trkpt>
<trkpt lat="47.37109" lon="10.88592"><ele>1047</ele></trkpt>
<trkpt lat="47.37138" lon="10.88645"><ele>1044</ele></trkpt>
<trkpt lat="47.37163" lon="10.88688"><ele>1041</ele></trkpt>
<trkpt lat="47.37201" lon="10.88732"><ele>1038</ele></trkpt>
<trkpt lat="47.37255" lon="10.88781"><ele>1033</ele></trkpt>
<trkpt lat="47.37253" lon="10.88786"><ele>1033</ele></trkpt>
<trkpt lat="47.3725" lon="10.88791"><ele>1033</ele></trkpt>
<trkpt lat="47.37246" lon="10.88829"><ele>1034</ele></trkpt>
<trkpt lat="47.37243" lon="10.88836"><ele>1034</ele></trkpt>
<trkpt lat="47.37257" lon="10.88848"><ele>1032</ele></trkpt>
<trkpt lat="47.37273" lon="10.88859"><ele>1029</ele></trkpt>
<trkpt lat="47.37288" lon="10.8887"><ele>1027</ele></trkpt>
<trkpt lat="47.37297" lon="10.88878"><ele>1026</ele></trkpt>
<trkpt lat="47.37308" lon="10.88916"><ele>1023</ele></trkpt>
<trkpt lat="47.37312" lon="10.88935"><ele>1022</ele></trkpt>
<trkpt lat="47.37321" lon="10.89016"><ele>1021</ele></trkpt>
<trkpt lat="47.37324" lon="10.89028"><ele>1021</ele></trkpt>
<trkpt lat="47.37361" lon="10.89056"><ele>1016</ele></trkpt>
<trkpt lat="47.3738" lon="10.89066"><ele>1013</ele></trkpt>
<trkpt lat="47.37394" lon="10.89071"><ele>1012</ele></trkpt>
<trkpt lat="47.37426" lon="10.89087"><ele>1009</ele></trkpt>
<trkpt lat="47.3744" lon="10.89097"><ele>1008</ele></trkpt>
<trkpt lat="47.37453" lon="10.89111"><ele>1007</ele></trkpt>
<trkpt lat="47.37462" lon="10.89126"><ele>1006</ele></trkpt>
<trkpt lat="47.37466" lon="10.8913"><ele>1006</ele></trkpt>
<trkpt lat="47.37478" lon="10.89131"><ele>1005</ele></trkpt>
<trkpt lat="47.37489" lon="10.89136"><ele>1004</ele></trkpt>
<trkpt lat="47.37492" lon="10.89139"><ele>1003</ele></trkpt>
<trkpt lat="47.37496" lon="10.89143"><ele>1003</ele></trkpt>
<trkpt lat="47.37521" lon="10.89159"><ele>1003</ele></trkpt>
<trkpt lat="47.37531" lon="10.89163"><ele>1002</ele></trkpt>
<trkpt lat="47.37537" lon="10.89165"><ele>1001</ele></trkpt>
<trkpt lat="47.37539" lon="10.89167"><ele>1000</ele></trkpt>
<trkpt lat="47.37541" lon="10.89174"><ele>1000</ele></trkpt>
<trkpt lat="47.37543" lon="10.89179"><ele>1000</ele></trkpt>
<trkpt lat="47.37546" lon="10.89188"><ele>1000</ele></trkpt>
<trkpt lat="47.37555" lon="10.89204"><ele>1000</ele></trkpt>
<trkpt lat="47.37582" lon="10.89227"><ele>1000</ele></trkpt>
<trkpt lat="47.37596" lon="10.89237"><ele>1000</ele></trkpt>
<trkpt lat="47.376" lon="10.89242"><ele>1000</ele></trkpt>
<trkpt lat="47.37602" lon="10.89248"><ele>1001</ele></trkpt>
<trkpt lat="47.37604" lon="10.89259"><ele>1003</ele></trkpt>
<trkpt lat="47.37604" lon="10.8927"><ele>1004</ele></trkpt>
<trkpt lat="47.37608" lon="10.89277"><ele>1005</ele></trkpt>
<trkpt lat="47.37672" lon="10.89339"><ele>1005</ele></trkpt>
<trkpt lat="47.37708" lon="10.8937"><ele>1003</ele></trkpt>
<trkpt lat="47.37733" lon="10.89392"><ele>1004</ele></trkpt>
<trkpt lat="47.37778" lon="10.8942"><ele>1001</ele></trkpt>
<trkpt lat="47.37794" lon="10.89433"><ele>1000</ele></trkpt>
<trkpt lat="47.37827" lon="10.89475"><ele>995</ele></trkpt>
<trkpt lat="47.37849" lon="10.89465"><ele>992</ele></trkpt>
<trkpt lat="47.37873" lon="10.89441"><ele>988</ele></trkpt>
<trkpt lat="47.37884" lon="10.89425"><ele>987</ele></trkpt>
<trkpt lat="47.37889" lon="10.89421"><ele>987</ele></trkpt>
<trkpt lat="47.37897" lon="10.89419"><ele>987</ele></trkpt>
<trkpt lat="47.37915" lon="10.89418"><ele>987</ele></trkpt>
<trkpt lat="47.37941" lon="10.89421"><ele>987</ele></trkpt>
<trkpt lat="47.37964" lon="10.89421"><ele>987</ele></trkpt>
<trkpt lat="47.37974" lon="10.89425"><ele>987</ele></trkpt>
<trkpt lat="47.38005" lon="10.89443"><ele>986</ele></trkpt>
<trkpt lat="47.38013" lon="10.89446"><ele>987</ele></trkpt>
<trkpt lat="47.38023" lon="10.89446"><ele>987</ele></trkpt>
<trkpt lat="47.38037" lon="10.89443"><ele>986</ele></trkpt>
<trkpt lat="47.38045" lon="10.89441"><ele>986</ele></trkpt>
<trkpt lat="47.38052" lon="10.89436"><ele>985</ele></trkpt>
<trkpt lat="47.38071" lon="10.89409"><ele>984</ele></trkpt>
<trkpt lat="47.38076" lon="10.894"><ele>983</ele></trkpt>
<trkpt lat="47.38088" lon="10.89387"><ele>984</ele></trkpt>
<trkpt lat="47.38089" lon="10.89393"><ele>984</ele></trkpt>
<trkpt lat="47.38099" lon="10.89416"><ele>983</ele></trkpt>
<trkpt lat="47.38114" lon="10.89441"><ele>983</ele></trkpt>
<trkpt lat="47.38123" lon="10.89458"><ele>983</ele></trkpt>
<trkpt lat="47.38143" lon="10.8948"><ele>984</ele></trkpt>
<trkpt lat="47.3817" lon="10.8954"><ele>984</ele></trkpt>
<trkpt lat="47.38178" lon="10.89555"><ele>984</ele></trkpt>
<trkpt lat="47.38183" lon="10.89567"><ele>983</ele></trkpt>
<trkpt lat="47.38185" lon="10.89576"><ele>983</ele></trkpt>
<trkpt lat="47.38194" lon="10.89608"><ele>982</ele></trkpt>
<trkpt lat="47.38211" lon="10.89674"><ele>982</ele></trkpt>
<trkpt lat="47.38238" lon="10.89749"><ele>982</ele></trkpt>
<trkpt lat="47.38243" lon="10.89771"><ele>981</ele></trkpt>
<trkpt lat="47.38245" lon="10.89799"><ele>980</ele></trkpt>
<trkpt lat="47.38244" lon="10.89845"><ele>980</ele></trkpt>
<trkpt lat="47.38246" lon="10.89863"><ele>979</ele></trkpt>
<trkpt lat="47.38246" lon="10.8987"><ele>979</ele></trkpt>
<trkpt lat="47.38246" lon="10.89876"><ele>979</ele></trkpt>
<trkpt lat="47.38244" lon="10.89888"><ele>978</ele></trkpt>
<trkpt lat="47.38221" lon="10.89963"><ele>979</ele></trkpt>
<trkpt lat="47.38213" lon="10.90002"><ele>978</ele></trkpt>
<trkpt lat="47.38207" lon="10.90045"><ele>978</ele></trkpt>
<trkpt lat="47.38204" lon="10.90111"><ele>975</ele></trkpt>
<trkpt lat="47.382" lon="10.90124"><ele>975</ele></trkpt>
<trkpt lat="47.38203" lon="10.90128"><ele>975</ele></trkpt>
<trkpt lat="47.38214" lon="10.90137"><ele>975</ele></trkpt>
<trkpt lat="47.3822" lon="10.90143"><ele>975</ele></trkpt>
<trkpt lat="47.38224" lon="10.90151"><ele>975</ele></trkpt>
<trkpt lat="47.38227" lon="10.90161"><ele>975</ele></trkpt>
<trkpt lat="47.38244" lon="10.90179"><ele>975</ele></trkpt>
<trkpt lat="47.38246" lon="10.90186"><ele>975</ele></trkpt>
<trkpt lat="47.38245" lon="10.90192"><ele>975</ele></trkpt>
<trkpt lat="47.38239" lon="10.90206"><ele>974</ele></trkpt>
<trkpt lat="47.38239" lon="10.90226"><ele>973</ele></trkpt>
<trkpt lat="47.38246" lon="10.90241"><ele>973</ele></trkpt>
<trkpt lat="47.38245" lon="10.90254"><ele>973</ele></trkpt>
<trkpt lat="47.38237" lon="10.90303"><ele>972</ele></trkpt>
<trkpt lat="47.38236" lon="10.90318"><ele>972</ele></trkpt>
<trkpt lat="47.38238" lon="10.90325"><ele>972</ele></trkpt>
<trkpt lat="47.3824" lon="10.90332"><ele>972</ele></trkpt>
<trkpt lat="47.38246" lon="10.90339"><ele>972</ele></trkpt>
<trkpt lat="47.3828" lon="10.90362"><ele>971</ele></trkpt>
<trkpt lat="47.38302" lon="10.90382"><ele>970</ele></trkpt>
<trkpt lat="47.38308" lon="10.9039"><ele>970</ele></trkpt>
<trkpt lat="47.38311" lon="10.90396"><ele>970</ele></trkpt>
<trkpt lat="47.38315" lon="10.90402"><ele>970</ele></trkpt>
<trkpt lat="47.38318" lon="10.90409"><ele>970</ele></trkpt>
<trkpt lat="47.38326" lon="10.9044"><ele>968</ele></trkpt>
<trkpt lat="47.38327" lon="10.90447"><ele>968</ele></trkpt>
<trkpt lat="47.38328" lon="10.90452"><ele>968</ele></trkpt>
<trkpt lat="47.38339" lon="10.90469"><ele>968</ele></trkpt>
<trkpt lat="47.38343" lon="10.90475"><ele>968</ele></trkpt>
<trkpt lat="47.38353" lon="10.90478"><ele>968</ele></trkpt>
<trkpt lat="47.38374" lon="10.90493"><ele>967</ele></trkpt>
<trkpt lat="47.38382" lon="10.90488"><ele>967</ele></trkpt>
<trkpt lat="47.38392" lon="10.90478"><ele>967</ele></trkpt>
<trkpt lat="47.38411" lon="10.90463"><ele>967</ele></trkpt>
<trkpt lat="47.38417" lon="10.90447"><ele>966</ele></trkpt>
<trkpt lat="47.38422" lon="10.90443"><ele>966</ele></trkpt>
<trkpt lat="47.38447" lon="10.90435"><ele>965</ele></trkpt>
<trkpt lat="47.38457" lon="10.90436"><ele>965</ele></trkpt>
<trkpt lat="47.38463" lon="10.90439"><ele>965</ele></trkpt>
<trkpt lat="47.38488" lon="10.90464"><ele>965</ele></trkpt>
<trkpt lat="47.38504" lon="10.90475"><ele>964</ele></trkpt>
<trkpt lat="47.38529" lon="10.90485"><ele>964</ele></trkpt>
<trkpt lat="47.38601" lon="10.90524"><ele>964</ele></trkpt>
<trkpt lat="47.38628" lon="10.90542"><ele>964</ele></trkpt>
<trkpt lat="47.38634" lon="10.90548"><ele>964</ele></trkpt>
<trkpt lat="47.38647" lon="10.90565"><ele>964</ele></trkpt>
<trkpt lat="47.38666" lon="10.90585"><ele>964</ele></trkpt>
<trkpt lat="47.38683" lon="10.90592"><ele>964</ele></trkpt>
<trkpt lat="47.38707" lon="10.90592"><ele>964</ele></trkpt>
<trkpt lat="47.38736" lon="10.90583"><ele>964</ele></trkpt>
<trkpt lat="47.38754" lon="10.90583"><ele>963</ele></trkpt>
<trkpt lat="47.38764" lon="10.90586"><ele>963</ele></trkpt>
<trkpt lat="47.38785" lon="10.90597"><ele>963</ele></trkpt>
<trkpt lat="47.38812" lon="10.90617"><ele>963</ele></trkpt>
<trkpt lat="47.38863" lon="10.90639"><ele>963</ele></trkpt>
<trkpt lat="47.38902" lon="10.90672"><ele>962</ele></trkpt>
<trkpt lat="47.38916" lon="10.90676"><ele>962</ele></trkpt>
<trkpt lat="47.38934" lon="10.90677"><ele>962</ele></trkpt>
<trkpt lat="47.38958" lon="10.90672"><ele>962</ele></trkpt>
<trkpt lat="47.38975" lon="10.90676"><ele>962</ele></trkpt>
<trkpt lat="47.38996" lon="10.90684"><ele>962</ele></trkpt>
<trkpt lat="47.39007" lon="10.90684"><ele>962</ele></trkpt>
<trkpt lat="47.39021" lon="10.9068"><ele>962</ele></trkpt>
<trkpt lat="47.39031" lon="10.90671"><ele>962</ele></trkpt>
<trkpt lat="47.39077" lon="10.90638"><ele>963</ele></trkpt>
<trkpt lat="47.39157" lon="10.90635"><ele>963</ele></trkpt>
<trkpt lat="47.3918" lon="10.90626"><ele>962</ele></trkpt>
<trkpt lat="47.39212" lon="10.90599"><ele>962</ele></trkpt>
<trkpt lat="47.39226" lon="10.90592"><ele>962</ele></trkpt>
<trkpt lat="47.3926" lon="10.90597"><ele>962</ele></trkpt>
<trkpt lat="47.39275" lon="10.90596"><ele>962</ele></trkpt>
<trkpt lat="47.39346" lon="10.90564"><ele>962</ele></trkpt>
<trkpt lat="47.39357" lon="10.90555"><ele>963</ele></trkpt>
<trkpt lat="47.39399" lon="10.90532"><ele>962</ele></trkpt>
<trkpt lat="47.39423" lon="10.90517"><ele>962</ele></trkpt>
<trkpt lat="47.39433" lon="10.90505"><ele>962</ele></trkpt>
<trkpt lat="47.39441" lon="10.9049"><ele>962</ele></trkpt>
<trkpt lat="47.39448" lon="10.90469"><ele>962</ele></trkpt>
<trkpt lat="47.39457" lon="10.90445"><ele>962</ele></trkpt>
<trkpt lat="47.39473" lon="10.90413"><ele>962</ele></trkpt>
<trkpt lat="47.39482" lon="10.90399"><ele>962</ele></trkpt>
<trkpt lat="47.39491" lon="10.90385"><ele>962</ele></trkpt>
<trkpt lat="47.39527" lon="10.90365"><ele>962</ele></trkpt>
<trkpt lat="47.39547" lon="10.90361"><ele>962</ele></trkpt>
<trkpt lat="47.39559" lon="10.90361"><ele>963</ele></trkpt>
<trkpt lat="47.39595" lon="10.9037"><ele>962</ele></trkpt>
<trkpt lat="47.39687" lon="10.90399"><ele>962</ele></trkpt>
<trkpt lat="47.39764" lon="10.90406"><ele>962</ele></trkpt>
<trkpt lat="47.39783" lon="10.90414"><ele>962</ele></trkpt>
<trkpt lat="47.398" lon="10.90423"><ele>962</ele></trkpt>
<trkpt lat="47.39822" lon="10.90438"><ele>962</ele></trkpt>
<trkpt lat="47.39841" lon="10.90461"><ele>962</ele></trkpt>
<trkpt lat="47.39851" lon="10.90469"><ele>962</ele></trkpt>
<trkpt lat="47.3986" lon="10.90473"><ele>962</ele></trkpt>
<trkpt lat="47.39868" lon="10.90475"><ele>962</ele></trkpt>
<trkpt lat="47.39878" lon="10.90473"><ele>962</ele></trkpt>
<trkpt lat="47.39887" lon="10.90468"><ele>962</ele></trkpt>
<trkpt lat="47.39896" lon="10.9046"><ele>962</ele></trkpt>
<trkpt lat="47.39912" lon="10.90439"><ele>962</ele></trkpt>
<trkpt lat="47.39931" lon="10.90418"><ele>962</ele></trkpt>
<trkpt lat="47.39949" lon="10.90403"><ele>961</ele></trkpt>
<trkpt lat="47.39953" lon="10.90399"><ele>962</ele></trkpt>
<trkpt lat="47.39964" lon="10.90398"><ele>962</ele></trkpt>
<trkpt lat="47.39975" lon="10.90394"><ele>962</ele></trkpt>
<trkpt lat="47.39982" lon="10.90394"><ele>962</ele></trkpt>
<trkpt lat="47.39991" lon="10.90397"><ele>962</ele></trkpt>
<trkpt lat="47.40004" lon="10.90405"><ele>961</ele></trkpt>
<trkpt lat="47.40018" lon="10.90418"><ele>962</ele></trkpt>
<trkpt lat="47.40113" lon="10.90505"><ele>962</ele></trkpt>
<trkpt lat="47.4012" lon="10.90487"><ele>963</ele></trkpt>
<trkpt lat="47.40123" lon="10.90471"><ele>963</ele></trkpt>
<trkpt lat="47.40122" lon="10.90447"><ele>963</ele></trkpt>
<trkpt lat="47.40119" lon="10.90427"><ele>963</ele></trkpt>
<trkpt lat="47.40116" lon="10.90388"><ele>963</ele></trkpt>
<trkpt lat="47.4012" lon="10.9037"><ele>963</ele></trkpt>
<trkpt lat="47.40126" lon="10.90357"><ele>963</ele></trkpt>
<trkpt lat="47.4015" lon="10.90325"><ele>964</ele></trkpt>
<trkpt lat="47.40155" lon="10.90314"><ele>964</ele></trkpt>
<trkpt lat="47.40158" lon="10.90302"><ele>963</ele></trkpt>
<trkpt lat="47.4018" lon="10.90153"><ele>964</ele></trkpt>
<trkpt lat="47.40182" lon="10.90131"><ele>964</ele></trkpt>
<trkpt lat="47.40178" lon="10.89991"><ele>964</ele></trkpt>
<trkpt lat="47.40174" lon="10.89853"><ele>965</ele></trkpt>
<trkpt lat="47.40169" lon="10.89767"><ele>965</ele></trkpt>
<trkpt lat="47.40168" lon="10.89612"><ele>965</ele></trkpt>
<trkpt lat="47.40168" lon="10.89585"><ele>965</ele></trkpt>
<trkpt lat="47.40165" lon="10.89561"><ele>965</ele></trkpt>
<trkpt lat="47.40162" lon="10.89522"><ele>966</ele></trkpt>
<trkpt lat="47.40174" lon="10.89294"><ele>967</ele></trkpt>
<trkpt lat="47.40166" lon="10.89196"><ele>967</ele></trkpt>
<trkpt lat="47.40165" lon="10.89175"><ele>967</ele></trkpt>
<trkpt lat="47.40168" lon="10.89157"><ele>967</ele></trkpt>
<trkpt lat="47.40176" lon="10.89133"><ele>967</ele></trkpt>
<trkpt lat="47.40203" lon="10.89064"><ele>967</ele></trkpt>
<trkpt lat="47.4021" lon="10.89041"><ele>967</ele></trkpt>
<trkpt lat="47.40222" lon="10.88932"><ele>968</ele></trkpt>
<trkpt lat="47.40223" lon="10.88926"><ele>968</ele></trkpt>
<trkpt lat="47.40225" lon="10.88922"><ele>968</ele></trkpt>
<trkpt lat="47.40228" lon="10.88924"><ele>968</ele></trkpt>
<trkpt lat="47.40233" lon="10.88932"><ele>968</ele></trkpt>
<trkpt lat="47.40238" lon="10.8894"><ele>968</ele></trkpt>
<trkpt lat="47.40253" lon="10.88933"><ele>969</ele></trkpt>
<trkpt lat="47.40268" lon="10.88924"><ele>970</ele></trkpt>
<trkpt lat="47.40276" lon="10.88924"><ele>970</ele></trkpt>
<trkpt lat="47.40284" lon="10.88927"><ele>970</ele></trkpt>
<trkpt lat="47.40295" lon="10.88934"><ele>970</ele></trkpt>
<trkpt lat="47.40306" lon="10.8894"><ele>970</ele></trkpt>
<trkpt lat="47.40312" lon="10.88941"><ele>970</ele></trkpt>
<trkpt lat="47.40317" lon="10.8894"><ele>970</ele></trkpt>
<trkpt lat="47.40325" lon="10.88933"><ele>970</ele></trkpt>
<trkpt lat="47.4033" lon="10.88923"><ele>970</ele></trkpt>
<trkpt lat="47.40337" lon="10.88905"><ele>971</ele></trkpt>
<trkpt lat="47.40349" lon="10.88868"><ele>972</ele></trkpt>
<trkpt lat="47.40356" lon="10.88855"><ele>972</ele></trkpt>
<trkpt lat="47.40361" lon="10.88853"><ele>973</ele></trkpt>
<trkpt lat="47.40366" lon="10.88853"><ele>973</ele></trkpt>
<trkpt lat="47.40379" lon="10.88861"><ele>974</ele></trkpt>
<trkpt lat="47.40403" lon="10.88881"><ele>977</ele></trkpt>
<trkpt lat="47.40414" lon="10.88892"><ele>979</ele></trkpt>
<trkpt lat="47.40432" lon="10.88912"><ele>983</ele></trkpt>
<trkpt lat="47.40437" lon="10.88914"><ele>984</ele></trkpt>
<trkpt lat="47.4044" lon="10.88914"><ele>985</ele></trkpt>
<trkpt lat="47.4045" lon="10.88932"><ele>988</ele></trkpt>
<trkpt lat="47.40453" lon="10.88944"><ele>989</ele></trkpt>
<trkpt lat="47.40457" lon="10.88955"><ele>990</ele></trkpt>
<trkpt lat="47.40461" lon="10.88958"><ele>991</ele></trkpt>
<trkpt lat="47.40465" lon="10.88958"><ele>992</ele></trkpt>
<trkpt lat="47.40469" lon="10.88949"><ele>992</ele></trkpt>
<trkpt lat="47.40473" lon="10.88936"><ele>993</ele></trkpt>
<trkpt lat="47.40475" lon="10.88928"><ele>993</ele></trkpt>
<trkpt lat="47.40478" lon="10.88918"><ele>993</ele></trkpt>
<trkpt lat="47.40491" lon="10.88847"><ele>993</ele></trkpt>
<trkpt lat="47.40493" lon="10.88826"><ele>994</ele></trkpt>
<trkpt lat="47.40493" lon="10.88786"><ele>994</ele></trkpt>
<trkpt lat="47.40485" lon="10.88525"><ele>998</ele></trkpt>
<trkpt lat="47.40486" lon="10.88508"><ele>999</ele></trkpt>
<trkpt lat="47.40505" lon="10.88394"><ele>1002</ele></trkpt>
<trkpt lat="47.40512" lon="10.88309"><ele>1003</ele></trkpt>
<trkpt lat="47.40521" lon="10.88172"><ele>1004</ele></trkpt>
<trkpt lat="47.40526" lon="10.88095"><ele>1004</ele></trkpt>
<trkpt lat="47.40535" lon="10.88055"><ele>1005</ele></trkpt>
<trkpt lat="47.40556" lon="10.87743"><ele>1004</ele></trkpt>
<trkpt lat="47.4056" lon="10.87718"><ele>1004</ele></trkpt>
<trkpt lat="47.40564" lon="10.87668"><ele>1004</ele></trkpt>
<trkpt lat="47.40568" lon="10.87646"><ele>1005</ele></trkpt>
<trkpt lat="47.40567" lon="10.8764"><ele>1005</ele></trkpt>
<trkpt lat="47.40564" lon="10.87635"><ele>1005</ele></trkpt>
<trkpt lat="47.40561" lon="10.87634"><ele>1005</ele></trkpt>
<trkpt lat="47.40547" lon="10.87632"><ele>1002</ele></trkpt>
<trkpt lat="47.40539" lon="10.87631"><ele>1001</ele></trkpt>
<trkpt lat="47.40536" lon="10.87633"><ele>1000</ele></trkpt>
<trkpt lat="47.40534" lon="10.8763"><ele>999</ele></trkpt>
<trkpt lat="47.40526" lon="10.87625"><ele>998</ele></trkpt>
<trkpt lat="47.4053" lon="10.87605"><ele>999</ele></trkpt>
<trkpt lat="47.40534" lon="10.87581"><ele>1000</ele></trkpt>
<trkpt lat="47.40535" lon="10.87563"><ele>1001</ele></trkpt>
<trkpt lat="47.40537" lon="10.87543"><ele>1002</ele></trkpt>
<trkpt lat="47.40537" lon="10.87508"><ele>1004</ele></trkpt>
<trkpt lat="47.40536" lon="10.87418"><ele>1006</ele></trkpt>
<trkpt lat="47.40535" lon="10.87381"><ele>1008</ele></trkpt>
<trkpt lat="47.40534" lon="10.87364"><ele>1008</ele></trkpt>
<trkpt lat="47.40541" lon="10.87361"><ele>1009</ele></trkpt>
<trkpt lat="47.40543" lon="10.87346"><ele>1010</ele></trkpt>
<trkpt lat="47.40544" lon="10.87316"><ele>1011</ele></trkpt>
<trkpt lat="47.40545" lon="10.87308"><ele>1012</ele></trkpt>
<trkpt lat="47.40546" lon="10.87304"><ele>1012</ele></trkpt>
<trkpt lat="47.40551" lon="10.87282"><ele>1012</ele></trkpt>
<trkpt lat="47.40552" lon="10.87273"><ele>1012</ele></trkpt>
<trkpt lat="47.40555" lon="10.87259"><ele>1013</ele></trkpt>
<trkpt lat="47.40556" lon="10.87239"><ele>1013</ele></trkpt>
<trkpt lat="47.40561" lon="10.87218"><ele>1012</ele></trkpt>
<trkpt lat="47.40578" lon="10.87171"><ele>1013</ele></trkpt>
<trkpt lat="47.40584" lon="10.87152"><ele>1013</ele></trkpt>
<trkpt lat="47.40599" lon="10.87115"><ele>1012</ele></trkpt>
<trkpt lat="47.40602" lon="10.87109"><ele>1012</ele></trkpt>
<trkpt lat="47.40613" lon="10.87067"><ele>1012</ele></trkpt>
<trkpt lat="47.40609" lon="10.87061"><ele>1011</ele></trkpt>
<trkpt lat="47.40624" lon="10.87023"><ele>1010</ele></trkpt>
<trkpt lat="47.4064" lon="10.86983"><ele>1010</ele></trkpt>
<trkpt lat="47.40655" lon="10.86947"><ele>1010</ele></trkpt>
<trkpt lat="47.40688" lon="10.86871"><ele>1011</ele></trkpt>
<trkpt lat="47.40691" lon="10.86863"><ele>1011</ele></trkpt>
<trkpt lat="47.407" lon="10.86841"><ele>1012</ele></trkpt>
<trkpt lat="47.40715" lon="10.8681"><ele>1012</ele></trkpt>
<trkpt lat="47.40722" lon="10.86797"><ele>1012</ele></trkpt>
<trkpt lat="47.40707" lon="10.86773"><ele>1013</ele></trkpt>
<trkpt lat="47.40698" lon="10.8676"><ele>1013</ele></trkpt>
<trkpt lat="47.40685" lon="10.86745"><ele>1013</ele></trkpt>
<trkpt lat="47.40667" lon="10.86733"><ele>1014</ele></trkpt>
<trkpt lat="47.40654" lon="10.86722"><ele>1014</ele></trkpt>
<trkpt lat="47.4065" lon="10.86717"><ele>1015</ele></trkpt>
<trkpt lat="47.40648" lon="10.86711"><ele>1015</ele></trkpt>
<trkpt lat="47.40646" lon="10.867"><ele>1015</ele></trkpt>
<trkpt lat="47.40647" lon="10.86689"><ele>1015</ele></trkpt>
<trkpt lat="47.40654" lon="10.86661"><ele>1016</ele></trkpt>
<trkpt lat="47.40683" lon="10.86618"><ele>1018</ele></trkpt>
<trkpt lat="47.4071" lon="10.86584"><ele>1019</ele></trkpt>
<trkpt lat="47.40749" lon="10.86529"><ele>1020</ele></trkpt>
<trkpt lat="47.40756" lon="10.86518"><ele>1020</ele></trkpt>
<trkpt lat="47.40765" lon="10.86496"><ele>1021</ele></trkpt>
<trkpt lat="47.4078" lon="10.86453"><ele>1020</ele></trkpt>
<trkpt lat="47.40802" lon="10.86402"><ele>1022</ele></trkpt>
<trkpt lat="47.4083" lon="10.86357"><ele>1023</ele></trkpt>
<trkpt lat="47.40867" lon="10.8631"><ele>1025</ele></trkpt>
<trkpt lat="47.40908" lon="10.86276"><ele>1028</ele></trkpt>
<trkpt lat="47.40944" lon="10.86257"><ele>1030</ele></trkpt>
<trkpt lat="47.40961" lon="10.86243"><ele>1031</ele></trkpt>
<trkpt lat="47.40974" lon="10.86228"><ele>1032</ele></trkpt>
<trkpt lat="47.40981" lon="10.86212"><ele>1033</ele></trkpt>
<trkpt lat="47.40986" lon="10.86208"><ele>1033</ele></trkpt>
<trkpt lat="47.40995" lon="10.86197"><ele>1034</ele></trkpt>
<trkpt lat="47.40998" lon="10.86194"><ele>1035</ele></trkpt>
<trkpt lat="47.41005" lon="10.86188"><ele>1035</ele></trkpt>
<trkpt lat="47.41019" lon="10.86179"><ele>1034</ele></trkpt>
<trkpt lat="47.41028" lon="10.86177"><ele>1034</ele></trkpt>
<trkpt lat="47.41045" lon="10.86177"><ele>1033</ele></trkpt>
<trkpt lat="47.41056" lon="10.86175"><ele>1033</ele></trkpt>
<trkpt lat="47.41065" lon="10.86174"><ele>1033</ele></trkpt>
<trkpt lat="47.41071" lon="10.86175"><ele>1033</ele></trkpt>
<trkpt lat="47.4108" lon="10.86177"><ele>1033</ele></trkpt>
<trkpt lat="47.41082" lon="10.86178"><ele>1033</ele></trkpt>
<trkpt lat="47.41083" lon="10.8617"><ele>1033</ele></trkpt>
<trkpt lat="47.41083" lon="10.8616"><ele>1033</ele></trkpt>
<trkpt lat="47.41081" lon="10.86148"><ele>1033</ele></trkpt>
<trkpt lat="47.41082" lon="10.86132"><ele>1033</ele></trkpt>
<trkpt lat="47.41091" lon="10.86119"><ele>1033</ele></trkpt>
<trkpt lat="47.41116" lon="10.86065"><ele>1034</ele></trkpt>
<trkpt lat="47.41146" lon="10.85991"><ele>1036</ele></trkpt>
<trkpt lat="47.41175" lon="10.85903"><ele>1039</ele></trkpt>
<trkpt lat="47.41186" lon="10.85882"><ele>1040</ele></trkpt>
<trkpt lat="47.41194" lon="10.85856"><ele>1039</ele></trkpt>
<trkpt lat="47.41204" lon="10.85834"><ele>1040</ele></trkpt>
<trkpt lat="47.41212" lon="10.85797"><ele>1043</ele></trkpt>
<trkpt lat="47.41221" lon="10.85763"><ele>1042</ele></trkpt>
<trkpt lat="47.4123" lon="10.85723"><ele>1044</ele></trkpt>
<trkpt lat="47.41238" lon="10.85679"><ele>1047</ele></trkpt>
<trkpt lat="47.41246" lon="10.85631"><ele>1046</ele></trkpt>
<trkpt lat="47.41251" lon="10.85596"><ele>1045</ele></trkpt>
<trkpt lat="47.41257" lon="10.8557"><ele>1048</ele></trkpt>
<trkpt lat="47.41277" lon="10.85532"><ele>1047</ele></trkpt>
<trkpt lat="47.41308" lon="10.85479"><ele>1052</ele></trkpt>
<trkpt lat="47.41317" lon="10.85452"><ele>1053</ele></trkpt>
<trkpt lat="47.41322" lon="10.85427"><ele>1053</ele></trkpt>
<trkpt lat="47.41341" lon="10.85421"><ele>1052</ele></trkpt>
<trkpt lat="47.41346" lon="10.8542"><ele>1052</ele></trkpt>
<trkpt lat="47.4136" lon="10.85422"><ele>1051</ele></trkpt>
<trkpt lat="47.41374" lon="10.85429"><ele>1051</ele></trkpt>
<trkpt lat="47.41381" lon="10.85392"><ele>1054</ele></trkpt>
<trkpt lat="47.41397" lon="10.8535"><ele>1057</ele></trkpt>
<trkpt lat="47.41409" lon="10.85305"><ele>1060</ele></trkpt>
<trkpt lat="47.41425" lon="10.85254"><ele>1062</ele></trkpt>
<trkpt lat="47.41454" lon="10.85194"><ele>1063</ele></trkpt>
<trkpt lat="47.41467" lon="10.85147"><ele>1068</ele></trkpt>
<trkpt lat="47.41471" lon="10.85102"><ele>1069</ele></trkpt>
<trkpt lat="47.41484" lon="10.85034"><ele>1071</ele></trkpt>
<trkpt lat="47.41504" lon="10.84957"><ele>1075</ele></trkpt>
<trkpt lat="47.41533" lon="10.84858"><ele>1079</ele></trkpt>
<trkpt lat="47.41543" lon="10.84811"><ele>1080</ele></trkpt>
<trkpt lat="47.41554" lon="10.84755"><ele>1084</ele></trkpt>
<trkpt lat="47.41574" lon="10.84659"><ele>1088</ele></trkpt>
<trkpt lat="47.41589" lon="10.84621"><ele>1090</ele></trkpt>
<trkpt lat="47.41603" lon="10.84591"><ele>1092</ele></trkpt>
<trkpt lat="47.41612" lon="10.84566"><ele>1092</ele></trkpt>
<trkpt lat="47.41638" lon="10.8451"><ele>1097</ele></trkpt>
<trkpt lat="47.41653" lon="10.84489"><ele>1098</ele></trkpt>
<trkpt lat="47.41676" lon="10.84465"><ele>1098</ele></trkpt>
<trkpt lat="47.41682" lon="10.84455"><ele>1098</ele></trkpt>
<trkpt lat="47.41692" lon="10.84434"><ele>1097</ele></trkpt>
<trkpt lat="47.417" lon="10.84407"><ele>1099</ele></trkpt>
<trkpt lat="47.41711" lon="10.84338"><ele>1100</ele></trkpt>
<trkpt lat="47.41717" lon="10.84324"><ele>1099</ele></trkpt>
<trkpt lat="47.41731" lon="10.84281"><ele>1102</ele></trkpt>
<trkpt lat="47.41735" lon="10.84273"><ele>1102</ele></trkpt>
<trkpt lat="47.4174" lon="10.84262"><ele>1102</ele></trkpt>
<trkpt lat="47.41748" lon="10.84235"><ele>1102</ele></trkpt>
<trkpt lat="47.41755" lon="10.84208"><ele>1103</ele></trkpt>
<trkpt lat="47.41759" lon="10.84181"><ele>1104</ele></trkpt>
<trkpt lat="47.41761" lon="10.84159"><ele>1105</ele></trkpt>
<trkpt lat="47.41759" lon="10.84139"><ele>1106</ele></trkpt>
<trkpt lat="47.4176" lon="10.84106"><ele>1107</ele></trkpt>
<trkpt lat="47.41757" lon="10.84081"><ele>1108</ele></trkpt>
<trkpt lat="47.41762" lon="10.84004"><ele>1111</ele></trkpt>
<trkpt lat="47.41764" lon="10.83948"><ele>1112</ele></trkpt>
<trkpt lat="47.4176" lon="10.83907"><ele>1114</ele></trkpt>
<trkpt lat="47.41757" lon="10.8389"><ele>1115</ele></trkpt>
<trkpt lat="47.41756" lon="10.83865"><ele>1116</ele></trkpt>
<trkpt lat="47.41755" lon="10.83839"><ele>1118</ele></trkpt>
<trkpt lat="47.41755" lon="10.83745"><ele>1123</ele></trkpt>
<trkpt lat="47.41752" lon="10.83676"><ele>1128</ele></trkpt>
<trkpt lat="47.41753" lon="10.83646"><ele>1128</ele></trkpt>
<trkpt lat="47.41757" lon="10.8356"><ele>1125</ele></trkpt>
<trkpt lat="47.41756" lon="10.83502"><ele>1121</ele></trkpt>
<trkpt lat="47.41755" lon="10.83464"><ele>1120</ele></trkpt>
<trkpt lat="47.41753" lon="10.83432"><ele>1122</ele></trkpt>
<trkpt lat="47.41749" lon="10.8337"><ele>1121</ele></trkpt>
<trkpt lat="47.4175" lon="10.8331"><ele>1119</ele></trkpt>
<trkpt lat="47.41756" lon="10.83249"><ele>1114</ele></trkpt>
<trkpt lat="47.41765" lon="10.83177"><ele>1109</ele></trkpt>
<trkpt lat="47.41776" lon="10.83117"><ele>1106</ele></trkpt>
<trkpt lat="47.41781" lon="10.83068"><ele>1103</ele></trkpt>
<trkpt lat="47.41781" lon="10.83055"><ele>1103</ele></trkpt>
<trkpt lat="47.41774" lon="10.83024"><ele>1101</ele></trkpt>
<trkpt lat="47.41773" lon="10.83007"><ele>1100</ele></trkpt>
<trkpt lat="47.41777" lon="10.82985"><ele>1099</ele></trkpt>
<trkpt lat="47.41788" lon="10.82936"><ele>1098</ele></trkpt>
<trkpt lat="47.41792" lon="10.82895"><ele>1097</ele></trkpt>
<trkpt lat="47.41795" lon="10.82855"><ele>1096</ele></trkpt>
<trkpt lat="47.41796" lon="10.82817"><ele>1095</ele></trkpt>
<trkpt lat="47.41798" lon="10.82715"><ele>1092</ele></trkpt>
<trkpt lat="47.418" lon="10.82635"><ele>1089</ele></trkpt>
<trkpt lat="47.41802" lon="10.82616"><ele>1089</ele></trkpt>
<trkpt lat="47.41811" lon="10.82598"><ele>1089</ele></trkpt>
<trkpt lat="47.41817" lon="10.82578"><ele>1089</ele></trkpt>
<trkpt lat="47.41818" lon="10.82558"><ele>1089</ele></trkpt>
<trkpt lat="47.41821" lon="10.82417"><ele>1086</ele></trkpt>
<trkpt lat="47.41823" lon="10.82343"><ele>1086</ele></trkpt>
<trkpt lat="47.41826" lon="10.8227"><ele>1086</ele></trkpt>
<trkpt lat="47.41824" lon="10.82244"><ele>1085</ele></trkpt>
<trkpt lat="47.41823" lon="10.82236"><ele>1085</ele></trkpt>
<trkpt lat="47.41823" lon="10.82235"><ele>1085</ele></trkpt>
<trkpt lat="47.41834" lon="10.82127"><ele>1079</ele></trkpt>
<trkpt lat="47.41837" lon="10.82039"><ele>1079</ele></trkpt>
<trkpt lat="47.41837" lon="10.82022"><ele>1078</ele></trkpt>
<trkpt lat="47.41837" lon="10.81969"><ele>1078</ele></trkpt>
<trkpt lat="47.41835" lon="10.81891"><ele>1078</ele></trkpt>
<trkpt lat="47.41837" lon="10.81869"><ele>1078</ele></trkpt>
<trkpt lat="47.41831" lon="10.81818"><ele>1078</ele></trkpt>
<trkpt lat="47.4182" lon="10.81743"><ele>1080</ele></trkpt>
<trkpt lat="47.41808" lon="10.81663"><ele>1080</ele></trkpt>
<trkpt lat="47.41798" lon="10.81612"><ele>1080</ele></trkpt>
<trkpt lat="47.41787" lon="10.81593"><ele>1080</ele></trkpt>
<trkpt lat="47.41772" lon="10.81569"><ele>1081</ele></trkpt>
<trkpt lat="47.41767" lon="10.81561"><ele>1081</ele></trkpt>
<trkpt lat="47.41764" lon="10.8155"><ele>1081</ele></trkpt>
<trkpt lat="47.41762" lon="10.81517"><ele>1081</ele></trkpt>
<trkpt lat="47.41763" lon="10.81471"><ele>1082</ele></trkpt>
<trkpt lat="47.41759" lon="10.81356"><ele>1086</ele></trkpt>
<trkpt lat="47.41758" lon="10.81299"><ele>1089</ele></trkpt>
<trkpt lat="47.41767" lon="10.81222"><ele>1090</ele></trkpt>
<trkpt lat="47.41771" lon="10.81148"><ele>1092</ele></trkpt>
<trkpt lat="47.41776" lon="10.81072"><ele>1093</ele></trkpt>
<trkpt lat="47.41777" lon="10.81065"><ele>1093</ele></trkpt>
<trkpt lat="47.41786" lon="10.81013"><ele>1093</ele></trkpt>
<trkpt lat="47.41789" lon="10.80943"><ele>1094</ele></trkpt>
<trkpt lat="47.41792" lon="10.80865"><ele>1094</ele></trkpt>
<trkpt lat="47.41792" lon="10.80816"><ele>1094</ele></trkpt>
<trkpt lat="47.41788" lon="10.80733"><ele>1091</ele></trkpt>
<trkpt lat="47.41781" lon="10.80674"><ele>1089</ele></trkpt>
<trkpt lat="47.41771" lon="10.80611"><ele>1088</ele></trkpt>
<trkpt lat="47.41763" lon="10.80555"><ele>1087</ele></trkpt>
<trkpt lat="47.41759" lon="10.80535"><ele>1087</ele></trkpt>
<trkpt lat="47.41747" lon="10.80489"><ele>1084</ele></trkpt>
<trkpt lat="47.41716" lon="10.80365"><ele>1079</ele></trkpt>
<trkpt lat="47.4171" lon="10.80338"><ele>1078</ele></trkpt>
<trkpt lat="47.41704" lon="10.80307"><ele>1077</ele></trkpt>
<trkpt lat="47.417" lon="10.80278"><ele>1075</ele></trkpt>
<trkpt lat="47.41698" lon="10.80265"><ele>1075</ele></trkpt>
<trkpt lat="47.41697" lon="10.80247"><ele>1075</ele></trkpt>
<trkpt lat="47.41694" lon="10.80198"><ele>1074</ele></trkpt>
<trkpt lat="47.41693" lon="10.80136"><ele>1073</ele></trkpt>
<trkpt lat="47.41696" lon="10.80092"><ele>1072</ele></trkpt>
<trkpt lat="47.41701" lon="10.80043"><ele>1073</ele></trkpt>
<trkpt lat="47.41708" lon="10.80003"><ele>1073</ele></trkpt>
<trkpt lat="47.4171" lon="10.79953"><ele>1073</ele></trkpt>
<trkpt lat="47.41712" lon="10.79935"><ele>1074</ele></trkpt>
<trkpt lat="47.4171" lon="10.79922"><ele>1074</ele></trkpt>
<trkpt lat="47.41709" lon="10.79878"><ele>1074</ele></trkpt>
<trkpt lat="47.41709" lon="10.79819"><ele>1074</ele></trkpt>
<trkpt lat="47.4171" lon="10.79762"><ele>1076</ele></trkpt>
<trkpt lat="47.41713" lon="10.79733"><ele>1076</ele></trkpt>
<trkpt lat="47.41717" lon="10.79706"><ele>1077</ele></trkpt>
<trkpt lat="47.41727" lon="10.79657"><ele>1077</ele></trkpt>
<trkpt lat="47.41742" lon="10.79611"><ele>1078</ele></trkpt>
<trkpt lat="47.4179" lon="10.79467"><ele>1081</ele></trkpt>
<trkpt lat="47.41791" lon="10.79465"><ele>1081</ele></trkpt>
<trkpt lat="47.41814" lon="10.79397"><ele>1081</ele></trkpt>
<trkpt lat="47.41823" lon="10.79372"><ele>1081</ele></trkpt>
<trkpt lat="47.41831" lon="10.79352"><ele>1082</ele></trkpt>
<trkpt lat="47.41882" lon="10.79241"><ele>1083</ele></trkpt>
<trkpt lat="47.41892" lon="10.79223"><ele>1082</ele></trkpt>
<trkpt lat="47.41903" lon="10.79209"><ele>1082</ele></trkpt>
<trkpt lat="47.41922" lon="10.79182"><ele>1081</ele></trkpt>
<trkpt lat="47.41939" lon="10.79167"><ele>1081</ele></trkpt>
<trkpt lat="47.4198" lon="10.79134"><ele>1080</ele></trkpt>
<trkpt lat="47.41983" lon="10.79131"><ele>1080</ele></trkpt>
<trkpt lat="47.41997" lon="10.79116"><ele>1079</ele></trkpt>
<trkpt lat="47.4201" lon="10.79099"><ele>1079</ele></trkpt>
<trkpt lat="47.42016" lon="10.79083"><ele>1079</ele></trkpt>
<trkpt lat="47.42022" lon="10.79061"><ele>1079</ele></trkpt>
<trkpt lat="47.42026" lon="10.79039"><ele>1078</ele></trkpt>
<trkpt lat="47.4203" lon="10.79009"><ele>1078</ele></trkpt>
<trkpt lat="47.42032" lon="10.78987"><ele>1078</ele></trkpt>
<trkpt lat="47.42032" lon="10.7898"><ele>1078</ele></trkpt>
<trkpt lat="47.4203" lon="10.78959"><ele>1078</ele></trkpt>
<trkpt lat="47.42027" lon="10.7894"><ele>1079</ele></trkpt>
<trkpt lat="47.42025" lon="10.78927"><ele>1079</ele></trkpt>
<trkpt lat="47.42025" lon="10.78905"><ele>1079</ele></trkpt>
<trkpt lat="47.42025" lon="10.78902"><ele>1079</ele></trkpt>
<trkpt lat="47.42024" lon="10.78847"><ele>1078</ele></trkpt>
<trkpt lat="47.42018" lon="10.78826"><ele>1078</ele></trkpt>
<trkpt lat="47.42022" lon="10.78816"><ele>1078</ele></trkpt>
<trkpt lat="47.42026" lon="10.78808"><ele>1078</ele></trkpt>
<trkpt lat="47.42032" lon="10.78787"><ele>1078</ele></trkpt>
<trkpt lat="47.42037" lon="10.78775"><ele>1078</ele></trkpt>
<trkpt lat="47.42044" lon="10.78765"><ele>1078</ele></trkpt>
<trkpt lat="47.42052" lon="10.78754"><ele>1078</ele></trkpt>
<trkpt lat="47.42081" lon="10.78716"><ele>1077</ele></trkpt>
<trkpt lat="47.42087" lon="10.78708"><ele>1076</ele></trkpt>
<trkpt lat="47.4211" lon="10.78679"><ele>1076</ele></trkpt>
<trkpt lat="47.42128" lon="10.78652"><ele>1075</ele></trkpt>
<trkpt lat="47.42137" lon="10.78625"><ele>1074</ele></trkpt>
<trkpt lat="47.42164" lon="10.78583"><ele>1073</ele></trkpt>
<trkpt lat="47.42169" lon="10.78572"><ele>1072</ele></trkpt>
<trkpt lat="47.4218" lon="10.78537"><ele>1071</ele></trkpt>
<trkpt lat="47.42186" lon="10.78517"><ele>1071</ele></trkpt>
<trkpt lat="47.42192" lon="10.78497"><ele>1071</ele></trkpt>
<trkpt lat="47.42222" lon="10.78402"><ele>1068</ele></trkpt>
<trkpt lat="47.42235" lon="10.78368"><ele>1067</ele></trkpt>
<trkpt lat="47.4224" lon="10.78354"><ele>1067</ele></trkpt>
<trkpt lat="47.42249" lon="10.78323"><ele>1067</ele></trkpt>
<trkpt lat="47.42256" lon="10.78316"><ele>1066</ele></trkpt>
<trkpt lat="47.42263" lon="10.78312"><ele>1066</ele></trkpt>
<trkpt lat="47.42263" lon="10.78303"><ele>1066</ele></trkpt>
<trkpt lat="47.42263" lon="10.78299"><ele>1066</ele></trkpt>
<trkpt lat="47.42266" lon="10.78284"><ele>1065</ele></trkpt>
<trkpt lat="47.42284" lon="10.78244"><ele>1064</ele></trkpt>
<trkpt lat="47.42339" lon="10.78118"><ele>1061</ele></trkpt>
<trkpt lat="47.42348" lon="10.78094"><ele>1060</ele></trkpt>
<trkpt lat="47.42352" lon="10.78085"><ele>1060</ele></trkpt>
<trkpt lat="47.42357" lon="10.78078"><ele>1060</ele></trkpt>
<trkpt lat="47.42394" lon="10.7804"><ele>1058</ele></trkpt>
<trkpt lat="47.42427" lon="10.77997"><ele>1056</ele></trkpt>
<trkpt lat="47.42444" lon="10.77961"><ele>1055</ele></trkpt>
<trkpt lat="47.42457" lon="10.77939"><ele>1054</ele></trkpt>
<trkpt lat="47.42473" lon="10.77911"><ele>1053</ele></trkpt>
<trkpt lat="47.42568" lon="10.77833"><ele>1051</ele></trkpt>
<trkpt lat="47.42645" lon="10.77768"><ele>1048</ele></trkpt>
<trkpt lat="47.42705" lon="10.77738"><ele>1046</ele></trkpt>
<trkpt lat="47.4274" lon="10.77726"><ele>1045</ele></trkpt>
<trkpt lat="47.4275" lon="10.77725"><ele>1044</ele></trkpt>
<trkpt lat="47.4276" lon="10.77724"><ele>1043</ele></trkpt>
<trkpt lat="47.42763" lon="10.77725"><ele>1043</ele></trkpt>
<trkpt lat="47.42767" lon="10.77726"><ele>1043</ele></trkpt>
<trkpt lat="47.4277" lon="10.77725"><ele>1043</ele></trkpt>
<trkpt lat="47.42778" lon="10.77724"><ele>1042</ele></trkpt>
<trkpt lat="47.42783" lon="10.77721"><ele>1042</ele></trkpt>
<trkpt lat="47.42813" lon="10.77699"><ele>1042</ele></trkpt>
<trkpt lat="47.42805" lon="10.77635"><ele>1041</ele></trkpt>
<trkpt lat="47.42806" lon="10.77559"><ele>1039</ele></trkpt>
<trkpt lat="47.42809" lon="10.77508"><ele>1038</ele></trkpt>
<trkpt lat="47.42815" lon="10.77471"><ele>1037</ele></trkpt>
<trkpt lat="47.42827" lon="10.77427"><ele>1036</ele></trkpt>
<trkpt lat="47.42875" lon="10.77313"><ele>1035</ele></trkpt>
<trkpt lat="47.42885" lon="10.7727"><ele>1036</ele></trkpt>
<trkpt lat="47.42907" lon="10.77232"><ele>1036</ele></trkpt>
<trkpt lat="47.42921" lon="10.77196"><ele>1035</ele></trkpt>
<trkpt lat="47.42975" lon="10.77028"><ele>1033</ele></trkpt>
<trkpt lat="47.42985" lon="10.77006"><ele>1033</ele></trkpt>
<trkpt lat="47.42997" lon="10.76986"><ele>1032</ele></trkpt>
<trkpt lat="47.43011" lon="10.76967"><ele>1032</ele></trkpt>
<trkpt lat="47.43071" lon="10.76896"><ele>1030</ele></trkpt>
<trkpt lat="47.43078" lon="10.76888"><ele>1030</ele></trkpt>
<trkpt lat="47.43153" lon="10.76795"><ele>1026</ele></trkpt>
<trkpt lat="47.43249" lon="10.7667"><ele>1026</ele></trkpt>
<trkpt lat="47.4326" lon="10.76662"><ele>1025</ele></trkpt>
<trkpt lat="47.4327" lon="10.76661"><ele>1023</ele></trkpt>
<trkpt lat="47.43291" lon="10.7667"><ele>1021</ele></trkpt>
<trkpt lat="47.43303" lon="10.76672"><ele>1021</ele></trkpt>
<trkpt lat="47.43328" lon="10.76662"><ele>1021</ele></trkpt>
<trkpt lat="47.43332" lon="10.76655"><ele>1021</ele></trkpt>
<trkpt lat="47.43332" lon="10.7664"><ele>1021</ele></trkpt>
<trkpt lat="47.43332" lon="10.76607"><ele>1021</ele></trkpt>
<trkpt lat="47.43336" lon="10.76591"><ele>1023</ele></trkpt>
<trkpt lat="47.43344" lon="10.76577"><ele>1023</ele></trkpt>
<trkpt lat="47.43346" lon="10.76574"><ele>1024</ele></trkpt>
<trkpt lat="47.43353" lon="10.76567"><ele>1024</ele></trkpt>
<trkpt lat="47.43373" lon="10.76552"><ele>1024</ele></trkpt>
<trkpt lat="47.43388" lon="10.76528"><ele>1026</ele></trkpt>
<trkpt lat="47.43406" lon="10.76478"><ele>1026</ele></trkpt>
<trkpt lat="47.43414" lon="10.76449"><ele>1025</ele></trkpt>
<trkpt lat="47.4342" lon="10.76436"><ele>1024</ele></trkpt>
<trkpt lat="47.4343" lon="10.76426"><ele>1023</ele></trkpt>
<trkpt lat="47.43444" lon="10.76409"><ele>1020</ele></trkpt>
<trkpt lat="47.43462" lon="10.76378"><ele>1019</ele></trkpt>
<trkpt lat="47.43468" lon="10.76373"><ele>1019</ele></trkpt>
<trkpt lat="47.43477" lon="10.76365"><ele>1018</ele></trkpt>
<trkpt lat="47.43489" lon="10.76348"><ele>1017</ele></trkpt>
<trkpt lat="47.43503" lon="10.76322"><ele>1018</ele></trkpt>
<trkpt lat="47.43529" lon="10.76292"><ele>1016</ele></trkpt>
<trkpt lat="47.43545" lon="10.76281"><ele>1016</ele></trkpt>
<trkpt lat="47.43594" lon="10.76266"><ele>1016</ele></trkpt>
<trkpt lat="47.43608" lon="10.76255"><ele>1016</ele></trkpt>
<trkpt lat="47.43613" lon="10.7624"><ele>1017</ele></trkpt>
<trkpt lat="47.43619" lon="10.76226"><ele>1016</ele></trkpt>
<trkpt lat="47.43626" lon="10.76223"><ele>1016</ele></trkpt>
<trkpt lat="47.43641" lon="10.76223"><ele>1016</ele></trkpt>
<trkpt lat="47.43652" lon="10.76221"><ele>1016</ele></trkpt>
<trkpt lat="47.43671" lon="10.76203"><ele>1015</ele></trkpt>
<trkpt lat="47.43682" lon="10.76183"><ele>1016</ele></trkpt>
<trkpt lat="47.43698" lon="10.76161"><ele>1015</ele></trkpt>
<trkpt lat="47.43722" lon="10.76132"><ele>1015</ele></trkpt>
<trkpt lat="47.43762" lon="10.76077"><ele>1013</ele></trkpt>
<trkpt lat="47.43788" lon="10.76046"><ele>1012</ele></trkpt>
<trkpt lat="47.43819" lon="10.75999"><ele>1011</ele></trkpt>
<trkpt lat="47.43893" lon="10.75859"><ele>1009</ele></trkpt>
<trkpt lat="47.43937" lon="10.75783"><ele>1008</ele></trkpt>
<trkpt lat="47.4399" lon="10.75706"><ele>1007</ele></trkpt>
<trkpt lat="47.44047" lon="10.75609"><ele>1005</ele></trkpt>
<trkpt lat="47.44075" lon="10.75551"><ele>1004</ele></trkpt>
<trkpt lat="47.44105" lon="10.75503"><ele>1003</ele></trkpt>
<trkpt lat="47.44152" lon="10.75433"><ele>1000</ele></trkpt>
<trkpt lat="47.4425" lon="10.75296"><ele>997</ele></trkpt>
<trkpt lat="47.44281" lon="10.75217"><ele>997</ele></trkpt>
<trkpt lat="47.44298" lon="10.75164"><ele>997</ele></trkpt>
<trkpt lat="47.44309" lon="10.75144"><ele>997</ele></trkpt>
<trkpt lat="47.44318" lon="10.75126"><ele>997</ele></trkpt>
<trkpt lat="47.44348" lon="10.7508"><ele>997</ele></trkpt>
<trkpt lat="47.44369" lon="10.75054"><ele>996</ele></trkpt>
<trkpt lat="47.44381" lon="10.7504"><ele>995</ele></trkpt>
<trkpt lat="47.44401" lon="10.75021"><ele>995</ele></trkpt>
<trkpt lat="47.44408" lon="10.75012"><ele>995</ele></trkpt>
<trkpt lat="47.44412" lon="10.75004"><ele>995</ele></trkpt>
<trkpt lat="47.44417" lon="10.7499"><ele>994</ele></trkpt>
<trkpt lat="47.44425" lon="10.74943"><ele>994</ele></trkpt>
<trkpt lat="47.44429" lon="10.74933"><ele>994</ele></trkpt>
<trkpt lat="47.44425" lon="10.74915"><ele>994</ele></trkpt>
<trkpt lat="47.44423" lon="10.74894"><ele>994</ele></trkpt>
<trkpt lat="47.44419" lon="10.74866"><ele>995</ele></trkpt>
<trkpt lat="47.44413" lon="10.74834"><ele>996</ele></trkpt>
<trkpt lat="47.44408" lon="10.74805"><ele>996</ele></trkpt>
<trkpt lat="47.44407" lon="10.74786"><ele>996</ele></trkpt>
<trkpt lat="47.4441" lon="10.74727"><ele>997</ele></trkpt>
<trkpt lat="47.44411" lon="10.7467"><ele>997</ele></trkpt>
<trkpt lat="47.44411" lon="10.74661"><ele>997</ele></trkpt>
<trkpt lat="47.44409" lon="10.74597"><ele>995</ele></trkpt>
<trkpt lat="47.44409" lon="10.74588"><ele>995</ele></trkpt>
<trkpt lat="47.44409" lon="10.74581"><ele>995</ele></trkpt>
<trkpt lat="47.44409" lon="10.74537"><ele>994</ele></trkpt>
<trkpt lat="47.44412" lon="10.74497"><ele>993</ele></trkpt>
<trkpt lat="47.44417" lon="10.74466"><ele>991</ele></trkpt>
<trkpt lat="47.4442" lon="10.74449"><ele>991</ele></trkpt>
<trkpt lat="47.44424" lon="10.74443"><ele>991</ele></trkpt>
<trkpt lat="47.44442" lon="10.74415"><ele>990</ele></trkpt>
<trkpt lat="47.44461" lon="10.74392"><ele>989</ele></trkpt>
<trkpt lat="47.44478" lon="10.74376"><ele>988</ele></trkpt>
<trkpt lat="47.4448" lon="10.74374"><ele>988</ele></trkpt>
<trkpt lat="47.44508" lon="10.74357"><ele>986</ele></trkpt>
<trkpt lat="47.44547" lon="10.74333"><ele>985</ele></trkpt>
<trkpt lat="47.44551" lon="10.74331"><ele>985</ele></trkpt>
<trkpt lat="47.44563" lon="10.74324"><ele>984</ele></trkpt>
<trkpt lat="47.44579" lon="10.74319"><ele>984</ele></trkpt>
<trkpt lat="47.44591" lon="10.74317"><ele>984</ele></trkpt>
<trkpt lat="47.44633" lon="10.74311"><ele>984</ele></trkpt>
<trkpt lat="47.44675" lon="10.74329"><ele>985</ele></trkpt>
<trkpt lat="47.44748" lon="10.74385"><ele>985</ele></trkpt>
<trkpt lat="47.44752" lon="10.74374"><ele>985</ele></trkpt>
<trkpt lat="47.44769" lon="10.7435"><ele>986</ele></trkpt>
<trkpt lat="47.44786" lon="10.74317"><ele>986</ele></trkpt>
<trkpt lat="47.44795" lon="10.74304"><ele>987</ele></trkpt>
<trkpt lat="47.44799" lon="10.74299"><ele>987</ele></trkpt>
<trkpt lat="47.44816" lon="10.74259"><ele>989</ele></trkpt>
<trkpt lat="47.44825" lon="10.74241"><ele>990</ele></trkpt>
<trkpt lat="47.44831" lon="10.74224"><ele>990</ele></trkpt>
<trkpt lat="47.44838" lon="10.742"><ele>990</ele></trkpt>
<trkpt lat="47.44842" lon="10.74181"><ele>991</ele></trkpt>
<trkpt lat="47.44845" lon="10.7416"><ele>992</ele></trkpt>
<trkpt lat="47.44848" lon="10.74119"><ele>993</ele></trkpt>
<trkpt lat="47.4485" lon="10.74096"><ele>994</ele></trkpt>
<trkpt lat="47.44852" lon="10.74059"><ele>994</ele></trkpt>
<trkpt lat="47.44856" lon="10.74007"><ele>997</ele></trkpt>
<trkpt lat="47.4486" lon="10.73976"><ele>998</ele></trkpt>
<trkpt lat="47.44871" lon="10.73921"><ele>1001</ele></trkpt>
<trkpt lat="47.44879" lon="10.73889"><ele>1002</ele></trkpt>
<trkpt lat="47.44879" lon="10.73865"><ele>1003</ele></trkpt>
<trkpt lat="47.44887" lon="10.73847"><ele>1004</ele></trkpt>
<trkpt lat="47.44904" lon="10.73788"><ele>1006</ele></trkpt>
<trkpt lat="47.4498" lon="10.73521"><ele>1019</ele></trkpt>
<trkpt lat="47.44994" lon="10.73481"><ele>1021</ele></trkpt>
<trkpt lat="47.45001" lon="10.73458"><ele>1023</ele></trkpt>
<trkpt lat="47.45004" lon="10.73446"><ele>1023</ele></trkpt>
<trkpt lat="47.4501" lon="10.7343"><ele>1024</ele></trkpt>
<trkpt lat="47.45016" lon="10.7342"><ele>1025</ele></trkpt>
<trkpt lat="47.45032" lon="10.73402"><ele>1024</ele></trkpt>
<trkpt lat="47.45059" lon="10.73356"><ele>1027</ele></trkpt>
<trkpt lat="47.45063" lon="10.73348"><ele>1028</ele></trkpt>
<trkpt lat="47.45065" lon="10.73338"><ele>1028</ele></trkpt>
<trkpt lat="47.45067" lon="10.73322"><ele>1029</ele></trkpt>
<trkpt lat="47.45067" lon="10.73316"><ele>1029</ele></trkpt>
<trkpt lat="47.45066" lon="10.73309"><ele>1029</ele></trkpt>
<trkpt lat="47.4507" lon="10.73302"><ele>1030</ele></trkpt>
<trkpt lat="47.45069" lon="10.73293"><ele>1031</ele></trkpt>
<trkpt lat="47.45066" lon="10.73271"><ele>1032</ele></trkpt>
<trkpt lat="47.45064" lon="10.7326"><ele>1033</ele></trkpt>
<trkpt lat="47.45063" lon="10.73254"><ele>1033</ele></trkpt>
<trkpt lat="47.45056" lon="10.73175"><ele>1037</ele></trkpt>
<trkpt lat="47.45045" lon="10.73149"><ele>1041</ele></trkpt>
<trkpt lat="47.45016" lon="10.73114"><ele>1043</ele></trkpt>
<trkpt lat="47.44989" lon="10.73085"><ele>1044</ele></trkpt>
<trkpt lat="47.44989" lon="10.73076"><ele>1045</ele></trkpt>
<trkpt lat="47.44993" lon="10.73071"><ele>1046</ele></trkpt>
<trkpt lat="47.45001" lon="10.73073"><ele>1046</ele></trkpt>
<trkpt lat="47.45018" lon="10.73085"><ele>1046</ele></trkpt>
<trkpt lat="47.45053" lon="10.73125"><ele>1045</ele></trkpt>
<trkpt lat="47.45069" lon="10.73134"><ele>1045</ele></trkpt>
<trkpt lat="47.45092" lon="10.73134"><ele>1046</ele></trkpt>
<trkpt lat="47.45099" lon="10.73132"><ele>1046</ele></trkpt>
<trkpt lat="47.45118" lon="10.73141"><ele>1045</ele></trkpt>
<trkpt lat="47.45127" lon="10.73142"><ele>1045</ele></trkpt>
<trkpt lat="47.4516" lon="10.73125"><ele>1045</ele></trkpt>
<trkpt lat="47.45193" lon="10.73102"><ele>1046</ele></trkpt>
<trkpt lat="47.4528" lon="10.73036"><ele>1047</ele></trkpt>
<trkpt lat="47.45301" lon="10.73014"><ele>1048</ele></trkpt>
<trkpt lat="47.45311" lon="10.72999"><ele>1048</ele></trkpt>
<trkpt lat="47.4532" lon="10.72984"><ele>1048</ele></trkpt>
<trkpt lat="47.45335" lon="10.72948"><ele>1045</ele></trkpt>
<trkpt lat="47.45346" lon="10.72912"><ele>1043</ele></trkpt>
<trkpt lat="47.45373" lon="10.72847"><ele>1037</ele></trkpt>
<trkpt lat="47.45388" lon="10.7279"><ele>1032</ele></trkpt>
<trkpt lat="47.45405" lon="10.72748"><ele>1028</ele></trkpt>
<trkpt lat="47.45493" lon="10.72496"><ele>1017</ele></trkpt>
<trkpt lat="47.45511" lon="10.72479"><ele>1014</ele></trkpt>
<trkpt lat="47.45556" lon="10.7236"><ele>1009</ele></trkpt>
<trkpt lat="47.4556" lon="10.7231"><ele>1009</ele></trkpt>
<trkpt lat="47.45558" lon="10.7227"><ele>1008</ele></trkpt>
<trkpt lat="47.45566" lon="10.72227"><ele>1008</ele></trkpt>
<trkpt lat="47.45571" lon="10.72141"><ele>1008</ele></trkpt>
<trkpt lat="47.45603" lon="10.72083"><ele>1010</ele></trkpt>
<trkpt lat="47.45681" lon="10.72037"><ele>1004</ele></trkpt>
<trkpt lat="47.45693" lon="10.72007"><ele>1003</ele></trkpt>
<trkpt lat="47.4571" lon="10.71961"><ele>1002</ele></trkpt>
<trkpt lat="47.45717" lon="10.71948"><ele>1002</ele></trkpt>
<trkpt lat="47.45756" lon="10.71964"><ele>1002</ele></trkpt>
<trkpt lat="47.45804" lon="10.71994"><ele>1002</ele></trkpt>
<trkpt lat="47.45813" lon="10.72002"><ele>1002</ele></trkpt>
<trkpt lat="47.45833" lon="10.72009"><ele>1002</ele></trkpt>
<trkpt lat="47.45847" lon="10.72017"><ele>1002</ele></trkpt>
<trkpt lat="47.45872" lon="10.72035"><ele>1004</ele></trkpt>
<trkpt lat="47.45891" lon="10.72043"><ele>1007</ele></trkpt>
<trkpt lat="47.45913" lon="10.72049"><ele>1006</ele></trkpt>
<trkpt lat="47.45927" lon="10.7205"><ele>1004</ele></trkpt>
<trkpt lat="47.45929" lon="10.72044"><ele>1004</ele></trkpt>
<trkpt lat="47.4593" lon="10.7203"><ele>1004</ele></trkpt>
<trkpt lat="47.45922" lon="10.71953"><ele>1002</ele></trkpt>
<trkpt lat="47.45921" lon="10.7193"><ele>999</ele></trkpt>
<trkpt lat="47.4592" lon="10.71907"><ele>995</ele></trkpt>
<trkpt lat="47.45922" lon="10.7188"><ele>989</ele></trkpt>
<trkpt lat="47.45918" lon="10.71874"><ele>987</ele></trkpt>
<trkpt lat="47.45915" lon="10.71869"><ele>987</ele></trkpt>
<trkpt lat="47.45913" lon="10.71863"><ele>987</ele></trkpt>
<trkpt lat="47.45911" lon="10.71856"><ele>987</ele></trkpt>
<trkpt lat="47.45911" lon="10.7185"><ele>986</ele></trkpt>
<trkpt lat="47.45912" lon="10.71842"><ele>985</ele></trkpt>
<trkpt lat="47.45916" lon="10.71821"><ele>981</ele></trkpt>
<trkpt lat="47.45919" lon="10.718"><ele>980</ele></trkpt>
<trkpt lat="47.45919" lon="10.71785"><ele>979</ele></trkpt>
<trkpt lat="47.45922" lon="10.71755"><ele>978</ele></trkpt>
<trkpt lat="47.45923" lon="10.71747"><ele>978</ele></trkpt>
<trkpt lat="47.45922" lon="10.71732"><ele>976</ele></trkpt>
<trkpt lat="47.45916" lon="10.71701"><ele>969</ele></trkpt>
<trkpt lat="47.45916" lon="10.71689"><ele>967</ele></trkpt>
<trkpt lat="47.45918" lon="10.7166"><ele>964</ele></trkpt>
<trkpt lat="47.45919" lon="10.71622"><ele>960</ele></trkpt>
<trkpt lat="47.45923" lon="10.71604"><ele>958</ele></trkpt>
<trkpt lat="47.45927" lon="10.71593"><ele>956</ele></trkpt>
<trkpt lat="47.45933" lon="10.71584"><ele>955</ele></trkpt>
<trkpt lat="47.4594" lon="10.71578"><ele>954</ele></trkpt>
<trkpt lat="47.45947" lon="10.71576"><ele>953</ele></trkpt>
<trkpt lat="47.45955" lon="10.71576"><ele>952</ele></trkpt>
<trkpt lat="47.45974" lon="10.71578"><ele>949</ele></trkpt>
<trkpt lat="47.45993" lon="10.71577"><ele>948</ele></trkpt>
<trkpt lat="47.46002" lon="10.71576"><ele>948</ele></trkpt>
<trkpt lat="47.46012" lon="10.71574"><ele>947</ele></trkpt>
<trkpt lat="47.4609" lon="10.71535"><ele>946</ele></trkpt>
<trkpt lat="47.4611" lon="10.7153"><ele>946</ele></trkpt>
<trkpt lat="47.46114" lon="10.7153"><ele>947</ele></trkpt>
<trkpt lat="47.46125" lon="10.71529"><ele>947</ele></trkpt>
<trkpt lat="47.46137" lon="10.71531"><ele>948</ele></trkpt>
<trkpt lat="47.46146" lon="10.71536"><ele>949</ele></trkpt>
<trkpt lat="47.46173" lon="10.71558"><ele>949</ele></trkpt>
<trkpt lat="47.46175" lon="10.71562"><ele>950</ele></trkpt>
<trkpt lat="47.46238" lon="10.71645"><ele>949</ele></trkpt>
<trkpt lat="47.4627" lon="10.71691"><ele>948</ele></trkpt>
<trkpt lat="47.46291" lon="10.71718"><ele>947</ele></trkpt>
<trkpt lat="47.4633" lon="10.71758"><ele>945</ele></trkpt>
<trkpt lat="47.46364" lon="10.71798"><ele>946</ele></trkpt>
<trkpt lat="47.46368" lon="10.71804"><ele>946</ele></trkpt>
<trkpt lat="47.4638" lon="10.7182"><ele>946</ele></trkpt>
<trkpt lat="47.46384" lon="10.71825"><ele>946</ele></trkpt>
<trkpt lat="47.46391" lon="10.7184"><ele>946</ele></trkpt>
<trkpt lat="47.46398" lon="10.71854"><ele>946</ele></trkpt>
<trkpt lat="47.46401" lon="10.71858"><ele>946</ele></trkpt>
<trkpt lat="47.46404" lon="10.71865"><ele>945</ele></trkpt>
<trkpt lat="47.46412" lon="10.71882"><ele>945</ele></trkpt>
<trkpt lat="47.46415" lon="10.71889"><ele>944</ele></trkpt>
<trkpt lat="47.46417" lon="10.71893"><ele>944</ele></trkpt>
<trkpt lat="47.46419" lon="10.71897"><ele>945</ele></trkpt>
<trkpt lat="47.46425" lon="10.7191"><ele>945</ele></trkpt>
<trkpt lat="47.46437" lon="10.71933"><ele>944</ele></trkpt>
<trkpt lat="47.4644" lon="10.71938"><ele>943</ele></trkpt>
<trkpt lat="47.46444" lon="10.71945"><ele>943</ele></trkpt>
<trkpt lat="47.46448" lon="10.71952"><ele>943</ele></trkpt>
<trkpt lat="47.46453" lon="10.7196"><ele>944</ele></trkpt>
<trkpt lat="47.46457" lon="10.71967"><ele>944</ele></trkpt>
<trkpt lat="47.46466" lon="10.71982"><ele>944</ele></trkpt>
<trkpt lat="47.46479" lon="10.72002"><ele>943</ele></trkpt>
<trkpt lat="47.46477" lon="10.72005"><ele>943</ele></trkpt>
<trkpt lat="47.46476" lon="10.72008"><ele>943</ele></trkpt>
<trkpt lat="47.46476" lon="10.72012"><ele>942</ele></trkpt>
<trkpt lat="47.46477" lon="10.72015"><ele>942</ele></trkpt>
<trkpt lat="47.46479" lon="10.72018"><ele>942</ele></trkpt>
<trkpt lat="47.46481" lon="10.7202"><ele>942</ele></trkpt>
<trkpt lat="47.46483" lon="10.7202"><ele>942</ele></trkpt>
<trkpt lat="47.46486" lon="10.7202"><ele>943</ele></trkpt>
<trkpt lat="47.46488" lon="10.72018"><ele>943</ele></trkpt>
<trkpt lat="47.46503" lon="10.7204"><ele>943</ele></trkpt>
<trkpt lat="47.46544" lon="10.72101"><ele>942</ele></trkpt>
<trkpt lat="47.46589" lon="10.72175"><ele>942</ele></trkpt>
<trkpt lat="47.46594" lon="10.72172"><ele>942</ele></trkpt>
<trkpt lat="47.46598" lon="10.72174"><ele>943</ele></trkpt>
<trkpt lat="47.46612" lon="10.72189"><ele>940</ele></trkpt>
<trkpt lat="47.46616" lon="10.72193"><ele>939</ele></trkpt>
<trkpt lat="47.46633" lon="10.72203"><ele>938</ele></trkpt>
<trkpt lat="47.46652" lon="10.72211"><ele>937</ele></trkpt>
<trkpt lat="47.46659" lon="10.72217"><ele>936</ele></trkpt>
<trkpt lat="47.46713" lon="10.7225"><ele>931</ele></trkpt>
<trkpt lat="47.46733" lon="10.72259"><ele>929</ele></trkpt>
<trkpt lat="47.46754" lon="10.72266"><ele>928</ele></trkpt>
<trkpt lat="47.46775" lon="10.7227"><ele>927</ele></trkpt>
<trkpt lat="47.46801" lon="10.72272"><ele>927</ele></trkpt>
<trkpt lat="47.46843" lon="10.72286"><ele>926</ele></trkpt>
<trkpt lat="47.46871" lon="10.72314"><ele>924</ele></trkpt>
<trkpt lat="47.47027" lon="10.72407"><ele>907</ele></trkpt>
<trkpt lat="47.47084" lon="10.72432"><ele>900</ele></trkpt>
<trkpt lat="47.47092" lon="10.72431"><ele>899</ele></trkpt>
<trkpt lat="47.47115" lon="10.72415"><ele>895</ele></trkpt>
<trkpt lat="47.47123" lon="10.72409"><ele>893</ele></trkpt>
<trkpt lat="47.47144" lon="10.72393"><ele>889</ele></trkpt>
<trkpt lat="47.47156" lon="10.72381"><ele>885</ele></trkpt>
<trkpt lat="47.47172" lon="10.72363"><ele>882</ele></trkpt>
<trkpt lat="47.47195" lon="10.72331"><ele>876</ele></trkpt>
<trkpt lat="47.47201" lon="10.72314"><ele>872</ele></trkpt>
<trkpt lat="47.47203" lon="10.72293"><ele>872</ele></trkpt>
<trkpt lat="47.47208" lon="10.72269"><ele>869</ele></trkpt>
<trkpt lat="47.47209" lon="10.72241"><ele>866</ele></trkpt>
<trkpt lat="47.4721" lon="10.72209"><ele>863</ele></trkpt>
<trkpt lat="47.47212" lon="10.7216"><ele>861</ele></trkpt>
<trkpt lat="47.47214" lon="10.72149"><ele>860</ele></trkpt>
<trkpt lat="47.47219" lon="10.72139"><ele>859</ele></trkpt>
<trkpt lat="47.47223" lon="10.72131"><ele>858</ele></trkpt>
<trkpt lat="47.47229" lon="10.72123"><ele>857</ele></trkpt>
<trkpt lat="47.47236" lon="10.72116"><ele>857</ele></trkpt>
<trkpt lat="47.47245" lon="10.72109"><ele>856</ele></trkpt>
<trkpt lat="47.47253" lon="10.72105"><ele>856</ele></trkpt>
<trkpt lat="47.47263" lon="10.72102"><ele>856</ele></trkpt>
<trkpt lat="47.47277" lon="10.721"><ele>856</ele></trkpt>
<trkpt lat="47.47293" lon="10.72099"><ele>856</ele></trkpt>
<trkpt lat="47.47306" lon="10.721"><ele>856</ele></trkpt>
<trkpt lat="47.4732" lon="10.72105"><ele>856</ele></trkpt>
<trkpt lat="47.4733" lon="10.72113"><ele>856</ele></trkpt>
<trkpt lat="47.47337" lon="10.72113"><ele>857</ele></trkpt>
<trkpt lat="47.47344" lon="10.72123"><ele>858</ele></trkpt>
<trkpt lat="47.4735" lon="10.72134"><ele>858</ele></trkpt>
<trkpt lat="47.47379" lon="10.72208"><ele>858</ele></trkpt>
<trkpt lat="47.47399" lon="10.72216"><ele>860</ele></trkpt>
<trkpt lat="47.47468" lon="10.72291"><ele>862</ele></trkpt>
<trkpt lat="47.47506" lon="10.72325"><ele>861</ele></trkpt>
<trkpt lat="47.47541" lon="10.72342"><ele>860</ele></trkpt>
<trkpt lat="47.47588" lon="10.72343"><ele>860</ele></trkpt>
<trkpt lat="47.4766" lon="10.72327"><ele>857</ele></trkpt>
</trkseg></trk>
</gpx>
