<?xml version="1.0" encoding="UTF-8"?>
<gpx xmlns="http://www.topografix.com/GPX/1/1" xmlns:xsi="http://www.w3.org/2001/XMLSchema-instance" xsi:schemaLocation="http://www.topografix.com/GPX/1/1 http://www.topografix.com/GPX/1/1/gpx.xsd" version="1.1" creator="radtouren extract_tracks.py">
  <trk>
    <name>Bodensee overnighter 2023 2023-06-25</name>
    <trkseg>
      <trkpt lat="47.583619644865394" lon="9.707546085119247">
        <ele>528.0</ele>
        <time>2023-06-25T12:18:01</time>
      </trkpt>
      <trkpt lat="47.58362769149244" lon="9.70751490443945">
        <ele>527.0</ele>
        <time>2023-06-25T12:18:04</time>
      </trkpt>
      <trkpt lat="47.58365769870579" lon="9.707517251372337">
        <ele>526.0</ele>
        <time>2023-06-25T12:18:06</time>
      </trkpt>
      <trkpt lat="47.583758030086756" lon="9.707478107884526">
        <ele>526.0</ele>
        <time>2023-06-25T12:18:09</time>
      </trkpt>
      <trkpt lat="47.583851320669055" lon="9.70743091776967">
        <ele>525.0</ele>
        <time>2023-06-25T12:18:11</time>
      </trkpt>
      <trkpt lat="47.58399423211813" lon="9.707332011312246">
        <ele>525.0</ele>
        <time>2023-06-25T12:18:14</time>
      </trkpt>
      <trkpt lat="47.584043350070715" lon="9.70728624612093">
        <ele>524.0</ele>
        <time>2023-06-25T12:18:15</time>
      </trkpt>
      <trkpt lat="47.58408651687205" lon="9.707230338826776">
        <ele>524.0</ele>
        <time>2023-06-25T12:18:16</time>
      </trkpt>
      <trkpt lat="47.58412289433181" lon="9.707160014659166">
        <ele>523.0</ele>
        <time>2023-06-25T12:18:17</time>
      </trkpt>
      <trkpt lat="47.58414804004133" lon="9.707089606672525">
        <ele>523.0</ele>
        <time>2023-06-25T12:18:18</time>
      </trkpt>
      <trkpt lat="47.58416564203799" lon="9.707014421001077">
        <ele>523.0</ele>
        <time>2023-06-25T12:18:19</time>
      </trkpt>
      <trkpt lat="47.58420428261161" lon="9.706858014687896">
        <ele>523.0</ele>
        <time>2023-06-25T12:18:21</time>
      </trkpt>
      <trkpt lat="47.58423026651144" lon="9.706775369122624">
        <ele>523.0</ele>
        <time>2023-06-25T12:18:22</time>
      </trkpt>
      <trkpt lat="47.58435398340225" lon="9.706435399129987">
        <ele>522.0</ele>
        <time>2023-06-25T12:18:26</time>
      </trkpt>
      <trkpt lat="47.584394635632634" lon="9.70637639053166">
        <ele>521.0</ele>
        <time>2023-06-25T12:18:27</time>
      </trkpt>
      <trkpt lat="47.58443880826235" lon="9.70633003860712">
        <ele>521.0</ele>
        <time>2023-06-25T12:18:28</time>
      </trkpt>
      <trkpt lat="47.58453469723463" lon="9.706286452710629">
        <ele>521.0</ele>
        <time>2023-06-25T12:18:30</time>
      </trkpt>
      <trkpt lat="47.5846778601408" lon="9.706268766894937">
        <ele>522.0</ele>
        <time>2023-06-25T12:18:33</time>
      </trkpt>
      <trkpt lat="47.58472337387502" lon="9.706258289515972">
        <ele>522.0</ele>
        <time>2023-06-25T12:18:34</time>
      </trkpt>
      <trkpt lat="47.58481280878186" lon="9.706212691962719">
        <ele>522.0</ele>
        <time>2023-06-25T12:18:36</time>
      </trkpt>
      <trkpt lat="47.58486066944897" lon="9.706195006147027">
        <ele>523.0</ele>
        <time>2023-06-25T12:18:37</time>
      </trkpt>
      <trkpt lat="47.58490660227835" lon="9.706184528768063">
        <ele>523.0</ele>
        <time>2023-06-25T12:18:38</time>
      </trkpt>
      <trkpt lat="47.58498899638653" lon="9.706201292574406">
        <ele>523.0</ele>
        <time>2023-06-25T12:18:40</time>
      </trkpt>
      <trkpt lat="47.58506225422025" lon="9.706284776329994">
        <ele>523.0</ele>
        <time>2023-06-25T12:18:42</time>
      </trkpt>
      <trkpt lat="47.585113383829594" lon="9.706395668908954">
        <ele>523.0</ele>
        <time>2023-06-25T12:18:44</time>
      </trkpt>
      <trkpt lat="47.5851768348366" lon="9.706495078280568">
        <ele>523.0</ele>
        <time>2023-06-25T12:18:46</time>
      </trkpt>
      <trkpt lat="47.58526459336281" lon="9.706625333055854">
        <ele>522.0</ele>
        <time>2023-06-25T12:18:49</time>
      </trkpt>
      <trkpt lat="47.585311783477664" lon="9.706724574789405">
        <ele>522.0</ele>
        <time>2023-06-25T12:18:52</time>
      </trkpt>
      <trkpt lat="47.58534195832908" lon="9.706732956692576">
        <ele>522.0</ele>
        <time>2023-06-25T12:18:53</time>
      </trkpt>
      <trkpt lat="47.58538336493075" lon="9.706728011369705">
        <ele>522.0</ele>
        <time>2023-06-25T12:18:54</time>
      </trkpt>
      <trkpt lat="47.585428627207875" lon="9.706699680536985">
        <ele>522.0</ele>
        <time>2023-06-25T12:18:55</time>
      </trkpt>
      <trkpt lat="47.585467267781496" lon="9.706662716343999">
        <ele>522.0</ele>
        <time>2023-06-25T12:18:56</time>
      </trkpt>
      <trkpt lat="47.58550255559385" lon="9.706665398553014">
        <ele>522.0</ele>
        <time>2023-06-25T12:18:57</time>
      </trkpt>
      <trkpt lat="47.58551420643926" lon="9.706696830689907">
        <ele>522.0</ele>
        <time>2023-06-25T12:18:58</time>
      </trkpt>
      <trkpt lat="47.58544396609068" lon="9.706786600872874">
        <ele>522.0</ele>
        <time>2023-06-25T12:19:01</time>
      </trkpt>
      <trkpt lat="47.585308346897364" lon="9.70699648372829">
        <ele>522.0</ele>
        <time>2023-06-25T12:19:05</time>
      </trkpt>
      <trkpt lat="47.58526761084795" lon="9.707045517861843">
        <ele>522.0</ele>
        <time>2023-06-25T12:19:06</time>
      </trkpt>
      <trkpt lat="47.58509578183293" lon="9.707266632467508">
        <ele>522.0</ele>
        <time>2023-06-25T12:19:10</time>
      </trkpt>
      <trkpt lat="47.585002994164824" lon="9.707381296902895">
        <ele>523.0</ele>
        <time>2023-06-25T12:19:12</time>
      </trkpt>
      <trkpt lat="47.58483175188303" lon="9.707618085667491">
        <ele>522.0</ele>
        <time>2023-06-25T12:19:16</time>
      </trkpt>
      <trkpt lat="47.5845864135772" lon="9.70797473564744">
        <ele>522.0</ele>
        <time>2023-06-25T12:19:22</time>
      </trkpt>
      <trkpt lat="47.58430939167738" lon="9.708378743380308">
        <ele>522.0</ele>
        <time>2023-06-25T12:19:29</time>
      </trkpt>
      <trkpt lat="47.58423479273915" lon="9.708500197157264">
        <ele>523.0</ele>
        <time>2023-06-25T12:19:31</time>
      </trkpt>
      <trkpt lat="47.58415876887739" lon="9.708613688126206">
        <ele>523.0</ele>
        <time>2023-06-25T12:19:33</time>
      </trkpt>
      <trkpt lat="47.584119038656354" lon="9.7086675837636">
        <ele>523.0</ele>
        <time>2023-06-25T12:19:34</time>
      </trkpt>
      <trkpt lat="47.58396204560995" lon="9.70887771807611">
        <ele>523.0</ele>
        <time>2023-06-25T12:19:38</time>
      </trkpt>
      <trkpt lat="47.58377345278859" lon="9.709116853773594">
        <ele>523.0</ele>
        <time>2023-06-25T12:19:43</time>
      </trkpt>
      <trkpt lat="47.58373439311981" lon="9.709166390821338">
        <ele>523.0</ele>
        <time>2023-06-25T12:19:44</time>
      </trkpt>
      <trkpt lat="47.583528868854046" lon="9.70943670719862">
        <ele>524.0</ele>
        <time>2023-06-25T12:19:49</time>
      </trkpt>
      <trkpt lat="47.58344504982233" lon="9.709540056064725">
        <ele>524.0</ele>
        <time>2023-06-25T12:19:51</time>
      </trkpt>
      <trkpt lat="47.58340364322066" lon="9.70959353260696">
        <ele>524.0</ele>
        <time>2023-06-25T12:19:52</time>
      </trkpt>
      <trkpt lat="47.583256121724844" lon="9.709838200360537">
        <ele>525.0</ele>
        <time>2023-06-25T12:19:56</time>
      </trkpt>
      <trkpt lat="47.583224438130856" lon="9.709905842319131">
        <ele>525.0</ele>
        <time>2023-06-25T12:19:57</time>
      </trkpt>
      <trkpt lat="47.58319174870849" lon="9.709965772926807">
        <ele>525.0</ele>
        <time>2023-06-25T12:19:58</time>
      </trkpt>
      <trkpt lat="47.58312787860632" lon="9.710128884762526">
        <ele>525.0</ele>
        <time>2023-06-25T12:20:01</time>
      </trkpt>
      <trkpt lat="47.5830667745322" lon="9.710251679643989">
        <ele>525.0</ele>
        <time>2023-06-25T12:20:04</time>
      </trkpt>
      <trkpt lat="47.58303542621434" lon="9.71027858555317">
        <ele>525.0</ele>
        <time>2023-06-25T12:20:05</time>
      </trkpt>
      <trkpt lat="47.583003072068095" lon="9.710310269147158">
        <ele>525.0</ele>
        <time>2023-06-25T12:20:06</time>
      </trkpt>
      <trkpt lat="47.58297340013087" lon="9.710358548909426">
        <ele>525.0</ele>
        <time>2023-06-25T12:20:07</time>
      </trkpt>
      <trkpt lat="47.582915145903826" lon="9.710498945787549">
        <ele>524.0</ele>
        <time>2023-06-25T12:20:09</time>
      </trkpt>
      <trkpt lat="47.582884384319186" lon="9.710575640201569">
        <ele>524.0</ele>
        <time>2023-06-25T12:20:10</time>
      </trkpt>
      <trkpt lat="47.582749435678124" lon="9.711014432832599">
        <ele>525.0</ele>
        <time>2023-06-25T12:20:15</time>
      </trkpt>
      <trkpt lat="47.58263259194791" lon="9.711620444431901">
        <ele>526.0</ele>
        <time>2023-06-25T12:20:22</time>
      </trkpt>
      <trkpt lat="47.58255707100034" lon="9.711721865460277">
        <ele>526.0</ele>
        <time>2023-06-25T12:20:24</time>
      </trkpt>
      <trkpt lat="47.58249563165009" lon="9.711721865460277">
        <ele>526.0</ele>
        <time>2023-06-25T12:20:25</time>
      </trkpt>
      <trkpt lat="47.58242857642472" lon="9.71167853102088">
        <ele>527.0</ele>
        <time>2023-06-25T12:20:26</time>
      </trkpt>
      <trkpt lat="47.582218274474144" lon="9.711594125255942">
        <ele>527.0</ele>
        <time>2023-06-25T12:20:29</time>
      </trkpt>
      <trkpt lat="47.58214719593525" lon="9.711580714210868">
        <ele>527.0</ele>
        <time>2023-06-25T12:20:30</time>
      </trkpt>
      <trkpt lat="47.58200369775295" lon="9.711568476632237">
        <ele>527.0</ele>
        <time>2023-06-25T12:20:32</time>
      </trkpt>
      <trkpt lat="47.581815691664815" lon="9.711522879078984">
        <ele>527.0</ele>
        <time>2023-06-25T12:20:35</time>
      </trkpt>
      <trkpt lat="47.58170932531357" lon="9.711440484970808">
        <ele>528.0</ele>
        <time>2023-06-25T12:20:37</time>
      </trkpt>
      <trkpt lat="47.58162374608219" lon="9.711335711181164">
        <ele>528.0</ele>
        <time>2023-06-25T12:20:39</time>
      </trkpt>
      <trkpt lat="47.5815368257463" lon="9.711235798895359">
        <ele>529.0</ele>
        <time>2023-06-25T12:20:41</time>
      </trkpt>
      <trkpt lat="47.581490809097886" lon="9.711198834702373">
        <ele>529.0</ele>
        <time>2023-06-25T12:20:42</time>
      </trkpt>
      <trkpt lat="47.58140103891492" lon="9.711153404787183">
        <ele>529.0</ele>
        <time>2023-06-25T12:20:44</time>
      </trkpt>
      <trkpt lat="47.581299701705575" lon="9.711137898266315">
        <ele>529.0</ele>
        <time>2023-06-25T12:20:46</time>
      </trkpt>
      <trkpt lat="47.58114539086819" lon="9.711118871346116">
        <ele>529.0</ele>
        <time>2023-06-25T12:20:49</time>
      </trkpt>
      <trkpt lat="47.580848168581724" lon="9.711048463359475">
        <ele>529.0</ele>
        <time>2023-06-25T12:20:55</time>
      </trkpt>
      <trkpt lat="47.580751106143" lon="9.711027257144451">
        <ele>529.0</ele>
        <time>2023-06-25T12:20:57</time>
      </trkpt>
      <trkpt lat="47.580609787255526" lon="9.711021054536104">
        <ele>529.0</ele>
        <time>2023-06-25T12:21:00</time>
      </trkpt>
      <trkpt lat="47.58049436844885" lon="9.711026167497039">
        <ele>528.0</ele>
        <time>2023-06-25T12:21:03</time>
      </trkpt>
      <trkpt lat="47.58039931766689" lon="9.710989370942116">
        <ele>527.0</ele>
        <time>2023-06-25T12:21:07</time>
      </trkpt>
      <trkpt lat="47.580350283533335" lon="9.710974870249629">
        <ele>527.0</ele>
        <time>2023-06-25T12:21:09</time>
      </trkpt>
      <trkpt lat="47.58030812256038" lon="9.710948131978512">
        <ele>527.0</ele>
        <time>2023-06-25T12:21:11</time>
      </trkpt>
      <trkpt lat="47.5802968069911" lon="9.710973529145122">
        <ele>526.0</ele>
        <time>2023-06-25T12:21:13</time>
      </trkpt>
      <trkpt lat="47.58031323552132" lon="9.710981491953135">
        <ele>525.0</ele>
        <time>2023-06-25T12:21:14</time>
      </trkpt>
      <trkpt lat="47.58033963851631" lon="9.710984760895371">
        <ele>525.0</ele>
        <time>2023-06-25T12:21:15</time>
      </trkpt>
      <trkpt lat="47.580400072038174" lon="9.71099054440856">
        <ele>524.0</ele>
        <time>2023-06-25T12:21:17</time>
      </trkpt>
      <trkpt lat="47.580431420356035" lon="9.71098911948502">
        <ele>524.0</ele>
        <time>2023-06-25T12:21:18</time>
      </trkpt>
      <trkpt lat="47.58045664988458" lon="9.710995489731431">
        <ele>524.0</ele>
        <time>2023-06-25T12:21:19</time>
      </trkpt>
      <trkpt lat="47.580473413690925" lon="9.71102088689804">
        <ele>523.0</ele>
        <time>2023-06-25T12:21:20</time>
      </trkpt>
      <trkpt lat="47.58046922273934" lon="9.711059108376503">
        <ele>523.0</ele>
        <time>2023-06-25T12:21:22</time>
      </trkpt>
      <trkpt lat="47.5804538000375" lon="9.711060365661979">
        <ele>523.0</ele>
        <time>2023-06-25T12:21:23</time>
      </trkpt>
      <trkpt lat="47.580381548032165" lon="9.711069166660309">
        <ele>523.0</ele>
        <time>2023-06-25T12:21:26</time>
      </trkpt>
      <trkpt lat="47.58035212755203" lon="9.711073022335768">
        <ele>523.0</ele>
        <time>2023-06-25T12:21:27</time>
      </trkpt>
      <trkpt lat="47.58027736097574" lon="9.711154159158468">
        <ele>525.0</ele>
        <time>2023-06-25T12:21:30</time>
      </trkpt>
      <trkpt lat="47.58026705123484" lon="9.711281899362803">
        <ele>525.0</ele>
        <time>2023-06-25T12:21:33</time>
      </trkpt>
      <trkpt lat="47.580265291035175" lon="9.711321713402867">
        <ele>525.0</ele>
        <time>2023-06-25T12:21:34</time>
      </trkpt>
      <trkpt lat="47.58026453666389" lon="9.711363539099693">
        <ele>526.0</ele>
        <time>2023-06-25T12:21:35</time>
      </trkpt>
      <trkpt lat="47.58026168681681" lon="9.71144056878984">
        <ele>526.0</ele>
        <time>2023-06-25T12:21:37</time>
      </trkpt>
      <trkpt lat="47.58025640621781" lon="9.711477365344763">
        <ele>526.0</ele>
        <time>2023-06-25T12:21:38</time>
      </trkpt>
      <trkpt lat="47.58024693466723" lon="9.711584318429232">
        <ele>527.0</ele>
        <time>2023-06-25T12:21:41</time>
      </trkpt>
      <trkpt lat="47.58024986833334" lon="9.711624719202518">
        <ele>527.0</ele>
        <time>2023-06-25T12:21:42</time>
      </trkpt>
      <trkpt lat="47.580230087041855" lon="9.711804343387485">
        <ele>528.0</ele>
        <time>2023-06-25T12:21:47</time>
      </trkpt>
      <trkpt lat="47.5802241358906" lon="9.711850192397833">
        <ele>528.0</ele>
        <time>2023-06-25T12:21:48</time>
      </trkpt>
      <trkpt lat="47.580205695703626" lon="9.712068289518356">
        <ele>529.0</ele>
        <time>2023-06-25T12:21:53</time>
      </trkpt>
      <trkpt lat="47.58019815199077" lon="9.712267108261585">
        <ele>528.0</ele>
        <time>2023-06-25T12:21:57</time>
      </trkpt>
      <trkpt lat="47.58013009093702" lon="9.712468357756734">
        <ele>528.0</ele>
        <time>2023-06-25T12:22:01</time>
      </trkpt>
      <trkpt lat="47.580068819224834" lon="9.712567431852221">
        <ele>528.0</ele>
        <time>2023-06-25T12:22:03</time>
      </trkpt>
      <trkpt lat="47.57995021529496" lon="9.712737835943699">
        <ele>527.0</ele>
        <time>2023-06-25T12:22:06</time>
      </trkpt>
      <trkpt lat="47.579860696569085" lon="9.712871611118317">
        <ele>527.0</ele>
        <time>2023-06-25T12:22:08</time>
      </trkpt>
      <trkpt lat="47.57971677929163" lon="9.713090797886252">
        <ele>527.0</ele>
        <time>2023-06-25T12:22:11</time>
      </trkpt>
      <trkpt lat="47.57961753755808" lon="9.713236559182405">
        <ele>527.0</ele>
        <time>2023-06-25T12:22:13</time>
      </trkpt>
      <trkpt lat="47.57940606214106" lon="9.713552640751004">
        <ele>526.0</ele>
        <time>2023-06-25T12:22:17</time>
      </trkpt>
      <trkpt lat="47.579345628619194" lon="9.713637884706259">
        <ele>526.0</ele>
        <time>2023-06-25T12:22:18</time>
      </trkpt>
      <trkpt lat="47.579115545377135" lon="9.714001575484872">
        <ele>525.0</ele>
        <time>2023-06-25T12:22:22</time>
      </trkpt>
      <trkpt lat="47.57897146046162" lon="9.71420181915164">
        <ele>525.0</ele>
        <time>2023-06-25T12:22:25</time>
      </trkpt>
      <trkpt lat="47.578919073566794" lon="9.714216906577349">
        <ele>525.0</ele>
        <time>2023-06-25T12:22:26</time>
      </trkpt>
      <trkpt lat="47.57887674495578" lon="9.71419787965715">
        <ele>525.0</ele>
        <time>2023-06-25T12:22:27</time>
      </trkpt>
      <trkpt lat="47.57879720069468" lon="9.714098637923598">
        <ele>526.0</ele>
        <time>2023-06-25T12:22:29</time>
      </trkpt>
      <trkpt lat="47.57876040413976" lon="9.714018506929278">
        <ele>526.0</ele>
        <time>2023-06-25T12:22:30</time>
      </trkpt>
      <trkpt lat="47.57860081270337" lon="9.713687589392066">
        <ele>526.0</ele>
        <time>2023-06-25T12:22:34</time>
      </trkpt>
      <trkpt lat="47.57846184074879" lon="9.713448788970709">
        <ele>526.0</ele>
        <time>2023-06-25T12:22:37</time>
      </trkpt>
      <trkpt lat="47.57828992791474" lon="9.713130611926317">
        <ele>527.0</ele>
        <time>2023-06-25T12:22:41</time>
      </trkpt>
      <trkpt lat="47.57824508473277" lon="9.713051486760378">
        <ele>527.0</ele>
        <time>2023-06-25T12:22:42</time>
      </trkpt>
      <trkpt lat="47.578076692298055" lon="9.712724843993783">
        <ele>527.0</ele>
        <time>2023-06-25T12:22:46</time>
      </trkpt>
      <trkpt lat="47.57799245417118" lon="9.712569527328014">
        <ele>527.0</ele>
        <time>2023-06-25T12:22:48</time>
      </trkpt>
      <trkpt lat="47.5777443498373" lon="9.71214515157044">
        <ele>527.0</ele>
        <time>2023-06-25T12:22:53</time>
      </trkpt>
      <trkpt lat="47.57769146002829" lon="9.712055716663599">
        <ele>527.0</ele>
        <time>2023-06-25T12:22:54</time>
      </trkpt>
      <trkpt lat="47.57753513753414" lon="9.71178355626762">
        <ele>526.0</ele>
        <time>2023-06-25T12:22:57</time>
      </trkpt>
      <trkpt lat="47.5774856004864" lon="9.711689511314034">
        <ele>526.0</ele>
        <time>2023-06-25T12:22:58</time>
      </trkpt>
      <trkpt lat="47.57743396796286" lon="9.711590856313705">
        <ele>525.0</ele>
        <time>2023-06-25T12:22:59</time>
      </trkpt>
      <trkpt lat="47.57733229547739" lon="9.711392624303699">
        <ele>525.0</ele>
        <time>2023-06-25T12:23:01</time>
      </trkpt>
      <trkpt lat="47.57728485390544" lon="9.711296232417226">
        <ele>525.0</ele>
        <time>2023-06-25T12:23:02</time>
      </trkpt>
      <trkpt lat="47.57705871015787" lon="9.710804130882025">
        <ele>524.0</ele>
        <time>2023-06-25T12:23:07</time>
      </trkpt>
      <trkpt lat="47.577000204473734" lon="9.710579328238964">
        <ele>524.0</ele>
        <time>2023-06-25T12:23:09</time>
      </trkpt>
      <trkpt lat="47.57691110484302" lon="9.710245141759515">
        <ele>523.0</ele>
        <time>2023-06-25T12:23:12</time>
      </trkpt>
      <trkpt lat="47.57687690667808" lon="9.710137685760856">
        <ele>522.0</ele>
        <time>2023-06-25T12:23:13</time>
      </trkpt>
      <trkpt lat="47.57678906433284" lon="9.709678525105119">
        <ele>522.0</ele>
        <time>2023-06-25T12:23:17</time>
      </trkpt>
      <trkpt lat="47.576783364638686" lon="9.709438048303127">
        <ele>522.0</ele>
        <time>2023-06-25T12:23:19</time>
      </trkpt>
      <trkpt lat="47.57679233327508" lon="9.709322545677423">
        <ele>522.0</ele>
        <time>2023-06-25T12:23:20</time>
      </trkpt>
      <trkpt lat="47.576799457892776" lon="9.709211066365242">
        <ele>522.0</ele>
        <time>2023-06-25T12:23:21</time>
      </trkpt>
      <trkpt lat="47.57680172100663" lon="9.709098748862743">
        <ele>522.0</ele>
        <time>2023-06-25T12:23:22</time>
      </trkpt>
      <trkpt lat="47.576796943321824" lon="9.708989784121513">
        <ele>522.0</ele>
        <time>2023-06-25T12:23:23</time>
      </trkpt>
      <trkpt lat="47.57678252644837" lon="9.708884004503489">
        <ele>522.0</ele>
        <time>2023-06-25T12:23:24</time>
      </trkpt>
      <trkpt lat="47.576756877824664" lon="9.70878342166543">
        <ele>522.0</ele>
        <time>2023-06-25T12:23:25</time>
      </trkpt>
      <trkpt lat="47.57672284729779" lon="9.708693232387304">
        <ele>522.0</ele>
        <time>2023-06-25T12:23:26</time>
      </trkpt>
      <trkpt lat="47.57667792029679" lon="9.708610503003001">
        <ele>522.0</ele>
        <time>2023-06-25T12:23:27</time>
      </trkpt>
      <trkpt lat="47.57662285119295" lon="9.708534479141235">
        <ele>522.0</ele>
        <time>2023-06-25T12:23:28</time>
      </trkpt>
      <trkpt lat="47.576559567824006" lon="9.708473710343242">
        <ele>522.0</ele>
        <time>2023-06-25T12:23:29</time>
      </trkpt>
      <trkpt lat="47.57637994363904" lon="9.70835980027914">
        <ele>522.0</ele>
        <time>2023-06-25T12:23:32</time>
      </trkpt>
      <trkpt lat="47.57605648599565" lon="9.708257289603353">
        <ele>523.0</ele>
        <time>2023-06-25T12:23:37</time>
      </trkpt>
      <trkpt lat="47.57585758343339" lon="9.708225270733237">
        <ele>523.0</ele>
        <time>2023-06-25T12:23:41</time>
      </trkpt>
      <trkpt lat="47.575695561245084" lon="9.708158215507865">
        <ele>522.0</ele>
        <time>2023-06-25T12:23:46</time>
      </trkpt>
      <trkpt lat="47.57551015354693" lon="9.708101637661457">
        <ele>522.0</ele>
        <time>2023-06-25T12:23:50</time>
      </trkpt>
      <trkpt lat="47.57545944303274" lon="9.70810323022306">
        <ele>522.0</ele>
        <time>2023-06-25T12:23:51</time>
      </trkpt>
      <trkpt lat="47.575407810509205" lon="9.708116976544261">
        <ele>522.0</ele>
        <time>2023-06-25T12:23:52</time>
      </trkpt>
      <trkpt lat="47.57519004866481" lon="9.708145894110203">
        <ele>521.0</ele>
        <time>2023-06-25T12:23:56</time>
      </trkpt>
      <trkpt lat="47.575134728103876" lon="9.708129884675145">
        <ele>521.0</ele>
        <time>2023-06-25T12:23:57</time>
      </trkpt>
      <trkpt lat="47.57508150301874" lon="9.708073809742928">
        <ele>521.0</ele>
        <time>2023-06-25T12:23:58</time>
      </trkpt>
      <trkpt lat="47.57502894848585" lon="9.708016645163298">
        <ele>521.0</ele>
        <time>2023-06-25T12:23:59</time>
      </trkpt>
      <trkpt lat="47.57497765123844" lon="9.707947662100196">
        <ele>521.0</ele>
        <time>2023-06-25T12:24:00</time>
      </trkpt>
      <trkpt lat="47.574927527457476" lon="9.70787012949586">
        <ele>521.0</ele>
        <time>2023-06-25T12:24:01</time>
      </trkpt>
      <trkpt lat="47.57482300512493" lon="9.707721434533596">
        <ele>521.0</ele>
        <time>2023-06-25T12:24:03</time>
      </trkpt>
      <trkpt lat="47.574606919661164" lon="9.70744508318603">
        <ele>521.0</ele>
        <time>2023-06-25T12:24:07</time>
      </trkpt>
      <trkpt lat="47.574222860857844" lon="9.706988856196404">
        <ele>521.0</ele>
        <time>2023-06-25T12:24:14</time>
      </trkpt>
      <trkpt lat="47.57411356084049" lon="9.70687821507454">
        <ele>521.0</ele>
        <time>2023-06-25T12:24:16</time>
      </trkpt>
      <trkpt lat="47.57380108349025" lon="9.70658702775836">
        <ele>522.0</ele>
        <time>2023-06-25T12:24:21</time>
      </trkpt>
      <trkpt lat="47.57344778627157" lon="9.706301959231496">
        <ele>521.0</ele>
        <time>2023-06-25T12:24:26</time>
      </trkpt>
      <trkpt lat="47.5732908770442" lon="9.7062015440315">
        <ele>520.0</ele>
        <time>2023-06-25T12:24:28</time>
      </trkpt>
      <trkpt lat="47.57320923730731" lon="9.706150498241186">
        <ele>520.0</ele>
        <time>2023-06-25T12:24:29</time>
      </trkpt>
      <trkpt lat="47.57286876440048" lon="9.70596643164754">
        <ele>519.0</ele>
        <time>2023-06-25T12:24:33</time>
      </trkpt>
      <trkpt lat="47.57267556153238" lon="9.705883199349046">
        <ele>517.0</ele>
        <time>2023-06-25T12:24:35</time>
      </trkpt>
      <trkpt lat="47.57248017936945" lon="9.705815892666578">
        <ele>516.0</ele>
        <time>2023-06-25T12:24:37</time>
      </trkpt>
      <trkpt lat="47.57238144055009" lon="9.705787813290954">
        <ele>515.0</ele>
        <time>2023-06-25T12:24:38</time>
      </trkpt>
      <trkpt lat="47.57228069007397" lon="9.70576023682952">
        <ele>515.0</ele>
        <time>2023-06-25T12:24:39</time>
      </trkpt>
      <trkpt lat="47.572073908522725" lon="9.705709526315331">
        <ele>514.0</ele>
        <time>2023-06-25T12:24:41</time>
      </trkpt>
      <trkpt lat="47.57186754606664" lon="9.705679435282946">
        <ele>512.0</ele>
        <time>2023-06-25T12:24:43</time>
      </trkpt>
      <trkpt lat="47.5717643648386" lon="9.705670634284616">
        <ele>510.0</ele>
        <time>2023-06-25T12:24:44</time>
      </trkpt>
      <trkpt lat="47.571663446724415" lon="9.70566552132368">
        <ele>509.0</ele>
        <time>2023-06-25T12:24:45</time>
      </trkpt>
      <trkpt lat="47.57145792245865" lon="9.705663258209825">
        <ele>507.0</ele>
        <time>2023-06-25T12:24:47</time>
      </trkpt>
      <trkpt lat="47.571251476183534" lon="9.70566837117076">
        <ele>506.0</ele>
        <time>2023-06-25T12:24:49</time>
      </trkpt>
      <trkpt lat="47.570925001055" lon="9.70566057600081">
        <ele>505.0</ele>
        <time>2023-06-25T12:24:52</time>
      </trkpt>
      <trkpt lat="47.57069164887071" lon="9.705658480525017">
        <ele>505.0</ele>
        <time>2023-06-25T12:24:54</time>
      </trkpt>
      <trkpt lat="47.570455614477396" lon="9.705660324543715">
        <ele>503.0</ele>
        <time>2023-06-25T12:24:56</time>
      </trkpt>
      <trkpt lat="47.570339692756534" lon="9.70565915107727">
        <ele>502.0</ele>
        <time>2023-06-25T12:24:57</time>
      </trkpt>
      <trkpt lat="47.57022167555988" lon="9.705654541030526">
        <ele>501.0</ele>
        <time>2023-06-25T12:24:58</time>
      </trkpt>
      <trkpt lat="47.57010357454419" lon="9.705648003146052">
        <ele>500.0</ele>
        <time>2023-06-25T12:24:59</time>
      </trkpt>
      <trkpt lat="47.56998865865171" lon="9.705627048388124">
        <ele>499.0</ele>
        <time>2023-06-25T12:25:00</time>
      </trkpt>
      <trkpt lat="47.56977307610214" lon="9.705606093630195">
        <ele>498.0</ele>
        <time>2023-06-25T12:25:02</time>
      </trkpt>
      <trkpt lat="47.56966629065573" lon="9.705613050609827">
        <ele>498.0</ele>
        <time>2023-06-25T12:25:03</time>
      </trkpt>
      <trkpt lat="47.569555481895804" lon="9.705622773617506">
        <ele>497.0</ele>
        <time>2023-06-25T12:25:04</time>
      </trkpt>
      <trkpt lat="47.569446600973606" lon="9.705631071701646">
        <ele>496.0</ele>
        <time>2023-06-25T12:25:05</time>
      </trkpt>
      <trkpt lat="47.56913018412888" lon="9.705640291795135">
        <ele>495.0</ele>
        <time>2023-06-25T12:25:08</time>
      </trkpt>
      <trkpt lat="47.56892390549183" lon="9.705641968175769">
        <ele>494.0</ele>
        <time>2023-06-25T12:25:10</time>
      </trkpt>
      <trkpt lat="47.56881896406412" lon="9.70564347691834">
        <ele>494.0</ele>
        <time>2023-06-25T12:25:11</time>
      </trkpt>
      <trkpt lat="47.56855702959001" lon="9.705651355907321">
        <ele>493.0</ele>
        <time>2023-06-25T12:25:14</time>
      </trkpt>
      <trkpt lat="47.56848620250821" lon="9.705668706446886">
        <ele>492.0</ele>
        <time>2023-06-25T12:25:15</time>
      </trkpt>
      <trkpt lat="47.56825880147517" lon="9.705727463588119">
        <ele>492.0</ele>
        <time>2023-06-25T12:25:18</time>
      </trkpt>
      <trkpt lat="47.568000722676516" lon="9.705759901553392">
        <ele>491.0</ele>
        <time>2023-06-25T12:25:21</time>
      </trkpt>
      <trkpt lat="47.56790994666517" lon="9.705758141353726">
        <ele>490.0</ele>
        <time>2023-06-25T12:25:22</time>
      </trkpt>
      <trkpt lat="47.56781565025449" lon="9.705742551013827">
        <ele>490.0</ele>
        <time>2023-06-25T12:25:23</time>
      </trkpt>
      <trkpt lat="47.567631751298904" lon="9.70567524433136">
        <ele>490.0</ele>
        <time>2023-06-25T12:25:25</time>
      </trkpt>
      <trkpt lat="47.56745011545718" lon="9.705608524382114">
        <ele>489.0</ele>
        <time>2023-06-25T12:25:27</time>
      </trkpt>
      <trkpt lat="47.56718583405018" lon="9.705528812482953">
        <ele>488.0</ele>
        <time>2023-06-25T12:25:30</time>
      </trkpt>
      <trkpt lat="47.56710218265653" lon="9.705502996221185">
        <ele>488.0</ele>
        <time>2023-06-25T12:25:31</time>
      </trkpt>
      <trkpt lat="47.56684888154268" lon="9.705404425039887">
        <ele>487.0</ele>
        <time>2023-06-25T12:25:34</time>
      </trkpt>
      <trkpt lat="47.566769840195775" lon="9.705355390906334">
        <ele>487.0</ele>
        <time>2023-06-25T12:25:35</time>
      </trkpt>
      <trkpt lat="47.56669574417174" lon="9.70529755577445">
        <ele>487.0</ele>
        <time>2023-06-25T12:25:36</time>
      </trkpt>
      <trkpt lat="47.5663214083761" lon="9.705068645998836">
        <ele>487.0</ele>
        <time>2023-06-25T12:25:41</time>
      </trkpt>
      <trkpt lat="47.566116554662585" lon="9.704943671822548">
        <ele>487.0</ele>
        <time>2023-06-25T12:25:44</time>
      </trkpt>
      <trkpt lat="47.56591605953872" lon="9.7048528958112">
        <ele>487.0</ele>
        <time>2023-06-25T12:25:47</time>
      </trkpt>
      <trkpt lat="47.56584690883756" lon="9.704824900254607">
        <ele>487.0</ele>
        <time>2023-06-25T12:25:48</time>
      </trkpt>
      <trkpt lat="47.5656477548182" lon="9.704700848087668">
        <ele>487.0</ele>
        <time>2023-06-25T12:25:51</time>
      </trkpt>
      <trkpt lat="47.56557868793607" lon="9.704657094553113">
        <ele>487.0</ele>
        <time>2023-06-25T12:25:52</time>
      </trkpt>
      <trkpt lat="47.56543912924826" lon="9.704557852819562">
        <ele>487.0</ele>
        <time>2023-06-25T12:25:54</time>
      </trkpt>
      <trkpt lat="47.565242908895016" lon="9.704395160079002">
        <ele>487.0</ele>
        <time>2023-06-25T12:25:57</time>
      </trkpt>
      <trkpt lat="47.565195299685" lon="9.704313352704048">
        <ele>487.0</ele>
        <time>2023-06-25T12:25:58</time>
      </trkpt>
      <trkpt lat="47.565155904740095" lon="9.704218888655305">
        <ele>487.0</ele>
        <time>2023-06-25T12:25:59</time>
      </trkpt>
      <trkpt lat="47.56507066078484" lon="9.704043790698051">
        <ele>487.0</ele>
        <time>2023-06-25T12:26:01</time>
      </trkpt>
      <trkpt lat="47.565020537003875" lon="9.703968605026603">
        <ele>487.0</ele>
        <time>2023-06-25T12:26:02</time>
      </trkpt>
      <trkpt lat="47.56491316482425" lon="9.703850420191884">
        <ele>486.0</ele>
        <time>2023-06-25T12:26:04</time>
      </trkpt>
      <trkpt lat="47.56485424004495" lon="9.703826364129782">
        <ele>486.0</ele>
        <time>2023-06-25T12:26:05</time>
      </trkpt>
      <trkpt lat="47.564795315265656" lon="9.703842457383871">
        <ele>486.0</ele>
        <time>2023-06-25T12:26:06</time>
      </trkpt>
      <trkpt lat="47.564746364951134" lon="9.703899621963501">
        <ele>486.0</ele>
        <time>2023-06-25T12:26:07</time>
      </trkpt>
      <trkpt lat="47.56472331471741" lon="9.703989224508405">
        <ele>486.0</ele>
        <time>2023-06-25T12:26:08</time>
      </trkpt>
      <trkpt lat="47.564741084352136" lon="9.70409450121224">
        <ele>486.0</ele>
        <time>2023-06-25T12:26:09</time>
      </trkpt>
      <trkpt lat="47.56476170383394" lon="9.704190222546458">
        <ele>486.0</ele>
        <time>2023-06-25T12:26:10</time>
      </trkpt>
      <trkpt lat="47.564813420176506" lon="9.704482248052955">
        <ele>486.0</ele>
        <time>2023-06-25T12:26:13</time>
      </trkpt>
      <trkpt lat="47.56485524587333" lon="9.70479816198349">
        <ele>486.0</ele>
        <time>2023-06-25T12:26:16</time>
      </trkpt>
      <trkpt lat="47.56487653590739" lon="9.705013912171125">
        <ele>486.0</ele>
        <time>2023-06-25T12:26:18</time>
      </trkpt>
      <trkpt lat="47.56487905047834" lon="9.705116422846913">
        <ele>486.0</ele>
        <time>2023-06-25T12:26:19</time>
      </trkpt>
      <trkpt lat="47.564882738515735" lon="9.705215496942401">
        <ele>486.0</ele>
        <time>2023-06-25T12:26:20</time>
      </trkpt>
      <trkpt lat="47.56490889005363" lon="9.705661078915">
        <ele>486.0</ele>
        <time>2023-06-25T12:26:25</time>
      </trkpt>
      <trkpt lat="47.56492448039353" lon="9.706298606470227">
        <ele>485.0</ele>
        <time>2023-06-25T12:26:33</time>
      </trkpt>
      <trkpt lat="47.56493520922959" lon="9.706564648076892">
        <ele>485.0</ele>
        <time>2023-06-25T12:26:36</time>
      </trkpt>
      <trkpt lat="47.56493177264929" lon="9.70691635273397">
        <ele>485.0</ele>
        <time>2023-06-25T12:26:40</time>
      </trkpt>
      <trkpt lat="47.56492791697383" lon="9.7069959808141">
        <ele>485.0</ele>
        <time>2023-06-25T12:26:41</time>
      </trkpt>
      <trkpt lat="47.5649294257164" lon="9.70708005130291">
        <ele>485.0</ele>
        <time>2023-06-25T12:26:42</time>
      </trkpt>
      <trkpt lat="47.56492221727967" lon="9.707234194502234">
        <ele>485.0</ele>
        <time>2023-06-25T12:26:44</time>
      </trkpt>
      <trkpt lat="47.5648794695735" lon="9.70736838877201">
        <ele>485.0</ele>
        <time>2023-06-25T12:26:46</time>
      </trkpt>
      <trkpt lat="47.564773773774505" lon="9.707427145913243">
        <ele>485.0</ele>
        <time>2023-06-25T12:26:48</time>
      </trkpt>
      <trkpt lat="47.564714178442955" lon="9.707439886406064">
        <ele>485.0</ele>
        <time>2023-06-25T12:26:49</time>
      </trkpt>
      <trkpt lat="47.56459976546466" lon="9.707459667697549">
        <ele>484.0</ele>
        <time>2023-06-25T12:26:51</time>
      </trkpt>
      <trkpt lat="47.564290976151824" lon="9.70749830827117">
        <ele>484.0</ele>
        <time>2023-06-25T12:26:56</time>
      </trkpt>
      <trkpt lat="47.56390951573849" lon="9.707572404295206">
        <ele>484.0</ele>
        <time>2023-06-25T12:27:02</time>
      </trkpt>
      <trkpt lat="47.56384707055986" lon="9.707602160051465">
        <ele>484.0</ele>
        <time>2023-06-25T12:27:03</time>
      </trkpt>
      <trkpt lat="47.563787307590246" lon="9.707630826160312">
        <ele>484.0</ele>
        <time>2023-06-25T12:27:04</time>
      </trkpt>
      <trkpt lat="47.56372804753482" lon="9.707668712362647">
        <ele>484.0</ele>
        <time>2023-06-25T12:27:05</time>
      </trkpt>
      <trkpt lat="47.56356032565236" lon="9.707785388454795">
        <ele>484.0</ele>
        <time>2023-06-25T12:27:08</time>
      </trkpt>
      <trkpt lat="47.56350408308208" lon="9.707820424810052">
        <ele>484.0</ele>
        <time>2023-06-25T12:27:09</time>
      </trkpt>
      <trkpt lat="47.56325505673885" lon="9.707921175286174">
        <ele>484.0</ele>
        <time>2023-06-25T12:27:13</time>
      </trkpt>
      <trkpt lat="47.56319152191281" lon="9.707928551360965">
        <ele>484.0</ele>
        <time>2023-06-25T12:27:14</time>
      </trkpt>
      <trkpt lat="47.56312840618193" lon="9.707929892465472">
        <ele>484.0</ele>
        <time>2023-06-25T12:27:15</time>
      </trkpt>
      <trkpt lat="47.563063614070415" lon="9.707926204428077">
        <ele>484.0</ele>
        <time>2023-06-25T12:27:16</time>
      </trkpt>
      <trkpt lat="47.56292757578194" lon="9.70791706815362">
        <ele>484.0</ele>
        <time>2023-06-25T12:27:18</time>
      </trkpt>
      <trkpt lat="47.56279103457928" lon="9.707900807261467">
        <ele>484.0</ele>
        <time>2023-06-25T12:27:20</time>
      </trkpt>
      <trkpt lat="47.562325336039066" lon="9.70785110257566">
        <ele>484.0</ele>
        <time>2023-06-25T12:27:27</time>
      </trkpt>
      <trkpt lat="47.562264231964946" lon="9.707872224971652">
        <ele>484.0</ele>
        <time>2023-06-25T12:27:28</time>
      </trkpt>
      <trkpt lat="47.562205558642745" lon="9.707911033183336">
        <ele>484.0</ele>
        <time>2023-06-25T12:27:29</time>
      </trkpt>
      <trkpt lat="47.56212232634425" lon="9.708050340414047">
        <ele>484.0</ele>
        <time>2023-06-25T12:27:31</time>
      </trkpt>
      <trkpt lat="47.562092738226056" lon="9.708126028999686">
        <ele>484.0</ele>
        <time>2023-06-25T12:27:32</time>
      </trkpt>
      <trkpt lat="47.56208754144609" lon="9.708203645423055">
        <ele>484.0</ele>
        <time>2023-06-25T12:27:33</time>
      </trkpt>
      <trkpt lat="47.56207052618265" lon="9.708274053409696">
        <ele>483.0</ele>
        <time>2023-06-25T12:27:34</time>
      </trkpt>
      <trkpt lat="47.5620437040925" lon="9.708340186625719">
        <ele>483.0</ele>
        <time>2023-06-25T12:27:35</time>
      </trkpt>
      <trkpt lat="47.562014032155275" lon="9.708403386175632">
        <ele>483.0</ele>
        <time>2023-06-25T12:27:36</time>
      </trkpt>
      <trkpt lat="47.561976900324225" lon="9.70845309086144">
        <ele>483.0</ele>
        <time>2023-06-25T12:27:37</time>
      </trkpt>
      <trkpt lat="47.56189878098667" lon="9.708478404209018">
        <ele>483.0</ele>
        <time>2023-06-25T12:27:39</time>
      </trkpt>
      <trkpt lat="47.56182577461004" lon="9.708409504964948">
        <ele>483.0</ele>
        <time>2023-06-25T12:27:41</time>
      </trkpt>
      <trkpt lat="47.56179140880704" lon="9.708366421982646">
        <ele>483.0</ele>
        <time>2023-06-25T12:27:42</time>
      </trkpt>
      <trkpt lat="47.56164522841573" lon="9.708167184144258">
        <ele>483.0</ele>
        <time>2023-06-25T12:27:46</time>
      </trkpt>
      <trkpt lat="47.56155755370855" lon="9.708056962117553">
        <ele>483.0</ele>
        <time>2023-06-25T12:27:48</time>
      </trkpt>
      <trkpt lat="47.56130509078503" lon="9.707752699032426">
        <ele>482.0</ele>
        <time>2023-06-25T12:27:53</time>
      </trkpt>
      <trkpt lat="47.56114348769188" lon="9.707564944401383">
        <ele>482.0</ele>
        <time>2023-06-25T12:27:56</time>
      </trkpt>
      <trkpt lat="47.561039132997394" lon="9.70744650810957">
        <ele>482.0</ele>
        <time>2023-06-25T12:27:59</time>
      </trkpt>
      <trkpt lat="47.56094173528254" lon="9.70733217895031">
        <ele>482.0</ele>
        <time>2023-06-25T12:28:01</time>
      </trkpt>
      <trkpt lat="47.560846181586385" lon="9.707206282764673">
        <ele>482.0</ele>
        <time>2023-06-25T12:28:03</time>
      </trkpt>
      <trkpt lat="47.56070276722312" lon="9.707020036876202">
        <ele>481.0</ele>
        <time>2023-06-25T12:28:06</time>
      </trkpt>
      <trkpt lat="47.56055734120309" lon="9.706884501501918">
        <ele>481.0</ele>
        <time>2023-06-25T12:28:09</time>
      </trkpt>
      <trkpt lat="47.56046790629625" lon="9.70682742074132">
        <ele>481.0</ele>
        <time>2023-06-25T12:28:11</time>
      </trkpt>
      <trkpt lat="47.56028207950294" lon="9.706733459606767">
        <ele>480.0</ele>
        <time>2023-06-25T12:28:15</time>
      </trkpt>
      <trkpt lat="47.56008937954903" lon="9.706691885367036">
        <ele>480.0</ele>
        <time>2023-06-25T12:28:19</time>
      </trkpt>
      <trkpt lat="47.56003866903484" lon="9.706704039126635">
        <ele>479.0</ele>
        <time>2023-06-25T12:28:20</time>
      </trkpt>
      <trkpt lat="47.55999365821481" lon="9.706747876480222">
        <ele>479.0</ele>
        <time>2023-06-25T12:28:21</time>
      </trkpt>
      <trkpt lat="47.55997781641781" lon="9.706848124042153">
        <ele>479.0</ele>
        <time>2023-06-25T12:28:22</time>
      </trkpt>
      <trkpt lat="47.55997370928526" lon="9.70694568939507">
        <ele>479.0</ele>
        <time>2023-06-25T12:28:23</time>
      </trkpt>
      <trkpt lat="47.55997471511364" lon="9.707037806510925">
        <ele>479.0</ele>
        <time>2023-06-25T12:28:24</time>
      </trkpt>
      <trkpt lat="47.559972032904625" lon="9.707122296094894">
        <ele>479.0</ele>
        <time>2023-06-25T12:28:25</time>
      </trkpt>
      <trkpt lat="47.55996993742883" lon="9.70720469020307">
        <ele>478.0</ele>
        <time>2023-06-25T12:28:26</time>
      </trkpt>
      <trkpt lat="47.5599664170295" lon="9.707287000492215">
        <ele>478.0</ele>
        <time>2023-06-25T12:28:27</time>
      </trkpt>
      <trkpt lat="47.55996147170663" lon="9.70737081952393">
        <ele>478.0</ele>
        <time>2023-06-25T12:28:28</time>
      </trkpt>
      <trkpt lat="47.55995208397508" lon="9.707450699061155">
        <ele>478.0</ele>
        <time>2023-06-25T12:28:29</time>
      </trkpt>
      <trkpt lat="47.55994194187224" lon="9.707531249150634">
        <ele>478.0</ele>
        <time>2023-06-25T12:28:30</time>
      </trkpt>
      <trkpt lat="47.55993213504553" lon="9.707692516967654">
        <ele>478.0</ele>
        <time>2023-06-25T12:28:32</time>
      </trkpt>
      <trkpt lat="47.55993557162583" lon="9.70777340233326">
        <ele>477.0</ele>
        <time>2023-06-25T12:28:33</time>
      </trkpt>
      <trkpt lat="47.55994747392833" lon="9.707929389551282">
        <ele>477.0</ele>
        <time>2023-06-25T12:28:35</time>
      </trkpt>
      <trkpt lat="47.559950072318316" lon="9.708003820851445">
        <ele>477.0</ele>
        <time>2023-06-25T12:28:36</time>
      </trkpt>
      <trkpt lat="47.55995174869895" lon="9.708077749237418">
        <ele>477.0</ele>
        <time>2023-06-25T12:28:37</time>
      </trkpt>
      <trkpt lat="47.55995920859277" lon="9.70836902037263">
        <ele>476.0</ele>
        <time>2023-06-25T12:28:41</time>
      </trkpt>
      <trkpt lat="47.5599576998502" lon="9.708439260721207">
        <ele>476.0</ele>
        <time>2023-06-25T12:28:42</time>
      </trkpt>
      <trkpt lat="47.55993322469294" lon="9.708716366440058">
        <ele>476.0</ele>
        <time>2023-06-25T12:28:46</time>
      </trkpt>
      <trkpt lat="47.55992241203785" lon="9.708853913471103">
        <ele>475.0</ele>
        <time>2023-06-25T12:28:48</time>
      </trkpt>
      <trkpt lat="47.559915287420154" lon="9.708911580964923">
        <ele>475.0</ele>
        <time>2023-06-25T12:28:49</time>
      </trkpt>
      <trkpt lat="47.559867510572076" lon="9.708951646462083">
        <ele>475.0</ele>
        <time>2023-06-25T12:28:50</time>
      </trkpt>
      <trkpt lat="47.559876227751374" lon="9.708981569856405">
        <ele>475.0</ele>
        <time>2023-06-25T12:28:53</time>
      </trkpt>
      <trkpt lat="47.55987446755171" lon="9.708961201831698">
        <ele>474.0</ele>
        <time>2023-06-25T12:28:57</time>
      </trkpt>
      <trkpt lat="47.55988972261548" lon="9.708958938717842">
        <ele>474.0</ele>
        <time>2023-06-25T12:29:01</time>
      </trkpt>
      <trkpt lat="47.55989651195705" lon="9.708967572078109">
        <ele>474.0</ele>
        <time>2023-06-25T12:29:02</time>
      </trkpt>
      <trkpt lat="47.559886034578085" lon="9.709039656445384">
        <ele>473.0</ele>
        <time>2023-06-25T12:29:05</time>
      </trkpt>
      <trkpt lat="47.55986776202917" lon="9.709066646173596">
        <ele>473.0</ele>
        <time>2023-06-25T12:29:06</time>
      </trkpt>
      <trkpt lat="47.559804897755384" lon="9.709111908450723">
        <ele>473.0</ele>
        <time>2023-06-25T12:29:08</time>
      </trkpt>
      <trkpt lat="47.55975645035505" lon="9.70911224372685">
        <ele>473.0</ele>
        <time>2023-06-25T12:29:09</time>
      </trkpt>
      <trkpt lat="47.559697944670916" lon="9.709094725549221">
        <ele>473.0</ele>
        <time>2023-06-25T12:29:10</time>
      </trkpt>
      <trkpt lat="47.559570875018835" lon="9.709050301462412">
        <ele>473.0</ele>
        <time>2023-06-25T12:29:12</time>
      </trkpt>
      <trkpt lat="47.55950423888862" lon="9.709028592333198">
        <ele>472.0</ele>
        <time>2023-06-25T12:29:13</time>
      </trkpt>
      <trkpt lat="47.55922269076109" lon="9.708995399996638">
        <ele>472.0</ele>
        <time>2023-06-25T12:29:17</time>
      </trkpt>
      <trkpt lat="47.55914985202253" lon="9.708992969244719">
        <ele>472.0</ele>
        <time>2023-06-25T12:29:18</time>
      </trkpt>
      <trkpt lat="47.558620953932405" lon="9.709012415260077">
        <ele>472.0</ele>
        <time>2023-06-25T12:29:25</time>
      </trkpt>
      <trkpt lat="47.55815198644996" lon="9.709041584283113">
        <ele>471.0</ele>
        <time>2023-06-25T12:29:32</time>
      </trkpt>
      <trkpt lat="47.55810722708702" lon="9.70904435031116">
        <ele>471.0</ele>
        <time>2023-06-25T12:29:33</time>
      </trkpt>
      <trkpt lat="47.55806162953377" lon="9.709048205986619">
        <ele>471.0</ele>
        <time>2023-06-25T12:29:35</time>
      </trkpt>
      <trkpt lat="47.55806280300021" lon="9.709029598161578">
        <ele>471.0</ele>
        <time>2023-06-25T12:29:40</time>
      </trkpt>
      <trkpt lat="47.55806263536215" lon="9.70901601947844">
        <ele>471.0</ele>
        <time>2023-06-25T12:29:44</time>
      </trkpt>
      <trkpt lat="47.55806942470372" lon="9.709003530442715">
        <ele>470.0</ele>
        <time>2023-06-25T12:29:48</time>
      </trkpt>
      <trkpt lat="47.55805634893477" lon="9.709009565412998">
        <ele>470.0</ele>
        <time>2023-06-25T12:29:51</time>
      </trkpt>
      <trkpt lat="47.55801812745631" lon="9.709000512957573">
        <ele>470.0</ele>
        <time>2023-06-25T12:29:53</time>
      </trkpt>
      <trkpt lat="47.55791578441858" lon="9.70899255014956">
        <ele>470.0</ele>
        <time>2023-06-25T12:29:56</time>
      </trkpt>
      <trkpt lat="47.55787203088403" lon="9.708994645625353">
        <ele>470.0</ele>
        <time>2023-06-25T12:29:57</time>
      </trkpt>
      <trkpt lat="47.55770548246801" lon="9.709026329219341">
        <ele>470.0</ele>
        <time>2023-06-25T12:30:00</time>
      </trkpt>
      <trkpt lat="47.557641780003905" lon="9.709033705294132">
        <ele>470.0</ele>
        <time>2023-06-25T12:30:01</time>
      </trkpt>
      <trkpt lat="47.55714934319258" lon="9.709090199321508">
        <ele>470.0</ele>
        <time>2023-06-25T12:30:08</time>
      </trkpt>
      <trkpt lat="47.55699067376554" lon="9.709118697792292">
        <ele>470.0</ele>
        <time>2023-06-25T12:30:10</time>
      </trkpt>
      <trkpt lat="47.55683904513717" lon="9.70915088430047">
        <ele>470.0</ele>
        <time>2023-06-25T12:30:12</time>
      </trkpt>
      <trkpt lat="47.55675354972482" lon="9.709170330315828">
        <ele>470.0</ele>
        <time>2023-06-25T12:30:13</time>
      </trkpt>
      <trkpt lat="47.556591276079416" lon="9.709214670583606">
        <ele>470.0</ele>
        <time>2023-06-25T12:30:15</time>
      </trkpt>
      <trkpt lat="47.55643512122333" lon="9.709258424118161">
        <ele>470.0</ele>
        <time>2023-06-25T12:30:17</time>
      </trkpt>
      <trkpt lat="47.556126499548554" lon="9.709351463243365">
        <ele>469.0</ele>
        <time>2023-06-25T12:30:21</time>
      </trkpt>
      <trkpt lat="47.5560499727726" lon="9.709376860409975">
        <ele>469.0</ele>
        <time>2023-06-25T12:30:22</time>
      </trkpt>
      <trkpt lat="47.555659878998995" lon="9.7095051035285">
        <ele>469.0</ele>
        <time>2023-06-25T12:30:27</time>
      </trkpt>
      <trkpt lat="47.55551805719733" lon="9.709549946710467">
        <ele>469.0</ele>
        <time>2023-06-25T12:30:29</time>
      </trkpt>
      <trkpt lat="47.55545963533223" lon="9.709571823477745">
        <ele>469.0</ele>
        <time>2023-06-25T12:30:30</time>
      </trkpt>
      <trkpt lat="47.55536751821637" lon="9.709465960040689">
        <ele>469.0</ele>
        <time>2023-06-25T12:30:32</time>
      </trkpt>
      <trkpt lat="47.55528814159334" lon="9.709308799356222">
        <ele>469.0</ele>
        <time>2023-06-25T12:30:34</time>
      </trkpt>
      <trkpt lat="47.555105248466134" lon="9.709008894860744">
        <ele>469.0</ele>
        <time>2023-06-25T12:30:38</time>
      </trkpt>
      <trkpt lat="47.554947417229414" lon="9.70879272557795">
        <ele>469.0</ele>
        <time>2023-06-25T12:30:41</time>
      </trkpt>
      <trkpt lat="47.554815486073494" lon="9.708696501329541">
        <ele>469.0</ele>
        <time>2023-06-25T12:30:43</time>
      </trkpt>
      <trkpt lat="47.55474558100104" lon="9.708671187981963">
        <ele>469.0</ele>
        <time>2023-06-25T12:30:44</time>
      </trkpt>
      <trkpt lat="47.5546754244715" lon="9.708659620955586">
        <ele>469.0</ele>
        <time>2023-06-25T12:30:45</time>
      </trkpt>
      <trkpt lat="47.55453368648887" lon="9.708669343963265">
        <ele>469.0</ele>
        <time>2023-06-25T12:30:47</time>
      </trkpt>
      <trkpt lat="47.554462188854814" lon="9.708667080849409">
        <ele>469.0</ele>
        <time>2023-06-25T12:30:48</time>
      </trkpt>
      <trkpt lat="47.55426856689155" lon="9.708640510216355">
        <ele>469.0</ele>
        <time>2023-06-25T12:30:51</time>
      </trkpt>
      <trkpt lat="47.5541606079787" lon="9.708550656214356">
        <ele>468.0</ele>
        <time>2023-06-25T12:30:54</time>
      </trkpt>
      <trkpt lat="47.5541090592742" lon="9.70853615552187">
        <ele>468.0</ele>
        <time>2023-06-25T12:30:56</time>
      </trkpt>
      <trkpt lat="47.55408902652562" lon="9.708572197705507">
        <ele>468.0</ele>
        <time>2023-06-25T12:30:57</time>
      </trkpt>
      <trkpt lat="47.55407653748989" lon="9.708629697561264">
        <ele>468.0</ele>
        <time>2023-06-25T12:30:58</time>
      </trkpt>
      <trkpt lat="47.554040998220444" lon="9.70886497758329">
        <ele>468.0</ele>
        <time>2023-06-25T12:31:01</time>
      </trkpt>
      <trkpt lat="47.554000178352" lon="9.709138562902808">
        <ele>468.0</ele>
        <time>2023-06-25T12:31:04</time>
      </trkpt>
      <trkpt lat="47.55394661799073" lon="9.709428744390607">
        <ele>468.0</ele>
        <time>2023-06-25T12:31:07</time>
      </trkpt>
      <trkpt lat="47.55389624275267" lon="9.709731498733163">
        <ele>467.0</ele>
        <time>2023-06-25T12:31:10</time>
      </trkpt>
      <trkpt lat="47.553855841979384" lon="9.71004062332213">
        <ele>467.0</ele>
        <time>2023-06-25T12:31:13</time>
      </trkpt>
      <trkpt lat="47.55382332019508" lon="9.710244052112103">
        <ele>467.0</ele>
        <time>2023-06-25T12:31:15</time>
      </trkpt>
      <trkpt lat="47.5538051314652" lon="9.710345473140478">
        <ele>467.0</ele>
        <time>2023-06-25T12:31:16</time>
      </trkpt>
      <trkpt lat="47.553770430386066" lon="9.710552506148815">
        <ele>467.0</ele>
        <time>2023-06-25T12:31:18</time>
      </trkpt>
      <trkpt lat="47.55362466908991" lon="9.711383068934083">
        <ele>466.0</ele>
        <time>2023-06-25T12:31:26</time>
      </trkpt>
      <trkpt lat="47.55358971655369" lon="9.711597310379148">
        <ele>466.0</ele>
        <time>2023-06-25T12:31:28</time>
      </trkpt>
      <trkpt lat="47.55345828831196" lon="9.712227378040552">
        <ele>465.0</ele>
        <time>2023-06-25T12:31:34</time>
      </trkpt>
      <trkpt lat="47.5533558614552" lon="9.712987197563052">
        <ele>465.0</ele>
        <time>2023-06-25T12:31:41</time>
      </trkpt>
      <trkpt lat="47.55332686007023" lon="9.713192638009787">
        <ele>465.0</ele>
        <time>2023-06-25T12:31:43</time>
      </trkpt>
      <trkpt lat="47.553221583366394" lon="9.713975004851818">
        <ele>464.0</ele>
        <time>2023-06-25T12:31:51</time>
      </trkpt>
      <trkpt lat="47.55320590920746" lon="9.714065697044134">
        <ele>464.0</ele>
        <time>2023-06-25T12:31:52</time>
      </trkpt>
      <trkpt lat="47.55317095667124" lon="9.714241968467832">
        <ele>464.0</ele>
        <time>2023-06-25T12:31:54</time>
      </trkpt>
      <trkpt lat="47.55308420397341" lon="9.714336348697543">
        <ele>464.0</ele>
        <time>2023-06-25T12:31:56</time>
      </trkpt>
      <trkpt lat="47.55296668969095" lon="9.714310616254807">
        <ele>464.0</ele>
        <time>2023-06-25T12:31:58</time>
      </trkpt>
      <trkpt lat="47.55291245877743" lon="9.714279100298882">
        <ele>464.0</ele>
        <time>2023-06-25T12:31:59</time>
      </trkpt>
      <trkpt lat="47.55279519595206" lon="9.714223109185696">
        <ele>464.0</ele>
        <time>2023-06-25T12:32:01</time>
      </trkpt>
      <trkpt lat="47.55252253264189" lon="9.714101068675518">
        <ele>464.0</ele>
        <time>2023-06-25T12:32:06</time>
      </trkpt>
      <trkpt lat="47.55238917656243" lon="9.714055471122265">
        <ele>463.0</ele>
        <time>2023-06-25T12:32:09</time>
      </trkpt>
      <trkpt lat="47.552309297025204" lon="9.714054549112916">
        <ele>463.0</ele>
        <time>2023-06-25T12:32:11</time>
      </trkpt>
      <trkpt lat="47.552150543779135" lon="9.7140967939049">
        <ele>463.0</ele>
        <time>2023-06-25T12:32:15</time>
      </trkpt>
      <trkpt lat="47.55211466923356" lon="9.714106684550643">
        <ele>463.0</ele>
        <time>2023-06-25T12:32:16</time>
      </trkpt>
      <trkpt lat="47.55201702006161" lon="9.714139122515917">
        <ele>464.0</ele>
        <time>2023-06-25T12:32:19</time>
      </trkpt>
      <trkpt lat="47.551948791369796" lon="9.714176254346967">
        <ele>464.0</ele>
        <time>2023-06-25T12:32:21</time>
      </trkpt>
      <trkpt lat="47.55191585049033" lon="9.714194443076849">
        <ele>464.0</ele>
        <time>2023-06-25T12:32:22</time>
      </trkpt>
      <trkpt lat="47.5516842585057" lon="9.71432444639504">
        <ele>464.0</ele>
        <time>2023-06-25T12:32:28</time>
      </trkpt>
      <trkpt lat="47.55152600817382" lon="9.714392339810729">
        <ele>464.0</ele>
        <time>2023-06-25T12:32:31</time>
      </trkpt>
      <trkpt lat="47.55140874534845" lon="9.714411366730928">
        <ele>464.0</ele>
        <time>2023-06-25T12:32:33</time>
      </trkpt>
      <trkpt lat="47.55134269595146" lon="9.714404828846455">
        <ele>464.0</ele>
        <time>2023-06-25T12:32:34</time>
      </trkpt>
      <trkpt lat="47.551209423691034" lon="9.714387394487858">
        <ele>464.0</ele>
        <time>2023-06-25T12:32:36</time>
      </trkpt>
      <trkpt lat="47.5511419493705" lon="9.714362835511565">
        <ele>464.0</ele>
        <time>2023-06-25T12:32:37</time>
      </trkpt>
      <trkpt lat="47.55107531324029" lon="9.714327044785023">
        <ele>464.0</ele>
        <time>2023-06-25T12:32:38</time>
      </trkpt>
      <trkpt lat="47.55078035406768" lon="9.714186899363995">
        <ele>464.0</ele>
        <time>2023-06-25T12:32:42</time>
      </trkpt>
      <trkpt lat="47.550539541989565" lon="9.7141451574862">
        <ele>464.0</ele>
        <time>2023-06-25T12:32:45</time>
      </trkpt>
      <trkpt lat="47.550458405166864" lon="9.71417055465281">
        <ele>464.0</ele>
        <time>2023-06-25T12:32:46</time>
      </trkpt>
      <trkpt lat="47.55038481205702" lon="9.714210033416748">
        <ele>464.0</ele>
        <time>2023-06-25T12:32:47</time>
      </trkpt>
      <trkpt lat="47.550249360501766" lon="9.714399799704552">
        <ele>464.0</ele>
        <time>2023-06-25T12:32:49</time>
      </trkpt>
      <trkpt lat="47.55013997666538" lon="9.714649664238095">
        <ele>464.0</ele>
        <time>2023-06-25T12:32:51</time>
      </trkpt>
      <trkpt lat="47.550062611699104" lon="9.714913191273808">
        <ele>464.0</ele>
        <time>2023-06-25T12:32:53</time>
      </trkpt>
      <trkpt lat="47.54996462725103" lon="9.715301524847746">
        <ele>464.0</ele>
        <time>2023-06-25T12:32:56</time>
      </trkpt>
      <trkpt lat="47.54982590675354" lon="9.715784322470427">
        <ele>464.0</ele>
        <time>2023-06-25T12:33:00</time>
      </trkpt>
      <trkpt lat="47.54967452958226" lon="9.716359404847026">
        <ele>465.0</ele>
        <time>2023-06-25T12:33:05</time>
      </trkpt>
      <trkpt lat="47.54964888095856" lon="9.716469375416636">
        <ele>465.0</ele>
        <time>2023-06-25T12:33:06</time>
      </trkpt>
      <trkpt lat="47.54944327287376" lon="9.717181669548154">
        <ele>465.0</ele>
        <time>2023-06-25T12:33:13</time>
      </trkpt>
      <trkpt lat="47.54940706305206" lon="9.717273116111755">
        <ele>465.0</ele>
        <time>2023-06-25T12:33:14</time>
      </trkpt>
      <trkpt lat="47.54928988404572" lon="9.717517280951142">
        <ele>465.0</ele>
        <time>2023-06-25T12:33:17</time>
      </trkpt>
      <trkpt lat="47.54924629814923" lon="9.717593137174845">
        <ele>465.0</ele>
        <time>2023-06-25T12:33:18</time>
      </trkpt>
      <trkpt lat="47.548948992043734" lon="9.718110049143434">
        <ele>465.0</ele>
        <time>2023-06-25T12:33:25</time>
      </trkpt>
      <trkpt lat="47.548548839986324" lon="9.718756461516023">
        <ele>465.0</ele>
        <time>2023-06-25T12:33:34</time>
      </trkpt>
      <trkpt lat="47.54820669069886" lon="9.719233643263578">
        <ele>465.0</ele>
        <time>2023-06-25T12:33:41</time>
      </trkpt>
      <trkpt lat="47.54780603572726" lon="9.719676207751036">
        <ele>465.0</ele>
        <time>2023-06-25T12:33:48</time>
      </trkpt>
      <trkpt lat="47.54758743569255" lon="9.7199197858572">
        <ele>465.0</ele>
        <time>2023-06-25T12:33:52</time>
      </trkpt>
      <trkpt lat="47.5474276766181" lon="9.72012841142714">
        <ele>465.0</ele>
        <time>2023-06-25T12:33:55</time>
      </trkpt>
      <trkpt lat="47.54710857756436" lon="9.720490425825119">
        <ele>465.0</ele>
        <time>2023-06-25T12:34:01</time>
      </trkpt>
      <trkpt lat="47.54690674133599" lon="9.720722353085876">
        <ele>465.0</ele>
        <time>2023-06-25T12:34:05</time>
      </trkpt>
      <trkpt lat="47.546551851555705" lon="9.721114709973335">
        <ele>465.0</ele>
        <time>2023-06-25T12:34:12</time>
      </trkpt>
      <trkpt lat="47.54628002643585" lon="9.721473874524236">
        <ele>465.0</ele>
        <time>2023-06-25T12:34:18</time>
      </trkpt>
      <trkpt lat="47.54617910832167" lon="9.721559034660459">
        <ele>465.0</ele>
        <time>2023-06-25T12:34:20</time>
      </trkpt>
      <trkpt lat="47.546086236834526" lon="9.72164805047214">
        <ele>465.0</ele>
        <time>2023-06-25T12:34:22</time>
      </trkpt>
      <trkpt lat="47.54604541696608" lon="9.721701359376311">
        <ele>465.0</ele>
        <time>2023-06-25T12:34:23</time>
      </trkpt>
      <trkpt lat="47.546012392267585" lon="9.721760619431734">
        <ele>465.0</ele>
        <time>2023-06-25T12:34:24</time>
      </trkpt>
      <trkpt lat="47.54594651050866" lon="9.721862794831395">
        <ele>465.0</ele>
        <time>2023-06-25T12:34:26</time>
      </trkpt>
      <trkpt lat="47.54574777558446" lon="9.722123304381967">
        <ele>465.0</ele>
        <time>2023-06-25T12:34:30</time>
      </trkpt>
      <trkpt lat="47.545405626297" lon="9.72258523106575">
        <ele>465.0</ele>
        <time>2023-06-25T12:34:36</time>
      </trkpt>
      <trkpt lat="47.545133298262954" lon="9.722994938492775">
        <ele>465.0</ele>
        <time>2023-06-25T12:34:41</time>
      </trkpt>
      <trkpt lat="47.54476583562791" lon="9.723519226536155">
        <ele>466.0</ele>
        <time>2023-06-25T12:34:48</time>
      </trkpt>
      <trkpt lat="47.54465661942959" lon="9.723659455776215">
        <ele>466.0</ele>
        <time>2023-06-25T12:34:50</time>
      </trkpt>
      <trkpt lat="47.54446651786566" lon="9.723966484889388">
        <ele>466.0</ele>
        <time>2023-06-25T12:34:54</time>
      </trkpt>
      <trkpt lat="47.54422319121659" lon="9.72443277016282">
        <ele>466.0</ele>
        <time>2023-06-25T12:35:00</time>
      </trkpt>
      <trkpt lat="47.54410249181092" lon="9.72465405240655">
        <ele>466.0</ele>
        <time>2023-06-25T12:35:02</time>
      </trkpt>
      <trkpt lat="47.5440136436373" lon="9.724814062938094">
        <ele>466.0</ele>
        <time>2023-06-25T12:35:04</time>
      </trkpt>
      <trkpt lat="47.54396611824632" lon="9.724883632734418">
        <ele>466.0</ele>
        <time>2023-06-25T12:35:05</time>
      </trkpt>
      <trkpt lat="47.54377584904432" lon="9.725177837535739">
        <ele>466.0</ele>
        <time>2023-06-25T12:35:09</time>
      </trkpt>
      <trkpt lat="47.54362899810076" lon="9.72543440759182">
        <ele>466.0</ele>
        <time>2023-06-25T12:35:12</time>
      </trkpt>
      <trkpt lat="47.54325156100094" lon="9.726073946803808">
        <ele>466.0</ele>
        <time>2023-06-25T12:35:20</time>
      </trkpt>
      <trkpt lat="47.543149553239346" lon="9.72623429261148">
        <ele>466.0</ele>
        <time>2023-06-25T12:35:22</time>
      </trkpt>
      <trkpt lat="47.542919889092445" lon="9.72660519182682">
        <ele>466.0</ele>
        <time>2023-06-25T12:35:27</time>
      </trkpt>
      <trkpt lat="47.5425820145756" lon="9.727095365524292">
        <ele>466.0</ele>
        <time>2023-06-25T12:35:34</time>
      </trkpt>
      <trkpt lat="47.54231479950249" lon="9.727481519803405">
        <ele>467.0</ele>
        <time>2023-06-25T12:35:40</time>
      </trkpt>
      <trkpt lat="47.54204590804875" lon="9.727881671860814">
        <ele>467.0</ele>
        <time>2023-06-25T12:35:46</time>
      </trkpt>
      <trkpt lat="47.541765784844756" lon="9.728224910795689">
        <ele>467.0</ele>
        <time>2023-06-25T12:35:51</time>
      </trkpt>
      <trkpt lat="47.54143076017499" lon="9.72849128767848">
        <ele>467.0</ele>
        <time>2023-06-25T12:35:56</time>
      </trkpt>
      <trkpt lat="47.54136186093092" lon="9.728532610461116">
        <ele>467.0</ele>
        <time>2023-06-25T12:35:57</time>
      </trkpt>
      <trkpt lat="47.54094511270523" lon="9.72882891073823">
        <ele>467.0</ele>
        <time>2023-06-25T12:36:03</time>
      </trkpt>
      <trkpt lat="47.54052727483213" lon="9.729173993691802">
        <ele>467.0</ele>
        <time>2023-06-25T12:36:09</time>
      </trkpt>
      <trkpt lat="47.540388805791736" lon="9.729284634813666">
        <ele>467.0</ele>
        <time>2023-06-25T12:36:11</time>
      </trkpt>
      <trkpt lat="47.53999561071396" lon="9.7295833658427">
        <ele>467.0</ele>
        <time>2023-06-25T12:36:17</time>
      </trkpt>
      <trkpt lat="47.53960727714002" lon="9.729922330006957">
        <ele>467.0</ele>
        <time>2023-06-25T12:36:24</time>
      </trkpt>
      <trkpt lat="47.53920301795006" lon="9.730215864256024">
        <ele>467.0</ele>
        <time>2023-06-25T12:36:31</time>
      </trkpt>
      <trkpt lat="47.53888458944857" lon="9.730405043810606">
        <ele>467.0</ele>
        <time>2023-06-25T12:36:36</time>
      </trkpt>
      <trkpt lat="47.53875450231135" lon="9.730466147884727">
        <ele>467.0</ele>
        <time>2023-06-25T12:36:38</time>
      </trkpt>
      <trkpt lat="47.53864319063723" lon="9.730564802885056">
        <ele>467.0</ele>
        <time>2023-06-25T12:36:40</time>
      </trkpt>
      <trkpt lat="47.53859541378915" lon="9.730632612481713">
        <ele>467.0</ele>
        <time>2023-06-25T12:36:41</time>
      </trkpt>
      <trkpt lat="47.538275225088" lon="9.730889769271016">
        <ele>467.0</ele>
        <time>2023-06-25T12:36:46</time>
      </trkpt>
      <trkpt lat="47.5378883164376" lon="9.73117190413177">
        <ele>467.0</ele>
        <time>2023-06-25T12:36:52</time>
      </trkpt>
      <trkpt lat="47.53780407831073" lon="9.731235522776842">
        <ele>467.0</ele>
        <time>2023-06-25T12:36:54</time>
      </trkpt>
      <trkpt lat="47.53770642913878" lon="9.731302913278341">
        <ele>467.0</ele>
        <time>2023-06-25T12:36:56</time>
      </trkpt>
      <trkpt lat="47.5374617613852" lon="9.73159066401422">
        <ele>467.0</ele>
        <time>2023-06-25T12:37:01</time>
      </trkpt>
      <trkpt lat="47.53740828484297" lon="9.731650007888675">
        <ele>467.0</ele>
        <time>2023-06-25T12:37:02</time>
      </trkpt>
      <trkpt lat="47.53722941502929" lon="9.731790740042925">
        <ele>467.0</ele>
        <time>2023-06-25T12:37:05</time>
      </trkpt>
      <trkpt lat="47.5369022693485" lon="9.7320924885571">
        <ele>467.0</ele>
        <time>2023-06-25T12:37:11</time>
      </trkpt>
      <trkpt lat="47.53655333071947" lon="9.732446121051908">
        <ele>467.0</ele>
        <time>2023-06-25T12:37:18</time>
      </trkpt>
      <trkpt lat="47.53640807233751" lon="9.732653070241213">
        <ele>467.0</ele>
        <time>2023-06-25T12:37:23</time>
      </trkpt>
      <trkpt lat="47.53622802905738" lon="9.732864797115326">
        <ele>466.0</ele>
        <time>2023-06-25T12:37:27</time>
      </trkpt>
      <trkpt lat="47.5361287035048" lon="9.732957752421498">
        <ele>466.0</ele>
        <time>2023-06-25T12:37:29</time>
      </trkpt>
      <trkpt lat="47.53582863137126" lon="9.733306858688593">
        <ele>466.0</ele>
        <time>2023-06-25T12:37:35</time>
      </trkpt>
      <trkpt lat="47.53571178764105" lon="9.733440801501274">
        <ele>466.0</ele>
        <time>2023-06-25T12:37:37</time>
      </trkpt>
      <trkpt lat="47.5354484282434" lon="9.733712626621127">
        <ele>466.0</ele>
        <time>2023-06-25T12:37:41</time>
      </trkpt>
      <trkpt lat="47.53512463532388" lon="9.734054272994399">
        <ele>465.0</ele>
        <time>2023-06-25T12:37:47</time>
      </trkpt>
      <trkpt lat="47.535085659474134" lon="9.734113281592727">
        <ele>465.0</ele>
        <time>2023-06-25T12:37:48</time>
      </trkpt>
      <trkpt lat="47.53504970110953" lon="9.734242111444473">
        <ele>465.0</ele>
        <time>2023-06-25T12:37:50</time>
      </trkpt>
      <trkpt lat="47.53503603860736" lon="9.734398266300559">
        <ele>465.0</ele>
        <time>2023-06-25T12:37:52</time>
      </trkpt>
      <trkpt lat="47.535042241215706" lon="9.73464947193861">
        <ele>465.0</ele>
        <time>2023-06-25T12:37:55</time>
      </trkpt>
      <trkpt lat="47.53504877910018" lon="9.734868658706546">
        <ele>465.0</ele>
        <time>2023-06-25T12:37:58</time>
      </trkpt>
      <trkpt lat="47.53500921651721" lon="9.734961446374655">
        <ele>465.0</ele>
        <time>2023-06-25T12:38:00</time>
      </trkpt>
      <trkpt lat="47.53493947908282" lon="9.735033949837089">
        <ele>465.0</ele>
        <time>2023-06-25T12:38:03</time>
      </trkpt>
      <trkpt lat="47.53486949019134" lon="9.735123217105865">
        <ele>465.0</ele>
        <time>2023-06-25T12:38:06</time>
      </trkpt>
      <trkpt lat="47.53484166227281" lon="9.735167976468801">
        <ele>465.0</ele>
        <time>2023-06-25T12:38:07</time>
      </trkpt>
      <trkpt lat="47.534736804664135" lon="9.735330333933234">
        <ele>465.0</ele>
        <time>2023-06-25T12:38:10</time>
      </trkpt>
      <trkpt lat="47.53466321155429" lon="9.735456146299839">
        <ele>464.0</ele>
        <time>2023-06-25T12:38:12</time>
      </trkpt>
      <trkpt lat="47.534588193520904" lon="9.735575085505843">
        <ele>464.0</ele>
        <time>2023-06-25T12:38:14</time>
      </trkpt>
      <trkpt lat="47.53449867479503" lon="9.73569075576961">
        <ele>464.0</ele>
        <time>2023-06-25T12:38:16</time>
      </trkpt>
      <trkpt lat="47.53433623351157" lon="9.735949421301484">
        <ele>464.0</ele>
        <time>2023-06-25T12:38:20</time>
      </trkpt>
      <trkpt lat="47.53425543196499" lon="9.736099373549223">
        <ele>464.0</ele>
        <time>2023-06-25T12:38:22</time>
      </trkpt>
      <trkpt lat="47.533910097554326" lon="9.736588709056377">
        <ele>464.0</ele>
        <time>2023-06-25T12:38:30</time>
      </trkpt>
      <trkpt lat="47.53368118777871" lon="9.736894983798265">
        <ele>464.0</ele>
        <time>2023-06-25T12:38:35</time>
      </trkpt>
      <trkpt lat="47.53358395770192" lon="9.737017443403602">
        <ele>464.0</ele>
        <time>2023-06-25T12:38:37</time>
      </trkpt>
      <trkpt lat="47.53327474929392" lon="9.73744542337954">
        <ele>464.0</ele>
        <time>2023-06-25T12:38:44</time>
      </trkpt>
      <trkpt lat="47.53297937102616" lon="9.737841133028269">
        <ele>464.0</ele>
        <time>2023-06-25T12:38:50</time>
      </trkpt>
      <trkpt lat="47.532685082405806" lon="9.738269280642271">
        <ele>464.0</ele>
        <time>2023-06-25T12:38:56</time>
      </trkpt>
      <trkpt lat="47.53231971524656" lon="9.738790551200509">
        <ele>464.0</ele>
        <time>2023-06-25T12:39:04</time>
      </trkpt>
      <trkpt lat="47.532275123521686" lon="9.738854505121708">
        <ele>464.0</ele>
        <time>2023-06-25T12:39:05</time>
      </trkpt>
      <trkpt lat="47.53202500753105" lon="9.739225655794144">
        <ele>464.0</ele>
        <time>2023-06-25T12:39:11</time>
      </trkpt>
      <trkpt lat="47.53198360092938" lon="9.739292711019516">
        <ele>464.0</ele>
        <time>2023-06-25T12:39:12</time>
      </trkpt>
      <trkpt lat="47.53177799284458" lon="9.739551795646548">
        <ele>463.0</ele>
        <time>2023-06-25T12:39:16</time>
      </trkpt>
      <trkpt lat="47.53143986687064" lon="9.739965023472905">
        <ele>463.0</ele>
        <time>2023-06-25T12:39:22</time>
      </trkpt>
      <trkpt lat="47.53107089549303" lon="9.74036743864417">
        <ele>463.0</ele>
        <time>2023-06-25T12:39:28</time>
      </trkpt>
      <trkpt lat="47.53100283443928" lon="9.740425609052181">
        <ele>463.0</ele>
        <time>2023-06-25T12:39:29</time>
      </trkpt>
      <trkpt lat="47.53063419833779" lon="9.740816541016102">
        <ele>462.0</ele>
        <time>2023-06-25T12:39:35</time>
      </trkpt>
      <trkpt lat="47.53032138571143" lon="9.74121660925448">
        <ele>462.0</ele>
        <time>2023-06-25T12:39:41</time>
      </trkpt>
      <trkpt lat="47.52995400689542" lon="9.74167744629085">
        <ele>462.0</ele>
        <time>2023-06-25T12:39:48</time>
      </trkpt>
      <trkpt lat="47.52967338077724" lon="9.742017751559615">
        <ele>462.0</ele>
        <time>2023-06-25T12:39:53</time>
      </trkpt>
      <trkpt lat="47.52937724813819" lon="9.742417400702834">
        <ele>463.0</ele>
        <time>2023-06-25T12:39:59</time>
      </trkpt>
      <trkpt lat="47.529052533209324" lon="9.742785366252065">
        <ele>463.0</ele>
        <time>2023-06-25T12:40:05</time>
      </trkpt>
      <trkpt lat="47.528855223208666" lon="9.742938922718167">
        <ele>463.0</ele>
        <time>2023-06-25T12:40:08</time>
      </trkpt>
      <trkpt lat="47.52870166674256" lon="9.742989130318165">
        <ele>463.0</ele>
        <time>2023-06-25T12:40:10</time>
      </trkpt>
      <trkpt lat="47.52830972895026" lon="9.74301427602768">
        <ele>463.0</ele>
        <time>2023-06-25T12:40:15</time>
      </trkpt>
      <trkpt lat="47.52783573232591" lon="9.74303682334721">
        <ele>463.0</ele>
        <time>2023-06-25T12:40:21</time>
      </trkpt>
      <trkpt lat="47.527439687401056" lon="9.743041601032019">
        <ele>463.0</ele>
        <time>2023-06-25T12:40:26</time>
      </trkpt>
      <trkpt lat="47.527301888912916" lon="9.743078984320164">
        <ele>464.0</ele>
        <time>2023-06-25T12:40:28</time>
      </trkpt>
      <trkpt lat="47.52716777846217" lon="9.743164228275418">
        <ele>464.0</ele>
        <time>2023-06-25T12:40:30</time>
      </trkpt>
      <trkpt lat="47.52692135050893" lon="9.743397580459714">
        <ele>464.0</ele>
        <time>2023-06-25T12:40:34</time>
      </trkpt>
      <trkpt lat="47.52686779014766" lon="9.743468407541513">
        <ele>464.0</ele>
        <time>2023-06-25T12:40:35</time>
      </trkpt>
      <trkpt lat="47.52672798000276" lon="9.743696060031652">
        <ele>464.0</ele>
        <time>2023-06-25T12:40:38</time>
      </trkpt>
      <trkpt lat="47.5266535487026" lon="9.74386990070343">
        <ele>464.0</ele>
        <time>2023-06-25T12:40:40</time>
      </trkpt>
      <trkpt lat="47.52657417207956" lon="9.744153041392565">
        <ele>464.0</ele>
        <time>2023-06-25T12:40:43</time>
      </trkpt>
      <trkpt lat="47.526542572304606" lon="9.744354207068682">
        <ele>464.0</ele>
        <time>2023-06-25T12:40:45</time>
      </trkpt>
      <trkpt lat="47.52646411769092" lon="9.744967008009553">
        <ele>464.0</ele>
        <time>2023-06-25T12:40:51</time>
      </trkpt>
      <trkpt lat="47.526439893990755" lon="9.745157193392515">
        <ele>464.0</ele>
        <time>2023-06-25T12:40:53</time>
      </trkpt>
      <trkpt lat="47.52634442411363" lon="9.74589086137712">
        <ele>463.0</ele>
        <time>2023-06-25T12:41:01</time>
      </trkpt>
      <trkpt lat="47.5262906961143" lon="9.746160842478275">
        <ele>463.0</ele>
        <time>2023-06-25T12:41:04</time>
      </trkpt>
      <trkpt lat="47.526254737749696" lon="9.746239883825183">
        <ele>463.0</ele>
        <time>2023-06-25T12:41:05</time>
      </trkpt>
      <trkpt lat="47.52620997838676" lon="9.746307358145714">
        <ele>463.0</ele>
        <time>2023-06-25T12:41:06</time>
      </trkpt>
      <trkpt lat="47.52606010995805" lon="9.746489664539695">
        <ele>463.0</ele>
        <time>2023-06-25T12:41:09</time>
      </trkpt>
      <trkpt lat="47.52600931562483" lon="9.746550936251879">
        <ele>463.0</ele>
        <time>2023-06-25T12:41:10</time>
      </trkpt>
      <trkpt lat="47.52581384964287" lon="9.746791664510965">
        <ele>463.0</ele>
        <time>2023-06-25T12:41:14</time>
      </trkpt>
      <trkpt lat="47.525393245741725" lon="9.747303798794746">
        <ele>462.0</ele>
        <time>2023-06-25T12:41:22</time>
      </trkpt>
      <trkpt lat="47.52534219995141" lon="9.74736892618239">
        <ele>462.0</ele>
        <time>2023-06-25T12:41:23</time>
      </trkpt>
      <trkpt lat="47.52495998516679" lon="9.747827667742968">
        <ele>462.0</ele>
        <time>2023-06-25T12:41:30</time>
      </trkpt>
      <trkpt lat="47.52469981089234" lon="9.748132349923253">
        <ele>462.0</ele>
        <time>2023-06-25T12:41:35</time>
      </trkpt>
      <trkpt lat="47.5244983099401" lon="9.748384058475494">
        <ele>461.0</ele>
        <time>2023-06-25T12:41:39</time>
      </trkpt>
      <trkpt lat="47.52408700995147" lon="9.748881356790662">
        <ele>461.0</ele>
        <time>2023-06-25T12:41:47</time>
      </trkpt>
      <trkpt lat="47.523835469037294" lon="9.749172795563936">
        <ele>461.0</ele>
        <time>2023-06-25T12:41:52</time>
      </trkpt>
      <trkpt lat="47.52368266694248" lon="9.749350072816014">
        <ele>461.0</ele>
        <time>2023-06-25T12:41:55</time>
      </trkpt>
      <trkpt lat="47.523386869579554" lon="9.749673111364245">
        <ele>460.0</ele>
        <time>2023-06-25T12:42:01</time>
      </trkpt>
      <trkpt lat="47.52296266146004" lon="9.750185497105122">
        <ele>460.0</ele>
        <time>2023-06-25T12:42:09</time>
      </trkpt>
      <trkpt lat="47.522704834118485" lon="9.750491352751851">
        <ele>460.0</ele>
        <time>2023-06-25T12:42:14</time>
      </trkpt>
      <trkpt lat="47.522604670375586" lon="9.750613896176219">
        <ele>460.0</ele>
        <time>2023-06-25T12:42:16</time>
      </trkpt>
      <trkpt lat="47.522293366491795" lon="9.75096182897687">
        <ele>460.0</ele>
        <time>2023-06-25T12:42:22</time>
      </trkpt>
      <trkpt lat="47.52195255830884" lon="9.751246310770512">
        <ele>459.0</ele>
        <time>2023-06-25T12:42:28</time>
      </trkpt>
      <trkpt lat="47.52149700187147" lon="9.751585191115737">
        <ele>459.0</ele>
        <time>2023-06-25T12:42:36</time>
      </trkpt>
      <trkpt lat="47.521141692996025" lon="9.751828350126743">
        <ele>459.0</ele>
        <time>2023-06-25T12:42:42</time>
      </trkpt>
      <trkpt lat="47.52076417207718" lon="9.752019625157118">
        <ele>458.0</ele>
        <time>2023-06-25T12:42:48</time>
      </trkpt>
      <trkpt lat="47.520699547603726" lon="9.752047285437584">
        <ele>458.0</ele>
        <time>2023-06-25T12:42:49</time>
      </trkpt>
      <trkpt lat="47.52023929730058" lon="9.752192879095674">
        <ele>458.0</ele>
        <time>2023-06-25T12:42:56</time>
      </trkpt>
      <trkpt lat="47.52017299644649" lon="9.752216767519712">
        <ele>458.0</ele>
        <time>2023-06-25T12:42:57</time>
      </trkpt>
      <trkpt lat="47.519767144694924" lon="9.752344843000174">
        <ele>457.0</ele>
        <time>2023-06-25T12:43:03</time>
      </trkpt>
      <trkpt lat="47.51937855966389" lon="9.752469314262271">
        <ele>457.0</ele>
        <time>2023-06-25T12:43:09</time>
      </trkpt>
      <trkpt lat="47.51931385137141" lon="9.752488173544407">
        <ele>456.0</ele>
        <time>2023-06-25T12:43:10</time>
      </trkpt>
      <trkpt lat="47.51892761327326" lon="9.752664947882295">
        <ele>456.0</ele>
        <time>2023-06-25T12:43:16</time>
      </trkpt>
      <trkpt lat="47.51847255975008" lon="9.752861503511667">
        <ele>455.0</ele>
        <time>2023-06-25T12:43:23</time>
      </trkpt>
      <trkpt lat="47.51801666803658" lon="9.753090245649219">
        <ele>455.0</ele>
        <time>2023-06-25T12:43:30</time>
      </trkpt>
      <trkpt lat="47.517697904258966" lon="9.753253944218159">
        <ele>454.0</ele>
        <time>2023-06-25T12:43:35</time>
      </trkpt>
      <trkpt lat="47.51744200475514" lon="9.753384701907635">
        <ele>454.0</ele>
        <time>2023-06-25T12:43:39</time>
      </trkpt>
      <trkpt lat="47.51706859096885" lon="9.753586202859879">
        <ele>454.0</ele>
        <time>2023-06-25T12:43:45</time>
      </trkpt>
      <trkpt lat="47.51694470643997" lon="9.753667172044516">
        <ele>453.0</ele>
        <time>2023-06-25T12:43:47</time>
      </trkpt>
      <trkpt lat="47.51681746914983" lon="9.753724839538336">
        <ele>453.0</ele>
        <time>2023-06-25T12:43:49</time>
      </trkpt>
      <trkpt lat="47.51662258990109" lon="9.753779992461205">
        <ele>453.0</ele>
        <time>2023-06-25T12:43:52</time>
      </trkpt>
      <trkpt lat="47.516154795885086" lon="9.753931956365705">
        <ele>453.0</ele>
        <time>2023-06-25T12:43:59</time>
      </trkpt>
      <trkpt lat="47.515739388763905" lon="9.753994569182396">
        <ele>453.0</ele>
        <time>2023-06-25T12:44:05</time>
      </trkpt>
      <trkpt lat="47.51533177681267" lon="9.753988366574049">
        <ele>452.0</ele>
        <time>2023-06-25T12:44:11</time>
      </trkpt>
      <trkpt lat="47.51526564359665" lon="9.753983588889241">
        <ele>452.0</ele>
        <time>2023-06-25T12:44:12</time>
      </trkpt>
      <trkpt lat="47.51480254344642" lon="9.753888621926308">
        <ele>452.0</ele>
        <time>2023-06-25T12:44:19</time>
      </trkpt>
      <trkpt lat="47.51432854682207" lon="9.753728527575731">
        <ele>451.0</ele>
        <time>2023-06-25T12:44:26</time>
      </trkpt>
      <trkpt lat="47.51426392234862" lon="9.75370790809393">
        <ele>451.0</ele>
        <time>2023-06-25T12:44:27</time>
      </trkpt>
      <trkpt lat="47.51386787742376" lon="9.75355938076973">
        <ele>451.0</ele>
        <time>2023-06-25T12:44:33</time>
      </trkpt>
      <trkpt lat="47.513333363458514" lon="9.753374475985765">
        <ele>450.0</ele>
        <time>2023-06-25T12:44:41</time>
      </trkpt>
      <trkpt lat="47.51326915808022" lon="9.75335469469428">
        <ele>450.0</ele>
        <time>2023-06-25T12:44:42</time>
      </trkpt>
      <trkpt lat="47.51289046369493" lon="9.75321781821549">
        <ele>450.0</ele>
        <time>2023-06-25T12:44:48</time>
      </trkpt>
      <trkpt lat="47.51282692886889" lon="9.753206921741366">
        <ele>450.0</ele>
        <time>2023-06-25T12:44:49</time>
      </trkpt>
      <trkpt lat="47.512455862015486" lon="9.75308789871633">
        <ele>449.0</ele>
        <time>2023-06-25T12:44:55</time>
      </trkpt>
      <trkpt lat="47.51239165663719" lon="9.753067949786782">
        <ele>449.0</ele>
        <time>2023-06-25T12:44:56</time>
      </trkpt>
      <trkpt lat="47.512011118233204" lon="9.752921434119344">
        <ele>449.0</ele>
        <time>2023-06-25T12:45:02</time>
      </trkpt>
      <trkpt lat="47.5115951243788" lon="9.75271699950099">
        <ele>448.0</ele>
        <time>2023-06-25T12:45:09</time>
      </trkpt>
      <trkpt lat="47.511538211256266" lon="9.752687746658921">
        <ele>448.0</ele>
        <time>2023-06-25T12:45:10</time>
      </trkpt>
      <trkpt lat="47.51142689958215" lon="9.75262756459415">
        <ele>448.0</ele>
        <time>2023-06-25T12:45:12</time>
      </trkpt>
      <trkpt lat="47.51101937144995" lon="9.75243067368865">
        <ele>448.0</ele>
        <time>2023-06-25T12:45:19</time>
      </trkpt>
      <trkpt lat="47.510499861091375" lon="9.752173768356442">
        <ele>447.0</ele>
        <time>2023-06-25T12:45:28</time>
      </trkpt>
      <trkpt lat="47.51044135540724" lon="9.75214526988566">
        <ele>447.0</ele>
        <time>2023-06-25T12:45:29</time>
      </trkpt>
      <trkpt lat="47.51032358966768" lon="9.752094224095345">
        <ele>447.0</ele>
        <time>2023-06-25T12:45:31</time>
      </trkpt>
      <trkpt lat="47.509987726807594" lon="9.751934884116054">
        <ele>447.0</ele>
        <time>2023-06-25T12:45:37</time>
      </trkpt>
      <trkpt lat="47.509527979418635" lon="9.751714775338769">
        <ele>446.0</ele>
        <time>2023-06-25T12:45:45</time>
      </trkpt>
      <trkpt lat="47.50905674882233" lon="9.751445464789867">
        <ele>446.0</ele>
        <time>2023-06-25T12:45:53</time>
      </trkpt>
      <trkpt lat="47.508562384173274" lon="9.751094179227948">
        <ele>447.0</ele>
        <time>2023-06-25T12:46:02</time>
      </trkpt>
      <trkpt lat="47.508509159088135" lon="9.751050677150488">
        <ele>447.0</ele>
        <time>2023-06-25T12:46:03</time>
      </trkpt>
      <trkpt lat="47.508105067536235" lon="9.750659996643662">
        <ele>447.0</ele>
        <time>2023-06-25T12:46:11</time>
      </trkpt>
      <trkpt lat="47.507699551060796" lon="9.750256072729826">
        <ele>448.0</ele>
        <time>2023-06-25T12:46:19</time>
      </trkpt>
      <trkpt lat="47.507417080923915" lon="9.74994694814086">
        <ele>448.0</ele>
        <time>2023-06-25T12:46:25</time>
      </trkpt>
      <trkpt lat="47.50718574039638" lon="9.749712757766247">
        <ele>448.0</ele>
        <time>2023-06-25T12:46:30</time>
      </trkpt>
      <trkpt lat="47.507045175880194" lon="9.749545119702816">
        <ele>448.0</ele>
        <time>2023-06-25T12:46:33</time>
      </trkpt>
      <trkpt lat="47.50679329968989" lon="9.74920129403472">
        <ele>449.0</ele>
        <time>2023-06-25T12:46:39</time>
      </trkpt>
      <trkpt lat="47.50651870854199" lon="9.748799130320549">
        <ele>449.0</ele>
        <time>2023-06-25T12:46:45</time>
      </trkpt>
      <trkpt lat="47.5064682494849" lon="9.748729560524225">
        <ele>449.0</ele>
        <time>2023-06-25T12:46:46</time>
      </trkpt>
      <trkpt lat="47.506176475435495" lon="9.748294120654464">
        <ele>449.0</ele>
        <time>2023-06-25T12:46:53</time>
      </trkpt>
      <trkpt lat="47.50594647601247" lon="9.74802564829588">
        <ele>449.0</ele>
        <time>2023-06-25T12:46:58</time>
      </trkpt>
      <trkpt lat="47.50589777715504" lon="9.747879467904568">
        <ele>449.0</ele>
        <time>2023-06-25T12:47:00</time>
      </trkpt>
      <trkpt lat="47.505712704733014" lon="9.747499013319612">
        <ele>449.0</ele>
        <time>2023-06-25T12:47:06</time>
      </trkpt>
      <trkpt lat="47.50551899895072" lon="9.747116211801767">
        <ele>449.0</ele>
        <time>2023-06-25T12:47:12</time>
      </trkpt>
      <trkpt lat="47.50531615689397" lon="9.746636766940355">
        <ele>448.0</ele>
        <time>2023-06-25T12:47:19</time>
      </trkpt>
      <trkpt lat="47.50516419298947" lon="9.746185904368758">
        <ele>448.0</ele>
        <time>2023-06-25T12:47:26</time>
      </trkpt>
      <trkpt lat="47.50512697733939" lon="9.746073670685291">
        <ele>448.0</ele>
        <time>2023-06-25T12:47:28</time>
      </trkpt>
      <trkpt lat="47.50516167841852" lon="9.745971914380789">
        <ele>448.0</ele>
        <time>2023-06-25T12:47:30</time>
      </trkpt>
      <trkpt lat="47.50532562844455" lon="9.745871918275952">
        <ele>448.0</ele>
        <time>2023-06-25T12:47:34</time>
      </trkpt>
      <trkpt lat="47.50537273474038" lon="9.745845850557089">
        <ele>448.0</ele>
        <time>2023-06-25T12:47:35</time>
      </trkpt>
      <trkpt lat="47.5054148118943" lon="9.745802180841565">
        <ele>448.0</ele>
        <time>2023-06-25T12:47:36</time>
      </trkpt>
      <trkpt lat="47.50549955293536" lon="9.74563336931169">
        <ele>447.0</ele>
        <time>2023-06-25T12:47:39</time>
      </trkpt>
      <trkpt lat="47.50548438169062" lon="9.74551116116345">
        <ele>447.0</ele>
        <time>2023-06-25T12:47:41</time>
      </trkpt>
      <trkpt lat="47.50544222071767" lon="9.745443519204855">
        <ele>447.0</ele>
        <time>2023-06-25T12:47:42</time>
      </trkpt>
      <trkpt lat="47.50538941472769" lon="9.745298763737082">
        <ele>447.0</ele>
        <time>2023-06-25T12:47:44</time>
      </trkpt>
      <trkpt lat="47.50529872253537" lon="9.74502065218985">
        <ele>447.0</ele>
        <time>2023-06-25T12:47:48</time>
      </trkpt>
      <trkpt lat="47.505230493843555" lon="9.744888888671994">
        <ele>447.0</ele>
        <time>2023-06-25T12:47:50</time>
      </trkpt>
      <trkpt lat="47.50511876307428" lon="9.744796603918076">
        <ele>447.0</ele>
        <time>2023-06-25T12:47:52</time>
      </trkpt>
      <trkpt lat="47.50502731651068" lon="9.744690237566829">
        <ele>447.0</ele>
        <time>2023-06-25T12:47:54</time>
      </trkpt>
      <trkpt lat="47.50499823130667" lon="9.744612956419587">
        <ele>447.0</ele>
        <time>2023-06-25T12:47:55</time>
      </trkpt>
      <trkpt lat="47.50485314056277" lon="9.744200985878706">
        <ele>446.0</ele>
        <time>2023-06-25T12:48:01</time>
      </trkpt>
      <trkpt lat="47.5047617778182" lon="9.744010884314775">
        <ele>446.0</ele>
        <time>2023-06-25T12:48:05</time>
      </trkpt>
      <trkpt lat="47.50473001040518" lon="9.743966460227966">
        <ele>446.0</ele>
        <time>2023-06-25T12:48:06</time>
      </trkpt>
      <trkpt lat="47.50470478087664" lon="9.743918599560857">
        <ele>446.0</ele>
        <time>2023-06-25T12:48:07</time>
      </trkpt>
      <trkpt lat="47.50463462434709" lon="9.74370762705803">
        <ele>446.0</ele>
        <time>2023-06-25T12:48:11</time>
      </trkpt>
      <trkpt lat="47.50460805371404" lon="9.743609139695764">
        <ele>446.0</ele>
        <time>2023-06-25T12:48:13</time>
      </trkpt>
      <trkpt lat="47.504613753408194" lon="9.74347016774118">
        <ele>446.0</ele>
        <time>2023-06-25T12:48:16</time>
      </trkpt>
      <trkpt lat="47.5045632943511" lon="9.743276042863727">
        <ele>446.0</ele>
        <time>2023-06-25T12:48:20</time>
      </trkpt>
      <trkpt lat="47.50445391051471" lon="9.743031458929181">
        <ele>446.0</ele>
        <time>2023-06-25T12:48:25</time>
      </trkpt>
      <trkpt lat="47.50433413311839" lon="9.742952082306147">
        <ele>446.0</ele>
        <time>2023-06-25T12:48:28</time>
      </trkpt>
      <trkpt lat="47.504284009337425" lon="9.742926517501473">
        <ele>445.0</ele>
        <time>2023-06-25T12:48:29</time>
      </trkpt>
      <trkpt lat="47.50419666990638" lon="9.742852337658405">
        <ele>445.0</ele>
        <time>2023-06-25T12:48:31</time>
      </trkpt>
      <trkpt lat="47.50413908623159" lon="9.742694506421685">
        <ele>445.0</ele>
        <time>2023-06-25T12:48:33</time>
      </trkpt>
      <trkpt lat="47.504040682688355" lon="9.742339616641402">
        <ele>445.0</ele>
        <time>2023-06-25T12:48:37</time>
      </trkpt>
      <trkpt lat="47.504015285521746" lon="9.742253450676799">
        <ele>445.0</ele>
        <time>2023-06-25T12:48:38</time>
      </trkpt>
      <trkpt lat="47.50395527109504" lon="9.742092099040747">
        <ele>445.0</ele>
        <time>2023-06-25T12:48:40</time>
      </trkpt>
      <trkpt lat="47.50389274209738" lon="9.741936028003693">
        <ele>445.0</ele>
        <time>2023-06-25T12:48:42</time>
      </trkpt>
      <trkpt lat="47.50382107682526" lon="9.741678703576326">
        <ele>445.0</ele>
        <time>2023-06-25T12:48:45</time>
      </trkpt>
      <trkpt lat="47.50372996553779" lon="9.741360610350966">
        <ele>445.0</ele>
        <time>2023-06-25T12:48:49</time>
      </trkpt>
      <trkpt lat="47.50371697358787" lon="9.741285257041454">
        <ele>445.0</ele>
        <time>2023-06-25T12:48:50</time>
      </trkpt>
      <trkpt lat="47.50370088033378" lon="9.741034721955657">
        <ele>445.0</ele>
        <time>2023-06-25T12:48:54</time>
      </trkpt>
      <trkpt lat="47.503637596964836" lon="9.740852415561676">
        <ele>445.0</ele>
        <time>2023-06-25T12:48:57</time>
      </trkpt>
      <trkpt lat="47.50357557088137" lon="9.740714700892568">
        <ele>445.0</ele>
        <time>2023-06-25T12:48:59</time>
      </trkpt>
      <trkpt lat="47.50339142046869" lon="9.740226957947016">
        <ele>444.0</ele>
        <time>2023-06-25T12:49:05</time>
      </trkpt>
      <trkpt lat="47.503326795995235" lon="9.74005370400846">
        <ele>444.0</ele>
        <time>2023-06-25T12:49:07</time>
      </trkpt>
      <trkpt lat="47.50325035303831" lon="9.73978347145021">
        <ele>444.0</ele>
        <time>2023-06-25T12:49:10</time>
      </trkpt>
      <trkpt lat="47.50316267833114" lon="9.739280389621854">
        <ele>444.0</ele>
        <time>2023-06-25T12:49:15</time>
      </trkpt>
      <trkpt lat="47.503108866512775" lon="9.739094479009509">
        <ele>444.0</ele>
        <time>2023-06-25T12:49:17</time>
      </trkpt>
      <trkpt lat="47.502986742183566" lon="9.738706899806857">
        <ele>444.0</ele>
        <time>2023-06-25T12:49:22</time>
      </trkpt>
      <trkpt lat="47.50291080214083" lon="9.738405905663967">
        <ele>444.0</ele>
        <time>2023-06-25T12:49:27</time>
      </trkpt>
      <trkpt lat="47.50287895090878" lon="9.73828244023025">
        <ele>444.0</ele>
        <time>2023-06-25T12:49:29</time>
      </trkpt>
      <trkpt lat="47.50283704139292" lon="9.73812016658485">
        <ele>444.0</ele>
        <time>2023-06-25T12:49:32</time>
      </trkpt>
      <trkpt lat="47.5028071179986" lon="9.73800927400589">
        <ele>444.0</ele>
        <time>2023-06-25T12:49:34</time>
      </trkpt>
      <trkpt lat="47.50273805111647" lon="9.737780448049307">
        <ele>444.0</ele>
        <time>2023-06-25T12:49:38</time>
      </trkpt>
      <trkpt lat="47.5027207005769" lon="9.737712554633617">
        <ele>444.0</ele>
        <time>2023-06-25T12:49:39</time>
      </trkpt>
      <trkpt lat="47.50269949436188" lon="9.737581377848983">
        <ele>445.0</ele>
        <time>2023-06-25T12:49:41</time>
      </trkpt>
      <trkpt lat="47.502683233469725" lon="9.737477023154497">
        <ele>445.0</ele>
        <time>2023-06-25T12:49:43</time>
      </trkpt>
      <trkpt lat="47.50262497924268" lon="9.737363616004586">
        <ele>445.0</ele>
        <time>2023-06-25T12:49:45</time>
      </trkpt>
      <trkpt lat="47.502565467730165" lon="9.73722456023097">
        <ele>445.0</ele>
        <time>2023-06-25T12:49:47</time>
      </trkpt>
      <trkpt lat="47.50251215882599" lon="9.73693136125803">
        <ele>445.0</ele>
        <time>2023-06-25T12:49:51</time>
      </trkpt>
      <trkpt lat="47.502515595406294" lon="9.7368292696774">
        <ele>445.0</ele>
        <time>2023-06-25T12:49:52</time>
      </trkpt>
      <trkpt lat="47.50252808444202" lon="9.73661276511848">
        <ele>445.0</ele>
        <time>2023-06-25T12:49:54</time>
      </trkpt>
      <trkpt lat="47.50255775637925" lon="9.736395925283432">
        <ele>445.0</ele>
        <time>2023-06-25T12:49:56</time>
      </trkpt>
      <trkpt lat="47.50258147716522" lon="9.736287714913487">
        <ele>445.0</ele>
        <time>2023-06-25T12:49:57</time>
      </trkpt>
      <trkpt lat="47.502669068053365" lon="9.735990157350898">
        <ele>445.0</ele>
        <time>2023-06-25T12:50:00</time>
      </trkpt>
      <trkpt lat="47.502769315615296" lon="9.735875576734543">
        <ele>445.0</ele>
        <time>2023-06-25T12:50:02</time>
      </trkpt>
      <trkpt lat="47.502816170454025" lon="9.735833583399653">
        <ele>445.0</ele>
        <time>2023-06-25T12:50:03</time>
      </trkpt>
      <trkpt lat="47.502905018627644" lon="9.735784716904163">
        <ele>445.0</ele>
        <time>2023-06-25T12:50:05</time>
      </trkpt>
      <trkpt lat="47.50293812714517" lon="9.735779939219356">
        <ele>445.0</ele>
        <time>2023-06-25T12:50:06</time>
      </trkpt>
      <trkpt lat="47.50297408550978" lon="9.735800810158253">
        <ele>445.0</ele>
        <time>2023-06-25T12:50:07</time>
      </trkpt>
      <trkpt lat="47.503022784367204" lon="9.735837606713176">
        <ele>445.0</ele>
        <time>2023-06-25T12:50:09</time>
      </trkpt>
      <trkpt lat="47.50303225591779" lon="9.735823441296816">
        <ele>445.0</ele>
        <time>2023-06-25T12:50:10</time>
      </trkpt>
      <trkpt lat="47.50303141772747" lon="9.735760493203998">
        <ele>445.0</ele>
        <time>2023-06-25T12:50:12</time>
      </trkpt>
      <trkpt lat="47.50300635583699" lon="9.73563702777028">
        <ele>445.0</ele>
        <time>2023-06-25T12:50:14</time>
      </trkpt>
      <trkpt lat="47.502976851537824" lon="9.735479950904846">
        <ele>446.0</ele>
        <time>2023-06-25T12:50:16</time>
      </trkpt>
      <trkpt lat="47.502935025841" lon="9.734979048371315">
        <ele>446.0</ele>
        <time>2023-06-25T12:50:21</time>
      </trkpt>
      <trkpt lat="47.502919770777225" lon="9.734509158879519">
        <ele>446.0</ele>
        <time>2023-06-25T12:50:26</time>
      </trkpt>
      <trkpt lat="47.50291365198791" lon="9.734325679019094">
        <ele>446.0</ele>
        <time>2023-06-25T12:50:28</time>
      </trkpt>
      <trkpt lat="47.50292354263365" lon="9.733586478978395">
        <ele>446.0</ele>
        <time>2023-06-25T12:50:36</time>
      </trkpt>
      <trkpt lat="47.50296503305435" lon="9.733060682192445">
        <ele>447.0</ele>
        <time>2023-06-25T12:50:42</time>
      </trkpt>
      <trkpt lat="47.50299571081996" lon="9.732608227059245">
        <ele>447.0</ele>
        <time>2023-06-25T12:50:47</time>
      </trkpt>
      <trkpt lat="47.50297031365335" lon="9.73199525848031">
        <ele>447.0</ele>
        <time>2023-06-25T12:50:53</time>
      </trkpt>
      <trkpt lat="47.50289152376354" lon="9.731370219960809">
        <ele>447.0</ele>
        <time>2023-06-25T12:51:00</time>
      </trkpt>
      <trkpt lat="47.5027759373188" lon="9.730743253603578">
        <ele>447.0</ele>
        <time>2023-06-25T12:51:07</time>
      </trkpt>
      <trkpt lat="47.502707205712795" lon="9.730209577828646">
        <ele>447.0</ele>
        <time>2023-06-25T12:51:13</time>
      </trkpt>
      <trkpt lat="47.50269656069577" lon="9.729558555409312">
        <ele>447.0</ele>
        <time>2023-06-25T12:51:20</time>
      </trkpt>
      <trkpt lat="47.50270209275186" lon="9.728799238801003">
        <ele>447.0</ele>
        <time>2023-06-25T12:51:28</time>
      </trkpt>
      <trkpt lat="47.50269614160061" lon="9.728285344317555">
        <ele>447.0</ele>
        <time>2023-06-25T12:51:34</time>
      </trkpt>
      <trkpt lat="47.50269706360996" lon="9.72754773683846">
        <ele>447.0</ele>
        <time>2023-06-25T12:51:43</time>
      </trkpt>
      <trkpt lat="47.50269270502031" lon="9.727396024391055">
        <ele>447.0</ele>
        <time>2023-06-25T12:51:45</time>
      </trkpt>
      <trkpt lat="47.5026411563158" lon="9.727269038558006">
        <ele>447.0</ele>
        <time>2023-06-25T12:51:47</time>
      </trkpt>
      <trkpt lat="47.50243688933551" lon="9.72712654620409">
        <ele>447.0</ele>
        <time>2023-06-25T12:51:51</time>
      </trkpt>
      <trkpt lat="47.50212466344237" lon="9.7268480155617">
        <ele>447.0</ele>
        <time>2023-06-25T12:51:57</time>
      </trkpt>
      <trkpt lat="47.501848815009" lon="9.726465214043856">
        <ele>446.0</ele>
        <time>2023-06-25T12:52:03</time>
      </trkpt>
      <trkpt lat="47.50152527354658" lon="9.72586926072836">
        <ele>446.0</ele>
        <time>2023-06-25T12:52:11</time>
      </trkpt>
      <trkpt lat="47.50129468739033" lon="9.725430887192488">
        <ele>446.0</ele>
        <time>2023-06-25T12:52:17</time>
      </trkpt>
      <trkpt lat="47.50109251588583" lon="9.724987065419555">
        <ele>446.0</ele>
        <time>2023-06-25T12:52:23</time>
      </trkpt>
      <trkpt lat="47.500865617766976" lon="9.724488258361816">
        <ele>445.0</ele>
        <time>2023-06-25T12:52:30</time>
      </trkpt>
      <trkpt lat="47.50071524642408" lon="9.724143594503403">
        <ele>445.0</ele>
        <time>2023-06-25T12:52:35</time>
      </trkpt>
      <trkpt lat="47.500700410455465" lon="9.724069833755493">
        <ele>445.0</ele>
        <time>2023-06-25T12:52:36</time>
      </trkpt>
      <trkpt lat="47.50068783760071" lon="9.723985344171524">
        <ele>445.0</ele>
        <time>2023-06-25T12:52:38</time>
      </trkpt>
      <trkpt lat="47.50068498775363" lon="9.723962126299739">
        <ele>445.0</ele>
        <time>2023-06-25T12:52:39</time>
      </trkpt>
      <trkpt lat="47.500670067965984" lon="9.723942847922444">
        <ele>445.0</ele>
        <time>2023-06-25T12:52:40</time>
      </trkpt>
      <trkpt lat="47.50061256811023" lon="9.723928598687053">
        <ele>445.0</ele>
        <time>2023-06-25T12:52:42</time>
      </trkpt>
      <trkpt lat="47.50044258311391" lon="9.723947793245316">
        <ele>445.0</ele>
        <time>2023-06-25T12:52:46</time>
      </trkpt>
      <trkpt lat="47.50039514154196" lon="9.723961288109422">
        <ele>445.0</ele>
        <time>2023-06-25T12:52:47</time>
      </trkpt>
      <trkpt lat="47.500115940347314" lon="9.724089866504073">
        <ele>445.0</ele>
        <time>2023-06-25T12:52:52</time>
      </trkpt>
      <trkpt lat="47.49994654208422" lon="9.72413320094347">
        <ele>445.0</ele>
        <time>2023-06-25T12:52:55</time>
      </trkpt>
      <trkpt lat="47.49988803640008" lon="9.724130434915423">
        <ele>445.0</ele>
        <time>2023-06-25T12:52:56</time>
      </trkpt>
      <trkpt lat="47.499829195439816" lon="9.724107468500733">
        <ele>445.0</ele>
        <time>2023-06-25T12:52:57</time>
      </trkpt>
      <trkpt lat="47.499778820201755" lon="9.724060948938131">
        <ele>445.0</ele>
        <time>2023-06-25T12:52:58</time>
      </trkpt>
      <trkpt lat="47.49970296397805" lon="9.723932789638638">
        <ele>445.0</ele>
        <time>2023-06-25T12:53:00</time>
      </trkpt>
      <trkpt lat="47.49944739975035" lon="9.723535906523466">
        <ele>445.0</ele>
        <time>2023-06-25T12:53:06</time>
      </trkpt>
      <trkpt lat="47.499391324818134" lon="9.723489554598927">
        <ele>445.0</ele>
        <time>2023-06-25T12:53:07</time>
      </trkpt>
      <trkpt lat="47.49921312555671" lon="9.723335914313793">
        <ele>445.0</ele>
        <time>2023-06-25T12:53:10</time>
      </trkpt>
      <trkpt lat="47.49910298734903" lon="9.72320037893951">
        <ele>445.0</ele>
        <time>2023-06-25T12:53:12</time>
      </trkpt>
      <trkpt lat="47.49878782778978" lon="9.722825372591615">
        <ele>445.0</ele>
        <time>2023-06-25T12:53:18</time>
      </trkpt>
      <trkpt lat="47.49842179007828" lon="9.72246595658362">
        <ele>445.0</ele>
        <time>2023-06-25T12:53:25</time>
      </trkpt>
      <trkpt lat="47.49821693636477" lon="9.722291193902493">
        <ele>445.0</ele>
        <time>2023-06-25T12:53:29</time>
      </trkpt>
      <trkpt lat="47.49807461164892" lon="9.722122633829713">
        <ele>445.0</ele>
        <time>2023-06-25T12:53:32</time>
      </trkpt>
      <trkpt lat="47.497754422947764" lon="9.721853155642748">
        <ele>446.0</ele>
        <time>2023-06-25T12:53:38</time>
      </trkpt>
      <trkpt lat="47.49730431474745" lon="9.721555095165968">
        <ele>446.0</ele>
        <time>2023-06-25T12:53:46</time>
      </trkpt>
      <trkpt lat="47.49699041247368" lon="9.721385445445776">
        <ele>446.0</ele>
        <time>2023-06-25T12:53:52</time>
      </trkpt>
      <trkpt lat="47.496757144108415" lon="9.72123658284545">
        <ele>446.0</ele>
        <time>2023-06-25T12:53:58</time>
      </trkpt>
      <trkpt lat="47.49657525680959" lon="9.721217723563313">
        <ele>446.0</ele>
        <time>2023-06-25T12:54:03</time>
      </trkpt>
      <trkpt lat="47.49653393402696" lon="9.721204899251461">
        <ele>446.0</ele>
        <time>2023-06-25T12:54:05</time>
      </trkpt>
      <trkpt lat="47.49651012942195" lon="9.72113692201674">
        <ele>446.0</ele>
        <time>2023-06-25T12:54:07</time>
      </trkpt>
      <trkpt lat="47.49647785909474" lon="9.720902061089873">
        <ele>445.0</ele>
        <time>2023-06-25T12:54:11</time>
      </trkpt>
      <trkpt lat="47.49646922573447" lon="9.720822600647807">
        <ele>445.0</ele>
        <time>2023-06-25T12:54:12</time>
      </trkpt>
      <trkpt lat="47.49643695540726" lon="9.7206537052989">
        <ele>445.0</ele>
        <time>2023-06-25T12:54:14</time>
      </trkpt>
      <trkpt lat="47.49638783745468" lon="9.72038883715868">
        <ele>445.0</ele>
        <time>2023-06-25T12:54:17</time>
      </trkpt>
      <trkpt lat="47.49637031927705" lon="9.720191694796085">
        <ele>445.0</ele>
        <time>2023-06-25T12:54:19</time>
      </trkpt>
      <trkpt lat="47.496356992051005" lon="9.720004694536328">
        <ele>445.0</ele>
        <time>2023-06-25T12:54:21</time>
      </trkpt>
      <trkpt lat="47.496347185224295" lon="9.71991391852498">
        <ele>445.0</ele>
        <time>2023-06-25T12:54:22</time>
      </trkpt>
      <trkpt lat="47.49626277945936" lon="9.719320815056562">
        <ele>445.0</ele>
        <time>2023-06-25T12:54:29</time>
      </trkpt>
      <trkpt lat="47.49618876725435" lon="9.718791078776121">
        <ele>445.0</ele>
        <time>2023-06-25T12:54:35</time>
      </trkpt>
      <trkpt lat="47.49614140950143" lon="9.718521852046251">
        <ele>445.0</ele>
        <time>2023-06-25T12:54:38</time>
      </trkpt>
      <trkpt lat="47.4960897769779" lon="9.718079958111048">
        <ele>445.0</ele>
        <time>2023-06-25T12:54:43</time>
      </trkpt>
      <trkpt lat="47.49606748111546" lon="9.717916008085012">
        <ele>445.0</ele>
        <time>2023-06-25T12:54:45</time>
      </trkpt>
      <trkpt lat="47.495969915762544" lon="9.717392306774855">
        <ele>445.0</ele>
        <time>2023-06-25T12:54:51</time>
      </trkpt>
      <trkpt lat="47.49581158161163" lon="9.716799454763532">
        <ele>445.0</ele>
        <time>2023-06-25T12:54:58</time>
      </trkpt>
      <trkpt lat="47.4955802410841" lon="9.716161759570241">
        <ele>445.0</ele>
        <time>2023-06-25T12:55:06</time>
      </trkpt>
      <trkpt lat="47.49537002295256" lon="9.715683236718178">
        <ele>445.0</ele>
        <time>2023-06-25T12:55:13</time>
      </trkpt>
      <trkpt lat="47.49522593803704" lon="9.71531686373055">
        <ele>445.0</ele>
        <time>2023-06-25T12:55:19</time>
      </trkpt>
      <trkpt lat="47.495162403211" lon="9.715161044150591">
        <ele>445.0</ele>
        <time>2023-06-25T12:55:23</time>
      </trkpt>
      <trkpt lat="47.495102221146226" lon="9.71501000225544">
        <ele>445.0</ele>
        <time>2023-06-25T12:55:28</time>
      </trkpt>
      <trkpt lat="47.49497230164707" lon="9.71466751769185">
        <ele>445.0</ele>
        <time>2023-06-25T12:55:34</time>
      </trkpt>
      <trkpt lat="47.49478831887245" lon="9.714236771687865">
        <ele>445.0</ele>
        <time>2023-06-25T12:55:40</time>
      </trkpt>
      <trkpt lat="47.49468941241503" lon="9.713914571329951">
        <ele>445.0</ele>
        <time>2023-06-25T12:55:44</time>
      </trkpt>
      <trkpt lat="47.494634594768286" lon="9.71375523135066">
        <ele>445.0</ele>
        <time>2023-06-25T12:55:46</time>
      </trkpt>
      <trkpt lat="47.49446519650519" lon="9.713201774284244">
        <ele>445.0</ele>
        <time>2023-06-25T12:55:53</time>
      </trkpt>
      <trkpt lat="47.4942712392658" lon="9.712712774053216">
        <ele>445.0</ele>
        <time>2023-06-25T12:56:00</time>
      </trkpt>
      <trkpt lat="47.494067726656795" lon="9.712247746065259">
        <ele>444.0</ele>
        <time>2023-06-25T12:56:07</time>
      </trkpt>
      <trkpt lat="47.493867902085185" lon="9.711758745834231">
        <ele>444.0</ele>
        <time>2023-06-25T12:56:14</time>
      </trkpt>
      <trkpt lat="47.49361460097134" lon="9.711139155551791">
        <ele>444.0</ele>
        <time>2023-06-25T12:56:23</time>
      </trkpt>
      <trkpt lat="47.49341846443713" lon="9.710714612156153">
        <ele>444.0</ele>
        <time>2023-06-25T12:56:30</time>
      </trkpt>
      <trkpt lat="47.493390971794724" lon="9.710655938833952">
        <ele>444.0</ele>
        <time>2023-06-25T12:56:31</time>
      </trkpt>
      <trkpt lat="47.49336582608521" lon="9.71059525385499">
        <ele>444.0</ele>
        <time>2023-06-25T12:56:32</time>
      </trkpt>
      <trkpt lat="47.493278151378036" lon="9.710350502282381">
        <ele>444.0</ele>
        <time>2023-06-25T12:56:36</time>
      </trkpt>
      <trkpt lat="47.493249736726284" lon="9.710293840616941">
        <ele>445.0</ele>
        <time>2023-06-25T12:56:37</time>
      </trkpt>
      <trkpt lat="47.4930227547884" lon="9.709928641095757">
        <ele>445.0</ele>
        <time>2023-06-25T12:56:44</time>
      </trkpt>
      <trkpt lat="47.492800718173385" lon="9.709536032751203">
        <ele>445.0</ele>
        <time>2023-06-25T12:56:51</time>
      </trkpt>
      <trkpt lat="47.49251405708492" lon="9.709055162966251">
        <ele>446.0</ele>
        <time>2023-06-25T12:56:59</time>
      </trkpt>
      <trkpt lat="47.492476757615805" lon="9.708990035578609">
        <ele>446.0</ele>
        <time>2023-06-25T12:57:00</time>
      </trkpt>
      <trkpt lat="47.492199651896954" lon="9.70852056518197">
        <ele>447.0</ele>
        <time>2023-06-25T12:57:07</time>
      </trkpt>
      <trkpt lat="47.49207786284387" lon="9.708306742832065">
        <ele>447.0</ele>
        <time>2023-06-25T12:57:10</time>
      </trkpt>
      <trkpt lat="47.49191315844655" lon="9.708030810579658">
        <ele>447.0</ele>
        <time>2023-06-25T12:57:14</time>
      </trkpt>
      <trkpt lat="47.49167854897678" lon="9.707642896100879">
        <ele>448.0</ele>
        <time>2023-06-25T12:57:20</time>
      </trkpt>
      <trkpt lat="47.49165382236242" lon="9.707565698772669">
        <ele>448.0</ele>
        <time>2023-06-25T12:57:21</time>
      </trkpt>
      <trkpt lat="47.49163940548897" lon="9.707493698224425">
        <ele>448.0</ele>
        <time>2023-06-25T12:57:22</time>
      </trkpt>
      <trkpt lat="47.49161073938012" lon="9.707339638844132">
        <ele>448.0</ele>
        <time>2023-06-25T12:57:25</time>
      </trkpt>
      <trkpt lat="47.491594813764095" lon="9.707308793440461">
        <ele>448.0</ele>
        <time>2023-06-25T12:57:28</time>
      </trkpt>
      <trkpt lat="47.491594562307" lon="9.707311978563666">
        <ele>448.0</ele>
        <time>2023-06-25T12:57:29</time>
      </trkpt>
      <trkpt lat="47.491593807935715" lon="9.707325138151646">
        <ele>448.0</ele>
        <time>2023-06-25T12:57:33</time>
      </trkpt>
      <trkpt lat="47.49160579405725" lon="9.707323545590043">
        <ele>448.0</ele>
        <time>2023-06-25T12:57:35</time>
      </trkpt>
      <trkpt lat="47.49157561920583" lon="9.707358833402395">
        <ele>448.0</ele>
        <time>2023-06-25T12:57:41</time>
      </trkpt>
      <trkpt lat="47.49156765639782" lon="9.707361767068505">
        <ele>448.0</ele>
        <time>2023-06-25T12:57:42</time>
      </trkpt>
      <trkpt lat="47.491544941440225" lon="9.707375345751643">
        <ele>448.0</ele>
        <time>2023-06-25T12:57:44</time>
      </trkpt>
      <trkpt lat="47.49152583070099" lon="9.707349194213748">
        <ele>448.0</ele>
        <time>2023-06-25T12:57:46</time>
      </trkpt>
      <trkpt lat="47.49139532446861" lon="9.707199158146977">
        <ele>447.0</ele>
        <time>2023-06-25T12:57:51</time>
      </trkpt>
      <trkpt lat="47.49118418432772" lon="9.706933116540313">
        <ele>447.0</ele>
        <time>2023-06-25T12:57:56</time>
      </trkpt>
      <trkpt lat="47.490918561816216" lon="9.706482086330652">
        <ele>447.0</ele>
        <time>2023-06-25T12:58:02</time>
      </trkpt>
      <trkpt lat="47.490789564326406" lon="9.706223169341683">
        <ele>447.0</ele>
        <time>2023-06-25T12:58:05</time>
      </trkpt>
      <trkpt lat="47.490520756691694" lon="9.705688487738371">
        <ele>447.0</ele>
        <time>2023-06-25T12:58:11</time>
      </trkpt>
      <trkpt lat="47.49012898653746" lon="9.70502296462655">
        <ele>447.0</ele>
        <time>2023-06-25T12:58:19</time>
      </trkpt>
      <trkpt lat="47.489807372912765" lon="9.704508064314723">
        <ele>447.0</ele>
        <time>2023-06-25T12:58:26</time>
      </trkpt>
      <trkpt lat="47.48970896936953" lon="9.704345455393195">
        <ele>447.0</ele>
        <time>2023-06-25T12:58:30</time>
      </trkpt>
      <trkpt lat="47.489689690992236" lon="9.7043227404356">
        <ele>447.0</ele>
        <time>2023-06-25T12:58:32</time>
      </trkpt>
      <trkpt lat="47.48968466185033" lon="9.70431494526565">
        <ele>447.0</ele>
        <time>2023-06-25T12:58:34</time>
      </trkpt>
      <trkpt lat="47.489695977419615" lon="9.704319052398205">
        <ele>447.0</ele>
        <time>2023-06-25T12:58:38</time>
      </trkpt>
      <trkpt lat="47.489702850580215" lon="9.704319471493363">
        <ele>447.0</ele>
        <time>2023-06-25T12:58:40</time>
      </trkpt>
      <trkpt lat="47.48970829881728" lon="9.704330284148455">
        <ele>447.0</ele>
        <time>2023-06-25T12:58:47</time>
      </trkpt>
      <trkpt lat="47.48970419168472" lon="9.704338666051626">
        <ele>447.0</ele>
        <time>2023-06-25T12:58:49</time>
      </trkpt>
      <trkpt lat="47.489701844751835" lon="9.704350484535098">
        <ele>446.0</ele>
        <time>2023-06-25T12:58:52</time>
      </trkpt>
      <trkpt lat="47.489699916914105" lon="9.704360961914062">
        <ele>446.0</ele>
        <time>2023-06-25T12:58:56</time>
      </trkpt>
      <trkpt lat="47.48970067128539" lon="9.704360626637936">
        <ele>446.0</ele>
        <time>2023-06-25T12:59:02</time>
      </trkpt>
      <trkpt lat="47.48970125801861" lon="9.704360794275999">
        <ele>445.0</ele>
        <time>2023-06-25T12:59:03</time>
      </trkpt>
      <trkpt lat="47.48969606123865" lon="9.704353250563145">
        <ele>445.0</ele>
        <time>2023-06-25T12:59:08</time>
      </trkpt>
      <trkpt lat="47.48968608677387" lon="9.704338414594531">
        <ele>445.0</ele>
        <time>2023-06-25T12:59:09</time>
      </trkpt>
      <trkpt lat="47.489670077338815" lon="9.70431737601757">
        <ele>445.0</ele>
        <time>2023-06-25T12:59:10</time>
      </trkpt>
      <trkpt lat="47.489556754007936" lon="9.704083688557148">
        <ele>445.0</ele>
        <time>2023-06-25T12:59:15</time>
      </trkpt>
      <trkpt lat="47.48935801908374" lon="9.70371924340725">
        <ele>444.0</ele>
        <time>2023-06-25T12:59:20</time>
      </trkpt>
      <trkpt lat="47.48926908709109" lon="9.70355805940926">
        <ele>444.0</ele>
        <time>2023-06-25T12:59:22</time>
      </trkpt>
      <trkpt lat="47.48916942626238" lon="9.703402910381556">
        <ele>444.0</ele>
        <time>2023-06-25T12:59:24</time>
      </trkpt>
      <trkpt lat="47.48907906934619" lon="9.703233679756522">
        <ele>444.0</ele>
        <time>2023-06-25T12:59:26</time>
      </trkpt>
      <trkpt lat="47.48899105936289" lon="9.703065287321806">
        <ele>444.0</ele>
        <time>2023-06-25T12:59:28</time>
      </trkpt>
      <trkpt lat="47.48881051316857" lon="9.702741578221321">
        <ele>444.0</ele>
        <time>2023-06-25T12:59:32</time>
      </trkpt>
      <trkpt lat="47.48876307159662" lon="9.702660692855716">
        <ele>443.0</ele>
        <time>2023-06-25T12:59:33</time>
      </trkpt>
      <trkpt lat="47.4884170666337" lon="9.702015705406666">
        <ele>443.0</ele>
        <time>2023-06-25T12:59:41</time>
      </trkpt>
      <trkpt lat="47.48810903169215" lon="9.701421428471804">
        <ele>442.0</ele>
        <time>2023-06-25T12:59:49</time>
      </trkpt>
      <trkpt lat="47.48785899952054" lon="9.700896134600043">
        <ele>442.0</ele>
        <time>2023-06-25T12:59:56</time>
      </trkpt>
      <trkpt lat="47.48779211193323" lon="9.700728664174676">
        <ele>442.0</ele>
        <time>2023-06-25T12:59:58</time>
      </trkpt>
      <trkpt lat="47.48759019188583" lon="9.700227761641145">
        <ele>442.0</ele>
        <time>2023-06-25T13:00:04</time>
      </trkpt>
      <trkpt lat="47.487555323168635" lon="9.700144026428461">
        <ele>442.0</ele>
        <time>2023-06-25T13:00:05</time>
      </trkpt>
      <trkpt lat="47.48730872757733" lon="9.699448496103287">
        <ele>441.0</ele>
        <time>2023-06-25T13:00:13</time>
      </trkpt>
      <trkpt lat="47.48707571066916" lon="9.698890596628189">
        <ele>441.0</ele>
        <time>2023-06-25T13:00:20</time>
      </trkpt>
      <trkpt lat="47.48687060549855" lon="9.698370331898332">
        <ele>441.0</ele>
        <time>2023-06-25T13:00:26</time>
      </trkpt>
      <trkpt lat="47.48655955307186" lon="9.697697348892689">
        <ele>441.0</ele>
        <time>2023-06-25T13:00:34</time>
      </trkpt>
      <trkpt lat="47.48630323447287" lon="9.697096282616258">
        <ele>441.0</ele>
        <time>2023-06-25T13:00:41</time>
      </trkpt>
      <trkpt lat="47.48605093918741" lon="9.696540981531143">
        <ele>441.0</ele>
        <time>2023-06-25T13:00:48</time>
      </trkpt>
      <trkpt lat="47.485829992219806" lon="9.696001103147864">
        <ele>441.0</ele>
        <time>2023-06-25T13:00:55</time>
      </trkpt>
      <trkpt lat="47.48553654178977" lon="9.695296688005328">
        <ele>441.0</ele>
        <time>2023-06-25T13:01:04</time>
      </trkpt>
      <trkpt lat="47.48546613380313" lon="9.69514430500567">
        <ele>441.0</ele>
        <time>2023-06-25T13:01:06</time>
      </trkpt>
      <trkpt lat="47.48534006997943" lon="9.694909192621708">
        <ele>441.0</ele>
        <time>2023-06-25T13:01:09</time>
      </trkpt>
      <trkpt lat="47.48511082492769" lon="9.694403763860464">
        <ele>441.0</ele>
        <time>2023-06-25T13:01:15</time>
      </trkpt>
      <trkpt lat="47.48481527902186" lon="9.693727092817426">
        <ele>441.0</ele>
        <time>2023-06-25T13:01:23</time>
      </trkpt>
      <trkpt lat="47.484509171918035" lon="9.693055283278227">
        <ele>441.0</ele>
        <time>2023-06-25T13:01:31</time>
      </trkpt>
      <trkpt lat="47.48447371646762" lon="9.692970123142004">
        <ele>441.0</ele>
        <time>2023-06-25T13:01:32</time>
      </trkpt>
      <trkpt lat="47.484177919104695" lon="9.692303342744708">
        <ele>441.0</ele>
        <time>2023-06-25T13:01:40</time>
      </trkpt>
      <trkpt lat="47.4838428106159" lon="9.691632790490985">
        <ele>442.0</ele>
        <time>2023-06-25T13:01:48</time>
      </trkpt>
      <trkpt lat="47.48351055197418" lon="9.690965842455626">
        <ele>442.0</ele>
        <time>2023-06-25T13:01:56</time>
      </trkpt>
      <trkpt lat="47.48318332247436" lon="9.690320268273354">
        <ele>442.0</ele>
        <time>2023-06-25T13:02:04</time>
      </trkpt>
      <trkpt lat="47.48296815901995" lon="9.68985389918089">
        <ele>441.0</ele>
        <time>2023-06-25T13:02:10</time>
      </trkpt>
      <trkpt lat="47.48292859643698" lon="9.689777288585901">
        <ele>441.0</ele>
        <time>2023-06-25T13:02:11</time>
      </trkpt>
      <trkpt lat="47.48260874301195" lon="9.68913858756423">
        <ele>441.0</ele>
        <time>2023-06-25T13:02:19</time>
      </trkpt>
      <trkpt lat="47.48236960731447" lon="9.68864120543003">
        <ele>441.0</ele>
        <time>2023-06-25T13:02:25</time>
      </trkpt>
      <trkpt lat="47.48228721320629" lon="9.688474657014012">
        <ele>441.0</ele>
        <time>2023-06-25T13:02:27</time>
      </trkpt>
      <trkpt lat="47.48205989599228" lon="9.688039049506187">
        <ele>441.0</ele>
        <time>2023-06-25T13:02:33</time>
      </trkpt>
      <trkpt lat="47.48197817243636" lon="9.687872752547264">
        <ele>441.0</ele>
        <time>2023-06-25T13:02:37</time>
      </trkpt>
      <trkpt lat="47.48186987824738" lon="9.687667731195688">
        <ele>441.0</ele>
        <time>2023-06-25T13:02:41</time>
      </trkpt>
      <trkpt lat="47.481839284300804" lon="9.687597407028079">
        <ele>441.0</ele>
        <time>2023-06-25T13:02:42</time>
      </trkpt>
      <trkpt lat="47.4816149007529" lon="9.687179569154978">
        <ele>441.0</ele>
        <time>2023-06-25T13:02:48</time>
      </trkpt>
      <trkpt lat="47.48142220079899" lon="9.68682928942144">
        <ele>441.0</ele>
        <time>2023-06-25T13:02:53</time>
      </trkpt>
      <trkpt lat="47.48109974898398" lon="9.686218332499266">
        <ele>442.0</ele>
        <time>2023-06-25T13:03:01</time>
      </trkpt>
      <trkpt lat="47.48080939985812" lon="9.68568155542016">
        <ele>442.0</ele>
        <time>2023-06-25T13:03:08</time>
      </trkpt>
      <trkpt lat="47.48048795387149" lon="9.685046374797821">
        <ele>443.0</ele>
        <time>2023-06-25T13:03:16</time>
      </trkpt>
      <trkpt lat="47.48037287034094" lon="9.684827690944076">
        <ele>443.0</ele>
        <time>2023-06-25T13:03:19</time>
      </trkpt>
      <trkpt lat="47.48026046901941" lon="9.684607749804854">
        <ele>443.0</ele>
        <time>2023-06-25T13:03:22</time>
      </trkpt>
      <trkpt lat="47.47997783124447" lon="9.684083126485348">
        <ele>444.0</ele>
        <time>2023-06-25T13:03:29</time>
      </trkpt>
      <trkpt lat="47.47970441356301" lon="9.68355800025165">
        <ele>444.0</ele>
        <time>2023-06-25T13:03:36</time>
      </trkpt>
      <trkpt lat="47.47944926843047" lon="9.683037903159857">
        <ele>445.0</ele>
        <time>2023-06-25T13:03:43</time>
      </trkpt>
      <trkpt lat="47.479179203510284" lon="9.682510429993272">
        <ele>445.0</ele>
        <time>2023-06-25T13:03:50</time>
      </trkpt>
      <trkpt lat="47.47913662344217" lon="9.682435663416982">
        <ele>445.0</ele>
        <time>2023-06-25T13:03:51</time>
      </trkpt>
      <trkpt lat="47.47889027930796" lon="9.681956386193633">
        <ele>445.0</ele>
        <time>2023-06-25T13:03:57</time>
      </trkpt>
      <trkpt lat="47.47863261960447" lon="9.681458501145244">
        <ele>446.0</ele>
        <time>2023-06-25T13:04:05</time>
      </trkpt>
      <trkpt lat="47.47845081612468" lon="9.68111819587648">
        <ele>446.0</ele>
        <time>2023-06-25T13:04:10</time>
      </trkpt>
      <trkpt lat="47.47840899042785" lon="9.681046279147267">
        <ele>446.0</ele>
        <time>2023-06-25T13:04:11</time>
      </trkpt>
      <trkpt lat="47.47812660411" lon="9.680396430194378">
        <ele>447.0</ele>
        <time>2023-06-25T13:04:19</time>
      </trkpt>
      <trkpt lat="47.47794949449599" lon="9.679881781339645">
        <ele>447.0</ele>
        <time>2023-06-25T13:04:25</time>
      </trkpt>
      <trkpt lat="47.47784681618214" lon="9.679470397531986">
        <ele>447.0</ele>
        <time>2023-06-25T13:04:30</time>
      </trkpt>
      <trkpt lat="47.47783659026027" lon="9.679316338151693">
        <ele>447.0</ele>
        <time>2023-06-25T13:04:32</time>
      </trkpt>
      <trkpt lat="47.47782167047262" lon="9.679174264892936">
        <ele>447.0</ele>
        <time>2023-06-25T13:04:34</time>
      </trkpt>
      <trkpt lat="47.4777864664793" lon="9.679048620164394">
        <ele>447.0</ele>
        <time>2023-06-25T13:04:36</time>
      </trkpt>
      <trkpt lat="47.477749083191156" lon="9.678899422287941">
        <ele>447.0</ele>
        <time>2023-06-25T13:04:39</time>
      </trkpt>
      <trkpt lat="47.47773458249867" lon="9.6788065508008">
        <ele>447.0</ele>
        <time>2023-06-25T13:04:43</time>
      </trkpt>
      <trkpt lat="47.47775008901954" lon="9.678828427568078">
        <ele>447.0</ele>
        <time>2023-06-25T13:04:48</time>
      </trkpt>
      <trkpt lat="47.477760734036565" lon="9.678836055099964">
        <ele>447.0</ele>
        <time>2023-06-25T13:04:51</time>
      </trkpt>
      <trkpt lat="47.47776576317847" lon="9.678840916603804">
        <ele>448.0</ele>
        <time>2023-06-25T13:04:56</time>
      </trkpt>
      <trkpt lat="47.4777608178556" lon="9.678793977946043">
        <ele>448.0</ele>
        <time>2023-06-25T13:04:58</time>
      </trkpt>
      <trkpt lat="47.47774078510702" lon="9.678687443956733">
        <ele>448.0</ele>
        <time>2023-06-25T13:05:02</time>
      </trkpt>
      <trkpt lat="47.477731984108686" lon="9.67861452139914">
        <ele>448.0</ele>
        <time>2023-06-25T13:05:04</time>
      </trkpt>
      <trkpt lat="47.47767465189099" lon="9.678361974656582">
        <ele>448.0</ele>
        <time>2023-06-25T13:05:09</time>
      </trkpt>
      <trkpt lat="47.477667946368456" lon="9.678016053512692">
        <ele>448.0</ele>
        <time>2023-06-25T13:05:16</time>
      </trkpt>
      <trkpt lat="47.47766333632171" lon="9.677625456824899">
        <ele>448.0</ele>
        <time>2023-06-25T13:05:22</time>
      </trkpt>
      <trkpt lat="47.477673310786486" lon="9.677112568169832">
        <ele>448.0</ele>
        <time>2023-06-25T13:05:28</time>
      </trkpt>
      <trkpt lat="47.477690828964114" lon="9.676691377535462">
        <ele>448.0</ele>
        <time>2023-06-25T13:05:33</time>
      </trkpt>
      <trkpt lat="47.47769359499216" lon="9.67660864815116">
        <ele>448.0</ele>
        <time>2023-06-25T13:05:34</time>
      </trkpt>
      <trkpt lat="47.47769761830568" lon="9.676523571833968">
        <ele>448.0</ele>
        <time>2023-06-25T13:05:35</time>
      </trkpt>
      <trkpt lat="47.47770759277046" lon="9.676360795274377">
        <ele>448.0</ele>
        <time>2023-06-25T13:05:37</time>
      </trkpt>
      <trkpt lat="47.47772494331002" lon="9.676120737567544">
        <ele>448.0</ele>
        <time>2023-06-25T13:05:40</time>
      </trkpt>
      <trkpt lat="47.477743634954095" lon="9.675739696249366">
        <ele>448.0</ele>
        <time>2023-06-25T13:05:45</time>
      </trkpt>
      <trkpt lat="47.477760231122375" lon="9.6752009075135">
        <ele>448.0</ele>
        <time>2023-06-25T13:05:52</time>
      </trkpt>
      <trkpt lat="47.47777624055743" lon="9.674670919775963">
        <ele>448.0</ele>
        <time>2023-06-25T13:05:59</time>
      </trkpt>
      <trkpt lat="47.47778579592705" lon="9.67437855899334">
        <ele>448.0</ele>
        <time>2023-06-25T13:06:03</time>
      </trkpt>
      <trkpt lat="47.477788310498" lon="9.674010090529919">
        <ele>448.0</ele>
        <time>2023-06-25T13:06:08</time>
      </trkpt>
      <trkpt lat="47.47780138626695" lon="9.673379184678197">
        <ele>448.0</ele>
        <time>2023-06-25T13:06:16</time>
      </trkpt>
      <trkpt lat="47.47779384255409" lon="9.673218671232462">
        <ele>448.0</ele>
        <time>2023-06-25T13:06:18</time>
      </trkpt>
      <trkpt lat="47.47775453142822" lon="9.6729645319283">
        <ele>447.0</ele>
        <time>2023-06-25T13:06:21</time>
      </trkpt>
      <trkpt lat="47.47775562107563" lon="9.672460528090596">
        <ele>447.0</ele>
        <time>2023-06-25T13:06:27</time>
      </trkpt>
      <trkpt lat="47.477754363790154" lon="9.672380313277245">
        <ele>447.0</ele>
        <time>2023-06-25T13:06:28</time>
      </trkpt>
      <trkpt lat="47.47770222835243" lon="9.672086359933019">
        <ele>447.0</ele>
        <time>2023-06-25T13:06:32</time>
      </trkpt>
      <trkpt lat="47.47766534797847" lon="9.671873040497303">
        <ele>447.0</ele>
        <time>2023-06-25T13:06:35</time>
      </trkpt>
      <trkpt lat="47.477667862549424" lon="9.671736666932702">
        <ele>447.0</ele>
        <time>2023-06-25T13:06:37</time>
      </trkpt>
      <trkpt lat="47.4776828661561" lon="9.671601466834545">
        <ele>447.0</ele>
        <time>2023-06-25T13:06:39</time>
      </trkpt>
      <trkpt lat="47.47766652144492" lon="9.67146584764123">
        <ele>447.0</ele>
        <time>2023-06-25T13:06:41</time>
      </trkpt>
      <trkpt lat="47.47762955725193" lon="9.671284463256598">
        <ele>447.0</ele>
        <time>2023-06-25T13:06:44</time>
      </trkpt>
      <trkpt lat="47.4776329100132" lon="9.67115219682455">
        <ele>447.0</ele>
        <time>2023-06-25T13:06:46</time>
      </trkpt>
      <trkpt lat="47.477655708789825" lon="9.67063863761723">
        <ele>447.0</ele>
        <time>2023-06-25T13:06:53</time>
      </trkpt>
      <trkpt lat="47.47766048647463" lon="9.670203113928437">
        <ele>447.0</ele>
        <time>2023-06-25T13:06:59</time>
      </trkpt>
      <trkpt lat="47.47766652144492" lon="9.669808996841311">
        <ele>447.0</ele>
        <time>2023-06-25T13:07:04</time>
      </trkpt>
      <trkpt lat="47.47767054475844" lon="9.669353775680065">
        <ele>448.0</ele>
        <time>2023-06-25T13:07:10</time>
      </trkpt>
      <trkpt lat="47.47769543901086" lon="9.668833678588271">
        <ele>448.0</ele>
        <time>2023-06-25T13:07:17</time>
      </trkpt>
      <trkpt lat="47.47769208624959" lon="9.66839823871851">
        <ele>449.0</ele>
        <time>2023-06-25T13:07:23</time>
      </trkpt>
      <trkpt lat="47.47770080342889" lon="9.668067740276456">
        <ele>449.0</ele>
        <time>2023-06-25T13:07:27</time>
      </trkpt>
      <trkpt lat="47.477706084027886" lon="9.66789641417563">
        <ele>449.0</ele>
        <time>2023-06-25T13:07:29</time>
      </trkpt>
      <trkpt lat="47.47774195857346" lon="9.667281350120902">
        <ele>450.0</ele>
        <time>2023-06-25T13:07:35</time>
      </trkpt>
      <trkpt lat="47.4778192397207" lon="9.6667374484241">
        <ele>450.0</ele>
        <time>2023-06-25T13:07:40</time>
      </trkpt>
      <trkpt lat="47.47783340513706" lon="9.666643403470516">
        <ele>450.0</ele>
        <time>2023-06-25T13:07:41</time>
      </trkpt>
      <trkpt lat="47.47789476066828" lon="9.666498061269522">
        <ele>450.0</ele>
        <time>2023-06-25T13:07:43</time>
      </trkpt>
      <trkpt lat="47.47805703431368" lon="9.666360430419445">
        <ele>450.0</ele>
        <time>2023-06-25T13:07:46</time>
      </trkpt>
      <trkpt lat="47.47809282504022" lon="9.666282394900918">
        <ele>450.0</ele>
        <time>2023-06-25T13:07:47</time>
      </trkpt>
      <trkpt lat="47.47811277396977" lon="9.666177788749337">
        <ele>450.0</ele>
        <time>2023-06-25T13:07:48</time>
      </trkpt>
      <trkpt lat="47.478172704577446" lon="9.665877046063542">
        <ele>450.0</ele>
        <time>2023-06-25T13:07:51</time>
      </trkpt>
      <trkpt lat="47.47831217944622" lon="9.66525636613369">
        <ele>450.0</ele>
        <time>2023-06-25T13:07:57</time>
      </trkpt>
      <trkpt lat="47.47842273674905" lon="9.664591429755092">
        <ele>450.0</ele>
        <time>2023-06-25T13:08:03</time>
      </trkpt>
      <trkpt lat="47.47842843644321" lon="9.664270486682653">
        <ele>450.0</ele>
        <time>2023-06-25T13:08:06</time>
      </trkpt>
      <trkpt lat="47.478402284905314" lon="9.664061777293682">
        <ele>450.0</ele>
        <time>2023-06-25T13:08:08</time>
      </trkpt>
      <trkpt lat="47.47839708812535" lon="9.663969743996859">
        <ele>450.0</ele>
        <time>2023-06-25T13:08:09</time>
      </trkpt>
      <trkpt lat="47.47841686941683" lon="9.663781318813562">
        <ele>450.0</ele>
        <time>2023-06-25T13:08:11</time>
      </trkpt>
      <trkpt lat="47.47854217886925" lon="9.6633390057832">
        <ele>450.0</ele>
        <time>2023-06-25T13:08:16</time>
      </trkpt>
      <trkpt lat="47.47863287106156" lon="9.663099283352494">
        <ele>450.0</ele>
        <time>2023-06-25T13:08:19</time>
      </trkpt>
      <trkpt lat="47.4786171130836" lon="9.663019655272365">
        <ele>450.0</ele>
        <time>2023-06-25T13:08:20</time>
      </trkpt>
      <trkpt lat="47.47858056798577" lon="9.662950588390231">
        <ele>450.0</ele>
        <time>2023-06-25T13:08:21</time>
      </trkpt>
      <trkpt lat="47.47847973369062" lon="9.662832571193576">
        <ele>450.0</ele>
        <time>2023-06-25T13:08:23</time>
      </trkpt>
      <trkpt lat="47.478331457823515" lon="9.662644313648343">
        <ele>450.0</ele>
        <time>2023-06-25T13:08:26</time>
      </trkpt>
      <trkpt lat="47.47822777368128" lon="9.662530487403274">
        <ele>450.0</ele>
        <time>2023-06-25T13:08:28</time>
      </trkpt>
      <trkpt lat="47.478174129500985" lon="9.662478687241673">
        <ele>450.0</ele>
        <time>2023-06-25T13:08:29</time>
      </trkpt>
      <trkpt lat="47.47792845591903" lon="9.662308702245355">
        <ele>449.0</ele>
        <time>2023-06-25T13:08:33</time>
      </trkpt>
      <trkpt lat="47.477553533390164" lon="9.662061352282763">
        <ele>449.0</ele>
        <time>2023-06-25T13:08:39</time>
      </trkpt>
      <trkpt lat="47.477438785135746" lon="9.661971917375922">
        <ele>449.0</ele>
        <time>2023-06-25T13:08:41</time>
      </trkpt>
      <trkpt lat="47.47727466747165" lon="9.661825904622674">
        <ele>449.0</ele>
        <time>2023-06-25T13:08:44</time>
      </trkpt>
      <trkpt lat="47.47687057591975" lon="9.661489119753242">
        <ele>449.0</ele>
        <time>2023-06-25T13:08:51</time>
      </trkpt>
      <trkpt lat="47.4764983355999" lon="9.66123590245843">
        <ele>449.0</ele>
        <time>2023-06-25T13:08:57</time>
      </trkpt>
      <trkpt lat="47.4760577827692" lon="9.660900542512536">
        <ele>449.0</ele>
        <time>2023-06-25T13:09:04</time>
      </trkpt>
      <trkpt lat="47.475796937942505" lon="9.660710021853447">
        <ele>449.0</ele>
        <time>2023-06-25T13:09:08</time>
      </trkpt>
      <trkpt lat="47.47566785663366" lon="9.660617653280497">
        <ele>449.0</ele>
        <time>2023-06-25T13:09:10</time>
      </trkpt>
      <trkpt lat="47.47519218362868" lon="9.660250777378678">
        <ele>448.0</ele>
        <time>2023-06-25T13:09:18</time>
      </trkpt>
      <trkpt lat="47.47505589388311" lon="9.660160755738616">
        <ele>448.0</ele>
        <time>2023-06-25T13:09:21</time>
      </trkpt>
      <trkpt lat="47.47502379119396" lon="9.660152373835444">
        <ele>448.0</ele>
        <time>2023-06-25T13:09:22</time>
      </trkpt>
      <trkpt lat="47.47499453835189" lon="9.660167461261153">
        <ele>448.0</ele>
        <time>2023-06-25T13:09:23</time>
      </trkpt>
      <trkpt lat="47.47495187446475" lon="9.66025815345347">
        <ele>448.0</ele>
        <time>2023-06-25T13:09:25</time>
      </trkpt>
      <trkpt lat="47.47486528940499" lon="9.660534001886845">
        <ele>448.0</ele>
        <time>2023-06-25T13:09:29</time>
      </trkpt>
      <trkpt lat="47.47482731938362" lon="9.660562835633755">
        <ele>448.0</ele>
        <time>2023-06-25T13:09:30</time>
      </trkpt>
      <trkpt lat="47.47478926554322" lon="9.660552274435759">
        <ele>448.0</ele>
        <time>2023-06-25T13:09:31</time>
      </trkpt>
      <trkpt lat="47.4746850784868" lon="9.660503659397364">
        <ele>447.0</ele>
        <time>2023-06-25T13:09:33</time>
      </trkpt>
      <trkpt lat="47.474313424900174" lon="9.660336440429091">
        <ele>447.0</ele>
        <time>2023-06-25T13:09:39</time>
      </trkpt>
      <trkpt lat="47.4741842597723" lon="9.660270139575005">
        <ele>447.0</ele>
        <time>2023-06-25T13:09:41</time>
      </trkpt>
      <trkpt lat="47.473795004189014" lon="9.660076182335615">
        <ele>447.0</ele>
        <time>2023-06-25T13:09:47</time>
      </trkpt>
      <trkpt lat="47.47345386072993" lon="9.65997283346951">
        <ele>447.0</ele>
        <time>2023-06-25T13:09:52</time>
      </trkpt>
      <trkpt lat="47.473066532984376" lon="9.659844255074859">
        <ele>447.0</ele>
        <time>2023-06-25T13:09:58</time>
      </trkpt>
      <trkpt lat="47.47271818108857" lon="9.659603107720613">
        <ele>447.0</ele>
        <time>2023-06-25T13:10:04</time>
      </trkpt>
      <trkpt lat="47.47231853194535" lon="9.659303203225136">
        <ele>447.0</ele>
        <time>2023-06-25T13:10:11</time>
      </trkpt>
      <trkpt lat="47.47196204960346" lon="9.6589579526335">
        <ele>447.0</ele>
        <time>2023-06-25T13:10:18</time>
      </trkpt>
      <trkpt lat="47.47160037048161" lon="9.658565009012818">
        <ele>447.0</ele>
        <time>2023-06-25T13:10:25</time>
      </trkpt>
      <trkpt lat="47.471496518701315" lon="9.658439951017499">
        <ele>447.0</ele>
        <time>2023-06-25T13:10:27</time>
      </trkpt>
      <trkpt lat="47.471123272553086" lon="9.65800023637712">
        <ele>446.0</ele>
        <time>2023-06-25T13:10:34</time>
      </trkpt>
      <trkpt lat="47.470858907327056" lon="9.657681388780475">
        <ele>446.0</ele>
        <time>2023-06-25T13:10:39</time>
      </trkpt>
      <trkpt lat="47.470762096345425" lon="9.657545601949096">
        <ele>446.0</ele>
        <time>2023-06-25T13:10:41</time>
      </trkpt>
      <trkpt lat="47.470507957041264" lon="9.65709532611072">
        <ele>446.0</ele>
        <time>2023-06-25T13:10:47</time>
      </trkpt>
      <trkpt lat="47.47047937475145" lon="9.657006561756134">
        <ele>446.0</ele>
        <time>2023-06-25T13:10:48</time>
      </trkpt>
      <trkpt lat="47.470303354784846" lon="9.6565196570009">
        <ele>446.0</ele>
        <time>2023-06-25T13:10:54</time>
      </trkpt>
      <trkpt lat="47.470028260722756" lon="9.656011378392577">
        <ele>446.0</ele>
        <time>2023-06-25T13:11:01</time>
      </trkpt>
      <trkpt lat="47.46981427073479" lon="9.655562695115805">
        <ele>446.0</ele>
        <time>2023-06-25T13:11:07</time>
      </trkpt>
      <trkpt lat="47.46962810866535" lon="9.65520923025906">
        <ele>446.0</ele>
        <time>2023-06-25T13:11:12</time>
      </trkpt>
      <trkpt lat="47.46959743089974" lon="9.655135218054056">
        <ele>446.0</ele>
        <time>2023-06-25T13:11:13</time>
      </trkpt>
      <trkpt lat="47.46949341148138" lon="9.654931873083115">
        <ele>446.0</ele>
        <time>2023-06-25T13:11:17</time>
      </trkpt>
      <trkpt lat="47.46937941759825" lon="9.654792146757245">
        <ele>446.0</ele>
        <time>2023-06-25T13:11:21</time>
      </trkpt>
      <trkpt lat="47.46913315728307" lon="9.654457541182637">
        <ele>446.0</ele>
        <time>2023-06-25T13:11:27</time>
      </trkpt>
      <trkpt lat="47.468850184232" lon="9.65408731251955">
        <ele>446.0</ele>
        <time>2023-06-25T13:11:33</time>
      </trkpt>
      <trkpt lat="47.46875354088843" lon="9.653962505981326">
        <ele>446.0</ele>
        <time>2023-06-25T13:11:35</time>
      </trkpt>
      <trkpt lat="47.46836604550481" lon="9.653462022542953">
        <ele>446.0</ele>
        <time>2023-06-25T13:11:43</time>
      </trkpt>
      <trkpt lat="47.46797217987478" lon="9.652951816096902">
        <ele>446.0</ele>
        <time>2023-06-25T13:11:51</time>
      </trkpt>
      <trkpt lat="47.46760429814458" lon="9.652429204434156">
        <ele>446.0</ele>
        <time>2023-06-25T13:11:59</time>
      </trkpt>
      <trkpt lat="47.46722459793091" lon="9.651816571131349">
        <ele>446.0</ele>
        <time>2023-06-25T13:12:08</time>
      </trkpt>
      <trkpt lat="47.4671836104244" lon="9.651749599725008">
        <ele>447.0</ele>
        <time>2023-06-25T13:12:09</time>
      </trkpt>
      <trkpt lat="47.46680399402976" lon="9.65112280100584">
        <ele>447.0</ele>
        <time>2023-06-25T13:12:19</time>
      </trkpt>
      <trkpt lat="47.466823775321245" lon="9.650987517088652">
        <ele>447.0</ele>
        <time>2023-06-25T13:12:21</time>
      </trkpt>
      <trkpt lat="47.466855039820075" lon="9.650925658643246">
        <ele>447.0</ele>
        <time>2023-06-25T13:12:22</time>
      </trkpt>
      <trkpt lat="47.467055367305875" lon="9.650537576526403">
        <ele>447.0</ele>
        <time>2023-06-25T13:12:28</time>
      </trkpt>
      <trkpt lat="47.46730573475361" lon="9.64995352551341">
        <ele>447.0</ele>
        <time>2023-06-25T13:12:36</time>
      </trkpt>
      <trkpt lat="47.46748259291053" lon="9.649375006556511">
        <ele>447.0</ele>
        <time>2023-06-25T13:12:43</time>
      </trkpt>
      <trkpt lat="47.46772047132254" lon="9.648646702989936">
        <ele>447.0</ele>
        <time>2023-06-25T13:12:52</time>
      </trkpt>
      <trkpt lat="47.46779481880367" lon="9.648329867050052">
        <ele>447.0</ele>
        <time>2023-06-25T13:12:56</time>
      </trkpt>
      <trkpt lat="47.46780387125909" lon="9.648169102147222">
        <ele>447.0</ele>
        <time>2023-06-25T13:12:58</time>
      </trkpt>
      <trkpt lat="47.46781057678163" lon="9.647577339783311">
        <ele>447.0</ele>
        <time>2023-06-25T13:13:05</time>
      </trkpt>
      <trkpt lat="47.467832788825035" lon="9.646871667355299">
        <ele>448.0</ele>
        <time>2023-06-25T13:13:13</time>
      </trkpt>
      <trkpt lat="47.4678139295429" lon="9.646433964371681">
        <ele>448.0</ele>
        <time>2023-06-25T13:13:18</time>
      </trkpt>
      <trkpt lat="47.46780646964908" lon="9.646356767043471">
        <ele>448.0</ele>
        <time>2023-06-25T13:13:19</time>
      </trkpt>
      <trkpt lat="47.46777545660734" lon="9.64609139598906">
        <ele>449.0</ele>
        <time>2023-06-25T13:13:22</time>
      </trkpt>
      <trkpt lat="47.4677758757025" lon="9.645918142050505">
        <ele>449.0</ele>
        <time>2023-06-25T13:13:24</time>
      </trkpt>
      <trkpt lat="47.46780068613589" lon="9.645516565069556">
        <ele>449.0</ele>
        <time>2023-06-25T13:13:29</time>
      </trkpt>
      <trkpt lat="47.46781971305609" lon="9.64535353705287">
        <ele>449.0</ele>
        <time>2023-06-25T13:13:31</time>
      </trkpt>
      <trkpt lat="47.4678604491055" lon="9.64469589293003">
        <ele>450.0</ele>
        <time>2023-06-25T13:13:39</time>
      </trkpt>
      <trkpt lat="47.46788039803505" lon="9.644433874636889">
        <ele>450.0</ele>
        <time>2023-06-25T13:13:42</time>
      </trkpt>
      <trkpt lat="47.4678950663656" lon="9.644108153879642">
        <ele>451.0</ele>
        <time>2023-06-25T13:13:46</time>
      </trkpt>
      <trkpt lat="47.46791610494256" lon="9.64369811117649">
        <ele>451.0</ele>
        <time>2023-06-25T13:13:51</time>
      </trkpt>
      <trkpt lat="47.46794753707945" lon="9.643542878329754">
        <ele>451.0</ele>
        <time>2023-06-25T13:13:53</time>
      </trkpt>
      <trkpt lat="47.46799196116626" lon="9.64339661411941">
        <ele>451.0</ele>
        <time>2023-06-25T13:13:55</time>
      </trkpt>
      <trkpt lat="47.46809832751751" lon="9.643120178952813">
        <ele>452.0</ele>
        <time>2023-06-25T13:13:59</time>
      </trkpt>
      <trkpt lat="47.468242328614" lon="9.642608379945159">
        <ele>452.0</ele>
        <time>2023-06-25T13:14:06</time>
      </trkpt>
      <trkpt lat="47.46824040077627" lon="9.642420541495085">
        <ele>452.0</ele>
        <time>2023-06-25T13:14:08</time>
      </trkpt>
      <trkpt lat="47.468229085206985" lon="9.642328843474388">
        <ele>452.0</ele>
        <time>2023-06-25T13:14:09</time>
      </trkpt>
      <trkpt lat="47.46821265667677" lon="9.642244940623641">
        <ele>453.0</ele>
        <time>2023-06-25T13:14:10</time>
      </trkpt>
      <trkpt lat="47.46806371025741" lon="9.641668433323503">
        <ele>453.0</ele>
        <time>2023-06-25T13:14:17</time>
      </trkpt>
      <trkpt lat="47.4680005107075" lon="9.641415132209659">
        <ele>453.0</ele>
        <time>2023-06-25T13:14:20</time>
      </trkpt>
      <trkpt lat="47.46790973469615" lon="9.641003832221031">
        <ele>454.0</ele>
        <time>2023-06-25T13:14:25</time>
      </trkpt>
      <trkpt lat="47.46785223484039" lon="9.640694372355938">
        <ele>454.0</ele>
        <time>2023-06-25T13:14:29</time>
      </trkpt>
      <trkpt lat="47.46782164089382" lon="9.640477867797017">
        <ele>455.0</ele>
        <time>2023-06-25T13:14:32</time>
      </trkpt>
      <trkpt lat="47.467788280919194" lon="9.639889877289534">
        <ele>455.0</ele>
        <time>2023-06-25T13:14:39</time>
      </trkpt>
      <trkpt lat="47.46778232976794" lon="9.639802034944296">
        <ele>456.0</ele>
        <time>2023-06-25T13:14:40</time>
      </trkpt>
      <trkpt lat="47.4677259195596" lon="9.639197951182723">
        <ele>456.0</ele>
        <time>2023-06-25T13:14:47</time>
      </trkpt>
      <trkpt lat="47.467672526836395" lon="9.638617672026157">
        <ele>457.0</ele>
        <time>2023-06-25T13:14:54</time>
      </trkpt>
      <trkpt lat="47.46760136447847" lon="9.637983832508326">
        <ele>457.0</ele>
        <time>2023-06-25T13:15:02</time>
      </trkpt>
      <trkpt lat="47.467532716691494" lon="9.637226527556777">
        <ele>458.0</ele>
        <time>2023-06-25T13:15:10</time>
      </trkpt>
      <trkpt lat="47.46754227206111" lon="9.63713969103992">
        <ele>458.0</ele>
        <time>2023-06-25T13:15:12</time>
      </trkpt>
      <trkpt lat="47.46754319407046" lon="9.637049837037921">
        <ele>458.0</ele>
        <time>2023-06-25T13:15:13</time>
      </trkpt>
      <trkpt lat="47.46753447689116" lon="9.636791925877333">
        <ele>458.0</ele>
        <time>2023-06-25T13:15:16</time>
      </trkpt>
      <trkpt lat="47.4675409309566" lon="9.636703915894032">
        <ele>458.0</ele>
        <time>2023-06-25T13:15:17</time>
      </trkpt>
      <trkpt lat="47.467584600672126" lon="9.636548599228263">
        <ele>458.0</ele>
        <time>2023-06-25T13:15:19</time>
      </trkpt>
      <trkpt lat="47.467614356428385" lon="9.63648003526032">
        <ele>458.0</ele>
        <time>2023-06-25T13:15:20</time>
      </trkpt>
      <trkpt lat="47.467626594007015" lon="9.636408537626266">
        <ele>458.0</ele>
        <time>2023-06-25T13:15:21</time>
      </trkpt>
      <trkpt lat="47.46759734116495" lon="9.63626503944397">
        <ele>458.0</ele>
        <time>2023-06-25T13:15:23</time>
      </trkpt>
      <trkpt lat="47.46742266230285" lon="9.635789198800921">
        <ele>458.0</ele>
        <time>2023-06-25T13:15:29</time>
      </trkpt>
      <trkpt lat="47.46727698482573" lon="9.635311933234334">
        <ele>458.0</ele>
        <time>2023-06-25T13:15:35</time>
      </trkpt>
      <trkpt lat="47.467089146375656" lon="9.634761745110154">
        <ele>458.0</ele>
        <time>2023-06-25T13:15:42</time>
      </trkpt>
      <trkpt lat="47.46691153384745" lon="9.634218346327543">
        <ele>458.0</ele>
        <time>2023-06-25T13:15:49</time>
      </trkpt>
      <trkpt lat="47.46673408895731" lon="9.633654663339257">
        <ele>458.0</ele>
        <time>2023-06-25T13:15:56</time>
      </trkpt>
      <trkpt lat="47.466584807261825" lon="9.633194748312235">
        <ele>457.0</ele>
        <time>2023-06-25T13:16:02</time>
      </trkpt>
      <trkpt lat="47.46658120304346" lon="9.633129788562655">
        <ele>457.0</ele>
        <time>2023-06-25T13:16:03</time>
      </trkpt>
      <trkpt lat="47.46660601347685" lon="9.633075976744294">
        <ele>457.0</ele>
        <time>2023-06-25T13:16:04</time>
      </trkpt>
      <trkpt lat="47.466677678748965" lon="9.632999449968338">
        <ele>457.0</ele>
        <time>2023-06-25T13:16:06</time>
      </trkpt>
      <trkpt lat="47.466929806396365" lon="9.632807420566678">
        <ele>457.0</ele>
        <time>2023-06-25T13:16:11</time>
      </trkpt>
      <trkpt lat="47.46710691601038" lon="9.632652942091227">
        <ele>457.0</ele>
        <time>2023-06-25T13:16:14</time>
      </trkpt>
      <trkpt lat="47.46719324961305" lon="9.632509360089898">
        <ele>457.0</ele>
        <time>2023-06-25T13:16:16</time>
      </trkpt>
      <trkpt lat="47.46725502423942" lon="9.632331663742661">
        <ele>457.0</ele>
        <time>2023-06-25T13:16:18</time>
      </trkpt>
      <trkpt lat="47.46734093874693" lon="9.632054725661874">
        <ele>456.0</ele>
        <time>2023-06-25T13:16:21</time>
      </trkpt>
      <trkpt lat="47.46744655072689" lon="9.631806118413806">
        <ele>456.0</ele>
        <time>2023-06-25T13:16:24</time>
      </trkpt>
      <trkpt lat="47.46753397397697" lon="9.631666392087936">
        <ele>456.0</ele>
        <time>2023-06-25T13:16:26</time>
      </trkpt>
      <trkpt lat="47.467796662822366" lon="9.631390795111656">
        <ele>456.0</ele>
        <time>2023-06-25T13:16:31</time>
      </trkpt>
      <trkpt lat="47.46785592287779" lon="9.631352154538035">
        <ele>456.0</ele>
        <time>2023-06-25T13:16:32</time>
      </trkpt>
      <trkpt lat="47.46792063117027" lon="9.631328098475933">
        <ele>456.0</ele>
        <time>2023-06-25T13:16:33</time>
      </trkpt>
      <trkpt lat="47.46798659674823" lon="9.63131376542151">
        <ele>455.0</ele>
        <time>2023-06-25T13:16:34</time>
      </trkpt>
      <trkpt lat="47.46805155649781" lon="9.631304712966084">
        <ele>455.0</ele>
        <time>2023-06-25T13:16:35</time>
      </trkpt>
      <trkpt lat="47.468290608376265" lon="9.6312141045928">
        <ele>455.0</ele>
        <time>2023-06-25T13:16:39</time>
      </trkpt>
      <trkpt lat="47.46834559366107" lon="9.63117454200983">
        <ele>455.0</ele>
        <time>2023-06-25T13:16:40</time>
      </trkpt>
      <trkpt lat="47.46856268495321" lon="9.63098494336009">
        <ele>455.0</ele>
        <time>2023-06-25T13:16:44</time>
      </trkpt>
      <trkpt lat="47.468670308589935" lon="9.630894921720028">
        <ele>454.0</ele>
        <time>2023-06-25T13:16:46</time>
      </trkpt>
      <trkpt lat="47.46872470714152" lon="9.630857203155756">
        <ele>454.0</ele>
        <time>2023-06-25T13:16:47</time>
      </trkpt>
      <trkpt lat="47.469043554738164" lon="9.630627455189824">
        <ele>454.0</ele>
        <time>2023-06-25T13:16:53</time>
      </trkpt>
      <trkpt lat="47.4693732149899" lon="9.630353450775146">
        <ele>453.0</ele>
        <time>2023-06-25T13:16:59</time>
      </trkpt>
      <trkpt lat="47.469423338770866" lon="9.630295196548104">
        <ele>453.0</ele>
        <time>2023-06-25T13:17:00</time>
      </trkpt>
      <trkpt lat="47.46976934373379" lon="9.629902252927423">
        <ele>453.0</ele>
        <time>2023-06-25T13:17:07</time>
      </trkpt>
      <trkpt lat="47.47014929540455" lon="9.629662111401558">
        <ele>453.0</ele>
        <time>2023-06-25T13:17:14</time>
      </trkpt>
      <trkpt lat="47.470322297886014" lon="9.629552811384201">
        <ele>453.0</ele>
        <time>2023-06-25T13:17:17</time>
      </trkpt>
      <trkpt lat="47.47039262205362" lon="9.62942716665566">
        <ele>453.0</ele>
        <time>2023-06-25T13:17:19</time>
      </trkpt>
      <trkpt lat="47.47037552297115" lon="9.629245949909091">
        <ele>453.0</ele>
        <time>2023-06-25T13:17:21</time>
      </trkpt>
      <trkpt lat="47.47034199535847" lon="9.629147797822952">
        <ele>453.0</ele>
        <time>2023-06-25T13:17:22</time>
      </trkpt>
      <trkpt lat="47.47030167840421" lon="9.629064733162522">
        <ele>453.0</ele>
        <time>2023-06-25T13:17:23</time>
      </trkpt>
      <trkpt lat="47.4702107347548" lon="9.628926767036319">
        <ele>452.0</ele>
        <time>2023-06-25T13:17:25</time>
      </trkpt>
      <trkpt lat="47.47016346082091" lon="9.628877900540829">
        <ele>452.0</ele>
        <time>2023-06-25T13:17:26</time>
      </trkpt>
      <trkpt lat="47.469827346503735" lon="9.62859752587974">
        <ele>452.0</ele>
        <time>2023-06-25T13:17:32</time>
      </trkpt>
      <trkpt lat="47.469449155032635" lon="9.628316732123494">
        <ele>452.0</ele>
        <time>2023-06-25T13:17:38</time>
      </trkpt>
      <trkpt lat="47.469396935775876" lon="9.62825495749712">
        <ele>452.0</ele>
        <time>2023-06-25T13:17:39</time>
      </trkpt>
      <trkpt lat="47.46929744258523" lon="9.628124451264739">
        <ele>452.0</ele>
        <time>2023-06-25T13:17:41</time>
      </trkpt>
      <trkpt lat="47.469263495877385" lon="9.628041051328182">
        <ele>452.0</ele>
        <time>2023-06-25T13:17:42</time>
      </trkpt>
      <trkpt lat="47.46923784725368" lon="9.627951867878437">
        <ele>452.0</ele>
        <time>2023-06-25T13:17:43</time>
      </trkpt>
      <trkpt lat="47.46921882033348" lon="9.627769561484456">
        <ele>452.0</ele>
        <time>2023-06-25T13:17:45</time>
      </trkpt>
      <trkpt lat="47.46925435960293" lon="9.627409391105175">
        <ele>451.0</ele>
        <time>2023-06-25T13:17:49</time>
      </trkpt>
      <trkpt lat="47.469270285218954" lon="9.627346023917198">
        <ele>451.0</ele>
        <time>2023-06-25T13:17:50</time>
      </trkpt>
      <trkpt lat="47.469278583303094" lon="9.62728751823306">
        <ele>451.0</ele>
        <time>2023-06-25T13:17:51</time>
      </trkpt>
      <trkpt lat="47.469281014055014" lon="9.627160700038075">
        <ele>451.0</ele>
        <time>2023-06-25T13:17:53</time>
      </trkpt>
      <trkpt lat="47.46927531436086" lon="9.627094734460115">
        <ele>451.0</ele>
        <time>2023-06-25T13:17:54</time>
      </trkpt>
      <trkpt lat="47.46926416642964" lon="9.627029607072473">
        <ele>451.0</ele>
        <time>2023-06-25T13:17:55</time>
      </trkpt>
      <trkpt lat="47.469215048477054" lon="9.626706065610051">
        <ele>451.0</ele>
        <time>2023-06-25T13:17:59</time>
      </trkpt>
      <trkpt lat="47.46908915229142" lon="9.626199966296554">
        <ele>451.0</ele>
        <time>2023-06-25T13:18:05</time>
      </trkpt>
      <trkpt lat="47.468925788998604" lon="9.625954376533628">
        <ele>450.0</ele>
        <time>2023-06-25T13:18:09</time>
      </trkpt>
      <trkpt lat="47.46888421475887" lon="9.62589486502111">
        <ele>450.0</ele>
        <time>2023-06-25T13:18:10</time>
      </trkpt>
      <trkpt lat="47.46878522448242" lon="9.625730412080884">
        <ele>450.0</ele>
        <time>2023-06-25T13:18:13</time>
      </trkpt>
      <trkpt lat="47.468779273331165" lon="9.625674756243825">
        <ele>450.0</ele>
        <time>2023-06-25T13:18:14</time>
      </trkpt>
      <trkpt lat="47.46879905462265" lon="9.625622369349003">
        <ele>450.0</ele>
        <time>2023-06-25T13:18:15</time>
      </trkpt>
      <trkpt lat="47.468880945816636" lon="9.625545591115952">
        <ele>450.0</ele>
        <time>2023-06-25T13:18:17</time>
      </trkpt>
      <trkpt lat="47.46898806653917" lon="9.625481804832816">
        <ele>450.0</ele>
        <time>2023-06-25T13:18:19</time>
      </trkpt>
      <trkpt lat="47.46911404654384" lon="9.625438889488578">
        <ele>450.0</ele>
        <time>2023-06-25T13:18:21</time>
      </trkpt>
      <trkpt lat="47.4694939982146" lon="9.62534467689693">
        <ele>449.0</ele>
        <time>2023-06-25T13:18:27</time>
      </trkpt>
      <trkpt lat="47.46984042227268" lon="9.625176787376404">
        <ele>449.0</ele>
        <time>2023-06-25T13:18:33</time>
      </trkpt>
      <trkpt lat="47.470217775553465" lon="9.624874200671911">
        <ele>449.0</ele>
        <time>2023-06-25T13:18:40</time>
      </trkpt>
      <trkpt lat="47.47055573388934" lon="9.624596424400806">
        <ele>449.0</ele>
        <time>2023-06-25T13:18:46</time>
      </trkpt>
      <trkpt lat="47.47066210024059" lon="9.62451159954071">
        <ele>449.0</ele>
        <time>2023-06-25T13:18:48</time>
      </trkpt>
      <trkpt lat="47.470726976171136" lon="9.624351002275944">
        <ele>449.0</ele>
        <time>2023-06-25T13:18:50</time>
      </trkpt>
      <trkpt lat="47.470731334760785" lon="9.624157128855586">
        <ele>449.0</ele>
        <time>2023-06-25T13:18:52</time>
      </trkpt>
      <trkpt lat="47.47072613798082" lon="9.623963674530387">
        <ele>449.0</ele>
        <time>2023-06-25T13:18:54</time>
      </trkpt>
      <trkpt lat="47.470751786604524" lon="9.623353388160467">
        <ele>449.0</ele>
        <time>2023-06-25T13:19:00</time>
      </trkpt>
      <trkpt lat="47.47081909328699" lon="9.622557107359171">
        <ele>449.0</ele>
        <time>2023-06-25T13:19:08</time>
      </trkpt>
      <trkpt lat="47.47081984765828" lon="9.622459709644318">
        <ele>449.0</ele>
        <time>2023-06-25T13:19:09</time>
      </trkpt>
      <trkpt lat="47.47084381990135" lon="9.621692262589931">
        <ele>449.0</ele>
        <time>2023-06-25T13:19:17</time>
      </trkpt>
      <trkpt lat="47.47089855372906" lon="9.620999498292804">
        <ele>449.0</ele>
        <time>2023-06-25T13:19:24</time>
      </trkpt>
      <trkpt lat="47.47097407467663" lon="9.620187124237418">
        <ele>449.0</ele>
        <time>2023-06-25T13:19:32</time>
      </trkpt>
      <trkpt lat="47.47105504386127" lon="9.61934918537736">
        <ele>449.0</ele>
        <time>2023-06-25T13:19:40</time>
      </trkpt>
      <trkpt lat="47.471111034974456" lon="9.61877259425819">
        <ele>448.0</ele>
        <time>2023-06-25T13:19:46</time>
      </trkpt>
      <trkpt lat="47.47115034610033" lon="9.618409657850862">
        <ele>448.0</ele>
        <time>2023-06-25T13:19:50</time>
      </trkpt>
      <trkpt lat="47.47117767110467" lon="9.618149064481258">
        <ele>448.0</ele>
        <time>2023-06-25T13:19:53</time>
      </trkpt>
      <trkpt lat="47.47126626782119" lon="9.6174406260252">
        <ele>448.0</ele>
        <time>2023-06-25T13:20:01</time>
      </trkpt>
      <trkpt lat="47.47131605632603" lon="9.61683763191104">
        <ele>447.0</ele>
        <time>2023-06-25T13:20:08</time>
      </trkpt>
      <trkpt lat="47.471314296126366" lon="9.616749873384833">
        <ele>447.0</ele>
        <time>2023-06-25T13:20:09</time>
      </trkpt>
      <trkpt lat="47.47130800969899" lon="9.6166617795825">
        <ele>447.0</ele>
        <time>2023-06-25T13:20:10</time>
      </trkpt>
      <trkpt lat="47.47128990478814" lon="9.616500763222575">
        <ele>447.0</ele>
        <time>2023-06-25T13:20:12</time>
      </trkpt>
      <trkpt lat="47.471267357468605" lon="9.616434462368488">
        <ele>447.0</ele>
        <time>2023-06-25T13:20:13</time>
      </trkpt>
      <trkpt lat="47.47123684734106" lon="9.61636707186699">
        <ele>447.0</ele>
        <time>2023-06-25T13:20:14</time>
      </trkpt>
      <trkpt lat="47.47106828726828" lon="9.616017127409577">
        <ele>447.0</ele>
        <time>2023-06-25T13:20:19</time>
      </trkpt>
      <trkpt lat="47.4708254635334" lon="9.6154201682657">
        <ele>446.0</ele>
        <time>2023-06-25T13:20:27</time>
      </trkpt>
      <trkpt lat="47.47079788707197" lon="9.615339618176222">
        <ele>446.0</ele>
        <time>2023-06-25T13:20:28</time>
      </trkpt>
      <trkpt lat="47.47063829563558" lon="9.614890096709132">
        <ele>446.0</ele>
        <time>2023-06-25T13:20:34</time>
      </trkpt>
      <trkpt lat="47.47060510329902" lon="9.61474391631782">
        <ele>446.0</ele>
        <time>2023-06-25T13:20:36</time>
      </trkpt>
      <trkpt lat="47.47040821239352" lon="9.614144442602992">
        <ele>446.0</ele>
        <time>2023-06-25T13:20:44</time>
      </trkpt>
      <trkpt lat="47.470254907384515" lon="9.613682935014367">
        <ele>445.0</ele>
        <time>2023-06-25T13:20:50</time>
      </trkpt>
      <trkpt lat="47.4701536539942" lon="9.613385293632746">
        <ele>445.0</ele>
        <time>2023-06-25T13:20:54</time>
      </trkpt>
      <trkpt lat="47.47010411694646" lon="9.613255457952619">
        <ele>445.0</ele>
        <time>2023-06-25T13:20:56</time>
      </trkpt>
      <trkpt lat="47.47001376003027" lon="9.613075414672494">
        <ele>445.0</ele>
        <time>2023-06-25T13:20:59</time>
      </trkpt>
      <trkpt lat="47.469990542158484" lon="9.612999390810728">
        <ele>445.0</ele>
        <time>2023-06-25T13:21:00</time>
      </trkpt>
      <trkpt lat="47.46992960572243" lon="9.612730415537953">
        <ele>445.0</ele>
        <time>2023-06-25T13:21:03</time>
      </trkpt>
      <trkpt lat="47.46994536370039" lon="9.61251282133162">
        <ele>445.0</ele>
        <time>2023-06-25T13:21:05</time>
      </trkpt>
      <trkpt lat="47.469964725896716" lon="9.61239941418171">
        <ele>444.0</ele>
        <time>2023-06-25T13:21:06</time>
      </trkpt>
      <trkpt lat="47.46999976225197" lon="9.612106047570705">
        <ele>444.0</ele>
        <time>2023-06-25T13:21:09</time>
      </trkpt>
      <trkpt lat="47.4700344633311" lon="9.61205055937171">
        <ele>444.0</ele>
        <time>2023-06-25T13:21:10</time>
      </trkpt>
      <trkpt lat="47.47008408419788" lon="9.612024575471878">
        <ele>444.0</ele>
        <time>2023-06-25T13:21:11</time>
      </trkpt>
      <trkpt lat="47.47014409862459" lon="9.612015942111611">
        <ele>444.0</ele>
        <time>2023-06-25T13:21:12</time>
      </trkpt>
      <trkpt lat="47.470203107222915" lon="9.612005800008774">
        <ele>444.0</ele>
        <time>2023-06-25T13:21:13</time>
      </trkpt>
      <trkpt lat="47.470302348956466" lon="9.611946120858192">
        <ele>444.0</ele>
        <time>2023-06-25T13:21:15</time>
      </trkpt>
      <trkpt lat="47.47035012580454" lon="9.611897338181734">
        <ele>444.0</ele>
        <time>2023-06-25T13:21:16</time>
      </trkpt>
      <trkpt lat="47.470396561548114" lon="9.611833468079567">
        <ele>444.0</ele>
        <time>2023-06-25T13:21:17</time>
      </trkpt>
      <trkpt lat="47.47044140473008" lon="9.611761383712292">
        <ele>444.0</ele>
        <time>2023-06-25T13:21:18</time>
      </trkpt>
      <trkpt lat="47.47051223181188" lon="9.611588045954704">
        <ele>444.0</ele>
        <time>2023-06-25T13:21:20</time>
      </trkpt>
      <trkpt lat="47.47068238444626" lon="9.611042132601142">
        <ele>444.0</ele>
        <time>2023-06-25T13:21:26</time>
      </trkpt>
      <trkpt lat="47.47071255929768" lon="9.610956134274602">
        <ele>444.0</ele>
        <time>2023-06-25T13:21:27</time>
      </trkpt>
      <trkpt lat="47.47079947963357" lon="9.610812552273273">
        <ele>444.0</ele>
        <time>2023-06-25T13:21:29</time>
      </trkpt>
      <trkpt lat="47.470914060249925" lon="9.61073569022119">
        <ele>444.0</ele>
        <time>2023-06-25T13:21:31</time>
      </trkpt>
      <trkpt lat="47.47102813795209" lon="9.610672406852245">
        <ele>444.0</ele>
        <time>2023-06-25T13:21:33</time>
      </trkpt>
      <trkpt lat="47.47108337469399" lon="9.61064524948597">
        <ele>444.0</ele>
        <time>2023-06-25T13:21:34</time>
      </trkpt>
      <trkpt lat="47.471366515383124" lon="9.610538380220532">
        <ele>444.0</ele>
        <time>2023-06-25T13:21:39</time>
      </trkpt>
      <trkpt lat="47.47156910598278" lon="9.610387422144413">
        <ele>444.0</ele>
        <time>2023-06-25T13:21:43</time>
      </trkpt>
      <trkpt lat="47.471638759598136" lon="9.610274098813534">
        <ele>444.0</ele>
        <time>2023-06-25T13:21:45</time>
      </trkpt>
      <trkpt lat="47.4716698564589" lon="9.610117441043258">
        <ele>444.0</ele>
        <time>2023-06-25T13:21:47</time>
      </trkpt>
      <trkpt lat="47.47169173322618" lon="9.609934547916055">
        <ele>444.0</ele>
        <time>2023-06-25T13:21:49</time>
      </trkpt>
      <trkpt lat="47.471712520346045" lon="9.609764479100704">
        <ele>444.0</ele>
        <time>2023-06-25T13:21:51</time>
      </trkpt>
      <trkpt lat="47.471735989674926" lon="9.609474884346128">
        <ele>444.0</ele>
        <time>2023-06-25T13:21:54</time>
      </trkpt>
      <trkpt lat="47.471757447347045" lon="9.609089903533459">
        <ele>444.0</ele>
        <time>2023-06-25T13:21:58</time>
      </trkpt>
      <trkpt lat="47.471732972189784" lon="9.608987560495734">
        <ele>444.0</ele>
        <time>2023-06-25T13:21:59</time>
      </trkpt>
      <trkpt lat="47.47158243320882" lon="9.608515491709113">
        <ele>444.0</ele>
        <time>2023-06-25T13:22:04</time>
      </trkpt>
      <trkpt lat="47.47151596471667" lon="9.607991371303797">
        <ele>444.0</ele>
        <time>2023-06-25T13:22:09</time>
      </trkpt>
      <trkpt lat="47.471472127363086" lon="9.607404638081789">
        <ele>445.0</ele>
        <time>2023-06-25T13:22:14</time>
      </trkpt>
      <trkpt lat="47.47154664248228" lon="9.606947908177972">
        <ele>445.0</ele>
        <time>2023-06-25T13:22:18</time>
      </trkpt>
      <trkpt lat="47.471485286951065" lon="9.606672059744596">
        <ele>445.0</ele>
        <time>2023-06-25T13:22:21</time>
      </trkpt>
      <trkpt lat="47.47130708768964" lon="9.606170067563653">
        <ele>445.0</ele>
        <time>2023-06-25T13:22:26</time>
      </trkpt>
      <trkpt lat="47.47121471911669" lon="9.60607560351491">
        <ele>445.0</ele>
        <time>2023-06-25T13:22:28</time>
      </trkpt>
      <trkpt lat="47.47115965001285" lon="9.606053894385695">
        <ele>445.0</ele>
        <time>2023-06-25T13:22:29</time>
      </trkpt>
      <trkpt lat="47.47110650874674" lon="9.606044506654143">
        <ele>445.0</ele>
        <time>2023-06-25T13:22:30</time>
      </trkpt>
      <trkpt lat="47.470940966159105" lon="9.606045763939619">
        <ele>445.0</ele>
        <time>2023-06-25T13:22:33</time>
      </trkpt>
      <trkpt lat="47.47059898450971" lon="9.606026904657483">
        <ele>445.0</ele>
        <time>2023-06-25T13:22:39</time>
      </trkpt>
      <trkpt lat="47.470549028366804" lon="9.605997148901224">
        <ele>445.0</ele>
        <time>2023-06-25T13:22:40</time>
      </trkpt>
      <trkpt lat="47.470462610945106" lon="9.605905283242464">
        <ele>445.0</ele>
        <time>2023-06-25T13:22:42</time>
      </trkpt>
      <trkpt lat="47.4704266525805" lon="9.605855494737625">
        <ele>445.0</ele>
        <time>2023-06-25T13:22:43</time>
      </trkpt>
      <trkpt lat="47.47034786269069" lon="9.605786260217428">
        <ele>445.0</ele>
        <time>2023-06-25T13:22:45</time>
      </trkpt>
      <trkpt lat="47.47024820186198" lon="9.605749966576695">
        <ele>445.0</ele>
        <time>2023-06-25T13:22:47</time>
      </trkpt>
      <trkpt lat="47.47014761902392" lon="9.605735968798399">
        <ele>445.0</ele>
        <time>2023-06-25T13:22:49</time>
      </trkpt>
      <trkpt lat="47.46996791101992" lon="9.605713002383709">
        <ele>445.0</ele>
        <time>2023-06-25T13:22:52</time>
      </trkpt>
      <trkpt lat="47.469911919906735" lon="9.605695148929954">
        <ele>445.0</ele>
        <time>2023-06-25T13:22:53</time>
      </trkpt>
      <trkpt lat="47.46981334872544" lon="9.60560655221343">
        <ele>445.0</ele>
        <time>2023-06-25T13:22:55</time>
      </trkpt>
      <trkpt lat="47.469760878011584" lon="9.605545867234468">
        <ele>445.0</ele>
        <time>2023-06-25T13:22:56</time>
      </trkpt>
      <trkpt lat="47.469642106443644" lon="9.605434723198414">
        <ele>445.0</ele>
        <time>2023-06-25T13:22:58</time>
      </trkpt>
      <trkpt lat="47.469513108953834" lon="9.60533732548356">
        <ele>445.0</ele>
        <time>2023-06-25T13:23:00</time>
      </trkpt>
      <trkpt lat="47.46913910843432" lon="9.604945722967386">
        <ele>445.0</ele>
        <time>2023-06-25T13:23:06</time>
      </trkpt>
      <trkpt lat="47.46881045401096" lon="9.604397378861904">
        <ele>445.0</ele>
        <time>2023-06-25T13:23:12</time>
      </trkpt>
      <trkpt lat="47.46842346154153" lon="9.603759096935391">
        <ele>445.0</ele>
        <time>2023-06-25T13:23:19</time>
      </trkpt>
      <trkpt lat="47.46836462058127" lon="9.603682234883308">
        <ele>445.0</ele>
        <time>2023-06-25T13:23:20</time>
      </trkpt>
      <trkpt lat="47.467973520979285" lon="9.603285351768136">
        <ele>445.0</ele>
        <time>2023-06-25T13:23:26</time>
      </trkpt>
      <trkpt lat="47.46752584353089" lon="9.602926690131426">
        <ele>445.0</ele>
        <time>2023-06-25T13:23:33</time>
      </trkpt>
      <trkpt lat="47.467034412547946" lon="9.602480102330446">
        <ele>445.0</ele>
        <time>2023-06-25T13:23:41</time>
      </trkpt>
      <trkpt lat="47.466976745054126" lon="9.60241824388504">
        <ele>445.0</ele>
        <time>2023-06-25T13:23:42</time>
      </trkpt>
      <trkpt lat="47.46681614778936" lon="9.602213306352496">
        <ele>445.0</ele>
        <time>2023-06-25T13:23:45</time>
      </trkpt>
      <trkpt lat="47.46667927131057" lon="9.601975847035646">
        <ele>445.0</ele>
        <time>2023-06-25T13:23:48</time>
      </trkpt>
      <trkpt lat="47.46663819998503" lon="9.601893872022629">
        <ele>445.0</ele>
        <time>2023-06-25T13:23:49</time>
      </trkpt>
      <trkpt lat="47.466512555256486" lon="9.601495647802949">
        <ele>445.0</ele>
        <time>2023-06-25T13:23:53</time>
      </trkpt>
      <trkpt lat="47.466374756768346" lon="9.601006647571921">
        <ele>445.0</ele>
        <time>2023-06-25T13:23:58</time>
      </trkpt>
      <trkpt lat="47.466286243870854" lon="9.600712023675442">
        <ele>445.0</ele>
        <time>2023-06-25T13:24:01</time>
      </trkpt>
      <trkpt lat="47.466119611635804" lon="9.599999813362956">
        <ele>445.0</ele>
        <time>2023-06-25T13:24:08</time>
      </trkpt>
      <trkpt lat="47.46596756391227" lon="9.599213087931275">
        <ele>446.0</ele>
        <time>2023-06-25T13:24:16</time>
      </trkpt>
      <trkpt lat="47.46580579318106" lon="9.598631132394075">
        <ele>446.0</ele>
        <time>2023-06-25T13:24:23</time>
      </trkpt>
      <trkpt lat="47.46561703272164" lon="9.59812662564218">
        <ele>446.0</ele>
        <time>2023-06-25T13:24:29</time>
      </trkpt>
      <trkpt lat="47.46531813405454" lon="9.59753930568695">
        <ele>446.0</ele>
        <time>2023-06-25T13:24:36</time>
      </trkpt>
      <trkpt lat="47.46510213240981" lon="9.59713177755475">
        <ele>446.0</ele>
        <time>2023-06-25T13:24:41</time>
      </trkpt>
      <trkpt lat="47.46480700559914" lon="9.596598604694009">
        <ele>446.0</ele>
        <time>2023-06-25T13:24:48</time>
      </trkpt>
      <trkpt lat="47.464525792747736" lon="9.596065683290362">
        <ele>447.0</ele>
        <time>2023-06-25T13:24:56</time>
      </trkpt>
      <trkpt lat="47.46437885798514" lon="9.595676930621266">
        <ele>447.0</ele>
        <time>2023-06-25T13:25:02</time>
      </trkpt>
      <trkpt lat="47.464304845780134" lon="9.595523290336132">
        <ele>447.0</ele>
        <time>2023-06-25T13:25:05</time>
      </trkpt>
      <trkpt lat="47.464237874373794" lon="9.595388006418943">
        <ele>447.0</ele>
        <time>2023-06-25T13:25:08</time>
      </trkpt>
      <trkpt lat="47.46410585939884" lon="9.595125652849674">
        <ele>447.0</ele>
        <time>2023-06-25T13:25:14</time>
      </trkpt>
      <trkpt lat="47.46390460990369" lon="9.59471108391881">
        <ele>446.0</ele>
        <time>2023-06-25T13:25:22</time>
      </trkpt>
      <trkpt lat="47.46370981447399" lon="9.59425175562501">
        <ele>446.0</ele>
        <time>2023-06-25T13:25:30</time>
      </trkpt>
      <trkpt lat="47.46355541981757" lon="9.593902816995978">
        <ele>446.0</ele>
        <time>2023-06-25T13:25:37</time>
      </trkpt>
      <trkpt lat="47.46340035460889" lon="9.593556057661772">
        <ele>446.0</ele>
        <time>2023-06-25T13:25:43</time>
      </trkpt>
      <trkpt lat="47.46335827745497" lon="9.593502664938569">
        <ele>446.0</ele>
        <time>2023-06-25T13:25:44</time>
      </trkpt>
      <trkpt lat="47.46330983005464" lon="9.59346016868949">
        <ele>446.0</ele>
        <time>2023-06-25T13:25:45</time>
      </trkpt>
      <trkpt lat="47.463248474523425" lon="9.593436112627387">
        <ele>446.0</ele>
        <time>2023-06-25T13:25:46</time>
      </trkpt>
      <trkpt lat="47.463181084021926" lon="9.59342890419066">
        <ele>446.0</ele>
        <time>2023-06-25T13:25:47</time>
      </trkpt>
      <trkpt lat="47.46303825639188" lon="9.593477183952928">
        <ele>446.0</ele>
        <time>2023-06-25T13:25:49</time>
      </trkpt>
      <trkpt lat="47.462973883375525" lon="9.593525296077132">
        <ele>446.0</ele>
        <time>2023-06-25T13:25:50</time>
      </trkpt>
      <trkpt lat="47.46291873045266" lon="9.593581622466445">
        <ele>446.0</ele>
        <time>2023-06-25T13:25:51</time>
      </trkpt>
      <trkpt lat="47.46285351924598" lon="9.593705423176289">
        <ele>446.0</ele>
        <time>2023-06-25T13:25:53</time>
      </trkpt>
      <trkpt lat="47.46282996609807" lon="9.593930393457413">
        <ele>446.0</ele>
        <time>2023-06-25T13:25:57</time>
      </trkpt>
      <trkpt lat="47.46285578235984" lon="9.594019493088126">
        <ele>446.0</ele>
        <time>2023-06-25T13:25:59</time>
      </trkpt>
      <trkpt lat="47.46291856281459" lon="9.594062576070428">
        <ele>446.0</ele>
        <time>2023-06-25T13:26:00</time>
      </trkpt>
      <trkpt lat="47.46299701742828" lon="9.59406366571784">
        <ele>446.0</ele>
        <time>2023-06-25T13:26:01</time>
      </trkpt>
      <trkpt lat="47.463057870045304" lon="9.594044303521514">
        <ele>446.0</ele>
        <time>2023-06-25T13:26:02</time>
      </trkpt>
      <trkpt lat="47.46311536990106" lon="9.594005746766925">
        <ele>446.0</ele>
        <time>2023-06-25T13:26:03</time>
      </trkpt>
      <trkpt lat="47.46334679424763" lon="9.593812292441726">
        <ele>446.0</ele>
        <time>2023-06-25T13:26:07</time>
      </trkpt>
      <trkpt lat="47.463530860841274" lon="9.593643648549914">
        <ele>446.0</ele>
        <time>2023-06-25T13:26:10</time>
      </trkpt>
      <trkpt lat="47.46358777396381" lon="9.593582795932889">
        <ele>446.0</ele>
        <time>2023-06-25T13:26:11</time>
      </trkpt>
      <trkpt lat="47.46364896185696" lon="9.59353107959032">
        <ele>446.0</ele>
        <time>2023-06-25T13:26:12</time>
      </trkpt>
      <trkpt lat="47.46377309784293" lon="9.593428736552596">
        <ele>446.0</ele>
        <time>2023-06-25T13:26:14</time>
      </trkpt>
      <trkpt lat="47.46389077976346" lon="9.59333997219801">
        <ele>446.0</ele>
        <time>2023-06-25T13:26:16</time>
      </trkpt>
      <trkpt lat="47.46394811198115" lon="9.59329110570252">
        <ele>446.0</ele>
        <time>2023-06-25T13:26:17</time>
      </trkpt>
      <trkpt lat="47.46400234289467" lon="9.593242323026061">
        <ele>446.0</ele>
        <time>2023-06-25T13:26:18</time>
      </trkpt>
      <trkpt lat="47.46405648998916" lon="9.593195552006364">
        <ele>446.0</ele>
        <time>2023-06-25T13:26:19</time>
      </trkpt>
      <trkpt lat="47.46440442278981" lon="9.592908890917897">
        <ele>446.0</ele>
        <time>2023-06-25T13:26:26</time>
      </trkpt>
      <trkpt lat="47.464761743322015" lon="9.592470852658153">
        <ele>446.0</ele>
        <time>2023-06-25T13:26:33</time>
      </trkpt>
      <trkpt lat="47.46481069363654" lon="9.59240572527051">
        <ele>446.0</ele>
        <time>2023-06-25T13:26:34</time>
      </trkpt>
      <trkpt lat="47.46485184878111" lon="9.59223322570324">
        <ele>446.0</ele>
        <time>2023-06-25T13:26:36</time>
      </trkpt>
      <trkpt lat="47.464834498241544" lon="9.592038933187723">
        <ele>446.0</ele>
        <time>2023-06-25T13:26:38</time>
      </trkpt>
      <trkpt lat="47.46479954570532" lon="9.59196106530726">
        <ele>446.0</ele>
        <time>2023-06-25T13:26:39</time>
      </trkpt>
      <trkpt lat="47.46473961509764" lon="9.591907002031803">
        <ele>446.0</ele>
        <time>2023-06-25T13:26:40</time>
      </trkpt>
      <trkpt lat="47.46466853655875" lon="9.591748667880893">
        <ele>446.0</ele>
        <time>2023-06-25T13:26:42</time>
      </trkpt>
      <trkpt lat="47.464668452739716" lon="9.591660238802433">
        <ele>446.0</ele>
        <time>2023-06-25T13:26:43</time>
      </trkpt>
      <trkpt lat="47.46468203142285" lon="9.59157700650394">
        <ele>446.0</ele>
        <time>2023-06-25T13:26:44</time>
      </trkpt>
      <trkpt lat="47.46473609469831" lon="9.591439375653863">
        <ele>446.0</ele>
        <time>2023-06-25T13:26:46</time>
      </trkpt>
      <trkpt lat="47.46487540192902" lon="9.591015418991446">
        <ele>447.0</ele>
        <time>2023-06-25T13:26:52</time>
      </trkpt>
      <trkpt lat="47.46491722762585" lon="9.590895306318998">
        <ele>447.0</ele>
        <time>2023-06-25T13:26:54</time>
      </trkpt>
      <trkpt lat="47.46498134918511" lon="9.590787347406149">
        <ele>447.0</ele>
        <time>2023-06-25T13:26:56</time>
      </trkpt>
      <trkpt lat="47.465012781322" lon="9.590732781216502">
        <ele>447.0</ele>
        <time>2023-06-25T13:26:57</time>
      </trkpt>
      <trkpt lat="47.46515493839979" lon="9.59059875458479">
        <ele>446.0</ele>
        <time>2023-06-25T13:27:01</time>
      </trkpt>
      <trkpt lat="47.46523205190897" lon="9.590526837855577">
        <ele>446.0</ele>
        <time>2023-06-25T13:27:05</time>
      </trkpt>
      <trkpt lat="47.46525451540947" lon="9.590515438467264">
        <ele>446.0</ele>
        <time>2023-06-25T13:27:08</time>
      </trkpt>
      <trkpt lat="47.46528443880379" lon="9.590507810935378">
        <ele>446.0</ele>
        <time>2023-06-25T13:27:10</time>
      </trkpt>
      <trkpt lat="47.46539675630629" lon="9.590498674660921">
        <ele>446.0</ele>
        <time>2023-06-25T13:27:15</time>
      </trkpt>
      <trkpt lat="47.46555542573333" lon="9.590576626360416">
        <ele>446.0</ele>
        <time>2023-06-25T13:27:20</time>
      </trkpt>
      <trkpt lat="47.465739492326975" lon="9.59070336073637">
        <ele>445.0</ele>
        <time>2023-06-25T13:27:26</time>
      </trkpt>
      <trkpt lat="47.46576773934066" lon="9.590691542252898">
        <ele>445.0</ele>
        <time>2023-06-25T13:27:27</time>
      </trkpt>
      <trkpt lat="47.46586044318974" lon="9.59061250090599">
        <ele>445.0</ele>
        <time>2023-06-25T13:27:30</time>
      </trkpt>
      <trkpt lat="47.46595582924783" lon="9.5905274245888">
        <ele>444.0</ele>
        <time>2023-06-25T13:27:35</time>
      </trkpt>
      <trkpt lat="47.465968653559685" lon="9.590516947209835">
        <ele>444.0</ele>
        <time>2023-06-25T13:27:36</time>
      </trkpt>
      <trkpt lat="47.46600419282913" lon="9.590469086542726">
        <ele>444.0</ele>
        <time>2023-06-25T13:27:40</time>
      </trkpt>
      <trkpt lat="47.46600955724716" lon="9.590461794286966">
        <ele>444.0</ele>
        <time>2023-06-25T13:27:41</time>
      </trkpt>
      <trkpt lat="47.46601793915033" lon="9.590458860620856">
        <ele>444.0</ele>
        <time>2023-06-25T13:27:42</time>
      </trkpt>
      <trkpt lat="47.466029673814774" lon="9.590455507859588">
        <ele>444.0</ele>
        <time>2023-06-25T13:27:43</time>
      </trkpt>
      <trkpt lat="47.46608750894666" lon="9.590397672727704">
        <ele>443.0</ele>
        <time>2023-06-25T13:27:47</time>
      </trkpt>
      <trkpt lat="47.46615372598171" lon="9.59034905768931">
        <ele>443.0</ele>
        <time>2023-06-25T13:27:50</time>
      </trkpt>
      <trkpt lat="47.46619848534465" lon="9.590284852311015">
        <ele>443.0</ele>
        <time>2023-06-25T13:27:53</time>
      </trkpt>
      <trkpt lat="47.466213991865516" lon="9.59028703160584">
        <ele>442.0</ele>
        <time>2023-06-25T13:27:56</time>
      </trkpt>
      <trkpt lat="47.46621767990291" lon="9.590317541733384">
        <ele>442.0</ele>
        <time>2023-06-25T13:27:57</time>
      </trkpt>
      <trkpt lat="47.46623419225216" lon="9.590436313301325">
        <ele>442.0</ele>
        <time>2023-06-25T13:28:00</time>
      </trkpt>
      <trkpt lat="47.46626168489456" lon="9.590489286929369">
        <ele>442.0</ele>
        <time>2023-06-25T13:28:02</time>
      </trkpt>
      <trkpt lat="47.4663270637393" lon="9.590617278590798">
        <ele>441.0</ele>
        <time>2023-06-25T13:28:07</time>
      </trkpt>
      <trkpt lat="47.46635153889656" lon="9.590651644393802">
        <ele>441.0</ele>
        <time>2023-06-25T13:28:08</time>
      </trkpt>
      <trkpt lat="47.466363525018096" lon="9.590781144797802">
        <ele>441.0</ele>
        <time>2023-06-25T13:28:10</time>
      </trkpt>
      <trkpt lat="47.46644147671759" lon="9.590887762606144">
        <ele>441.0</ele>
        <time>2023-06-25T13:28:13</time>
      </trkpt>
      <trkpt lat="47.46646427549422" lon="9.59092321805656">
        <ele>440.0</ele>
        <time>2023-06-25T13:28:15</time>
      </trkpt>
      <trkpt lat="47.4664824642241" lon="9.590947944670916">
        <ele>440.0</ele>
        <time>2023-06-25T13:28:17</time>
      </trkpt>
      <trkpt lat="47.466499311849475" lon="9.590962445363402">
        <ele>440.0</ele>
        <time>2023-06-25T13:28:18</time>
      </trkpt>
      <trkpt lat="47.46656795963645" lon="9.590933276340365">
        <ele>440.0</ele>
        <time>2023-06-25T13:28:20</time>
      </trkpt>
      <trkpt lat="47.466632835567" lon="9.590887343510985">
        <ele>440.0</ele>
        <time>2023-06-25T13:28:21</time>
      </trkpt>
      <trkpt lat="47.46681321412325" lon="9.59069699048996">
        <ele>440.0</ele>
        <time>2023-06-25T13:28:25</time>
      </trkpt>
      <trkpt lat="47.46693751774728" lon="9.590563047677279">
        <ele>440.0</ele>
        <time>2023-06-25T13:28:28</time>
      </trkpt>
      <trkpt lat="47.46709040366113" lon="9.590433798730373">
        <ele>440.0</ele>
        <time>2023-06-25T13:28:31</time>
      </trkpt>
      <trkpt lat="47.46724815107882" lon="9.590303041040897">
        <ele>440.0</ele>
        <time>2023-06-25T13:28:34</time>
      </trkpt>
      <trkpt lat="47.467455016449094" lon="9.590128613635898">
        <ele>440.0</ele>
        <time>2023-06-25T13:28:38</time>
      </trkpt>
      <trkpt lat="47.46774511411786" lon="9.589835833758116">
        <ele>440.0</ele>
        <time>2023-06-25T13:28:44</time>
      </trkpt>
      <trkpt lat="47.468086928129196" lon="9.589518746361136">
        <ele>441.0</ele>
        <time>2023-06-25T13:28:50</time>
      </trkpt>
      <trkpt lat="47.46836059726775" lon="9.589321184903383">
        <ele>441.0</ele>
        <time>2023-06-25T13:28:55</time>
      </trkpt>
      <trkpt lat="47.468404937535524" lon="9.589279443025589">
        <ele>441.0</ele>
        <time>2023-06-25T13:28:56</time>
      </trkpt>
      <trkpt lat="47.468443578109145" lon="9.589164610952139">
        <ele>441.0</ele>
        <time>2023-06-25T13:28:58</time>
      </trkpt>
      <trkpt lat="47.468405440449715" lon="9.5890371222049">
        <ele>441.0</ele>
        <time>2023-06-25T13:29:00</time>
      </trkpt>
      <trkpt lat="47.468378534540534" lon="9.588973252102733">
        <ele>441.0</ele>
        <time>2023-06-25T13:29:01</time>
      </trkpt>
      <trkpt lat="47.46834944933653" lon="9.588913405314088">
        <ele>441.0</ele>
        <time>2023-06-25T13:29:02</time>
      </trkpt>
      <trkpt lat="47.46819597668946" lon="9.588597994297743">
        <ele>441.0</ele>
        <time>2023-06-25T13:29:07</time>
      </trkpt>
      <trkpt lat="47.468157252296805" lon="9.588540075346828">
        <ele>441.0</ele>
        <time>2023-06-25T13:29:08</time>
      </trkpt>
      <trkpt lat="47.467983243986964" lon="9.588245954364538">
        <ele>442.0</ele>
        <time>2023-06-25T13:29:13</time>
      </trkpt>
      <trkpt lat="47.46795072220266" lon="9.588201949372888">
        <ele>442.0</ele>
        <time>2023-06-25T13:29:14</time>
      </trkpt>
      <trkpt lat="47.46787310577929" lon="9.588208822533488">
        <ele>442.0</ele>
        <time>2023-06-25T13:29:16</time>
      </trkpt>
      <trkpt lat="47.467776043340564" lon="9.588208235800266">
        <ele>442.0</ele>
        <time>2023-06-25T13:29:19</time>
      </trkpt>
      <trkpt lat="47.46766045689583" lon="9.58823086693883">
        <ele>442.0</ele>
        <time>2023-06-25T13:29:23</time>
      </trkpt>
      <trkpt lat="47.46763271279633" lon="9.588218629360199">
        <ele>442.0</ele>
        <time>2023-06-25T13:29:24</time>
      </trkpt>
      <trkpt lat="47.46760245412588" lon="9.588191136717796">
        <ele>442.0</ele>
        <time>2023-06-25T13:29:25</time>
      </trkpt>
      <trkpt lat="47.467594826593995" lon="9.588077561929822">
        <ele>441.0</ele>
        <time>2023-06-25T13:29:27</time>
      </trkpt>
      <trkpt lat="47.46762307360768" lon="9.58780825138092">
        <ele>441.0</ele>
        <time>2023-06-25T13:29:31</time>
      </trkpt>
      <trkpt lat="47.46770999394357" lon="9.587453696876764">
        <ele>441.0</ele>
        <time>2023-06-25T13:29:36</time>
      </trkpt>
      <trkpt lat="47.46775886043906" lon="9.587285304442048">
        <ele>441.0</ele>
        <time>2023-06-25T13:29:38</time>
      </trkpt>
      <trkpt lat="47.46783019043505" lon="9.587138202041388">
        <ele>441.0</ele>
        <time>2023-06-25T13:29:40</time>
      </trkpt>
      <trkpt lat="47.467926163226366" lon="9.587056394666433">
        <ele>441.0</ele>
        <time>2023-06-25T13:29:42</time>
      </trkpt>
      <trkpt lat="47.46802498586476" lon="9.586986741051078">
        <ele>441.0</ele>
        <time>2023-06-25T13:29:44</time>
      </trkpt>
      <trkpt lat="47.46817351318896" lon="9.586860593408346">
        <ele>441.0</ele>
        <time>2023-06-25T13:29:47</time>
      </trkpt>
      <trkpt lat="47.468291111290455" lon="9.586811056360602">
        <ele>441.0</ele>
        <time>2023-06-25T13:29:49</time>
      </trkpt>
      <trkpt lat="47.46835933998227" lon="9.586788760498166">
        <ele>441.0</ele>
        <time>2023-06-25T13:29:50</time>
      </trkpt>
      <trkpt lat="47.468408374115825" lon="9.586786329746246">
        <ele>442.0</ele>
        <time>2023-06-25T13:29:51</time>
      </trkpt>
      <trkpt lat="47.46847802773118" lon="9.586829412728548">
        <ele>442.0</ele>
        <time>2023-06-25T13:29:53</time>
      </trkpt>
      <trkpt lat="47.468509962782264" lon="9.586840309202671">
        <ele>442.0</ele>
        <time>2023-06-25T13:29:54</time>
      </trkpt>
      <trkpt lat="47.46857081539929" lon="9.586802255362272">
        <ele>442.0</ele>
        <time>2023-06-25T13:29:56</time>
      </trkpt>
      <trkpt lat="47.46864281594753" lon="9.586676862090826">
        <ele>442.0</ele>
        <time>2023-06-25T13:30:00</time>
      </trkpt>
      <trkpt lat="47.468712385743856" lon="9.586635371670127">
        <ele>442.0</ele>
        <time>2023-06-25T13:30:02</time>
      </trkpt>
      <trkpt lat="47.46884557418525" lon="9.586578710004687">
        <ele>442.0</ele>
        <time>2023-06-25T13:30:05</time>
      </trkpt>
      <trkpt lat="47.46918168850243" lon="9.586400846019387">
        <ele>442.0</ele>
        <time>2023-06-25T13:30:11</time>
      </trkpt>
      <trkpt lat="47.469628527760506" lon="9.586147209629416">
        <ele>442.0</ele>
        <time>2023-06-25T13:30:19</time>
      </trkpt>
      <trkpt lat="47.47004217468202" lon="9.585855016484857">
        <ele>443.0</ele>
        <time>2023-06-25T13:30:26</time>
      </trkpt>
      <trkpt lat="47.47043645940721" lon="9.585478836670518">
        <ele>443.0</ele>
        <time>2023-06-25T13:30:33</time>
      </trkpt>
      <trkpt lat="47.470663189888" lon="9.585164682939649">
        <ele>443.0</ele>
        <time>2023-06-25T13:30:38</time>
      </trkpt>
      <trkpt lat="47.470712726935744" lon="9.585096035152674">
        <ele>443.0</ele>
        <time>2023-06-25T13:30:39</time>
      </trkpt>
      <trkpt lat="47.471112878993154" lon="9.584531178697944">
        <ele>443.0</ele>
        <time>2023-06-25T13:30:47</time>
      </trkpt>
      <trkpt lat="47.47139132581651" lon="9.584094984456897">
        <ele>444.0</ele>
        <time>2023-06-25T13:30:53</time>
      </trkpt>
      <trkpt lat="47.4714367557317" lon="9.58401937969029">
        <ele>444.0</ele>
        <time>2023-06-25T13:30:54</time>
      </trkpt>
      <trkpt lat="47.4718598742038" lon="9.583478914573789">
        <ele>445.0</ele>
        <time>2023-06-25T13:31:02</time>
      </trkpt>
      <trkpt lat="47.472032038494945" lon="9.583290321752429">
        <ele>445.0</ele>
        <time>2023-06-25T13:31:05</time>
      </trkpt>
      <trkpt lat="47.47224879451096" lon="9.58302017301321">
        <ele>445.0</ele>
        <time>2023-06-25T13:31:09</time>
      </trkpt>
      <trkpt lat="47.47260745614767" lon="9.582528490573168">
        <ele>446.0</ele>
        <time>2023-06-25T13:31:16</time>
      </trkpt>
      <trkpt lat="47.47295773588121" lon="9.582019541412592">
        <ele>446.0</ele>
        <time>2023-06-25T13:31:23</time>
      </trkpt>
      <trkpt lat="47.473352272063494" lon="9.581466503441334">
        <ele>446.0</ele>
        <time>2023-06-25T13:31:31</time>
      </trkpt>
      <trkpt lat="47.473403150215745" lon="9.581405650824308">
        <ele>446.0</ele>
        <time>2023-06-25T13:31:32</time>
      </trkpt>
      <trkpt lat="47.47376851737499" lon="9.581050090491772">
        <ele>446.0</ele>
        <time>2023-06-25T13:31:39</time>
      </trkpt>
      <trkpt lat="47.47419146820903" lon="9.580666283145547">
        <ele>446.0</ele>
        <time>2023-06-25T13:31:47</time>
      </trkpt>
      <trkpt lat="47.474488858133554" lon="9.58020519465208">
        <ele>445.0</ele>
        <time>2023-06-25T13:31:54</time>
      </trkpt>
      <trkpt lat="47.47478289529681" lon="9.579649223014712">
        <ele>445.0</ele>
        <time>2023-06-25T13:32:02</time>
      </trkpt>
      <trkpt lat="47.475073831155896" lon="9.579113703221083">
        <ele>445.0</ele>
        <time>2023-06-25T13:32:10</time>
      </trkpt>
      <trkpt lat="47.475239876657724" lon="9.578705001622438">
        <ele>444.0</ele>
        <time>2023-06-25T13:32:16</time>
      </trkpt>
      <trkpt lat="47.475435342639685" lon="9.578215247020125">
        <ele>444.0</ele>
        <time>2023-06-25T13:32:24</time>
      </trkpt>
      <trkpt lat="47.47546107508242" lon="9.578156406059861">
        <ele>444.0</ele>
        <time>2023-06-25T13:32:25</time>
      </trkpt>
      <trkpt lat="47.47565997764468" lon="9.57775759510696">
        <ele>443.0</ele>
        <time>2023-06-25T13:32:32</time>
      </trkpt>
      <trkpt lat="47.475749496370554" lon="9.577674278989434">
        <ele>443.0</ele>
        <time>2023-06-25T13:32:34</time>
      </trkpt>
      <trkpt lat="47.4758767336607" lon="9.577568750828505">
        <ele>443.0</ele>
        <time>2023-06-25T13:32:37</time>
      </trkpt>
      <trkpt lat="47.47596348635852" lon="9.57749867811799">
        <ele>443.0</ele>
        <time>2023-06-25T13:32:39</time>
      </trkpt>
      <trkpt lat="47.47603020630777" lon="9.57739700563252">
        <ele>443.0</ele>
        <time>2023-06-25T13:32:41</time>
      </trkpt>
      <trkpt lat="47.47604990378022" lon="9.577254597097635">
        <ele>443.0</ele>
        <time>2023-06-25T13:32:43</time>
      </trkpt>
      <trkpt lat="47.476053927093744" lon="9.577173627912998">
        <ele>443.0</ele>
        <time>2023-06-25T13:32:44</time>
      </trkpt>
      <trkpt lat="47.4760768096894" lon="9.57694010809064">
        <ele>443.0</ele>
        <time>2023-06-25T13:32:47</time>
      </trkpt>
      <trkpt lat="47.476111678406596" lon="9.57673056051135">
        <ele>443.0</ele>
        <time>2023-06-25T13:32:50</time>
      </trkpt>
      <trkpt lat="47.47611721046269" lon="9.576657302677631">
        <ele>443.0</ele>
        <time>2023-06-25T13:32:51</time>
      </trkpt>
      <trkpt lat="47.47612408362329" lon="9.576296880841255">
        <ele>442.0</ele>
        <time>2023-06-25T13:32:56</time>
      </trkpt>
      <trkpt lat="47.47611813247204" lon="9.576222952455282">
        <ele>442.0</ele>
        <time>2023-06-25T13:32:57</time>
      </trkpt>
      <trkpt lat="47.476116539910436" lon="9.576147012412548">
        <ele>442.0</ele>
        <time>2023-06-25T13:32:58</time>
      </trkpt>
      <trkpt lat="47.47610027901828" lon="9.575767312198877">
        <ele>442.0</ele>
        <time>2023-06-25T13:33:03</time>
      </trkpt>
      <trkpt lat="47.476078905165195" lon="9.575498001649976">
        <ele>442.0</ele>
        <time>2023-06-25T13:33:07</time>
      </trkpt>
      <trkpt lat="47.47606968507171" lon="9.575434802100062">
        <ele>442.0</ele>
        <time>2023-06-25T13:33:08</time>
      </trkpt>
      <trkpt lat="47.476031547412276" lon="9.574981341138482">
        <ele>442.0</ele>
        <time>2023-06-25T13:33:16</time>
      </trkpt>
      <trkpt lat="47.47602534480393" lon="9.574806997552514">
        <ele>443.0</ele>
        <time>2023-06-25T13:33:21</time>
      </trkpt>
      <trkpt lat="47.47599902562797" lon="9.574624439701438">
        <ele>443.0</ele>
        <time>2023-06-25T13:33:27</time>
      </trkpt>
      <trkpt lat="47.47598385438323" lon="9.574376000091434">
        <ele>444.0</ele>
        <time>2023-06-25T13:33:34</time>
      </trkpt>
      <trkpt lat="47.475950913503766" lon="9.574176594614983">
        <ele>445.0</ele>
        <time>2023-06-25T13:33:40</time>
      </trkpt>
      <trkpt lat="47.47591746971011" lon="9.57398540340364">
        <ele>445.0</ele>
        <time>2023-06-25T13:33:46</time>
      </trkpt>
      <trkpt lat="47.47591009363532" lon="9.573957826942205">
        <ele>445.0</ele>
        <time>2023-06-25T13:33:47</time>
      </trkpt>
      <trkpt lat="47.475885367020965" lon="9.57378507591784">
        <ele>446.0</ele>
        <time>2023-06-25T13:33:54</time>
      </trkpt>
      <trkpt lat="47.47588570229709" lon="9.573592375963926">
        <ele>446.0</ele>
        <time>2023-06-25T13:34:02</time>
      </trkpt>
      <trkpt lat="47.47588578611612" lon="9.573548287153244">
        <ele>446.0</ele>
        <time>2023-06-25T13:34:04</time>
      </trkpt>
      <trkpt lat="47.4758817628026" lon="9.573440495878458">
        <ele>446.0</ele>
        <time>2023-06-25T13:34:09</time>
      </trkpt>
      <trkpt lat="47.47588763013482" lon="9.57327394746244">
        <ele>447.0</ele>
        <time>2023-06-25T13:34:16</time>
      </trkpt>
      <trkpt lat="47.4758957605809" lon="9.573170179501176">
        <ele>447.0</ele>
        <time>2023-06-25T13:34:21</time>
      </trkpt>
      <trkpt lat="47.47590372338891" lon="9.573123743757606">
        <ele>447.0</ele>
        <time>2023-06-25T13:34:23</time>
      </trkpt>
      <trkpt lat="47.47591537423432" lon="9.57298661582172">
        <ele>447.0</ele>
        <time>2023-06-25T13:34:28</time>
      </trkpt>
      <trkpt lat="47.47591881081462" lon="9.572960967198014">
        <ele>447.0</ele>
        <time>2023-06-25T13:34:29</time>
      </trkpt>
      <trkpt lat="47.475953847169876" lon="9.572864156216383">
        <ele>447.0</ele>
        <time>2023-06-25T13:34:33</time>
      </trkpt>
      <trkpt lat="47.47597362846136" lon="9.572819480672479">
        <ele>448.0</ele>
        <time>2023-06-25T13:34:35</time>
      </trkpt>
      <trkpt lat="47.47604596428573" lon="9.572705067694187">
        <ele>448.0</ele>
        <time>2023-06-25T13:34:41</time>
      </trkpt>
      <trkpt lat="47.47602232731879" lon="9.572607669979334">
        <ele>448.0</ele>
        <time>2023-06-25T13:34:46</time>
      </trkpt>
      <trkpt lat="47.47600371949375" lon="9.572571711614728">
        <ele>448.0</ele>
        <time>2023-06-25T13:34:47</time>
      </trkpt>
      <trkpt lat="47.47602291405201" lon="9.57245453260839">
        <ele>448.0</ele>
        <time>2023-06-25T13:34:51</time>
      </trkpt>
      <trkpt lat="47.47602744027972" lon="9.572414383292198">
        <ele>448.0</ele>
        <time>2023-06-25T13:34:53</time>
      </trkpt>
      <trkpt lat="47.47602886520326" lon="9.572367696091533">
        <ele>449.0</ele>
        <time>2023-06-25T13:34:55</time>
      </trkpt>
      <trkpt lat="47.47604143805802" lon="9.572308268398046">
        <ele>449.0</ele>
        <time>2023-06-25T13:34:57</time>
      </trkpt>
      <trkpt lat="47.476031547412276" lon="9.572281446307898">
        <ele>449.0</ele>
        <time>2023-06-25T13:34:58</time>
      </trkpt>
      <trkpt lat="47.476054010912776" lon="9.572147754952312">
        <ele>449.0</ele>
        <time>2023-06-25T13:35:03</time>
      </trkpt>
      <trkpt lat="47.476054430007935" lon="9.572116071358323">
        <ele>449.0</ele>
        <time>2023-06-25T13:35:04</time>
      </trkpt>
      <trkpt lat="47.476059878244996" lon="9.571974417194724">
        <ele>450.0</ele>
        <time>2023-06-25T13:35:09</time>
      </trkpt>
      <trkpt lat="47.476059878244996" lon="9.571825051680207">
        <ele>450.0</ele>
        <time>2023-06-25T13:35:14</time>
      </trkpt>
      <trkpt lat="47.476044120267034" lon="9.57166881300509">
        <ele>450.0</ele>
        <time>2023-06-25T13:35:20</time>
      </trkpt>
      <trkpt lat="47.476033475250006" lon="9.571630004793406">
        <ele>450.0</ele>
        <time>2023-06-25T13:35:22</time>
      </trkpt>
      <trkpt lat="47.47603020630777" lon="9.571483070030808">
        <ele>450.0</ele>
        <time>2023-06-25T13:35:27</time>
      </trkpt>
      <trkpt lat="47.47604437172413" lon="9.571268912404776">
        <ele>451.0</ele>
        <time>2023-06-25T13:35:34</time>
      </trkpt>
      <trkpt lat="47.47600380331278" lon="9.57112549804151">
        <ele>451.0</ele>
        <time>2023-06-25T13:35:39</time>
      </trkpt>
      <trkpt lat="47.475998271256685" lon="9.571102615445852">
        <ele>451.0</ele>
        <time>2023-06-25T13:35:40</time>
      </trkpt>
      <trkpt lat="47.47592467814684" lon="9.570909831672907">
        <ele>452.0</ele>
        <time>2023-06-25T13:35:47</time>
      </trkpt>
      <trkpt lat="47.47588612139225" lon="9.570783767849207">
        <ele>452.0</ele>
        <time>2023-06-25T13:35:52</time>
      </trkpt>
      <trkpt lat="47.47587480582297" lon="9.570762310177088">
        <ele>452.0</ele>
        <time>2023-06-25T13:35:53</time>
      </trkpt>
      <trkpt lat="47.47580607421696" lon="9.570632223039865">
        <ele>453.0</ele>
        <time>2023-06-25T13:36:00</time>
      </trkpt>
      <trkpt lat="47.47577413916588" lon="9.570539938285947">
        <ele>453.0</ele>
        <time>2023-06-25T13:36:05</time>
      </trkpt>
      <trkpt lat="47.475764164701104" lon="9.570489563047886">
        <ele>453.0</ele>
        <time>2023-06-25T13:36:07</time>
      </trkpt>
      <trkpt lat="47.47572275809944" lon="9.57036031410098">
        <ele>454.0</ele>
        <time>2023-06-25T13:36:12</time>
      </trkpt>
      <trkpt lat="47.47571362182498" lon="9.570340365171432">
        <ele>454.0</ele>
        <time>2023-06-25T13:36:13</time>
      </trkpt>
      <trkpt lat="47.47571907006204" lon="9.570305244997144">
        <ele>454.0</ele>
        <time>2023-06-25T13:36:14</time>
      </trkpt>
      <trkpt lat="47.47571496292949" lon="9.570275824517012">
        <ele>454.0</ele>
        <time>2023-06-25T13:36:15</time>
      </trkpt>
      <trkpt lat="47.47568177059293" lon="9.57019074819982">
        <ele>455.0</ele>
        <time>2023-06-25T13:36:18</time>
      </trkpt>
      <trkpt lat="47.47567506507039" lon="9.570036102086306">
        <ele>455.0</ele>
        <time>2023-06-25T13:36:23</time>
      </trkpt>
      <trkpt lat="47.47567657381296" lon="9.570006430149078">
        <ele>456.0</ele>
        <time>2023-06-25T13:36:24</time>
      </trkpt>
      <trkpt lat="47.47564245946705" lon="9.569823956117034">
        <ele>456.0</ele>
        <time>2023-06-25T13:36:32</time>
      </trkpt>
      <trkpt lat="47.47563734650612" lon="9.569671154022217">
        <ele>457.0</ele>
        <time>2023-06-25T13:36:37</time>
      </trkpt>
      <trkpt lat="47.47563399374485" lon="9.569614911451936">
        <ele>457.0</ele>
        <time>2023-06-25T13:36:39</time>
      </trkpt>
      <trkpt lat="47.475630305707455" lon="9.569486500695348">
        <ele>458.0</ele>
        <time>2023-06-25T13:36:43</time>
      </trkpt>
      <trkpt lat="47.47562418691814" lon="9.569436209276319">
        <ele>458.0</ele>
        <time>2023-06-25T13:36:45</time>
      </trkpt>
      <trkpt lat="47.475593676790595" lon="9.56923202611506">
        <ele>458.0</ele>
        <time>2023-06-25T13:36:52</time>
      </trkpt>
      <trkpt lat="47.475581523030996" lon="9.569146782159805">
        <ele>459.0</ele>
        <time>2023-06-25T13:36:55</time>
      </trkpt>
      <trkpt lat="47.47555964626372" lon="9.568982748314738">
        <ele>459.0</ele>
        <time>2023-06-25T13:37:00</time>
      </trkpt>
      <trkpt lat="47.475515473634005" lon="9.568850481882691">
        <ele>460.0</ele>
        <time>2023-06-25T13:37:04</time>
      </trkpt>
      <trkpt lat="47.475491669029" lon="9.568797005340457">
        <ele>460.0</ele>
        <time>2023-06-25T13:37:06</time>
      </trkpt>
      <trkpt lat="47.475456381216645" lon="9.568705223500729">
        <ele>461.0</ele>
        <time>2023-06-25T13:37:10</time>
      </trkpt>
      <trkpt lat="47.4754277151078" lon="9.568616962060332">
        <ele>462.0</ele>
        <time>2023-06-25T13:37:14</time>
      </trkpt>
      <trkpt lat="47.47541983611882" lon="9.568596677854657">
        <ele>462.0</ele>
        <time>2023-06-25T13:37:15</time>
      </trkpt>
      <trkpt lat="47.47539251111448" lon="9.568507578223944">
        <ele>463.0</ele>
        <time>2023-06-25T13:37:19</time>
      </trkpt>
      <trkpt lat="47.47538756579161" lon="9.568460052832961">
        <ele>463.0</ele>
        <time>2023-06-25T13:37:21</time>
      </trkpt>
      <trkpt lat="47.47537516057491" lon="9.568322086706758">
        <ele>464.0</ele>
        <time>2023-06-25T13:37:26</time>
      </trkpt>
      <trkpt lat="47.47535286471248" lon="9.568277494981885">
        <ele>464.0</ele>
        <time>2023-06-25T13:37:28</time>
      </trkpt>
      <trkpt lat="47.475316068157554" lon="9.568196861073375">
        <ele>465.0</ele>
        <time>2023-06-25T13:37:32</time>
      </trkpt>
      <trkpt lat="47.47530416585505" lon="9.568155454471707">
        <ele>465.0</ele>
        <time>2023-06-25T13:37:34</time>
      </trkpt>
      <trkpt lat="47.47529972344637" lon="9.568126201629639">
        <ele>465.0</ele>
        <time>2023-06-25T13:37:35</time>
      </trkpt>
      <trkpt lat="47.4752464145422" lon="9.568019080907106">
        <ele>466.0</ele>
        <time>2023-06-25T13:37:40</time>
      </trkpt>
      <trkpt lat="47.475193021818995" lon="9.567865524441004">
        <ele>467.0</ele>
        <time>2023-06-25T13:37:47</time>
      </trkpt>
      <trkpt lat="47.475176928564906" lon="9.56782286055386">
        <ele>467.0</ele>
        <time>2023-06-25T13:37:49</time>
      </trkpt>
      <trkpt lat="47.47516494244337" lon="9.567803414538503">
        <ele>467.0</ele>
        <time>2023-06-25T13:37:50</time>
      </trkpt>
      <trkpt lat="47.47515027411282" lon="9.567727139219642">
        <ele>467.0</ele>
        <time>2023-06-25T13:37:53</time>
      </trkpt>
      <trkpt lat="47.47514013200998" lon="9.567707274109125">
        <ele>468.0</ele>
        <time>2023-06-25T13:37:54</time>
      </trkpt>
      <trkpt lat="47.47510082088411" lon="9.567624041810632">
        <ele>468.0</ele>
        <time>2023-06-25T13:37:58</time>
      </trkpt>
      <trkpt lat="47.47506025247276" lon="9.567498648539186">
        <ele>468.0</ele>
        <time>2023-06-25T13:38:04</time>
      </trkpt>
      <trkpt lat="47.47504625469446" lon="9.56746956333518">
        <ele>468.0</ele>
        <time>2023-06-25T13:38:06</time>
      </trkpt>
      <trkpt lat="47.47501867823303" lon="9.567341823130846">
        <ele>469.0</ele>
        <time>2023-06-25T13:38:11</time>
      </trkpt>
      <trkpt lat="47.474977942183614" lon="9.567178627476096">
        <ele>469.0</ele>
        <time>2023-06-25T13:38:17</time>
      </trkpt>
      <trkpt lat="47.47493343427777" lon="9.567073686048388">
        <ele>469.0</ele>
        <time>2023-06-25T13:38:22</time>
      </trkpt>
      <trkpt lat="47.47490116395056" lon="9.56700042821467">
        <ele>470.0</ele>
        <time>2023-06-25T13:38:25</time>
      </trkpt>
      <trkpt lat="47.474870067089796" lon="9.566823402419686">
        <ele>470.0</ele>
        <time>2023-06-25T13:38:31</time>
      </trkpt>
      <trkpt lat="47.474892949685454" lon="9.566689291968942">
        <ele>470.0</ele>
        <time>2023-06-25T13:38:34</time>
      </trkpt>
      <trkpt lat="47.47491616755724" lon="9.566519558429718">
        <ele>471.0</ele>
        <time>2023-06-25T13:38:38</time>
      </trkpt>
      <trkpt lat="47.47494148090482" lon="9.566252427175641">
        <ele>471.0</ele>
        <time>2023-06-25T13:38:43</time>
      </trkpt>
      <trkpt lat="47.47495564632118" lon="9.566144468262792">
        <ele>471.0</ele>
        <time>2023-06-25T13:38:45</time>
      </trkpt>
      <trkpt lat="47.474981462582946" lon="9.565896950662136">
        <ele>472.0</ele>
        <time>2023-06-25T13:38:49</time>
      </trkpt>
      <trkpt lat="47.47501582838595" lon="9.565616827458143">
        <ele>472.0</ele>
        <time>2023-06-25T13:38:53</time>
      </trkpt>
      <trkpt lat="47.47505488805473" lon="9.565394623205066">
        <ele>473.0</ele>
        <time>2023-06-25T13:38:56</time>
      </trkpt>
      <trkpt lat="47.47512822970748" lon="9.565018443390727">
        <ele>473.0</ele>
        <time>2023-06-25T13:39:01</time>
      </trkpt>
      <trkpt lat="47.475182712078094" lon="9.564789617434144">
        <ele>474.0</ele>
        <time>2023-06-25T13:39:04</time>
      </trkpt>
      <trkpt lat="47.47527910396457" lon="9.564354680478573">
        <ele>475.0</ele>
        <time>2023-06-25T13:39:09</time>
      </trkpt>
      <trkpt lat="47.47532310895622" lon="9.564172457903624">
        <ele>475.0</ele>
        <time>2023-06-25T13:39:11</time>
      </trkpt>
      <trkpt lat="47.47546970844269" lon="9.563583042472601">
        <ele>476.0</ele>
        <time>2023-06-25T13:39:17</time>
      </trkpt>
      <trkpt lat="47.475523771718144" lon="9.563384307548404">
        <ele>476.0</ele>
        <time>2023-06-25T13:39:19</time>
      </trkpt>
      <trkpt lat="47.475620498880744" lon="9.562999745830894">
        <ele>477.0</ele>
        <time>2023-06-25T13:39:23</time>
      </trkpt>
      <trkpt lat="47.47564287856221" lon="9.562904192134738">
        <ele>477.0</ele>
        <time>2023-06-25T13:39:24</time>
      </trkpt>
      <trkpt lat="47.475665006786585" lon="9.56281148828566">
        <ele>477.0</ele>
        <time>2023-06-25T13:39:25</time>
      </trkpt>
      <trkpt lat="47.47572250664234" lon="9.562434302642941">
        <ele>478.0</ele>
        <time>2023-06-25T13:39:29</time>
      </trkpt>
      <trkpt lat="47.47571504674852" lon="9.562316872179508">
        <ele>478.0</ele>
        <time>2023-06-25T13:39:30</time>
      </trkpt>
      <trkpt lat="47.47571563348174" lon="9.562227101996541">
        <ele>478.0</ele>
        <time>2023-06-25T13:39:31</time>
      </trkpt>
      <trkpt lat="47.4757178965956" lon="9.56180239096284">
        <ele>479.0</ele>
        <time>2023-06-25T13:39:37</time>
      </trkpt>
      <trkpt lat="47.475723093375564" lon="9.561729468405247">
        <ele>479.0</ele>
        <time>2023-06-25T13:39:38</time>
      </trkpt>
      <trkpt lat="47.47579660266638" lon="9.561277348548174">
        <ele>480.0</ele>
        <time>2023-06-25T13:39:44</time>
      </trkpt>
      <trkpt lat="47.47581772506237" lon="9.561199815943837">
        <ele>480.0</ele>
        <time>2023-06-25T13:39:45</time>
      </trkpt>
      <trkpt lat="47.475837925449014" lon="9.561119936406612">
        <ele>480.0</ele>
        <time>2023-06-25T13:39:46</time>
      </trkpt>
      <trkpt lat="47.47593306005001" lon="9.560612831264734">
        <ele>481.0</ele>
        <time>2023-06-25T13:39:52</time>
      </trkpt>
      <trkpt lat="47.47593825682998" lon="9.56053102388978">
        <ele>481.0</ele>
        <time>2023-06-25T13:39:53</time>
      </trkpt>
      <trkpt lat="47.475958205759525" lon="9.56005266867578">
        <ele>482.0</ele>
        <time>2023-06-25T13:39:58</time>
      </trkpt>
      <trkpt lat="47.4759491533041" lon="9.559960048645735">
        <ele>482.0</ele>
        <time>2023-06-25T13:39:59</time>
      </trkpt>
      <trkpt lat="47.475938173010945" lon="9.559765253216028">
        <ele>482.0</ele>
        <time>2023-06-25T13:40:01</time>
      </trkpt>
      <trkpt lat="47.47592962346971" lon="9.559283629059792">
        <ele>483.0</ele>
        <time>2023-06-25T13:40:06</time>
      </trkpt>
      <trkpt lat="47.47592224739492" lon="9.558877861127257">
        <ele>483.0</ele>
        <time>2023-06-25T13:40:10</time>
      </trkpt>
      <trkpt lat="47.47589793987572" lon="9.558440241962671">
        <ele>484.0</ele>
        <time>2023-06-25T13:40:14</time>
      </trkpt>
      <trkpt lat="47.475871704518795" lon="9.557768264785409">
        <ele>485.0</ele>
        <time>2023-06-25T13:40:20</time>
      </trkpt>
      <trkpt lat="47.4758680164814" lon="9.557660641148686">
        <ele>485.0</ele>
        <time>2023-06-25T13:40:21</time>
      </trkpt>
      <trkpt lat="47.47582845389843" lon="9.556857822462916">
        <ele>485.0</ele>
        <time>2023-06-25T13:40:28</time>
      </trkpt>
      <trkpt lat="47.475823760032654" lon="9.556736620143056">
        <ele>485.0</ele>
        <time>2023-06-25T13:40:29</time>
      </trkpt>
      <trkpt lat="47.47580875642598" lon="9.556376114487648">
        <ele>486.0</ele>
        <time>2023-06-25T13:40:32</time>
      </trkpt>
      <trkpt lat="47.47579819522798" lon="9.556118873879313">
        <ele>486.0</ele>
        <time>2023-06-25T13:40:34</time>
      </trkpt>
      <trkpt lat="47.4758439604193" lon="9.555286467075348">
        <ele>486.0</ele>
        <time>2023-06-25T13:40:40</time>
      </trkpt>
      <trkpt lat="47.475954266265035" lon="9.55477349460125">
        <ele>486.0</ele>
        <time>2023-06-25T13:40:44</time>
      </trkpt>
      <trkpt lat="47.47600682079792" lon="9.554512230679393">
        <ele>486.0</ele>
        <time>2023-06-25T13:40:46</time>
      </trkpt>
      <trkpt lat="47.476173201575875" lon="9.553711339831352">
        <ele>486.0</ele>
        <time>2023-06-25T13:40:52</time>
      </trkpt>
      <trkpt lat="47.47621335089207" lon="9.553434401750565">
        <ele>486.0</ele>
        <time>2023-06-25T13:40:54</time>
      </trkpt>
      <trkpt lat="47.47621444053948" lon="9.55287222750485">
        <ele>486.0</ele>
        <time>2023-06-25T13:40:58</time>
      </trkpt>
      <trkpt lat="47.47608535923064" lon="9.552184995263815">
        <ele>485.0</ele>
        <time>2023-06-25T13:41:03</time>
      </trkpt>
      <trkpt lat="47.476007491350174" lon="9.551453087478876">
        <ele>485.0</ele>
        <time>2023-06-25T13:41:08</time>
      </trkpt>
      <trkpt lat="47.47602920047939" lon="9.55056888051331">
        <ele>485.0</ele>
        <time>2023-06-25T13:41:14</time>
      </trkpt>
      <trkpt lat="47.47603758238256" lon="9.550287583842874">
        <ele>485.0</ele>
        <time>2023-06-25T13:41:16</time>
      </trkpt>
      <trkpt lat="47.47608695179224" lon="9.549601525068283">
        <ele>484.0</ele>
        <time>2023-06-25T13:41:21</time>
      </trkpt>
      <trkpt lat="47.47618678025901" lon="9.548702482134104">
        <ele>484.0</ele>
        <time>2023-06-25T13:41:28</time>
      </trkpt>
      <trkpt lat="47.47622927650809" lon="9.548319596797228">
        <ele>483.0</ele>
        <time>2023-06-25T13:41:31</time>
      </trkpt>
      <trkpt lat="47.47627512551844" lon="9.547815006226301">
        <ele>483.0</ele>
        <time>2023-06-25T13:41:35</time>
      </trkpt>
      <trkpt lat="47.47630890458822" lon="9.547455925494432">
        <ele>483.0</ele>
        <time>2023-06-25T13:41:38</time>
      </trkpt>
      <trkpt lat="47.47637604363263" lon="9.546718234196305">
        <ele>482.0</ele>
        <time>2023-06-25T13:41:44</time>
      </trkpt>
      <trkpt lat="47.47641518712044" lon="9.546359069645405">
        <ele>482.0</ele>
        <time>2023-06-25T13:41:47</time>
      </trkpt>
      <trkpt lat="47.47650562785566" lon="9.545521130785346">
        <ele>481.0</ele>
        <time>2023-06-25T13:41:54</time>
      </trkpt>
      <trkpt lat="47.47651610523462" lon="9.545404873788357">
        <ele>481.0</ele>
        <time>2023-06-25T13:41:55</time>
      </trkpt>
      <trkpt lat="47.4765551649034" lon="9.544858373701572">
        <ele>481.0</ele>
        <time>2023-06-25T13:42:00</time>
      </trkpt>
      <trkpt lat="47.47659724205732" lon="9.544459646567702">
        <ele>480.0</ele>
        <time>2023-06-25T13:42:04</time>
      </trkpt>
      <trkpt lat="47.476624734699726" lon="9.54418933019042">
        <ele>480.0</ele>
        <time>2023-06-25T13:42:07</time>
      </trkpt>
      <trkpt lat="47.47660939581692" lon="9.5439728256315">
        <ele>480.0</ele>
        <time>2023-06-25T13:42:10</time>
      </trkpt>
      <trkpt lat="47.47659229673445" lon="9.54381993971765">
        <ele>479.0</ele>
        <time>2023-06-25T13:42:12</time>
      </trkpt>
      <trkpt lat="47.476592967286706" lon="9.543660515919328">
        <ele>479.0</ele>
        <time>2023-06-25T13:42:14</time>
      </trkpt>
      <trkpt lat="47.47664703056216" lon="9.543530093505979">
        <ele>479.0</ele>
        <time>2023-06-25T13:42:16</time>
      </trkpt>
      <trkpt lat="47.47682045213878" lon="9.543346529826522">
        <ele>479.0</ele>
        <time>2023-06-25T13:42:20</time>
      </trkpt>
      <trkpt lat="47.47695473022759" lon="9.543190710246563">
        <ele>478.0</ele>
        <time>2023-06-25T13:42:23</time>
      </trkpt>
      <trkpt lat="47.47700208798051" lon="9.54314611852169">
        <ele>478.0</ele>
        <time>2023-06-25T13:42:24</time>
      </trkpt>
      <trkpt lat="47.477074759081006" lon="9.54304981045425">
        <ele>478.0</ele>
        <time>2023-06-25T13:42:26</time>
      </trkpt>
      <trkpt lat="47.47709940187633" lon="9.542927267029881">
        <ele>478.0</ele>
        <time>2023-06-25T13:42:28</time>
      </trkpt>
      <trkpt lat="47.477096216753125" lon="9.54286708496511">
        <ele>477.0</ele>
        <time>2023-06-25T13:42:29</time>
      </trkpt>
      <trkpt lat="47.47709345072508" lon="9.542700536549091">
        <ele>477.0</ele>
        <time>2023-06-25T13:42:32</time>
      </trkpt>
      <trkpt lat="47.47710174880922" lon="9.542586877942085">
        <ele>477.0</ele>
        <time>2023-06-25T13:42:34</time>
      </trkpt>
      <trkpt lat="47.477171486243606" lon="9.542326116934419">
        <ele>477.0</ele>
        <time>2023-06-25T13:42:39</time>
      </trkpt>
      <trkpt lat="47.477203253656626" lon="9.542218828573823">
        <ele>476.0</ele>
        <time>2023-06-25T13:42:41</time>
      </trkpt>
      <trkpt lat="47.47721993364394" lon="9.542100224643946">
        <ele>476.0</ele>
        <time>2023-06-25T13:42:43</time>
      </trkpt>
      <trkpt lat="47.47721674852073" lon="9.541941555216908">
        <ele>476.0</ele>
        <time>2023-06-25T13:42:46</time>
      </trkpt>
      <trkpt lat="47.47719478793442" lon="9.54176519997418">
        <ele>476.0</ele>
        <time>2023-06-25T13:42:49</time>
      </trkpt>
      <trkpt lat="47.47718933969736" lon="9.541633184999228">
        <ele>476.0</ele>
        <time>2023-06-25T13:42:51</time>
      </trkpt>
      <trkpt lat="47.477229656651616" lon="9.541364712640643">
        <ele>475.0</ele>
        <time>2023-06-25T13:42:55</time>
      </trkpt>
      <trkpt lat="47.47727869078517" lon="9.541256334632635">
        <ele>475.0</ele>
        <time>2023-06-25T13:42:57</time>
      </trkpt>
      <trkpt lat="47.47734717093408" lon="9.54114812426269">
        <ele>475.0</ele>
        <time>2023-06-25T13:42:59</time>
      </trkpt>
      <trkpt lat="47.47738120146096" lon="9.541115518659353">
        <ele>475.0</ele>
        <time>2023-06-25T13:43:00</time>
      </trkpt>
      <trkpt lat="47.477432833984494" lon="9.541063467040658">
        <ele>475.0</ele>
        <time>2023-06-25T13:43:02</time>
      </trkpt>
      <trkpt lat="47.47747030109167" lon="9.541028514504433">
        <ele>475.0</ele>
        <time>2023-06-25T13:43:04</time>
      </trkpt>
      <trkpt lat="47.47753199189901" lon="9.540919214487076">
        <ele>474.0</ele>
        <time>2023-06-25T13:43:08</time>
      </trkpt>
      <trkpt lat="47.47755470685661" lon="9.540885854512453">
        <ele>474.0</ele>
        <time>2023-06-25T13:43:10</time>
      </trkpt>
      <trkpt lat="47.4775811098516" lon="9.540855344384909">
        <ele>474.0</ele>
        <time>2023-06-25T13:43:12</time>
      </trkpt>
      <trkpt lat="47.47759401798248" lon="9.540839083492756">
        <ele>474.0</ele>
        <time>2023-06-25T13:43:13</time>
      </trkpt>
      <trkpt lat="47.47760751284659" lon="9.540824750438333">
        <ele>474.0</ele>
        <time>2023-06-25T13:43:14</time>
      </trkpt>
      <trkpt lat="47.4776675272733" lon="9.540749983862042">
        <ele>474.0</ele>
        <time>2023-06-25T13:43:19</time>
      </trkpt>
      <trkpt lat="47.47770365327597" lon="9.540725843980908">
        <ele>474.0</ele>
        <time>2023-06-25T13:43:22</time>
      </trkpt>
      <trkpt lat="47.477746065706015" lon="9.54072148539126">
        <ele>474.0</ele>
        <time>2023-06-25T13:43:25</time>
      </trkpt>
      <trkpt lat="47.47784949839115" lon="9.540728107094765">
        <ele>474.0</ele>
        <time>2023-06-25T13:43:31</time>
      </trkpt>
      <trkpt lat="47.47788202017546" lon="9.540724335238338">
        <ele>474.0</ele>
        <time>2023-06-25T13:43:32</time>
      </trkpt>
      <trkpt lat="47.47796634212136" lon="9.54075182788074">
        <ele>474.0</ele>
        <time>2023-06-25T13:43:36</time>
      </trkpt>
      <trkpt lat="47.47798293828964" lon="9.540758281946182">
        <ele>474.0</ele>
        <time>2023-06-25T13:43:37</time>
      </trkpt>
      <trkpt lat="47.47809860855341" lon="9.540777392685413">
        <ele>474.0</ele>
        <time>2023-06-25T13:43:42</time>
      </trkpt>
      <trkpt lat="47.478134566918015" lon="9.540754593908787">
        <ele>474.0</ele>
        <time>2023-06-25T13:43:43</time>
      </trkpt>
      <trkpt lat="47.478169184178114" lon="9.54067655839026">
        <ele>474.0</ele>
        <time>2023-06-25T13:43:45</time>
      </trkpt>
      <trkpt lat="47.478176057338715" lon="9.540533982217312">
        <ele>473.0</ele>
        <time>2023-06-25T13:43:49</time>
      </trkpt>
      <trkpt lat="47.47817588970065" lon="9.540507579222322">
        <ele>473.0</ele>
        <time>2023-06-25T13:43:50</time>
      </trkpt>
      <trkpt lat="47.478180499747396" lon="9.54038486815989">
        <ele>473.0</ele>
        <time>2023-06-25T13:43:54</time>
      </trkpt>
      <trkpt lat="47.478178991004825" lon="9.540292331948876">
        <ele>473.0</ele>
        <time>2023-06-25T13:43:57</time>
      </trkpt>
      <trkpt lat="47.478181505575776" lon="9.540261821821332">
        <ele>473.0</ele>
        <time>2023-06-25T13:43:58</time>
      </trkpt>
      <trkpt lat="47.47818938456476" lon="9.540129974484444">
        <ele>473.0</ele>
        <time>2023-06-25T13:44:02</time>
      </trkpt>
      <trkpt lat="47.4782008677721" lon="9.540067948400974">
        <ele>473.0</ele>
        <time>2023-06-25T13:44:04</time>
      </trkpt>
      <trkpt lat="47.478205813094974" lon="9.5400355104357">
        <ele>473.0</ele>
        <time>2023-06-25T13:44:05</time>
      </trkpt>
      <trkpt lat="47.4782114289701" lon="9.540006257593632">
        <ele>473.0</ele>
        <time>2023-06-25T13:44:06</time>
      </trkpt>
      <trkpt lat="47.478219559416175" lon="9.539947248995304">
        <ele>473.0</ele>
        <time>2023-06-25T13:44:08</time>
      </trkpt>
      <trkpt lat="47.478247974067926" lon="9.539786400273442">
        <ele>473.0</ele>
        <time>2023-06-25T13:44:13</time>
      </trkpt>
      <trkpt lat="47.47828326188028" lon="9.539583390578628">
        <ele>472.0</ele>
        <time>2023-06-25T13:44:20</time>
      </trkpt>
      <trkpt lat="47.47834059409797" lon="9.539317516610026">
        <ele>472.0</ele>
        <time>2023-06-25T13:44:28</time>
      </trkpt>
      <trkpt lat="47.478376468643546" lon="9.539097910746932">
        <ele>472.0</ele>
        <time>2023-06-25T13:44:34</time>
      </trkpt>
      <trkpt lat="47.47838149778545" lon="9.539054576307535">
        <ele>472.0</ele>
        <time>2023-06-25T13:44:35</time>
      </trkpt>
      <trkpt lat="47.4783945735544" lon="9.538928428664804">
        <ele>472.0</ele>
        <time>2023-06-25T13:44:38</time>
      </trkpt>
      <trkpt lat="47.47840689495206" lon="9.53883740119636">
        <ele>472.0</ele>
        <time>2023-06-25T13:44:40</time>
      </trkpt>
      <trkpt lat="47.478453665971756" lon="9.538665572181344">
        <ele>471.0</ele>
        <time>2023-06-25T13:44:44</time>
      </trkpt>
      <trkpt lat="47.47852717526257" lon="9.538260055705905">
        <ele>471.0</ele>
        <time>2023-06-25T13:44:51</time>
      </trkpt>
      <trkpt lat="47.47854712419212" lon="9.538144804537296">
        <ele>471.0</ele>
        <time>2023-06-25T13:44:53</time>
      </trkpt>
      <trkpt lat="47.47859406284988" lon="9.537943303585052">
        <ele>471.0</ele>
        <time>2023-06-25T13:44:56</time>
      </trkpt>
      <trkpt lat="47.478607976809144" lon="9.537868285551667">
        <ele>471.0</ele>
        <time>2023-06-25T13:44:57</time>
      </trkpt>
      <trkpt lat="47.47867033816874" lon="9.537467965856194">
        <ele>471.0</ele>
        <time>2023-06-25T13:45:02</time>
      </trkpt>
      <trkpt lat="47.47870705090463" lon="9.537173928692937">
        <ele>470.0</ele>
        <time>2023-06-25T13:45:06</time>
      </trkpt>
      <trkpt lat="47.47871442697942" lon="9.5370411593467">
        <ele>470.0</ele>
        <time>2023-06-25T13:45:08</time>
      </trkpt>
      <trkpt lat="47.47875826433301" lon="9.536819625645876">
        <ele>470.0</ele>
        <time>2023-06-25T13:45:12</time>
      </trkpt>
      <trkpt lat="47.478771256282926" lon="9.536763383075595">
        <ele>470.0</ele>
        <time>2023-06-25T13:45:13</time>
      </trkpt>
      <trkpt lat="47.478789361193776" lon="9.536646120250225">
        <ele>470.0</ele>
        <time>2023-06-25T13:45:15</time>
      </trkpt>
      <trkpt lat="47.47879405505955" lon="9.53658476471901">
        <ele>470.0</ele>
        <time>2023-06-25T13:45:16</time>
      </trkpt>
      <trkpt lat="47.478806460276246" lon="9.536466328427196">
        <ele>470.0</ele>
        <time>2023-06-25T13:45:18</time>
      </trkpt>
      <trkpt lat="47.478817692026496" lon="9.536412097513676">
        <ele>470.0</ele>
        <time>2023-06-25T13:45:19</time>
      </trkpt>
      <trkpt lat="47.47887812554836" lon="9.536228450015187">
        <ele>469.0</ele>
        <time>2023-06-25T13:45:23</time>
      </trkpt>
      <trkpt lat="47.478900756686926" lon="9.536180002614856">
        <ele>469.0</ele>
        <time>2023-06-25T13:45:24</time>
      </trkpt>
      <trkpt lat="47.478980803862214" lon="9.535967940464616">
        <ele>469.0</ele>
        <time>2023-06-25T13:45:27</time>
      </trkpt>
      <trkpt lat="47.4790143314749" lon="9.535904238000512">
        <ele>469.0</ele>
        <time>2023-06-25T13:45:28</time>
      </trkpt>
      <trkpt lat="47.47904517687857" lon="9.535850510001183">
        <ele>469.0</ele>
        <time>2023-06-25T13:45:29</time>
      </trkpt>
      <trkpt lat="47.47911726124585" lon="9.535662168636918">
        <ele>469.0</ele>
        <time>2023-06-25T13:45:32</time>
      </trkpt>
      <trkpt lat="47.479161685332656" lon="9.535384057089686">
        <ele>468.0</ele>
        <time>2023-06-25T13:45:35</time>
      </trkpt>
      <trkpt lat="47.47919169254601" lon="9.53512866050005">
        <ele>468.0</ele>
        <time>2023-06-25T13:45:37</time>
      </trkpt>
      <trkpt lat="47.47923469170928" lon="9.534866558387876">
        <ele>468.0</ele>
        <time>2023-06-25T13:45:39</time>
      </trkpt>
      <trkpt lat="47.47926042415202" lon="9.53474074602127">
        <ele>468.0</ele>
        <time>2023-06-25T13:45:40</time>
      </trkpt>
      <trkpt lat="47.47937827371061" lon="9.534292565658689">
        <ele>467.0</ele>
        <time>2023-06-25T13:45:44</time>
      </trkpt>
      <trkpt lat="47.47945203445852" lon="9.533944800496101">
        <ele>467.0</ele>
        <time>2023-06-25T13:45:48</time>
      </trkpt>
      <trkpt lat="47.479524705559015" lon="9.53380448743701">
        <ele>467.0</ele>
        <time>2023-06-25T13:45:50</time>
      </trkpt>
      <trkpt lat="47.47956317849457" lon="9.533744640648365">
        <ele>467.0</ele>
        <time>2023-06-25T13:45:51</time>
      </trkpt>
      <trkpt lat="47.47960114851594" lon="9.533682111650705">
        <ele>466.0</ele>
        <time>2023-06-25T13:45:52</time>
      </trkpt>
      <trkpt lat="47.47972729615867" lon="9.53347273170948">
        <ele>466.0</ele>
        <time>2023-06-25T13:45:55</time>
      </trkpt>
      <trkpt lat="47.47981530614197" lon="9.533357731997967">
        <ele>466.0</ele>
        <time>2023-06-25T13:45:57</time>
      </trkpt>
      <trkpt lat="47.479902897030115" lon="9.533277098089457">
        <ele>466.0</ele>
        <time>2023-06-25T13:45:59</time>
      </trkpt>
      <trkpt lat="47.47994128614664" lon="9.533245246857405">
        <ele>466.0</ele>
        <time>2023-06-25T13:46:00</time>
      </trkpt>
      <trkpt lat="47.480003982782364" lon="9.533073417842388">
        <ele>465.0</ele>
        <time>2023-06-25T13:46:04</time>
      </trkpt>
      <trkpt lat="47.47998780570924" lon="9.53297819942236">
        <ele>465.0</ele>
        <time>2023-06-25T13:46:06</time>
      </trkpt>
      <trkpt lat="47.4799625761807" lon="9.532873593270779">
        <ele>464.0</ele>
        <time>2023-06-25T13:46:08</time>
      </trkpt>
      <trkpt lat="47.47988177463412" lon="9.532574526965618">
        <ele>463.0</ele>
        <time>2023-06-25T13:46:13</time>
      </trkpt>
      <trkpt lat="47.47984539717436" lon="9.53244368545711">
        <ele>463.0</ele>
        <time>2023-06-25T13:46:15</time>
      </trkpt>
      <trkpt lat="47.47972134500742" lon="9.532101452350616">
        <ele>463.0</ele>
        <time>2023-06-25T13:46:20</time>
      </trkpt>
      <trkpt lat="47.47968337498605" lon="9.53193892724812">
        <ele>462.0</ele>
        <time>2023-06-25T13:46:22</time>
      </trkpt>
      <trkpt lat="47.47968312352896" lon="9.53175033442676">
        <ele>462.0</ele>
        <time>2023-06-25T13:46:24</time>
      </trkpt>
      <trkpt lat="47.47969561256468" lon="9.531646482646465">
        <ele>462.0</ele>
        <time>2023-06-25T13:46:25</time>
      </trkpt>
      <trkpt lat="47.47970659285784" lon="9.531538942828774">
        <ele>462.0</ele>
        <time>2023-06-25T13:46:26</time>
      </trkpt>
      <trkpt lat="47.47968287207186" lon="9.531328724697232">
        <ele>462.0</ele>
        <time>2023-06-25T13:46:28</time>
      </trkpt>
      <trkpt lat="47.479661079123616" lon="9.531222777441144">
        <ele>462.0</ele>
        <time>2023-06-25T13:46:29</time>
      </trkpt>
      <trkpt lat="47.479537948966026" lon="9.530692622065544">
        <ele>461.0</ele>
        <time>2023-06-25T13:46:34</time>
      </trkpt>
      <trkpt lat="47.47952302917838" lon="9.530584579333663">
        <ele>461.0</ele>
        <time>2023-06-25T13:46:35</time>
      </trkpt>
      <trkpt lat="47.479482628405094" lon="9.530375534668565">
        <ele>461.0</ele>
        <time>2023-06-25T13:46:37</time>
      </trkpt>
      <trkpt lat="47.47945790179074" lon="9.530281238257885">
        <ele>461.0</ele>
        <time>2023-06-25T13:46:38</time>
      </trkpt>
      <trkpt lat="47.47944105416536" lon="9.53018526546657">
        <ele>461.0</ele>
        <time>2023-06-25T13:46:39</time>
      </trkpt>
      <trkpt lat="47.47942621819675" lon="9.530088035389781">
        <ele>461.0</ele>
        <time>2023-06-25T13:46:40</time>
      </trkpt>
      <trkpt lat="47.47938355430961" lon="9.529793160036206">
        <ele>461.0</ele>
        <time>2023-06-25T13:46:43</time>
      </trkpt>
      <trkpt lat="47.47936259955168" lon="9.52953876927495">
        <ele>460.0</ele>
        <time>2023-06-25T13:46:46</time>
      </trkpt>
      <trkpt lat="47.479355558753014" lon="9.529450926929712">
        <ele>460.0</ele>
        <time>2023-06-25T13:46:47</time>
      </trkpt>
      <trkpt lat="47.47935337945819" lon="9.529268369078636">
        <ele>460.0</ele>
        <time>2023-06-25T13:46:49</time>
      </trkpt>
      <trkpt lat="47.479356145486236" lon="9.52898078598082">
        <ele>460.0</ele>
        <time>2023-06-25T13:46:52</time>
      </trkpt>
      <trkpt lat="47.47936528176069" lon="9.528369242325425">
        <ele>459.0</ele>
        <time>2023-06-25T13:46:58</time>
      </trkpt>
      <trkpt lat="47.479373160749674" lon="9.528270419687033">
        <ele>459.0</ele>
        <time>2023-06-25T13:46:59</time>
      </trkpt>
      <trkpt lat="47.47938279993832" lon="9.527978142723441">
        <ele>459.0</ele>
        <time>2023-06-25T13:47:02</time>
      </trkpt>
      <trkpt lat="47.47938682325184" lon="9.527709502726793">
        <ele>459.0</ele>
        <time>2023-06-25T13:47:05</time>
      </trkpt>
      <trkpt lat="47.4793750885874" lon="9.527620151638985">
        <ele>459.0</ele>
        <time>2023-06-25T13:47:06</time>
      </trkpt>
      <trkpt lat="47.47933393344283" lon="9.527344638481736">
        <ele>459.0</ele>
        <time>2023-06-25T13:47:09</time>
      </trkpt>
      <trkpt lat="47.4792371224612" lon="9.526829989627004">
        <ele>459.0</ele>
        <time>2023-06-25T13:47:15</time>
      </trkpt>
      <trkpt lat="47.47923175804317" lon="9.526743572205305">
        <ele>458.0</ele>
        <time>2023-06-25T13:47:16</time>
      </trkpt>
      <trkpt lat="47.479233434423804" lon="9.526595380157232">
        <ele>458.0</ele>
        <time>2023-06-25T13:47:18</time>
      </trkpt>
      <trkpt lat="47.47923234477639" lon="9.526531342417002">
        <ele>458.0</ele>
        <time>2023-06-25T13:47:19</time>
      </trkpt>
      <trkpt lat="47.47921449132264" lon="9.526445679366589">
        <ele>458.0</ele>
        <time>2023-06-25T13:47:20</time>
      </trkpt>
      <trkpt lat="47.479179706424475" lon="9.526296481490135">
        <ele>458.0</ele>
        <time>2023-06-25T13:47:23</time>
      </trkpt>
      <trkpt lat="47.47914785519242" lon="9.526074780151248">
        <ele>458.0</ele>
        <time>2023-06-25T13:47:30</time>
      </trkpt>
      <trkpt lat="47.47907786630094" lon="9.525955002754927">
        <ele>458.0</ele>
        <time>2023-06-25T13:47:34</time>
      </trkpt>
      <trkpt lat="47.47903369367123" lon="9.52586280182004">
        <ele>458.0</ele>
        <time>2023-06-25T13:47:37</time>
      </trkpt>
      <trkpt lat="47.47894107364118" lon="9.525806559249759">
        <ele>458.0</ele>
        <time>2023-06-25T13:47:40</time>
      </trkpt>
      <trkpt lat="47.478742338716984" lon="9.525643531233072">
        <ele>458.0</ele>
        <time>2023-06-25T13:47:46</time>
      </trkpt>
      <trkpt lat="47.478555673733354" lon="9.525434905663133">
        <ele>458.0</ele>
        <time>2023-06-25T13:47:52</time>
      </trkpt>
      <trkpt lat="47.47854368761182" lon="9.525380171835423">
        <ele>458.0</ele>
        <time>2023-06-25T13:47:53</time>
      </trkpt>
      <trkpt lat="47.478519044816494" lon="9.525220412760973">
        <ele>458.0</ele>
        <time>2023-06-25T13:47:56</time>
      </trkpt>
      <trkpt lat="47.47850270010531" lon="9.52517875470221">
        <ele>458.0</ele>
        <time>2023-06-25T13:47:57</time>
      </trkpt>
      <trkpt lat="47.47849993407726" lon="9.52509032562375">
        <ele>458.0</ele>
        <time>2023-06-25T13:47:59</time>
      </trkpt>
      <trkpt lat="47.47845442034304" lon="9.52489829622209">
        <ele>458.0</ele>
        <time>2023-06-25T13:48:04</time>
      </trkpt>
      <trkpt lat="47.47843857854605" lon="9.524855213239789">
        <ele>458.0</ele>
        <time>2023-06-25T13:48:05</time>
      </trkpt>
      <trkpt lat="47.47841619886458" lon="9.524810956791043">
        <ele>458.0</ele>
        <time>2023-06-25T13:48:06</time>
      </trkpt>
      <trkpt lat="47.478374959900975" lon="9.524730909615755">
        <ele>458.0</ele>
        <time>2023-06-25T13:48:08</time>
      </trkpt>
      <trkpt lat="47.4782735388726" lon="9.52452739700675">
        <ele>458.0</ele>
        <time>2023-06-25T13:48:13</time>
      </trkpt>
      <trkpt lat="47.47819835320115" lon="9.524253644049168">
        <ele>458.0</ele>
        <time>2023-06-25T13:48:19</time>
      </trkpt>
      <trkpt lat="47.47813414782286" lon="9.524002270773053">
        <ele>458.0</ele>
        <time>2023-06-25T13:48:24</time>
      </trkpt>
      <trkpt lat="47.47808787971735" lon="9.52370161190629">
        <ele>458.0</ele>
        <time>2023-06-25T13:48:30</time>
      </trkpt>
      <trkpt lat="47.47802375815809" lon="9.523369772359729">
        <ele>458.0</ele>
        <time>2023-06-25T13:48:36</time>
      </trkpt>
      <trkpt lat="47.478110091760755" lon="9.523228202015162">
        <ele>458.0</ele>
        <time>2023-06-25T13:48:38</time>
      </trkpt>
      <trkpt lat="47.47808435931802" lon="9.522820506244898">
        <ele>458.0</ele>
        <time>2023-06-25T13:48:43</time>
      </trkpt>
      <trkpt lat="47.47807580977678" lon="9.522741381078959">
        <ele>458.0</ele>
        <time>2023-06-25T13:48:44</time>
      </trkpt>
      <trkpt lat="47.478071032091975" lon="9.522577179595828">
        <ele>458.0</ele>
        <time>2023-06-25T13:48:46</time>
      </trkpt>
      <trkpt lat="47.47805644758046" lon="9.52251180075109">
        <ele>458.0</ele>
        <time>2023-06-25T13:48:47</time>
      </trkpt>
      <trkpt lat="47.478097435086966" lon="9.522313065826893">
        <ele>458.0</ele>
        <time>2023-06-25T13:48:51</time>
      </trkpt>
      <trkpt lat="47.478192653506994" lon="9.522310215979815">
        <ele>458.0</ele>
        <time>2023-06-25T13:48:53</time>
      </trkpt>
      <trkpt lat="47.478245459496975" lon="9.522319855168462">
        <ele>458.0</ele>
        <time>2023-06-25T13:48:54</time>
      </trkpt>
      <trkpt lat="47.47830010950565" lon="9.522341061383486">
        <ele>458.0</ele>
        <time>2023-06-25T13:48:55</time>
      </trkpt>
      <trkpt lat="47.478556176647544" lon="9.522387748584151">
        <ele>458.0</ele>
        <time>2023-06-25T13:48:59</time>
      </trkpt>
      <trkpt lat="47.47865952551365" lon="9.522371822968125">
        <ele>458.0</ele>
        <time>2023-06-25T13:49:00</time>
      </trkpt>
      <trkpt lat="47.478824984282255" lon="9.52232756651938">
        <ele>458.0</ele>
        <time>2023-06-25T13:49:02</time>
      </trkpt>
      <trkpt lat="47.47895071282983" lon="9.522269982844591">
        <ele>458.0</ele>
        <time>2023-06-25T13:49:04</time>
      </trkpt>
      <trkpt lat="47.478991616517305" lon="9.52223863452673">
        <ele>458.0</ele>
        <time>2023-06-25T13:49:05</time>
      </trkpt>
      <trkpt lat="47.47901986353099" lon="9.522196892648935">
        <ele>458.0</ele>
        <time>2023-06-25T13:49:06</time>
      </trkpt>
      <trkpt lat="47.47903687879443" lon="9.522065799683332">
        <ele>458.0</ele>
        <time>2023-06-25T13:49:08</time>
      </trkpt>
      <trkpt lat="47.478996478021145" lon="9.521900592371821">
        <ele>458.0</ele>
        <time>2023-06-25T13:49:10</time>
      </trkpt>
      <trkpt lat="47.47896688990295" lon="9.521825825795531">
        <ele>458.0</ele>
        <time>2023-06-25T13:49:11</time>
      </trkpt>
      <trkpt lat="47.478796569630504" lon="9.521282343193889">
        <ele>458.0</ele>
        <time>2023-06-25T13:49:18</time>
      </trkpt>
      <trkpt lat="47.47869766317308" lon="9.520694436505437">
        <ele>458.0</ele>
        <time>2023-06-25T13:49:25</time>
      </trkpt>
      <trkpt lat="47.47859766706824" lon="9.520187750458717">
        <ele>458.0</ele>
        <time>2023-06-25T13:49:31</time>
      </trkpt>
      <trkpt lat="47.4784635566175" lon="9.519580146297812">
        <ele>458.0</ele>
        <time>2023-06-25T13:49:38</time>
      </trkpt>
      <trkpt lat="47.47843296267092" lon="9.519411586225033">
        <ele>458.0</ele>
        <time>2023-06-25T13:49:40</time>
      </trkpt>
      <trkpt lat="47.478396920487285" lon="9.51923749409616">
        <ele>458.0</ele>
        <time>2023-06-25T13:49:42</time>
      </trkpt>
      <trkpt lat="47.478349478915334" lon="9.51897220686078">
        <ele>458.0</ele>
        <time>2023-06-25T13:49:45</time>
      </trkpt>
      <trkpt lat="47.47827999293804" lon="9.518455378711224">
        <ele>458.0</ele>
        <time>2023-06-25T13:49:51</time>
      </trkpt>
      <trkpt lat="47.478260546922684" lon="9.518376840278506">
        <ele>458.0</ele>
        <time>2023-06-25T13:49:52</time>
      </trkpt>
      <trkpt lat="47.47823087498546" lon="9.518142817541957">
        <ele>458.0</ele>
        <time>2023-06-25T13:49:55</time>
      </trkpt>
      <trkpt lat="47.478220565244555" lon="9.51805455610156">
        <ele>458.0</ele>
        <time>2023-06-25T13:49:56</time>
      </trkpt>
      <trkpt lat="47.47820891439915" lon="9.517685836181045">
        <ele>458.0</ele>
        <time>2023-06-25T13:50:00</time>
      </trkpt>
      <trkpt lat="47.47819533571601" lon="9.51759623363614">
        <ele>458.0</ele>
        <time>2023-06-25T13:50:01</time>
      </trkpt>
      <trkpt lat="47.478133141994476" lon="9.51728937216103">
        <ele>458.0</ele>
        <time>2023-06-25T13:50:05</time>
      </trkpt>
      <trkpt lat="47.478117886930704" lon="9.517204128205776">
        <ele>458.0</ele>
        <time>2023-06-25T13:50:06</time>
      </trkpt>
      <trkpt lat="47.47806256636977" lon="9.516856279224157">
        <ele>459.0</ele>
        <time>2023-06-25T13:50:10</time>
      </trkpt>
      <trkpt lat="47.478026608005166" lon="9.516615215688944">
        <ele>459.0</ele>
        <time>2023-06-25T13:50:13</time>
      </trkpt>
      <trkpt lat="47.478030966594815" lon="9.516544304788113">
        <ele>459.0</ele>
        <time>2023-06-25T13:50:14</time>
      </trkpt>
      <trkpt lat="47.47805611230433" lon="9.516492169350386">
        <ele>459.0</ele>
        <time>2023-06-25T13:50:15</time>
      </trkpt>
      <trkpt lat="47.478146301582456" lon="9.516431149095297">
        <ele>459.0</ele>
        <time>2023-06-25T13:50:17</time>
      </trkpt>
      <trkpt lat="47.47841200791299" lon="9.516331236809492">
        <ele>459.0</ele>
        <time>2023-06-25T13:50:21</time>
      </trkpt>
      <trkpt lat="47.47889053076506" lon="9.516116827726364">
        <ele>459.0</ele>
        <time>2023-06-25T13:50:27</time>
      </trkpt>
      <trkpt lat="47.47895465232432" lon="9.516041055321693">
        <ele>459.0</ele>
        <time>2023-06-25T13:50:28</time>
      </trkpt>
      <trkpt lat="47.47899220325053" lon="9.51593242585659">
        <ele>459.0</ele>
        <time>2023-06-25T13:50:29</time>
      </trkpt>
      <trkpt lat="47.47900636866689" lon="9.515802087262273">
        <ele>459.0</ele>
        <time>2023-06-25T13:50:30</time>
      </trkpt>
      <trkpt lat="47.47899237088859" lon="9.515278553590178">
        <ele>458.0</ele>
        <time>2023-06-25T13:50:34</time>
      </trkpt>
      <trkpt lat="47.47888105921447" lon="9.514943361282349">
        <ele>458.0</ele>
        <time>2023-06-25T13:50:37</time>
      </trkpt>
      <trkpt lat="47.47882716357708" lon="9.514465173706412">
        <ele>458.0</ele>
        <time>2023-06-25T13:50:41</time>
      </trkpt>
      <trkpt lat="47.478812746703625" lon="9.514353107661009">
        <ele>458.0</ele>
        <time>2023-06-25T13:50:42</time>
      </trkpt>
      <trkpt lat="47.478775614872575" lon="9.514005426317453">
        <ele>457.0</ele>
        <time>2023-06-25T13:50:45</time>
      </trkpt>
      <trkpt lat="47.47874720022082" lon="9.513656152412295">
        <ele>457.0</ele>
        <time>2023-06-25T13:50:48</time>
      </trkpt>
      <trkpt lat="47.478732615709305" lon="9.513538219034672">
        <ele>457.0</ele>
        <time>2023-06-25T13:50:49</time>
      </trkpt>
      <trkpt lat="47.47869187965989" lon="9.513080902397633">
        <ele>457.0</ele>
        <time>2023-06-25T13:50:53</time>
      </trkpt>
      <trkpt lat="47.47866899706423" lon="9.512755768373609">
        <ele>457.0</ele>
        <time>2023-06-25T13:50:56</time>
      </trkpt>
      <trkpt lat="47.47863764874637" lon="9.512101477012038">
        <ele>457.0</ele>
        <time>2023-06-25T13:51:02</time>
      </trkpt>
      <trkpt lat="47.478638822212815" lon="9.511794280260801">
        <ele>457.0</ele>
        <time>2023-06-25T13:51:05</time>
      </trkpt>
      <trkpt lat="47.47860194183886" lon="9.511077040806413">
        <ele>457.0</ele>
        <time>2023-06-25T13:51:12</time>
      </trkpt>
      <trkpt lat="47.47851887717843" lon="9.510366255417466">
        <ele>457.0</ele>
        <time>2023-06-25T13:51:19</time>
      </trkpt>
      <trkpt lat="47.478454587981105" lon="9.509668461978436">
        <ele>457.0</ele>
        <time>2023-06-25T13:51:26</time>
      </trkpt>
      <trkpt lat="47.4784342199564" lon="9.509467966854572">
        <ele>457.0</ele>
        <time>2023-06-25T13:51:28</time>
      </trkpt>
      <trkpt lat="47.47839733958244" lon="9.508768497034907">
        <ele>457.0</ele>
        <time>2023-06-25T13:51:35</time>
      </trkpt>
      <trkpt lat="47.47834847308695" lon="9.507998116314411">
        <ele>457.0</ele>
        <time>2023-06-25T13:51:43</time>
      </trkpt>
      <trkpt lat="47.47832450084388" lon="9.507488999515772">
        <ele>457.0</ele>
        <time>2023-06-25T13:51:48</time>
      </trkpt>
      <trkpt lat="47.47831108979881" lon="9.506932608783245">
        <ele>456.0</ele>
        <time>2023-06-25T13:51:53</time>
      </trkpt>
      <trkpt lat="47.478318214416504" lon="9.506612000986934">
        <ele>456.0</ele>
        <time>2023-06-25T13:51:56</time>
      </trkpt>
      <trkpt lat="47.47838736511767" lon="9.50604789890349">
        <ele>456.0</ele>
        <time>2023-06-25T13:52:02</time>
      </trkpt>
      <trkpt lat="47.47839733958244" lon="9.505854528397322">
        <ele>456.0</ele>
        <time>2023-06-25T13:52:04</time>
      </trkpt>
      <trkpt lat="47.47838870622218" lon="9.505491172894835">
        <ele>455.0</ele>
        <time>2023-06-25T13:52:08</time>
      </trkpt>
      <trkpt lat="47.4783599562943" lon="9.505134606733918">
        <ele>455.0</ele>
        <time>2023-06-25T13:52:12</time>
      </trkpt>
      <trkpt lat="47.47832433320582" lon="9.50486060231924">
        <ele>455.0</ele>
        <time>2023-06-25T13:52:15</time>
      </trkpt>
      <trkpt lat="47.47822584584355" lon="9.504288118332624">
        <ele>454.0</ele>
        <time>2023-06-25T13:52:21</time>
      </trkpt>
      <trkpt lat="47.4781646579504" lon="9.50401377864182">
        <ele>454.0</ele>
        <time>2023-06-25T13:52:24</time>
      </trkpt>
      <trkpt lat="47.478128699585795" lon="9.503845302388072">
        <ele>454.0</ele>
        <time>2023-06-25T13:52:26</time>
      </trkpt>
      <trkpt lat="47.47798687778413" lon="9.50333559885621">
        <ele>453.0</ele>
        <time>2023-06-25T13:52:32</time>
      </trkpt>
      <trkpt lat="47.47794329188764" lon="9.503177516162395">
        <ele>453.0</ele>
        <time>2023-06-25T13:52:34</time>
      </trkpt>
      <trkpt lat="47.47787732630968" lon="9.502814998850226">
        <ele>453.0</ele>
        <time>2023-06-25T13:52:38</time>
      </trkpt>
      <trkpt lat="47.47786081396043" lon="9.502561949193478">
        <ele>452.0</ele>
        <time>2023-06-25T13:52:41</time>
      </trkpt>
      <trkpt lat="47.47785234823823" lon="9.502414846792817">
        <ele>452.0</ele>
        <time>2023-06-25T13:52:43</time>
      </trkpt>
      <trkpt lat="47.47784245759249" lon="9.502330692484975">
        <ele>452.0</ele>
        <time>2023-06-25T13:52:44</time>
      </trkpt>
      <trkpt lat="47.4778192397207" lon="9.501894246786833">
        <ele>451.0</ele>
        <time>2023-06-25T13:52:49</time>
      </trkpt>
      <trkpt lat="47.47782343067229" lon="9.501803638413548">
        <ele>451.0</ele>
        <time>2023-06-25T13:52:50</time>
      </trkpt>
      <trkpt lat="47.47782242484391" lon="9.501708336174488">
        <ele>451.0</ele>
        <time>2023-06-25T13:52:51</time>
      </trkpt>
      <trkpt lat="47.47781731188297" lon="9.501612950116396">
        <ele>451.0</ele>
        <time>2023-06-25T13:52:52</time>
      </trkpt>
      <trkpt lat="47.47781177982688" lon="9.501516977325082">
        <ele>451.0</ele>
        <time>2023-06-25T13:52:53</time>
      </trkpt>
      <trkpt lat="47.47778018005192" lon="9.501104839146137">
        <ele>450.0</ele>
        <time>2023-06-25T13:52:57</time>
      </trkpt>
      <trkpt lat="47.477756375446916" lon="9.50079613365233">
        <ele>450.0</ele>
        <time>2023-06-25T13:53:00</time>
      </trkpt>
      <trkpt lat="47.477738102898" lon="9.500581054016948">
        <ele>450.0</ele>
        <time>2023-06-25T13:53:02</time>
      </trkpt>
      <trkpt lat="47.47772863134742" lon="9.500481896102428">
        <ele>450.0</ele>
        <time>2023-06-25T13:53:03</time>
      </trkpt>
      <trkpt lat="47.47771890833974" lon="9.500379469245672">
        <ele>450.0</ele>
        <time>2023-06-25T13:53:04</time>
      </trkpt>
      <trkpt lat="47.47771052643657" lon="9.500276036560535">
        <ele>450.0</ele>
        <time>2023-06-25T13:53:05</time>
      </trkpt>
      <trkpt lat="47.477703569456935" lon="9.500176711007953">
        <ele>450.0</ele>
        <time>2023-06-25T13:53:06</time>
      </trkpt>
      <trkpt lat="47.477681608870625" lon="9.499868508428335">
        <ele>450.0</ele>
        <time>2023-06-25T13:53:09</time>
      </trkpt>
      <trkpt lat="47.477664425969124" lon="9.49958042241633">
        <ele>450.0</ele>
        <time>2023-06-25T13:53:12</time>
      </trkpt>
      <trkpt lat="47.47769099660218" lon="9.498914061114192">
        <ele>450.0</ele>
        <time>2023-06-25T13:53:19</time>
      </trkpt>
      <trkpt lat="47.47775654308498" lon="9.498294806107879">
        <ele>450.0</ele>
        <time>2023-06-25T13:53:25</time>
      </trkpt>
      <trkpt lat="47.47778101824224" lon="9.498193468898535">
        <ele>450.0</ele>
        <time>2023-06-25T13:53:26</time>
      </trkpt>
      <trkpt lat="47.47781806625426" lon="9.49808869510889">
        <ele>450.0</ele>
        <time>2023-06-25T13:53:27</time>
      </trkpt>
      <trkpt lat="47.477933736518025" lon="9.497802453115582">
        <ele>450.0</ele>
        <time>2023-06-25T13:53:30</time>
      </trkpt>
      <trkpt lat="47.47809140011668" lon="9.497247990220785">
        <ele>450.0</ele>
        <time>2023-06-25T13:53:36</time>
      </trkpt>
      <trkpt lat="47.47827714309096" lon="9.496490769088268">
        <ele>450.0</ele>
        <time>2023-06-25T13:53:44</time>
      </trkpt>
      <trkpt lat="47.47829709202051" lon="9.496388677507639">
        <ele>450.0</ele>
        <time>2023-06-25T13:53:45</time>
      </trkpt>
      <trkpt lat="47.47841049917042" lon="9.49578132480383">
        <ele>450.0</ele>
        <time>2023-06-25T13:53:51</time>
      </trkpt>
      <trkpt lat="47.47843908146024" lon="9.495593067258596">
        <ele>450.0</ele>
        <time>2023-06-25T13:53:53</time>
      </trkpt>
      <trkpt lat="47.47848995961249" lon="9.49520037509501">
        <ele>450.0</ele>
        <time>2023-06-25T13:53:57</time>
      </trkpt>
      <trkpt lat="47.47857419773936" lon="9.494726210832596">
        <ele>450.0</ele>
        <time>2023-06-25T13:54:02</time>
      </trkpt>
      <trkpt lat="47.4786311108619" lon="9.494082648307085">
        <ele>449.0</ele>
        <time>2023-06-25T13:54:09</time>
      </trkpt>
      <trkpt lat="47.47868358157575" lon="9.493477810174227">
        <ele>449.0</ele>
        <time>2023-06-25T13:54:16</time>
      </trkpt>
      <trkpt lat="47.47869514860213" lon="9.493401534855366">
        <ele>449.0</ele>
        <time>2023-06-25T13:54:17</time>
      </trkpt>
      <trkpt lat="47.478726245462894" lon="9.49325560592115">
        <ele>449.0</ele>
        <time>2023-06-25T13:54:19</time>
      </trkpt>
      <trkpt lat="47.47876798734069" lon="9.493122920393944">
        <ele>449.0</ele>
        <time>2023-06-25T13:54:21</time>
      </trkpt>
      <trkpt lat="47.478786427527666" lon="9.49305578134954">
        <ele>449.0</ele>
        <time>2023-06-25T13:54:22</time>
      </trkpt>
      <trkpt lat="47.478796569630504" lon="9.492986211553216">
        <ele>449.0</ele>
        <time>2023-06-25T13:54:23</time>
      </trkpt>
      <trkpt lat="47.4788089748472" lon="9.49278169311583">
        <ele>449.0</ele>
        <time>2023-06-25T13:54:26</time>
      </trkpt>
      <trkpt lat="47.47885012999177" lon="9.492665436118841">
        <ele>449.0</ele>
        <time>2023-06-25T13:54:28</time>
      </trkpt>
      <trkpt lat="47.47885792516172" lon="9.492605924606323">
        <ele>449.0</ele>
        <time>2023-06-25T13:54:29</time>
      </trkpt>
      <trkpt lat="47.47887024655938" lon="9.492542808875442">
        <ele>449.0</ele>
        <time>2023-06-25T13:54:30</time>
      </trkpt>
      <trkpt lat="47.47893461957574" lon="9.49235756881535">
        <ele>448.0</ele>
        <time>2023-06-25T13:54:33</time>
      </trkpt>
      <trkpt lat="47.47906520962715" lon="9.49205121025443">
        <ele>448.0</ele>
        <time>2023-06-25T13:54:38</time>
      </trkpt>
      <trkpt lat="47.47911005280912" lon="9.491921877488494">
        <ele>448.0</ele>
        <time>2023-06-25T13:54:40</time>
      </trkpt>
      <trkpt lat="47.479201164096594" lon="9.491673605516553">
        <ele>447.0</ele>
        <time>2023-06-25T13:54:44</time>
      </trkpt>
      <trkpt lat="47.47923217713833" lon="9.491536058485508">
        <ele>447.0</ele>
        <time>2023-06-25T13:54:46</time>
      </trkpt>
      <trkpt lat="47.479295544326305" lon="9.491193909198046">
        <ele>447.0</ele>
        <time>2023-06-25T13:54:50</time>
      </trkpt>
      <trkpt lat="47.47940182685852" lon="9.490755032747984">
        <ele>447.0</ele>
        <time>2023-06-25T13:54:55</time>
      </trkpt>
      <trkpt lat="47.47941347770393" lon="9.490667190402746">
        <ele>447.0</ele>
        <time>2023-06-25T13:54:56</time>
      </trkpt>
      <trkpt lat="47.47945664450526" lon="9.490218004211783">
        <ele>447.0</ele>
        <time>2023-06-25T13:55:01</time>
      </trkpt>
      <trkpt lat="47.4795135576278" lon="9.489653231576085">
        <ele>446.0</ele>
        <time>2023-06-25T13:55:07</time>
      </trkpt>
      <trkpt lat="47.47953191399574" lon="9.489460028707981">
        <ele>446.0</ele>
        <time>2023-06-25T13:55:09</time>
      </trkpt>
      <trkpt lat="47.47957876883447" lon="9.488976057618856">
        <ele>446.0</ele>
        <time>2023-06-25T13:55:15</time>
      </trkpt>
      <trkpt lat="47.47960760258138" lon="9.488285053521395">
        <ele>446.0</ele>
        <time>2023-06-25T13:55:22</time>
      </trkpt>
      <trkpt lat="47.479632245376706" lon="9.487591534852982">
        <ele>446.0</ele>
        <time>2023-06-25T13:55:29</time>
      </trkpt>
      <trkpt lat="47.47966560535133" lon="9.487049225717783">
        <ele>446.0</ele>
        <time>2023-06-25T13:55:35</time>
      </trkpt>
      <trkpt lat="47.47972570359707" lon="9.486390324309468">
        <ele>446.0</ele>
        <time>2023-06-25T13:55:42</time>
      </trkpt>
      <trkpt lat="47.47982393950224" lon="9.485912891104817">
        <ele>446.0</ele>
        <time>2023-06-25T13:55:47</time>
      </trkpt>
      <trkpt lat="47.47984011657536" lon="9.485815493389964">
        <ele>446.0</ele>
        <time>2023-06-25T13:55:48</time>
      </trkpt>
      <trkpt lat="47.47985780239105" lon="9.485641401261091">
        <ele>446.0</ele>
        <time>2023-06-25T13:55:50</time>
      </trkpt>
      <trkpt lat="47.47986811213195" lon="9.485560767352581">
        <ele>446.0</ele>
        <time>2023-06-25T13:55:51</time>
      </trkpt>
      <trkpt lat="47.47986551374197" lon="9.485411737114191">
        <ele>446.0</ele>
        <time>2023-06-25T13:55:53</time>
      </trkpt>
      <trkpt lat="47.47990951873362" lon="9.48522498831153">
        <ele>446.0</ele>
        <time>2023-06-25T13:55:55</time>
      </trkpt>
      <trkpt lat="47.47992569580674" lon="9.485130943357944">
        <ele>446.0</ele>
        <time>2023-06-25T13:55:56</time>
      </trkpt>
      <trkpt lat="47.480127112939954" lon="9.484575306996703">
        <ele>446.0</ele>
        <time>2023-06-25T13:56:02</time>
      </trkpt>
      <trkpt lat="47.480287961661816" lon="9.484013803303242">
        <ele>446.0</ele>
        <time>2023-06-25T13:56:08</time>
      </trkpt>
      <trkpt lat="47.48045300133526" lon="9.483570232987404">
        <ele>446.0</ele>
        <time>2023-06-25T13:56:13</time>
      </trkpt>
      <trkpt lat="47.480512680485845" lon="9.483394045382738">
        <ele>445.0</ele>
        <time>2023-06-25T13:56:15</time>
      </trkpt>
      <trkpt lat="47.48068048618734" lon="9.482839331030846">
        <ele>445.0</ele>
        <time>2023-06-25T13:56:21</time>
      </trkpt>
      <trkpt lat="47.48071820475161" lon="9.48275308124721">
        <ele>445.0</ele>
        <time>2023-06-25T13:56:22</time>
      </trkpt>
      <trkpt lat="47.48080822639167" lon="9.482595836743712">
        <ele>445.0</ele>
        <time>2023-06-25T13:56:24</time>
      </trkpt>
      <trkpt lat="47.48086757026613" lon="9.482416464015841">
        <ele>445.0</ele>
        <time>2023-06-25T13:56:26</time>
      </trkpt>
      <trkpt lat="47.480902187526226" lon="9.482227955013514">
        <ele>445.0</ele>
        <time>2023-06-25T13:56:28</time>
      </trkpt>
      <trkpt lat="47.480922723188996" lon="9.482138603925705">
        <ele>445.0</ele>
        <time>2023-06-25T13:56:29</time>
      </trkpt>
      <trkpt lat="47.48094686307013" lon="9.482045313343406">
        <ele>445.0</ele>
        <time>2023-06-25T13:56:30</time>
      </trkpt>
      <trkpt lat="47.481178203597665" lon="9.481447767466307">
        <ele>444.0</ele>
        <time>2023-06-25T13:56:37</time>
      </trkpt>
      <trkpt lat="47.481369813904166" lon="9.481026325374842">
        <ele>444.0</ele>
        <time>2023-06-25T13:56:42</time>
      </trkpt>
      <trkpt lat="47.4815115518868" lon="9.480767743662">
        <ele>443.0</ele>
        <time>2023-06-25T13:56:45</time>
      </trkpt>
      <trkpt lat="47.48185663484037" lon="9.480196852236986">
        <ele>443.0</ele>
        <time>2023-06-25T13:56:52</time>
      </trkpt>
      <trkpt lat="47.48225066810846" lon="9.479584554210305">
        <ele>443.0</ele>
        <time>2023-06-25T13:57:00</time>
      </trkpt>
      <trkpt lat="47.48252710327506" lon="9.47926084510982">
        <ele>443.0</ele>
        <time>2023-06-25T13:57:05</time>
      </trkpt>
      <trkpt lat="47.48258234001696" lon="9.479199405759573">
        <ele>443.0</ele>
        <time>2023-06-25T13:57:06</time>
      </trkpt>
      <trkpt lat="47.483009649440646" lon="9.47874535806477">
        <ele>443.0</ele>
        <time>2023-06-25T13:57:14</time>
      </trkpt>
      <trkpt lat="47.48347300104797" lon="9.478272283449769">
        <ele>442.0</ele>
        <time>2023-06-25T13:57:22</time>
      </trkpt>
      <trkpt lat="47.483944315463305" lon="9.477807758376002">
        <ele>442.0</ele>
        <time>2023-06-25T13:57:30</time>
      </trkpt>
      <trkpt lat="47.484393920749426" lon="9.47739235125482">
        <ele>442.0</ele>
        <time>2023-06-25T13:57:38</time>
      </trkpt>
      <trkpt lat="47.484825756400824" lon="9.476975938305259">
        <ele>443.0</ele>
        <time>2023-06-25T13:57:46</time>
      </trkpt>
      <trkpt lat="47.4850704241544" lon="9.476919025182724">
        <ele>443.0</ele>
        <time>2023-06-25T13:57:50</time>
      </trkpt>
      <trkpt lat="47.48551047407091" lon="9.476881977170706">
        <ele>443.0</ele>
        <time>2023-06-25T13:57:57</time>
      </trkpt>
      <trkpt lat="47.48581297695637" lon="9.476757002994418">
        <ele>443.0</ele>
        <time>2023-06-25T13:58:02</time>
      </trkpt>
      <trkpt lat="47.48609930276871" lon="9.476512838155031">
        <ele>443.0</ele>
        <time>2023-06-25T13:58:07</time>
      </trkpt>
      <trkpt lat="47.4865451361984" lon="9.476063484326005">
        <ele>444.0</ele>
        <time>2023-06-25T13:58:15</time>
      </trkpt>
      <trkpt lat="47.48692290857434" lon="9.475657884031534">
        <ele>444.0</ele>
        <time>2023-06-25T13:58:22</time>
      </trkpt>
      <trkpt lat="47.48734728433192" lon="9.475230071693659">
        <ele>444.0</ele>
        <time>2023-06-25T13:58:30</time>
      </trkpt>
      <trkpt lat="47.48773260042071" lon="9.474835954606533">
        <ele>444.0</ele>
        <time>2023-06-25T13:58:38</time>
      </trkpt>
      <trkpt lat="47.48812378384173" lon="9.4744732696563">
        <ele>444.0</ele>
        <time>2023-06-25T13:58:46</time>
      </trkpt>
      <trkpt lat="47.48817449435592" lon="9.474432282149792">
        <ele>444.0</ele>
        <time>2023-06-25T13:58:47</time>
      </trkpt>
      <trkpt lat="47.48836074024439" lon="9.47426120750606">
        <ele>444.0</ele>
        <time>2023-06-25T13:58:51</time>
      </trkpt>
      <trkpt lat="47.48863725923002" lon="9.47396356612444">
        <ele>444.0</ele>
        <time>2023-06-25T13:58:57</time>
      </trkpt>
      <trkpt lat="47.48868813738227" lon="9.473919896408916">
        <ele>444.0</ele>
        <time>2023-06-25T13:58:58</time>
      </trkpt>
      <trkpt lat="47.48884781263769" lon="9.473784528672695">
        <ele>445.0</ele>
        <time>2023-06-25T13:59:01</time>
      </trkpt>
      <trkpt lat="47.4890714418143" lon="9.473600294440985">
        <ele>445.0</ele>
        <time>2023-06-25T13:59:05</time>
      </trkpt>
      <trkpt lat="47.48941627331078" lon="9.473323691636324">
        <ele>446.0</ele>
        <time>2023-06-25T13:59:11</time>
      </trkpt>
      <trkpt lat="47.48958709649742" lon="9.473181450739503">
        <ele>446.0</ele>
        <time>2023-06-25T13:59:14</time>
      </trkpt>
      <trkpt lat="47.48993762768805" lon="9.472902584820986">
        <ele>447.0</ele>
        <time>2023-06-25T13:59:20</time>
      </trkpt>
      <trkpt lat="47.48999420553446" lon="9.472845504060388">
        <ele>447.0</ele>
        <time>2023-06-25T13:59:21</time>
      </trkpt>
      <trkpt lat="47.49048152938485" lon="9.472398413345218">
        <ele>448.0</ele>
        <time>2023-06-25T13:59:29</time>
      </trkpt>
      <trkpt lat="47.49054414220154" lon="9.472351474687457">
        <ele>448.0</ele>
        <time>2023-06-25T13:59:30</time>
      </trkpt>
      <trkpt lat="47.491023084148765" lon="9.471968254074454">
        <ele>449.0</ele>
        <time>2023-06-25T13:59:38</time>
      </trkpt>
      <trkpt lat="47.49124327674508" lon="9.471740936860442">
        <ele>449.0</ele>
        <time>2023-06-25T13:59:42</time>
      </trkpt>
      <trkpt lat="47.49135375022888" lon="9.47162652388215">
        <ele>450.0</ele>
        <time>2023-06-25T13:59:44</time>
      </trkpt>
      <trkpt lat="47.49152222648263" lon="9.471490737050772">
        <ele>450.0</ele>
        <time>2023-06-25T13:59:47</time>
      </trkpt>
      <trkpt lat="47.491632951423526" lon="9.47140708565712">
        <ele>450.0</ele>
        <time>2023-06-25T13:59:49</time>
      </trkpt>
      <trkpt lat="47.49209110625088" lon="9.47103769518435">
        <ele>451.0</ele>
        <time>2023-06-25T13:59:57</time>
      </trkpt>
      <trkpt lat="47.49215070158243" lon="9.470989666879177">
        <ele>451.0</ele>
        <time>2023-06-25T13:59:58</time>
      </trkpt>
      <trkpt lat="47.49255278147757" lon="9.470670400187373">
        <ele>452.0</ele>
        <time>2023-06-25T14:00:05</time>
      </trkpt>
      <trkpt lat="47.492767442017794" lon="9.470466552302241">
        <ele>452.0</ele>
        <time>2023-06-25T14:00:09</time>
      </trkpt>
      <trkpt lat="47.492919405922294" lon="9.470297824591398">
        <ele>452.0</ele>
        <time>2023-06-25T14:00:12</time>
      </trkpt>
      <trkpt lat="47.493320144712925" lon="9.469797257333994">
        <ele>453.0</ele>
        <time>2023-06-25T14:00:20</time>
      </trkpt>
      <trkpt lat="47.49342852272093" lon="9.469648730009794">
        <ele>453.0</ele>
        <time>2023-06-25T14:00:22</time>
      </trkpt>
      <trkpt lat="47.49363010749221" lon="9.469352765008807">
        <ele>453.0</ele>
        <time>2023-06-25T14:00:26</time>
      </trkpt>
      <trkpt lat="47.49393847770989" lon="9.468879103660583">
        <ele>453.0</ele>
        <time>2023-06-25T14:00:32</time>
      </trkpt>
      <trkpt lat="47.49428356066346" lon="9.468430085107684">
        <ele>453.0</ele>
        <time>2023-06-25T14:00:39</time>
      </trkpt>
      <trkpt lat="47.49442311935127" lon="9.468271164223552">
        <ele>453.0</ele>
        <time>2023-06-25T14:00:43</time>
      </trkpt>
      <trkpt lat="47.494488917291164" lon="9.468179633840919">
        <ele>453.0</ele>
        <time>2023-06-25T14:00:45</time>
      </trkpt>
      <trkpt lat="47.494597965851426" lon="9.468004368245602">
        <ele>453.0</ele>
        <time>2023-06-25T14:00:48</time>
      </trkpt>
      <trkpt lat="47.49470776878297" lon="9.467782499268651">
        <ele>453.0</ele>
        <time>2023-06-25T14:00:51</time>
      </trkpt>
      <trkpt lat="47.49480047263205" lon="9.46752886287868">
        <ele>453.0</ele>
        <time>2023-06-25T14:00:54</time>
      </trkpt>
      <trkpt lat="47.49486752785742" lon="9.467257456853986">
        <ele>452.0</ele>
        <time>2023-06-25T14:00:57</time>
      </trkpt>
      <trkpt lat="47.495002979412675" lon="9.466693606227636">
        <ele>452.0</ele>
        <time>2023-06-25T14:01:03</time>
      </trkpt>
      <trkpt lat="47.49513239599764" lon="9.466165713965893">
        <ele>452.0</ele>
        <time>2023-06-25T14:01:09</time>
      </trkpt>
      <trkpt lat="47.49515578150749" lon="9.46607954800129">
        <ele>452.0</ele>
        <time>2023-06-25T14:01:10</time>
      </trkpt>
      <trkpt lat="47.49527547508478" lon="9.465635558590293">
        <ele>452.0</ele>
        <time>2023-06-25T14:01:15</time>
      </trkpt>
      <trkpt lat="47.495340183377266" lon="9.465357782319188">
        <ele>452.0</ele>
        <time>2023-06-25T14:01:18</time>
      </trkpt>
      <trkpt lat="47.495425175875425" lon="9.46509593166411">
        <ele>452.0</ele>
        <time>2023-06-25T14:01:21</time>
      </trkpt>
      <trkpt lat="47.495526764541864" lon="9.4644764252007">
        <ele>451.0</ele>
        <time>2023-06-25T14:01:28</time>
      </trkpt>
      <trkpt lat="47.49565274454653" lon="9.463917352259159">
        <ele>451.0</ele>
        <time>2023-06-25T14:01:34</time>
      </trkpt>
      <trkpt lat="47.495766654610634" lon="9.463320560753345">
        <ele>451.0</ele>
        <time>2023-06-25T14:01:40</time>
      </trkpt>
      <trkpt lat="47.49591610394418" lon="9.4625785946846">
        <ele>450.0</ele>
        <time>2023-06-25T14:01:48</time>
      </trkpt>
      <trkpt lat="47.49600235372782" lon="9.462098646908998">
        <ele>450.0</ele>
        <time>2023-06-25T14:01:53</time>
      </trkpt>
      <trkpt lat="47.49603386968374" lon="9.462009128183126">
        <ele>450.0</ele>
        <time>2023-06-25T14:01:54</time>
      </trkpt>
      <trkpt lat="47.49623503535986" lon="9.461519457399845">
        <ele>450.0</ele>
        <time>2023-06-25T14:02:00</time>
      </trkpt>
      <trkpt lat="47.496407199651" lon="9.46100179105997">
        <ele>449.0</ele>
        <time>2023-06-25T14:02:06</time>
      </trkpt>
      <trkpt lat="47.496509961783886" lon="9.460453195497394">
        <ele>449.0</ele>
        <time>2023-06-25T14:02:12</time>
      </trkpt>
      <trkpt lat="47.49652731232345" lon="9.460364347323775">
        <ele>449.0</ele>
        <time>2023-06-25T14:02:13</time>
      </trkpt>
      <trkpt lat="47.49668807722628" lon="9.459620956331491">
        <ele>448.0</ele>
        <time>2023-06-25T14:02:22</time>
      </trkpt>
      <trkpt lat="47.4967251252383" lon="9.459481816738844">
        <ele>448.0</ele>
        <time>2023-06-25T14:02:24</time>
      </trkpt>
      <trkpt lat="47.49676074832678" lon="9.45944401435554">
        <ele>448.0</ele>
        <time>2023-06-25T14:02:25</time>
      </trkpt>
      <trkpt lat="47.496804501861334" lon="9.459438398480415">
        <ele>448.0</ele>
        <time>2023-06-25T14:02:26</time>
      </trkpt>
      <trkpt lat="47.49688723124564" lon="9.459475865587592">
        <ele>448.0</ele>
        <time>2023-06-25T14:02:28</time>
      </trkpt>
      <trkpt lat="47.497045481577516" lon="9.459556750953197">
        <ele>447.0</ele>
        <time>2023-06-25T14:02:32</time>
      </trkpt>
      <trkpt lat="47.49707247130573" lon="9.459568317979574">
        <ele>447.0</ele>
        <time>2023-06-25T14:02:33</time>
      </trkpt>
      <trkpt lat="47.497111363336444" lon="9.459553314372897">
        <ele>447.0</ele>
        <time>2023-06-25T14:02:35</time>
      </trkpt>
      <trkpt lat="47.497126115486026" lon="9.459508135914803">
        <ele>446.0</ele>
        <time>2023-06-25T14:02:36</time>
      </trkpt>
      <trkpt lat="47.49723189510405" lon="9.459213092923164">
        <ele>446.0</ele>
        <time>2023-06-25T14:02:40</time>
      </trkpt>
      <trkpt lat="47.49736567027867" lon="9.458766086027026">
        <ele>446.0</ele>
        <time>2023-06-25T14:02:45</time>
      </trkpt>
      <trkpt lat="47.497390899807215" lon="9.458674974739552">
        <ele>446.0</ele>
        <time>2023-06-25T14:02:46</time>
      </trkpt>
      <trkpt lat="47.49755283817649" lon="9.458124954253435">
        <ele>445.0</ele>
        <time>2023-06-25T14:02:52</time>
      </trkpt>
      <trkpt lat="47.497584354132414" lon="9.458032250404358">
        <ele>445.0</ele>
        <time>2023-06-25T14:02:53</time>
      </trkpt>
      <trkpt lat="47.497653756290674" lon="9.457856062799692">
        <ele>445.0</ele>
        <time>2023-06-25T14:02:55</time>
      </trkpt>
      <trkpt lat="47.49769407324493" lon="9.457772159948945">
        <ele>445.0</ele>
        <time>2023-06-25T14:02:56</time>
      </trkpt>
      <trkpt lat="47.497739251703024" lon="9.457695130258799">
        <ele>445.0</ele>
        <time>2023-06-25T14:02:57</time>
      </trkpt>
      <trkpt lat="47.49778560362756" lon="9.457618771120906">
        <ele>444.0</ele>
        <time>2023-06-25T14:02:58</time>
      </trkpt>
      <trkpt lat="47.498039826750755" lon="9.457138404250145">
        <ele>444.0</ele>
        <time>2023-06-25T14:03:04</time>
      </trkpt>
      <trkpt lat="47.49807025305927" lon="9.457048550248146">
        <ele>444.0</ele>
        <time>2023-06-25T14:03:05</time>
      </trkpt>
      <trkpt lat="47.49812255613506" lon="9.456851659342647">
        <ele>444.0</ele>
        <time>2023-06-25T14:03:07</time>
      </trkpt>
      <trkpt lat="47.498178631067276" lon="9.456653762608767">
        <ele>443.0</ele>
        <time>2023-06-25T14:03:09</time>
      </trkpt>
      <trkpt lat="47.49841198325157" lon="9.45600550621748">
        <ele>443.0</ele>
        <time>2023-06-25T14:03:16</time>
      </trkpt>
      <trkpt lat="47.498471243306994" lon="9.455821858718991">
        <ele>442.0</ele>
        <time>2023-06-25T14:03:18</time>
      </trkpt>
      <trkpt lat="47.49866662546992" lon="9.455282231792808">
        <ele>442.0</ele>
        <time>2023-06-25T14:03:24</time>
      </trkpt>
      <trkpt lat="47.49876477755606" lon="9.455009065568447">
        <ele>442.0</ele>
        <time>2023-06-25T14:03:27</time>
      </trkpt>
      <trkpt lat="47.498796628788114" lon="9.454920552670956">
        <ele>442.0</ele>
        <time>2023-06-25T14:03:28</time>
      </trkpt>
      <trkpt lat="47.49887625686824" lon="9.454659959301353">
        <ele>442.0</ele>
        <time>2023-06-25T14:03:31</time>
      </trkpt>
      <trkpt lat="47.498968206346035" lon="9.454079428687692">
        <ele>442.0</ele>
        <time>2023-06-25T14:03:37</time>
      </trkpt>
      <trkpt lat="47.49904272146523" lon="9.453333355486393">
        <ele>442.0</ele>
        <time>2023-06-25T14:03:45</time>
      </trkpt>
      <trkpt lat="47.49904456548393" lon="9.452944854274392">
        <ele>442.0</ele>
        <time>2023-06-25T14:03:49</time>
      </trkpt>
      <trkpt lat="47.499000895768404" lon="9.452750058844686">
        <ele>442.0</ele>
        <time>2023-06-25T14:03:51</time>
      </trkpt>
      <trkpt lat="47.498966781422496" lon="9.452550150454044">
        <ele>442.0</ele>
        <time>2023-06-25T14:03:53</time>
      </trkpt>
      <trkpt lat="47.49897038564086" lon="9.452450489625335">
        <ele>442.0</ele>
        <time>2023-06-25T14:03:54</time>
      </trkpt>
      <trkpt lat="47.49898497015238" lon="9.452348900958896">
        <ele>442.0</ele>
        <time>2023-06-25T14:03:55</time>
      </trkpt>
      <trkpt lat="47.49905445612967" lon="9.452062658965588">
        <ele>442.0</ele>
        <time>2023-06-25T14:03:58</time>
      </trkpt>
      <trkpt lat="47.499179765582085" lon="9.451715480536222">
        <ele>442.0</ele>
        <time>2023-06-25T14:04:02</time>
      </trkpt>
      <trkpt lat="47.499215472489595" lon="9.45163618773222">
        <ele>442.0</ele>
        <time>2023-06-25T14:04:03</time>
      </trkpt>
      <trkpt lat="47.49949559569359" lon="9.451100919395685">
        <ele>442.0</ele>
        <time>2023-06-25T14:04:10</time>
      </trkpt>
      <trkpt lat="47.4997385032475" lon="9.450653158128262">
        <ele>442.0</ele>
        <time>2023-06-25T14:04:16</time>
      </trkpt>
      <trkpt lat="47.50001275911927" lon="9.450113447383046">
        <ele>442.0</ele>
        <time>2023-06-25T14:04:23</time>
      </trkpt>
      <trkpt lat="47.50030000694096" lon="9.44954632781446">
        <ele>442.0</ele>
        <time>2023-06-25T14:04:30</time>
      </trkpt>
      <trkpt lat="47.5004515517503" lon="9.449155982583761">
        <ele>442.0</ele>
        <time>2023-06-25T14:04:35</time>
      </trkpt>
      <trkpt lat="47.50046839937568" lon="9.449078366160393">
        <ele>443.0</ele>
        <time>2023-06-25T14:04:36</time>
      </trkpt>
      <trkpt lat="47.500503519549966" lon="9.448916763067245">
        <ele>443.0</ele>
        <time>2023-06-25T14:04:38</time>
      </trkpt>
      <trkpt lat="47.50055749900639" lon="9.448735546320677">
        <ele>443.0</ele>
        <time>2023-06-25T14:04:41</time>
      </trkpt>
      <trkpt lat="47.50067660585046" lon="9.448581989854574">
        <ele>443.0</ele>
        <time>2023-06-25T14:04:44</time>
      </trkpt>
      <trkpt lat="47.50092429108918" lon="9.448275296017528">
        <ele>444.0</ele>
        <time>2023-06-25T14:04:49</time>
      </trkpt>
      <trkpt lat="47.50129661522806" lon="9.447846561670303">
        <ele>445.0</ele>
        <time>2023-06-25T14:04:56</time>
      </trkpt>
      <trkpt lat="47.50134808011353" lon="9.447784787043929">
        <ele>445.0</ele>
        <time>2023-06-25T14:04:57</time>
      </trkpt>
      <trkpt lat="47.50144715420902" lon="9.447658639401197">
        <ele>445.0</ele>
        <time>2023-06-25T14:04:59</time>
      </trkpt>
      <trkpt lat="47.501691821962595" lon="9.447372732684016">
        <ele>446.0</ele>
        <time>2023-06-25T14:05:04</time>
      </trkpt>
      <trkpt lat="47.50174437649548" lon="9.447325123474002">
        <ele>446.0</ele>
        <time>2023-06-25T14:05:05</time>
      </trkpt>
      <trkpt lat="47.501986529678106" lon="9.446931593120098">
        <ele>447.0</ele>
        <time>2023-06-25T14:05:11</time>
      </trkpt>
      <trkpt lat="47.50202910974622" lon="9.446867471560836">
        <ele>447.0</ele>
        <time>2023-06-25T14:05:12</time>
      </trkpt>
      <trkpt lat="47.502308981493115" lon="9.44651585072279">
        <ele>448.0</ele>
        <time>2023-06-25T14:05:18</time>
      </trkpt>
      <trkpt lat="47.50248994678259" lon="9.446279229596257">
        <ele>448.0</ele>
        <time>2023-06-25T14:05:22</time>
      </trkpt>
      <trkpt lat="47.502625817433" lon="9.446096839383245">
        <ele>448.0</ele>
        <time>2023-06-25T14:05:25</time>
      </trkpt>
      <trkpt lat="47.502877190709114" lon="9.445565259084105">
        <ele>448.0</ele>
        <time>2023-06-25T14:05:32</time>
      </trkpt>
      <trkpt lat="47.503037955611944" lon="9.445188408717513">
        <ele>448.0</ele>
        <time>2023-06-25T14:05:37</time>
      </trkpt>
      <trkpt lat="47.50309260562062" lon="9.445018591359258">
        <ele>448.0</ele>
        <time>2023-06-25T14:05:39</time>
      </trkpt>
      <trkpt lat="47.503116661682725" lon="9.444934939965606">
        <ele>448.0</ele>
        <time>2023-06-25T14:05:40</time>
      </trkpt>
      <trkpt lat="47.503244653344154" lon="9.444303950294852">
        <ele>448.0</ele>
        <time>2023-06-25T14:05:47</time>
      </trkpt>
      <trkpt lat="47.503265189006925" lon="9.444112088531256">
        <ele>448.0</ele>
        <time>2023-06-25T14:05:49</time>
      </trkpt>
      <trkpt lat="47.50329821370542" lon="9.44390757009387">
        <ele>448.0</ele>
        <time>2023-06-25T14:05:51</time>
      </trkpt>
      <trkpt lat="47.503301817923784" lon="9.44380841217935">
        <ele>448.0</ele>
        <time>2023-06-25T14:05:52</time>
      </trkpt>
      <trkpt lat="47.50328002497554" lon="9.44332368671894">
        <ele>448.0</ele>
        <time>2023-06-25T14:05:57</time>
      </trkpt>
      <trkpt lat="47.5032923463732" lon="9.44259856827557">
        <ele>448.0</ele>
        <time>2023-06-25T14:06:05</time>
      </trkpt>
      <trkpt lat="47.50326879322529" lon="9.442175030708313">
        <ele>448.0</ele>
        <time>2023-06-25T14:06:10</time>
      </trkpt>
      <trkpt lat="47.50331447459757" lon="9.442065563052893">
        <ele>448.0</ele>
        <time>2023-06-25T14:06:12</time>
      </trkpt>
      <trkpt lat="47.503344817087054" lon="9.442018289119005">
        <ele>448.0</ele>
        <time>2023-06-25T14:06:13</time>
      </trkpt>
      <trkpt lat="47.50361127778888" lon="9.441808490082622">
        <ele>448.0</ele>
        <time>2023-06-25T14:06:19</time>
      </trkpt>
      <trkpt lat="47.50379601493478" lon="9.441607994958758">
        <ele>448.0</ele>
        <time>2023-06-25T14:06:23</time>
      </trkpt>
      <trkpt lat="47.50383717007935" lon="9.441541526466608">
        <ele>448.0</ele>
        <time>2023-06-25T14:06:24</time>
      </trkpt>
      <trkpt lat="47.503934148699045" lon="9.441400710493326">
        <ele>447.0</ele>
        <time>2023-06-25T14:06:26</time>
      </trkpt>
      <trkpt lat="47.50397781841457" lon="9.44132368080318">
        <ele>447.0</ele>
        <time>2023-06-25T14:06:27</time>
      </trkpt>
      <trkpt lat="47.50401847064495" lon="9.44124598056078">
        <ele>447.0</ele>
        <time>2023-06-25T14:06:28</time>
      </trkpt>
      <trkpt lat="47.50407555140555" lon="9.44116828031838">
        <ele>447.0</ele>
        <time>2023-06-25T14:06:29</time>
      </trkpt>
      <trkpt lat="47.504144283011556" lon="9.440999384969473">
        <ele>447.0</ele>
        <time>2023-06-25T14:06:31</time>
      </trkpt>
      <trkpt lat="47.504190718755126" lon="9.440815318375826">
        <ele>447.0</ele>
        <time>2023-06-25T14:06:33</time>
      </trkpt>
      <trkpt lat="47.504236651584506" lon="9.440643573179841">
        <ele>447.0</ele>
        <time>2023-06-25T14:06:35</time>
      </trkpt>
      <trkpt lat="47.5042783934623" lon="9.44028533063829">
        <ele>447.0</ele>
        <time>2023-06-25T14:06:39</time>
      </trkpt>
      <trkpt lat="47.504283003509045" lon="9.440201679244637">
        <ele>447.0</ele>
        <time>2023-06-25T14:06:40</time>
      </trkpt>
      <trkpt lat="47.504282081499696" lon="9.440121464431286">
        <ele>447.0</ele>
        <time>2023-06-25T14:06:41</time>
      </trkpt>
      <trkpt lat="47.50427923165262" lon="9.440044183284044">
        <ele>447.0</ele>
        <time>2023-06-25T14:06:42</time>
      </trkpt>
      <trkpt lat="47.50425727106631" lon="9.439889201894403">
        <ele>447.0</ele>
        <time>2023-06-25T14:06:44</time>
      </trkpt>
      <trkpt lat="47.504259617999196" lon="9.439805885776877">
        <ele>447.0</ele>
        <time>2023-06-25T14:06:45</time>
      </trkpt>
      <trkpt lat="47.50427017919719" lon="9.439723994582891">
        <ele>447.0</ele>
        <time>2023-06-25T14:06:46</time>
      </trkpt>
      <trkpt lat="47.504307478666306" lon="9.439417384564877">
        <ele>446.0</ele>
        <time>2023-06-25T14:06:50</time>
      </trkpt>
      <trkpt lat="47.50432734377682" lon="9.439208088442683">
        <ele>446.0</ele>
        <time>2023-06-25T14:06:53</time>
      </trkpt>
      <trkpt lat="47.50430001877248" lon="9.43898806348443">
        <ele>446.0</ele>
        <time>2023-06-25T14:06:56</time>
      </trkpt>
      <trkpt lat="47.50420815311372" lon="9.438729314133525">
        <ele>446.0</ele>
        <time>2023-06-25T14:07:00</time>
      </trkpt>
      <trkpt lat="47.50418342649937" lon="9.438677681609988">
        <ele>446.0</ele>
        <time>2023-06-25T14:07:01</time>
      </trkpt>
      <trkpt lat="47.50412676483393" lon="9.438542649149895">
        <ele>445.0</ele>
        <time>2023-06-25T14:07:05</time>
      </trkpt>
      <trkpt lat="47.50412408262491" lon="9.438451956957579">
        <ele>445.0</ele>
        <time>2023-06-25T14:07:07</time>
      </trkpt>
      <trkpt lat="47.50415149144828" lon="9.438402922824025">
        <ele>445.0</ele>
        <time>2023-06-25T14:07:08</time>
      </trkpt>
      <trkpt lat="47.50417864881456" lon="9.438346344977617">
        <ele>445.0</ele>
        <time>2023-06-25T14:07:09</time>
      </trkpt>
      <trkpt lat="47.504290798678994" lon="9.43817887455225">
        <ele>445.0</ele>
        <time>2023-06-25T14:07:12</time>
      </trkpt>
      <trkpt lat="47.50444837845862" lon="9.437917694449425">
        <ele>445.0</ele>
        <time>2023-06-25T14:07:16</time>
      </trkpt>
      <trkpt lat="47.504565473645926" lon="9.43772591650486">
        <ele>445.0</ele>
        <time>2023-06-25T14:07:19</time>
      </trkpt>
      <trkpt lat="47.504655327647924" lon="9.43760136142373">
        <ele>445.0</ele>
        <time>2023-06-25T14:07:21</time>
      </trkpt>
      <trkpt lat="47.5048138294369" lon="9.437450990080833">
        <ele>445.0</ele>
        <time>2023-06-25T14:07:24</time>
      </trkpt>
      <trkpt lat="47.504929499700665" lon="9.43740639835596">
        <ele>445.0</ele>
        <time>2023-06-25T14:07:26</time>
      </trkpt>
      <trkpt lat="47.50504760071635" lon="9.437411846593022">
        <ele>445.0</ele>
        <time>2023-06-25T14:07:28</time>
      </trkpt>
      <trkpt lat="47.505276845768094" lon="9.437422323971987">
        <ele>444.0</ele>
        <time>2023-06-25T14:07:32</time>
      </trkpt>
      <trkpt lat="47.50537935644388" lon="9.43734479136765">
        <ele>444.0</ele>
        <time>2023-06-25T14:07:34</time>
      </trkpt>
      <trkpt lat="47.50556459650397" lon="9.4369778316468">
        <ele>444.0</ele>
        <time>2023-06-25T14:07:39</time>
      </trkpt>
      <trkpt lat="47.505885707214475" lon="9.436425883322954">
        <ele>444.0</ele>
        <time>2023-06-25T14:07:47</time>
      </trkpt>
      <trkpt lat="47.50618636608124" lon="9.43597812205553">
        <ele>444.0</ele>
        <time>2023-06-25T14:07:54</time>
      </trkpt>
      <trkpt lat="47.506408989429474" lon="9.435781482607126">
        <ele>444.0</ele>
        <time>2023-06-25T14:07:58</time>
      </trkpt>
      <trkpt lat="47.50651778653264" lon="9.435709733515978">
        <ele>444.0</ele>
        <time>2023-06-25T14:08:00</time>
      </trkpt>
      <trkpt lat="47.50668584369123" lon="9.435575790703297">
        <ele>444.0</ele>
        <time>2023-06-25T14:08:04</time>
      </trkpt>
      <trkpt lat="47.50703025609255" lon="9.435335732996464">
        <ele>444.0</ele>
        <time>2023-06-25T14:08:10</time>
      </trkpt>
      <trkpt lat="47.5073020812124" lon="9.435186116024852">
        <ele>444.0</ele>
        <time>2023-06-25T14:08:15</time>
      </trkpt>
      <trkpt lat="47.50762738287449" lon="9.435013281181455">
        <ele>444.0</ele>
        <time>2023-06-25T14:08:21</time>
      </trkpt>
      <trkpt lat="47.50767222605646" lon="9.434978496283293">
        <ele>444.0</ele>
        <time>2023-06-25T14:08:22</time>
      </trkpt>
      <trkpt lat="47.507823184132576" lon="9.434902891516685">
        <ele>444.0</ele>
        <time>2023-06-25T14:08:26</time>
      </trkpt>
      <trkpt lat="47.507840283215046" lon="9.434878751635551">
        <ele>444.0</ele>
        <time>2023-06-25T14:08:27</time>
      </trkpt>
      <trkpt lat="47.50785947777331" lon="9.43481169641018">
        <ele>444.0</ele>
        <time>2023-06-25T14:08:29</time>
      </trkpt>
      <trkpt lat="47.50784531235695" lon="9.434638191014528">
        <ele>444.0</ele>
        <time>2023-06-25T14:08:33</time>
      </trkpt>
      <trkpt lat="47.50775353051722" lon="9.434270560741425">
        <ele>444.0</ele>
        <time>2023-06-25T14:08:38</time>
      </trkpt>
      <trkpt lat="47.50772478058934" lon="9.434190765023232">
        <ele>444.0</ele>
        <time>2023-06-25T14:08:39</time>
      </trkpt>
      <trkpt lat="47.50769225880504" lon="9.434001334011555">
        <ele>445.0</ele>
        <time>2023-06-25T14:08:42</time>
      </trkpt>
      <trkpt lat="47.50771539285779" lon="9.43395422771573">
        <ele>445.0</ele>
        <time>2023-06-25T14:08:43</time>
      </trkpt>
      <trkpt lat="47.50774866901338" lon="9.433930674567819">
        <ele>445.0</ele>
        <time>2023-06-25T14:08:44</time>
      </trkpt>
      <trkpt lat="47.507837265729904" lon="9.433917347341776">
        <ele>445.0</ele>
        <time>2023-06-25T14:08:46</time>
      </trkpt>
      <trkpt lat="47.508103139698505" lon="9.43391022272408">
        <ele>445.0</ele>
        <time>2023-06-25T14:08:51</time>
      </trkpt>
      <trkpt lat="47.5083830114454" lon="9.433894380927086">
        <ele>444.0</ele>
        <time>2023-06-25T14:08:56</time>
      </trkpt>
      <trkpt lat="47.508443193510175" lon="9.433899158611894">
        <ele>444.0</ele>
        <time>2023-06-25T14:08:57</time>
      </trkpt>
      <trkpt lat="47.50850345939398" lon="9.433902511373162">
        <ele>444.0</ele>
        <time>2023-06-25T14:08:58</time>
      </trkpt>
      <trkpt lat="47.50855567865074" lon="9.43390041589737">
        <ele>444.0</ele>
        <time>2023-06-25T14:08:59</time>
      </trkpt>
      <trkpt lat="47.508607394993305" lon="9.43390041589737">
        <ele>444.0</ele>
        <time>2023-06-25T14:09:00</time>
      </trkpt>
      <trkpt lat="47.50893554650247" lon="9.43386135622859">
        <ele>444.0</ele>
        <time>2023-06-25T14:09:06</time>
      </trkpt>
      <trkpt lat="47.50906588509679" lon="9.433840736746788">
        <ele>444.0</ele>
        <time>2023-06-25T14:09:08</time>
      </trkpt>
      <trkpt lat="47.509323209524155" lon="9.433862864971161">
        <ele>444.0</ele>
        <time>2023-06-25T14:09:12</time>
      </trkpt>
      <trkpt lat="47.50971053726971" lon="9.433846268802881">
        <ele>444.0</ele>
        <time>2023-06-25T14:09:18</time>
      </trkpt>
      <trkpt lat="47.51010071486235" lon="9.43381299264729">
        <ele>444.0</ele>
        <time>2023-06-25T14:09:24</time>
      </trkpt>
      <trkpt lat="47.51057295128703" lon="9.433742836117744">
        <ele>444.0</ele>
        <time>2023-06-25T14:09:30</time>
      </trkpt>
      <trkpt lat="47.5110374763608" lon="9.43373529240489">
        <ele>443.0</ele>
        <time>2023-06-25T14:09:37</time>
      </trkpt>
      <trkpt lat="47.51122808083892" lon="9.433708135038614">
        <ele>443.0</ele>
        <time>2023-06-25T14:09:40</time>
      </trkpt>
      <trkpt lat="47.51148431561887" lon="9.433711236342788">
        <ele>443.0</ele>
        <time>2023-06-25T14:09:44</time>
      </trkpt>
      <trkpt lat="47.51186820678413" lon="9.43371090106666">
        <ele>443.0</ele>
        <time>2023-06-25T14:09:50</time>
      </trkpt>
      <trkpt lat="47.5122254434973" lon="9.433772843331099">
        <ele>443.0</ele>
        <time>2023-06-25T14:09:56</time>
      </trkpt>
      <trkpt lat="47.51249425113201" lon="9.433885663747787">
        <ele>443.0</ele>
        <time>2023-06-25T14:10:01</time>
      </trkpt>
      <trkpt lat="47.51274176873267" lon="9.433984402567148">
        <ele>443.0</ele>
        <time>2023-06-25T14:10:06</time>
      </trkpt>
      <trkpt lat="47.51299305818975" lon="9.434105604887009">
        <ele>443.0</ele>
        <time>2023-06-25T14:10:10</time>
      </trkpt>
      <trkpt lat="47.5132202077657" lon="9.434292437508702">
        <ele>443.0</ele>
        <time>2023-06-25T14:10:14</time>
      </trkpt>
      <trkpt lat="47.51332682557404" lon="9.434400480240583">
        <ele>443.0</ele>
        <time>2023-06-25T14:10:16</time>
      </trkpt>
      <trkpt lat="47.513492200523615" lon="9.434539703652263">
        <ele>443.0</ele>
        <time>2023-06-25T14:10:19</time>
      </trkpt>
      <trkpt lat="47.51354039646685" lon="9.434593515470624">
        <ele>443.0</ele>
        <time>2023-06-25T14:10:20</time>
      </trkpt>
      <trkpt lat="47.51374214887619" lon="9.434836423024535">
        <ele>443.0</ele>
        <time>2023-06-25T14:10:24</time>
      </trkpt>
      <trkpt lat="47.513995449990034" lon="9.435320729389787">
        <ele>443.0</ele>
        <time>2023-06-25T14:10:31</time>
      </trkpt>
      <trkpt lat="47.51425310969353" lon="9.435884496197104">
        <ele>444.0</ele>
        <time>2023-06-25T14:10:39</time>
      </trkpt>
      <trkpt lat="47.514416724443436" lon="9.436300154775381">
        <ele>444.0</ele>
        <time>2023-06-25T14:10:45</time>
      </trkpt>
      <trkpt lat="47.51452459953725" lon="9.436501655727625">
        <ele>444.0</ele>
        <time>2023-06-25T14:10:48</time>
      </trkpt>
      <trkpt lat="47.514601461589336" lon="9.4365703035146">
        <ele>444.0</ele>
        <time>2023-06-25T14:10:50</time>
      </trkpt>
      <trkpt lat="47.51468041911721" lon="9.436645405367017">
        <ele>444.0</ele>
        <time>2023-06-25T14:10:52</time>
      </trkpt>
      <trkpt lat="47.51475979574025" lon="9.436705755069852">
        <ele>444.0</ele>
        <time>2023-06-25T14:10:54</time>
      </trkpt>
      <trkpt lat="47.5147950835526" lon="9.43673056550324">
        <ele>444.0</ele>
        <time>2023-06-25T14:10:55</time>
      </trkpt>
      <trkpt lat="47.51495098695159" lon="9.436801979318261">
        <ele>445.0</ele>
        <time>2023-06-25T14:11:00</time>
      </trkpt>
      <trkpt lat="47.51503262668848" lon="9.436793345957994">
        <ele>445.0</ele>
        <time>2023-06-25T14:11:02</time>
      </trkpt>
      <trkpt lat="47.51513279043138" lon="9.436758980154991">
        <ele>445.0</ele>
        <time>2023-06-25T14:11:05</time>
      </trkpt>
      <trkpt lat="47.51530562527478" lon="9.436674825847149">
        <ele>445.0</ele>
        <time>2023-06-25T14:11:09</time>
      </trkpt>
      <trkpt lat="47.51533932052553" lon="9.436646914109588">
        <ele>445.0</ele>
        <time>2023-06-25T14:11:10</time>
      </trkpt>
      <trkpt lat="47.5154703296721" lon="9.436479192227125">
        <ele>446.0</ele>
        <time>2023-06-25T14:11:15</time>
      </trkpt>
      <trkpt lat="47.51553621143103" lon="9.436326390132308">
        <ele>446.0</ele>
        <time>2023-06-25T14:11:18</time>
      </trkpt>
      <trkpt lat="47.51559195108712" lon="9.436226477846503">
        <ele>446.0</ele>
        <time>2023-06-25T14:11:20</time>
      </trkpt>
      <trkpt lat="47.51568331383169" lon="9.436093037948012">
        <ele>447.0</ele>
        <time>2023-06-25T14:11:23</time>
      </trkpt>
      <trkpt lat="47.515751207247376" lon="9.436015337705612">
        <ele>447.0</ele>
        <time>2023-06-25T14:11:25</time>
      </trkpt>
      <trkpt lat="47.51581775955856" lon="9.43593068048358">
        <ele>447.0</ele>
        <time>2023-06-25T14:11:27</time>
      </trkpt>
      <trkpt lat="47.51586318947375" lon="9.43582657724619">
        <ele>447.0</ele>
        <time>2023-06-25T14:11:29</time>
      </trkpt>
      <trkpt lat="47.51591155305505" lon="9.435752397403121">
        <ele>448.0</ele>
        <time>2023-06-25T14:11:31</time>
      </trkpt>
      <trkpt lat="47.51593116670847" lon="9.435659861192107">
        <ele>448.0</ele>
        <time>2023-06-25T14:11:33</time>
      </trkpt>
      <trkpt lat="47.51595069654286" lon="9.43556958809495">
        <ele>448.0</ele>
        <time>2023-06-25T14:11:35</time>
      </trkpt>
      <trkpt lat="47.515984643250704" lon="9.43541913293302">
        <ele>449.0</ele>
        <time>2023-06-25T14:11:38</time>
      </trkpt>
      <trkpt lat="47.51599956303835" lon="9.435298768803477">
        <ele>449.0</ele>
        <time>2023-06-25T14:11:40</time>
      </trkpt>
      <trkpt lat="47.51602655276656" lon="9.435180583968759">
        <ele>449.0</ele>
        <time>2023-06-25T14:11:42</time>
      </trkpt>
      <trkpt lat="47.51603778451681" lon="9.435061728581786">
        <ele>450.0</ele>
        <time>2023-06-25T14:11:44</time>
      </trkpt>
      <trkpt lat="47.51602487638593" lon="9.434994840994477">
        <ele>450.0</ele>
        <time>2023-06-25T14:11:45</time>
      </trkpt>
      <trkpt lat="47.516004759818316" lon="9.43486743606627">
        <ele>450.0</ele>
        <time>2023-06-25T14:11:47</time>
      </trkpt>
      <trkpt lat="47.51598774455488" lon="9.434751430526376">
        <ele>450.0</ele>
        <time>2023-06-25T14:11:49</time>
      </trkpt>
      <trkpt lat="47.51600844785571" lon="9.434633078053594">
        <ele>451.0</ele>
        <time>2023-06-25T14:11:52</time>
      </trkpt>
      <trkpt lat="47.51602504402399" lon="9.43461924791336">
        <ele>451.0</ele>
        <time>2023-06-25T14:11:53</time>
      </trkpt>
      <trkpt lat="47.5161680392921" lon="9.434685884043574">
        <ele>451.0</ele>
        <time>2023-06-25T14:11:54</time>
      </trkpt>
      <trkpt lat="47.51623911783099" lon="9.434706000611186">
        <ele>452.0</ele>
        <time>2023-06-25T14:11:56</time>
      </trkpt>
      <trkpt lat="47.51641413196921" lon="9.434768026694655">
        <ele>452.0</ele>
        <time>2023-06-25T14:12:00</time>
      </trkpt>
      <trkpt lat="47.51645746640861" lon="9.434780515730381">
        <ele>452.0</ele>
        <time>2023-06-25T14:12:01</time>
      </trkpt>
      <trkpt lat="47.516541285440326" lon="9.434800716117024">
        <ele>452.0</ele>
        <time>2023-06-25T14:12:03</time>
      </trkpt>
      <trkpt lat="47.51663566567004" lon="9.434832567349076">
        <ele>453.0</ele>
        <time>2023-06-25T14:12:06</time>
      </trkpt>
      <trkpt lat="47.51667874865234" lon="9.434836087748408">
        <ele>453.0</ele>
        <time>2023-06-25T14:12:08</time>
      </trkpt>
      <trkpt lat="47.51670951023698" lon="9.434903394430876">
        <ele>453.0</ele>
        <time>2023-06-25T14:12:09</time>
      </trkpt>
      <trkpt lat="47.51673582941294" lon="9.4349608104676">
        <ele>453.0</ele>
        <time>2023-06-25T14:12:10</time>
      </trkpt>
      <trkpt lat="47.51684881746769" lon="9.435040857642889">
        <ele>453.0</ele>
        <time>2023-06-25T14:12:14</time>
      </trkpt>
      <trkpt lat="47.51707747578621" lon="9.435097686946392">
        <ele>454.0</ele>
        <time>2023-06-25T14:12:17</time>
      </trkpt>
      <trkpt lat="47.51732558012009" lon="9.435215452685952">
        <ele>454.0</ele>
        <time>2023-06-25T14:12:21</time>
      </trkpt>
      <trkpt lat="47.51746287569404" lon="9.43526909686625">
        <ele>454.0</ele>
        <time>2023-06-25T14:12:23</time>
      </trkpt>
      <trkpt lat="47.51771902665496" lon="9.43542055785656">
        <ele>454.0</ele>
        <time>2023-06-25T14:12:27</time>
      </trkpt>
      <trkpt lat="47.517838133499026" lon="9.43549138493836">
        <ele>454.0</ele>
        <time>2023-06-25T14:12:29</time>
      </trkpt>
      <trkpt lat="47.518140552565455" lon="9.435630021616817">
        <ele>454.0</ele>
        <time>2023-06-25T14:12:34</time>
      </trkpt>
      <trkpt lat="47.51821515150368" lon="9.43562725558877">
        <ele>454.0</ele>
        <time>2023-06-25T14:12:36</time>
      </trkpt>
      <trkpt lat="47.518246080726385" lon="9.435608563944697">
        <ele>454.0</ele>
        <time>2023-06-25T14:12:37</time>
      </trkpt>
      <trkpt lat="47.518283631652594" lon="9.43558132275939">
        <ele>454.0</ele>
        <time>2023-06-25T14:12:38</time>
      </trkpt>
      <trkpt lat="47.51833953894675" lon="9.435496246442199">
        <ele>454.0</ele>
        <time>2023-06-25T14:12:40</time>
      </trkpt>
      <trkpt lat="47.518375581130385" lon="9.4353839289397">
        <ele>454.0</ele>
        <time>2023-06-25T14:12:42</time>
      </trkpt>
      <trkpt lat="47.51840843819082" lon="9.435254009440541">
        <ele>454.0</ele>
        <time>2023-06-25T14:12:44</time>
      </trkpt>
      <trkpt lat="47.51846979372203" lon="9.434959385544062">
        <ele>454.0</ele>
        <time>2023-06-25T14:12:48</time>
      </trkpt>
      <trkpt lat="47.518552942201495" lon="9.43456501699984">
        <ele>455.0</ele>
        <time>2023-06-25T14:12:54</time>
      </trkpt>
      <trkpt lat="47.51858605071902" lon="9.43445940501988">
        <ele>455.0</ele>
        <time>2023-06-25T14:12:56</time>
      </trkpt>
      <trkpt lat="47.51867422834039" lon="9.434216413646936">
        <ele>454.0</ele>
        <time>2023-06-25T14:13:00</time>
      </trkpt>
      <trkpt lat="47.51874681562185" lon="9.434001501649618">
        <ele>454.0</ele>
        <time>2023-06-25T14:13:03</time>
      </trkpt>
      <trkpt lat="47.51879467628896" lon="9.433838976547122">
        <ele>454.0</ele>
        <time>2023-06-25T14:13:05</time>
      </trkpt>
      <trkpt lat="47.518841698765755" lon="9.43367812782526">
        <ele>454.0</ele>
        <time>2023-06-25T14:13:07</time>
      </trkpt>
      <trkpt lat="47.519035236909986" lon="9.433173704892397">
        <ele>454.0</ele>
        <time>2023-06-25T14:13:14</time>
      </trkpt>
      <trkpt lat="47.51916289329529" lon="9.432824598625302">
        <ele>454.0</ele>
        <time>2023-06-25T14:13:19</time>
      </trkpt>
      <trkpt lat="47.51918904483318" lon="9.432754023000598">
        <ele>454.0</ele>
        <time>2023-06-25T14:13:20</time>
      </trkpt>
      <trkpt lat="47.51930848695338" lon="9.43251522257924">
        <ele>454.0</ele>
        <time>2023-06-25T14:13:24</time>
      </trkpt>
      <trkpt lat="47.519347378984094" lon="9.432479096576571">
        <ele>454.0</ele>
        <time>2023-06-25T14:13:25</time>
      </trkpt>
      <trkpt lat="47.51936816610396" lon="9.432433834299445">
        <ele>454.0</ele>
        <time>2023-06-25T14:13:26</time>
      </trkpt>
      <trkpt lat="47.519453996792436" lon="9.432255467399955">
        <ele>454.0</ele>
        <time>2023-06-25T14:13:29</time>
      </trkpt>
      <trkpt lat="47.51950638368726" lon="9.432018678635359">
        <ele>454.0</ele>
        <time>2023-06-25T14:13:32</time>
      </trkpt>
      <trkpt lat="47.51954225823283" lon="9.431930920109153">
        <ele>454.0</ele>
        <time>2023-06-25T14:13:33</time>
      </trkpt>
      <trkpt lat="47.51958961598575" lon="9.431680887937546">
        <ele>454.0</ele>
        <time>2023-06-25T14:13:36</time>
      </trkpt>
      <trkpt lat="47.519674776121974" lon="9.43133127875626">
        <ele>454.0</ele>
        <time>2023-06-25T14:13:40</time>
      </trkpt>
      <trkpt lat="47.51970771700144" lon="9.431251734495163">
        <ele>454.0</ele>
        <time>2023-06-25T14:13:41</time>
      </trkpt>
      <trkpt lat="47.51973235979676" lon="9.431110583245754">
        <ele>455.0</ele>
        <time>2023-06-25T14:13:43</time>
      </trkpt>
      <trkpt lat="47.51970570534468" lon="9.430958619341254">
        <ele>455.0</ele>
        <time>2023-06-25T14:13:45</time>
      </trkpt>
      <trkpt lat="47.519661700353026" lon="9.430758208036423">
        <ele>455.0</ele>
        <time>2023-06-25T14:13:47</time>
      </trkpt>
      <trkpt lat="47.51967444084585" lon="9.43054212257266">
        <ele>455.0</ele>
        <time>2023-06-25T14:13:49</time>
      </trkpt>
      <trkpt lat="47.519676284864545" lon="9.430441288277507">
        <ele>455.0</ele>
        <time>2023-06-25T14:13:50</time>
      </trkpt>
      <trkpt lat="47.51954703591764" lon="9.430218832567334">
        <ele>455.0</ele>
        <time>2023-06-25T14:13:52</time>
      </trkpt>
      <trkpt lat="47.51939171925187" lon="9.430070221424103">
        <ele>455.0</ele>
        <time>2023-06-25T14:13:55</time>
      </trkpt>
      <trkpt lat="47.51937654800713" lon="9.429922280833125">
        <ele>455.0</ele>
        <time>2023-06-25T14:13:57</time>
      </trkpt>
      <trkpt lat="47.51949875615537" lon="9.429598655551672">
        <ele>455.0</ele>
        <time>2023-06-25T14:14:01</time>
      </trkpt>
      <trkpt lat="47.519710985943675" lon="9.429099345579743">
        <ele>455.0</ele>
        <time>2023-06-25T14:14:07</time>
      </trkpt>
      <trkpt lat="47.51994425430894" lon="9.428516551852226">
        <ele>455.0</ele>
        <time>2023-06-25T14:14:14</time>
      </trkpt>
      <trkpt lat="47.52018523402512" lon="9.427882712334394">
        <ele>454.0</ele>
        <time>2023-06-25T14:14:21</time>
      </trkpt>
      <trkpt lat="47.520399978384376" lon="9.427335793152452">
        <ele>454.0</ele>
        <time>2023-06-25T14:14:27</time>
      </trkpt>
      <trkpt lat="47.520607598125935" lon="9.426683178171515">
        <ele>454.0</ele>
        <time>2023-06-25T14:14:34</time>
      </trkpt>
      <trkpt lat="47.520842123776674" lon="9.426248827949166">
        <ele>454.0</ele>
        <time>2023-06-25T14:14:39</time>
      </trkpt>
      <trkpt lat="47.52090037800372" lon="9.426164254546165">
        <ele>454.0</ele>
        <time>2023-06-25T14:14:40</time>
      </trkpt>
      <trkpt lat="47.52094061113894" lon="9.426073813810945">
        <ele>454.0</ele>
        <time>2023-06-25T14:14:41</time>
      </trkpt>
      <trkpt lat="47.521019987761974" lon="9.425777262076735">
        <ele>454.0</ele>
        <time>2023-06-25T14:14:44</time>
      </trkpt>
      <trkpt lat="47.52122509293258" lon="9.425148032605648">
        <ele>453.0</ele>
        <time>2023-06-25T14:14:51</time>
      </trkpt>
      <trkpt lat="47.521297093480825" lon="9.424967067316175">
        <ele>453.0</ele>
        <time>2023-06-25T14:14:53</time>
      </trkpt>
      <trkpt lat="47.521415781229734" lon="9.424579991027713">
        <ele>453.0</ele>
        <time>2023-06-25T14:14:57</time>
      </trkpt>
      <trkpt lat="47.52159867435694" lon="9.424132313579321">
        <ele>453.0</ele>
        <time>2023-06-25T14:15:02</time>
      </trkpt>
      <trkpt lat="47.52189036458731" lon="9.423520853742957">
        <ele>452.0</ele>
        <time>2023-06-25T14:15:10</time>
      </trkpt>
      <trkpt lat="47.52208893187344" lon="9.423132771626115">
        <ele>452.0</ele>
        <time>2023-06-25T14:15:15</time>
      </trkpt>
      <trkpt lat="47.522135619074106" lon="9.423054400831461">
        <ele>452.0</ele>
        <time>2023-06-25T14:15:16</time>
      </trkpt>
      <trkpt lat="47.522397888824344" lon="9.42252466455102">
        <ele>452.0</ele>
        <time>2023-06-25T14:15:22</time>
      </trkpt>
      <trkpt lat="47.52268354408443" lon="9.422030383720994">
        <ele>452.0</ele>
        <time>2023-06-25T14:15:28</time>
      </trkpt>
      <trkpt lat="47.52278421074152" lon="9.421897111460567">
        <ele>452.0</ele>
        <time>2023-06-25T14:15:30</time>
      </trkpt>
      <trkpt lat="47.522937431931496" lon="9.421714721247554">
        <ele>452.0</ele>
        <time>2023-06-25T14:15:33</time>
      </trkpt>
      <trkpt lat="47.52310775220394" lon="9.421420600265265">
        <ele>452.0</ele>
        <time>2023-06-25T14:15:37</time>
      </trkpt>
      <trkpt lat="47.52321721985936" lon="9.421325968578458">
        <ele>452.0</ele>
        <time>2023-06-25T14:15:39</time>
      </trkpt>
      <trkpt lat="47.523694736883044" lon="9.420917434617877">
        <ele>452.0</ele>
        <time>2023-06-25T14:15:47</time>
      </trkpt>
      <trkpt lat="47.52393110655248" lon="9.420714508742094">
        <ele>452.0</ele>
        <time>2023-06-25T14:15:51</time>
      </trkpt>
      <trkpt lat="47.52405566163361" lon="9.420619122684002">
        <ele>452.0</ele>
        <time>2023-06-25T14:15:53</time>
      </trkpt>
      <trkpt lat="47.524362690746784" lon="9.420449640601873">
        <ele>452.0</ele>
        <time>2023-06-25T14:15:58</time>
      </trkpt>
      <trkpt lat="47.524420944973826" lon="9.4204309489578">
        <ele>452.0</ele>
        <time>2023-06-25T14:15:59</time>
      </trkpt>
      <trkpt lat="47.524600150063634" lon="9.420443521812558">
        <ele>452.0</ele>
        <time>2023-06-25T14:16:02</time>
      </trkpt>
      <trkpt lat="47.524723783135414" lon="9.42041091620922">
        <ele>452.0</ele>
        <time>2023-06-25T14:16:04</time>
      </trkpt>
      <trkpt lat="47.524780947715044" lon="9.420365653932095">
        <ele>452.0</ele>
        <time>2023-06-25T14:16:05</time>
      </trkpt>
      <trkpt lat="47.52508118748665" lon="9.420059965923429">
        <ele>452.0</ele>
        <time>2023-06-25T14:16:11</time>
      </trkpt>
      <trkpt lat="47.52536650747061" lon="9.419747488573194">
        <ele>452.0</ele>
        <time>2023-06-25T14:16:17</time>
      </trkpt>
      <trkpt lat="47.52552006393671" lon="9.419605750590563">
        <ele>452.0</ele>
        <time>2023-06-25T14:16:20</time>
      </trkpt>
      <trkpt lat="47.52556851133704" lon="9.41953576169908">
        <ele>452.0</ele>
        <time>2023-06-25T14:16:21</time>
      </trkpt>
      <trkpt lat="47.52581066451967" lon="9.419063609093428">
        <ele>452.0</ele>
        <time>2023-06-25T14:16:28</time>
      </trkpt>
      <trkpt lat="47.52595357596874" lon="9.418946178629994">
        <ele>452.0</ele>
        <time>2023-06-25T14:16:31</time>
      </trkpt>
      <trkpt lat="47.5259902048856" lon="9.418846182525158">
        <ele>452.0</ele>
        <time>2023-06-25T14:16:33</time>
      </trkpt>
      <trkpt lat="47.525941422209144" lon="9.418660271912813">
        <ele>452.0</ele>
        <time>2023-06-25T14:16:36</time>
      </trkpt>
      <trkpt lat="47.52595106139779" lon="9.418512498959899">
        <ele>452.0</ele>
        <time>2023-06-25T14:16:38</time>
      </trkpt>
      <trkpt lat="47.52598484046757" lon="9.418445527553558">
        <ele>452.0</ele>
        <time>2023-06-25T14:16:39</time>
      </trkpt>
      <trkpt lat="47.526201428845525" lon="9.418057948350906">
        <ele>452.0</ele>
        <time>2023-06-25T14:16:45</time>
      </trkpt>
      <trkpt lat="47.52627988345921" lon="9.41792568191886">
        <ele>452.0</ele>
        <time>2023-06-25T14:16:47</time>
      </trkpt>
      <trkpt lat="47.526410641148686" lon="9.417745722457767">
        <ele>452.0</ele>
        <time>2023-06-25T14:16:50</time>
      </trkpt>
      <trkpt lat="47.526540560647845" lon="9.417538605630398">
        <ele>452.0</ele>
        <time>2023-06-25T14:16:53</time>
      </trkpt>
      <trkpt lat="47.52659470774233" lon="9.417372979223728">
        <ele>452.0</ele>
        <time>2023-06-25T14:16:55</time>
      </trkpt>
      <trkpt lat="47.526628989726305" lon="9.417297542095184">
        <ele>452.0</ele>
        <time>2023-06-25T14:16:56</time>
      </trkpt>
      <trkpt lat="47.5266688875854" lon="9.41722990013659">
        <ele>452.0</ele>
        <time>2023-06-25T14:16:57</time>
      </trkpt>
      <trkpt lat="47.526797549799085" lon="9.417035859078169">
        <ele>452.0</ele>
        <time>2023-06-25T14:17:00</time>
      </trkpt>
      <trkpt lat="47.526908023282886" lon="9.416833771392703">
        <ele>452.0</ele>
        <time>2023-06-25T14:17:03</time>
      </trkpt>
      <trkpt lat="47.52709745429456" lon="9.416516181081533">
        <ele>452.0</ele>
        <time>2023-06-25T14:17:08</time>
      </trkpt>
      <trkpt lat="47.52713944762945" lon="9.416458932682872">
        <ele>452.0</ele>
        <time>2023-06-25T14:17:09</time>
      </trkpt>
      <trkpt lat="47.527318401262164" lon="9.416239326819777">
        <ele>452.0</ele>
        <time>2023-06-25T14:17:13</time>
      </trkpt>
      <trkpt lat="47.52764512784779" lon="9.41574496217072">
        <ele>452.0</ele>
        <time>2023-06-25T14:17:20</time>
      </trkpt>
      <trkpt lat="47.52790513448417" lon="9.415349336341023">
        <ele>452.0</ele>
        <time>2023-06-25T14:17:25</time>
      </trkpt>
      <trkpt lat="47.52794025465846" lon="9.415251687169075">
        <ele>452.0</ele>
        <time>2023-06-25T14:17:26</time>
      </trkpt>
      <trkpt lat="47.52799993380904" lon="9.415063513442874">
        <ele>452.0</ele>
        <time>2023-06-25T14:17:28</time>
      </trkpt>
      <trkpt lat="47.52804578281939" lon="9.414990842342377">
        <ele>452.0</ele>
        <time>2023-06-25T14:17:29</time>
      </trkpt>
      <trkpt lat="47.52810135483742" lon="9.414931749925017">
        <ele>452.0</ele>
        <time>2023-06-25T14:17:30</time>
      </trkpt>
      <trkpt lat="47.52821677364409" lon="9.414787916466594">
        <ele>451.0</ele>
        <time>2023-06-25T14:17:32</time>
      </trkpt>
      <trkpt lat="47.52826672978699" lon="9.414709294214845">
        <ele>451.0</ele>
        <time>2023-06-25T14:17:33</time>
      </trkpt>
      <trkpt lat="47.52849983051419" lon="9.414285589009523">
        <ele>451.0</ele>
        <time>2023-06-25T14:17:38</time>
      </trkpt>
      <trkpt lat="47.52868825569749" lon="9.41396682523191">
        <ele>451.0</ele>
        <time>2023-06-25T14:17:42</time>
      </trkpt>
      <trkpt lat="47.52903736196458" lon="9.41339517943561">
        <ele>450.0</ele>
        <time>2023-06-25T14:17:49</time>
      </trkpt>
      <trkpt lat="47.52914230339229" lon="9.413241455331445">
        <ele>450.0</ele>
        <time>2023-06-25T14:17:51</time>
      </trkpt>
      <trkpt lat="47.52937548793852" lon="9.412857983261347">
        <ele>450.0</ele>
        <time>2023-06-25T14:17:56</time>
      </trkpt>
      <trkpt lat="47.529414128512144" lon="9.41278388723731">
        <ele>450.0</ele>
        <time>2023-06-25T14:17:57</time>
      </trkpt>
      <trkpt lat="47.529692659154534" lon="9.412400666624308">
        <ele>449.0</ele>
        <time>2023-06-25T14:18:03</time>
      </trkpt>
      <trkpt lat="47.529780585318804" lon="9.41227225586772">
        <ele>449.0</ele>
        <time>2023-06-25T14:18:05</time>
      </trkpt>
      <trkpt lat="47.53011477179825" lon="9.41173816099763">
        <ele>449.0</ele>
        <time>2023-06-25T14:18:13</time>
      </trkpt>
      <trkpt lat="47.53029749728739" lon="9.411412021145225">
        <ele>449.0</ele>
        <time>2023-06-25T14:18:18</time>
      </trkpt>
      <trkpt lat="47.53033337183297" lon="9.411343708634377">
        <ele>449.0</ele>
        <time>2023-06-25T14:18:19</time>
      </trkpt>
      <trkpt lat="47.530371341854334" lon="9.41127740778029">
        <ele>449.0</ele>
        <time>2023-06-25T14:18:20</time>
      </trkpt>
      <trkpt lat="47.53062472678721" lon="9.41084791906178">
        <ele>450.0</ele>
        <time>2023-06-25T14:18:26</time>
      </trkpt>
      <trkpt lat="47.53070930019021" lon="9.410705175250769">
        <ele>450.0</ele>
        <time>2023-06-25T14:18:28</time>
      </trkpt>
      <trkpt lat="47.530924966558814" lon="9.410352045670152">
        <ele>451.0</ele>
        <time>2023-06-25T14:18:33</time>
      </trkpt>
      <trkpt lat="47.53109444864094" lon="9.410067899152637">
        <ele>451.0</ele>
        <time>2023-06-25T14:18:37</time>
      </trkpt>
      <trkpt lat="47.531179608777165" lon="9.40992884337902">
        <ele>451.0</ele>
        <time>2023-06-25T14:18:39</time>
      </trkpt>
      <trkpt lat="47.53147942945361" lon="9.40943581983447">
        <ele>452.0</ele>
        <time>2023-06-25T14:18:46</time>
      </trkpt>
      <trkpt lat="47.53156987018883" lon="9.409289974719286">
        <ele>452.0</ele>
        <time>2023-06-25T14:18:48</time>
      </trkpt>
      <trkpt lat="47.53175653517246" lon="9.408998787403107">
        <ele>453.0</ele>
        <time>2023-06-25T14:18:52</time>
      </trkpt>
      <trkpt lat="47.53208150155842" lon="9.408433763310313">
        <ele>453.0</ele>
        <time>2023-06-25T14:18:59</time>
      </trkpt>
      <trkpt lat="47.532442258670926" lon="9.407825656235218">
        <ele>454.0</ele>
        <time>2023-06-25T14:19:07</time>
      </trkpt>
      <trkpt lat="47.53253278322518" lon="9.407671680673957">
        <ele>454.0</ele>
        <time>2023-06-25T14:19:09</time>
      </trkpt>
      <trkpt lat="47.53282371908426" lon="9.40716222859919">
        <ele>455.0</ele>
        <time>2023-06-25T14:19:15</time>
      </trkpt>
      <trkpt lat="47.53320652060211" lon="9.406495951116085">
        <ele>455.0</ele>
        <time>2023-06-25T14:19:22</time>
      </trkpt>
      <trkpt lat="47.53326133824885" lon="9.406404588371515">
        <ele>455.0</ele>
        <time>2023-06-25T14:19:23</time>
      </trkpt>
      <trkpt lat="47.533314898610115" lon="9.406314818188548">
        <ele>455.0</ele>
        <time>2023-06-25T14:19:24</time>
      </trkpt>
      <trkpt lat="47.533617820590734" lon="9.405831350013614">
        <ele>455.0</ele>
        <time>2023-06-25T14:19:30</time>
      </trkpt>
      <trkpt lat="47.53399886190891" lon="9.405193319544196">
        <ele>456.0</ele>
        <time>2023-06-25T14:19:38</time>
      </trkpt>
      <trkpt lat="47.53438484854996" lon="9.404572723433375">
        <ele>456.0</ele>
        <time>2023-06-25T14:19:46</time>
      </trkpt>
      <trkpt lat="47.534754406660795" lon="9.403954977169633">
        <ele>456.0</ele>
        <time>2023-06-25T14:19:54</time>
      </trkpt>
      <trkpt lat="47.53479857929051" lon="9.403881216421723">
        <ele>456.0</ele>
        <time>2023-06-25T14:19:55</time>
      </trkpt>
      <trkpt lat="47.53514860756695" lon="9.403273779898882">
        <ele>456.0</ele>
        <time>2023-06-25T14:20:03</time>
      </trkpt>
      <trkpt lat="47.53519236110151" lon="9.403200270608068">
        <ele>456.0</ele>
        <time>2023-06-25T14:20:04</time>
      </trkpt>
      <trkpt lat="47.53557491116226" lon="9.402582608163357">
        <ele>455.0</ele>
        <time>2023-06-25T14:20:12</time>
      </trkpt>
      <trkpt lat="47.535900212824345" lon="9.402032420039177">
        <ele>455.0</ele>
        <time>2023-06-25T14:20:20</time>
      </trkpt>
      <trkpt lat="47.53621528856456" lon="9.401476448401809">
        <ele>455.0</ele>
        <time>2023-06-25T14:20:28</time>
      </trkpt>
      <trkpt lat="47.536487616598606" lon="9.400925757363439">
        <ele>454.0</ele>
        <time>2023-06-25T14:20:36</time>
      </trkpt>
      <trkpt lat="47.53670278005302" lon="9.400454694405198">
        <ele>454.0</ele>
        <time>2023-06-25T14:20:43</time>
      </trkpt>
      <trkpt lat="47.53697745501995" lon="9.399882461875677">
        <ele>453.0</ele>
        <time>2023-06-25T14:20:51</time>
      </trkpt>
      <trkpt lat="47.537014754489064" lon="9.39979956485331">
        <ele>453.0</ele>
        <time>2023-06-25T14:20:52</time>
      </trkpt>
      <trkpt lat="47.53718700259924" lon="9.399328585714102">
        <ele>453.0</ele>
        <time>2023-06-25T14:20:57</time>
      </trkpt>
      <trkpt lat="47.537420857697725" lon="9.398740930482745">
        <ele>453.0</ele>
        <time>2023-06-25T14:21:04</time>
      </trkpt>
      <trkpt lat="47.53763861954212" lon="9.398215301334858">
        <ele>453.0</ele>
        <time>2023-06-25T14:21:10</time>
      </trkpt>
      <trkpt lat="47.53771078772843" lon="9.398048082366586">
        <ele>453.0</ele>
        <time>2023-06-25T14:21:12</time>
      </trkpt>
      <trkpt lat="47.5379987899214" lon="9.397378787398338">
        <ele>452.0</ele>
        <time>2023-06-25T14:21:20</time>
      </trkpt>
      <trkpt lat="47.53811932168901" lon="9.397142417728901">
        <ele>452.0</ele>
        <time>2023-06-25T14:21:23</time>
      </trkpt>
      <trkpt lat="47.53827069886029" lon="9.396832790225744">
        <ele>452.0</ele>
        <time>2023-06-25T14:21:27</time>
      </trkpt>
      <trkpt lat="47.538486029952765" lon="9.396367007866502">
        <ele>452.0</ele>
        <time>2023-06-25T14:21:33</time>
      </trkpt>
      <trkpt lat="47.538752406835556" lon="9.395720092579722">
        <ele>451.0</ele>
        <time>2023-06-25T14:21:41</time>
      </trkpt>
      <trkpt lat="47.539002103731036" lon="9.395031603053212">
        <ele>451.0</ele>
        <time>2023-06-25T14:21:49</time>
      </trkpt>
      <trkpt lat="47.53910327330232" lon="9.394778553396463">
        <ele>451.0</ele>
        <time>2023-06-25T14:21:52</time>
      </trkpt>
      <trkpt lat="47.53930536098778" lon="9.39426088705659">
        <ele>451.0</ele>
        <time>2023-06-25T14:21:58</time>
      </trkpt>
      <trkpt lat="47.53951876424253" lon="9.393741376698017">
        <ele>451.0</ele>
        <time>2023-06-25T14:22:05</time>
      </trkpt>
      <trkpt lat="47.53982939757407" lon="9.393055066466331">
        <ele>450.0</ele>
        <time>2023-06-25T14:22:14</time>
      </trkpt>
      <trkpt lat="47.53993945196271" lon="9.392826408147812">
        <ele>450.0</ele>
        <time>2023-06-25T14:22:17</time>
      </trkpt>
      <trkpt lat="47.54015536978841" lon="9.392351908609271">
        <ele>450.0</ele>
        <time>2023-06-25T14:22:23</time>
      </trkpt>
      <trkpt lat="47.540391655638814" lon="9.391799876466393">
        <ele>449.0</ele>
        <time>2023-06-25T14:22:30</time>
      </trkpt>
      <trkpt lat="47.54042434506118" lon="9.391724020242691">
        <ele>449.0</ele>
        <time>2023-06-25T14:22:31</time>
      </trkpt>
      <trkpt lat="47.54070069640875" lon="9.391062771901488">
        <ele>448.0</ele>
        <time>2023-06-25T14:22:40</time>
      </trkpt>
      <trkpt lat="47.54076037555933" lon="9.390911562368274">
        <ele>448.0</ele>
        <time>2023-06-25T14:22:42</time>
      </trkpt>
      <trkpt lat="47.54092650488019" lon="9.390534879639745">
        <ele>448.0</ele>
        <time>2023-06-25T14:22:47</time>
      </trkpt>
      <trkpt lat="47.54108542576432" lon="9.390151323750615">
        <ele>447.0</ele>
        <time>2023-06-25T14:22:52</time>
      </trkpt>
      <trkpt lat="47.54117603413761" lon="9.389915205538273">
        <ele>447.0</ele>
        <time>2023-06-25T14:22:55</time>
      </trkpt>
      <trkpt lat="47.54140477627516" lon="9.38939468935132">
        <ele>446.0</ele>
        <time>2023-06-25T14:23:02</time>
      </trkpt>
      <trkpt lat="47.54164910875261" lon="9.38882396556437">
        <ele>445.0</ele>
        <time>2023-06-25T14:23:10</time>
      </trkpt>
      <trkpt lat="47.54171188920736" lon="9.38868910074234">
        <ele>445.0</ele>
        <time>2023-06-25T14:23:12</time>
      </trkpt>
      <trkpt lat="47.54188656806946" lon="9.388240585103631">
        <ele>444.0</ele>
        <time>2023-06-25T14:23:18</time>
      </trkpt>
      <trkpt lat="47.54197298549116" lon="9.388021398335695">
        <ele>444.0</ele>
        <time>2023-06-25T14:23:21</time>
      </trkpt>
      <trkpt lat="47.54214062355459" lon="9.387645553797483">
        <ele>443.0</ele>
        <time>2023-06-25T14:23:26</time>
      </trkpt>
      <trkpt lat="47.542275823652744" lon="9.387343050912023">
        <ele>443.0</ele>
        <time>2023-06-25T14:23:30</time>
      </trkpt>
      <trkpt lat="47.542438516393304" lon="9.386948682367802">
        <ele>442.0</ele>
        <time>2023-06-25T14:23:35</time>
      </trkpt>
      <trkpt lat="47.54257136955857" lon="9.386636456474662">
        <ele>442.0</ele>
        <time>2023-06-25T14:23:39</time>
      </trkpt>
      <trkpt lat="47.54266851581633" lon="9.386401260271668">
        <ele>442.0</ele>
        <time>2023-06-25T14:23:42</time>
      </trkpt>
      <trkpt lat="47.54288979806006" lon="9.385801367461681">
        <ele>441.0</ele>
        <time>2023-06-25T14:23:50</time>
      </trkpt>
      <trkpt lat="47.54294352605939" lon="9.385659797117114">
        <ele>441.0</ele>
        <time>2023-06-25T14:23:52</time>
      </trkpt>
      <trkpt lat="47.54300178028643" lon="9.385523004457355">
        <ele>440.0</ele>
        <time>2023-06-25T14:23:54</time>
      </trkpt>
      <trkpt lat="47.543030278757215" lon="9.385449914261699">
        <ele>440.0</ele>
        <time>2023-06-25T14:23:55</time>
      </trkpt>
      <trkpt lat="47.543211076408625" lon="9.384914310649037">
        <ele>440.0</ele>
        <time>2023-06-25T14:24:02</time>
      </trkpt>
      <trkpt lat="47.54327109083533" lon="9.384762849658728">
        <ele>440.0</ele>
        <time>2023-06-25T14:24:04</time>
      </trkpt>
      <trkpt lat="47.54345406778157" lon="9.384123226627707">
        <ele>439.0</ele>
        <time>2023-06-25T14:24:12</time>
      </trkpt>
      <trkpt lat="47.54346932284534" lon="9.38397092744708">
        <ele>439.0</ele>
        <time>2023-06-25T14:24:14</time>
      </trkpt>
      <trkpt lat="47.543470999225974" lon="9.383893143385649">
        <ele>439.0</ele>
        <time>2023-06-25T14:24:15</time>
      </trkpt>
      <trkpt lat="47.543472005054355" lon="9.38381602987647">
        <ele>439.0</ele>
        <time>2023-06-25T14:24:16</time>
      </trkpt>
      <trkpt lat="47.54349245689809" lon="9.383670687675476">
        <ele>438.0</ele>
        <time>2023-06-25T14:24:18</time>
      </trkpt>
      <trkpt lat="47.54353545606136" lon="9.383538253605366">
        <ele>438.0</ele>
        <time>2023-06-25T14:24:20</time>
      </trkpt>
      <trkpt lat="47.54359010607004" lon="9.38340850174427">
        <ele>438.0</ele>
        <time>2023-06-25T14:24:22</time>
      </trkpt>
      <trkpt lat="47.54370586015284" lon="9.383143801242113">
        <ele>438.0</ele>
        <time>2023-06-25T14:24:26</time>
      </trkpt>
      <trkpt lat="47.54376939497888" lon="9.383001141250134">
        <ele>438.0</ele>
        <time>2023-06-25T14:24:28</time>
      </trkpt>
      <trkpt lat="47.543870145455" lon="9.382783630862832">
        <ele>437.0</ele>
        <time>2023-06-25T14:24:31</time>
      </trkpt>
      <trkpt lat="47.54405630752444" lon="9.382359003648162">
        <ele>437.0</ele>
        <time>2023-06-25T14:24:37</time>
      </trkpt>
      <trkpt lat="47.544122859835625" lon="9.382233023643494">
        <ele>438.0</ele>
        <time>2023-06-25T14:24:39</time>
      </trkpt>
      <trkpt lat="47.544210366904736" lon="9.382024565711617">
        <ele>438.0</ele>
        <time>2023-06-25T14:24:42</time>
      </trkpt>
      <trkpt lat="47.54427851177752" lon="9.381897747516632">
        <ele>438.0</ele>
        <time>2023-06-25T14:24:44</time>
      </trkpt>
      <trkpt lat="47.54436501301825" lon="9.381761457771063">
        <ele>438.0</ele>
        <time>2023-06-25T14:24:46</time>
      </trkpt>
      <trkpt lat="47.544459057971835" lon="9.381555430591106">
        <ele>438.0</ele>
        <time>2023-06-25T14:24:51</time>
      </trkpt>
      <trkpt lat="47.54451043903828" lon="9.381429702043533">
        <ele>438.0</ele>
        <time>2023-06-25T14:24:53</time>
      </trkpt>
      <trkpt lat="47.54456349648535" lon="9.381276480853558">
        <ele>438.0</ele>
        <time>2023-06-25T14:24:55</time>
      </trkpt>
      <trkpt lat="47.54459350369871" lon="9.381212946027517">
        <ele>438.0</ele>
        <time>2023-06-25T14:24:56</time>
      </trkpt>
      <trkpt lat="47.544642286375165" lon="9.38114513643086">
        <ele>438.0</ele>
        <time>2023-06-25T14:24:58</time>
      </trkpt>
      <trkpt lat="47.54467816092074" lon="9.381123594939709">
        <ele>438.0</ele>
        <time>2023-06-25T14:24:59</time>
      </trkpt>
      <trkpt lat="47.54477924667299" lon="9.380953190848231">
        <ele>438.0</ele>
        <time>2023-06-25T14:25:00</time>
      </trkpt>
      <trkpt lat="47.54487471655011" lon="9.380986215546727">
        <ele>438.0</ele>
        <time>2023-06-25T14:25:02</time>
      </trkpt>
      <trkpt lat="47.545009246096015" lon="9.381008762866259">
        <ele>438.0</ele>
        <time>2023-06-25T14:25:04</time>
      </trkpt>
      <trkpt lat="47.54507018253207" lon="9.380935253575444">
        <ele>438.0</ele>
        <time>2023-06-25T14:25:06</time>
      </trkpt>
      <trkpt lat="47.54513396881521" lon="9.380805250257254">
        <ele>438.0</ele>
        <time>2023-06-25T14:25:08</time>
      </trkpt>
      <trkpt lat="47.54519867710769" lon="9.380668960511684">
        <ele>438.0</ele>
        <time>2023-06-25T14:25:10</time>
      </trkpt>
      <trkpt lat="47.54538282752037" lon="9.380273334681988">
        <ele>438.0</ele>
        <time>2023-06-25T14:25:15</time>
      </trkpt>
      <trkpt lat="47.54542775452137" lon="9.380208542570472">
        <ele>438.0</ele>
        <time>2023-06-25T14:25:16</time>
      </trkpt>
      <trkpt lat="47.54552255384624" lon="9.380066636949778">
        <ele>438.0</ele>
        <time>2023-06-25T14:25:18</time>
      </trkpt>
      <trkpt lat="47.54558751359582" lon="9.379916433244944">
        <ele>438.0</ele>
        <time>2023-06-25T14:25:20</time>
      </trkpt>
      <trkpt lat="47.54562514834106" lon="9.379828674718738">
        <ele>438.0</ele>
        <time>2023-06-25T14:25:21</time>
      </trkpt>
      <trkpt lat="47.54581080749631" lon="9.379626167938113">
        <ele>438.0</ele>
        <time>2023-06-25T14:25:25</time>
      </trkpt>
      <trkpt lat="47.54586059600115" lon="9.37957176938653">
        <ele>438.0</ele>
        <time>2023-06-25T14:25:26</time>
      </trkpt>
      <trkpt lat="47.54613527096808" lon="9.379334896802902">
        <ele>438.0</ele>
        <time>2023-06-25T14:25:31</time>
      </trkpt>
      <trkpt lat="47.54640877246857" lon="9.379143118858337">
        <ele>438.0</ele>
        <time>2023-06-25T14:25:36</time>
      </trkpt>
      <trkpt lat="47.546559143811464" lon="9.379046056419611">
        <ele>438.0</ele>
        <time>2023-06-25T14:25:39</time>
      </trkpt>
      <trkpt lat="47.54672409966588" lon="9.378936253488064">
        <ele>438.0</ele>
        <time>2023-06-25T14:25:42</time>
      </trkpt>
      <trkpt lat="47.54705233499408" lon="9.378813626244664">
        <ele>438.0</ele>
        <time>2023-06-25T14:25:48</time>
      </trkpt>
      <trkpt lat="47.547103967517614" lon="9.378823600709438">
        <ele>438.0</ele>
        <time>2023-06-25T14:25:49</time>
      </trkpt>
      <trkpt lat="47.54715560004115" lon="9.378857295960188">
        <ele>438.0</ele>
        <time>2023-06-25T14:25:50</time>
      </trkpt>
      <trkpt lat="47.54729096777737" lon="9.378973050042987">
        <ele>438.0</ele>
        <time>2023-06-25T14:25:53</time>
      </trkpt>
      <trkpt lat="47.54752750508487" lon="9.379160050302744">
        <ele>438.0</ele>
        <time>2023-06-25T14:25:59</time>
      </trkpt>
      <trkpt lat="47.547587268054485" lon="9.37916038557887">
        <ele>438.0</ele>
        <time>2023-06-25T14:26:00</time>
      </trkpt>
      <trkpt lat="47.547647869214416" lon="9.379093162715435">
        <ele>438.0</ele>
        <time>2023-06-25T14:26:02</time>
      </trkpt>
      <trkpt lat="47.547739734873176" lon="9.378947485238314">
        <ele>438.0</ele>
        <time>2023-06-25T14:26:05</time>
      </trkpt>
      <trkpt lat="47.54786244593561" lon="9.37877926044166">
        <ele>438.0</ele>
        <time>2023-06-25T14:26:09</time>
      </trkpt>
      <trkpt lat="47.5478957220912" lon="9.378744643181562">
        <ele>438.0</ele>
        <time>2023-06-25T14:26:10</time>
      </trkpt>
      <trkpt lat="47.547953724861145" lon="9.378682700917125">
        <ele>438.0</ele>
        <time>2023-06-25T14:26:12</time>
      </trkpt>
      <trkpt lat="47.54808163270354" lon="9.378612712025642">
        <ele>438.0</ele>
        <time>2023-06-25T14:26:16</time>
      </trkpt>
      <trkpt lat="47.54816704429686" lon="9.378620004281402">
        <ele>437.0</ele>
        <time>2023-06-25T14:26:20</time>
      </trkpt>
      <trkpt lat="47.548157991841435" lon="9.37862478196621">
        <ele>437.0</ele>
        <time>2023-06-25T14:26:22</time>
      </trkpt>
      <trkpt lat="47.54811239428818" lon="9.378631906583905">
        <ele>437.0</ele>
        <time>2023-06-25T14:26:24</time>
      </trkpt>
      <trkpt lat="47.54795506596565" lon="9.378707511350513">
        <ele>437.0</ele>
        <time>2023-06-25T14:26:29</time>
      </trkpt>
      <trkpt lat="47.547808634117246" lon="9.37882804311812">
        <ele>437.0</ele>
        <time>2023-06-25T14:26:33</time>
      </trkpt>
      <trkpt lat="47.547731855884194" lon="9.378915131092072">
        <ele>436.0</ele>
        <time>2023-06-25T14:26:35</time>
      </trkpt>
      <trkpt lat="47.547540413215756" lon="9.379170862957835">
        <ele>436.0</ele>
        <time>2023-06-25T14:26:41</time>
      </trkpt>
      <trkpt lat="47.54754552617669" lon="9.379224423319101">
        <ele>436.0</ele>
        <time>2023-06-25T14:26:42</time>
      </trkpt>
      <trkpt lat="47.54762523807585" lon="9.379348559305072">
        <ele>436.0</ele>
        <time>2023-06-25T14:26:45</time>
      </trkpt>
      <trkpt lat="47.54766136407852" lon="9.379388205707073">
        <ele>436.0</ele>
        <time>2023-06-25T14:26:46</time>
      </trkpt>
      <trkpt lat="47.54774250090122" lon="9.379463223740458">
        <ele>436.0</ele>
        <time>2023-06-25T14:26:48</time>
      </trkpt>
      <trkpt lat="47.54778893664479" lon="9.37947596423328">
        <ele>436.0</ele>
        <time>2023-06-25T14:26:49</time>
      </trkpt>
      <trkpt lat="47.54783243872225" lon="9.379460290074348">
        <ele>435.0</ele>
        <time>2023-06-25T14:26:50</time>
      </trkpt>
      <trkpt lat="47.54790863022208" lon="9.379383092746139">
        <ele>435.0</ele>
        <time>2023-06-25T14:26:52</time>
      </trkpt>
      <trkpt lat="47.54793821834028" lon="9.379340009763837">
        <ele>435.0</ele>
        <time>2023-06-25T14:26:53</time>
      </trkpt>
      <trkpt lat="47.54811264574528" lon="9.379075225442648">
        <ele>436.0</ele>
        <time>2023-06-25T14:27:00</time>
      </trkpt>
      <trkpt lat="47.548266956582665" lon="9.378802478313446">
        <ele>436.0</ele>
        <time>2023-06-25T14:27:07</time>
      </trkpt>
      <trkpt lat="47.548358319327235" lon="9.378579268231988">
        <ele>437.0</ele>
        <time>2023-06-25T14:27:13</time>
      </trkpt>
      <trkpt lat="47.548478934913874" lon="9.378325380384922">
        <ele>438.0</ele>
        <time>2023-06-25T14:27:21</time>
      </trkpt>
      <trkpt lat="47.548498045653105" lon="9.37828866764903">
        <ele>438.0</ele>
        <time>2023-06-25T14:27:22</time>
      </trkpt>
      <trkpt lat="47.54860248416662" lon="9.378081886097789">
        <ele>438.0</ele>
        <time>2023-06-25T14:27:26</time>
      </trkpt>
      <trkpt lat="47.54866727627814" lon="9.377932101488113">
        <ele>439.0</ele>
        <time>2023-06-25T14:27:28</time>
      </trkpt>
      <trkpt lat="47.54871781915426" lon="9.37775013037026">
        <ele>439.0</ele>
        <time>2023-06-25T14:27:30</time>
      </trkpt>
      <trkpt lat="47.548765847459435" lon="9.377665473148227">
        <ele>439.0</ele>
        <time>2023-06-25T14:27:31</time>
      </trkpt>
      <trkpt lat="47.54882569424808" lon="9.377596154808998">
        <ele>439.0</ele>
        <time>2023-06-25T14:27:32</time>
      </trkpt>
      <trkpt lat="47.548892414197326" lon="9.377525495365262">
        <ele>439.0</ele>
        <time>2023-06-25T14:27:33</time>
      </trkpt>
      <trkpt lat="47.54907731898129" lon="9.377281917259097">
        <ele>440.0</ele>
        <time>2023-06-25T14:27:36</time>
      </trkpt>
      <trkpt lat="47.54917756654322" lon="9.377098772674799">
        <ele>440.0</ele>
        <time>2023-06-25T14:27:38</time>
      </trkpt>
      <trkpt lat="47.54922450520098" lon="9.377006655558944">
        <ele>440.0</ele>
        <time>2023-06-25T14:27:39</time>
      </trkpt>
      <trkpt lat="47.54947663284838" lon="9.376613209024072">
        <ele>440.0</ele>
        <time>2023-06-25T14:27:44</time>
      </trkpt>
      <trkpt lat="47.54964904859662" lon="9.376330655068159">
        <ele>440.0</ele>
        <time>2023-06-25T14:27:48</time>
      </trkpt>
      <trkpt lat="47.5496881082654" lon="9.376243902370334">
        <ele>440.0</ele>
        <time>2023-06-25T14:27:49</time>
      </trkpt>
      <trkpt lat="47.54990838468075" lon="9.375861352309585">
        <ele>440.0</ele>
        <time>2023-06-25T14:27:54</time>
      </trkpt>
      <trkpt lat="47.550085159018636" lon="9.37562313862145">
        <ele>440.0</ele>
        <time>2023-06-25T14:27:58</time>
      </trkpt>
      <trkpt lat="47.55018213763833" lon="9.375523729249835">
        <ele>440.0</ele>
        <time>2023-06-25T14:28:00</time>
      </trkpt>
      <trkpt lat="47.55045882426202" lon="9.375226506963372">
        <ele>440.0</ele>
        <time>2023-06-25T14:28:05</time>
      </trkpt>
      <trkpt lat="47.550508696585894" lon="9.375180657953024">
        <ele>440.0</ele>
        <time>2023-06-25T14:28:06</time>
      </trkpt>
      <trkpt lat="47.55073039792478" lon="9.374967003241181">
        <ele>440.0</ele>
        <time>2023-06-25T14:28:11</time>
      </trkpt>
      <trkpt lat="47.55076861940324" lon="9.374915538355708">
        <ele>440.0</ele>
        <time>2023-06-25T14:28:12</time>
      </trkpt>
      <trkpt lat="47.55113214254379" lon="9.374435087665915">
        <ele>439.0</ele>
        <time>2023-06-25T14:28:21</time>
      </trkpt>
      <trkpt lat="47.55135275423527" lon="9.374470291659236">
        <ele>439.0</ele>
        <time>2023-06-25T14:28:25</time>
      </trkpt>
      <trkpt lat="47.5514080747962" lon="9.37445973046124">
        <ele>439.0</ele>
        <time>2023-06-25T14:28:26</time>
      </trkpt>
      <trkpt lat="47.55165911279619" lon="9.37439477071166">
        <ele>439.0</ele>
        <time>2023-06-25T14:28:30</time>
      </trkpt>
      <trkpt lat="47.55172968842089" lon="9.374394100159407">
        <ele>439.0</ele>
        <time>2023-06-25T14:28:31</time>
      </trkpt>
      <trkpt lat="47.55206638947129" lon="9.374370211735368">
        <ele>438.0</ele>
        <time>2023-06-25T14:28:36</time>
      </trkpt>
      <trkpt lat="47.55250652320683" lon="9.374235598370433">
        <ele>438.0</ele>
        <time>2023-06-25T14:28:43</time>
      </trkpt>
      <trkpt lat="47.55262713879347" lon="9.374212548136711">
        <ele>438.0</ele>
        <time>2023-06-25T14:28:45</time>
      </trkpt>
      <trkpt lat="47.552753537893295" lon="9.374207686632872">
        <ele>438.0</ele>
        <time>2023-06-25T14:28:47</time>
      </trkpt>
      <trkpt lat="47.552822856232524" lon="9.374215817078948">
        <ele>438.0</ele>
        <time>2023-06-25T14:28:48</time>
      </trkpt>
      <trkpt lat="47.55321797914803" lon="9.374260157346725">
        <ele>438.0</ele>
        <time>2023-06-25T14:28:54</time>
      </trkpt>
      <trkpt lat="47.55364470183849" lon="9.374266862869263">
        <ele>438.0</ele>
        <time>2023-06-25T14:29:01</time>
      </trkpt>
      <trkpt lat="47.55396103486419" lon="9.3743063416332">
        <ele>438.0</ele>
        <time>2023-06-25T14:29:06</time>
      </trkpt>
      <trkpt lat="47.55407050251961" lon="9.374296870082617">
        <ele>438.0</ele>
        <time>2023-06-25T14:29:08</time>
      </trkpt>
      <trkpt lat="47.55434727296233" lon="9.374306844547391">
        <ele>438.0</ele>
        <time>2023-06-25T14:29:13</time>
      </trkpt>
      <trkpt lat="47.55460719577968" lon="9.374370630830526">
        <ele>437.0</ele>
        <time>2023-06-25T14:29:18</time>
      </trkpt>
      <trkpt lat="47.55471859127283" lon="9.374340958893299">
        <ele>437.0</ele>
        <time>2023-06-25T14:29:20</time>
      </trkpt>
      <trkpt lat="47.55475664511323" lon="9.374289577826858">
        <ele>437.0</ele>
        <time>2023-06-25T14:29:21</time>
      </trkpt>
      <trkpt lat="47.55478070117533" lon="9.374216236174107">
        <ele>437.0</ele>
        <time>2023-06-25T14:29:22</time>
      </trkpt>
      <trkpt lat="47.55480065010488" lon="9.374064188450575">
        <ele>437.0</ele>
        <time>2023-06-25T14:29:24</time>
      </trkpt>
      <trkpt lat="47.55480928346515" lon="9.373896047472954">
        <ele>437.0</ele>
        <time>2023-06-25T14:29:26</time>
      </trkpt>
      <trkpt lat="47.554780365899205" lon="9.373613493517041">
        <ele>437.0</ele>
        <time>2023-06-25T14:29:29</time>
      </trkpt>
      <trkpt lat="47.55474013276398" lon="9.37300211749971">
        <ele>437.0</ele>
        <time>2023-06-25T14:29:36</time>
      </trkpt>
      <trkpt lat="47.55477667786181" lon="9.372711014002562">
        <ele>437.0</ele>
        <time>2023-06-25T14:29:40</time>
      </trkpt>
      <trkpt lat="47.55475337617099" lon="9.372605569660664">
        <ele>437.0</ele>
        <time>2023-06-25T14:29:41</time>
      </trkpt>
      <trkpt lat="47.55475362762809" lon="9.372268784791231">
        <ele>437.0</ele>
        <time>2023-06-25T14:29:45</time>
      </trkpt>
      <trkpt lat="47.55477827042341" lon="9.37175028026104">
        <ele>437.0</ele>
        <time>2023-06-25T14:29:51</time>
      </trkpt>
      <trkpt lat="47.55477868951857" lon="9.371430007740855">
        <ele>437.0</ele>
        <time>2023-06-25T14:29:55</time>
      </trkpt>
      <trkpt lat="47.55478321574628" lon="9.37133738771081">
        <ele>438.0</ele>
        <time>2023-06-25T14:29:56</time>
      </trkpt>
      <trkpt lat="47.55478631705046" lon="9.370985934510827">
        <ele>438.0</ele>
        <time>2023-06-25T14:30:00</time>
      </trkpt>
      <trkpt lat="47.55481171421707" lon="9.370934553444386">
        <ele>438.0</ele>
        <time>2023-06-25T14:30:01</time>
      </trkpt>
      <trkpt lat="47.55484700202942" lon="9.37090689316392">
        <ele>438.0</ele>
        <time>2023-06-25T14:30:02</time>
      </trkpt>
      <trkpt lat="47.554949847981334" lon="9.37089809216559">
        <ele>438.0</ele>
        <time>2023-06-25T14:30:04</time>
      </trkpt>
      <trkpt lat="47.555281184613705" lon="9.370890045538545">
        <ele>438.0</ele>
        <time>2023-06-25T14:30:11</time>
      </trkpt>
      <trkpt lat="47.555326698347926" lon="9.3708819989115">
        <ele>438.0</ele>
        <time>2023-06-25T14:30:12</time>
      </trkpt>
      <trkpt lat="47.55537489429116" lon="9.370882418006659">
        <ele>439.0</ele>
        <time>2023-06-25T14:30:13</time>
      </trkpt>
      <trkpt lat="47.555549405515194" lon="9.370854590088129">
        <ele>439.0</ele>
        <time>2023-06-25T14:30:17</time>
      </trkpt>
      <trkpt lat="47.55574889481068" lon="9.370780494064093">
        <ele>439.0</ele>
        <time>2023-06-25T14:30:21</time>
      </trkpt>
      <trkpt lat="47.5558478012681" lon="9.370753923431039">
        <ele>439.0</ele>
        <time>2023-06-25T14:30:23</time>
      </trkpt>
      <trkpt lat="47.55589951761067" lon="9.370737159624696">
        <ele>439.0</ele>
        <time>2023-06-25T14:30:24</time>
      </trkpt>
      <trkpt lat="47.556313667446375" lon="9.370574047788978">
        <ele>439.0</ele>
        <time>2023-06-25T14:30:32</time>
      </trkpt>
      <trkpt lat="47.55673158913851" lon="9.370375564321876">
        <ele>440.0</ele>
        <time>2023-06-25T14:30:40</time>
      </trkpt>
      <trkpt lat="47.55678690969944" lon="9.370350250974298">
        <ele>440.0</ele>
        <time>2023-06-25T14:30:41</time>
      </trkpt>
      <trkpt lat="47.557189827784896" lon="9.370143050327897">
        <ele>440.0</ele>
        <time>2023-06-25T14:30:48</time>
      </trkpt>
      <trkpt lat="47.55748713389039" lon="9.369913302361965">
        <ele>441.0</ele>
        <time>2023-06-25T14:30:53</time>
      </trkpt>
      <trkpt lat="47.55762333981693" lon="9.36982017941773">
        <ele>441.0</ele>
        <time>2023-06-25T14:30:55</time>
      </trkpt>
      <trkpt lat="47.55806531757116" lon="9.369520274922252">
        <ele>442.0</ele>
        <time>2023-06-25T14:31:01</time>
      </trkpt>
      <trkpt lat="47.55832993425429" lon="9.369421200826764">
        <ele>442.0</ele>
        <time>2023-06-25T14:31:05</time>
      </trkpt>
      <trkpt lat="47.55842532031238" lon="9.369378536939621">
        <ele>442.0</ele>
        <time>2023-06-25T14:31:07</time>
      </trkpt>
      <trkpt lat="47.558515006676316" lon="9.369376944378018">
        <ele>442.0</ele>
        <time>2023-06-25T14:31:09</time>
      </trkpt>
      <trkpt lat="47.55866076797247" lon="9.369335537776351">
        <ele>443.0</ele>
        <time>2023-06-25T14:31:14</time>
      </trkpt>
      <trkpt lat="47.55869345739484" lon="9.369341237470508">
        <ele>443.0</ele>
        <time>2023-06-25T14:31:15</time>
      </trkpt>
      <trkpt lat="47.55879663862288" lon="9.369336040690541">
        <ele>443.0</ele>
        <time>2023-06-25T14:31:18</time>
      </trkpt>
      <trkpt lat="47.55883360281587" lon="9.369317600503564">
        <ele>443.0</ele>
        <time>2023-06-25T14:31:19</time>
      </trkpt>
      <trkpt lat="47.559009958058596" lon="9.369157673791051">
        <ele>444.0</ele>
        <time>2023-06-25T14:31:24</time>
      </trkpt>
      <trkpt lat="47.559050023555756" lon="9.369125571101904">
        <ele>444.0</ele>
        <time>2023-06-25T14:31:25</time>
      </trkpt>
      <trkpt lat="47.5591651070863" lon="9.369044937193394">
        <ele>444.0</ele>
        <time>2023-06-25T14:31:28</time>
      </trkpt>
      <trkpt lat="47.559207351878285" lon="9.36903010122478">
        <ele>444.0</ele>
        <time>2023-06-25T14:31:29</time>
      </trkpt>
      <trkpt lat="47.55924699828029" lon="9.369015097618103">
        <ele>444.0</ele>
        <time>2023-06-25T14:31:30</time>
      </trkpt>
      <trkpt lat="47.559425951913" lon="9.368895655497909">
        <ele>444.0</ele>
        <time>2023-06-25T14:31:35</time>
      </trkpt>
      <trkpt lat="47.559506418183446" lon="9.368859780952334">
        <ele>444.0</ele>
        <time>2023-06-25T14:31:37</time>
      </trkpt>
      <trkpt lat="47.559595350176096" lon="9.368756767362356">
        <ele>445.0</ele>
        <time>2023-06-25T14:31:40</time>
      </trkpt>
      <trkpt lat="47.55985074676573" lon="9.368633972480893">
        <ele>445.0</ele>
        <time>2023-06-25T14:31:47</time>
      </trkpt>
      <trkpt lat="47.559925597161055" lon="9.368590135127306">
        <ele>445.0</ele>
        <time>2023-06-25T14:31:49</time>
      </trkpt>
      <trkpt lat="47.55996624939144" lon="9.368573455139995">
        <ele>445.0</ele>
        <time>2023-06-25T14:31:50</time>
      </trkpt>
      <trkpt lat="47.560186106711626" lon="9.368507573381066">
        <ele>446.0</ele>
        <time>2023-06-25T14:31:55</time>
      </trkpt>
      <trkpt lat="47.560222148895264" lon="9.368490809574723">
        <ele>446.0</ele>
        <time>2023-06-25T14:31:56</time>
      </trkpt>
      <trkpt lat="47.56025718525052" lon="9.368472201749682">
        <ele>446.0</ele>
        <time>2023-06-25T14:31:57</time>
      </trkpt>
      <trkpt lat="47.56036573089659" lon="9.368432722985744">
        <ele>446.0</ele>
        <time>2023-06-25T14:32:00</time>
      </trkpt>
      <trkpt lat="47.56044217385352" lon="9.368396932259202">
        <ele>446.0</ele>
        <time>2023-06-25T14:32:02</time>
      </trkpt>
      <trkpt lat="47.560709808021784" lon="9.368244968354702">
        <ele>447.0</ele>
        <time>2023-06-25T14:32:09</time>
      </trkpt>
      <trkpt lat="47.560745598748326" lon="9.368219822645187">
        <ele>447.0</ele>
        <time>2023-06-25T14:32:10</time>
      </trkpt>
      <trkpt lat="47.56089856848121" lon="9.368130220100284">
        <ele>448.0</ele>
        <time>2023-06-25T14:32:14</time>
      </trkpt>
      <trkpt lat="47.561045000329614" lon="9.368043886497617">
        <ele>448.0</ele>
        <time>2023-06-25T14:32:18</time>
      </trkpt>
      <trkpt lat="47.56107810884714" lon="9.368022847920656">
        <ele>448.0</ele>
        <time>2023-06-25T14:32:19</time>
      </trkpt>
      <trkpt lat="47.56119352765381" lon="9.367925114929676">
        <ele>449.0</ele>
        <time>2023-06-25T14:32:23</time>
      </trkpt>
      <trkpt lat="47.56122655235231" lon="9.367902148514986">
        <ele>449.0</ele>
        <time>2023-06-25T14:32:24</time>
      </trkpt>
      <trkpt lat="47.561288410797715" lon="9.367863172665238">
        <ele>449.0</ele>
        <time>2023-06-25T14:32:26</time>
      </trkpt>
      <trkpt lat="47.56137122400105" lon="9.367823610082269">
        <ele>449.0</ele>
        <time>2023-06-25T14:32:28</time>
      </trkpt>
      <trkpt lat="47.56140701472759" lon="9.367803912609816">
        <ele>449.0</ele>
        <time>2023-06-25T14:32:29</time>
      </trkpt>
      <trkpt lat="47.56161404773593" lon="9.367703748866916">
        <ele>450.0</ele>
        <time>2023-06-25T14:32:35</time>
      </trkpt>
      <trkpt lat="47.561897272244096" lon="9.367548180744052">
        <ele>450.0</ele>
        <time>2023-06-25T14:32:44</time>
      </trkpt>
      <trkpt lat="47.56201973184943" lon="9.367462014779449">
        <ele>450.0</ele>
        <time>2023-06-25T14:32:48</time>
      </trkpt>
      <trkpt lat="47.562147472053766" lon="9.367399401962757">
        <ele>451.0</ele>
        <time>2023-06-25T14:32:52</time>
      </trkpt>
      <trkpt lat="47.56239381618798" lon="9.36727493070066">
        <ele>451.0</ele>
        <time>2023-06-25T14:33:00</time>
      </trkpt>
      <trkpt lat="47.56267930381" lon="9.367134114727378">
        <ele>451.0</ele>
        <time>2023-06-25T14:33:09</time>
      </trkpt>
      <trkpt lat="47.562946854159236" lon="9.366981899365783">
        <ele>450.0</ele>
        <time>2023-06-25T14:33:18</time>
      </trkpt>
      <trkpt lat="47.56314005702734" lon="9.36687134206295">
        <ele>450.0</ele>
        <time>2023-06-25T14:33:24</time>
      </trkpt>
      <trkpt lat="47.563302079215646" lon="9.366788361221552">
        <ele>450.0</ele>
        <time>2023-06-25T14:33:29</time>
      </trkpt>
      <trkpt lat="47.56355395540595" lon="9.366659615188837">
        <ele>450.0</ele>
        <time>2023-06-25T14:33:37</time>
      </trkpt>
      <trkpt lat="47.56379636004567" lon="9.3665337190032">
        <ele>449.0</ele>
        <time>2023-06-25T14:33:44</time>
      </trkpt>
      <trkpt lat="47.56382695399225" lon="9.366515362635255">
        <ele>449.0</ele>
        <time>2023-06-25T14:33:45</time>
      </trkpt>
      <trkpt lat="47.56402778439224" lon="9.36640128493309">
        <ele>449.0</ele>
        <time>2023-06-25T14:33:51</time>
      </trkpt>
      <trkpt lat="47.56430312991142" lon="9.36627916060388">
        <ele>449.0</ele>
        <time>2023-06-25T14:33:59</time>
      </trkpt>
      <trkpt lat="47.564428858458996" lon="9.366210764274001">
        <ele>448.0</ele>
        <time>2023-06-25T14:34:03</time>
      </trkpt>
      <trkpt lat="47.56453111767769" lon="9.366170698776841">
        <ele>448.0</ele>
        <time>2023-06-25T14:34:06</time>
      </trkpt>
      <trkpt lat="47.56474477238953" lon="9.366072714328766">
        <ele>448.0</ele>
        <time>2023-06-25T14:34:13</time>
      </trkpt>
      <trkpt lat="47.56496848538518" lon="9.365893173962831">
        <ele>448.0</ele>
        <time>2023-06-25T14:34:21</time>
      </trkpt>
      <trkpt lat="47.565090944990516" lon="9.365835506469011">
        <ele>447.0</ele>
        <time>2023-06-25T14:34:24</time>
      </trkpt>
      <trkpt lat="47.565133357420564" lon="9.365847492590547">
        <ele>447.0</ele>
        <time>2023-06-25T14:34:25</time>
      </trkpt>
      <trkpt lat="47.56517585366964" lon="9.36586475931108">
        <ele>447.0</ele>
        <time>2023-06-25T14:34:26</time>
      </trkpt>
      <trkpt lat="47.56522254087031" lon="9.365876326337457">
        <ele>447.0</ele>
        <time>2023-06-25T14:34:27</time>
      </trkpt>
      <trkpt lat="47.56530853919685" lon="9.365841876715422">
        <ele>447.0</ele>
        <time>2023-06-25T14:34:29</time>
      </trkpt>
      <trkpt lat="47.56537903100252" lon="9.365751687437296">
        <ele>447.0</ele>
        <time>2023-06-25T14:34:31</time>
      </trkpt>
      <trkpt lat="47.565472992137074" lon="9.365699551999569">
        <ele>447.0</ele>
        <time>2023-06-25T14:34:33</time>
      </trkpt>
      <trkpt lat="47.56571707315743" lon="9.365700306370854">
        <ele>447.0</ele>
        <time>2023-06-25T14:34:38</time>
      </trkpt>
      <trkpt lat="47.565770633518696" lon="9.365707514807582">
        <ele>447.0</ele>
        <time>2023-06-25T14:34:39</time>
      </trkpt>
      <trkpt lat="47.56593240424991" lon="9.365719836205244">
        <ele>448.0</ele>
        <time>2023-06-25T14:34:42</time>
      </trkpt>
      <trkpt lat="47.56599183194339" lon="9.36572989448905">
        <ele>448.0</ele>
        <time>2023-06-25T14:34:43</time>
      </trkpt>
      <trkpt lat="47.56634118966758" lon="9.365851683542132">
        <ele>448.0</ele>
        <time>2023-06-25T14:34:49</time>
      </trkpt>
      <trkpt lat="47.56639374420047" lon="9.365890575572848">
        <ele>448.0</ele>
        <time>2023-06-25T14:34:50</time>
      </trkpt>
      <trkpt lat="47.566443867981434" lon="9.365930138155818">
        <ele>448.0</ele>
        <time>2023-06-25T14:34:51</time>
      </trkpt>
      <trkpt lat="47.56654788739979" lon="9.366010185331106">
        <ele>448.0</ele>
        <time>2023-06-25T14:34:53</time>
      </trkpt>
      <trkpt lat="47.56660144776106" lon="9.366051256656647">
        <ele>448.0</ele>
        <time>2023-06-25T14:34:54</time>
      </trkpt>
      <trkpt lat="47.56675450131297" lon="9.366166004911065">
        <ele>448.0</ele>
        <time>2023-06-25T14:34:57</time>
      </trkpt>
      <trkpt lat="47.56690822541714" lon="9.366289721801877">
        <ele>449.0</ele>
        <time>2023-06-25T14:35:00</time>
      </trkpt>
      <trkpt lat="47.567118695005774" lon="9.366459958255291">
        <ele>449.0</ele>
        <time>2023-06-25T14:35:04</time>
      </trkpt>
      <trkpt lat="47.56721584126353" lon="9.366527432575822">
        <ele>449.0</ele>
        <time>2023-06-25T14:35:06</time>
      </trkpt>
      <trkpt lat="47.56738758645952" lon="9.366597170010209">
        <ele>450.0</ele>
        <time>2023-06-25T14:35:09</time>
      </trkpt>
      <trkpt lat="47.56746143102646" lon="9.36661384999752">
        <ele>450.0</ele>
        <time>2023-06-25T14:35:10</time>
      </trkpt>
      <trkpt lat="47.567534521222115" lon="9.366619633510709">
        <ele>450.0</ele>
        <time>2023-06-25T14:35:11</time>
      </trkpt>
      <trkpt lat="47.56789301522076" lon="9.366570012643933">
        <ele>450.0</ele>
        <time>2023-06-25T14:35:16</time>
      </trkpt>
      <trkpt lat="47.568114968016744" lon="9.366487869992852">
        <ele>450.0</ele>
        <time>2023-06-25T14:35:19</time>
      </trkpt>
      <trkpt lat="47.568264584988356" lon="9.366467837244272">
        <ele>451.0</ele>
        <time>2023-06-25T14:35:21</time>
      </trkpt>
      <trkpt lat="47.56849341094494" lon="9.36643062159419">
        <ele>451.0</ele>
        <time>2023-06-25T14:35:24</time>
      </trkpt>
      <trkpt lat="47.569035552442074" lon="9.366360548883677">
        <ele>451.0</ele>
        <time>2023-06-25T14:35:31</time>
      </trkpt>
      <trkpt lat="47.56919606588781" lon="9.366346467286348">
        <ele>452.0</ele>
        <time>2023-06-25T14:35:33</time>
      </trkpt>
      <trkpt lat="47.5696040969342" lon="9.366316460072994">
        <ele>452.0</ele>
        <time>2023-06-25T14:35:38</time>
      </trkpt>
      <trkpt lat="47.56975379772484" lon="9.366290057078004">
        <ele>452.0</ele>
        <time>2023-06-25T14:35:40</time>
      </trkpt>
      <trkpt lat="47.57005621679127" lon="9.366229958832264">
        <ele>453.0</ele>
        <time>2023-06-25T14:35:44</time>
      </trkpt>
      <trkpt lat="47.570210779085755" lon="9.366206908598542">
        <ele>453.0</ele>
        <time>2023-06-25T14:35:46</time>
      </trkpt>
      <trkpt lat="47.57028328254819" lon="9.366194168105721">
        <ele>453.0</ele>
        <time>2023-06-25T14:35:47</time>
      </trkpt>
      <trkpt lat="47.570765409618616" lon="9.366094172000885">
        <ele>453.0</ele>
        <time>2023-06-25T14:35:54</time>
      </trkpt>
      <trkpt lat="47.571255499497056" lon="9.366022003814578">
        <ele>454.0</ele>
        <time>2023-06-25T14:36:01</time>
      </trkpt>
      <trkpt lat="47.571497317403555" lon="9.36598151922226">
        <ele>454.0</ele>
        <time>2023-06-25T14:36:05</time>
      </trkpt>
      <trkpt lat="47.57166118361056" lon="9.365954948589206">
        <ele>454.0</ele>
        <time>2023-06-25T14:36:08</time>
      </trkpt>
      <trkpt lat="47.57193485274911" lon="9.3658930901438">
        <ele>454.0</ele>
        <time>2023-06-25T14:36:14</time>
      </trkpt>
      <trkpt lat="47.5719802826643" lon="9.365883953869343">
        <ele>454.0</ele>
        <time>2023-06-25T14:36:15</time>
      </trkpt>
      <trkpt lat="47.572200978174806" lon="9.365831650793552">
        <ele>454.0</ele>
        <time>2023-06-25T14:36:20</time>
      </trkpt>
      <trkpt lat="47.572293346747756" lon="9.365823436528444">
        <ele>454.0</ele>
        <time>2023-06-25T14:36:22</time>
      </trkpt>
      <trkpt lat="47.57241865620017" lon="9.36579778790474">
        <ele>455.0</ele>
        <time>2023-06-25T14:36:25</time>
      </trkpt>
      <trkpt lat="47.57246199063957" lon="9.365779431536794">
        <ele>455.0</ele>
        <time>2023-06-25T14:36:26</time>
      </trkpt>
      <trkpt lat="47.572547318413854" lon="9.365726877003908">
        <ele>455.0</ele>
        <time>2023-06-25T14:36:28</time>
      </trkpt>
      <trkpt lat="47.572619738057256" lon="9.36564045958221">
        <ele>455.0</ele>
        <time>2023-06-25T14:36:30</time>
      </trkpt>
      <trkpt lat="47.572686122730374" lon="9.365517161786556">
        <ele>455.0</ele>
        <time>2023-06-25T14:36:32</time>
      </trkpt>
      <trkpt lat="47.57275627925992" lon="9.365285653620958">
        <ele>456.0</ele>
        <time>2023-06-25T14:36:35</time>
      </trkpt>
      <trkpt lat="47.572785364463925" lon="9.365120865404606">
        <ele>456.0</ele>
        <time>2023-06-25T14:36:37</time>
      </trkpt>
      <trkpt lat="47.572878068313" lon="9.364640079438686">
        <ele>456.0</ele>
        <time>2023-06-25T14:36:43</time>
      </trkpt>
      <trkpt lat="47.57289407774806" lon="9.364566821604967">
        <ele>456.0</ele>
        <time>2023-06-25T14:36:44</time>
      </trkpt>
      <trkpt lat="47.57291469722986" lon="9.364496245980263">
        <ele>456.0</ele>
        <time>2023-06-25T14:36:45</time>
      </trkpt>
      <trkpt lat="47.572940262034535" lon="9.364430783316493">
        <ele>457.0</ele>
        <time>2023-06-25T14:36:46</time>
      </trkpt>
      <trkpt lat="47.57296482101083" lon="9.364361464977264">
        <ele>457.0</ele>
        <time>2023-06-25T14:36:47</time>
      </trkpt>
      <trkpt lat="47.573013100773096" lon="9.364136829972267">
        <ele>457.0</ele>
        <time>2023-06-25T14:36:50</time>
      </trkpt>
      <trkpt lat="47.57302517071366" lon="9.36406122520566">
        <ele>457.0</ele>
        <time>2023-06-25T14:36:51</time>
      </trkpt>
      <trkpt lat="47.57303707301617" lon="9.363985620439053">
        <ele>457.0</ele>
        <time>2023-06-25T14:36:52</time>
      </trkpt>
      <trkpt lat="47.573052495718" lon="9.36365813948214">
        <ele>457.0</ele>
        <time>2023-06-25T14:36:56</time>
      </trkpt>
      <trkpt lat="47.573098093271255" lon="9.363292017951608">
        <ele>457.0</ele>
        <time>2023-06-25T14:37:01</time>
      </trkpt>
      <trkpt lat="47.57309189066291" lon="9.36321783810854">
        <ele>457.0</ele>
        <time>2023-06-25T14:37:02</time>
      </trkpt>
      <trkpt lat="47.57309298031032" lon="9.3631421495229">
        <ele>457.0</ele>
        <time>2023-06-25T14:37:03</time>
      </trkpt>
      <trkpt lat="47.573117623105645" lon="9.362998064607382">
        <ele>457.0</ele>
        <time>2023-06-25T14:37:05</time>
      </trkpt>
      <trkpt lat="47.57313002832234" lon="9.362925561144948">
        <ele>457.0</ele>
        <time>2023-06-25T14:37:06</time>
      </trkpt>
      <trkpt lat="47.57314268499613" lon="9.362853979691863">
        <ele>457.0</ele>
        <time>2023-06-25T14:37:07</time>
      </trkpt>
      <trkpt lat="47.573251985013485" lon="9.362532952800393">
        <ele>458.0</ele>
        <time>2023-06-25T14:37:12</time>
      </trkpt>
      <trkpt lat="47.57331426255405" lon="9.362402614206076">
        <ele>458.0</ele>
        <time>2023-06-25T14:37:14</time>
      </trkpt>
      <trkpt lat="47.57335080765188" lon="9.362339414656162">
        <ele>458.0</ele>
        <time>2023-06-25T14:37:15</time>
      </trkpt>
      <trkpt lat="47.57341995835304" lon="9.36220882460475">
        <ele>458.0</ele>
        <time>2023-06-25T14:37:17</time>
      </trkpt>
      <trkpt lat="47.57348818704486" lon="9.362068511545658">
        <ele>458.0</ele>
        <time>2023-06-25T14:37:19</time>
      </trkpt>
      <trkpt lat="47.57354971021414" lon="9.361912021413445">
        <ele>458.0</ele>
        <time>2023-06-25T14:37:21</time>
      </trkpt>
      <trkpt lat="47.57362590171397" lon="9.361658301204443">
        <ele>458.0</ele>
        <time>2023-06-25T14:37:24</time>
      </trkpt>
      <trkpt lat="47.57368315011263" lon="9.361495021730661">
        <ele>459.0</ele>
        <time>2023-06-25T14:37:26</time>
      </trkpt>
      <trkpt lat="47.573723969981074" lon="9.361423188820481">
        <ele>459.0</ele>
        <time>2023-06-25T14:37:27</time>
      </trkpt>
      <trkpt lat="47.57374241016805" lon="9.361331155523658">
        <ele>459.0</ele>
        <time>2023-06-25T14:37:28</time>
      </trkpt>
      <trkpt lat="47.573802173137665" lon="9.361178604885936">
        <ele>459.0</ele>
        <time>2023-06-25T14:37:30</time>
      </trkpt>
      <trkpt lat="47.57384249009192" lon="9.361110460013151">
        <ele>459.0</ele>
        <time>2023-06-25T14:37:31</time>
      </trkpt>
      <trkpt lat="47.57388071157038" lon="9.361039716750383">
        <ele>459.0</ele>
        <time>2023-06-25T14:37:32</time>
      </trkpt>
      <trkpt lat="47.57396478205919" lon="9.360912730917335">
        <ele>459.0</ele>
        <time>2023-06-25T14:37:34</time>
      </trkpt>
      <trkpt lat="47.57400484755635" lon="9.360846849158406">
        <ele>459.0</ele>
        <time>2023-06-25T14:37:35</time>
      </trkpt>
      <trkpt lat="47.57400912232697" lon="9.360668314620852">
        <ele>459.0</ele>
        <time>2023-06-25T14:37:37</time>
      </trkpt>
      <trkpt lat="47.574021108448505" lon="9.360588351264596">
        <ele>459.0</ele>
        <time>2023-06-25T14:37:38</time>
      </trkpt>
      <trkpt lat="47.574159912765026" lon="9.36033840291202">
        <ele>459.0</ele>
        <time>2023-06-25T14:37:41</time>
      </trkpt>
      <trkpt lat="47.574251275509596" lon="9.360241843387485">
        <ele>459.0</ele>
        <time>2023-06-25T14:37:44</time>
      </trkpt>
      <trkpt lat="47.57430751807988" lon="9.360122065991163">
        <ele>459.0</ele>
        <time>2023-06-25T14:37:46</time>
      </trkpt>
      <trkpt lat="47.57435311563313" lon="9.359996924176812">
        <ele>460.0</ele>
        <time>2023-06-25T14:37:48</time>
      </trkpt>
      <trkpt lat="47.57439603097737" lon="9.359870189800858">
        <ele>460.0</ele>
        <time>2023-06-25T14:37:50</time>
      </trkpt>
      <trkpt lat="47.574498038738966" lon="9.359711101278663">
        <ele>460.0</ele>
        <time>2023-06-25T14:37:53</time>
      </trkpt>
      <trkpt lat="47.57458487525582" lon="9.359524687752128">
        <ele>460.0</ele>
        <time>2023-06-25T14:37:56</time>
      </trkpt>
      <trkpt lat="47.574603483080864" lon="9.359454782679677">
        <ele>460.0</ele>
        <time>2023-06-25T14:37:57</time>
      </trkpt>
      <trkpt lat="47.574623012915254" lon="9.35939191840589">
        <ele>460.0</ele>
        <time>2023-06-25T14:37:58</time>
      </trkpt>
      <trkpt lat="47.574635334312916" lon="9.359322097152472">
        <ele>460.0</ele>
        <time>2023-06-25T14:37:59</time>
      </trkpt>
      <trkpt lat="47.57466986775398" lon="9.359174408018589">
        <ele>460.0</ele>
        <time>2023-06-25T14:38:01</time>
      </trkpt>
      <trkpt lat="47.574979830533266" lon="9.358725054189563">
        <ele>460.0</ele>
        <time>2023-06-25T14:38:08</time>
      </trkpt>
      <trkpt lat="47.57509591989219" lon="9.358510226011276">
        <ele>461.0</ele>
        <time>2023-06-25T14:38:11</time>
      </trkpt>
      <trkpt lat="47.575203543528914" lon="9.358279388397932">
        <ele>461.0</ele>
        <time>2023-06-25T14:38:14</time>
      </trkpt>
      <trkpt lat="47.57523916661739" lon="9.35820646584034">
        <ele>461.0</ele>
        <time>2023-06-25T14:38:15</time>
      </trkpt>
      <trkpt lat="47.57549808360636" lon="9.357733894139528">
        <ele>461.0</ele>
        <time>2023-06-25T14:38:22</time>
      </trkpt>
      <trkpt lat="47.57564225234091" lon="9.357474138960242">
        <ele>461.0</ele>
        <time>2023-06-25T14:38:26</time>
      </trkpt>
      <trkpt lat="47.5757550727576" lon="9.357285713776946">
        <ele>461.0</ele>
        <time>2023-06-25T14:38:29</time>
      </trkpt>
      <trkpt lat="47.575860265642405" lon="9.357082452625036">
        <ele>461.0</ele>
        <time>2023-06-25T14:38:32</time>
      </trkpt>
      <trkpt lat="47.57597928866744" lon="9.356893356889486">
        <ele>461.0</ele>
        <time>2023-06-25T14:38:35</time>
      </trkpt>
      <trkpt lat="47.5763700529933" lon="9.356393376365304">
        <ele>462.0</ele>
        <time>2023-06-25T14:38:44</time>
      </trkpt>
      <trkpt lat="47.576580522581935" lon="9.356117444112897">
        <ele>462.0</ele>
        <time>2023-06-25T14:38:49</time>
      </trkpt>
      <trkpt lat="47.57667364552617" lon="9.356006132438779">
        <ele>462.0</ele>
        <time>2023-06-25T14:38:51</time>
      </trkpt>
      <trkpt lat="47.57691496051848" lon="9.35574964620173">
        <ele>462.0</ele>
        <time>2023-06-25T14:38:56</time>
      </trkpt>
      <trkpt lat="47.577017387375236" lon="9.355650739744306">
        <ele>463.0</ele>
        <time>2023-06-25T14:38:58</time>
      </trkpt>
      <trkpt lat="47.57727714255452" lon="9.355302639305592">
        <ele>463.0</ele>
        <time>2023-06-25T14:39:04</time>
      </trkpt>
      <trkpt lat="47.577323326841" lon="9.355247570201755">
        <ele>463.0</ele>
        <time>2023-06-25T14:39:05</time>
      </trkpt>
      <trkpt lat="47.57774418219924" lon="9.354733172804117">
        <ele>464.0</ele>
        <time>2023-06-25T14:39:14</time>
      </trkpt>
      <trkpt lat="47.578050289303064" lon="9.354441398754716">
        <ele>464.0</ele>
        <time>2023-06-25T14:39:20</time>
      </trkpt>
      <trkpt lat="47.57838330231607" lon="9.354187259450555">
        <ele>464.0</ele>
        <time>2023-06-25T14:39:26</time>
      </trkpt>
      <trkpt lat="47.57854993455112" lon="9.354023225605488">
        <ele>465.0</ele>
        <time>2023-06-25T14:39:29</time>
      </trkpt>
      <trkpt lat="47.57866728119552" lon="9.353905878961086">
        <ele>465.0</ele>
        <time>2023-06-25T14:39:31</time>
      </trkpt>
      <trkpt lat="47.57893298752606" lon="9.353665988892317">
        <ele>465.0</ele>
        <time>2023-06-25T14:39:35</time>
      </trkpt>
      <trkpt lat="47.579096518456936" lon="9.353439090773463">
        <ele>465.0</ele>
        <time>2023-06-25T14:39:38</time>
      </trkpt>
      <trkpt lat="47.579340264201164" lon="9.352911533787847">
        <ele>466.0</ele>
        <time>2023-06-25T14:39:44</time>
      </trkpt>
      <trkpt lat="47.5793747138232" lon="9.352819919586182">
        <ele>466.0</ele>
        <time>2023-06-25T14:39:45</time>
      </trkpt>
      <trkpt lat="47.57949683815241" lon="9.352438040077686">
        <ele>466.0</ele>
        <time>2023-06-25T14:39:49</time>
      </trkpt>
      <trkpt lat="47.579530365765095" lon="9.352342989295721">
        <ele>466.0</ele>
        <time>2023-06-25T14:39:50</time>
      </trkpt>
      <trkpt lat="47.57974477484822" lon="9.35164075344801">
        <ele>467.0</ele>
        <time>2023-06-25T14:39:57</time>
      </trkpt>
      <trkpt lat="47.579957507550716" lon="9.350964836776257">
        <ele>467.0</ele>
        <time>2023-06-25T14:40:04</time>
      </trkpt>
      <trkpt lat="47.580019030719995" lon="9.350774651393294">
        <ele>467.0</ele>
        <time>2023-06-25T14:40:06</time>
      </trkpt>
      <trkpt lat="47.580179711803794" lon="9.350161012262106">
        <ele>467.0</ele>
        <time>2023-06-25T14:40:12</time>
      </trkpt>
      <trkpt lat="47.58037785999477" lon="9.349467661231756">
        <ele>467.0</ele>
        <time>2023-06-25T14:40:19</time>
      </trkpt>
      <trkpt lat="47.580559914931655" lon="9.348832564428449">
        <ele>467.0</ele>
        <time>2023-06-25T14:40:26</time>
      </trkpt>
      <trkpt lat="47.5806905888021" lon="9.348375415429473">
        <ele>467.0</ele>
        <time>2023-06-25T14:40:32</time>
      </trkpt>
      <trkpt lat="47.58077038452029" lon="9.347904771566391">
        <ele>467.0</ele>
        <time>2023-06-25T14:40:38</time>
      </trkpt>
      <trkpt lat="47.58079175837338" lon="9.347858252003789">
        <ele>467.0</ele>
        <time>2023-06-25T14:40:39</time>
      </trkpt>
      <trkpt lat="47.580816484987736" lon="9.347839811816812">
        <ele>467.0</ele>
        <time>2023-06-25T14:40:40</time>
      </trkpt>
      <trkpt lat="47.58088697679341" lon="9.347837716341019">
        <ele>467.0</ele>
        <time>2023-06-25T14:40:42</time>
      </trkpt>
      <trkpt lat="47.580937100574374" lon="9.347697151824832">
        <ele>466.0</ele>
        <time>2023-06-25T14:40:45</time>
      </trkpt>
      <trkpt lat="47.58094414137304" lon="9.347630683332682">
        <ele>466.0</ele>
        <time>2023-06-25T14:40:46</time>
      </trkpt>
      <trkpt lat="47.580950763076544" lon="9.347559353336692">
        <ele>466.0</ele>
        <time>2023-06-25T14:40:47</time>
      </trkpt>
      <trkpt lat="47.5809979531914" lon="9.347322145476937">
        <ele>466.0</ele>
        <time>2023-06-25T14:40:50</time>
      </trkpt>
      <trkpt lat="47.581127285957336" lon="9.346568528562784">
        <ele>466.0</ele>
        <time>2023-06-25T14:40:59</time>
      </trkpt>
      <trkpt lat="47.581258714199066" lon="9.34604600071907">
        <ele>467.0</ele>
        <time>2023-06-25T14:41:06</time>
      </trkpt>
      <trkpt lat="47.58138444274664" lon="9.345578206703067">
        <ele>467.0</ele>
        <time>2023-06-25T14:41:12</time>
      </trkpt>
      <trkpt lat="47.58158527314663" lon="9.344922071322799">
        <ele>467.0</ele>
        <time>2023-06-25T14:41:20</time>
      </trkpt>
      <trkpt lat="47.58161695674062" lon="9.344837749376893">
        <ele>467.0</ele>
        <time>2023-06-25T14:41:21</time>
      </trkpt>
      <trkpt lat="47.58169708773494" lon="9.344545304775238">
        <ele>467.0</ele>
        <time>2023-06-25T14:41:24</time>
      </trkpt>
      <trkpt lat="47.581731202080846" lon="9.344455869868398">
        <ele>467.0</ele>
        <time>2023-06-25T14:41:25</time>
      </trkpt>
      <trkpt lat="47.58185223676264" lon="9.344211285933852">
        <ele>466.0</ele>
        <time>2023-06-25T14:41:28</time>
      </trkpt>
      <trkpt lat="47.58193454705179" lon="9.344056220725179">
        <ele>466.0</ele>
        <time>2023-06-25T14:41:30</time>
      </trkpt>
      <trkpt lat="47.582194386050105" lon="9.343582056462765">
        <ele>466.0</ele>
        <time>2023-06-25T14:41:36</time>
      </trkpt>
      <trkpt lat="47.582445507869124" lon="9.342927765101194">
        <ele>466.0</ele>
        <time>2023-06-25T14:41:43</time>
      </trkpt>
      <trkpt lat="47.58248188532889" lon="9.342828523367643">
        <ele>466.0</ele>
        <time>2023-06-25T14:41:44</time>
      </trkpt>
      <trkpt lat="47.58262739516795" lon="9.34228646568954">
        <ele>466.0</ele>
        <time>2023-06-25T14:41:49</time>
      </trkpt>
      <trkpt lat="47.582759745419025" lon="9.341666037216783">
        <ele>466.0</ele>
        <time>2023-06-25T14:41:54</time>
      </trkpt>
      <trkpt lat="47.582870135083795" lon="9.341324642300606">
        <ele>466.0</ele>
        <time>2023-06-25T14:41:57</time>
      </trkpt>
      <trkpt lat="47.58291397243738" lon="9.341219533234835">
        <ele>466.0</ele>
        <time>2023-06-25T14:41:58</time>
      </trkpt>
      <trkpt lat="47.58313089609146" lon="9.340761881321669">
        <ele>465.0</ele>
        <time>2023-06-25T14:42:03</time>
      </trkpt>
      <trkpt lat="47.58322175592184" lon="9.340609246864915">
        <ele>465.0</ele>
        <time>2023-06-25T14:42:05</time>
      </trkpt>
      <trkpt lat="47.58329065516591" lon="9.340578569099307">
        <ele>465.0</ele>
        <time>2023-06-25T14:42:06</time>
      </trkpt>
      <trkpt lat="47.58334740065038" lon="9.340534061193466">
        <ele>465.0</ele>
        <time>2023-06-25T14:42:07</time>
      </trkpt>
      <trkpt lat="47.58346986025572" lon="9.3404770642519">
        <ele>465.0</ele>
        <time>2023-06-25T14:42:09</time>
      </trkpt>
      <trkpt lat="47.58361360989511" lon="9.340468933805823">
        <ele>465.0</ele>
        <time>2023-06-25T14:42:11</time>
      </trkpt>
      <trkpt lat="47.583734896034" lon="9.340396262705326">
        <ele>465.0</ele>
        <time>2023-06-25T14:42:13</time>
      </trkpt>
      <trkpt lat="47.583786277100444" lon="9.340337421745062">
        <ele>465.0</ele>
        <time>2023-06-25T14:42:14</time>
      </trkpt>
      <trkpt lat="47.58413462899625" lon="9.34000063687563">
        <ele>465.0</ele>
        <time>2023-06-25T14:42:20</time>
      </trkpt>
      <trkpt lat="47.584382984787226" lon="9.339776253327727">
        <ele>465.0</ele>
        <time>2023-06-25T14:42:24</time>
      </trkpt>
      <trkpt lat="47.5844360422343" lon="9.339699978008866">
        <ele>465.0</ele>
        <time>2023-06-25T14:42:25</time>
      </trkpt>
      <trkpt lat="47.58453033864498" lon="9.33954231441021">
        <ele>465.0</ele>
        <time>2023-06-25T14:42:27</time>
      </trkpt>
      <trkpt lat="47.584664365276694" lon="9.339464530348778">
        <ele>465.0</ele>
        <time>2023-06-25T14:42:29</time>
      </trkpt>
      <trkpt lat="47.585008442401886" lon="9.339346010237932">
        <ele>465.0</ele>
        <time>2023-06-25T14:42:34</time>
      </trkpt>
      <trkpt lat="47.585079772397876" lon="9.339352380484343">
        <ele>465.0</ele>
        <time>2023-06-25T14:42:35</time>
      </trkpt>
      <trkpt lat="47.585282446816564" lon="9.33942798525095">
        <ele>465.0</ele>
        <time>2023-06-25T14:42:38</time>
      </trkpt>
      <trkpt lat="47.58546156808734" lon="9.339543068781495">
        <ele>465.0</ele>
        <time>2023-06-25T14:42:41</time>
      </trkpt>
      <trkpt lat="47.58557849563658" lon="9.339643903076649">
        <ele>465.0</ele>
        <time>2023-06-25T14:42:43</time>
      </trkpt>
      <trkpt lat="47.585632307454944" lon="9.339695367962122">
        <ele>465.0</ele>
        <time>2023-06-25T14:42:44</time>
      </trkpt>
      <trkpt lat="47.585689472034574" lon="9.339728225022554">
        <ele>465.0</ele>
        <time>2023-06-25T14:42:45</time>
      </trkpt>
      <trkpt lat="47.58574311621487" lon="9.339716490358114">
        <ele>465.0</ele>
        <time>2023-06-25T14:42:46</time>
      </trkpt>
      <trkpt lat="47.58582064881921" lon="9.33959017507732">
        <ele>464.0</ele>
        <time>2023-06-25T14:42:48</time>
      </trkpt>
      <trkpt lat="47.5858470518142" lon="9.339505517855287">
        <ele>464.0</ele>
        <time>2023-06-25T14:42:49</time>
      </trkpt>
      <trkpt lat="47.58589466102421" lon="9.33922715485096">
        <ele>464.0</ele>
        <time>2023-06-25T14:42:52</time>
      </trkpt>
      <trkpt lat="47.585912598297" lon="9.339143335819244">
        <ele>464.0</ele>
        <time>2023-06-25T14:42:53</time>
      </trkpt>
      <trkpt lat="47.58592885918915" lon="9.339055493474007">
        <ele>464.0</ele>
        <time>2023-06-25T14:42:54</time>
      </trkpt>
      <trkpt lat="47.58606079034507" lon="9.338664477691054">
        <ele>464.0</ele>
        <time>2023-06-25T14:42:59</time>
      </trkpt>
      <trkpt lat="47.58615558966994" lon="9.338534977287054">
        <ele>464.0</ele>
        <time>2023-06-25T14:43:01</time>
      </trkpt>
      <trkpt lat="47.586286598816514" lon="9.338469682261348">
        <ele>464.0</ele>
        <time>2023-06-25T14:43:03</time>
      </trkpt>
      <trkpt lat="47.586356503888965" lon="9.33843556791544">
        <ele>463.0</ele>
        <time>2023-06-25T14:43:04</time>
      </trkpt>
      <trkpt lat="47.58645297959447" lon="9.33828268200159">
        <ele>463.0</ele>
        <time>2023-06-25T14:43:06</time>
      </trkpt>
      <trkpt lat="47.58649941533804" lon="9.338192995637655">
        <ele>463.0</ele>
        <time>2023-06-25T14:43:07</time>
      </trkpt>
      <trkpt lat="47.58655766956508" lon="9.338114624843001">
        <ele>463.0</ele>
        <time>2023-06-25T14:43:08</time>
      </trkpt>
      <trkpt lat="47.58665733039379" lon="9.337941706180573">
        <ele>463.0</ele>
        <time>2023-06-25T14:43:10</time>
      </trkpt>
      <trkpt lat="47.58669504895806" lon="9.337844140827656">
        <ele>463.0</ele>
        <time>2023-06-25T14:43:11</time>
      </trkpt>
      <trkpt lat="47.58671449497342" lon="9.337731320410967">
        <ele>463.0</ele>
        <time>2023-06-25T14:43:12</time>
      </trkpt>
      <trkpt lat="47.58678046055138" lon="9.337536273524165">
        <ele>463.0</ele>
        <time>2023-06-25T14:43:14</time>
      </trkpt>
      <trkpt lat="47.586834942921996" lon="9.337460668757558">
        <ele>463.0</ele>
        <time>2023-06-25T14:43:15</time>
      </trkpt>
      <trkpt lat="47.58692010305822" lon="9.337296467274427">
        <ele>463.0</ele>
        <time>2023-06-25T14:43:17</time>
      </trkpt>
      <trkpt lat="47.586950194090605" lon="9.3370889313519">
        <ele>463.0</ele>
        <time>2023-06-25T14:43:19</time>
      </trkpt>
      <trkpt lat="47.58698808029294" lon="9.33701173402369">
        <ele>462.0</ele>
        <time>2023-06-25T14:43:20</time>
      </trkpt>
      <trkpt lat="47.58710676804185" lon="9.336881060153246">
        <ele>462.0</ele>
        <time>2023-06-25T14:43:22</time>
      </trkpt>
      <trkpt lat="47.58722009137273" lon="9.336744183674455">
        <ele>462.0</ele>
        <time>2023-06-25T14:43:24</time>
      </trkpt>
      <trkpt lat="47.587307849898934" lon="9.336565062403679">
        <ele>462.0</ele>
        <time>2023-06-25T14:43:26</time>
      </trkpt>
      <trkpt lat="47.587382700294256" lon="9.336379570886493">
        <ele>462.0</ele>
        <time>2023-06-25T14:43:28</time>
      </trkpt>
      <trkpt lat="47.58751739747822" lon="9.336005570366979">
        <ele>462.0</ele>
        <time>2023-06-25T14:43:32</time>
      </trkpt>
      <trkpt lat="47.58771428838372" lon="9.335489077493548">
        <ele>462.0</ele>
        <time>2023-06-25T14:43:38</time>
      </trkpt>
      <trkpt lat="47.58780749514699" lon="9.335276260972023">
        <ele>462.0</ele>
        <time>2023-06-25T14:43:41</time>
      </trkpt>
      <trkpt lat="47.58781193755567" lon="9.335126057267189">
        <ele>461.0</ele>
        <time>2023-06-25T14:43:43</time>
      </trkpt>
      <trkpt lat="47.587728537619114" lon="9.334986414760351">
        <ele>461.0</ele>
        <time>2023-06-25T14:43:45</time>
      </trkpt>
      <trkpt lat="47.5876825209707" lon="9.33493260294199">
        <ele>461.0</ele>
        <time>2023-06-25T14:43:46</time>
      </trkpt>
      <trkpt lat="47.58765703998506" lon="9.33487644419074">
        <ele>461.0</ele>
        <time>2023-06-25T14:43:47</time>
      </trkpt>
      <trkpt lat="47.587659722194076" lon="9.334837133064866">
        <ele>461.0</ele>
        <time>2023-06-25T14:43:48</time>
      </trkpt>
      <trkpt lat="47.58767891675234" lon="9.33482120744884">
        <ele>461.0</ele>
        <time>2023-06-25T14:43:49</time>
      </trkpt>
      <trkpt lat="47.58776843547821" lon="9.33486764319241">
        <ele>461.0</ele>
        <time>2023-06-25T14:43:51</time>
      </trkpt>
      <trkpt lat="47.58781688287854" lon="9.334898823872209">
        <ele>461.0</ele>
        <time>2023-06-25T14:43:52</time>
      </trkpt>
      <trkpt lat="47.58787295781076" lon="9.334942074492574">
        <ele>461.0</ele>
        <time>2023-06-25T14:43:53</time>
      </trkpt>
      <trkpt lat="47.588104801252484" lon="9.335088171064854">
        <ele>461.0</ele>
        <time>2023-06-25T14:43:56</time>
      </trkpt>
      <trkpt lat="47.58828643709421" lon="9.335105186328292">
        <ele>461.0</ele>
        <time>2023-06-25T14:43:58</time>
      </trkpt>
      <trkpt lat="47.58831770159304" lon="9.33503813110292">
        <ele>461.0</ele>
        <time>2023-06-25T14:43:59</time>
      </trkpt>
      <trkpt lat="47.58833924308419" lon="9.33496043086052">
        <ele>461.0</ele>
        <time>2023-06-25T14:44:00</time>
      </trkpt>
      <trkpt lat="47.588344020769" lon="9.334796648472548">
        <ele>461.0</ele>
        <time>2023-06-25T14:44:02</time>
      </trkpt>
      <trkpt lat="47.58836740627885" lon="9.334657425060868">
        <ele>460.0</ele>
        <time>2023-06-25T14:44:04</time>
      </trkpt>
      <trkpt lat="47.58841241709888" lon="9.334523733705282">
        <ele>460.0</ele>
        <time>2023-06-25T14:44:06</time>
      </trkpt>
      <trkpt lat="47.588437646627426" lon="9.334458271041512">
        <ele>460.0</ele>
        <time>2023-06-25T14:44:07</time>
      </trkpt>
      <trkpt lat="47.58856588974595" lon="9.334111092612147">
        <ele>460.0</ele>
        <time>2023-06-25T14:44:12</time>
      </trkpt>
      <trkpt lat="47.58858919143677" lon="9.334041690453887">
        <ele>460.0</ele>
        <time>2023-06-25T14:44:13</time>
      </trkpt>
      <trkpt lat="47.58864015340805" lon="9.333914956077933">
        <ele>460.0</ele>
        <time>2023-06-25T14:44:15</time>
      </trkpt>
      <trkpt lat="47.58873771876097" lon="9.33362846262753">
        <ele>460.0</ele>
        <time>2023-06-25T14:44:19</time>
      </trkpt>
      <trkpt lat="47.58879345841706" lon="9.333492424339056">
        <ele>460.0</ele>
        <time>2023-06-25T14:44:21</time>
      </trkpt>
      <trkpt lat="47.588890520855784" lon="9.33321364223957">
        <ele>460.0</ele>
        <time>2023-06-25T14:44:25</time>
      </trkpt>
      <trkpt lat="47.5889605935663" lon="9.332998814061284">
        <ele>460.0</ele>
        <time>2023-06-25T14:44:28</time>
      </trkpt>
      <trkpt lat="47.589140217751265" lon="9.332577371969819">
        <ele>460.0</ele>
        <time>2023-06-25T14:44:34</time>
      </trkpt>
      <trkpt lat="47.58934213779867" lon="9.33206582441926">
        <ele>460.0</ele>
        <time>2023-06-25T14:44:41</time>
      </trkpt>
      <trkpt lat="47.58937256410718" lon="9.332000277936459">
        <ele>460.0</ele>
        <time>2023-06-25T14:44:42</time>
      </trkpt>
      <trkpt lat="47.58940039202571" lon="9.331934563815594">
        <ele>460.0</ele>
        <time>2023-06-25T14:44:43</time>
      </trkpt>
      <trkpt lat="47.58942537009716" lon="9.331863233819604">
        <ele>460.0</ele>
        <time>2023-06-25T14:44:44</time>
      </trkpt>
      <trkpt lat="47.58955084718764" lon="9.331519156694412">
        <ele>460.0</ele>
        <time>2023-06-25T14:44:49</time>
      </trkpt>
      <trkpt lat="47.589769531041384" lon="9.330986319109797">
        <ele>459.0</ele>
        <time>2023-06-25T14:44:57</time>
      </trkpt>
      <trkpt lat="47.58979920297861" lon="9.330918844789267">
        <ele>459.0</ele>
        <time>2023-06-25T14:44:58</time>
      </trkpt>
      <trkpt lat="47.59000623598695" lon="9.330398077145219">
        <ele>458.0</ele>
        <time>2023-06-25T14:45:05</time>
      </trkpt>
      <trkpt lat="47.590131713077426" lon="9.330127760767937">
        <ele>458.0</ele>
        <time>2023-06-25T14:45:09</time>
      </trkpt>
      <trkpt lat="47.590161971747875" lon="9.33005508966744">
        <ele>458.0</ele>
        <time>2023-06-25T14:45:10</time>
      </trkpt>
      <trkpt lat="47.590190302580595" lon="9.32998082600534">
        <ele>458.0</ele>
        <time>2023-06-25T14:45:11</time>
      </trkpt>
      <trkpt lat="47.59030479937792" lon="9.329680586233735">
        <ele>458.0</ele>
        <time>2023-06-25T14:45:15</time>
      </trkpt>
      <trkpt lat="47.59045726619661" lon="9.329319912940264">
        <ele>457.0</ele>
        <time>2023-06-25T14:45:20</time>
      </trkpt>
      <trkpt lat="47.59065574966371" lon="9.328882209956646">
        <ele>457.0</ele>
        <time>2023-06-25T14:45:26</time>
      </trkpt>
      <trkpt lat="47.590684331953526" lon="9.328804342076182">
        <ele>457.0</ele>
        <time>2023-06-25T14:45:27</time>
      </trkpt>
      <trkpt lat="47.59089773520827" lon="9.328251807019114">
        <ele>456.0</ele>
        <time>2023-06-25T14:45:34</time>
      </trkpt>
      <trkpt lat="47.59104961529374" lon="9.327851068228483">
        <ele>456.0</ele>
        <time>2023-06-25T14:45:39</time>
      </trkpt>
      <trkpt lat="47.59111616760492" lon="9.327692231163383">
        <ele>456.0</ele>
        <time>2023-06-25T14:45:41</time>
      </trkpt>
      <trkpt lat="47.591374749317765" lon="9.327076831832528">
        <ele>455.0</ele>
        <time>2023-06-25T14:45:49</time>
      </trkpt>
      <trkpt lat="47.591406013816595" lon="9.327000137418509">
        <ele>455.0</ele>
        <time>2023-06-25T14:45:50</time>
      </trkpt>
      <trkpt lat="47.59158647619188" lon="9.326559836044908">
        <ele>454.0</ele>
        <time>2023-06-25T14:45:56</time>
      </trkpt>
      <trkpt lat="47.59173667989671" lon="9.326182985678315">
        <ele>454.0</ele>
        <time>2023-06-25T14:46:01</time>
      </trkpt>
      <trkpt lat="47.591815972700715" lon="9.325971510261297">
        <ele>453.0</ele>
        <time>2023-06-25T14:46:04</time>
      </trkpt>
      <trkpt lat="47.59201462380588" lon="9.325491562485695">
        <ele>453.0</ele>
        <time>2023-06-25T14:46:11</time>
      </trkpt>
      <trkpt lat="47.59204144589603" lon="9.325420735403895">
        <ele>453.0</ele>
        <time>2023-06-25T14:46:12</time>
      </trkpt>
      <trkpt lat="47.592272786423564" lon="9.324835427105427">
        <ele>452.0</ele>
        <time>2023-06-25T14:46:20</time>
      </trkpt>
      <trkpt lat="47.5924261752516" lon="9.324466539546847">
        <ele>452.0</ele>
        <time>2023-06-25T14:46:25</time>
      </trkpt>
      <trkpt lat="47.592557771131396" lon="9.324157498776913">
        <ele>451.0</ele>
        <time>2023-06-25T14:46:29</time>
      </trkpt>
      <trkpt lat="47.59282582439482" lon="9.323473954573274">
        <ele>451.0</ele>
        <time>2023-06-25T14:46:38</time>
      </trkpt>
      <trkpt lat="47.59307594038546" lon="9.322835085913539">
        <ele>450.0</ele>
        <time>2023-06-25T14:46:47</time>
      </trkpt>
      <trkpt lat="47.59321776218712" lon="9.322509868070483">
        <ele>449.0</ele>
        <time>2023-06-25T14:46:52</time>
      </trkpt>
      <trkpt lat="47.5932895950973" lon="9.322328818961978">
        <ele>449.0</ele>
        <time>2023-06-25T14:46:55</time>
      </trkpt>
      <trkpt lat="47.593469051644206" lon="9.321997985243797">
        <ele>449.0</ele>
        <time>2023-06-25T14:47:02</time>
      </trkpt>
      <trkpt lat="47.59349847212434" lon="9.321982227265835">
        <ele>449.0</ele>
        <time>2023-06-25T14:47:03</time>
      </trkpt>
      <trkpt lat="47.59356066584587" lon="9.322031512856483">
        <ele>449.0</ele>
        <time>2023-06-25T14:47:05</time>
      </trkpt>
      <trkpt lat="47.5936437305063" lon="9.3221325147897">
        <ele>448.0</ele>
        <time>2023-06-25T14:47:07</time>
      </trkpt>
      <trkpt lat="47.59374079294503" lon="9.322237456217408">
        <ele>448.0</ele>
        <time>2023-06-25T14:47:09</time>
      </trkpt>
      <trkpt lat="47.593854367733" lon="9.322351953014731">
        <ele>448.0</ele>
        <time>2023-06-25T14:47:11</time>
      </trkpt>
      <trkpt lat="47.59405083954334" lon="9.322516741231084">
        <ele>448.0</ele>
        <time>2023-06-25T14:47:14</time>
      </trkpt>
      <trkpt lat="47.594266002997756" lon="9.322726121172309">
        <ele>448.0</ele>
        <time>2023-06-25T14:47:18</time>
      </trkpt>
      <trkpt lat="47.594312857836485" lon="9.322756547480822">
        <ele>448.0</ele>
        <time>2023-06-25T14:47:19</time>
      </trkpt>
      <trkpt lat="47.594439424574375" lon="9.322752691805363">
        <ele>447.0</ele>
        <time>2023-06-25T14:47:21</time>
      </trkpt>
      <trkpt lat="47.59452014230192" lon="9.322651606053114">
        <ele>447.0</ele>
        <time>2023-06-25T14:47:23</time>
      </trkpt>
      <trkpt lat="47.594552328810096" lon="9.322585891932249">
        <ele>447.0</ele>
        <time>2023-06-25T14:47:24</time>
      </trkpt>
      <trkpt lat="47.594764893874526" lon="9.322129497304559">
        <ele>447.0</ele>
        <time>2023-06-25T14:47:31</time>
      </trkpt>
      <trkpt lat="47.594799008220434" lon="9.3220704048872">
        <ele>447.0</ele>
        <time>2023-06-25T14:47:32</time>
      </trkpt>
      <trkpt lat="47.59482876397669" lon="9.322003936395049">
        <ele>447.0</ele>
        <time>2023-06-25T14:47:33</time>
      </trkpt>
      <trkpt lat="47.59498952887952" lon="9.321764633059502">
        <ele>447.0</ele>
        <time>2023-06-25T14:47:37</time>
      </trkpt>
      <trkpt lat="47.59521374478936" lon="9.321376383304596">
        <ele>446.0</ele>
        <time>2023-06-25T14:47:43</time>
      </trkpt>
      <trkpt lat="47.59525607340038" lon="9.321321649476886">
        <ele>446.0</ele>
        <time>2023-06-25T14:47:44</time>
      </trkpt>
      <trkpt lat="47.59536839090288" lon="9.321236405521631">
        <ele>446.0</ele>
        <time>2023-06-25T14:47:47</time>
      </trkpt>
      <trkpt lat="47.59545950219035" lon="9.321204470470548">
        <ele>446.0</ele>
        <time>2023-06-25T14:47:49</time>
      </trkpt>
      <trkpt lat="47.5955330953002" lon="9.321108078584075">
        <ele>446.0</ele>
        <time>2023-06-25T14:47:51</time>
      </trkpt>
      <trkpt lat="47.5956364441663" lon="9.320954186841846">
        <ele>446.0</ele>
        <time>2023-06-25T14:47:54</time>
      </trkpt>
      <trkpt lat="47.595711294561625" lon="9.32085326872766">
        <ele>446.0</ele>
        <time>2023-06-25T14:47:56</time>
      </trkpt>
      <trkpt lat="47.5958801060915" lon="9.32053416967392">
        <ele>445.0</ele>
        <time>2023-06-25T14:48:01</time>
      </trkpt>
      <trkpt lat="47.595941880717874" lon="9.32039544917643">
        <ele>445.0</ele>
        <time>2023-06-25T14:48:03</time>
      </trkpt>
      <trkpt lat="47.59600969031453" lon="9.320269133895636">
        <ele>445.0</ele>
        <time>2023-06-25T14:48:05</time>
      </trkpt>
      <trkpt lat="47.59608638472855" lon="9.320143070071936">
        <ele>445.0</ele>
        <time>2023-06-25T14:48:07</time>
      </trkpt>
      <trkpt lat="47.596116894856095" lon="9.320063441991806">
        <ele>445.0</ele>
        <time>2023-06-25T14:48:08</time>
      </trkpt>
      <trkpt lat="47.596190655604005" lon="9.319914998486638">
        <ele>445.0</ele>
        <time>2023-06-25T14:48:10</time>
      </trkpt>
      <trkpt lat="47.59647103026509" lon="9.319395823404193">
        <ele>445.0</ele>
        <time>2023-06-25T14:48:17</time>
      </trkpt>
      <trkpt lat="47.596677308902144" lon="9.319029115140438">
        <ele>445.0</ele>
        <time>2023-06-25T14:48:22</time>
      </trkpt>
      <trkpt lat="47.596714943647385" lon="9.31895493529737">
        <ele>445.0</ele>
        <time>2023-06-25T14:48:23</time>
      </trkpt>
      <trkpt lat="47.59698526002467" lon="9.318568697199225">
        <ele>445.0</ele>
        <time>2023-06-25T14:48:29</time>
      </trkpt>
      <trkpt lat="47.597021805122495" lon="9.318499965593219">
        <ele>445.0</ele>
        <time>2023-06-25T14:48:30</time>
      </trkpt>
      <trkpt lat="47.597178211435676" lon="9.31823124177754">
        <ele>445.0</ele>
        <time>2023-06-25T14:48:34</time>
      </trkpt>
      <trkpt lat="47.597505105659366" lon="9.317659847438335">
        <ele>445.0</ele>
        <time>2023-06-25T14:48:42</time>
      </trkpt>
      <trkpt lat="47.597806602716446" lon="9.317157017067075">
        <ele>445.0</ele>
        <time>2023-06-25T14:48:49</time>
      </trkpt>
      <trkpt lat="47.59800181724131" lon="9.316799361258745">
        <ele>445.0</ele>
        <time>2023-06-25T14:48:54</time>
      </trkpt>
      <trkpt lat="47.598242377862334" lon="9.31638915091753">
        <ele>445.0</ele>
        <time>2023-06-25T14:49:00</time>
      </trkpt>
      <trkpt lat="47.59852065704763" lon="9.315971145406365">
        <ele>445.0</ele>
        <time>2023-06-25T14:49:07</time>
      </trkpt>
      <trkpt lat="47.598812682554126" lon="9.315452557057142">
        <ele>446.0</ele>
        <time>2023-06-25T14:49:15</time>
      </trkpt>
      <trkpt lat="47.599096493795514" lon="9.315002197399735">
        <ele>446.0</ele>
        <time>2023-06-25T14:49:22</time>
      </trkpt>
      <trkpt lat="47.5991384871304" lon="9.314939919859171">
        <ele>446.0</ele>
        <time>2023-06-25T14:49:23</time>
      </trkpt>
      <trkpt lat="47.59935591369867" lon="9.314637081697583">
        <ele>446.0</ele>
        <time>2023-06-25T14:49:28</time>
      </trkpt>
      <trkpt lat="47.59966126643121" lon="9.314189907163382">
        <ele>446.0</ele>
        <time>2023-06-25T14:49:35</time>
      </trkpt>
      <trkpt lat="47.59987525641918" lon="9.313833760097623">
        <ele>446.0</ele>
        <time>2023-06-25T14:49:40</time>
      </trkpt>
      <trkpt lat="47.60016845539212" lon="9.313361272215843">
        <ele>446.0</ele>
        <time>2023-06-25T14:49:47</time>
      </trkpt>
      <trkpt lat="47.60020826943219" lon="9.313194220885634">
        <ele>446.0</ele>
        <time>2023-06-25T14:49:49</time>
      </trkpt>
      <trkpt lat="47.60020743124187" lon="9.313110150396824">
        <ele>446.0</ele>
        <time>2023-06-25T14:49:50</time>
      </trkpt>
      <trkpt lat="47.60019024834037" lon="9.313032031059265">
        <ele>446.0</ele>
        <time>2023-06-25T14:49:51</time>
      </trkpt>
      <trkpt lat="47.600111961364746" lon="9.312902530655265">
        <ele>445.0</ele>
        <time>2023-06-25T14:49:53</time>
      </trkpt>
      <trkpt lat="47.59986016899347" lon="9.312668591737747">
        <ele>445.0</ele>
        <time>2023-06-25T14:49:58</time>
      </trkpt>
      <trkpt lat="47.59956336580217" lon="9.31240925565362">
        <ele>445.0</ele>
        <time>2023-06-25T14:50:05</time>
      </trkpt>
      <trkpt lat="47.59943260811269" lon="9.312330465763807">
        <ele>445.0</ele>
        <time>2023-06-25T14:50:08</time>
      </trkpt>
      <trkpt lat="47.599376533180475" lon="9.31223290041089">
        <ele>445.0</ele>
        <time>2023-06-25T14:50:10</time>
      </trkpt>
      <trkpt lat="47.59941089898348" lon="9.312124606221914">
        <ele>445.0</ele>
        <time>2023-06-25T14:50:12</time>
      </trkpt>
      <trkpt lat="47.599443420767784" lon="9.312074314802885">
        <ele>445.0</ele>
        <time>2023-06-25T14:50:13</time>
      </trkpt>
      <trkpt lat="47.599660931155086" lon="9.311685226857662">
        <ele>445.0</ele>
        <time>2023-06-25T14:50:20</time>
      </trkpt>
      <trkpt lat="47.59980937466025" lon="9.311394961550832">
        <ele>446.0</ele>
        <time>2023-06-25T14:50:25</time>
      </trkpt>
      <trkpt lat="47.59981264360249" lon="9.311318937689066">
        <ele>446.0</ele>
        <time>2023-06-25T14:50:26</time>
      </trkpt>
      <trkpt lat="47.59979261085391" lon="9.311250960454345">
        <ele>446.0</ele>
        <time>2023-06-25T14:50:27</time>
      </trkpt>
      <trkpt lat="47.599710300564766" lon="9.311134032905102">
        <ele>446.0</ele>
        <time>2023-06-25T14:50:29</time>
      </trkpt>
      <trkpt lat="47.599493796005845" lon="9.31084955111146">
        <ele>446.0</ele>
        <time>2023-06-25T14:50:34</time>
      </trkpt>
      <trkpt lat="47.59940746240318" lon="9.310737401247025">
        <ele>446.0</ele>
        <time>2023-06-25T14:50:36</time>
      </trkpt>
      <trkpt lat="47.599366726353765" lon="9.310680152848363">
        <ele>446.0</ele>
        <time>2023-06-25T14:50:37</time>
      </trkpt>
      <trkpt lat="47.599210320040584" lon="9.310463983565569">
        <ele>446.0</ele>
        <time>2023-06-25T14:50:41</time>
      </trkpt>
      <trkpt lat="47.5991871021688" lon="9.310396509245038">
        <ele>446.0</ele>
        <time>2023-06-25T14:50:42</time>
      </trkpt>
      <trkpt lat="47.59918408468366" lon="9.310321491211653">
        <ele>446.0</ele>
        <time>2023-06-25T14:50:43</time>
      </trkpt>
      <trkpt lat="47.59920394979417" lon="9.310254184529185">
        <ele>446.0</ele>
        <time>2023-06-25T14:50:44</time>
      </trkpt>
      <trkpt lat="47.5992389023304" lon="9.31019869633019">
        <ele>446.0</ele>
        <time>2023-06-25T14:50:45</time>
      </trkpt>
      <trkpt lat="47.5993078853935" lon="9.310092497617006">
        <ele>446.0</ele>
        <time>2023-06-25T14:50:47</time>
      </trkpt>
      <trkpt lat="47.59937468916178" lon="9.30998956784606">
        <ele>447.0</ele>
        <time>2023-06-25T14:50:49</time>
      </trkpt>
      <trkpt lat="47.59950335137546" lon="9.309783456847072">
        <ele>447.0</ele>
        <time>2023-06-25T14:50:53</time>
      </trkpt>
      <trkpt lat="47.59962446987629" lon="9.309599976986647">
        <ele>447.0</ele>
        <time>2023-06-25T14:50:57</time>
      </trkpt>
      <trkpt lat="47.59981348179281" lon="9.30926444940269">
        <ele>447.0</ele>
        <time>2023-06-25T14:51:04</time>
      </trkpt>
      <trkpt lat="47.60000576265156" lon="9.308913331478834">
        <ele>447.0</ele>
        <time>2023-06-25T14:51:09</time>
      </trkpt>
      <trkpt lat="47.6002455689013" lon="9.308413686230779">
        <ele>447.0</ele>
        <time>2023-06-25T14:51:15</time>
      </trkpt>
      <trkpt lat="47.60028647258878" lon="9.308339674025774">
        <ele>448.0</ele>
        <time>2023-06-25T14:51:16</time>
      </trkpt>
      <trkpt lat="47.60050415061414" lon="9.307922925800085">
        <ele>448.0</ele>
        <time>2023-06-25T14:51:22</time>
      </trkpt>
      <trkpt lat="47.60054128244519" lon="9.307852098718286">
        <ele>448.0</ele>
        <time>2023-06-25T14:51:23</time>
      </trkpt>
      <trkpt lat="47.6007447950542" lon="9.307421436533332">
        <ele>448.0</ele>
        <time>2023-06-25T14:51:29</time>
      </trkpt>
      <trkpt lat="47.60081612505019" lon="9.307286739349365">
        <ele>448.0</ele>
        <time>2023-06-25T14:51:31</time>
      </trkpt>
      <trkpt lat="47.60106540285051" lon="9.306796062737703">
        <ele>448.0</ele>
        <time>2023-06-25T14:51:38</time>
      </trkpt>
      <trkpt lat="47.60109926573932" lon="9.306724229827523">
        <ele>448.0</ele>
        <time>2023-06-25T14:51:39</time>
      </trkpt>
      <trkpt lat="47.60136648081243" lon="9.306173622608185">
        <ele>448.0</ele>
        <time>2023-06-25T14:51:47</time>
      </trkpt>
      <trkpt lat="47.601583655923605" lon="9.305742289870977">
        <ele>448.0</ele>
        <time>2023-06-25T14:51:53</time>
      </trkpt>
      <trkpt lat="47.601619781926274" lon="9.30566769093275">
        <ele>448.0</ele>
        <time>2023-06-25T14:51:54</time>
      </trkpt>
      <trkpt lat="47.601897809654474" lon="9.305122029036283">
        <ele>448.0</ele>
        <time>2023-06-25T14:52:02</time>
      </trkpt>
      <trkpt lat="47.602190505713224" lon="9.304589191451669">
        <ele>448.0</ele>
        <time>2023-06-25T14:52:10</time>
      </trkpt>
      <trkpt lat="47.60244975797832" lon="9.304121062159538">
        <ele>448.0</ele>
        <time>2023-06-25T14:52:17</time>
      </trkpt>
      <trkpt lat="47.602565260604024" lon="9.30392425507307">
        <ele>448.0</ele>
        <time>2023-06-25T14:52:20</time>
      </trkpt>
      <trkpt lat="47.60268076322973" lon="9.303719233721495">
        <ele>448.0</ele>
        <time>2023-06-25T14:52:23</time>
      </trkpt>
      <trkpt lat="47.60279123671353" lon="9.303508177399635">
        <ele>448.0</ele>
        <time>2023-06-25T14:52:26</time>
      </trkpt>
      <trkpt lat="47.6030863635242" lon="9.302971651777625">
        <ele>448.0</ele>
        <time>2023-06-25T14:52:34</time>
      </trkpt>
      <trkpt lat="47.60311419144273" lon="9.302905267104506">
        <ele>448.0</ele>
        <time>2023-06-25T14:52:35</time>
      </trkpt>
      <trkpt lat="47.60318384505808" lon="9.30286101065576">
        <ele>448.0</ele>
        <time>2023-06-25T14:52:37</time>
      </trkpt>
      <trkpt lat="47.6032830029726" lon="9.302953630685806">
        <ele>448.0</ele>
        <time>2023-06-25T14:52:40</time>
      </trkpt>
      <trkpt lat="47.603459442034364" lon="9.30309846997261">
        <ele>448.0</ele>
        <time>2023-06-25T14:52:44</time>
      </trkpt>
      <trkpt lat="47.603501016274095" lon="9.30314926430583">
        <ele>449.0</ele>
        <time>2023-06-25T14:52:45</time>
      </trkpt>
      <trkpt lat="47.60359330102801" lon="9.30323769338429">
        <ele>449.0</ele>
        <time>2023-06-25T14:52:47</time>
      </trkpt>
      <trkpt lat="47.60369723662734" lon="9.303304245695472">
        <ele>449.0</ele>
        <time>2023-06-25T14:52:49</time>
      </trkpt>
      <trkpt lat="47.60375582613051" lon="9.30331296287477">
        <ele>449.0</ele>
        <time>2023-06-25T14:52:50</time>
      </trkpt>
      <trkpt lat="47.60381206870079" lon="9.303296701982617">
        <ele>449.0</ele>
        <time>2023-06-25T14:52:51</time>
      </trkpt>
      <trkpt lat="47.60392296127975" lon="9.303219001740217">
        <ele>450.0</ele>
        <time>2023-06-25T14:52:53</time>
      </trkpt>
      <trkpt lat="47.604016000404954" lon="9.303087824955583">
        <ele>450.0</ele>
        <time>2023-06-25T14:52:55</time>
      </trkpt>
      <trkpt lat="47.60409797541797" lon="9.302942482754588">
        <ele>450.0</ele>
        <time>2023-06-25T14:52:57</time>
      </trkpt>
      <trkpt lat="47.604211550205946" lon="9.302756823599339">
        <ele>451.0</ele>
        <time>2023-06-25T14:53:00</time>
      </trkpt>
      <trkpt lat="47.60426016524434" lon="9.302726313471794">
        <ele>451.0</ele>
        <time>2023-06-25T14:53:01</time>
      </trkpt>
      <trkpt lat="47.60431624017656" lon="9.302723966538906">
        <ele>451.0</ele>
        <time>2023-06-25T14:53:02</time>
      </trkpt>
      <trkpt lat="47.60446585714817" lon="9.302860926836729">
        <ele>451.0</ele>
        <time>2023-06-25T14:53:05</time>
      </trkpt>
      <trkpt lat="47.6045179925859" lon="9.302892778068781">
        <ele>451.0</ele>
        <time>2023-06-25T14:53:06</time>
      </trkpt>
      <trkpt lat="47.60464648716152" lon="9.30296653881669">
        <ele>452.0</ele>
        <time>2023-06-25T14:53:08</time>
      </trkpt>
      <trkpt lat="47.6047096028924" lon="9.303005179390311">
        <ele>452.0</ele>
        <time>2023-06-25T14:53:09</time>
      </trkpt>
      <trkpt lat="47.60476291179657" lon="9.30305597372353">
        <ele>452.0</ele>
        <time>2023-06-25T14:53:10</time>
      </trkpt>
      <trkpt lat="47.604841366410255" lon="9.303161837160587">
        <ele>452.0</ele>
        <time>2023-06-25T14:53:12</time>
      </trkpt>
      <trkpt lat="47.60492275469005" lon="9.303215313702822">
        <ele>453.0</ele>
        <time>2023-06-25T14:53:14</time>
      </trkpt>
      <trkpt lat="47.60496902279556" lon="9.303195364773273">
        <ele>453.0</ele>
        <time>2023-06-25T14:53:15</time>
      </trkpt>
      <trkpt lat="47.605042615905404" lon="9.303084136918187">
        <ele>453.0</ele>
        <time>2023-06-25T14:53:17</time>
      </trkpt>
      <trkpt lat="47.60518351569772" lon="9.302909960970283">
        <ele>454.0</ele>
        <time>2023-06-25T14:53:20</time>
      </trkpt>
      <trkpt lat="47.60526272468269" lon="9.302765876054764">
        <ele>454.0</ele>
        <time>2023-06-25T14:53:22</time>
      </trkpt>
      <trkpt lat="47.60534721426666" lon="9.302623551338911">
        <ele>454.0</ele>
        <time>2023-06-25T14:53:24</time>
      </trkpt>
      <trkpt lat="47.6054363977164" lon="9.302482400089502">
        <ele>455.0</ele>
        <time>2023-06-25T14:53:26</time>
      </trkpt>
      <trkpt lat="47.605605544522405" lon="9.302197247743607">
        <ele>455.0</ele>
        <time>2023-06-25T14:53:30</time>
      </trkpt>
      <trkpt lat="47.60581106878817" lon="9.30185585282743">
        <ele>456.0</ele>
        <time>2023-06-25T14:53:35</time>
      </trkpt>
      <trkpt lat="47.606075601652265" lon="9.301379593089223">
        <ele>456.0</ele>
        <time>2023-06-25T14:53:42</time>
      </trkpt>
      <trkpt lat="47.606111811473966" lon="9.30130910128355">
        <ele>456.0</ele>
        <time>2023-06-25T14:53:43</time>
      </trkpt>
      <trkpt lat="47.60645421221852" lon="9.300714991986752">
        <ele>457.0</ele>
        <time>2023-06-25T14:53:52</time>
      </trkpt>
      <trkpt lat="47.606744058430195" lon="9.300259687006474">
        <ele>457.0</ele>
        <time>2023-06-25T14:53:59</time>
      </trkpt>
      <trkpt lat="47.60705863125622" lon="9.299739254638553">
        <ele>457.0</ele>
        <time>2023-06-25T14:54:07</time>
      </trkpt>
      <trkpt lat="47.60735602118075" lon="9.299212703481317">
        <ele>457.0</ele>
        <time>2023-06-25T14:54:15</time>
      </trkpt>
      <trkpt lat="47.607615273445845" lon="9.298727475106716">
        <ele>457.0</ele>
        <time>2023-06-25T14:54:22</time>
      </trkpt>
      <trkpt lat="47.607798585668206" lon="9.29841692559421">
        <ele>456.0</ele>
        <time>2023-06-25T14:54:26</time>
      </trkpt>
      <trkpt lat="47.60785340331495" lon="9.298343500122428">
        <ele>456.0</ele>
        <time>2023-06-25T14:54:27</time>
      </trkpt>
      <trkpt lat="47.60809966363013" lon="9.297966314479709">
        <ele>456.0</ele>
        <time>2023-06-25T14:54:32</time>
      </trkpt>
      <trkpt lat="47.60825087316334" lon="9.297734135761857">
        <ele>456.0</ele>
        <time>2023-06-25T14:54:35</time>
      </trkpt>
      <trkpt lat="47.60830460116267" lon="9.297662302851677">
        <ele>456.0</ele>
        <time>2023-06-25T14:54:36</time>
      </trkpt>
      <trkpt lat="47.60840753093362" lon="9.297524085268378">
        <ele>456.0</ele>
        <time>2023-06-25T14:54:38</time>
      </trkpt>
      <trkpt lat="47.60871162638068" lon="9.297071630135179">
        <ele>456.0</ele>
        <time>2023-06-25T14:54:45</time>
      </trkpt>
      <trkpt lat="47.60874314233661" lon="9.296997115015984">
        <ele>456.0</ele>
        <time>2023-06-25T14:54:46</time>
      </trkpt>
      <trkpt lat="47.60876233689487" lon="9.296931736171246">
        <ele>456.0</ele>
        <time>2023-06-25T14:54:47</time>
      </trkpt>
      <trkpt lat="47.6087677013129" lon="9.296859484165907">
        <ele>456.0</ele>
        <time>2023-06-25T14:54:48</time>
      </trkpt>
      <trkpt lat="47.608752865344286" lon="9.29677507840097">
        <ele>455.0</ele>
        <time>2023-06-25T14:54:49</time>
      </trkpt>
      <trkpt lat="47.60867156088352" lon="9.296629568561912">
        <ele>455.0</ele>
        <time>2023-06-25T14:54:51</time>
      </trkpt>
      <trkpt lat="47.60856435634196" lon="9.296504175290465">
        <ele>455.0</ele>
        <time>2023-06-25T14:54:53</time>
      </trkpt>
      <trkpt lat="47.60851263999939" lon="9.29645019583404">
        <ele>455.0</ele>
        <time>2023-06-25T14:54:54</time>
      </trkpt>
      <trkpt lat="47.60846477933228" lon="9.29639495909214">
        <ele>455.0</ele>
        <time>2023-06-25T14:54:55</time>
      </trkpt>
      <trkpt lat="47.6084188465029" lon="9.296339638531208">
        <ele>455.0</ele>
        <time>2023-06-25T14:54:56</time>
      </trkpt>
      <trkpt lat="47.608378026634455" lon="9.296285072341561">
        <ele>455.0</ele>
        <time>2023-06-25T14:54:57</time>
      </trkpt>
      <trkpt lat="47.608255902305245" lon="9.296122463420033">
        <ele>455.0</ele>
        <time>2023-06-25T14:55:00</time>
      </trkpt>
      <trkpt lat="47.608098490163684" lon="9.295895146206021">
        <ele>455.0</ele>
        <time>2023-06-25T14:55:04</time>
      </trkpt>
      <trkpt lat="47.60806077159941" lon="9.295836556702852">
        <ele>455.0</ele>
        <time>2023-06-25T14:55:05</time>
      </trkpt>
      <trkpt lat="47.60802414268255" lon="9.29578316397965">
        <ele>455.0</ele>
        <time>2023-06-25T14:55:06</time>
      </trkpt>
      <trkpt lat="47.607949543744326" lon="9.295680150389671">
        <ele>455.0</ele>
        <time>2023-06-25T14:55:08</time>
      </trkpt>
      <trkpt lat="47.60772658511996" lon="9.29539424367249">
        <ele>455.0</ele>
        <time>2023-06-25T14:55:14</time>
      </trkpt>
      <trkpt lat="47.60749960318208" lon="9.295052932575345">
        <ele>455.0</ele>
        <time>2023-06-25T14:55:21</time>
      </trkpt>
      <trkpt lat="47.607488706707954" lon="9.294928209856153">
        <ele>455.0</ele>
        <time>2023-06-25T14:55:23</time>
      </trkpt>
      <trkpt lat="47.607514187693596" lon="9.294869285076857">
        <ele>455.0</ele>
        <time>2023-06-25T14:55:24</time>
      </trkpt>
      <trkpt lat="47.60754989460111" lon="9.294816898182034">
        <ele>455.0</ele>
        <time>2023-06-25T14:55:25</time>
      </trkpt>
      <trkpt lat="47.60762767866254" lon="9.29471354931593">
        <ele>455.0</ele>
        <time>2023-06-25T14:55:27</time>
      </trkpt>
      <trkpt lat="47.607701271772385" lon="9.294601315632463">
        <ele>455.0</ele>
        <time>2023-06-25T14:55:29</time>
      </trkpt>
      <trkpt lat="47.607738906517625" lon="9.294542977586389">
        <ele>455.0</ele>
        <time>2023-06-25T14:55:30</time>
      </trkpt>
      <trkpt lat="47.607942670583725" lon="9.29420585744083">
        <ele>455.0</ele>
        <time>2023-06-25T14:55:35</time>
      </trkpt>
      <trkpt lat="47.6080269087106" lon="9.294067975133657">
        <ele>455.0</ele>
        <time>2023-06-25T14:55:37</time>
      </trkpt>
      <trkpt lat="47.608132688328624" lon="9.293963368982077">
        <ele>455.0</ele>
        <time>2023-06-25T14:55:39</time>
      </trkpt>
      <trkpt lat="47.60823427699506" lon="9.293858176097274">
        <ele>455.0</ele>
        <time>2023-06-25T14:55:41</time>
      </trkpt>
      <trkpt lat="47.608363442122936" lon="9.293660866096616">
        <ele>455.0</ele>
        <time>2023-06-25T14:55:44</time>
      </trkpt>
      <trkpt lat="47.608637446537614" lon="9.293164741247892">
        <ele>456.0</ele>
        <time>2023-06-25T14:55:51</time>
      </trkpt>
      <trkpt lat="47.608999041840434" lon="9.292526291683316">
        <ele>456.0</ele>
        <time>2023-06-25T14:56:00</time>
      </trkpt>
      <trkpt lat="47.60935887694359" lon="9.291874011978507">
        <ele>456.0</ele>
        <time>2023-06-25T14:56:09</time>
      </trkpt>
      <trkpt lat="47.609643610194325" lon="9.291368583217263">
        <ele>456.0</ele>
        <time>2023-06-25T14:56:16</time>
      </trkpt>
      <trkpt lat="47.60998483747244" lon="9.29068822413683">
        <ele>455.0</ele>
        <time>2023-06-25T14:56:25</time>
      </trkpt>
      <trkpt lat="47.61024325154722" lon="9.29019134491682">
        <ele>455.0</ele>
        <time>2023-06-25T14:56:32</time>
      </trkpt>
      <trkpt lat="47.61048020794988" lon="9.289727741852403">
        <ele>455.0</ele>
        <time>2023-06-25T14:56:39</time>
      </trkpt>
      <trkpt lat="47.610572995617986" lon="9.289535628631711">
        <ele>455.0</ele>
        <time>2023-06-25T14:56:42</time>
      </trkpt>
      <trkpt lat="47.61058154515922" lon="9.289466561749578">
        <ele>455.0</ele>
        <time>2023-06-25T14:56:43</time>
      </trkpt>
      <trkpt lat="47.61060493066907" lon="9.289403697475791">
        <ele>454.0</ele>
        <time>2023-06-25T14:56:45</time>
      </trkpt>
      <trkpt lat="47.610615994781256" lon="9.289396908134222">
        <ele>454.0</ele>
        <time>2023-06-25T14:56:46</time>
      </trkpt>
      <trkpt lat="47.61057819239795" lon="9.28940705023706">
        <ele>454.0</ele>
        <time>2023-06-25T14:56:49</time>
      </trkpt>
      <trkpt lat="47.610573498532176" lon="9.289388107135892">
        <ele>454.0</ele>
        <time>2023-06-25T14:56:50</time>
      </trkpt>
      <trkpt lat="47.610569559037685" lon="9.28935189731419">
        <ele>454.0</ele>
        <time>2023-06-25T14:56:52</time>
      </trkpt>
      <trkpt lat="47.612789338454604" lon="9.28499330766499">
        <ele>450.0</ele>
        <time>2023-06-25T14:58:59</time>
      </trkpt>
      <trkpt lat="47.612835858017206" lon="9.284909656271338">
        <ele>450.0</ele>
        <time>2023-06-25T14:59:00</time>
      </trkpt>
      <trkpt lat="47.613158812746406" lon="9.284236254170537">
        <ele>451.0</ele>
        <time>2023-06-25T14:59:08</time>
      </trkpt>
      <trkpt lat="47.61319519020617" lon="9.284155955538154">
        <ele>451.0</ele>
        <time>2023-06-25T14:59:09</time>
      </trkpt>
      <trkpt lat="47.61323031038046" lon="9.284078171476722">
        <ele>451.0</ele>
        <time>2023-06-25T14:59:10</time>
      </trkpt>
      <trkpt lat="47.61344044469297" lon="9.283611802384257">
        <ele>452.0</ele>
        <time>2023-06-25T14:59:16</time>
      </trkpt>
      <trkpt lat="47.61369097977877" lon="9.283060440793633">
        <ele>452.0</ele>
        <time>2023-06-25T14:59:23</time>
      </trkpt>
      <trkpt lat="47.614004127681255" lon="9.282371113076806">
        <ele>452.0</ele>
        <time>2023-06-25T14:59:31</time>
      </trkpt>
      <trkpt lat="47.61404142715037" lon="9.282283270731568">
        <ele>452.0</ele>
        <time>2023-06-25T14:59:32</time>
      </trkpt>
      <trkpt lat="47.61429766193032" lon="9.281697710976005">
        <ele>453.0</ele>
        <time>2023-06-25T14:59:39</time>
      </trkpt>
      <trkpt lat="47.61452045291662" lon="9.281235113739967">
        <ele>453.0</ele>
        <time>2023-06-25T14:59:45</time>
      </trkpt>
      <trkpt lat="47.61483351700008" lon="9.280541175976396">
        <ele>453.0</ele>
        <time>2023-06-25T14:59:54</time>
      </trkpt>
      <trkpt lat="47.615104503929615" lon="9.2799365054816">
        <ele>453.0</ele>
        <time>2023-06-25T15:00:02</time>
      </trkpt>
      <trkpt lat="47.61533374898136" lon="9.279437446966767">
        <ele>453.0</ele>
        <time>2023-06-25T15:00:08</time>
      </trkpt>
      <trkpt lat="47.615624936297536" lon="9.278788017109036">
        <ele>453.0</ele>
        <time>2023-06-25T15:00:16</time>
      </trkpt>
      <trkpt lat="47.61593741364777" lon="9.278141185641289">
        <ele>453.0</ele>
        <time>2023-06-25T15:00:25</time>
      </trkpt>
      <trkpt lat="47.616210747510195" lon="9.277501227334142">
        <ele>452.0</ele>
        <time>2023-06-25T15:00:33</time>
      </trkpt>
      <trkpt lat="47.61650084517896" lon="9.276828495785594">
        <ele>452.0</ele>
        <time>2023-06-25T15:00:41</time>
      </trkpt>
      <trkpt lat="47.61679504998028" lon="9.27620085887611">
        <ele>452.0</ele>
        <time>2023-06-25T15:00:49</time>
      </trkpt>
      <trkpt lat="47.617107359692454" lon="9.275519158691168">
        <ele>452.0</ele>
        <time>2023-06-25T15:00:58</time>
      </trkpt>
      <trkpt lat="47.61717072688043" lon="9.275360153988004">
        <ele>452.0</ele>
        <time>2023-06-25T15:01:00</time>
      </trkpt>
      <trkpt lat="47.617465015500784" lon="9.274675771594048">
        <ele>452.0</ele>
        <time>2023-06-25T15:01:09</time>
      </trkpt>
      <trkpt lat="47.617715802043676" lon="9.274175874888897">
        <ele>452.0</ele>
        <time>2023-06-25T15:01:16</time>
      </trkpt>
      <trkpt lat="47.61800430715084" lon="9.273594841361046">
        <ele>452.0</ele>
        <time>2023-06-25T15:01:24</time>
      </trkpt>
      <trkpt lat="47.61824763379991" lon="9.273063093423843">
        <ele>452.0</ele>
        <time>2023-06-25T15:01:31</time>
      </trkpt>
      <trkpt lat="47.61845282278955" lon="9.272590437904">
        <ele>452.0</ele>
        <time>2023-06-25T15:01:37</time>
      </trkpt>
      <trkpt lat="47.618643175810575" lon="9.272061958909035">
        <ele>453.0</ele>
        <time>2023-06-25T15:01:43</time>
      </trkpt>
      <trkpt lat="47.61894492432475" lon="9.27144706249237">
        <ele>453.0</ele>
        <time>2023-06-25T15:01:51</time>
      </trkpt>
      <trkpt lat="47.61912471614778" lon="9.27093400619924">
        <ele>453.0</ele>
        <time>2023-06-25T15:01:57</time>
      </trkpt>
      <trkpt lat="47.619160590693355" lon="9.270857898518443">
        <ele>453.0</ele>
        <time>2023-06-25T15:01:58</time>
      </trkpt>
      <trkpt lat="47.61939603835344" lon="9.270341573283076">
        <ele>454.0</ele>
        <time>2023-06-25T15:02:05</time>
      </trkpt>
      <trkpt lat="47.619650764390826" lon="9.26979934796691">
        <ele>454.0</ele>
        <time>2023-06-25T15:02:12</time>
      </trkpt>
      <trkpt lat="47.61968722566962" lon="9.269718043506145">
        <ele>454.0</ele>
        <time>2023-06-25T15:02:13</time>
      </trkpt>
      <trkpt lat="47.61995008215308" lon="9.269124688580632">
        <ele>455.0</ele>
        <time>2023-06-25T15:02:20</time>
      </trkpt>
      <trkpt lat="47.62014831416309" lon="9.268616996705532">
        <ele>455.0</ele>
        <time>2023-06-25T15:02:26</time>
      </trkpt>
      <trkpt lat="47.62022752314806" lon="9.26835061982274">
        <ele>455.0</ele>
        <time>2023-06-25T15:02:29</time>
      </trkpt>
      <trkpt lat="47.6204654853791" lon="9.267584262415767">
        <ele>455.0</ele>
        <time>2023-06-25T15:02:38</time>
      </trkpt>
      <trkpt lat="47.62062423862517" lon="9.267070284113288">
        <ele>455.0</ele>
        <time>2023-06-25T15:02:45</time>
      </trkpt>
      <trkpt lat="47.62069414369762" lon="9.266850426793098">
        <ele>455.0</ele>
        <time>2023-06-25T15:02:48</time>
      </trkpt>
      <trkpt lat="47.62072247453034" lon="9.26677817478776">
        <ele>455.0</ele>
        <time>2023-06-25T15:02:49</time>
      </trkpt>
      <trkpt lat="47.6207868475467" lon="9.26663652062416">
        <ele>455.0</ele>
        <time>2023-06-25T15:02:51</time>
      </trkpt>
      <trkpt lat="47.620987594127655" lon="9.266170989722013">
        <ele>456.0</ele>
        <time>2023-06-25T15:02:58</time>
      </trkpt>
      <trkpt lat="47.621070658788085" lon="9.26598901860416">
        <ele>456.0</ele>
        <time>2023-06-25T15:03:02</time>
      </trkpt>
      <trkpt lat="47.62109203264117" lon="9.265982396900654">
        <ele>456.0</ele>
        <time>2023-06-25T15:03:03</time>
      </trkpt>
      <trkpt lat="47.62115875259042" lon="9.265993712469935">
        <ele>456.0</ele>
        <time>2023-06-25T15:03:06</time>
      </trkpt>
      <trkpt lat="47.62127408757806" lon="9.265968734398484">
        <ele>456.0</ele>
        <time>2023-06-25T15:03:10</time>
      </trkpt>
      <trkpt lat="47.62129629962146" lon="9.265976278111339">
        <ele>456.0</ele>
        <time>2023-06-25T15:03:11</time>
      </trkpt>
      <trkpt lat="47.6213582418859" lon="9.266026737168431">
        <ele>456.0</ele>
        <time>2023-06-25T15:03:16</time>
      </trkpt>
      <trkpt lat="47.62131867930293" lon="9.266003435477614">
        <ele>455.0</ele>
        <time>2023-06-25T15:03:20</time>
      </trkpt>
      <trkpt lat="47.621255395933986" lon="9.265993712469935">
        <ele>455.0</ele>
        <time>2023-06-25T15:03:26</time>
      </trkpt>
      <trkpt lat="47.62129479087889" lon="9.265962280333042">
        <ele>455.0</ele>
        <time>2023-06-25T15:03:32</time>
      </trkpt>
      <trkpt lat="47.62129680253565" lon="9.265958005562425">
        <ele>455.0</ele>
        <time>2023-06-25T15:03:40</time>
      </trkpt>
      <trkpt lat="47.62127811089158" lon="9.26597585901618">
        <ele>454.0</ele>
        <time>2023-06-25T15:03:47</time>
      </trkpt>
      <trkpt lat="47.621278362348676" lon="9.265984324738383">
        <ele>454.0</ele>
        <time>2023-06-25T15:03:49</time>
      </trkpt>
      <trkpt lat="47.62127702124417" lon="9.26599103026092">
        <ele>454.0</ele>
        <time>2023-06-25T15:03:50</time>
      </trkpt>
      <trkpt lat="47.621281715109944" lon="9.266002429649234">
        <ele>454.0</ele>
        <time>2023-06-25T15:03:56</time>
      </trkpt>
      <trkpt lat="47.621273500844836" lon="9.266027323901653">
        <ele>454.0</ele>
        <time>2023-06-25T15:03:59</time>
      </trkpt>
      <trkpt lat="47.62123854830861" lon="9.266037968918681">
        <ele>454.0</ele>
        <time>2023-06-25T15:04:03</time>
      </trkpt>
      <trkpt lat="47.62113687582314" lon="9.266043500974774">
        <ele>454.0</ele>
        <time>2023-06-25T15:04:07</time>
      </trkpt>
      <trkpt lat="47.621090272441506" lon="9.265983318910003">
        <ele>454.0</ele>
        <time>2023-06-25T15:04:09</time>
      </trkpt>
      <trkpt lat="47.62108884751797" lon="9.265945684164762">
        <ele>454.0</ele>
        <time>2023-06-25T15:04:10</time>
      </trkpt>
      <trkpt lat="47.621165877208114" lon="9.265769580379128">
        <ele>454.0</ele>
        <time>2023-06-25T15:04:14</time>
      </trkpt>
      <trkpt lat="47.6212911028415" lon="9.26545886322856">
        <ele>454.0</ele>
        <time>2023-06-25T15:04:20</time>
      </trkpt>
      <trkpt lat="47.62145237065852" lon="9.265123419463634">
        <ele>454.0</ele>
        <time>2023-06-25T15:04:26</time>
      </trkpt>
      <trkpt lat="47.62168019078672" lon="9.264807589352131">
        <ele>454.0</ele>
        <time>2023-06-25T15:04:32</time>
      </trkpt>
      <trkpt lat="47.62195486575365" lon="9.264391427859664">
        <ele>455.0</ele>
        <time>2023-06-25T15:04:39</time>
      </trkpt>
      <trkpt lat="47.62202368117869" lon="9.264238458126783">
        <ele>455.0</ele>
        <time>2023-06-25T15:04:41</time>
      </trkpt>
      <trkpt lat="47.622124934569" lon="9.26400669850409">
        <ele>455.0</ele>
        <time>2023-06-25T15:04:44</time>
      </trkpt>
      <trkpt lat="47.6222079154104" lon="9.263867307454348">
        <ele>455.0</ele>
        <time>2023-06-25T15:04:46</time>
      </trkpt>
      <trkpt lat="47.62249046936631" lon="9.263383504003286">
        <ele>455.0</ele>
        <time>2023-06-25T15:04:53</time>
      </trkpt>
      <trkpt lat="47.622696328908205" lon="9.26291755400598">
        <ele>456.0</ele>
        <time>2023-06-25T15:04:59</time>
      </trkpt>
      <trkpt lat="47.62282901443541" lon="9.262577164918184">
        <ele>456.0</ele>
        <time>2023-06-25T15:05:03</time>
      </trkpt>
      <trkpt lat="47.62288374826312" lon="9.26240692846477">
        <ele>456.0</ele>
        <time>2023-06-25T15:05:05</time>
      </trkpt>
      <trkpt lat="47.62312799692154" lon="9.26179856993258">
        <ele>456.0</ele>
        <time>2023-06-25T15:05:12</time>
      </trkpt>
      <trkpt lat="47.62336302548647" lon="9.26123664714396">
        <ele>455.0</ele>
        <time>2023-06-25T15:05:19</time>
      </trkpt>
      <trkpt lat="47.62349705211818" lon="9.260815205052495">
        <ele>455.0</ele>
        <time>2023-06-25T15:05:25</time>
      </trkpt>
      <trkpt lat="47.62354491278529" lon="9.26064832136035">
        <ele>455.0</ele>
        <time>2023-06-25T15:05:29</time>
      </trkpt>
      <trkpt lat="47.62355220504105" lon="9.260682184249163">
        <ele>455.0</ele>
        <time>2023-06-25T15:05:33</time>
      </trkpt>
      <trkpt lat="47.623548433184624" lon="9.260698864236474">
        <ele>456.0</ele>
        <time>2023-06-25T15:05:37</time>
      </trkpt>
      <trkpt lat="47.62354793027043" lon="9.260702803730965">
        <ele>456.0</ele>
        <time>2023-06-25T15:05:44</time>
      </trkpt>
      <trkpt lat="47.62354231439531" lon="9.260714873671532">
        <ele>455.0</ele>
        <time>2023-06-25T15:05:54</time>
      </trkpt>
      <trkpt lat="47.62353979982436" lon="9.260752005502582">
        <ele>455.0</ele>
        <time>2023-06-25T15:05:58</time>
      </trkpt>
      <trkpt lat="47.62352370657027" lon="9.260771283879876">
        <ele>455.0</ele>
        <time>2023-06-25T15:06:00</time>
      </trkpt>
      <trkpt lat="47.62351842597127" lon="9.260873459279537">
        <ele>456.0</ele>
        <time>2023-06-25T15:06:04</time>
      </trkpt>
      <trkpt lat="47.62353217229247" lon="9.260873878374696">
        <ele>456.0</ele>
        <time>2023-06-25T15:06:05</time>
      </trkpt>
      <trkpt lat="47.62359310872853" lon="9.26076558418572">
        <ele>456.0</ele>
        <time>2023-06-25T15:06:08</time>
      </trkpt>
      <trkpt lat="47.6236118003726" lon="9.260709676891565">
        <ele>456.0</ele>
        <time>2023-06-25T15:06:09</time>
      </trkpt>
      <trkpt lat="47.623657397925854" lon="9.260602975264192">
        <ele>456.0</ele>
        <time>2023-06-25T15:06:11</time>
      </trkpt>
      <trkpt lat="47.62371188029647" lon="9.260497698560357">
        <ele>456.0</ele>
        <time>2023-06-25T15:06:13</time>
      </trkpt>
      <trkpt lat="47.62379804626107" lon="9.26029896363616">
        <ele>456.0</ele>
        <time>2023-06-25T15:06:16</time>
      </trkpt>
      <trkpt lat="47.62389125302434" lon="9.260066533461213">
        <ele>456.0</ele>
        <time>2023-06-25T15:06:19</time>
      </trkpt>
      <trkpt lat="47.6239622477442" lon="9.259906774386764">
        <ele>456.0</ele>
        <time>2023-06-25T15:06:21</time>
      </trkpt>
      <trkpt lat="47.62413759715855" lon="9.259487679228187">
        <ele>457.0</ele>
        <time>2023-06-25T15:06:26</time>
      </trkpt>
      <trkpt lat="47.624412439763546" lon="9.258775552734733">
        <ele>457.0</ele>
        <time>2023-06-25T15:06:34</time>
      </trkpt>
      <trkpt lat="47.624444123357534" lon="9.258688548579812">
        <ele>457.0</ele>
        <time>2023-06-25T15:06:35</time>
      </trkpt>
      <trkpt lat="47.624643445014954" lon="9.258182868361473">
        <ele>457.0</ele>
        <time>2023-06-25T15:06:41</time>
      </trkpt>
      <trkpt lat="47.62474101036787" lon="9.257940296083689">
        <ele>457.0</ele>
        <time>2023-06-25T15:06:44</time>
      </trkpt>
      <trkpt lat="47.625024653971195" lon="9.257256919518113">
        <ele>458.0</ele>
        <time>2023-06-25T15:06:54</time>
      </trkpt>
      <trkpt lat="47.6250846683979" lon="9.25711216405034">
        <ele>458.0</ele>
        <time>2023-06-25T15:06:56</time>
      </trkpt>
      <trkpt lat="47.62539806775749" lon="9.256367096677423">
        <ele>458.0</ele>
        <time>2023-06-25T15:07:06</time>
      </trkpt>
      <trkpt lat="47.62546889483929" lon="9.256220329552889">
        <ele>458.0</ele>
        <time>2023-06-25T15:07:08</time>
      </trkpt>
      <trkpt lat="47.62553905136883" lon="9.256066689267755">
        <ele>458.0</ele>
        <time>2023-06-25T15:07:10</time>
      </trkpt>
      <trkpt lat="47.62567768804729" lon="9.255744824185967">
        <ele>458.0</ele>
        <time>2023-06-25T15:07:14</time>
      </trkpt>
      <trkpt lat="47.62596837244928" lon="9.255082150921226">
        <ele>458.0</ele>
        <time>2023-06-25T15:07:22</time>
      </trkpt>
      <trkpt lat="47.626258973032236" lon="9.254380837082863">
        <ele>458.0</ele>
        <time>2023-06-25T15:07:30</time>
      </trkpt>
      <trkpt lat="47.626330219209194" lon="9.254207331687212">
        <ele>458.0</ele>
        <time>2023-06-25T15:07:32</time>
      </trkpt>
      <trkpt lat="47.62662953697145" lon="9.25345916301012">
        <ele>458.0</ele>
        <time>2023-06-25T15:07:41</time>
      </trkpt>
      <trkpt lat="47.626659125089645" lon="9.253378612920642">
        <ele>458.0</ele>
        <time>2023-06-25T15:07:42</time>
      </trkpt>
      <trkpt lat="47.62688568793237" lon="9.25273790024221">
        <ele>458.0</ele>
        <time>2023-06-25T15:07:50</time>
      </trkpt>
      <trkpt lat="47.62706246227026" lon="9.252227442339063">
        <ele>458.0</ele>
        <time>2023-06-25T15:07:57</time>
      </trkpt>
      <trkpt lat="47.62712448835373" lon="9.252022923901677">
        <ele>458.0</ele>
        <time>2023-06-25T15:08:00</time>
      </trkpt>
      <trkpt lat="47.62722188606858" lon="9.251985037699342">
        <ele>458.0</ele>
        <time>2023-06-25T15:08:02</time>
      </trkpt>
      <trkpt lat="47.627319702878594" lon="9.252009931951761">
        <ele>457.0</ele>
        <time>2023-06-25T15:08:04</time>
      </trkpt>
      <trkpt lat="47.62736362405121" lon="9.25198637880385">
        <ele>457.0</ele>
        <time>2023-06-25T15:08:05</time>
      </trkpt>
      <trkpt lat="47.627395894378424" lon="9.251930806785822">
        <ele>457.0</ele>
        <time>2023-06-25T15:08:06</time>
      </trkpt>
      <trkpt lat="47.62744325213134" lon="9.25179292447865">
        <ele>457.0</ele>
        <time>2023-06-25T15:08:08</time>
      </trkpt>
      <trkpt lat="47.627614829689264" lon="9.251306606456637">
        <ele>457.0</ele>
        <time>2023-06-25T15:08:15</time>
      </trkpt>
      <trkpt lat="47.627687165513635" lon="9.251075014472008">
        <ele>457.0</ele>
        <time>2023-06-25T15:08:18</time>
      </trkpt>
      <trkpt lat="47.62784784659743" lon="9.250642340630293">
        <ele>457.0</ele>
        <time>2023-06-25T15:08:24</time>
      </trkpt>
      <trkpt lat="47.6279738266021" lon="9.250215785577893">
        <ele>458.0</ele>
        <time>2023-06-25T15:08:30</time>
      </trkpt>
      <trkpt lat="47.62799662537873" lon="9.25014185719192">
        <ele>458.0</ele>
        <time>2023-06-25T15:08:31</time>
      </trkpt>
      <trkpt lat="47.62804565951228" lon="9.250001041218638">
        <ele>458.0</ele>
        <time>2023-06-25T15:08:33</time>
      </trkpt>
      <trkpt lat="47.62809729203582" lon="9.249857040122151">
        <ele>458.0</ele>
        <time>2023-06-25T15:08:35</time>
      </trkpt>
      <trkpt lat="47.62820474803448" lon="9.249561745673418">
        <ele>459.0</ele>
        <time>2023-06-25T15:08:39</time>
      </trkpt>
      <trkpt lat="47.62822654098272" lon="9.249489158391953">
        <ele>459.0</ele>
        <time>2023-06-25T15:08:40</time>
      </trkpt>
      <trkpt lat="47.628326788544655" lon="9.249207191169262">
        <ele>459.0</ele>
        <time>2023-06-25T15:08:44</time>
      </trkpt>
      <trkpt lat="47.628936069086194" lon="9.247359149158001">
        <ele>461.0</ele>
        <time>2023-06-25T15:10:56</time>
      </trkpt>
      <trkpt lat="47.62895526364446" lon="9.247288657352328">
        <ele>461.0</ele>
        <time>2023-06-25T15:10:57</time>
      </trkpt>
      <trkpt lat="47.6289944909513" lon="9.247144237160683">
        <ele>461.0</ele>
        <time>2023-06-25T15:10:59</time>
      </trkpt>
      <trkpt lat="47.629153076559305" lon="9.246645011007786">
        <ele>460.0</ele>
        <time>2023-06-25T15:11:05</time>
      </trkpt>
      <trkpt lat="47.62919741682708" lon="9.24649816006422">
        <ele>460.0</ele>
        <time>2023-06-25T15:11:07</time>
      </trkpt>
      <trkpt lat="47.62922750785947" lon="9.246387770399451">
        <ele>460.0</ele>
        <time>2023-06-25T15:11:09</time>
      </trkpt>
      <trkpt lat="47.62924234382808" lon="9.246327253058553">
        <ele>460.0</ele>
        <time>2023-06-25T15:11:10</time>
      </trkpt>
      <trkpt lat="47.629262963309884" lon="9.246262544766068">
        <ele>460.0</ele>
        <time>2023-06-25T15:11:11</time>
      </trkpt>
      <trkpt lat="47.629312835633755" lon="9.246123488992453">
        <ele>460.0</ele>
        <time>2023-06-25T15:11:13</time>
      </trkpt>
      <trkpt lat="47.629336807876825" lon="9.246043860912323">
        <ele>460.0</ele>
        <time>2023-06-25T15:11:14</time>
      </trkpt>
      <trkpt lat="47.62949128635228" lon="9.245602302253246">
        <ele>459.0</ele>
        <time>2023-06-25T15:11:19</time>
      </trkpt>
      <trkpt lat="47.62952473014593" lon="9.245508844032884">
        <ele>459.0</ele>
        <time>2023-06-25T15:11:20</time>
      </trkpt>
      <trkpt lat="47.62959421612322" lon="9.245329638943076">
        <ele>459.0</ele>
        <time>2023-06-25T15:11:22</time>
      </trkpt>
      <trkpt lat="47.629694966599345" lon="9.245057478547096">
        <ele>459.0</ele>
        <time>2023-06-25T15:11:25</time>
      </trkpt>
      <trkpt lat="47.6297646202147" lon="9.244865700602531">
        <ele>459.0</ele>
        <time>2023-06-25T15:11:27</time>
      </trkpt>
      <trkpt lat="47.62979974038899" lon="9.24476696178317">
        <ele>459.0</ele>
        <time>2023-06-25T15:11:28</time>
      </trkpt>
      <trkpt lat="47.629916751757264" lon="9.244458423927426">
        <ele>459.0</ele>
        <time>2023-06-25T15:11:31</time>
      </trkpt>
      <trkpt lat="47.63003434985876" lon="9.244129601866007">
        <ele>458.0</ele>
        <time>2023-06-25T15:11:34</time>
      </trkpt>
      <trkpt lat="47.63018731959164" lon="9.243699191138148">
        <ele>458.0</ele>
        <time>2023-06-25T15:11:38</time>
      </trkpt>
      <trkpt lat="47.6302221044898" lon="9.243594752624631">
        <ele>458.0</ele>
        <time>2023-06-25T15:11:39</time>
      </trkpt>
      <trkpt lat="47.630257811397314" lon="9.243492828682065">
        <ele>458.0</ele>
        <time>2023-06-25T15:11:40</time>
      </trkpt>
      <trkpt lat="47.63028840534389" lon="9.243388893082738">
        <ele>458.0</ele>
        <time>2023-06-25T15:11:41</time>
      </trkpt>
      <trkpt lat="47.630486469715834" lon="9.242753125727177">
        <ele>457.0</ele>
        <time>2023-06-25T15:11:47</time>
      </trkpt>
      <trkpt lat="47.63051899150014" lon="9.242644999176264">
        <ele>457.0</ele>
        <time>2023-06-25T15:11:48</time>
      </trkpt>
      <trkpt lat="47.63055142946541" lon="9.242536956444383">
        <ele>457.0</ele>
        <time>2023-06-25T15:11:49</time>
      </trkpt>
      <trkpt lat="47.630749410018325" lon="9.241919629275799">
        <ele>456.0</ele>
        <time>2023-06-25T15:11:55</time>
      </trkpt>
      <trkpt lat="47.630951665341854" lon="9.241231642663479">
        <ele>456.0</ele>
        <time>2023-06-25T15:12:02</time>
      </trkpt>
      <trkpt lat="47.63111561536789" lon="9.240671982988715">
        <ele>455.0</ele>
        <time>2023-06-25T15:12:08</time>
      </trkpt>
      <trkpt lat="47.631307980045676" lon="9.240099415183067">
        <ele>455.0</ele>
        <time>2023-06-25T15:12:14</time>
      </trkpt>
      <trkpt lat="47.63135659508407" lon="9.239931693300605">
        <ele>455.0</ele>
        <time>2023-06-25T15:12:16</time>
      </trkpt>
      <trkpt lat="47.63141551986337" lon="9.239691132679582">
        <ele>455.0</ele>
        <time>2023-06-25T15:12:19</time>
      </trkpt>
      <trkpt lat="47.63147419318557" lon="9.239445878192782">
        <ele>455.0</ele>
        <time>2023-06-25T15:12:22</time>
      </trkpt>
      <trkpt lat="47.6315329503268" lon="9.239302212372422">
        <ele>455.0</ele>
        <time>2023-06-25T15:12:24</time>
      </trkpt>
      <trkpt lat="47.63157309964299" lon="9.239244041964412">
        <ele>455.0</ele>
        <time>2023-06-25T15:12:25</time>
      </trkpt>
      <trkpt lat="47.63162381015718" lon="9.239199785515666">
        <ele>455.0</ele>
        <time>2023-06-25T15:12:26</time>
      </trkpt>
      <trkpt lat="47.63176362030208" lon="9.239206407219172">
        <ele>454.0</ele>
        <time>2023-06-25T15:12:28</time>
      </trkpt>
      <trkpt lat="47.632142482325435" lon="9.239233396947384">
        <ele>454.0</ele>
        <time>2023-06-25T15:12:34</time>
      </trkpt>
      <trkpt lat="47.63242612592876" lon="9.239226104691625">
        <ele>454.0</ele>
        <time>2023-06-25T15:12:38</time>
      </trkpt>
      <trkpt lat="47.632484966889024" lon="9.23919609747827">
        <ele>454.0</ele>
        <time>2023-06-25T15:12:39</time>
      </trkpt>
      <trkpt lat="47.63252100907266" lon="9.239133903756738">
        <ele>454.0</ele>
        <time>2023-06-25T15:12:40</time>
      </trkpt>
      <trkpt lat="47.63252226635814" lon="9.239049330353737">
        <ele>454.0</ele>
        <time>2023-06-25T15:12:41</time>
      </trkpt>
      <trkpt lat="47.632507933303714" lon="9.238956877961755">
        <ele>454.0</ele>
        <time>2023-06-25T15:12:42</time>
      </trkpt>
      <trkpt lat="47.632456719875336" lon="9.238598635420203">
        <ele>454.0</ele>
        <time>2023-06-25T15:12:46</time>
      </trkpt>
      <trkpt lat="47.632433166727424" lon="9.23810988664627">
        <ele>454.0</ele>
        <time>2023-06-25T15:12:52</time>
      </trkpt>
      <trkpt lat="47.6324325799942" lon="9.238033778965473">
        <ele>454.0</ele>
        <time>2023-06-25T15:12:53</time>
      </trkpt>
      <trkpt lat="47.63243149034679" lon="9.237804701551795">
        <ele>454.0</ele>
        <time>2023-06-25T15:12:56</time>
      </trkpt>
      <trkpt lat="47.63244087807834" lon="9.237579563632607">
        <ele>454.0</ele>
        <time>2023-06-25T15:12:59</time>
      </trkpt>
      <trkpt lat="47.63246099464595" lon="9.237428857013583">
        <ele>454.0</ele>
        <time>2023-06-25T15:13:01</time>
      </trkpt>
      <trkpt lat="47.632474824786186" lon="9.237358197569847">
        <ele>454.0</ele>
        <time>2023-06-25T15:13:02</time>
      </trkpt>
      <trkpt lat="47.63254255056381" lon="9.237081678584218">
        <ele>454.0</ele>
        <time>2023-06-25T15:13:06</time>
      </trkpt>
      <trkpt lat="47.632648162543774" lon="9.236727878451347">
        <ele>454.0</ele>
        <time>2023-06-25T15:13:11</time>
      </trkpt>
      <trkpt lat="47.632664423435926" lon="9.236655123531818">
        <ele>454.0</ele>
        <time>2023-06-25T15:13:12</time>
      </trkpt>
      <trkpt lat="47.632788978517056" lon="9.236134523525834">
        <ele>454.0</ele>
        <time>2023-06-25T15:13:19</time>
      </trkpt>
      <trkpt lat="47.63289090245962" lon="9.23544435761869">
        <ele>454.0</ele>
        <time>2023-06-25T15:13:27</time>
      </trkpt>
      <trkpt lat="47.632899368181825" lon="9.235363639891148">
        <ele>454.0</ele>
        <time>2023-06-25T15:13:28</time>
      </trkpt>
      <trkpt lat="47.63286843895912" lon="9.235195331275463">
        <ele>454.0</ele>
        <time>2023-06-25T15:13:30</time>
      </trkpt>
      <trkpt lat="47.632853938266635" lon="9.235115954652429">
        <ele>454.0</ele>
        <time>2023-06-25T15:13:31</time>
      </trkpt>
      <trkpt lat="47.632861733436584" lon="9.235038924962282">
        <ele>454.0</ele>
        <time>2023-06-25T15:13:32</time>
      </trkpt>
      <trkpt lat="47.63288059271872" lon="9.23496306873858">
        <ele>454.0</ele>
        <time>2023-06-25T15:13:33</time>
      </trkpt>
      <trkpt lat="47.63292644172907" lon="9.234914286062121">
        <ele>454.0</ele>
        <time>2023-06-25T15:13:34</time>
      </trkpt>
      <trkpt lat="47.63304018415511" lon="9.234741954132915">
        <ele>454.0</ele>
        <time>2023-06-25T15:13:37</time>
      </trkpt>
      <trkpt lat="47.633071616292" lon="9.234679844230413">
        <ele>454.0</ele>
        <time>2023-06-25T15:13:38</time>
      </trkpt>
      <trkpt lat="47.633095839992166" lon="9.234612118452787">
        <ele>454.0</ele>
        <time>2023-06-25T15:13:39</time>
      </trkpt>
      <trkpt lat="47.633113441988826" lon="9.234542045742273">
        <ele>454.0</ele>
        <time>2023-06-25T15:13:40</time>
      </trkpt>
      <trkpt lat="47.63312190771103" lon="9.234468284994364">
        <ele>454.0</ele>
        <time>2023-06-25T15:13:41</time>
      </trkpt>
      <trkpt lat="47.6331321336329" lon="9.234160752967">
        <ele>454.0</ele>
        <time>2023-06-25T15:13:46</time>
      </trkpt>
      <trkpt lat="47.633098689839244" lon="9.233975177630782">
        <ele>454.0</ele>
        <time>2023-06-25T15:13:49</time>
      </trkpt>
      <trkpt lat="47.63306574895978" lon="9.233821285888553">
        <ele>454.0</ele>
        <time>2023-06-25T15:13:52</time>
      </trkpt>
      <trkpt lat="47.6329664234072" lon="9.233585922047496">
        <ele>454.0</ele>
        <time>2023-06-25T15:13:58</time>
      </trkpt>
      <trkpt lat="47.63291571289301" lon="9.233599668368697">
        <ele>454.0</ele>
        <time>2023-06-25T15:14:01</time>
      </trkpt>
      <trkpt lat="47.63286064378917" lon="9.233494307845831">
        <ele>454.0</ele>
        <time>2023-06-25T15:14:05</time>
      </trkpt>
      <trkpt lat="47.6327589713037" lon="9.233329519629478">
        <ele>454.0</ele>
        <time>2023-06-25T15:14:11</time>
      </trkpt>
      <trkpt lat="47.632740028202534" lon="9.23324360512197">
        <ele>454.0</ele>
        <time>2023-06-25T15:14:14</time>
      </trkpt>
      <trkpt lat="47.63272670097649" lon="9.233225416392088">
        <ele>454.0</ele>
        <time>2023-06-25T15:14:15</time>
      </trkpt>
      <trkpt lat="47.632712787017226" lon="9.233195325359702">
        <ele>454.0</ele>
        <time>2023-06-25T15:14:19</time>
      </trkpt>
      <trkpt lat="47.63271530158818" lon="9.233203791081905">
        <ele>454.0</ele>
        <time>2023-06-25T15:14:28</time>
      </trkpt>
      <trkpt lat="47.63271479867399" lon="9.233212592080235">
        <ele>454.0</ele>
        <time>2023-06-25T15:14:37</time>
      </trkpt>
      <trkpt lat="47.63272074982524" lon="9.233209155499935">
        <ele>454.0</ele>
        <time>2023-06-25T15:14:39</time>
      </trkpt>
      <trkpt lat="47.6327505055815" lon="9.233209658414125">
        <ele>454.0</ele>
        <time>2023-06-25T15:14:41</time>
      </trkpt>
      <trkpt lat="47.632761150598526" lon="9.233233463019133">
        <ele>454.0</ele>
        <time>2023-06-25T15:14:42</time>
      </trkpt>
      <trkpt lat="47.63272468931973" lon="9.233328681439161">
        <ele>454.0</ele>
        <time>2023-06-25T15:14:46</time>
      </trkpt>
      <trkpt lat="47.632811442017555" lon="9.233419792726636">
        <ele>454.0</ele>
        <time>2023-06-25T15:14:50</time>
      </trkpt>
      <trkpt lat="47.632880257442594" lon="9.23331300728023">
        <ele>454.0</ele>
        <time>2023-06-25T15:14:53</time>
      </trkpt>
      <trkpt lat="47.63293968513608" lon="9.233016707003117">
        <ele>454.0</ele>
        <time>2023-06-25T15:14:58</time>
      </trkpt>
      <trkpt lat="47.63296952471137" lon="9.232888296246529">
        <ele>454.0</ele>
        <time>2023-06-25T15:15:00</time>
      </trkpt>
      <trkpt lat="47.63299332931638" lon="9.232748569920659">
        <ele>454.0</ele>
        <time>2023-06-25T15:15:02</time>
      </trkpt>
      <trkpt lat="47.633007327094674" lon="9.232680005952716">
        <ele>454.0</ele>
        <time>2023-06-25T15:15:03</time>
      </trkpt>
      <trkpt lat="47.633082680404186" lon="9.23224188387394">
        <ele>454.0</ele>
        <time>2023-06-25T15:15:10</time>
      </trkpt>
      <trkpt lat="47.63311520218849" lon="9.232027223333716">
        <ele>454.0</ele>
        <time>2023-06-25T15:15:14</time>
      </trkpt>
      <trkpt lat="47.633108999580145" lon="9.231871236115694">
        <ele>454.0</ele>
        <time>2023-06-25T15:15:17</time>
      </trkpt>
      <trkpt lat="47.63308628462255" lon="9.231829745694995">
        <ele>454.0</ele>
        <time>2023-06-25T15:15:18</time>
      </trkpt>
      <trkpt lat="47.63299014419317" lon="9.231730755418539">
        <ele>454.0</ele>
        <time>2023-06-25T15:15:21</time>
      </trkpt>
      <trkpt lat="47.63294689357281" lon="9.231658335775137">
        <ele>454.0</ele>
        <time>2023-06-25T15:15:23</time>
      </trkpt>
      <trkpt lat="47.63292828574777" lon="9.231579210609198">
        <ele>454.0</ele>
        <time>2023-06-25T15:15:25</time>
      </trkpt>
      <trkpt lat="47.63293281197548" lon="9.231539480388165">
        <ele>454.0</ele>
        <time>2023-06-25T15:15:26</time>
      </trkpt>
      <trkpt lat="47.632977571338415" lon="9.231514502316713">
        <ele>454.0</ele>
        <time>2023-06-25T15:15:28</time>
      </trkpt>
      <trkpt lat="47.63299676589668" lon="9.23160276375711">
        <ele>454.0</ele>
        <time>2023-06-25T15:15:30</time>
      </trkpt>
      <trkpt lat="47.632992742583156" lon="9.23165749758482">
        <ele>454.0</ele>
        <time>2023-06-25T15:15:31</time>
      </trkpt>
      <trkpt lat="47.63300305232406" lon="9.231763780117035">
        <ele>454.0</ele>
        <time>2023-06-25T15:15:33</time>
      </trkpt>
      <trkpt lat="47.63304957188666" lon="9.231870984658599">
        <ele>454.0</ele>
        <time>2023-06-25T15:15:35</time>
      </trkpt>
      <trkpt lat="47.63305560685694" lon="9.232015237212181">
        <ele>454.0</ele>
        <time>2023-06-25T15:15:37</time>
      </trkpt>
      <trkpt lat="47.63304672203958" lon="9.232085645198822">
        <ele>454.0</ele>
        <time>2023-06-25T15:15:38</time>
      </trkpt>
      <trkpt lat="47.63303071260452" lon="9.23222872428596">
        <ele>454.0</ele>
        <time>2023-06-25T15:15:40</time>
      </trkpt>
      <trkpt lat="47.63300020247698" lon="9.23236015252769">
        <ele>454.0</ele>
        <time>2023-06-25T15:15:42</time>
      </trkpt>
      <trkpt lat="47.63296005316079" lon="9.232584116980433">
        <ele>454.0</ele>
        <time>2023-06-25T15:15:45</time>
      </trkpt>
      <trkpt lat="47.63291378505528" lon="9.232801711186767">
        <ele>454.0</ele>
        <time>2023-06-25T15:15:48</time>
      </trkpt>
      <trkpt lat="47.63289182446897" lon="9.232942443341017">
        <ele>454.0</ele>
        <time>2023-06-25T15:15:50</time>
      </trkpt>
      <trkpt lat="47.63287179172039" lon="9.233085941523314">
        <ele>454.0</ele>
        <time>2023-06-25T15:15:52</time>
      </trkpt>
      <trkpt lat="47.63284983113408" lon="9.233234720304608">
        <ele>454.0</ele>
        <time>2023-06-25T15:15:54</time>
      </trkpt>
      <trkpt lat="47.63284337706864" lon="9.233312672004104">
        <ele>454.0</ele>
        <time>2023-06-25T15:15:55</time>
      </trkpt>
      <trkpt lat="47.63285603374243" lon="9.23347670584917">
        <ele>455.0</ele>
        <time>2023-06-25T15:15:57</time>
      </trkpt>
      <trkpt lat="47.632867684587836" lon="9.233554657548666">
        <ele>455.0</ele>
        <time>2023-06-25T15:15:58</time>
      </trkpt>
      <trkpt lat="47.63288453221321" lon="9.233631435781717">
        <ele>455.0</ele>
        <time>2023-06-25T15:15:59</time>
      </trkpt>
      <trkpt lat="47.63291512615979" lon="9.233700586482882">
        <ele>455.0</ele>
        <time>2023-06-25T15:16:00</time>
      </trkpt>
      <trkpt lat="47.63300129212439" lon="9.233853137120605">
        <ele>455.0</ele>
        <time>2023-06-25T15:16:02</time>
      </trkpt>
      <trkpt lat="47.63305351138115" lon="9.234033264219761">
        <ele>455.0</ele>
        <time>2023-06-25T15:16:04</time>
      </trkpt>
      <trkpt lat="47.633065078407526" lon="9.234246667474508">
        <ele>455.0</ele>
        <time>2023-06-25T15:16:06</time>
      </trkpt>
      <trkpt lat="47.63301998376846" lon="9.234580434858799">
        <ele>455.0</ele>
        <time>2023-06-25T15:16:09</time>
      </trkpt>
      <trkpt lat="47.632988383993506" lon="9.234692752361298">
        <ele>455.0</ele>
        <time>2023-06-25T15:16:10</time>
      </trkpt>
      <trkpt lat="47.6329508330673" lon="9.23480431549251">
        <ele>455.0</ele>
        <time>2023-06-25T15:16:11</time>
      </trkpt>
      <trkpt lat="47.632833402603865" lon="9.234975138679147">
        <ele>455.0</ele>
        <time>2023-06-25T15:16:13</time>
      </trkpt>
      <trkpt lat="47.63268713839352" lon="9.235079577192664">
        <ele>455.0</ele>
        <time>2023-06-25T15:16:15</time>
      </trkpt>
      <trkpt lat="47.632609689608216" lon="9.23509650863707">
        <ele>455.0</ele>
        <time>2023-06-25T15:16:16</time>
      </trkpt>
      <trkpt lat="47.632533917203546" lon="9.235095838084817">
        <ele>455.0</ele>
        <time>2023-06-25T15:16:17</time>
      </trkpt>
      <trkpt lat="47.63239779509604" lon="9.235029621049762">
        <ele>455.0</ele>
        <time>2023-06-25T15:16:19</time>
      </trkpt>
      <trkpt lat="47.63228841125965" lon="9.234911855310202">
        <ele>455.0</ele>
        <time>2023-06-25T15:16:21</time>
      </trkpt>
      <trkpt lat="47.63222873210907" lon="9.23472611233592">
        <ele>455.0</ele>
        <time>2023-06-25T15:16:23</time>
      </trkpt>
      <trkpt lat="47.63223024085164" lon="9.2345648445189">
        <ele>455.0</ele>
        <time>2023-06-25T15:16:25</time>
      </trkpt>
      <trkpt lat="47.632239125669" lon="9.234494436532259">
        <ele>456.0</ele>
        <time>2023-06-25T15:16:26</time>
      </trkpt>
      <trkpt lat="47.632275419309735" lon="9.23432788811624">
        <ele>456.0</ele>
        <time>2023-06-25T15:16:29</time>
      </trkpt>
      <trkpt lat="47.63229260221124" lon="9.234231328591704">
        <ele>456.0</ele>
        <time>2023-06-25T15:16:31</time>
      </trkpt>
      <trkpt lat="47.632333002984524" lon="9.233938967809081">
        <ele>456.0</ele>
        <time>2023-06-25T15:16:37</time>
      </trkpt>
      <trkpt lat="47.63234976679087" lon="9.23365549184382">
        <ele>457.0</ele>
        <time>2023-06-25T15:16:43</time>
      </trkpt>
      <trkpt lat="47.63236326165497" lon="9.233524650335312">
        <ele>457.0</ele>
        <time>2023-06-25T15:16:46</time>
      </trkpt>
      <trkpt lat="47.632381869480014" lon="9.233353408053517">
        <ele>457.0</ele>
        <time>2023-06-25T15:16:50</time>
      </trkpt>
      <trkpt lat="47.63238807208836" lon="9.233079152181745">
        <ele>457.0</ele>
        <time>2023-06-25T15:16:56</time>
      </trkpt>
      <trkpt lat="47.63240751810372" lon="9.232945125550032">
        <ele>458.0</ele>
        <time>2023-06-25T15:17:01</time>
      </trkpt>
      <trkpt lat="47.63240936212242" lon="9.232915621250868">
        <ele>458.0</ele>
        <time>2023-06-25T15:17:02</time>
      </trkpt>
      <trkpt lat="47.632479686290026" lon="9.232748486101627">
        <ele>458.0</ele>
        <time>2023-06-25T15:17:08</time>
      </trkpt>
      <trkpt lat="47.63261186890304" lon="9.232501806691289">
        <ele>459.0</ele>
        <time>2023-06-25T15:17:13</time>
      </trkpt>
      <trkpt lat="47.63263642787933" lon="9.232437266036868">
        <ele>459.0</ele>
        <time>2023-06-25T15:17:14</time>
      </trkpt>
      <trkpt lat="47.63269040733576" lon="9.23221698962152">
        <ele>459.0</ele>
        <time>2023-06-25T15:17:17</time>
      </trkpt>
      <trkpt lat="47.63270281255245" lon="9.232136942446232">
        <ele>459.0</ele>
        <time>2023-06-25T15:17:18</time>
      </trkpt>
      <trkpt lat="47.632720079272985" lon="9.232056308537722">
        <ele>459.0</ele>
        <time>2023-06-25T15:17:19</time>
      </trkpt>
      <trkpt lat="47.63273793272674" lon="9.23197265714407">
        <ele>459.0</ele>
        <time>2023-06-25T15:17:20</time>
      </trkpt>
      <trkpt lat="47.63277389109135" lon="9.23161793500185">
        <ele>459.0</ele>
        <time>2023-06-25T15:17:24</time>
      </trkpt>
      <trkpt lat="47.63281647115946" lon="9.23146546818316">
        <ele>459.0</ele>
        <time>2023-06-25T15:17:26</time>
      </trkpt>
      <trkpt lat="47.632800629362464" lon="9.231358096003532">
        <ele>459.0</ele>
        <time>2023-06-25T15:17:27</time>
      </trkpt>
      <trkpt lat="47.63280532322824" lon="9.231088533997536">
        <ele>459.0</ele>
        <time>2023-06-25T15:17:30</time>
      </trkpt>
      <trkpt lat="47.63282728381455" lon="9.230839004740119">
        <ele>459.0</ele>
        <time>2023-06-25T15:17:33</time>
      </trkpt>
      <trkpt lat="47.63283306732774" lon="9.230767004191875">
        <ele>459.0</ele>
        <time>2023-06-25T15:17:34</time>
      </trkpt>
      <trkpt lat="47.63289039954543" lon="9.230318237096071">
        <ele>459.0</ele>
        <time>2023-06-25T15:17:40</time>
      </trkpt>
      <trkpt lat="47.63286055997014" lon="9.229980781674385">
        <ele>459.0</ele>
        <time>2023-06-25T15:17:44</time>
      </trkpt>
      <trkpt lat="47.63286106288433" lon="9.229800486937165">
        <ele>460.0</ele>
        <time>2023-06-25T15:17:46</time>
      </trkpt>
      <trkpt lat="47.63286047615111" lon="9.229538133367896">
        <ele>460.0</ele>
        <time>2023-06-25T15:17:49</time>
      </trkpt>
      <trkpt lat="47.63295150361955" lon="9.229217525571585">
        <ele>460.0</ele>
        <time>2023-06-25T15:17:53</time>
      </trkpt>
      <trkpt lat="47.63311905786395" lon="9.228719640523195">
        <ele>460.0</ele>
        <time>2023-06-25T15:17:59</time>
      </trkpt>
      <trkpt lat="47.63320555910468" lon="9.22819359228015">
        <ele>460.0</ele>
        <time>2023-06-25T15:18:05</time>
      </trkpt>
      <trkpt lat="47.63326758518815" lon="9.227774078026414">
        <ele>460.0</ele>
        <time>2023-06-25T15:18:10</time>
      </trkpt>
      <trkpt lat="47.63329147361219" lon="9.227601746097207">
        <ele>460.0</ele>
        <time>2023-06-25T15:18:12</time>
      </trkpt>
      <trkpt lat="47.63335274532437" lon="9.227014509961009">
        <ele>460.0</ele>
        <time>2023-06-25T15:18:19</time>
      </trkpt>
      <trkpt lat="47.633414939045906" lon="9.226506482809782">
        <ele>460.0</ele>
        <time>2023-06-25T15:18:25</time>
      </trkpt>
      <trkpt lat="47.63349724933505" lon="9.226389722898602">
        <ele>460.0</ele>
        <time>2023-06-25T15:18:27</time>
      </trkpt>
      <trkpt lat="47.633541421964765" lon="9.226337587460876">
        <ele>460.0</ele>
        <time>2023-06-25T15:18:28</time>
      </trkpt>
      <trkpt lat="47.63360428623855" lon="9.226210014894605">
        <ele>460.0</ele>
        <time>2023-06-25T15:18:30</time>
      </trkpt>
      <trkpt lat="47.63361853547394" lon="9.22613063827157">
        <ele>460.0</ele>
        <time>2023-06-25T15:18:31</time>
      </trkpt>
      <trkpt lat="47.63363219797611" lon="9.22605000436306">
        <ele>460.0</ele>
        <time>2023-06-25T15:18:32</time>
      </trkpt>
      <trkpt lat="47.63370587490499" lon="9.225557651370764">
        <ele>460.0</ele>
        <time>2023-06-25T15:18:38</time>
      </trkpt>
      <trkpt lat="47.63371425680816" lon="9.225381463766098">
        <ele>460.0</ele>
        <time>2023-06-25T15:18:40</time>
      </trkpt>
      <trkpt lat="47.63375164009631" lon="9.224765729159117">
        <ele>459.0</ele>
        <time>2023-06-25T15:18:47</time>
      </trkpt>
      <trkpt lat="47.63373378664255" lon="9.22447269782424">
        <ele>459.0</ele>
        <time>2023-06-25T15:18:51</time>
      </trkpt>
      <trkpt lat="47.63375222682953" lon="9.224323835223913">
        <ele>459.0</ele>
        <time>2023-06-25T15:18:53</time>
      </trkpt>
      <trkpt lat="47.63377904891968" lon="9.224152006208897">
        <ele>459.0</ele>
        <time>2023-06-25T15:18:55</time>
      </trkpt>
      <trkpt lat="47.633819533511996" lon="9.223828297108412">
        <ele>459.0</ele>
        <time>2023-06-25T15:18:58</time>
      </trkpt>
      <trkpt lat="47.63385532423854" lon="9.223724026232958">
        <ele>459.0</ele>
        <time>2023-06-25T15:18:59</time>
      </trkpt>
      <trkpt lat="47.63390963897109" lon="9.223642889410257">
        <ele>459.0</ele>
        <time>2023-06-25T15:19:00</time>
      </trkpt>
      <trkpt lat="47.633977280929685" lon="9.223593436181545">
        <ele>459.0</ele>
        <time>2023-06-25T15:19:01</time>
      </trkpt>
      <trkpt lat="47.634063279256225" lon="9.223581114783883">
        <ele>459.0</ele>
        <time>2023-06-25T15:19:02</time>
      </trkpt>
      <trkpt lat="47.6342183444649" lon="9.223605254665017">
        <ele>459.0</ele>
        <time>2023-06-25T15:19:04</time>
      </trkpt>
      <trkpt lat="47.634366285055876" lon="9.223606260493398">
        <ele>458.0</ele>
        <time>2023-06-25T15:19:06</time>
      </trkpt>
      <trkpt lat="47.634425377473235" lon="9.223580779507756">
        <ele>458.0</ele>
        <time>2023-06-25T15:19:07</time>
      </trkpt>
      <trkpt lat="47.63447055593133" lon="9.223520094528794">
        <ele>458.0</ele>
        <time>2023-06-25T15:19:08</time>
      </trkpt>
      <trkpt lat="47.63454389758408" lon="9.223405430093408">
        <ele>458.0</ele>
        <time>2023-06-25T15:19:10</time>
      </trkpt>
      <trkpt lat="47.634634505957365" lon="9.223168389871716">
        <ele>458.0</ele>
        <time>2023-06-25T15:19:14</time>
      </trkpt>
      <trkpt lat="47.63466124422848" lon="9.223114661872387">
        <ele>458.0</ele>
        <time>2023-06-25T15:19:15</time>
      </trkpt>
      <trkpt lat="47.634800132364035" lon="9.222749043256044">
        <ele>458.0</ele>
        <time>2023-06-25T15:19:21</time>
      </trkpt>
      <trkpt lat="47.63496668078005" lon="9.22239608131349">
        <ele>458.0</ele>
        <time>2023-06-25T15:19:27</time>
      </trkpt>
      <trkpt lat="47.63512937352061" lon="9.222022499889135">
        <ele>458.0</ele>
        <time>2023-06-25T15:19:33</time>
      </trkpt>
      <trkpt lat="47.63515912927687" lon="9.221878666430712">
        <ele>459.0</ele>
        <time>2023-06-25T15:19:35</time>
      </trkpt>
      <trkpt lat="47.635171450674534" lon="9.221615558490157">
        <ele>459.0</ele>
        <time>2023-06-25T15:19:39</time>
      </trkpt>
      <trkpt lat="47.635182263329625" lon="9.221554286777973">
        <ele>459.0</ele>
        <time>2023-06-25T15:19:40</time>
      </trkpt>
      <trkpt lat="47.63519617728889" lon="9.221498128026724">
        <ele>459.0</ele>
        <time>2023-06-25T15:19:41</time>
      </trkpt>
      <trkpt lat="47.63528695330024" lon="9.2213474214077">
        <ele>459.0</ele>
        <time>2023-06-25T15:19:44</time>
      </trkpt>
      <trkpt lat="47.63531427830458" lon="9.221294783055782">
        <ele>459.0</ele>
        <time>2023-06-25T15:19:45</time>
      </trkpt>
      <trkpt lat="47.63534386642277" lon="9.221242479979992">
        <ele>459.0</ele>
        <time>2023-06-25T15:19:46</time>
      </trkpt>
      <trkpt lat="47.63550982810557" lon="9.220981383696198">
        <ele>459.0</ele>
        <time>2023-06-25T15:19:51</time>
      </trkpt>
      <trkpt lat="47.63580068014562" lon="9.220625320449471">
        <ele>459.0</ele>
        <time>2023-06-25T15:19:58</time>
      </trkpt>
      <trkpt lat="47.63601793907583" lon="9.220389453694224">
        <ele>459.0</ele>
        <time>2023-06-25T15:20:03</time>
      </trkpt>
      <trkpt lat="47.63609999790788" lon="9.220289876684546">
        <ele>459.0</ele>
        <time>2023-06-25T15:20:05</time>
      </trkpt>
      <trkpt lat="47.636396465823054" lon="9.219920486211777">
        <ele>460.0</ele>
        <time>2023-06-25T15:20:12</time>
      </trkpt>
      <trkpt lat="47.636438459157944" lon="9.219865333288908">
        <ele>460.0</ele>
        <time>2023-06-25T15:20:13</time>
      </trkpt>
      <trkpt lat="47.636647587642074" lon="9.21961521729827">
        <ele>460.0</ele>
        <time>2023-06-25T15:20:18</time>
      </trkpt>
      <trkpt lat="47.63669033534825" lon="9.219569535925984">
        <ele>460.0</ele>
        <time>2023-06-25T15:20:19</time>
      </trkpt>
      <trkpt lat="47.637021504342556" lon="9.219189416617155">
        <ele>460.0</ele>
        <time>2023-06-25T15:20:27</time>
      </trkpt>
      <trkpt lat="47.637272123247385" lon="9.21887744218111">
        <ele>461.0</ele>
        <time>2023-06-25T15:20:33</time>
      </trkpt>
      <trkpt lat="47.63763204216957" lon="9.21842247247696">
        <ele>461.0</ele>
        <time>2023-06-25T15:20:41</time>
      </trkpt>
      <trkpt lat="47.637780234217644" lon="9.218227257952094">
        <ele>461.0</ele>
        <time>2023-06-25T15:20:44</time>
      </trkpt>
      <trkpt lat="47.63794116675854" lon="9.218021063134074">
        <ele>461.0</ele>
        <time>2023-06-25T15:20:47</time>
      </trkpt>
      <trkpt lat="47.63812506571412" lon="9.217815706506371">
        <ele>461.0</ele>
        <time>2023-06-25T15:20:51</time>
      </trkpt>
      <trkpt lat="47.63843134045601" lon="9.217448076233268">
        <ele>461.0</ele>
        <time>2023-06-25T15:20:59</time>
      </trkpt>
      <trkpt lat="47.638719929382205" lon="9.216987490653992">
        <ele>462.0</ele>
        <time>2023-06-25T15:21:07</time>
      </trkpt>
      <trkpt lat="47.63888128101826" lon="9.216783810406923">
        <ele>462.0</ele>
        <time>2023-06-25T15:21:11</time>
      </trkpt>
      <trkpt lat="47.63891749083996" lon="9.216729830950499">
        <ele>462.0</ele>
        <time>2023-06-25T15:21:12</time>
      </trkpt>
      <trkpt lat="47.63905478641391" lon="9.21650561504066">
        <ele>462.0</ele>
        <time>2023-06-25T15:21:16</time>
      </trkpt>
      <trkpt lat="47.6391604822129" lon="9.216317692771554">
        <ele>462.0</ele>
        <time>2023-06-25T15:21:19</time>
      </trkpt>
      <trkpt lat="47.639469942077994" lon="9.215758116915822">
        <ele>462.0</ele>
        <time>2023-06-25T15:21:27</time>
      </trkpt>
      <trkpt lat="47.639771020039916" lon="9.215213963761926">
        <ele>462.0</ele>
        <time>2023-06-25T15:21:34</time>
      </trkpt>
      <trkpt lat="47.64004007913172" lon="9.214679701253772">
        <ele>462.0</ele>
        <time>2023-06-25T15:21:41</time>
      </trkpt>
      <trkpt lat="47.64012649655342" lon="9.214540226384997">
        <ele>462.0</ele>
        <time>2023-06-25T15:21:44</time>
      </trkpt>
      <trkpt lat="47.64013605192304" lon="9.214534359052777">
        <ele>462.0</ele>
        <time>2023-06-25T15:21:45</time>
      </trkpt>
      <trkpt lat="47.64012850821018" lon="9.214528324082494">
        <ele>462.0</ele>
        <time>2023-06-25T15:21:46</time>
      </trkpt>
      <trkpt lat="47.64011476188898" lon="9.214543998241425">
        <ele>462.0</ele>
        <time>2023-06-25T15:21:47</time>
      </trkpt>
      <trkpt lat="47.64003664255142" lon="9.214703757315874">
        <ele>462.0</ele>
        <time>2023-06-25T15:21:51</time>
      </trkpt>
      <trkpt lat="47.64001493342221" lon="9.214742481708527">
        <ele>462.0</ele>
        <time>2023-06-25T15:21:52</time>
      </trkpt>
      <trkpt lat="47.639887277036905" lon="9.214995196089149">
        <ele>461.0</ele>
        <time>2023-06-25T15:21:58</time>
      </trkpt>
      <trkpt lat="47.639828603714705" lon="9.215132994577289">
        <ele>461.0</ele>
        <time>2023-06-25T15:22:01</time>
      </trkpt>
      <trkpt lat="47.63979122042656" lon="9.215242462232709">
        <ele>461.0</ele>
        <time>2023-06-25T15:22:04</time>
      </trkpt>
      <trkpt lat="47.63978627510369" lon="9.215253693982959">
        <ele>461.0</ele>
        <time>2023-06-25T15:22:05</time>
      </trkpt>
      <trkpt lat="47.63978778384626" lon="9.215253610163927">
        <ele>461.0</ele>
        <time>2023-06-25T15:22:08</time>
      </trkpt>
      <trkpt lat="47.63978526927531" lon="9.215253861621022">
        <ele>461.0</ele>
        <time>2023-06-25T15:22:09</time>
      </trkpt>
      <trkpt lat="47.63978132978082" lon="9.215253442525864">
        <ele>461.0</ele>
        <time>2023-06-25T15:22:15</time>
      </trkpt>
      <trkpt lat="47.6397788990289" lon="9.215252352878451">
        <ele>461.0</ele>
        <time>2023-06-25T15:22:16</time>
      </trkpt>
      <trkpt lat="47.63977663591504" lon="9.2152498383075">
        <ele>461.0</ele>
        <time>2023-06-25T15:22:19</time>
      </trkpt>
      <trkpt lat="47.639777390286326" lon="9.215238858014345">
        <ele>460.0</ele>
        <time>2023-06-25T15:22:23</time>
      </trkpt>
      <trkpt lat="47.639779234305024" lon="9.215232487767935">
        <ele>460.0</ele>
        <time>2023-06-25T15:22:25</time>
      </trkpt>
      <trkpt lat="47.63978007249534" lon="9.215231817215681">
        <ele>460.0</ele>
        <time>2023-06-25T15:22:26</time>
      </trkpt>
      <trkpt lat="47.639783173799515" lon="9.215233912691474">
        <ele>460.0</ele>
        <time>2023-06-25T15:22:27</time>
      </trkpt>
      <trkpt lat="47.63978342525661" lon="9.215229721739888">
        <ele>460.0</ele>
        <time>2023-06-25T15:22:30</time>
      </trkpt>
      <trkpt lat="47.63978149741888" lon="9.21522838063538">
        <ele>460.0</ele>
        <time>2023-06-25T15:22:35</time>
      </trkpt>
      <trkpt lat="47.63978250324726" lon="9.215228883549571">
        <ele>460.0</ele>
        <time>2023-06-25T15:22:36</time>
      </trkpt>
      <trkpt lat="47.639765152707696" lon="9.21523273922503">
        <ele>459.0</ele>
        <time>2023-06-25T15:22:45</time>
      </trkpt>
      <trkpt lat="47.63976129703224" lon="9.215231901034713">
        <ele>459.0</ele>
        <time>2023-06-25T15:22:49</time>
      </trkpt>
      <trkpt lat="47.639757776632905" lon="9.21523324213922">
        <ele>459.0</ele>
        <time>2023-06-25T15:22:52</time>
      </trkpt>
      <trkpt lat="47.63975517824292" lon="9.21523131430149">
        <ele>459.0</ele>
        <time>2023-06-25T15:22:53</time>
      </trkpt>
      <trkpt lat="47.63975006528199" lon="9.215215556323528">
        <ele>458.0</ele>
        <time>2023-06-25T15:23:01</time>
      </trkpt>
      <trkpt lat="47.63975199311972" lon="9.215211365371943">
        <ele>458.0</ele>
        <time>2023-06-25T15:23:02</time>
      </trkpt>
      <trkpt lat="47.63976666145027" lon="9.215227458626032">
        <ele>458.0</ele>
        <time>2023-06-25T15:23:08</time>
      </trkpt>
      <trkpt lat="47.639771522954106" lon="9.215236511081457">
        <ele>458.0</ele>
        <time>2023-06-25T15:23:10</time>
      </trkpt>
      <trkpt lat="47.639770014211535" lon="9.215234164148569">
        <ele>457.0</ele>
        <time>2023-06-25T15:23:22</time>
      </trkpt>
      <trkpt lat="47.6397649012506" lon="9.215229973196983">
        <ele>457.0</ele>
        <time>2023-06-25T15:23:24</time>
      </trkpt>
      <trkpt lat="47.639757357537746" lon="9.215221842750907">
        <ele>456.0</ele>
        <time>2023-06-25T15:23:33</time>
      </trkpt>
      <trkpt lat="47.639758698642254" lon="9.215222848579288">
        <ele>456.0</ele>
        <time>2023-06-25T15:23:41</time>
      </trkpt>
      <trkpt lat="47.63976230286062" lon="9.215224776417017">
        <ele>455.0</ele>
        <time>2023-06-25T15:23:45</time>
      </trkpt>
      <trkpt lat="47.63976875692606" lon="9.215215221047401">
        <ele>455.0</ele>
        <time>2023-06-25T15:23:54</time>
      </trkpt>
      <trkpt lat="47.63978241942823" lon="9.215218657627702">
        <ele>455.0</ele>
        <time>2023-06-25T15:24:01</time>
      </trkpt>
      <trkpt lat="47.6397855207324" lon="9.215220082551241">
        <ele>455.0</ele>
        <time>2023-06-25T15:24:03</time>
      </trkpt>
      <trkpt lat="47.639787113294005" lon="9.21522444114089">
        <ele>454.0</ele>
        <time>2023-06-25T15:24:07</time>
      </trkpt>
      <trkpt lat="47.63978593982756" lon="9.215225111693144">
        <ele>454.0</ele>
        <time>2023-06-25T15:24:14</time>
      </trkpt>
      <trkpt lat="47.63978619128466" lon="9.215225195512176">
        <ele>454.0</ele>
        <time>2023-06-25T15:24:20</time>
      </trkpt>
      <trkpt lat="47.639790046960115" lon="9.215229554101825">
        <ele>453.0</ele>
        <time>2023-06-25T15:24:34</time>
      </trkpt>
      <trkpt lat="47.63979272916913" lon="9.2152308113873">
        <ele>453.0</ele>
        <time>2023-06-25T15:24:37</time>
      </trkpt>
      <trkpt lat="47.6397942379117" lon="9.21523374505341">
        <ele>452.0</ele>
        <time>2023-06-25T15:24:50</time>
      </trkpt>
      <trkpt lat="47.639801278710365" lon="9.215239780023694">
        <ele>451.0</ele>
        <time>2023-06-25T15:24:59</time>
      </trkpt>
      <trkpt lat="47.63980144634843" lon="9.21521270647645">
        <ele>451.0</ele>
        <time>2023-06-25T15:25:00</time>
      </trkpt>
      <trkpt lat="47.63984545134008" lon="9.215060574933887">
        <ele>451.0</ele>
        <time>2023-06-25T15:25:04</time>
      </trkpt>
      <trkpt lat="47.639954751357436" lon="9.214877178892493">
        <ele>451.0</ele>
        <time>2023-06-25T15:25:08</time>
      </trkpt>
      <trkpt lat="47.640043683350086" lon="9.214705768972635">
        <ele>450.0</ele>
        <time>2023-06-25T15:25:11</time>
      </trkpt>
      <trkpt lat="47.64007561840117" lon="9.214643742889166">
        <ele>450.0</ele>
        <time>2023-06-25T15:25:12</time>
      </trkpt>
      <trkpt lat="47.6401430927217" lon="9.214519774541259">
        <ele>450.0</ele>
        <time>2023-06-25T15:25:14</time>
      </trkpt>
      <trkpt lat="47.64029011130333" lon="9.214252727106214">
        <ele>450.0</ele>
        <time>2023-06-25T15:25:18</time>
      </trkpt>
      <trkpt lat="47.64050208963454" lon="9.213844696059823">
        <ele>450.0</ele>
        <time>2023-06-25T15:25:24</time>
      </trkpt>
      <trkpt lat="47.64053335413337" lon="9.213778143748641">
        <ele>450.0</ele>
        <time>2023-06-25T15:25:25</time>
      </trkpt>
      <trkpt lat="47.6405643671751" lon="9.213715111836791">
        <ele>450.0</ele>
        <time>2023-06-25T15:25:26</time>
      </trkpt>
      <trkpt lat="47.64059646986425" lon="9.213654845952988">
        <ele>450.0</ele>
        <time>2023-06-25T15:25:27</time>
      </trkpt>
      <trkpt lat="47.64062245376408" lon="9.21358946710825">
        <ele>450.0</ele>
        <time>2023-06-25T15:25:28</time>
      </trkpt>
      <trkpt lat="47.64065220952034" lon="9.213521908968687">
        <ele>449.0</ele>
        <time>2023-06-25T15:25:29</time>
      </trkpt>
      <trkpt lat="47.64068456366658" lon="9.213449573144317">
        <ele>449.0</ele>
        <time>2023-06-25T15:25:30</time>
      </trkpt>
      <trkpt lat="47.64078229665756" lon="9.213230973109603">
        <ele>449.0</ele>
        <time>2023-06-25T15:25:33</time>
      </trkpt>
      <trkpt lat="47.64110064134002" lon="9.21262789517641">
        <ele>449.0</ele>
        <time>2023-06-25T15:25:42</time>
      </trkpt>
      <trkpt lat="47.641189405694604" lon="9.212426897138357">
        <ele>449.0</ele>
        <time>2023-06-25T15:25:45</time>
      </trkpt>
      <trkpt lat="47.64121622778475" lon="9.212350957095623">
        <ele>449.0</ele>
        <time>2023-06-25T15:25:46</time>
      </trkpt>
      <trkpt lat="47.64124237932265" lon="9.212274346500635">
        <ele>449.0</ele>
        <time>2023-06-25T15:25:47</time>
      </trkpt>
      <trkpt lat="47.64126794412732" lon="9.21219882555306">
        <ele>449.0</ele>
        <time>2023-06-25T15:25:48</time>
      </trkpt>
      <trkpt lat="47.641508001834154" lon="9.211590299382806">
        <ele>449.0</ele>
        <time>2023-06-25T15:25:56</time>
      </trkpt>
      <trkpt lat="47.64175510033965" lon="9.21097531914711">
        <ele>449.0</ele>
        <time>2023-06-25T15:26:03</time>
      </trkpt>
      <trkpt lat="47.64187630265951" lon="9.21068999916315">
        <ele>449.0</ele>
        <time>2023-06-25T15:26:07</time>
      </trkpt>
      <trkpt lat="47.641919050365686" lon="9.210655381903052">
        <ele>449.0</ele>
        <time>2023-06-25T15:26:08</time>
      </trkpt>
      <trkpt lat="47.64201737008989" lon="9.21068019233644">
        <ele>449.0</ele>
        <time>2023-06-25T15:26:10</time>
      </trkpt>
      <trkpt lat="47.642055843025446" lon="9.210702572017908">
        <ele>449.0</ele>
        <time>2023-06-25T15:26:11</time>
      </trkpt>
      <trkpt lat="47.64214016497135" lon="9.210774404928088">
        <ele>449.0</ele>
        <time>2023-06-25T15:26:14</time>
      </trkpt>
      <trkpt lat="47.64216053299606" lon="9.210786642506719">
        <ele>449.0</ele>
        <time>2023-06-25T15:26:15</time>
      </trkpt>
      <trkpt lat="47.64228173531592" lon="9.21088739298284">
        <ele>449.0</ele>
        <time>2023-06-25T15:26:19</time>
      </trkpt>
      <trkpt lat="47.64243260957301" lon="9.211059557273984">
        <ele>449.0</ele>
        <time>2023-06-25T15:26:23</time>
      </trkpt>
      <trkpt lat="47.642502933740616" lon="9.211126863956451">
        <ele>449.0</ele>
        <time>2023-06-25T15:26:25</time>
      </trkpt>
      <trkpt lat="47.64260091818869" lon="9.211131054908037">
        <ele>449.0</ele>
        <time>2023-06-25T15:26:27</time>
      </trkpt>
      <trkpt lat="47.64265070669353" lon="9.211112279444933">
        <ele>449.0</ele>
        <time>2023-06-25T15:26:28</time>
      </trkpt>
      <trkpt lat="47.642750199884176" lon="9.21106961555779">
        <ele>449.0</ele>
        <time>2023-06-25T15:26:30</time>
      </trkpt>
      <trkpt lat="47.642833180725574" lon="9.211001470685005">
        <ele>449.0</ele>
        <time>2023-06-25T15:26:32</time>
      </trkpt>
      <trkpt lat="47.64287307858467" lon="9.210959393531084">
        <ele>449.0</ele>
        <time>2023-06-25T15:26:33</time>
      </trkpt>
      <trkpt lat="47.64290886931121" lon="9.210918238386512">
        <ele>449.0</ele>
        <time>2023-06-25T15:26:34</time>
      </trkpt>
      <trkpt lat="47.64299796894193" lon="9.210875742137432">
        <ele>449.0</ele>
        <time>2023-06-25T15:26:36</time>
      </trkpt>
      <trkpt lat="47.643044237047434" lon="9.210859565064311">
        <ele>449.0</ele>
        <time>2023-06-25T15:26:37</time>
      </trkpt>
      <trkpt lat="47.64308312907815" lon="9.210830815136433">
        <ele>449.0</ele>
        <time>2023-06-25T15:26:38</time>
      </trkpt>
      <trkpt lat="47.64314750209451" lon="9.210718497633934">
        <ele>449.0</ele>
        <time>2023-06-25T15:26:40</time>
      </trkpt>
      <trkpt lat="47.643185975030065" lon="9.210656052455306">
        <ele>449.0</ele>
        <time>2023-06-25T15:26:41</time>
      </trkpt>
      <trkpt lat="47.64332712627947" lon="9.210483552888036">
        <ele>449.0</ele>
        <time>2023-06-25T15:26:44</time>
      </trkpt>
      <trkpt lat="47.64348965138197" lon="9.210219020023942">
        <ele>449.0</ele>
        <time>2023-06-25T15:26:48</time>
      </trkpt>
      <trkpt lat="47.643552934750915" lon="9.210067307576537">
        <ele>449.0</ele>
        <time>2023-06-25T15:26:50</time>
      </trkpt>
      <trkpt lat="47.64357564970851" lon="9.209987008944154">
        <ele>449.0</ele>
        <time>2023-06-25T15:26:51</time>
      </trkpt>
      <trkpt lat="47.64359283261001" lon="9.209904028102756">
        <ele>449.0</ele>
        <time>2023-06-25T15:26:52</time>
      </trkpt>
      <trkpt lat="47.64358746819198" lon="9.209738317877054">
        <ele>449.0</ele>
        <time>2023-06-25T15:26:54</time>
      </trkpt>
      <trkpt lat="47.64351085759699" lon="9.209605799987912">
        <ele>449.0</ele>
        <time>2023-06-25T15:26:56</time>
      </trkpt>
      <trkpt lat="47.6434622425586" lon="9.209550647065043">
        <ele>449.0</ele>
        <time>2023-06-25T15:26:57</time>
      </trkpt>
      <trkpt lat="47.643412789329886" lon="9.209502367302775">
        <ele>449.0</ele>
        <time>2023-06-25T15:26:58</time>
      </trkpt>
      <trkpt lat="47.643215311691165" lon="9.209333136677742">
        <ele>450.0</ele>
        <time>2023-06-25T15:27:02</time>
      </trkpt>
      <trkpt lat="47.64302445575595" lon="9.209136245772243">
        <ele>450.0</ele>
        <time>2023-06-25T15:27:07</time>
      </trkpt>
      <trkpt lat="47.642866373062134" lon="9.209042955189943">
        <ele>450.0</ele>
        <time>2023-06-25T15:27:12</time>
      </trkpt>
      <trkpt lat="47.64271725900471" lon="9.208911526948214">
        <ele>451.0</ele>
        <time>2023-06-25T15:27:17</time>
      </trkpt>
      <trkpt lat="47.642703261226416" lon="9.20887129381299">
        <ele>451.0</ele>
        <time>2023-06-25T15:27:18</time>
      </trkpt>
      <trkpt lat="47.64266135171056" lon="9.208769872784615">
        <ele>451.0</ele>
        <time>2023-06-25T15:27:21</time>
      </trkpt>
      <trkpt lat="47.642638720571995" lon="9.208702566102147">
        <ele>451.0</ele>
        <time>2023-06-25T15:27:23</time>
      </trkpt>
      <trkpt lat="47.642631847411394" lon="9.208663674071431">
        <ele>452.0</ele>
        <time>2023-06-25T15:27:24</time>
      </trkpt>
      <trkpt lat="47.642626566812396" lon="9.20862746424973">
        <ele>452.0</ele>
        <time>2023-06-25T15:27:25</time>
      </trkpt>
      <trkpt lat="47.64264224097133" lon="9.208501819521189">
        <ele>452.0</ele>
        <time>2023-06-25T15:27:28</time>
      </trkpt>
      <trkpt lat="47.642703177407384" lon="9.208368631079793">
        <ele>453.0</ele>
        <time>2023-06-25T15:27:31</time>
      </trkpt>
      <trkpt lat="47.64274240471423" lon="9.208248853683472">
        <ele>453.0</ele>
        <time>2023-06-25T15:27:33</time>
      </trkpt>
      <trkpt lat="47.64285983517766" lon="9.207953475415707">
        <ele>453.0</ele>
        <time>2023-06-25T15:27:38</time>
      </trkpt>
      <trkpt lat="47.64291347935796" lon="9.207729175686836">
        <ele>454.0</ele>
        <time>2023-06-25T15:27:41</time>
      </trkpt>
      <trkpt lat="47.642932422459126" lon="9.207654325291514">
        <ele>454.0</ele>
        <time>2023-06-25T15:27:42</time>
      </trkpt>
      <trkpt lat="47.64300970360637" lon="9.207360874861479">
        <ele>454.0</ele>
        <time>2023-06-25T15:27:46</time>
      </trkpt>
      <trkpt lat="47.6430185046047" lon="9.20728619210422">
        <ele>455.0</ele>
        <time>2023-06-25T15:27:47</time>
      </trkpt>
      <trkpt lat="47.643018839880824" lon="9.207135234028101">
        <ele>455.0</ele>
        <time>2023-06-25T15:27:49</time>
      </trkpt>
      <trkpt lat="47.64302336610854" lon="9.207054935395718">
        <ele>455.0</ele>
        <time>2023-06-25T15:27:50</time>
      </trkpt>
      <trkpt lat="47.643063850700855" lon="9.206802053377032">
        <ele>455.0</ele>
        <time>2023-06-25T15:27:53</time>
      </trkpt>
      <trkpt lat="47.643078519031405" lon="9.206713205203414">
        <ele>455.0</ele>
        <time>2023-06-25T15:27:54</time>
      </trkpt>
      <trkpt lat="47.64321656897664" lon="9.206121023744345">
        <ele>456.0</ele>
        <time>2023-06-25T15:28:00</time>
      </trkpt>
      <trkpt lat="47.643336430191994" lon="9.205545857548714">
        <ele>456.0</ele>
        <time>2023-06-25T15:28:06</time>
      </trkpt>
      <trkpt lat="47.64335193671286" lon="9.205452650785446">
        <ele>456.0</ele>
        <time>2023-06-25T15:28:07</time>
      </trkpt>
      <trkpt lat="47.64338496141136" lon="9.205269338563085">
        <ele>456.0</ele>
        <time>2023-06-25T15:28:09</time>
      </trkpt>
      <trkpt lat="47.643432319164276" lon="9.205004554241896">
        <ele>456.0</ele>
        <time>2023-06-25T15:28:12</time>
      </trkpt>
      <trkpt lat="47.64349610544741" lon="9.204474901780486">
        <ele>457.0</ele>
        <time>2023-06-25T15:28:18</time>
      </trkpt>
      <trkpt lat="47.64355335384607" lon="9.203843660652637">
        <ele>457.0</ele>
        <time>2023-06-25T15:28:25</time>
      </trkpt>
      <trkpt lat="47.64355762861669" lon="9.203747184947133">
        <ele>457.0</ele>
        <time>2023-06-25T15:28:26</time>
      </trkpt>
      <trkpt lat="47.643576404079795" lon="9.203462870791554">
        <ele>457.0</ele>
        <time>2023-06-25T15:28:29</time>
      </trkpt>
      <trkpt lat="47.64359023422003" lon="9.203079482540488">
        <ele>457.0</ele>
        <time>2023-06-25T15:28:33</time>
      </trkpt>
      <trkpt lat="47.64359367080033" lon="9.202985437586904">
        <ele>457.0</ele>
        <time>2023-06-25T15:28:34</time>
      </trkpt>
      <trkpt lat="47.643597861751914" lon="9.202892649918795">
        <ele>457.0</ele>
        <time>2023-06-25T15:28:35</time>
      </trkpt>
      <trkpt lat="47.643623761832714" lon="9.202811261638999">
        <ele>457.0</ele>
        <time>2023-06-25T15:28:36</time>
      </trkpt>
      <trkpt lat="47.64367640018463" lon="9.20276004821062">
        <ele>457.0</ele>
        <time>2023-06-25T15:28:37</time>
      </trkpt>
      <trkpt lat="47.643887624144554" lon="9.202726101502776">
        <ele>457.0</ele>
        <time>2023-06-25T15:28:40</time>
      </trkpt>
      <trkpt lat="47.643949231132865" lon="9.202693831175566">
        <ele>457.0</ele>
        <time>2023-06-25T15:28:41</time>
      </trkpt>
      <trkpt lat="47.64404830522835" lon="9.202564666047692">
        <ele>457.0</ele>
        <time>2023-06-25T15:28:43</time>
      </trkpt>
      <trkpt lat="47.64413162134588" lon="9.202183121815324">
        <ele>457.0</ele>
        <time>2023-06-25T15:28:47</time>
      </trkpt>
      <trkpt lat="47.64429884031415" lon="9.201388601213694">
        <ele>457.0</ele>
        <time>2023-06-25T15:28:56</time>
      </trkpt>
      <trkpt lat="47.64436497353017" lon="9.200979731976986">
        <ele>457.0</ele>
        <time>2023-06-25T15:29:01</time>
      </trkpt>
      <trkpt lat="47.64435751363635" lon="9.200898427516222">
        <ele>457.0</ele>
        <time>2023-06-25T15:29:02</time>
      </trkpt>
      <trkpt lat="47.644333792850375" lon="9.200734561309218">
        <ele>457.0</ele>
        <time>2023-06-25T15:29:04</time>
      </trkpt>
      <trkpt lat="47.644359692931175" lon="9.200501795858145">
        <ele>457.0</ele>
        <time>2023-06-25T15:29:07</time>
      </trkpt>
      <trkpt lat="47.64447293244302" lon="9.199992511421442">
        <ele>457.0</ele>
        <time>2023-06-25T15:29:13</time>
      </trkpt>
      <trkpt lat="47.644539484754205" lon="9.199729152023792">
        <ele>457.0</ele>
        <time>2023-06-25T15:29:16</time>
      </trkpt>
      <trkpt lat="47.64458290301263" lon="9.199544917792082">
        <ele>457.0</ele>
        <time>2023-06-25T15:29:18</time>
      </trkpt>
      <trkpt lat="47.64471483416855" lon="9.198836395516992">
        <ele>457.0</ele>
        <time>2023-06-25T15:29:25</time>
      </trkpt>
      <trkpt lat="47.64478649944067" lon="9.198435740545392">
        <ele>457.0</ele>
        <time>2023-06-25T15:29:29</time>
      </trkpt>
      <trkpt lat="47.64482086524367" lon="9.19834571890533">
        <ele>457.0</ele>
        <time>2023-06-25T15:29:30</time>
      </trkpt>
      <trkpt lat="47.64490082859993" lon="9.19817665591836">
        <ele>457.0</ele>
        <time>2023-06-25T15:29:32</time>
      </trkpt>
      <trkpt lat="47.6449522934854" lon="9.197991415858269">
        <ele>457.0</ele>
        <time>2023-06-25T15:29:34</time>
      </trkpt>
      <trkpt lat="47.644962184131145" lon="9.197892677038908">
        <ele>458.0</ele>
        <time>2023-06-25T15:29:35</time>
      </trkpt>
      <trkpt lat="47.64498154632747" lon="9.197604339569807">
        <ele>458.0</ele>
        <time>2023-06-25T15:29:38</time>
      </trkpt>
      <trkpt lat="47.64499302953482" lon="9.197410130873322">
        <ele>458.0</ele>
        <time>2023-06-25T15:29:40</time>
      </trkpt>
      <trkpt lat="47.64501021243632" lon="9.197315499186516">
        <ele>458.0</ele>
        <time>2023-06-25T15:29:41</time>
      </trkpt>
      <trkpt lat="47.64505924656987" lon="9.197002770379186">
        <ele>458.0</ele>
        <time>2023-06-25T15:29:44</time>
      </trkpt>
      <trkpt lat="47.645173743367195" lon="9.196318555623293">
        <ele>458.0</ele>
        <time>2023-06-25T15:29:50</time>
      </trkpt>
      <trkpt lat="47.645275415852666" lon="9.195807175710797">
        <ele>459.0</ele>
        <time>2023-06-25T15:29:55</time>
      </trkpt>
      <trkpt lat="47.645320845767856" lon="9.19574431143701">
        <ele>459.0</ele>
        <time>2023-06-25T15:29:56</time>
      </trkpt>
      <trkpt lat="47.64538547024131" lon="9.19573299586773">
        <ele>459.0</ele>
        <time>2023-06-25T15:29:57</time>
      </trkpt>
      <trkpt lat="47.64544330537319" lon="9.19574473053217">
        <ele>459.0</ele>
        <time>2023-06-25T15:29:58</time>
      </trkpt>
      <trkpt lat="47.645500637590885" lon="9.195775156840682">
        <ele>459.0</ele>
        <time>2023-06-25T15:29:59</time>
      </trkpt>
      <trkpt lat="47.64577841386199" lon="9.195926114916801">
        <ele>459.0</ele>
        <time>2023-06-25T15:30:04</time>
      </trkpt>
      <trkpt lat="47.645930629223585" lon="9.195978166535497">
        <ele>459.0</ele>
        <time>2023-06-25T15:30:07</time>
      </trkpt>
      <trkpt lat="47.64597429893911" lon="9.195961318910122">
        <ele>459.0</ele>
        <time>2023-06-25T15:30:08</time>
      </trkpt>
      <trkpt lat="47.6460059825331" lon="9.195930054411292">
        <ele>459.0</ele>
        <time>2023-06-25T15:30:09</time>
      </trkpt>
      <trkpt lat="47.646028278395534" lon="9.195868447422981">
        <ele>459.0</ele>
        <time>2023-06-25T15:30:10</time>
      </trkpt>
      <trkpt lat="47.64604127034545" lon="9.1957897413522">
        <ele>459.0</ele>
        <time>2023-06-25T15:30:11</time>
      </trkpt>
      <trkpt lat="47.64611863531172" lon="9.195253299549222">
        <ele>459.0</ele>
        <time>2023-06-25T15:30:17</time>
      </trkpt>
      <trkpt lat="47.646131878718734" lon="9.195157242938876">
        <ele>459.0</ele>
        <time>2023-06-25T15:30:18</time>
      </trkpt>
      <trkpt lat="47.64614478684962" lon="9.195061018690467">
        <ele>459.0</ele>
        <time>2023-06-25T15:30:19</time>
      </trkpt>
      <trkpt lat="47.646194910630584" lon="9.194593979045749">
        <ele>459.0</ele>
        <time>2023-06-25T15:30:24</time>
      </trkpt>
      <trkpt lat="47.64620463363826" lon="9.194318214431405">
        <ele>460.0</ele>
        <time>2023-06-25T15:30:27</time>
      </trkpt>
      <trkpt lat="47.64621427282691" lon="9.194130124524236">
        <ele>460.0</ele>
        <time>2023-06-25T15:30:29</time>
      </trkpt>
      <trkpt lat="47.64621578156948" lon="9.194029122591019">
        <ele>460.0</ele>
        <time>2023-06-25T15:30:30</time>
      </trkpt>
      <trkpt lat="47.6462026219815" lon="9.193715136498213">
        <ele>460.0</ele>
        <time>2023-06-25T15:30:33</time>
      </trkpt>
      <trkpt lat="47.646202370524406" lon="9.193403581157327">
        <ele>460.0</ele>
        <time>2023-06-25T15:30:36</time>
      </trkpt>
      <trkpt lat="47.646203208714724" lon="9.193099653348327">
        <ele>460.0</ele>
        <time>2023-06-25T15:30:39</time>
      </trkpt>
      <trkpt lat="47.64620505273342" lon="9.192805029451847">
        <ele>460.0</ele>
        <time>2023-06-25T15:30:42</time>
      </trkpt>
      <trkpt lat="47.64621812850237" lon="9.19253345578909">
        <ele>460.0</ele>
        <time>2023-06-25T15:30:45</time>
      </trkpt>
      <trkpt lat="47.646209578961134" lon="9.192345030605793">
        <ele>460.0</ele>
        <time>2023-06-25T15:30:47</time>
      </trkpt>
      <trkpt lat="47.64622684568167" lon="9.191814456135035">
        <ele>460.0</ele>
        <time>2023-06-25T15:30:53</time>
      </trkpt>
      <trkpt lat="47.6462975051254" lon="9.191295113414526">
        <ele>460.0</ele>
        <time>2023-06-25T15:30:59</time>
      </trkpt>
      <trkpt lat="47.64631602913141" lon="9.19121372513473">
        <ele>460.0</ele>
        <time>2023-06-25T15:31:00</time>
      </trkpt>
      <trkpt lat="47.646447122097015" lon="9.190741907805204">
        <ele>460.0</ele>
        <time>2023-06-25T15:31:06</time>
      </trkpt>
      <trkpt lat="47.64663387089968" lon="9.190429598093033">
        <ele>459.0</ele>
        <time>2023-06-25T15:31:11</time>
      </trkpt>
      <trkpt lat="47.64671073295176" lon="9.190311077982187">
        <ele>459.0</ele>
        <time>2023-06-25T15:31:13</time>
      </trkpt>
      <trkpt lat="47.647037375718355" lon="9.18984018266201">
        <ele>459.0</ele>
        <time>2023-06-25T15:31:21</time>
      </trkpt>
      <trkpt lat="47.64714843593538" lon="9.189646141603589">
        <ele>459.0</ele>
        <time>2023-06-25T15:31:24</time>
      </trkpt>
      <trkpt lat="47.64720920473337" lon="9.189529968425632">
        <ele>459.0</ele>
        <time>2023-06-25T15:31:26</time>
      </trkpt>
      <trkpt lat="47.647253293544054" lon="9.18938378803432">
        <ele>459.0</ele>
        <time>2023-06-25T15:31:28</time>
      </trkpt>
      <trkpt lat="47.64726544730365" lon="9.189237020909786">
        <ele>459.0</ele>
        <time>2023-06-25T15:31:30</time>
      </trkpt>
      <trkpt lat="47.64721741899848" lon="9.188937032595277">
        <ele>459.0</ele>
        <time>2023-06-25T15:31:34</time>
      </trkpt>
      <trkpt lat="47.6471212785691" lon="9.188547441735864">
        <ele>459.0</ele>
        <time>2023-06-25T15:31:39</time>
      </trkpt>
      <trkpt lat="47.647125301882625" lon="9.188405955210328">
        <ele>459.0</ele>
        <time>2023-06-25T15:31:41</time>
      </trkpt>
      <trkpt lat="47.64715388417244" lon="9.188242089003325">
        <ele>459.0</ele>
        <time>2023-06-25T15:31:43</time>
      </trkpt>
      <trkpt lat="47.6471749227494" lon="9.188043270260096">
        <ele>459.0</ele>
        <time>2023-06-25T15:31:45</time>
      </trkpt>
      <trkpt lat="47.6471886690706" lon="9.187857946380973">
        <ele>459.0</ele>
        <time>2023-06-25T15:31:47</time>
      </trkpt>
      <trkpt lat="47.64720031991601" lon="9.187781335785985">
        <ele>459.0</ele>
        <time>2023-06-25T15:31:48</time>
      </trkpt>
      <trkpt lat="47.647216664627194" lon="9.187610009685159">
        <ele>459.0</ele>
        <time>2023-06-25T15:31:50</time>
      </trkpt>
      <trkpt lat="47.64722068794072" lon="9.187535578384995">
        <ele>459.0</ele>
        <time>2023-06-25T15:31:51</time>
      </trkpt>
      <trkpt lat="47.64722119085491" lon="9.187456369400024">
        <ele>459.0</ele>
        <time>2023-06-25T15:31:52</time>
      </trkpt>
      <trkpt lat="47.64719847589731" lon="9.187119416892529">
        <ele>459.0</ele>
        <time>2023-06-25T15:31:56</time>
      </trkpt>
      <trkpt lat="47.64709915034473" lon="9.186706859618425">
        <ele>459.0</ele>
        <time>2023-06-25T15:32:01</time>
      </trkpt>
      <trkpt lat="47.64702572487295" lon="9.186190869659185">
        <ele>460.0</ele>
        <time>2023-06-25T15:32:08</time>
      </trkpt>
      <trkpt lat="47.64693989418447" lon="9.185804296284914">
        <ele>460.0</ele>
        <time>2023-06-25T15:32:13</time>
      </trkpt>
      <trkpt lat="47.64691013842821" lon="9.18567412532866">
        <ele>460.0</ele>
        <time>2023-06-25T15:32:15</time>
      </trkpt>
      <trkpt lat="47.64678776264191" lon="9.185400540009141">
        <ele>460.0</ele>
        <time>2023-06-25T15:32:18</time>
      </trkpt>
      <trkpt lat="47.64670587144792" lon="9.185274643823504">
        <ele>460.0</ele>
        <time>2023-06-25T15:32:20</time>
      </trkpt>
      <trkpt lat="47.646669493988156" lon="9.185212617740035">
        <ele>460.0</ele>
        <time>2023-06-25T15:32:21</time>
      </trkpt>
      <trkpt lat="47.64659631997347" lon="9.185078172013164">
        <ele>460.0</ele>
        <time>2023-06-25T15:32:24</time>
      </trkpt>
      <trkpt lat="47.646542843431234" lon="9.184891590848565">
        <ele>460.0</ele>
        <time>2023-06-25T15:32:29</time>
      </trkpt>
      <trkpt lat="47.646626494824886" lon="9.184755887836218">
        <ele>460.0</ele>
        <time>2023-06-25T15:32:32</time>
      </trkpt>
      <trkpt lat="47.64674727804959" lon="9.184605935588479">
        <ele>460.0</ele>
        <time>2023-06-25T15:32:35</time>
      </trkpt>
      <trkpt lat="47.646788014099" lon="9.184548519551754">
        <ele>460.0</ele>
        <time>2023-06-25T15:32:36</time>
      </trkpt>
      <trkpt lat="47.64683034271002" lon="9.184491354972124">
        <ele>460.0</ele>
        <time>2023-06-25T15:32:37</time>
      </trkpt>
      <trkpt lat="47.64691550284624" lon="9.184370236471295">
        <ele>460.0</ele>
        <time>2023-06-25T15:32:39</time>
      </trkpt>
      <trkpt lat="47.64710979536176" lon="9.184150965884328">
        <ele>461.0</ele>
        <time>2023-06-25T15:32:43</time>
      </trkpt>
      <trkpt lat="47.647156063467264" lon="9.184091957286">
        <ele>461.0</ele>
        <time>2023-06-25T15:32:44</time>
      </trkpt>
      <trkpt lat="47.647247426211834" lon="9.183969413861632">
        <ele>461.0</ele>
        <time>2023-06-25T15:32:46</time>
      </trkpt>
      <trkpt lat="47.6473837159574" lon="9.183788280934095">
        <ele>461.0</ele>
        <time>2023-06-25T15:32:49</time>
      </trkpt>
      <trkpt lat="47.64748044312" lon="9.183666491881013">
        <ele>462.0</ele>
        <time>2023-06-25T15:32:51</time>
      </trkpt>
      <trkpt lat="47.64757616445422" lon="9.183544619008899">
        <ele>462.0</ele>
        <time>2023-06-25T15:32:53</time>
      </trkpt>
      <trkpt lat="47.64767138287425" lon="9.183413358405232">
        <ele>462.0</ele>
        <time>2023-06-25T15:32:55</time>
      </trkpt>
      <trkpt lat="47.64795511029661" lon="9.182996861636639">
        <ele>463.0</ele>
        <time>2023-06-25T15:33:01</time>
      </trkpt>
      <trkpt lat="47.64824151992798" lon="9.182598385959864">
        <ele>463.0</ele>
        <time>2023-06-25T15:33:07</time>
      </trkpt>
      <trkpt lat="47.648379150778055" lon="9.182419264689088">
        <ele>463.0</ele>
        <time>2023-06-25T15:33:10</time>
      </trkpt>
      <trkpt lat="47.648506723344326" lon="9.182240730151534">
        <ele>463.0</ele>
        <time>2023-06-25T15:33:13</time>
      </trkpt>
      <trkpt lat="47.64867561869323" lon="9.182013496756554">
        <ele>464.0</ele>
        <time>2023-06-25T15:33:17</time>
      </trkpt>
      <trkpt lat="47.6487188693136" lon="9.181964881718159">
        <ele>464.0</ele>
        <time>2023-06-25T15:33:18</time>
      </trkpt>
      <trkpt lat="47.64891383238137" lon="9.18170060031116">
        <ele>464.0</ele>
        <time>2023-06-25T15:33:23</time>
      </trkpt>
      <trkpt lat="47.64898373745382" lon="9.181586354970932">
        <ele>464.0</ele>
        <time>2023-06-25T15:33:25</time>
      </trkpt>
      <trkpt lat="47.64925581403077" lon="9.181257952004671">
        <ele>464.0</ele>
        <time>2023-06-25T15:33:32</time>
      </trkpt>
      <trkpt lat="47.64938581734896" lon="9.181178575381637">
        <ele>464.0</ele>
        <time>2023-06-25T15:33:36</time>
      </trkpt>
      <trkpt lat="47.6494200155139" lon="9.181155692785978">
        <ele>464.0</ele>
        <time>2023-06-25T15:33:37</time>
      </trkpt>
      <trkpt lat="47.649446753785014" lon="9.18111378327012">
        <ele>464.0</ele>
        <time>2023-06-25T15:33:38</time>
      </trkpt>
      <trkpt lat="47.649458069354296" lon="9.18105997145176">
        <ele>464.0</ele>
        <time>2023-06-25T15:33:39</time>
      </trkpt>
      <trkpt lat="47.64945496805012" lon="9.181016301736236">
        <ele>464.0</ele>
        <time>2023-06-25T15:33:40</time>
      </trkpt>
      <trkpt lat="47.64941322617233" lon="9.180960981175303">
        <ele>464.0</ele>
        <time>2023-06-25T15:33:41</time>
      </trkpt>
      <trkpt lat="47.649358324706554" lon="9.180913204327226">
        <ele>464.0</ele>
        <time>2023-06-25T15:33:42</time>
      </trkpt>
      <trkpt lat="47.649270901456475" lon="9.180805580690503">
        <ele>464.0</ele>
        <time>2023-06-25T15:33:44</time>
      </trkpt>
      <trkpt lat="47.64908457174897" lon="9.180448427796364">
        <ele>465.0</ele>
        <time>2023-06-25T15:33:50</time>
      </trkpt>
      <trkpt lat="47.64905464835465" lon="9.180390425026417">
        <ele>465.0</ele>
        <time>2023-06-25T15:33:51</time>
      </trkpt>
      <trkpt lat="47.64897652901709" lon="9.180233431980014">
        <ele>465.0</ele>
        <time>2023-06-25T15:33:54</time>
      </trkpt>
      <trkpt lat="47.648840909823775" lon="9.179963953793049">
        <ele>465.0</ele>
        <time>2023-06-25T15:33:59</time>
      </trkpt>
      <trkpt lat="47.64881618320942" lon="9.179910561069846">
        <ele>465.0</ele>
        <time>2023-06-25T15:34:00</time>
      </trkpt>
      <trkpt lat="47.648765137419105" lon="9.179799500852823">
        <ele>465.0</ele>
        <time>2023-06-25T15:34:02</time>
      </trkpt>
      <trkpt lat="47.648736303672194" lon="9.179741833359003">
        <ele>465.0</ele>
        <time>2023-06-25T15:34:03</time>
      </trkpt>
      <trkpt lat="47.64873311854899" lon="9.179611662402749">
        <ele>465.0</ele>
        <time>2023-06-25T15:34:05</time>
      </trkpt>
      <trkpt lat="47.64878190122545" lon="9.179500183090568">
        <ele>465.0</ele>
        <time>2023-06-25T15:34:07</time>
      </trkpt>
      <trkpt lat="47.64885331504047" lon="9.179411418735981">
        <ele>465.0</ele>
        <time>2023-06-25T15:34:09</time>
      </trkpt>
      <trkpt lat="47.64898239634931" lon="9.179280074313283">
        <ele>465.0</ele>
        <time>2023-06-25T15:34:12</time>
      </trkpt>
      <trkpt lat="47.64907225035131" lon="9.179192148149014">
        <ele>465.0</ele>
        <time>2023-06-25T15:34:14</time>
      </trkpt>
      <trkpt lat="47.64915967360139" lon="9.179099695757031">
        <ele>465.0</ele>
        <time>2023-06-25T15:34:16</time>
      </trkpt>
      <trkpt lat="47.649549432098866" lon="9.178724605590105">
        <ele>465.0</ele>
        <time>2023-06-25T15:34:24</time>
      </trkpt>
      <trkpt lat="47.649654457345605" lon="9.178614467382431">
        <ele>465.0</ele>
        <time>2023-06-25T15:34:26</time>
      </trkpt>
      <trkpt lat="47.64980876818299" lon="9.178444817662239">
        <ele>465.0</ele>
        <time>2023-06-25T15:34:29</time>
      </trkpt>
      <trkpt lat="47.64985830523074" lon="9.178390502929688">
        <ele>465.0</ele>
        <time>2023-06-25T15:34:30</time>
      </trkpt>
      <trkpt lat="47.650104062631726" lon="9.178139381110668">
        <ele>465.0</ele>
        <time>2023-06-25T15:34:35</time>
      </trkpt>
      <trkpt lat="47.65018737874925" lon="9.178027315065265">
        <ele>465.0</ele>
        <time>2023-06-25T15:34:36</time>
      </trkpt>
      <trkpt lat="47.65018737874925" lon="9.178027315065265">
        <ele>465.0</ele>
        <time>2023-06-25T15:34:37</time>
      </trkpt>
      <trkpt lat="47.6504819188267" lon="9.1777388099581">
        <ele>465.0</ele>
        <time>2023-06-25T15:34:43</time>
      </trkpt>
      <trkpt lat="47.6507876906544" lon="9.177422476932406">
        <ele>466.0</ele>
        <time>2023-06-25T15:34:50</time>
      </trkpt>
      <trkpt lat="47.650902858003974" lon="9.177287193015218">
        <ele>466.0</ele>
        <time>2023-06-25T15:34:53</time>
      </trkpt>
      <trkpt lat="47.6510104816407" lon="9.177194237709045">
        <ele>466.0</ele>
        <time>2023-06-25T15:34:55</time>
      </trkpt>
      <trkpt lat="47.65105792321265" lon="9.177145790308714">
        <ele>466.0</ele>
        <time>2023-06-25T15:34:56</time>
      </trkpt>
      <trkpt lat="47.65123545192182" lon="9.176931465044618">
        <ele>467.0</ele>
        <time>2023-06-25T15:35:00</time>
      </trkpt>
      <trkpt lat="47.651272332295775" lon="9.17686021886766">
        <ele>467.0</ele>
        <time>2023-06-25T15:35:01</time>
      </trkpt>
      <trkpt lat="47.65129311941564" lon="9.176786541938782">
        <ele>467.0</ele>
        <time>2023-06-25T15:35:02</time>
      </trkpt>
      <trkpt lat="47.651287419721484" lon="9.176619239151478">
        <ele>467.0</ele>
        <time>2023-06-25T15:35:04</time>
      </trkpt>
      <trkpt lat="47.651223884895444" lon="9.176371302455664">
        <ele>467.0</ele>
        <time>2023-06-25T15:35:07</time>
      </trkpt>
      <trkpt lat="47.65120997093618" lon="9.176292764022946">
        <ele>467.0</ele>
        <time>2023-06-25T15:35:08</time>
      </trkpt>
      <trkpt lat="47.65118801034987" lon="9.17614683508873">
        <ele>467.0</ele>
        <time>2023-06-25T15:35:10</time>
      </trkpt>
      <trkpt lat="47.65114811249077" lon="9.17587861418724">
        <ele>467.0</ele>
        <time>2023-06-25T15:35:14</time>
      </trkpt>
      <trkpt lat="47.65110502950847" lon="9.17561810463667">
        <ele>467.0</ele>
        <time>2023-06-25T15:35:18</time>
      </trkpt>
      <trkpt lat="47.65106496401131" lon="9.175359774380922">
        <ele>467.0</ele>
        <time>2023-06-25T15:35:22</time>
      </trkpt>
      <trkpt lat="47.65102984383702" lon="9.175168247893453">
        <ele>467.0</ele>
        <time>2023-06-25T15:35:25</time>
      </trkpt>
      <trkpt lat="47.65100855380297" lon="9.175046542659402">
        <ele>467.0</ele>
        <time>2023-06-25T15:35:27</time>
      </trkpt>
      <trkpt lat="47.65100050717592" lon="9.174983175471425">
        <ele>467.0</ele>
        <time>2023-06-25T15:35:28</time>
      </trkpt>
      <trkpt lat="47.65099363401532" lon="9.174921065568924">
        <ele>467.0</ele>
        <time>2023-06-25T15:35:29</time>
      </trkpt>
      <trkpt lat="47.65097016468644" lon="9.174620239064097">
        <ele>467.0</ele>
        <time>2023-06-25T15:35:34</time>
      </trkpt>
      <trkpt lat="47.65094233676791" lon="9.174522086977959">
        <ele>467.0</ele>
        <time>2023-06-25T15:35:36</time>
      </trkpt>
      <trkpt lat="47.65091082081199" lon="9.174438770860434">
        <ele>467.0</ele>
        <time>2023-06-25T15:35:38</time>
      </trkpt>
      <trkpt lat="47.650915598496795" lon="9.17438973672688">
        <ele>467.0</ele>
        <time>2023-06-25T15:35:39</time>
      </trkpt>
      <trkpt lat="47.65093638561666" lon="9.174348078668118">
        <ele>467.0</ele>
        <time>2023-06-25T15:35:40</time>
      </trkpt>
      <trkpt lat="47.6510102301836" lon="9.17430130764842">
        <ele>467.0</ele>
        <time>2023-06-25T15:35:42</time>
      </trkpt>
      <trkpt lat="47.651078291237354" lon="9.174262331798673">
        <ele>467.0</ele>
        <time>2023-06-25T15:35:44</time>
      </trkpt>
      <trkpt lat="47.65129789710045" lon="9.174132412299514">
        <ele>468.0</ele>
        <time>2023-06-25T15:35:49</time>
      </trkpt>
      <trkpt lat="47.65160785987973" lon="9.17400031350553">
        <ele>468.0</ele>
        <time>2023-06-25T15:35:55</time>
      </trkpt>
      <trkpt lat="47.65173006802797" lon="9.173951698467135">
        <ele>468.0</ele>
        <time>2023-06-25T15:35:57</time>
      </trkpt>
      <trkpt lat="47.65184951014817" lon="9.173903670161963">
        <ele>468.0</ele>
        <time>2023-06-25T15:35:59</time>
      </trkpt>
      <trkpt lat="47.65191262587905" lon="9.173885816708207">
        <ele>468.0</ele>
        <time>2023-06-25T15:36:00</time>
      </trkpt>
      <trkpt lat="47.65228939242661" lon="9.173790263012052">
        <ele>469.0</ele>
        <time>2023-06-25T15:36:06</time>
      </trkpt>
      <trkpt lat="47.65235150232911" lon="9.173774840310216">
        <ele>469.0</ele>
        <time>2023-06-25T15:36:07</time>
      </trkpt>
      <trkpt lat="47.65247211791575" lon="9.173740139231086">
        <ele>469.0</ele>
        <time>2023-06-25T15:36:09</time>
      </trkpt>
      <trkpt lat="47.65278585255146" lon="9.17363628745079">
        <ele>470.0</ele>
        <time>2023-06-25T15:36:14</time>
      </trkpt>
      <trkpt lat="47.65284989029169" lon="9.173616422340274">
        <ele>470.0</ele>
        <time>2023-06-25T15:36:15</time>
      </trkpt>
      <trkpt lat="47.652920968830585" lon="9.173607872799039">
        <ele>470.0</ele>
        <time>2023-06-25T15:36:16</time>
      </trkpt>
      <trkpt lat="47.65305248089135" lon="9.173594042658806">
        <ele>470.0</ele>
        <time>2023-06-25T15:36:18</time>
      </trkpt>
      <trkpt lat="47.653116350993514" lon="9.173574931919575">
        <ele>470.0</ele>
        <time>2023-06-25T15:36:19</time>
      </trkpt>
      <trkpt lat="47.65317636542022" lon="9.173557665199041">
        <ele>470.0</ele>
        <time>2023-06-25T15:36:20</time>
      </trkpt>
      <trkpt lat="47.65369327738881" lon="9.173496728762984">
        <ele>470.0</ele>
        <time>2023-06-25T15:36:28</time>
      </trkpt>
      <trkpt lat="47.65410072170198" lon="9.17344962246716">
        <ele>470.0</ele>
        <time>2023-06-25T15:36:35</time>
      </trkpt>
      <trkpt lat="47.654158221557736" lon="9.173442078754306">
        <ele>470.0</ele>
        <time>2023-06-25T15:36:36</time>
      </trkpt>
      <trkpt lat="47.65438428148627" lon="9.173417519778013">
        <ele>471.0</ele>
        <time>2023-06-25T15:36:40</time>
      </trkpt>
      <trkpt lat="47.65455334447324" lon="9.173383070155978">
        <ele>471.0</ele>
        <time>2023-06-25T15:36:43</time>
      </trkpt>
      <trkpt lat="47.65483715571463" lon="9.173347698524594">
        <ele>471.0</ele>
        <time>2023-06-25T15:36:48</time>
      </trkpt>
      <trkpt lat="47.654894068837166" lon="9.17334065772593">
        <ele>471.0</ele>
        <time>2023-06-25T15:36:49</time>
      </trkpt>
      <trkpt lat="47.65526211820543" lon="9.17339195497334">
        <ele>471.0</ele>
        <time>2023-06-25T15:36:55</time>
      </trkpt>
      <trkpt lat="47.65531978569925" lon="9.173372844234109">
        <ele>471.0</ele>
        <time>2023-06-25T15:36:56</time>
      </trkpt>
      <trkpt lat="47.65548105351627" lon="9.173282822594047">
        <ele>471.0</ele>
        <time>2023-06-25T15:36:59</time>
      </trkpt>
      <trkpt lat="47.655587922781706" lon="9.173218281939626">
        <ele>471.0</ele>
        <time>2023-06-25T15:37:01</time>
      </trkpt>
      <trkpt lat="47.65568448230624" lon="9.173131613060832">
        <ele>471.0</ele>
        <time>2023-06-25T15:37:03</time>
      </trkpt>
      <trkpt lat="47.65573963522911" lon="9.173100348562002">
        <ele>471.0</ele>
        <time>2023-06-25T15:37:04</time>
      </trkpt>
      <trkpt lat="47.6557953748852" lon="9.173068581148982">
        <ele>471.0</ele>
        <time>2023-06-25T15:37:05</time>
      </trkpt>
      <trkpt lat="47.655852707102895" lon="9.173035640269518">
        <ele>471.0</ele>
        <time>2023-06-25T15:37:06</time>
      </trkpt>
      <trkpt lat="47.65590635128319" lon="9.172999430447817">
        <ele>471.0</ele>
        <time>2023-06-25T15:37:07</time>
      </trkpt>
      <trkpt lat="47.65595999546349" lon="9.172961041331291">
        <ele>471.0</ele>
        <time>2023-06-25T15:37:08</time>
      </trkpt>
      <trkpt lat="47.65607717446983" lon="9.17288233526051">
        <ele>471.0</ele>
        <time>2023-06-25T15:37:10</time>
      </trkpt>
      <trkpt lat="47.656388729810715" lon="9.172582598403096">
        <ele>470.0</ele>
        <time>2023-06-25T15:37:15</time>
      </trkpt>
      <trkpt lat="47.656728364527225" lon="9.172243298962712">
        <ele>470.0</ele>
        <time>2023-06-25T15:37:20</time>
      </trkpt>
      <trkpt lat="47.65691570006311" lon="9.172061495482922">
        <ele>470.0</ele>
        <time>2023-06-25T15:37:23</time>
      </trkpt>
      <trkpt lat="47.65702902339399" lon="9.171911040320992">
        <ele>470.0</ele>
        <time>2023-06-25T15:37:25</time>
      </trkpt>
      <trkpt lat="47.65738525427878" lon="9.171369401738048">
        <ele>470.0</ele>
        <time>2023-06-25T15:37:32</time>
      </trkpt>
      <trkpt lat="47.657641572877765" lon="9.170945193618536">
        <ele>470.0</ele>
        <time>2023-06-25T15:37:38</time>
      </trkpt>
      <trkpt lat="47.65778440050781" lon="9.170816782861948">
        <ele>470.0</ele>
        <time>2023-06-25T15:37:41</time>
      </trkpt>
      <trkpt lat="47.65783083625138" lon="9.170793732628226">
        <ele>470.0</ele>
        <time>2023-06-25T15:37:42</time>
      </trkpt>
      <trkpt lat="47.657876685261726" lon="9.170778561383486">
        <ele>470.0</ele>
        <time>2023-06-25T15:37:43</time>
      </trkpt>
      <trkpt lat="47.65808321535587" lon="9.170730784535408">
        <ele>470.0</ele>
        <time>2023-06-25T15:37:48</time>
      </trkpt>
      <trkpt lat="47.65821363776922" lon="9.170705303549767">
        <ele>470.0</ele>
        <time>2023-06-25T15:37:52</time>
      </trkpt>
      <trkpt lat="47.65823107212782" lon="9.170720390975475">
        <ele>469.0</ele>
        <time>2023-06-25T15:37:53</time>
      </trkpt>
      <trkpt lat="47.65823358669877" lon="9.17073966935277">
        <ele>469.0</ele>
        <time>2023-06-25T15:37:55</time>
      </trkpt>
      <trkpt lat="47.658252865076065" lon="9.170745955780149">
        <ele>469.0</ele>
        <time>2023-06-25T15:37:57</time>
      </trkpt>
      <trkpt lat="47.65832687728107" lon="9.170744447037578">
        <ele>469.0</ele>
        <time>2023-06-25T15:38:03</time>
      </trkpt>
      <trkpt lat="47.658321261405945" lon="9.170719217509031">
        <ele>469.0</ele>
        <time>2023-06-25T15:38:08</time>
      </trkpt>
      <trkpt lat="47.658335510641336" lon="9.1707156971097">
        <ele>469.0</ele>
        <time>2023-06-25T15:38:13</time>
      </trkpt>
      <trkpt lat="47.658339869230986" lon="9.170699939131737">
        <ele>469.0</ele>
        <time>2023-06-25T15:38:15</time>
      </trkpt>
      <trkpt lat="47.65832335688174" lon="9.170655347406864">
        <ele>468.0</ele>
        <time>2023-06-25T15:38:22</time>
      </trkpt>
      <trkpt lat="47.65831950120628" lon="9.170639421790838">
        <ele>468.0</ele>
        <time>2023-06-25T15:38:28</time>
      </trkpt>
      <trkpt lat="47.65830625779927" lon="9.170629195868969">
        <ele>468.0</ele>
        <time>2023-06-25T15:38:31</time>
      </trkpt>
      <trkpt lat="47.65828153118491" lon="9.170623579993844">
        <ele>468.0</ele>
        <time>2023-06-25T15:38:33</time>
      </trkpt>
      <trkpt lat="47.65826493501663" lon="9.17061997577548">
        <ele>467.0</ele>
        <time>2023-06-25T15:38:35</time>
      </trkpt>
      <trkpt lat="47.658259151503444" lon="9.170624418184161">
        <ele>467.0</ele>
        <time>2023-06-25T15:38:36</time>
      </trkpt>
      <trkpt lat="47.658260157331824" lon="9.170627938583493">
        <ele>467.0</ele>
        <time>2023-06-25T15:38:37</time>
      </trkpt>
      <trkpt lat="47.65825839713216" lon="9.170632297173142">
        <ele>467.0</ele>
        <time>2023-06-25T15:38:39</time>
      </trkpt>
      <trkpt lat="47.658239202573895" lon="9.170633303001523">
        <ele>467.0</ele>
        <time>2023-06-25T15:38:43</time>
      </trkpt>
      <trkpt lat="47.658232832327485" lon="9.170632045716047">
        <ele>467.0</ele>
        <time>2023-06-25T15:38:44</time>
      </trkpt>
      <trkpt lat="47.65810358338058" lon="9.170199036598206">
        <ele>461.0</ele>
        <time>2023-06-25T15:40:09</time>
      </trkpt>
      <trkpt lat="47.658217158168554" lon="9.170600362122059">
        <ele>460.0</ele>
        <time>2023-06-25T15:40:10</time>
      </trkpt>
      <trkpt lat="47.65824339352548" lon="9.170660963281989">
        <ele>460.0</ele>
        <time>2023-06-25T15:40:11</time>
      </trkpt>
      <trkpt lat="47.65826862305403" lon="9.170687533915043">
        <ele>460.0</ele>
        <time>2023-06-25T15:40:13</time>
      </trkpt>
      <trkpt lat="47.65826292335987" lon="9.17067714035511">
        <ele>460.0</ele>
        <time>2023-06-25T15:40:17</time>
      </trkpt>
      <trkpt lat="47.658263174816966" lon="9.17067906819284">
        <ele>460.0</ele>
        <time>2023-06-25T15:40:18</time>
      </trkpt>
      <trkpt lat="47.658260744065046" lon="9.170679235830903">
        <ele>457.0</ele>
        <time>2023-06-25T15:40:20</time>
      </trkpt>
      <trkpt lat="47.658256804570556" lon="9.170678062364459">
        <ele>455.0</ele>
        <time>2023-06-25T15:40:21</time>
      </trkpt>
      <trkpt lat="47.65825370326638" lon="9.170677307993174">
        <ele>454.0</ele>
        <time>2023-06-25T15:40:23</time>
      </trkpt>
      <trkpt lat="47.65829033218324" lon="9.170666327700019">
        <ele>453.0</ele>
        <time>2023-06-25T15:40:29</time>
      </trkpt>
      <trkpt lat="47.65829854644835" lon="9.170666160061955">
        <ele>454.0</ele>
        <time>2023-06-25T15:40:31</time>
      </trkpt>
      <trkpt lat="47.658291421830654" lon="9.17065367102623">
        <ele>454.0</ele>
        <time>2023-06-25T15:40:35</time>
      </trkpt>
      <trkpt lat="47.658274406567216" lon="9.17065417394042">
        <ele>454.0</ele>
        <time>2023-06-25T15:40:39</time>
      </trkpt>
      <trkpt lat="47.65826962888241" lon="9.170665321871638">
        <ele>454.0</ele>
        <time>2023-06-25T15:40:43</time>
      </trkpt>
      <trkpt lat="47.65826174989343" lon="9.17066783644259">
        <ele>453.0</ele>
        <time>2023-06-25T15:40:44</time>
      </trkpt>
      <trkpt lat="47.65823811292648" lon="9.17067026719451">
        <ele>453.0</ele>
        <time>2023-06-25T15:40:47</time>
      </trkpt>
      <trkpt lat="47.65823459252715" lon="9.170668255537748">
        <ele>453.0</ele>
        <time>2023-06-25T15:40:48</time>
      </trkpt>
      <trkpt lat="47.6582302339375" lon="9.170668758451939">
        <ele>453.0</ele>
        <time>2023-06-25T15:40:49</time>
      </trkpt>
      <trkpt lat="47.65823534689844" lon="9.170643528923392">
        <ele>452.0</ele>
        <time>2023-06-25T15:40:55</time>
      </trkpt>
      <trkpt lat="47.6582476682961" lon="9.17063606902957">
        <ele>452.0</ele>
        <time>2023-06-25T15:40:56</time>
      </trkpt>
      <trkpt lat="47.65821388922632" lon="9.170722905546427">
        <ele>454.0</ele>
        <time>2023-06-25T15:41:45</time>
      </trkpt>
      <trkpt lat="47.65825462527573" lon="9.170805383473635">
        <ele>455.0</ele>
        <time>2023-06-25T15:41:47</time>
      </trkpt>
      <trkpt lat="47.6582146435976" lon="9.170453175902367">
        <ele>455.0</ele>
        <time>2023-06-25T15:41:49</time>
      </trkpt>
      <trkpt lat="47.65821196138859" lon="9.170476226136088">
        <ele>455.0</ele>
        <time>2023-06-25T15:41:50</time>
      </trkpt>
      <trkpt lat="47.65821925364435" lon="9.170537330210209">
        <ele>455.0</ele>
        <time>2023-06-25T15:41:51</time>
      </trkpt>
      <trkpt lat="47.65826191753149" lon="9.170678397640586">
        <ele>456.0</ele>
        <time>2023-06-25T15:41:56</time>
      </trkpt>
      <trkpt lat="47.658259738236666" lon="9.170675966888666">
        <ele>456.0</ele>
        <time>2023-06-25T15:41:58</time>
      </trkpt>
      <trkpt lat="47.65824565663934" lon="9.170640092343092">
        <ele>455.0</ele>
        <time>2023-06-25T15:42:04</time>
      </trkpt>
      <trkpt lat="47.658242639154196" lon="9.170629782602191">
        <ele>454.0</ele>
        <time>2023-06-25T15:42:08</time>
      </trkpt>
      <trkpt lat="47.65824230387807" lon="9.170624250546098">
        <ele>453.0</ele>
        <time>2023-06-25T15:42:10</time>
      </trkpt>
      <trkpt lat="47.65824389643967" lon="9.170601116493344">
        <ele>453.0</ele>
        <time>2023-06-25T15:42:12</time>
      </trkpt>
      <trkpt lat="47.65826149843633" lon="9.170631542801857">
        <ele>451.0</ele>
        <time>2023-06-25T15:42:18</time>
      </trkpt>
      <trkpt lat="47.65828471630812" lon="9.170641098171473">
        <ele>450.0</ele>
        <time>2023-06-25T15:42:22</time>
      </trkpt>
      <trkpt lat="47.658293433487415" lon="9.170638415962458">
        <ele>449.0</ele>
        <time>2023-06-25T15:42:26</time>
      </trkpt>
      <trkpt lat="47.658293349668384" lon="9.170645708218217">
        <ele>449.0</ele>
        <time>2023-06-25T15:42:27</time>
      </trkpt>
      <trkpt lat="47.65829402022064" lon="9.170649228617549">
        <ele>449.0</ele>
        <time>2023-06-25T15:42:30</time>
      </trkpt>
      <trkpt lat="47.65828932635486" lon="9.170647887513041">
        <ele>448.0</ele>
        <time>2023-06-25T15:42:34</time>
      </trkpt>
      <trkpt lat="47.65829661861062" lon="9.170671021565795">
        <ele>448.0</ele>
        <time>2023-06-25T15:42:36</time>
      </trkpt>
      <trkpt lat="47.658276334404945" lon="9.17066934518516">
        <ele>447.0</ele>
        <time>2023-06-25T15:42:43</time>
      </trkpt>
      <trkpt lat="47.658280776813626" lon="9.170682756230235">
        <ele>449.0</ele>
        <time>2023-06-25T15:42:51</time>
      </trkpt>
      <trkpt lat="47.65828236937523" lon="9.170694490894675">
        <ele>450.0</ele>
        <time>2023-06-25T15:42:53</time>
      </trkpt>
      <trkpt lat="47.65828278847039" lon="9.1707035433501">
        <ele>452.0</ele>
        <time>2023-06-25T15:42:55</time>
      </trkpt>
      <trkpt lat="47.65828580595553" lon="9.170709997415543">
        <ele>453.0</ele>
        <time>2023-06-25T15:42:57</time>
      </trkpt>
      <trkpt lat="47.65828823670745" lon="9.170700693503022">
        <ele>454.0</ele>
        <time>2023-06-25T15:42:59</time>
      </trkpt>
      <trkpt lat="47.658293852582574" lon="9.170704130083323">
        <ele>455.0</ele>
        <time>2023-06-25T15:43:02</time>
      </trkpt>
      <trkpt lat="47.65829863026738" lon="9.170707566663623">
        <ele>456.0</ele>
        <time>2023-06-25T15:43:04</time>
      </trkpt>
      <trkpt lat="47.65829955227673" lon="9.170707315206528">
        <ele>456.0</ele>
        <time>2023-06-25T15:43:06</time>
      </trkpt>
      <trkpt lat="47.65831229276955" lon="9.170712092891335">
        <ele>457.0</ele>
        <time>2023-06-25T15:43:14</time>
      </trkpt>
      <trkpt lat="47.65831556171179" lon="9.170697759836912">
        <ele>455.0</ele>
        <time>2023-06-25T15:43:22</time>
      </trkpt>
      <trkpt lat="47.658312460407615" lon="9.170693149790168">
        <ele>455.0</ele>
        <time>2023-06-25T15:43:23</time>
      </trkpt>
      <trkpt lat="47.65830047428608" lon="9.170689545571804">
        <ele>454.0</ele>
        <time>2023-06-25T15:43:31</time>
      </trkpt>
    </trkseg>
  </trk>
</gpx>