<?xml version="1.0" encoding="UTF-8"?>
<gpx version="1.1" creator="Radtouren-split" xmlns="http://www.topografix.com/GPX/1/1" xmlns:xsi="http://www.w3.org/2001/XMLSchema-instance" xsi:schemaLocation="http://www.topografix.com/GPX/1/1 http://www.topografix.com/GPX/1/1/gpx.xsd">
  <metadata><name>KN-GE Tag 2 Bonaduz / Rhäzüns</name></metadata>
  <wpt lat="47.200916" lon="9.340707">
    <ele>1038.6</ele>
    <name>Wildhaus 1038</name>
    <sym>Summit</sym>
  </wpt>
  <wpt lat="47.199402" lon="9.360429">
    <ele>1019.9</ele>
    <name>Z Schafbergblick</name>
    <cmt>campsite 0.1 km off route</cmt>
    <sym>Campground</sym>
  </wpt>
  <wpt lat="47.174168" lon="9.466556">
    <ele>443.5</ele>
    <name>Z Camping Werdenberg</name>
    <cmt>campsite 1.0 km off route</cmt>
    <sym>Campground</sym>
  </wpt>
  <wpt lat="47.157713" lon="9.493694">
    <ele>449.7</ele>
    <name>Z Lagerplatz Dux</name>
    <cmt>campsite 2.5 km off route</cmt>
    <sym>Campground</sym>
  </wpt>
  <wpt lat="47.150314" lon="9.498415">
    <ele>452.3</ele>
    <name>H Jugendherberge Schaa</name>
    <cmt>hostel 0.8 km off</cmt>
    <sym>Lodge</sym>
  </wpt>
  <wpt lat="47.092193" lon="9.516781">
    <ele>467.1</ele>
    <name>Z Lagerplatz Forst</name>
    <cmt>campsite 0.6 km off route</cmt>
    <sym>Campground</sym>
  </wpt>
  <wpt lat="47.088869" lon="9.515262">
    <ele>467.0</ele>
    <name>Z Camping Mittagspitze</name>
    <cmt>campsite 1.0 km off route</cmt>
    <sym>Campground</sym>
  </wpt>
  <wpt lat="47.005350" lon="9.504823">
    <ele>508.5</ele>
    <name>Z Camping Bad Ragaz</name>
    <cmt>campsite 0.6 km off route</cmt>
    <sym>Campground</sym>
  </wpt>
  <wpt lat="46.927345" lon="9.468303">
    <ele>894.2</ele>
    <name>Z Dunkla Stei</name>
    <cmt>campsite 0.1 km off route</cmt>
    <sym>Campground</sym>
  </wpt>
  <wpt lat="46.896052" lon="9.431544">
    <ele>1004.7</ele>
    <name>Z Zeltplatz Hüttenwies</name>
    <cmt>campsite 0.1 km off route</cmt>
    <sym>Campground</sym>
  </wpt>
  <wpt lat="46.856606" lon="9.411563">
    <ele>1347.9</ele>
    <name>Kunkelspass 1357</name>
    <sym>Summit</sym>
  </wpt>
  <wpt lat="46.855766" lon="9.411638">
    <ele>1349.9</ele>
    <name>H Passherberge Überuf</name>
    <cmt>hostel 0.0 km off</cmt>
    <sym>Lodge</sym>
  </wpt>
  <wpt lat="46.830336" lon="9.406460">
    <ele>667.6</ele>
    <name>H B&amp;B Springinkerl</name>
    <cmt>guest_house 0.1 km off</cmt>
    <sym>Lodging</sym>
  </wpt>
  <wpt lat="46.812449" lon="9.400142">
    <ele>655.6</ele>
    <name>H Alte Post</name>
    <cmt>hotel 0.0 km off</cmt>
    <sym>Lodging</sym>
  </wpt>
  <trk>
    <name>KN-GE Tag 2 Bonaduz / Rhäzüns</name>
    <trkseg>
      <trkpt lat="47.199550" lon="9.336873"><ele>1020.3</ele></trkpt>
      <trkpt lat="47.199555" lon="9.337118"><ele>1021.3</ele></trkpt>
      <trkpt lat="47.199574" lon="9.337820"><ele>1024.3</ele></trkpt>
      <trkpt lat="47.199970" lon="9.337853"><ele>1027.2</ele></trkpt>
      <trkpt lat="47.200051" lon="9.337893"><ele>1027.9</ele></trkpt>
      <trkpt lat="47.200128" lon="9.338089"><ele>1029.0</ele></trkpt>
      <trkpt lat="47.200361" lon="9.338703"><ele>1032.6</ele></trkpt>
      <trkpt lat="47.200407" lon="9.339073"><ele>1034.5</ele></trkpt>
      <trkpt lat="47.200482" lon="9.339424"><ele>1036.4</ele></trkpt>
      <trkpt lat="47.200478" lon="9.339558"><ele>1037.1</ele></trkpt>
      <trkpt lat="47.200599" lon="9.339596"><ele>1037.5</ele></trkpt>
      <trkpt lat="47.201071" lon="9.339804"><ele>1037.9</ele></trkpt>
      <trkpt lat="47.201110" lon="9.339823"><ele>1037.9</ele></trkpt>
      <trkpt lat="47.201076" lon="9.339875"><ele>1038.0</ele></trkpt>
      <trkpt lat="47.200912" lon="9.339920"><ele>1038.1</ele></trkpt>
      <trkpt lat="47.200895" lon="9.339968"><ele>1038.1</ele></trkpt>
      <trkpt lat="47.200916" lon="9.340707"><ele>1038.6</ele></trkpt>
      <trkpt lat="47.200943" lon="9.341241"><ele>1038.9</ele></trkpt>
      <trkpt lat="47.200971" lon="9.341911"><ele>1037.4</ele></trkpt>
      <trkpt lat="47.200989" lon="9.342499"><ele>1035.9</ele></trkpt>
      <trkpt lat="47.200998" lon="9.342791"><ele>1035.1</ele></trkpt>
      <trkpt lat="47.201017" lon="9.343696"><ele>1032.7</ele></trkpt>
      <trkpt lat="47.201033" lon="9.344096"><ele>1031.6</ele></trkpt>
      <trkpt lat="47.201042" lon="9.344304"><ele>1031.0</ele></trkpt>
      <trkpt lat="47.201046" lon="9.344405"><ele>1030.7</ele></trkpt>
      <trkpt lat="47.200990" lon="9.344661"><ele>1029.8</ele></trkpt>
      <trkpt lat="47.200798" lon="9.345644"><ele>1026.7</ele></trkpt>
      <trkpt lat="47.200683" lon="9.346226"><ele>1024.8</ele></trkpt>
      <trkpt lat="47.200602" lon="9.346624"><ele>1023.8</ele></trkpt>
      <trkpt lat="47.200444" lon="9.347339"><ele>1023.0</ele></trkpt>
      <trkpt lat="47.200399" lon="9.347549"><ele>1022.7</ele></trkpt>
      <trkpt lat="47.200359" lon="9.347734"><ele>1022.5</ele></trkpt>
      <trkpt lat="47.199781" lon="9.350538"><ele>1021.6</ele></trkpt>
      <trkpt lat="47.199174" lon="9.353619"><ele>1024.3</ele></trkpt>
      <trkpt lat="47.198625" lon="9.356269"><ele>1026.8</ele></trkpt>
      <trkpt lat="47.198783" lon="9.356386"><ele>1027.0</ele></trkpt>
      <trkpt lat="47.199462" lon="9.357045"><ele>1026.0</ele></trkpt>
      <trkpt lat="47.199377" lon="9.359378"><ele>1022.4</ele></trkpt>
      <trkpt lat="47.199364" lon="9.359719"><ele>1021.6</ele></trkpt>
      <trkpt lat="47.199402" lon="9.360429"><ele>1019.9</ele></trkpt>
      <trkpt lat="47.199465" lon="9.361301"><ele>1017.9</ele></trkpt>
      <trkpt lat="47.199645" lon="9.362763"><ele>1013.3</ele></trkpt>
      <trkpt lat="47.199691" lon="9.362907"><ele>1012.8</ele></trkpt>
      <trkpt lat="47.199740" lon="9.362972"><ele>1012.5</ele></trkpt>
      <trkpt lat="47.199517" lon="9.363684"><ele>1010.1</ele></trkpt>
      <trkpt lat="47.199440" lon="9.364134"><ele>1008.3</ele></trkpt>
      <trkpt lat="47.199128" lon="9.367358"><ele>995.0</ele></trkpt>
      <trkpt lat="47.198984" lon="9.368825"><ele>989.6</ele></trkpt>
      <trkpt lat="47.198877" lon="9.369936"><ele>985.1</ele></trkpt>
      <trkpt lat="47.198836" lon="9.370961"><ele>981.0</ele></trkpt>
      <trkpt lat="47.198789" lon="9.372002"><ele>977.1</ele></trkpt>
      <trkpt lat="47.198783" lon="9.372169"><ele>976.6</ele></trkpt>
      <trkpt lat="47.198519" lon="9.375261"><ele>967.9</ele></trkpt>
      <trkpt lat="47.198510" lon="9.375361"><ele>967.7</ele></trkpt>
      <trkpt lat="47.198507" lon="9.375391"><ele>967.6</ele></trkpt>
      <trkpt lat="47.198482" lon="9.375839"><ele>966.6</ele></trkpt>
      <trkpt lat="47.198514" lon="9.376462"><ele>965.3</ele></trkpt>
      <trkpt lat="47.198478" lon="9.376841"><ele>964.5</ele></trkpt>
      <trkpt lat="47.198366" lon="9.377167"><ele>963.7</ele></trkpt>
      <trkpt lat="47.198184" lon="9.377472"><ele>962.9</ele></trkpt>
      <trkpt lat="47.198031" lon="9.377708"><ele>962.2</ele></trkpt>
      <trkpt lat="47.197950" lon="9.377866"><ele>961.8</ele></trkpt>
      <trkpt lat="47.197900" lon="9.378028"><ele>961.4</ele></trkpt>
      <trkpt lat="47.197866" lon="9.378349"><ele>960.7</ele></trkpt>
      <trkpt lat="47.198096" lon="9.380779"><ele>951.2</ele></trkpt>
      <trkpt lat="47.198340" lon="9.381914"><ele>945.2</ele></trkpt>
      <trkpt lat="47.198343" lon="9.382124"><ele>944.1</ele></trkpt>
      <trkpt lat="47.198308" lon="9.382350"><ele>942.9</ele></trkpt>
      <trkpt lat="47.198167" lon="9.382879"><ele>939.9</ele></trkpt>
      <trkpt lat="47.198109" lon="9.383450"><ele>936.9</ele></trkpt>
      <trkpt lat="47.198100" lon="9.383923"><ele>934.4</ele></trkpt>
      <trkpt lat="47.198122" lon="9.384131"><ele>933.3</ele></trkpt>
      <trkpt lat="47.198161" lon="9.384334"><ele>932.2</ele></trkpt>
      <trkpt lat="47.198251" lon="9.384600"><ele>931.6</ele></trkpt>
      <trkpt lat="47.197947" lon="9.384926"><ele>931.6</ele></trkpt>
      <trkpt lat="47.197892" lon="9.384994"><ele>931.6</ele></trkpt>
      <trkpt lat="47.197848" lon="9.385095"><ele>931.6</ele></trkpt>
      <trkpt lat="47.197850" lon="9.385317"><ele>931.5</ele></trkpt>
      <trkpt lat="47.197795" lon="9.385538"><ele>931.5</ele></trkpt>
      <trkpt lat="47.197670" lon="9.385779"><ele>931.5</ele></trkpt>
      <trkpt lat="47.197542" lon="9.385846"><ele>931.5</ele></trkpt>
      <trkpt lat="47.197469" lon="9.385930"><ele>931.5</ele></trkpt>
      <trkpt lat="47.197413" lon="9.386172"><ele>931.4</ele></trkpt>
      <trkpt lat="47.197397" lon="9.386446"><ele>931.4</ele></trkpt>
      <trkpt lat="47.197300" lon="9.386626"><ele>932.2</ele></trkpt>
      <trkpt lat="47.197232" lon="9.386815"><ele>933.1</ele></trkpt>
      <trkpt lat="47.197167" lon="9.386905"><ele>933.6</ele></trkpt>
      <trkpt lat="47.196992" lon="9.386988"><ele>934.8</ele></trkpt>
      <trkpt lat="47.196933" lon="9.387160"><ele>935.6</ele></trkpt>
      <trkpt lat="47.196877" lon="9.387209"><ele>936.0</ele></trkpt>
      <trkpt lat="47.196521" lon="9.387208"><ele>938.2</ele></trkpt>
      <trkpt lat="47.196273" lon="9.387122"><ele>939.8</ele></trkpt>
      <trkpt lat="47.196075" lon="9.387200"><ele>941.0</ele></trkpt>
      <trkpt lat="47.196021" lon="9.387283"><ele>941.5</ele></trkpt>
      <trkpt lat="47.196005" lon="9.387395"><ele>942.0</ele></trkpt>
      <trkpt lat="47.196026" lon="9.387581"><ele>942.6</ele></trkpt>
      <trkpt lat="47.195994" lon="9.387750"><ele>942.8</ele></trkpt>
      <trkpt lat="47.195859" lon="9.387874"><ele>943.1</ele></trkpt>
      <trkpt lat="47.195549" lon="9.387877"><ele>943.7</ele></trkpt>
      <trkpt lat="47.195276" lon="9.388044"><ele>944.3</ele></trkpt>
      <trkpt lat="47.195158" lon="9.388235"><ele>944.7</ele></trkpt>
      <trkpt lat="47.195098" lon="9.388463"><ele>945.0</ele></trkpt>
      <trkpt lat="47.194980" lon="9.388732"><ele>945.4</ele></trkpt>
      <trkpt lat="47.194515" lon="9.390379"><ele>943.2</ele></trkpt>
      <trkpt lat="47.194496" lon="9.390526"><ele>942.8</ele></trkpt>
      <trkpt lat="47.194515" lon="9.391016"><ele>941.8</ele></trkpt>
      <trkpt lat="47.194435" lon="9.391601"><ele>940.5</ele></trkpt>
      <trkpt lat="47.194382" lon="9.391831"><ele>940.0</ele></trkpt>
      <trkpt lat="47.194340" lon="9.391932"><ele>939.7</ele></trkpt>
      <trkpt lat="47.194100" lon="9.392122"><ele>938.9</ele></trkpt>
      <trkpt lat="47.194060" lon="9.392240"><ele>938.6</ele></trkpt>
      <trkpt lat="47.194036" lon="9.392578"><ele>937.9</ele></trkpt>
      <trkpt lat="47.194211" lon="9.393916"><ele>935.1</ele></trkpt>
      <trkpt lat="47.194201" lon="9.394125"><ele>934.6</ele></trkpt>
      <trkpt lat="47.194116" lon="9.394428"><ele>933.8</ele></trkpt>
      <trkpt lat="47.193832" lon="9.394836"><ele>932.3</ele></trkpt>
      <trkpt lat="47.193766" lon="9.394976"><ele>931.9</ele></trkpt>
      <trkpt lat="47.193751" lon="9.395077"><ele>931.6</ele></trkpt>
      <trkpt lat="47.193775" lon="9.395576"><ele>930.4</ele></trkpt>
      <trkpt lat="47.193695" lon="9.395922"><ele>929.5</ele></trkpt>
      <trkpt lat="47.193705" lon="9.396755"><ele>926.9</ele></trkpt>
      <trkpt lat="47.193633" lon="9.397205"><ele>925.0</ele></trkpt>
      <trkpt lat="47.193575" lon="9.397411"><ele>924.1</ele></trkpt>
      <trkpt lat="47.193398" lon="9.397667"><ele>922.6</ele></trkpt>
      <trkpt lat="47.193382" lon="9.397826"><ele>922.0</ele></trkpt>
      <trkpt lat="47.193518" lon="9.398140"><ele>920.5</ele></trkpt>
      <trkpt lat="47.193544" lon="9.398283"><ele>919.9</ele></trkpt>
      <trkpt lat="47.193517" lon="9.398473"><ele>919.1</ele></trkpt>
      <trkpt lat="47.193228" lon="9.399287"><ele>916.1</ele></trkpt>
      <trkpt lat="47.193167" lon="9.399503"><ele>915.4</ele></trkpt>
      <trkpt lat="47.193100" lon="9.400127"><ele>913.7</ele></trkpt>
      <trkpt lat="47.192955" lon="9.400828"><ele>911.8</ele></trkpt>
      <trkpt lat="47.192965" lon="9.401030"><ele>911.2</ele></trkpt>
      <trkpt lat="47.193022" lon="9.401322"><ele>910.4</ele></trkpt>
      <trkpt lat="47.192997" lon="9.401552"><ele>909.7</ele></trkpt>
      <trkpt lat="47.192766" lon="9.402235"><ele>907.6</ele></trkpt>
      <trkpt lat="47.192685" lon="9.402620"><ele>906.4</ele></trkpt>
      <trkpt lat="47.192591" lon="9.402793"><ele>905.8</ele></trkpt>
      <trkpt lat="47.192549" lon="9.402940"><ele>905.3</ele></trkpt>
      <trkpt lat="47.192569" lon="9.403129"><ele>904.8</ele></trkpt>
      <trkpt lat="47.192718" lon="9.403809"><ele>902.7</ele></trkpt>
      <trkpt lat="47.192739" lon="9.403995"><ele>902.4</ele></trkpt>
      <trkpt lat="47.192688" lon="9.404186"><ele>902.1</ele></trkpt>
      <trkpt lat="47.192497" lon="9.404318"><ele>901.6</ele></trkpt>
      <trkpt lat="47.192385" lon="9.404431"><ele>901.2</ele></trkpt>
      <trkpt lat="47.192187" lon="9.404793"><ele>900.5</ele></trkpt>
      <trkpt lat="47.191816" lon="9.405215"><ele>899.3</ele></trkpt>
      <trkpt lat="47.191742" lon="9.405399"><ele>898.9</ele></trkpt>
      <trkpt lat="47.191720" lon="9.405605"><ele>898.6</ele></trkpt>
      <trkpt lat="47.191550" lon="9.405869"><ele>897.7</ele></trkpt>
      <trkpt lat="47.191495" lon="9.406015"><ele>897.2</ele></trkpt>
      <trkpt lat="47.191465" lon="9.406273"><ele>896.3</ele></trkpt>
      <trkpt lat="47.191502" lon="9.406481"><ele>895.6</ele></trkpt>
      <trkpt lat="47.191763" lon="9.407110"><ele>893.3</ele></trkpt>
      <trkpt lat="47.191873" lon="9.407642"><ele>891.5</ele></trkpt>
      <trkpt lat="47.191893" lon="9.407879"><ele>890.8</ele></trkpt>
      <trkpt lat="47.191841" lon="9.408396"><ele>888.7</ele></trkpt>
      <trkpt lat="47.191825" lon="9.408675"><ele>887.5</ele></trkpt>
      <trkpt lat="47.191329" lon="9.409970"><ele>880.6</ele></trkpt>
      <trkpt lat="47.191124" lon="9.410191"><ele>878.8</ele></trkpt>
      <trkpt lat="47.190472" lon="9.410695"><ele>874.1</ele></trkpt>
      <trkpt lat="47.190386" lon="9.410815"><ele>873.4</ele></trkpt>
      <trkpt lat="47.190210" lon="9.411447"><ele>870.4</ele></trkpt>
      <trkpt lat="47.190021" lon="9.411774"><ele>868.6</ele></trkpt>
      <trkpt lat="47.189866" lon="9.412299"><ele>866.2</ele></trkpt>
      <trkpt lat="47.189814" lon="9.412398"><ele>865.9</ele></trkpt>
      <trkpt lat="47.189416" lon="9.412615"><ele>864.6</ele></trkpt>
      <trkpt lat="47.189082" lon="9.412572"><ele>863.5</ele></trkpt>
      <trkpt lat="47.188920" lon="9.412692"><ele>862.9</ele></trkpt>
      <trkpt lat="47.188775" lon="9.413051"><ele>862.0</ele></trkpt>
      <trkpt lat="47.188670" lon="9.413407"><ele>861.1</ele></trkpt>
      <trkpt lat="47.188715" lon="9.414013"><ele>857.7</ele></trkpt>
      <trkpt lat="47.188761" lon="9.414220"><ele>855.8</ele></trkpt>
      <trkpt lat="47.188847" lon="9.414418"><ele>853.8</ele></trkpt>
      <trkpt lat="47.189030" lon="9.414660"><ele>850.7</ele></trkpt>
      <trkpt lat="47.189157" lon="9.414958"><ele>847.7</ele></trkpt>
      <trkpt lat="47.189328" lon="9.414918"><ele>845.5</ele></trkpt>
      <trkpt lat="47.189396" lon="9.414778"><ele>844.0</ele></trkpt>
      <trkpt lat="47.189474" lon="9.414428"><ele>840.8</ele></trkpt>
      <trkpt lat="47.189558" lon="9.414299"><ele>839.3</ele></trkpt>
      <trkpt lat="47.189665" lon="9.414260"><ele>837.9</ele></trkpt>
      <trkpt lat="47.189966" lon="9.414255"><ele>834.5</ele></trkpt>
      <trkpt lat="47.190098" lon="9.414333"><ele>832.9</ele></trkpt>
      <trkpt lat="47.190148" lon="9.414538"><ele>831.2</ele></trkpt>
      <trkpt lat="47.190066" lon="9.415184"><ele>826.2</ele></trkpt>
      <trkpt lat="47.189898" lon="9.415508"><ele>823.1</ele></trkpt>
      <trkpt lat="47.189918" lon="9.415684"><ele>821.7</ele></trkpt>
      <trkpt lat="47.189991" lon="9.415801"><ele>820.5</ele></trkpt>
      <trkpt lat="47.190108" lon="9.415788"><ele>819.2</ele></trkpt>
      <trkpt lat="47.190461" lon="9.415551"><ele>814.7</ele></trkpt>
      <trkpt lat="47.190520" lon="9.415462"><ele>813.8</ele></trkpt>
      <trkpt lat="47.190563" lon="9.415333"><ele>812.6</ele></trkpt>
      <trkpt lat="47.190683" lon="9.415173"><ele>810.8</ele></trkpt>
      <trkpt lat="47.190791" lon="9.415171"><ele>809.5</ele></trkpt>
      <trkpt lat="47.190875" lon="9.415284"><ele>808.2</ele></trkpt>
      <trkpt lat="47.190924" lon="9.415640"><ele>805.4</ele></trkpt>
      <trkpt lat="47.190983" lon="9.415768"><ele>804.2</ele></trkpt>
      <trkpt lat="47.191091" lon="9.415846"><ele>802.8</ele></trkpt>
      <trkpt lat="47.191314" lon="9.415933"><ele>800.1</ele></trkpt>
      <trkpt lat="47.191349" lon="9.416013"><ele>799.4</ele></trkpt>
      <trkpt lat="47.191367" lon="9.416214"><ele>797.8</ele></trkpt>
      <trkpt lat="47.191211" lon="9.416647"><ele>794.3</ele></trkpt>
      <trkpt lat="47.191176" lon="9.417127"><ele>790.9</ele></trkpt>
      <trkpt lat="47.191199" lon="9.417531"><ele>788.1</ele></trkpt>
      <trkpt lat="47.191141" lon="9.417642"><ele>787.1</ele></trkpt>
      <trkpt lat="47.190826" lon="9.417926"><ele>783.4</ele></trkpt>
      <trkpt lat="47.190802" lon="9.418114"><ele>782.0</ele></trkpt>
      <trkpt lat="47.190826" lon="9.418320"><ele>780.6</ele></trkpt>
      <trkpt lat="47.190802" lon="9.418552"><ele>778.9</ele></trkpt>
      <trkpt lat="47.190715" lon="9.418784"><ele>776.9</ele></trkpt>
      <trkpt lat="47.190524" lon="9.419067"><ele>773.8</ele></trkpt>
      <trkpt lat="47.190500" lon="9.419139"><ele>773.2</ele></trkpt>
      <trkpt lat="47.190498" lon="9.419289"><ele>772.0</ele></trkpt>
      <trkpt lat="47.190534" lon="9.419415"><ele>770.9</ele></trkpt>
      <trkpt lat="47.190580" lon="9.419601"><ele>769.4</ele></trkpt>
      <trkpt lat="47.190569" lon="9.419724"><ele>768.4</ele></trkpt>
      <trkpt lat="47.190493" lon="9.419925"><ele>766.6</ele></trkpt>
      <trkpt lat="47.190463" lon="9.420085"><ele>765.3</ele></trkpt>
      <trkpt lat="47.190474" lon="9.420234"><ele>764.1</ele></trkpt>
      <trkpt lat="47.190563" lon="9.420654"><ele>760.7</ele></trkpt>
      <trkpt lat="47.190539" lon="9.421055"><ele>757.5</ele></trkpt>
      <trkpt lat="47.190619" lon="9.421335"><ele>754.7</ele></trkpt>
      <trkpt lat="47.190633" lon="9.421458"><ele>753.5</ele></trkpt>
      <trkpt lat="47.190638" lon="9.421767"><ele>750.6</ele></trkpt>
      <trkpt lat="47.190599" lon="9.421937"><ele>748.9</ele></trkpt>
      <trkpt lat="47.190520" lon="9.422070"><ele>747.3</ele></trkpt>
      <trkpt lat="47.190331" lon="9.422209"><ele>744.4</ele></trkpt>
      <trkpt lat="47.190017" lon="9.422509"><ele>739.2</ele></trkpt>
      <trkpt lat="47.189748" lon="9.422611"><ele>735.4</ele></trkpt>
      <trkpt lat="47.189236" lon="9.422674"><ele>730.5</ele></trkpt>
      <trkpt lat="47.189065" lon="9.422623"><ele>729.2</ele></trkpt>
      <trkpt lat="47.188954" lon="9.422661"><ele>728.3</ele></trkpt>
      <trkpt lat="47.188440" lon="9.423093"><ele>724.0</ele></trkpt>
      <trkpt lat="47.188324" lon="9.423221"><ele>722.9</ele></trkpt>
      <trkpt lat="47.188296" lon="9.423286"><ele>722.5</ele></trkpt>
      <trkpt lat="47.188305" lon="9.423461"><ele>721.6</ele></trkpt>
      <trkpt lat="47.188342" lon="9.423533"><ele>721.2</ele></trkpt>
      <trkpt lat="47.188421" lon="9.423580"><ele>720.5</ele></trkpt>
      <trkpt lat="47.188503" lon="9.423568"><ele>719.9</ele></trkpt>
      <trkpt lat="47.188688" lon="9.423405"><ele>717.8</ele></trkpt>
      <trkpt lat="47.188806" lon="9.423382"><ele>716.5</ele></trkpt>
      <trkpt lat="47.189013" lon="9.423402"><ele>714.3</ele></trkpt>
      <trkpt lat="47.189120" lon="9.423425"><ele>713.1</ele></trkpt>
      <trkpt lat="47.189209" lon="9.423530"><ele>711.9</ele></trkpt>
      <trkpt lat="47.189233" lon="9.423617"><ele>711.2</ele></trkpt>
      <trkpt lat="47.189207" lon="9.423751"><ele>710.2</ele></trkpt>
      <trkpt lat="47.189117" lon="9.423865"><ele>708.9</ele></trkpt>
      <trkpt lat="47.188859" lon="9.423929"><ele>706.1</ele></trkpt>
      <trkpt lat="47.188752" lon="9.424008"><ele>704.9</ele></trkpt>
      <trkpt lat="47.188641" lon="9.424285"><ele>702.5</ele></trkpt>
      <trkpt lat="47.188559" lon="9.424612"><ele>699.9</ele></trkpt>
      <trkpt lat="47.188518" lon="9.425026"><ele>696.4</ele></trkpt>
      <trkpt lat="47.188532" lon="9.425627"><ele>691.3</ele></trkpt>
      <trkpt lat="47.188579" lon="9.425727"><ele>690.3</ele></trkpt>
      <trkpt lat="47.188601" lon="9.425944"><ele>688.4</ele></trkpt>
      <trkpt lat="47.188580" lon="9.426074"><ele>687.3</ele></trkpt>
      <trkpt lat="47.188533" lon="9.426182"><ele>686.2</ele></trkpt>
      <trkpt lat="47.188112" lon="9.426544"><ele>680.2</ele></trkpt>
      <trkpt lat="47.188025" lon="9.426589"><ele>679.0</ele></trkpt>
      <trkpt lat="47.187552" lon="9.426627"><ele>674.8</ele></trkpt>
      <trkpt lat="47.187340" lon="9.426775"><ele>672.8</ele></trkpt>
      <trkpt lat="47.187248" lon="9.426951"><ele>671.6</ele></trkpt>
      <trkpt lat="47.187075" lon="9.427392"><ele>668.7</ele></trkpt>
      <trkpt lat="47.186705" lon="9.428419"><ele>662.1</ele></trkpt>
      <trkpt lat="47.186344" lon="9.429409"><ele>655.0</ele></trkpt>
      <trkpt lat="47.186201" lon="9.429673"><ele>652.9</ele></trkpt>
      <trkpt lat="47.185585" lon="9.430481"><ele>645.4</ele></trkpt>
      <trkpt lat="47.185178" lon="9.431016"><ele>640.6</ele></trkpt>
      <trkpt lat="47.184796" lon="9.431464"><ele>636.3</ele></trkpt>
      <trkpt lat="47.184549" lon="9.431685"><ele>633.8</ele></trkpt>
      <trkpt lat="47.183693" lon="9.432186"><ele>625.0</ele></trkpt>
      <trkpt lat="47.183499" lon="9.432287"><ele>623.0</ele></trkpt>
      <trkpt lat="47.183125" lon="9.432502"><ele>619.0</ele></trkpt>
      <trkpt lat="47.182897" lon="9.432520"><ele>616.8</ele></trkpt>
      <trkpt lat="47.182675" lon="9.432422"><ele>614.5</ele></trkpt>
      <trkpt lat="47.182348" lon="9.432148"><ele>611.2</ele></trkpt>
      <trkpt lat="47.182170" lon="9.432137"><ele>609.7</ele></trkpt>
      <trkpt lat="47.181725" lon="9.432489"><ele>605.6</ele></trkpt>
      <trkpt lat="47.181675" lon="9.432629"><ele>604.8</ele></trkpt>
      <trkpt lat="47.181673" lon="9.432750"><ele>604.1</ele></trkpt>
      <trkpt lat="47.181724" lon="9.432914"><ele>603.1</ele></trkpt>
      <trkpt lat="47.181788" lon="9.432992"><ele>602.4</ele></trkpt>
      <trkpt lat="47.182579" lon="9.433546"><ele>596.0</ele></trkpt>
      <trkpt lat="47.182607" lon="9.433566"><ele>595.8</ele></trkpt>
      <trkpt lat="47.183570" lon="9.434258"><ele>588.8</ele></trkpt>
      <trkpt lat="47.184392" lon="9.434656"><ele>581.8</ele></trkpt>
      <trkpt lat="47.184765" lon="9.434813"><ele>578.3</ele></trkpt>
      <trkpt lat="47.185032" lon="9.434863"><ele>575.8</ele></trkpt>
      <trkpt lat="47.185243" lon="9.434885"><ele>573.9</ele></trkpt>
      <trkpt lat="47.186614" lon="9.434909"><ele>562.5</ele></trkpt>
      <trkpt lat="47.186724" lon="9.434974"><ele>561.5</ele></trkpt>
      <trkpt lat="47.186772" lon="9.435074"><ele>560.8</ele></trkpt>
      <trkpt lat="47.186771" lon="9.435251"><ele>559.9</ele></trkpt>
      <trkpt lat="47.186746" lon="9.435330"><ele>559.4</ele></trkpt>
      <trkpt lat="47.186666" lon="9.435422"><ele>558.6</ele></trkpt>
      <trkpt lat="47.186010" lon="9.435485"><ele>553.3</ele></trkpt>
      <trkpt lat="47.185894" lon="9.435528"><ele>552.3</ele></trkpt>
      <trkpt lat="47.185806" lon="9.435655"><ele>551.3</ele></trkpt>
      <trkpt lat="47.185606" lon="9.436247"><ele>547.7</ele></trkpt>
      <trkpt lat="47.185530" lon="9.436485"><ele>546.3</ele></trkpt>
      <trkpt lat="47.185432" lon="9.436680"><ele>545.0</ele></trkpt>
      <trkpt lat="47.185174" lon="9.436907"><ele>542.6</ele></trkpt>
      <trkpt lat="47.185078" lon="9.436985"><ele>541.7</ele></trkpt>
      <trkpt lat="47.184913" lon="9.437119"><ele>539.8</ele></trkpt>
      <trkpt lat="47.184461" lon="9.437467"><ele>534.5</ele></trkpt>
      <trkpt lat="47.184075" lon="9.437793"><ele>529.8</ele></trkpt>
      <trkpt lat="47.183873" lon="9.437953"><ele>527.4</ele></trkpt>
      <trkpt lat="47.183608" lon="9.438094"><ele>524.5</ele></trkpt>
      <trkpt lat="47.183326" lon="9.438111"><ele>521.7</ele></trkpt>
      <trkpt lat="47.182989" lon="9.438142"><ele>518.7</ele></trkpt>
      <trkpt lat="47.182710" lon="9.438149"><ele>516.2</ele></trkpt>
      <trkpt lat="47.182516" lon="9.438086"><ele>514.5</ele></trkpt>
      <trkpt lat="47.182157" lon="9.437828"><ele>510.9</ele></trkpt>
      <trkpt lat="47.182092" lon="9.437810"><ele>510.3</ele></trkpt>
      <trkpt lat="47.181342" lon="9.437896"><ele>505.0</ele></trkpt>
      <trkpt lat="47.181058" lon="9.437856"><ele>503.6</ele></trkpt>
      <trkpt lat="47.180856" lon="9.437773"><ele>502.6</ele></trkpt>
      <trkpt lat="47.180500" lon="9.437357"><ele>500.4</ele></trkpt>
      <trkpt lat="47.180339" lon="9.437342"><ele>499.6</ele></trkpt>
      <trkpt lat="47.180248" lon="9.437385"><ele>499.1</ele></trkpt>
      <trkpt lat="47.180194" lon="9.437447"><ele>498.8</ele></trkpt>
      <trkpt lat="47.180144" lon="9.437693"><ele>497.9</ele></trkpt>
      <trkpt lat="47.180106" lon="9.437981"><ele>496.8</ele></trkpt>
      <trkpt lat="47.180083" lon="9.438145"><ele>496.1</ele></trkpt>
      <trkpt lat="47.180075" lon="9.438302"><ele>495.5</ele></trkpt>
      <trkpt lat="47.180100" lon="9.438445"><ele>495.0</ele></trkpt>
      <trkpt lat="47.180218" lon="9.438859"><ele>493.2</ele></trkpt>
      <trkpt lat="47.180285" lon="9.439114"><ele>492.2</ele></trkpt>
      <trkpt lat="47.180306" lon="9.439196"><ele>491.8</ele></trkpt>
      <trkpt lat="47.180293" lon="9.439743"><ele>489.7</ele></trkpt>
      <trkpt lat="47.180015" lon="9.439896"><ele>488.1</ele></trkpt>
      <trkpt lat="47.179769" lon="9.439991"><ele>486.7</ele></trkpt>
      <trkpt lat="47.179748" lon="9.440219"><ele>485.8</ele></trkpt>
      <trkpt lat="47.179606" lon="9.440722"><ele>483.8</ele></trkpt>
      <trkpt lat="47.179523" lon="9.440788"><ele>483.3</ele></trkpt>
      <trkpt lat="47.179408" lon="9.441530"><ele>480.4</ele></trkpt>
      <trkpt lat="47.179388" lon="9.442039"><ele>478.5</ele></trkpt>
      <trkpt lat="47.179238" lon="9.443104"><ele>475.1</ele></trkpt>
      <trkpt lat="47.179071" lon="9.443334"><ele>474.0</ele></trkpt>
      <trkpt lat="47.179041" lon="9.443374"><ele>473.8</ele></trkpt>
      <trkpt lat="47.178847" lon="9.443672"><ele>472.6</ele></trkpt>
      <trkpt lat="47.178836" lon="9.443692"><ele>472.5</ele></trkpt>
      <trkpt lat="47.178718" lon="9.444073"><ele>471.2</ele></trkpt>
      <trkpt lat="47.178620" lon="9.444531"><ele>469.7</ele></trkpt>
      <trkpt lat="47.178588" lon="9.444786"><ele>469.1</ele></trkpt>
      <trkpt lat="47.178580" lon="9.445102"><ele>468.3</ele></trkpt>
      <trkpt lat="47.178569" lon="9.445494"><ele>467.4</ele></trkpt>
      <trkpt lat="47.178550" lon="9.446177"><ele>465.8</ele></trkpt>
      <trkpt lat="47.178542" lon="9.446482"><ele>465.1</ele></trkpt>
      <trkpt lat="47.178509" lon="9.446818"><ele>464.3</ele></trkpt>
      <trkpt lat="47.178453" lon="9.447393"><ele>463.2</ele></trkpt>
      <trkpt lat="47.178437" lon="9.447527"><ele>463.1</ele></trkpt>
      <trkpt lat="47.178401" lon="9.447948"><ele>462.6</ele></trkpt>
      <trkpt lat="47.178382" lon="9.448140"><ele>462.4</ele></trkpt>
      <trkpt lat="47.178375" lon="9.448209"><ele>462.3</ele></trkpt>
      <trkpt lat="47.178115" lon="9.448332"><ele>461.9</ele></trkpt>
      <trkpt lat="47.177873" lon="9.448582"><ele>461.4</ele></trkpt>
      <trkpt lat="47.177864" lon="9.448595"><ele>461.4</ele></trkpt>
      <trkpt lat="47.177809" lon="9.448674"><ele>461.2</ele></trkpt>
      <trkpt lat="47.177797" lon="9.448691"><ele>461.2</ele></trkpt>
      <trkpt lat="47.177778" lon="9.448721"><ele>461.2</ele></trkpt>
      <trkpt lat="47.177462" lon="9.449186"><ele>460.5</ele></trkpt>
      <trkpt lat="47.177150" lon="9.449516"><ele>459.9</ele></trkpt>
      <trkpt lat="47.177063" lon="9.449606"><ele>459.7</ele></trkpt>
      <trkpt lat="47.177029" lon="9.449638"><ele>459.6</ele></trkpt>
      <trkpt lat="47.176658" lon="9.450034"><ele>458.9</ele></trkpt>
      <trkpt lat="47.176593" lon="9.450116"><ele>458.8</ele></trkpt>
      <trkpt lat="47.176439" lon="9.450329"><ele>458.5</ele></trkpt>
      <trkpt lat="47.176293" lon="9.450566"><ele>458.1</ele></trkpt>
      <trkpt lat="47.176270" lon="9.450608"><ele>458.1</ele></trkpt>
      <trkpt lat="47.176246" lon="9.450655"><ele>458.0</ele></trkpt>
      <trkpt lat="47.176010" lon="9.451109"><ele>457.3</ele></trkpt>
      <trkpt lat="47.175731" lon="9.451697"><ele>456.3</ele></trkpt>
      <trkpt lat="47.175561" lon="9.452061"><ele>455.7</ele></trkpt>
      <trkpt lat="47.175312" lon="9.452596"><ele>454.7</ele></trkpt>
      <trkpt lat="47.174917" lon="9.453359"><ele>453.4</ele></trkpt>
      <trkpt lat="47.174598" lon="9.453865"><ele>452.4</ele></trkpt>
      <trkpt lat="47.174374" lon="9.454170"><ele>451.8</ele></trkpt>
      <trkpt lat="47.174481" lon="9.454408"><ele>451.4</ele></trkpt>
      <trkpt lat="47.174945" lon="9.455448"><ele>449.6</ele></trkpt>
      <trkpt lat="47.175105" lon="9.455972"><ele>448.8</ele></trkpt>
      <trkpt lat="47.175202" lon="9.456547"><ele>447.9</ele></trkpt>
      <trkpt lat="47.175196" lon="9.458656"><ele>445.9</ele></trkpt>
      <trkpt lat="47.175216" lon="9.466010"><ele>443.6</ele></trkpt>
      <trkpt lat="47.175039" lon="9.465915"><ele>443.6</ele></trkpt>
      <trkpt lat="47.175019" lon="9.465995"><ele>443.6</ele></trkpt>
      <trkpt lat="47.174994" lon="9.466095"><ele>443.6</ele></trkpt>
      <trkpt lat="47.174555" lon="9.465872"><ele>443.5</ele></trkpt>
      <trkpt lat="47.174482" lon="9.465874"><ele>443.5</ele></trkpt>
      <trkpt lat="47.174443" lon="9.465912"><ele>443.5</ele></trkpt>
      <trkpt lat="47.174380" lon="9.465936"><ele>443.5</ele></trkpt>
      <trkpt lat="47.174350" lon="9.465982"><ele>443.5</ele></trkpt>
      <trkpt lat="47.174304" lon="9.465962"><ele>443.5</ele></trkpt>
      <trkpt lat="47.174248" lon="9.465938"><ele>443.5</ele></trkpt>
      <trkpt lat="47.174244" lon="9.465959"><ele>443.5</ele></trkpt>
      <trkpt lat="47.174223" lon="9.466062"><ele>443.5</ele></trkpt>
      <trkpt lat="47.174205" lon="9.466138"><ele>443.5</ele></trkpt>
      <trkpt lat="47.174168" lon="9.466556"><ele>443.5</ele></trkpt>
      <trkpt lat="47.174201" lon="9.467074"><ele>443.6</ele></trkpt>
      <trkpt lat="47.174340" lon="9.469473"><ele>443.8</ele></trkpt>
      <trkpt lat="47.174352" lon="9.469638"><ele>443.8</ele></trkpt>
      <trkpt lat="47.174466" lon="9.471556"><ele>443.7</ele></trkpt>
      <trkpt lat="47.174518" lon="9.472109"><ele>443.9</ele></trkpt>
      <trkpt lat="47.174714" lon="9.473300"><ele>444.3</ele></trkpt>
      <trkpt lat="47.174722" lon="9.473335"><ele>444.3</ele></trkpt>
      <trkpt lat="47.174756" lon="9.473530"><ele>444.4</ele></trkpt>
      <trkpt lat="47.174885" lon="9.474221"><ele>444.7</ele></trkpt>
      <trkpt lat="47.174913" lon="9.474210"><ele>444.7</ele></trkpt>
      <trkpt lat="47.174987" lon="9.474747"><ele>444.9</ele></trkpt>
      <trkpt lat="47.175025" lon="9.474947"><ele>445.0</ele></trkpt>
      <trkpt lat="47.175200" lon="9.475679"><ele>445.2</ele></trkpt>
      <trkpt lat="47.175207" lon="9.475716"><ele>445.2</ele></trkpt>
      <trkpt lat="47.175251" lon="9.475975"><ele>445.3</ele></trkpt>
      <trkpt lat="47.175341" lon="9.476522"><ele>445.5</ele></trkpt>
      <trkpt lat="47.175466" lon="9.477284"><ele>445.5</ele></trkpt>
      <trkpt lat="47.175475" lon="9.477339"><ele>445.5</ele></trkpt>
      <trkpt lat="47.175569" lon="9.477839"><ele>445.4</ele></trkpt>
      <trkpt lat="47.175609" lon="9.477893"><ele>445.4</ele></trkpt>
      <trkpt lat="47.175631" lon="9.477954"><ele>445.3</ele></trkpt>
      <trkpt lat="47.175694" lon="9.478644"><ele>445.2</ele></trkpt>
      <trkpt lat="47.175763" lon="9.479179"><ele>445.1</ele></trkpt>
      <trkpt lat="47.175825" lon="9.479252"><ele>445.1</ele></trkpt>
      <trkpt lat="47.175839" lon="9.479347"><ele>445.1</ele></trkpt>
      <trkpt lat="47.175913" lon="9.479786"><ele>445.1</ele></trkpt>
      <trkpt lat="47.176080" lon="9.480786"><ele>445.2</ele></trkpt>
      <trkpt lat="47.176125" lon="9.480981"><ele>445.2</ele></trkpt>
      <trkpt lat="47.176153" lon="9.481113"><ele>445.2</ele></trkpt>
      <trkpt lat="47.176176" lon="9.481664"><ele>445.2</ele></trkpt>
      <trkpt lat="47.176159" lon="9.481955"><ele>445.3</ele></trkpt>
      <trkpt lat="47.176124" lon="9.482150"><ele>445.5</ele></trkpt>
      <trkpt lat="47.176297" lon="9.482300"><ele>445.8</ele></trkpt>
      <trkpt lat="47.176385" lon="9.482788"><ele>446.3</ele></trkpt>
      <trkpt lat="47.176399" lon="9.482872"><ele>446.3</ele></trkpt>
      <trkpt lat="47.176571" lon="9.483913"><ele>447.3</ele></trkpt>
      <trkpt lat="47.176585" lon="9.483997"><ele>447.4</ele></trkpt>
      <trkpt lat="47.176615" lon="9.484183"><ele>447.6</ele></trkpt>
      <trkpt lat="47.176635" lon="9.484338"><ele>447.7</ele></trkpt>
      <trkpt lat="47.176666" lon="9.484646"><ele>447.8</ele></trkpt>
      <trkpt lat="47.176697" lon="9.484978"><ele>447.9</ele></trkpt>
      <trkpt lat="47.176759" lon="9.485679"><ele>448.1</ele></trkpt>
      <trkpt lat="47.176790" lon="9.485839"><ele>448.1</ele></trkpt>
      <trkpt lat="47.176455" lon="9.485978"><ele>448.3</ele></trkpt>
      <trkpt lat="47.175167" lon="9.486583"><ele>448.3</ele></trkpt>
      <trkpt lat="47.175138" lon="9.486591"><ele>448.3</ele></trkpt>
      <trkpt lat="47.175028" lon="9.486624"><ele>448.2</ele></trkpt>
      <trkpt lat="47.171478" lon="9.487661"><ele>448.6</ele></trkpt>
      <trkpt lat="47.171417" lon="9.487735"><ele>448.6</ele></trkpt>
      <trkpt lat="47.170621" lon="9.488101"><ele>448.4</ele></trkpt>
      <trkpt lat="47.166167" lon="9.489419"><ele>446.9</ele></trkpt>
      <trkpt lat="47.164965" lon="9.489768"><ele>447.6</ele></trkpt>
      <trkpt lat="47.163663" lon="9.490151"><ele>448.8</ele></trkpt>
      <trkpt lat="47.163306" lon="9.490298"><ele>448.9</ele></trkpt>
      <trkpt lat="47.162252" lon="9.490949"><ele>449.1</ele></trkpt>
      <trkpt lat="47.162074" lon="9.491025"><ele>449.1</ele></trkpt>
      <trkpt lat="47.157713" lon="9.493694"><ele>449.7</ele></trkpt>
      <trkpt lat="47.155433" lon="9.495144"><ele>449.2</ele></trkpt>
      <trkpt lat="47.155246" lon="9.495230"><ele>449.3</ele></trkpt>
      <trkpt lat="47.154786" lon="9.495351"><ele>449.5</ele></trkpt>
      <trkpt lat="47.154460" lon="9.495706"><ele>449.6</ele></trkpt>
      <trkpt lat="47.154136" lon="9.495970"><ele>449.8</ele></trkpt>
      <trkpt lat="47.150314" lon="9.498415"><ele>452.3</ele></trkpt>
      <trkpt lat="47.149793" lon="9.498787"><ele>452.3</ele></trkpt>
      <trkpt lat="47.149128" lon="9.499351"><ele>452.2</ele></trkpt>
      <trkpt lat="47.148711" lon="9.499749"><ele>452.0</ele></trkpt>
      <trkpt lat="47.146742" lon="9.501852"><ele>451.2</ele></trkpt>
      <trkpt lat="47.144224" lon="9.504565"><ele>453.9</ele></trkpt>
      <trkpt lat="47.143737" lon="9.504950"><ele>454.1</ele></trkpt>
      <trkpt lat="47.143643" lon="9.504962"><ele>454.1</ele></trkpt>
      <trkpt lat="47.142953" lon="9.505681"><ele>454.3</ele></trkpt>
      <trkpt lat="47.141944" lon="9.506297"><ele>453.9</ele></trkpt>
      <trkpt lat="47.141858" lon="9.506317"><ele>453.9</ele></trkpt>
      <trkpt lat="47.141813" lon="9.506410"><ele>453.9</ele></trkpt>
      <trkpt lat="47.141682" lon="9.506527"><ele>453.8</ele></trkpt>
      <trkpt lat="47.141023" lon="9.507055"><ele>453.9</ele></trkpt>
      <trkpt lat="47.132752" lon="9.510518"><ele>457.1</ele></trkpt>
      <trkpt lat="47.132725" lon="9.510592"><ele>457.1</ele></trkpt>
      <trkpt lat="47.132650" lon="9.510653"><ele>457.1</ele></trkpt>
      <trkpt lat="47.132095" lon="9.510989"><ele>457.1</ele></trkpt>
      <trkpt lat="47.131059" lon="9.511339"><ele>457.1</ele></trkpt>
      <trkpt lat="47.127561" lon="9.512184"><ele>457.8</ele></trkpt>
      <trkpt lat="47.127151" lon="9.512182"><ele>457.7</ele></trkpt>
      <trkpt lat="47.127114" lon="9.512136"><ele>457.7</ele></trkpt>
      <trkpt lat="47.127058" lon="9.512211"><ele>457.7</ele></trkpt>
      <trkpt lat="47.126710" lon="9.512415"><ele>457.7</ele></trkpt>
      <trkpt lat="47.123708" lon="9.513191"><ele>457.1</ele></trkpt>
      <trkpt lat="47.121046" lon="9.513955"><ele>457.5</ele></trkpt>
      <trkpt lat="47.119626" lon="9.514330"><ele>458.4</ele></trkpt>
      <trkpt lat="47.118456" lon="9.514684"><ele>459.3</ele></trkpt>
      <trkpt lat="47.118385" lon="9.514734"><ele>459.3</ele></trkpt>
      <trkpt lat="47.117735" lon="9.514937"><ele>459.7</ele></trkpt>
      <trkpt lat="47.117542" lon="9.514940"><ele>459.9</ele></trkpt>
      <trkpt lat="47.114927" lon="9.515687"><ele>461.1</ele></trkpt>
      <trkpt lat="47.110450" lon="9.516871"><ele>461.8</ele></trkpt>
      <trkpt lat="47.110377" lon="9.516915"><ele>461.8</ele></trkpt>
      <trkpt lat="47.109815" lon="9.517056"><ele>461.8</ele></trkpt>
      <trkpt lat="47.109595" lon="9.517107"><ele>461.8</ele></trkpt>
      <trkpt lat="47.109499" lon="9.517098"><ele>461.8</ele></trkpt>
      <trkpt lat="47.106286" lon="9.517940"><ele>461.0</ele></trkpt>
      <trkpt lat="47.103891" lon="9.518366"><ele>459.1</ele></trkpt>
      <trkpt lat="47.101334" lon="9.518772"><ele>461.7</ele></trkpt>
      <trkpt lat="47.100741" lon="9.518836"><ele>462.2</ele></trkpt>
      <trkpt lat="47.099378" lon="9.518894"><ele>463.0</ele></trkpt>
      <trkpt lat="47.098116" lon="9.518800"><ele>463.8</ele></trkpt>
      <trkpt lat="47.097406" lon="9.518711"><ele>464.1</ele></trkpt>
      <trkpt lat="47.096280" lon="9.518488"><ele>463.9</ele></trkpt>
      <trkpt lat="47.096046" lon="9.518453"><ele>463.8</ele></trkpt>
      <trkpt lat="47.095121" lon="9.518110"><ele>464.2</ele></trkpt>
      <trkpt lat="47.093723" lon="9.517516"><ele>465.3</ele></trkpt>
      <trkpt lat="47.092193" lon="9.516781"><ele>467.1</ele></trkpt>
      <trkpt lat="47.088869" lon="9.515262"><ele>467.0</ele></trkpt>
      <trkpt lat="47.088751" lon="9.515248"><ele>466.9</ele></trkpt>
      <trkpt lat="47.087966" lon="9.514883"><ele>466.4</ele></trkpt>
      <trkpt lat="47.087712" lon="9.514733"><ele>466.2</ele></trkpt>
      <trkpt lat="47.087622" lon="9.514644"><ele>466.1</ele></trkpt>
      <trkpt lat="47.087170" lon="9.514302"><ele>465.8</ele></trkpt>
      <trkpt lat="47.086488" lon="9.513661"><ele>466.4</ele></trkpt>
      <trkpt lat="47.085939" lon="9.512942"><ele>467.0</ele></trkpt>
      <trkpt lat="47.081426" lon="9.504826"><ele>469.3</ele></trkpt>
      <trkpt lat="47.081243" lon="9.504282"><ele>469.2</ele></trkpt>
      <trkpt lat="47.081241" lon="9.504218"><ele>469.2</ele></trkpt>
      <trkpt lat="47.081023" lon="9.503804"><ele>468.9</ele></trkpt>
      <trkpt lat="47.080803" lon="9.503413"><ele>468.6</ele></trkpt>
      <trkpt lat="47.080754" lon="9.503331"><ele>468.6</ele></trkpt>
      <trkpt lat="47.080695" lon="9.503309"><ele>468.5</ele></trkpt>
      <trkpt lat="47.080523" lon="9.503128"><ele>468.3</ele></trkpt>
      <trkpt lat="47.080306" lon="9.502814"><ele>468.1</ele></trkpt>
      <trkpt lat="47.077014" lon="9.496859"><ele>469.8</ele></trkpt>
      <trkpt lat="47.074102" lon="9.491543"><ele>471.6</ele></trkpt>
      <trkpt lat="47.073081" lon="9.489119"><ele>471.6</ele></trkpt>
      <trkpt lat="47.073027" lon="9.489032"><ele>471.6</ele></trkpt>
      <trkpt lat="47.072410" lon="9.487542"><ele>471.8</ele></trkpt>
      <trkpt lat="47.072363" lon="9.487352"><ele>471.9</ele></trkpt>
      <trkpt lat="47.071626" lon="9.485522"><ele>473.0</ele></trkpt>
      <trkpt lat="47.069281" lon="9.479441"><ele>474.0</ele></trkpt>
      <trkpt lat="47.068919" lon="9.478442"><ele>474.1</ele></trkpt>
      <trkpt lat="47.068863" lon="9.478261"><ele>474.2</ele></trkpt>
      <trkpt lat="47.068862" lon="9.478164"><ele>474.2</ele></trkpt>
      <trkpt lat="47.068786" lon="9.478034"><ele>474.2</ele></trkpt>
      <trkpt lat="47.068744" lon="9.477938"><ele>474.2</ele></trkpt>
      <trkpt lat="47.068740" lon="9.477923"><ele>474.2</ele></trkpt>
      <trkpt lat="47.067607" lon="9.474989"><ele>475.2</ele></trkpt>
      <trkpt lat="47.067193" lon="9.474163"><ele>475.5</ele></trkpt>
      <trkpt lat="47.066919" lon="9.473745"><ele>475.9</ele></trkpt>
      <trkpt lat="47.066798" lon="9.473632"><ele>476.1</ele></trkpt>
      <trkpt lat="47.065757" lon="9.472267"><ele>477.3</ele></trkpt>
      <trkpt lat="47.065508" lon="9.471991"><ele>477.1</ele></trkpt>
      <trkpt lat="47.065066" lon="9.471575"><ele>476.7</ele></trkpt>
      <trkpt lat="47.064814" lon="9.471409"><ele>476.5</ele></trkpt>
      <trkpt lat="47.064525" lon="9.471266"><ele>476.2</ele></trkpt>
      <trkpt lat="47.063913" lon="9.471037"><ele>475.7</ele></trkpt>
      <trkpt lat="47.063615" lon="9.470971"><ele>475.5</ele></trkpt>
      <trkpt lat="47.062921" lon="9.470898"><ele>475.0</ele></trkpt>
      <trkpt lat="47.062532" lon="9.470888"><ele>474.7</ele></trkpt>
      <trkpt lat="47.061877" lon="9.470938"><ele>475.3</ele></trkpt>
      <trkpt lat="47.061383" lon="9.471054"><ele>475.8</ele></trkpt>
      <trkpt lat="47.060897" lon="9.471216"><ele>476.3</ele></trkpt>
      <trkpt lat="47.058869" lon="9.472029"><ele>478.4</ele></trkpt>
      <trkpt lat="47.056075" lon="9.473202"><ele>477.3</ele></trkpt>
      <trkpt lat="47.055910" lon="9.473314"><ele>477.2</ele></trkpt>
      <trkpt lat="47.055522" lon="9.473494"><ele>476.9</ele></trkpt>
      <trkpt lat="47.054583" lon="9.473858"><ele>476.5</ele></trkpt>
      <trkpt lat="47.054406" lon="9.473887"><ele>476.5</ele></trkpt>
      <trkpt lat="47.051671" lon="9.475043"><ele>477.3</ele></trkpt>
      <trkpt lat="47.049873" lon="9.475957"><ele>479.4</ele></trkpt>
      <trkpt lat="47.048919" lon="9.476486"><ele>480.8</ele></trkpt>
      <trkpt lat="47.048592" lon="9.476732"><ele>481.2</ele></trkpt>
      <trkpt lat="47.048317" lon="9.476945"><ele>481.5</ele></trkpt>
      <trkpt lat="47.047296" lon="9.477784"><ele>482.7</ele></trkpt>
      <trkpt lat="47.047067" lon="9.477934"><ele>482.8</ele></trkpt>
      <trkpt lat="47.046506" lon="9.478414"><ele>482.4</ele></trkpt>
      <trkpt lat="47.043849" lon="9.480807"><ele>480.0</ele></trkpt>
      <trkpt lat="47.041509" lon="9.483234"><ele>482.5</ele></trkpt>
      <trkpt lat="47.039083" lon="9.485579"><ele>485.1</ele></trkpt>
      <trkpt lat="47.039000" lon="9.485685"><ele>485.2</ele></trkpt>
      <trkpt lat="47.038267" lon="9.486363"><ele>486.1</ele></trkpt>
      <trkpt lat="47.035578" lon="9.488939"><ele>487.5</ele></trkpt>
      <trkpt lat="47.032517" lon="9.491939"><ele>486.7</ele></trkpt>
      <trkpt lat="47.031839" lon="9.492605"><ele>486.8</ele></trkpt>
      <trkpt lat="47.028362" lon="9.495902"><ele>490.2</ele></trkpt>
      <trkpt lat="47.028300" lon="9.496002"><ele>490.3</ele></trkpt>
      <trkpt lat="47.027890" lon="9.496426"><ele>490.6</ele></trkpt>
      <trkpt lat="47.027711" lon="9.496597"><ele>490.8</ele></trkpt>
      <trkpt lat="47.027559" lon="9.496691"><ele>490.9</ele></trkpt>
      <trkpt lat="47.024045" lon="9.500092"><ele>492.4</ele></trkpt>
      <trkpt lat="47.023818" lon="9.500274"><ele>492.5</ele></trkpt>
      <trkpt lat="47.023458" lon="9.500666"><ele>492.5</ele></trkpt>
      <trkpt lat="47.022251" lon="9.501832"><ele>492.7</ele></trkpt>
      <trkpt lat="47.021498" lon="9.502589"><ele>492.9</ele></trkpt>
      <trkpt lat="47.021387" lon="9.502661"><ele>493.0</ele></trkpt>
      <trkpt lat="47.019676" lon="9.504314"><ele>494.6</ele></trkpt>
      <trkpt lat="47.018330" lon="9.505666"><ele>496.1</ele></trkpt>
      <trkpt lat="47.018075" lon="9.505883"><ele>496.2</ele></trkpt>
      <trkpt lat="47.017735" lon="9.506120"><ele>496.4</ele></trkpt>
      <trkpt lat="47.017351" lon="9.506315"><ele>496.5</ele></trkpt>
      <trkpt lat="47.016459" lon="9.506842"><ele>497.2</ele></trkpt>
      <trkpt lat="47.015220" lon="9.507392"><ele>498.3</ele></trkpt>
      <trkpt lat="47.014822" lon="9.507512"><ele>498.5</ele></trkpt>
      <trkpt lat="47.014739" lon="9.507489"><ele>498.5</ele></trkpt>
      <trkpt lat="47.014579" lon="9.507565"><ele>498.6</ele></trkpt>
      <trkpt lat="47.014189" lon="9.507827"><ele>498.7</ele></trkpt>
      <trkpt lat="47.013805" lon="9.507991"><ele>498.9</ele></trkpt>
      <trkpt lat="47.013207" lon="9.508150"><ele>499.0</ele></trkpt>
      <trkpt lat="47.013170" lon="9.507942"><ele>499.0</ele></trkpt>
      <trkpt lat="47.013151" lon="9.507755"><ele>499.0</ele></trkpt>
      <trkpt lat="47.013095" lon="9.507544"><ele>499.0</ele></trkpt>
      <trkpt lat="47.012900" lon="9.507627"><ele>499.0</ele></trkpt>
      <trkpt lat="47.012722" lon="9.507688"><ele>499.1</ele></trkpt>
      <trkpt lat="47.012329" lon="9.507718"><ele>499.1</ele></trkpt>
      <trkpt lat="47.011981" lon="9.507732"><ele>499.1</ele></trkpt>
      <trkpt lat="47.011581" lon="9.507754"><ele>499.5</ele></trkpt>
      <trkpt lat="47.011390" lon="9.507728"><ele>499.7</ele></trkpt>
      <trkpt lat="47.010971" lon="9.507634"><ele>500.1</ele></trkpt>
      <trkpt lat="47.010729" lon="9.507567"><ele>500.3</ele></trkpt>
      <trkpt lat="47.010516" lon="9.507490"><ele>500.5</ele></trkpt>
      <trkpt lat="47.010455" lon="9.507511"><ele>500.6</ele></trkpt>
      <trkpt lat="47.010182" lon="9.507473"><ele>500.8</ele></trkpt>
      <trkpt lat="47.010060" lon="9.507334"><ele>501.0</ele></trkpt>
      <trkpt lat="47.010006" lon="9.507215"><ele>501.1</ele></trkpt>
      <trkpt lat="47.009970" lon="9.507236"><ele>501.2</ele></trkpt>
      <trkpt lat="47.009858" lon="9.507192"><ele>501.3</ele></trkpt>
      <trkpt lat="47.009673" lon="9.507028"><ele>501.6</ele></trkpt>
      <trkpt lat="47.009576" lon="9.506944"><ele>501.7</ele></trkpt>
      <trkpt lat="47.009230" lon="9.506642"><ele>502.2</ele></trkpt>
      <trkpt lat="47.009112" lon="9.506539"><ele>502.4</ele></trkpt>
      <trkpt lat="47.008836" lon="9.506298"><ele>502.8</ele></trkpt>
      <trkpt lat="47.008786" lon="9.506254"><ele>502.9</ele></trkpt>
      <trkpt lat="47.008598" lon="9.506089"><ele>503.1</ele></trkpt>
      <trkpt lat="47.008257" lon="9.505803"><ele>503.7</ele></trkpt>
      <trkpt lat="47.008114" lon="9.505665"><ele>503.9</ele></trkpt>
      <trkpt lat="47.008088" lon="9.505520"><ele>504.0</ele></trkpt>
      <trkpt lat="47.007837" lon="9.505520"><ele>504.3</ele></trkpt>
      <trkpt lat="47.007787" lon="9.505518"><ele>504.4</ele></trkpt>
      <trkpt lat="47.007708" lon="9.505500"><ele>504.5</ele></trkpt>
      <trkpt lat="47.007612" lon="9.505475"><ele>504.6</ele></trkpt>
      <trkpt lat="47.007461" lon="9.505431"><ele>504.8</ele></trkpt>
      <trkpt lat="47.007075" lon="9.505321"><ele>505.4</ele></trkpt>
      <trkpt lat="47.006927" lon="9.505280"><ele>505.6</ele></trkpt>
      <trkpt lat="47.006778" lon="9.505242"><ele>505.9</ele></trkpt>
      <trkpt lat="47.006437" lon="9.505150"><ele>506.5</ele></trkpt>
      <trkpt lat="47.006273" lon="9.505106"><ele>506.8</ele></trkpt>
      <trkpt lat="47.005630" lon="9.504929"><ele>508.0</ele></trkpt>
      <trkpt lat="47.005561" lon="9.504909"><ele>508.1</ele></trkpt>
      <trkpt lat="47.005350" lon="9.504823"><ele>508.5</ele></trkpt>
      <trkpt lat="47.005210" lon="9.504703"><ele>508.8</ele></trkpt>
      <trkpt lat="47.005069" lon="9.504586"><ele>509.1</ele></trkpt>
      <trkpt lat="47.004593" lon="9.504183"><ele>510.1</ele></trkpt>
      <trkpt lat="47.004267" lon="9.503910"><ele>510.7</ele></trkpt>
      <trkpt lat="47.004234" lon="9.503882"><ele>510.8</ele></trkpt>
      <trkpt lat="47.003917" lon="9.503607"><ele>511.5</ele></trkpt>
      <trkpt lat="47.003473" lon="9.503126"><ele>512.8</ele></trkpt>
      <trkpt lat="47.002875" lon="9.502529"><ele>514.6</ele></trkpt>
      <trkpt lat="47.002751" lon="9.502391"><ele>515.0</ele></trkpt>
      <trkpt lat="47.002723" lon="9.502336"><ele>515.1</ele></trkpt>
      <trkpt lat="47.002696" lon="9.502288"><ele>515.2</ele></trkpt>
      <trkpt lat="47.002507" lon="9.502055"><ele>515.9</ele></trkpt>
      <trkpt lat="47.001786" lon="9.501523"><ele>518.6</ele></trkpt>
      <trkpt lat="47.001809" lon="9.501300"><ele>519.1</ele></trkpt>
      <trkpt lat="47.001821" lon="9.501145"><ele>519.5</ele></trkpt>
      <trkpt lat="47.001836" lon="9.500977"><ele>519.9</ele></trkpt>
      <trkpt lat="47.001788" lon="9.500693"><ele>520.7</ele></trkpt>
      <trkpt lat="47.001773" lon="9.500640"><ele>520.8</ele></trkpt>
      <trkpt lat="47.001529" lon="9.500805"><ele>521.8</ele></trkpt>
      <trkpt lat="47.001498" lon="9.500684"><ele>522.1</ele></trkpt>
      <trkpt lat="47.001536" lon="9.500323"><ele>523.4</ele></trkpt>
      <trkpt lat="47.001620" lon="9.499801"><ele>526.8</ele></trkpt>
      <trkpt lat="47.001718" lon="9.499338"><ele>530.0</ele></trkpt>
      <trkpt lat="47.001728" lon="9.499230"><ele>530.7</ele></trkpt>
      <trkpt lat="47.001711" lon="9.499153"><ele>531.2</ele></trkpt>
      <trkpt lat="47.001623" lon="9.498816"><ele>533.6</ele></trkpt>
      <trkpt lat="47.001602" lon="9.498744"><ele>534.1</ele></trkpt>
      <trkpt lat="47.001538" lon="9.498651"><ele>534.9</ele></trkpt>
      <trkpt lat="47.001437" lon="9.498620"><ele>535.9</ele></trkpt>
      <trkpt lat="47.001205" lon="9.498807"><ele>538.4</ele></trkpt>
      <trkpt lat="47.000860" lon="9.499133"><ele>542.9</ele></trkpt>
      <trkpt lat="47.000436" lon="9.499408"><ele>548.4</ele></trkpt>
      <trkpt lat="47.000183" lon="9.499544"><ele>551.6</ele></trkpt>
      <trkpt lat="47.000002" lon="9.499570"><ele>553.7</ele></trkpt>
      <trkpt lat="46.999671" lon="9.499545"><ele>557.6</ele></trkpt>
      <trkpt lat="46.998948" lon="9.499102"><ele>565.6</ele></trkpt>
      <trkpt lat="46.998880" lon="9.499044"><ele>566.3</ele></trkpt>
      <trkpt lat="46.998815" lon="9.498901"><ele>567.4</ele></trkpt>
      <trkpt lat="46.998838" lon="9.498793"><ele>568.1</ele></trkpt>
      <trkpt lat="46.998919" lon="9.498762"><ele>568.9</ele></trkpt>
      <trkpt lat="46.999631" lon="9.498866"><ele>575.5</ele></trkpt>
      <trkpt lat="46.999887" lon="9.498997"><ele>578.1</ele></trkpt>
      <trkpt lat="46.999951" lon="9.498972"><ele>578.8</ele></trkpt>
      <trkpt lat="46.999986" lon="9.498872"><ele>579.6</ele></trkpt>
      <trkpt lat="46.999984" lon="9.498827"><ele>579.9</ele></trkpt>
      <trkpt lat="46.999938" lon="9.498767"><ele>580.6</ele></trkpt>
      <trkpt lat="46.999758" lon="9.498732"><ele>582.5</ele></trkpt>
      <trkpt lat="46.999517" lon="9.498585"><ele>585.3</ele></trkpt>
      <trkpt lat="46.998943" lon="9.498293"><ele>591.7</ele></trkpt>
      <trkpt lat="46.998468" lon="9.497879"><ele>597.4</ele></trkpt>
      <trkpt lat="46.998117" lon="9.497467"><ele>601.5</ele></trkpt>
      <trkpt lat="46.997899" lon="9.497040"><ele>604.8</ele></trkpt>
      <trkpt lat="46.997697" lon="9.496801"><ele>607.1</ele></trkpt>
      <trkpt lat="46.997493" lon="9.496368"><ele>610.4</ele></trkpt>
      <trkpt lat="46.997081" lon="9.495885"><ele>615.2</ele></trkpt>
      <trkpt lat="46.997009" lon="9.495750"><ele>616.3</ele></trkpt>
      <trkpt lat="46.996907" lon="9.495250"><ele>619.7</ele></trkpt>
      <trkpt lat="46.996922" lon="9.495142"><ele>620.4</ele></trkpt>
      <trkpt lat="46.996982" lon="9.495100"><ele>621.0</ele></trkpt>
      <trkpt lat="46.997019" lon="9.495116"><ele>621.4</ele></trkpt>
      <trkpt lat="46.997172" lon="9.495603"><ele>624.8</ele></trkpt>
      <trkpt lat="46.997263" lon="9.495748"><ele>626.1</ele></trkpt>
      <trkpt lat="46.997697" lon="9.496031"><ele>631.0</ele></trkpt>
      <trkpt lat="46.997841" lon="9.496236"><ele>634.0</ele></trkpt>
      <trkpt lat="46.998038" lon="9.496384"><ele>637.3</ele></trkpt>
      <trkpt lat="46.998379" lon="9.496475"><ele>642.6</ele></trkpt>
      <trkpt lat="46.998840" lon="9.496529"><ele>649.5</ele></trkpt>
      <trkpt lat="46.999130" lon="9.496698"><ele>654.3</ele></trkpt>
      <trkpt lat="46.999241" lon="9.496742"><ele>656.0</ele></trkpt>
      <trkpt lat="46.999379" lon="9.496752"><ele>657.9</ele></trkpt>
      <trkpt lat="46.999561" lon="9.496704"><ele>660.4</ele></trkpt>
      <trkpt lat="46.999641" lon="9.496650"><ele>661.5</ele></trkpt>
      <trkpt lat="46.999897" lon="9.496414"><ele>665.5</ele></trkpt>
      <trkpt lat="46.999923" lon="9.496362"><ele>666.1</ele></trkpt>
      <trkpt lat="46.999916" lon="9.496225"><ele>667.3</ele></trkpt>
      <trkpt lat="46.999845" lon="9.496177"><ele>668.3</ele></trkpt>
      <trkpt lat="46.999535" lon="9.496313"><ele>672.5</ele></trkpt>
      <trkpt lat="46.999447" lon="9.496309"><ele>673.7</ele></trkpt>
      <trkpt lat="46.999160" lon="9.496177"><ele>677.6</ele></trkpt>
      <trkpt lat="46.999102" lon="9.496113"><ele>678.6</ele></trkpt>
      <trkpt lat="46.998903" lon="9.495669"><ele>683.6</ele></trkpt>
      <trkpt lat="46.998842" lon="9.495589"><ele>684.8</ele></trkpt>
      <trkpt lat="46.998280" lon="9.495195"><ele>693.9</ele></trkpt>
      <trkpt lat="46.998231" lon="9.495131"><ele>694.8</ele></trkpt>
      <trkpt lat="46.998217" lon="9.494943"><ele>696.7</ele></trkpt>
      <trkpt lat="46.998261" lon="9.494767"><ele>698.5</ele></trkpt>
      <trkpt lat="46.998467" lon="9.494220"><ele>704.7</ele></trkpt>
      <trkpt lat="46.998473" lon="9.494053"><ele>706.4</ele></trkpt>
      <trkpt lat="46.998408" lon="9.493941"><ele>707.7</ele></trkpt>
      <trkpt lat="46.998351" lon="9.493901"><ele>708.6</ele></trkpt>
      <trkpt lat="46.997973" lon="9.493844"><ele>713.6</ele></trkpt>
      <trkpt lat="46.997765" lon="9.493746"><ele>716.5</ele></trkpt>
      <trkpt lat="46.997652" lon="9.493619"><ele>718.4</ele></trkpt>
      <trkpt lat="46.997160" lon="9.492757"><ele>728.5</ele></trkpt>
      <trkpt lat="46.996697" lon="9.492362"><ele>736.9</ele></trkpt>
      <trkpt lat="46.996484" lon="9.491986"><ele>742.5</ele></trkpt>
      <trkpt lat="46.996194" lon="9.491363"><ele>751.1</ele></trkpt>
      <trkpt lat="46.995799" lon="9.490773"><ele>760.5</ele></trkpt>
      <trkpt lat="46.995061" lon="9.490048"><ele>771.8</ele></trkpt>
      <trkpt lat="46.994542" lon="9.489413"><ele>780.5</ele></trkpt>
      <trkpt lat="46.994257" lon="9.489220"><ele>784.3</ele></trkpt>
      <trkpt lat="46.994160" lon="9.489108"><ele>785.7</ele></trkpt>
      <trkpt lat="46.993976" lon="9.488769"><ele>789.1</ele></trkpt>
      <trkpt lat="46.993884" lon="9.488670"><ele>790.4</ele></trkpt>
      <trkpt lat="46.993550" lon="9.488402"><ele>794.6</ele></trkpt>
      <trkpt lat="46.993349" lon="9.488001"><ele>798.5</ele></trkpt>
      <trkpt lat="46.993054" lon="9.487538"><ele>803.3</ele></trkpt>
      <trkpt lat="46.992644" lon="9.486739"><ele>810.9</ele></trkpt>
      <trkpt lat="46.992518" lon="9.486515"><ele>813.2</ele></trkpt>
      <trkpt lat="46.992299" lon="9.486289"><ele>816.1</ele></trkpt>
      <trkpt lat="46.992216" lon="9.486242"><ele>817.1</ele></trkpt>
      <trkpt lat="46.991787" lon="9.486130"><ele>822.0</ele></trkpt>
      <trkpt lat="46.991498" lon="9.486093"><ele>824.0</ele></trkpt>
      <trkpt lat="46.991078" lon="9.486166"><ele>824.5</ele></trkpt>
      <trkpt lat="46.990940" lon="9.486148"><ele>824.7</ele></trkpt>
      <trkpt lat="46.990152" lon="9.485602"><ele>825.7</ele></trkpt>
      <trkpt lat="46.989898" lon="9.485472"><ele>826.0</ele></trkpt>
      <trkpt lat="46.989813" lon="9.485460"><ele>825.9</ele></trkpt>
      <trkpt lat="46.988498" lon="9.485369"><ele>825.2</ele></trkpt>
      <trkpt lat="46.988157" lon="9.485508"><ele>825.0</ele></trkpt>
      <trkpt lat="46.988102" lon="9.485610"><ele>824.2</ele></trkpt>
      <trkpt lat="46.988088" lon="9.485716"><ele>823.5</ele></trkpt>
      <trkpt lat="46.989002" lon="9.485762"><ele>814.2</ele></trkpt>
      <trkpt lat="46.989260" lon="9.485856"><ele>811.5</ele></trkpt>
      <trkpt lat="46.989473" lon="9.486034"><ele>809.0</ele></trkpt>
      <trkpt lat="46.989614" lon="9.486228"><ele>807.0</ele></trkpt>
      <trkpt lat="46.989721" lon="9.486454"><ele>805.4</ele></trkpt>
      <trkpt lat="46.989806" lon="9.486785"><ele>803.4</ele></trkpt>
      <trkpt lat="46.989827" lon="9.487031"><ele>802.0</ele></trkpt>
      <trkpt lat="46.989905" lon="9.491215"><ele>784.3</ele></trkpt>
      <trkpt lat="46.989947" lon="9.491679"><ele>784.3</ele></trkpt>
      <trkpt lat="46.990004" lon="9.491898"><ele>785.1</ele></trkpt>
      <trkpt lat="46.990168" lon="9.492284"><ele>786.7</ele></trkpt>
      <trkpt lat="46.990122" lon="9.492397"><ele>787.1</ele></trkpt>
      <trkpt lat="46.990025" lon="9.492469"><ele>787.7</ele></trkpt>
      <trkpt lat="46.989970" lon="9.492475"><ele>788.0</ele></trkpt>
      <trkpt lat="46.989907" lon="9.492457"><ele>788.3</ele></trkpt>
      <trkpt lat="46.989741" lon="9.492275"><ele>789.4</ele></trkpt>
      <trkpt lat="46.989538" lon="9.492208"><ele>790.4</ele></trkpt>
      <trkpt lat="46.989436" lon="9.492228"><ele>790.9</ele></trkpt>
      <trkpt lat="46.989345" lon="9.492331"><ele>791.5</ele></trkpt>
      <trkpt lat="46.989173" lon="9.492841"><ele>793.9</ele></trkpt>
      <trkpt lat="46.989112" lon="9.492928"><ele>794.5</ele></trkpt>
      <trkpt lat="46.988877" lon="9.493011"><ele>796.3</ele></trkpt>
      <trkpt lat="46.988474" lon="9.493011"><ele>799.3</ele></trkpt>
      <trkpt lat="46.988366" lon="9.493049"><ele>800.1</ele></trkpt>
      <trkpt lat="46.988291" lon="9.493203"><ele>801.1</ele></trkpt>
      <trkpt lat="46.988219" lon="9.493938"><ele>804.9</ele></trkpt>
      <trkpt lat="46.988165" lon="9.494158"><ele>806.0</ele></trkpt>
      <trkpt lat="46.988173" lon="9.494265"><ele>806.4</ele></trkpt>
      <trkpt lat="46.988136" lon="9.494464"><ele>807.2</ele></trkpt>
      <trkpt lat="46.988147" lon="9.494543"><ele>807.5</ele></trkpt>
      <trkpt lat="46.988168" lon="9.494556"><ele>807.6</ele></trkpt>
      <trkpt lat="46.988079" lon="9.494648"><ele>808.1</ele></trkpt>
      <trkpt lat="46.988032" lon="9.494801"><ele>808.7</ele></trkpt>
      <trkpt lat="46.988014" lon="9.495749"><ele>812.1</ele></trkpt>
      <trkpt lat="46.987989" lon="9.495896"><ele>812.6</ele></trkpt>
      <trkpt lat="46.987967" lon="9.496320"><ele>814.1</ele></trkpt>
      <trkpt lat="46.987850" lon="9.496844"><ele>816.3</ele></trkpt>
      <trkpt lat="46.987836" lon="9.497196"><ele>818.1</ele></trkpt>
      <trkpt lat="46.987950" lon="9.497656"><ele>820.5</ele></trkpt>
      <trkpt lat="46.988074" lon="9.498076"><ele>822.8</ele></trkpt>
      <trkpt lat="46.988170" lon="9.498449"><ele>824.8</ele></trkpt>
      <trkpt lat="46.988134" lon="9.498374"><ele>825.3</ele></trkpt>
      <trkpt lat="46.987893" lon="9.497996"><ele>827.9</ele></trkpt>
      <trkpt lat="46.987609" lon="9.497569"><ele>831.5</ele></trkpt>
      <trkpt lat="46.987362" lon="9.497261"><ele>834.6</ele></trkpt>
      <trkpt lat="46.986988" lon="9.496847"><ele>839.0</ele></trkpt>
      <trkpt lat="46.986735" lon="9.496504"><ele>842.3</ele></trkpt>
      <trkpt lat="46.986401" lon="9.495978"><ele>846.1</ele></trkpt>
      <trkpt lat="46.986215" lon="9.495734"><ele>847.1</ele></trkpt>
      <trkpt lat="46.985855" lon="9.495326"><ele>848.8</ele></trkpt>
      <trkpt lat="46.985692" lon="9.495179"><ele>849.5</ele></trkpt>
      <trkpt lat="46.985395" lon="9.495005"><ele>850.7</ele></trkpt>
      <trkpt lat="46.984580" lon="9.494687"><ele>853.1</ele></trkpt>
      <trkpt lat="46.984242" lon="9.494413"><ele>853.8</ele></trkpt>
      <trkpt lat="46.984130" lon="9.494315"><ele>854.1</ele></trkpt>
      <trkpt lat="46.983814" lon="9.494047"><ele>854.7</ele></trkpt>
      <trkpt lat="46.982979" lon="9.493544"><ele>857.6</ele></trkpt>
      <trkpt lat="46.982239" lon="9.493033"><ele>861.7</ele></trkpt>
      <trkpt lat="46.981930" lon="9.492735"><ele>863.6</ele></trkpt>
      <trkpt lat="46.981520" lon="9.492217"><ele>867.6</ele></trkpt>
      <trkpt lat="46.981368" lon="9.492092"><ele>869.3</ele></trkpt>
      <trkpt lat="46.981253" lon="9.492036"><ele>870.4</ele></trkpt>
      <trkpt lat="46.980813" lon="9.491959"><ele>874.6</ele></trkpt>
      <trkpt lat="46.980625" lon="9.491913"><ele>876.4</ele></trkpt>
      <trkpt lat="46.980071" lon="9.491688"><ele>881.8</ele></trkpt>
      <trkpt lat="46.979422" lon="9.491635"><ele>889.3</ele></trkpt>
      <trkpt lat="46.978706" lon="9.491321"><ele>897.9</ele></trkpt>
      <trkpt lat="46.978064" lon="9.491095"><ele>904.3</ele></trkpt>
      <trkpt lat="46.977888" lon="9.491099"><ele>905.5</ele></trkpt>
      <trkpt lat="46.977522" lon="9.491269"><ele>908.2</ele></trkpt>
      <trkpt lat="46.976883" lon="9.491131"><ele>912.8</ele></trkpt>
      <trkpt lat="46.976535" lon="9.491097"><ele>915.2</ele></trkpt>
      <trkpt lat="46.976253" lon="9.491088"><ele>916.9</ele></trkpt>
      <trkpt lat="46.975768" lon="9.491241"><ele>919.9</ele></trkpt>
      <trkpt lat="46.975605" lon="9.491259"><ele>920.9</ele></trkpt>
      <trkpt lat="46.975177" lon="9.491126"><ele>923.5</ele></trkpt>
      <trkpt lat="46.974634" lon="9.490895"><ele>926.4</ele></trkpt>
      <trkpt lat="46.974187" lon="9.490845"><ele>927.7</ele></trkpt>
      <trkpt lat="46.973919" lon="9.491052"><ele>928.6</ele></trkpt>
      <trkpt lat="46.973859" lon="9.491067"><ele>928.8</ele></trkpt>
      <trkpt lat="46.973644" lon="9.490915"><ele>929.5</ele></trkpt>
      <trkpt lat="46.973543" lon="9.490880"><ele>929.8</ele></trkpt>
      <trkpt lat="46.973083" lon="9.490908"><ele>931.2</ele></trkpt>
      <trkpt lat="46.972900" lon="9.490885"><ele>930.9</ele></trkpt>
      <trkpt lat="46.972360" lon="9.490577"><ele>930.1</ele></trkpt>
      <trkpt lat="46.971791" lon="9.490407"><ele>929.3</ele></trkpt>
      <trkpt lat="46.971263" lon="9.490313"><ele>928.7</ele></trkpt>
      <trkpt lat="46.971071" lon="9.490335"><ele>928.8</ele></trkpt>
      <trkpt lat="46.970389" lon="9.490432"><ele>929.2</ele></trkpt>
      <trkpt lat="46.969839" lon="9.490495"><ele>929.5</ele></trkpt>
      <trkpt lat="46.969046" lon="9.490739"><ele>934.7</ele></trkpt>
      <trkpt lat="46.968882" lon="9.490857"><ele>936.5</ele></trkpt>
      <trkpt lat="46.968777" lon="9.491024"><ele>938.0</ele></trkpt>
      <trkpt lat="46.968663" lon="9.491357"><ele>940.5</ele></trkpt>
      <trkpt lat="46.968597" lon="9.491477"><ele>941.5</ele></trkpt>
      <trkpt lat="46.968510" lon="9.491529"><ele>942.4</ele></trkpt>
      <trkpt lat="46.967845" lon="9.491431"><ele>949.3</ele></trkpt>
      <trkpt lat="46.966862" lon="9.491441"><ele>960.7</ele></trkpt>
      <trkpt lat="46.966614" lon="9.491488"><ele>963.6</ele></trkpt>
      <trkpt lat="46.966437" lon="9.491586"><ele>965.8</ele></trkpt>
      <trkpt lat="46.966327" lon="9.491612"><ele>967.1</ele></trkpt>
      <trkpt lat="46.966131" lon="9.491522"><ele>968.6</ele></trkpt>
      <trkpt lat="46.965920" lon="9.491129"><ele>969.8</ele></trkpt>
      <trkpt lat="46.965530" lon="9.490784"><ele>971.5</ele></trkpt>
      <trkpt lat="46.965429" lon="9.490625"><ele>972.1</ele></trkpt>
      <trkpt lat="46.965250" lon="9.490217"><ele>973.3</ele></trkpt>
      <trkpt lat="46.965030" lon="9.489945"><ele>974.3</ele></trkpt>
      <trkpt lat="46.964459" lon="9.489296"><ele>974.5</ele></trkpt>
      <trkpt lat="46.964166" lon="9.489000"><ele>974.4</ele></trkpt>
      <trkpt lat="46.963774" lon="9.488418"><ele>974.2</ele></trkpt>
      <trkpt lat="46.963547" lon="9.488163"><ele>974.1</ele></trkpt>
      <trkpt lat="46.963393" lon="9.488015"><ele>975.1</ele></trkpt>
      <trkpt lat="46.962880" lon="9.487694"><ele>978.0</ele></trkpt>
      <trkpt lat="46.962399" lon="9.487150"><ele>981.3</ele></trkpt>
      <trkpt lat="46.961975" lon="9.486740"><ele>983.6</ele></trkpt>
      <trkpt lat="46.961845" lon="9.486543"><ele>983.5</ele></trkpt>
      <trkpt lat="46.961743" lon="9.486341"><ele>983.4</ele></trkpt>
      <trkpt lat="46.961661" lon="9.486128"><ele>983.3</ele></trkpt>
      <trkpt lat="46.961495" lon="9.485367"><ele>983.0</ele></trkpt>
      <trkpt lat="46.961427" lon="9.485251"><ele>982.9</ele></trkpt>
      <trkpt lat="46.961324" lon="9.485205"><ele>982.9</ele></trkpt>
      <trkpt lat="46.960908" lon="9.485153"><ele>982.6</ele></trkpt>
      <trkpt lat="46.960476" lon="9.484863"><ele>979.3</ele></trkpt>
      <trkpt lat="46.960110" lon="9.484806"><ele>976.6</ele></trkpt>
      <trkpt lat="46.959323" lon="9.484831"><ele>970.7</ele></trkpt>
      <trkpt lat="46.958631" lon="9.484811"><ele>965.0</ele></trkpt>
      <trkpt lat="46.958377" lon="9.484691"><ele>962.8</ele></trkpt>
      <trkpt lat="46.957996" lon="9.484425"><ele>959.2</ele></trkpt>
      <trkpt lat="46.957912" lon="9.484440"><ele>958.5</ele></trkpt>
      <trkpt lat="46.957484" lon="9.484660"><ele>954.6</ele></trkpt>
      <trkpt lat="46.957337" lon="9.484735"><ele>953.5</ele></trkpt>
      <trkpt lat="46.957128" lon="9.485072"><ele>951.7</ele></trkpt>
      <trkpt lat="46.957046" lon="9.485153"><ele>951.1</ele></trkpt>
      <trkpt lat="46.956869" lon="9.485219"><ele>950.1</ele></trkpt>
      <trkpt lat="46.956632" lon="9.485150"><ele>948.6</ele></trkpt>
      <trkpt lat="46.956485" lon="9.485073"><ele>947.7</ele></trkpt>
      <trkpt lat="46.956460" lon="9.485060"><ele>947.6</ele></trkpt>
      <trkpt lat="46.956199" lon="9.484928"><ele>946.0</ele></trkpt>
      <trkpt lat="46.955847" lon="9.484800"><ele>943.9</ele></trkpt>
      <trkpt lat="46.955350" lon="9.484792"><ele>940.0</ele></trkpt>
      <trkpt lat="46.954973" lon="9.484807"><ele>937.0</ele></trkpt>
      <trkpt lat="46.954797" lon="9.484776"><ele>935.6</ele></trkpt>
      <trkpt lat="46.954375" lon="9.484579"><ele>932.1</ele></trkpt>
      <trkpt lat="46.953790" lon="9.484329"><ele>926.9</ele></trkpt>
      <trkpt lat="46.953242" lon="9.484175"><ele>921.8</ele></trkpt>
      <trkpt lat="46.952963" lon="9.484100"><ele>919.2</ele></trkpt>
      <trkpt lat="46.952705" lon="9.484037"><ele>916.9</ele></trkpt>
      <trkpt lat="46.951990" lon="9.484114"><ele>911.8</ele></trkpt>
      <trkpt lat="46.951660" lon="9.483965"><ele>910.6</ele></trkpt>
      <trkpt lat="46.951426" lon="9.483938"><ele>909.8</ele></trkpt>
      <trkpt lat="46.950794" lon="9.484116"><ele>907.6</ele></trkpt>
      <trkpt lat="46.950516" lon="9.484132"><ele>906.6</ele></trkpt>
      <trkpt lat="46.950322" lon="9.484273"><ele>906.3</ele></trkpt>
      <trkpt lat="46.950010" lon="9.484655"><ele>906.0</ele></trkpt>
      <trkpt lat="46.949935" lon="9.484725"><ele>905.9</ele></trkpt>
      <trkpt lat="46.949859" lon="9.484751"><ele>905.8</ele></trkpt>
      <trkpt lat="46.949745" lon="9.484733"><ele>905.7</ele></trkpt>
      <trkpt lat="46.949619" lon="9.484606"><ele>905.6</ele></trkpt>
      <trkpt lat="46.949530" lon="9.484293"><ele>905.4</ele></trkpt>
      <trkpt lat="46.949482" lon="9.484235"><ele>905.4</ele></trkpt>
      <trkpt lat="46.949202" lon="9.484215"><ele>905.1</ele></trkpt>
      <trkpt lat="46.948878" lon="9.484266"><ele>903.7</ele></trkpt>
      <trkpt lat="46.948729" lon="9.484257"><ele>902.2</ele></trkpt>
      <trkpt lat="46.948532" lon="9.484204"><ele>900.1</ele></trkpt>
      <trkpt lat="46.948448" lon="9.484103"><ele>899.0</ele></trkpt>
      <trkpt lat="46.948402" lon="9.483976"><ele>898.0</ele></trkpt>
      <trkpt lat="46.948405" lon="9.483794"><ele>896.7</ele></trkpt>
      <trkpt lat="46.948474" lon="9.483509"><ele>894.5</ele></trkpt>
      <trkpt lat="46.948472" lon="9.483384"><ele>893.6</ele></trkpt>
      <trkpt lat="46.948375" lon="9.483117"><ele>891.5</ele></trkpt>
      <trkpt lat="46.948251" lon="9.482917"><ele>889.6</ele></trkpt>
      <trkpt lat="46.948030" lon="9.482795"><ele>887.1</ele></trkpt>
      <trkpt lat="46.947851" lon="9.482754"><ele>886.1</ele></trkpt>
      <trkpt lat="46.947712" lon="9.482762"><ele>885.9</ele></trkpt>
      <trkpt lat="46.947584" lon="9.482803"><ele>885.7</ele></trkpt>
      <trkpt lat="46.947212" lon="9.483052"><ele>885.1</ele></trkpt>
      <trkpt lat="46.946841" lon="9.483098"><ele>884.5</ele></trkpt>
      <trkpt lat="46.946673" lon="9.483197"><ele>884.3</ele></trkpt>
      <trkpt lat="46.946513" lon="9.483310"><ele>884.0</ele></trkpt>
      <trkpt lat="46.946411" lon="9.483320"><ele>883.8</ele></trkpt>
      <trkpt lat="46.946283" lon="9.483296"><ele>883.6</ele></trkpt>
      <trkpt lat="46.945811" lon="9.483024"><ele>882.6</ele></trkpt>
      <trkpt lat="46.945400" lon="9.482945"><ele>881.8</ele></trkpt>
      <trkpt lat="46.945063" lon="9.482953"><ele>881.1</ele></trkpt>
      <trkpt lat="46.944988" lon="9.482901"><ele>880.9</ele></trkpt>
      <trkpt lat="46.944807" lon="9.482602"><ele>880.4</ele></trkpt>
      <trkpt lat="46.944444" lon="9.482344"><ele>880.1</ele></trkpt>
      <trkpt lat="46.944399" lon="9.482280"><ele>880.2</ele></trkpt>
      <trkpt lat="46.944315" lon="9.482010"><ele>880.4</ele></trkpt>
      <trkpt lat="46.944201" lon="9.481827"><ele>880.7</ele></trkpt>
      <trkpt lat="46.944158" lon="9.481804"><ele>880.7</ele></trkpt>
      <trkpt lat="46.944015" lon="9.481838"><ele>880.9</ele></trkpt>
      <trkpt lat="46.943895" lon="9.481950"><ele>881.1</ele></trkpt>
      <trkpt lat="46.943604" lon="9.482095"><ele>881.5</ele></trkpt>
      <trkpt lat="46.943365" lon="9.482144"><ele>881.8</ele></trkpt>
      <trkpt lat="46.943200" lon="9.482063"><ele>882.0</ele></trkpt>
      <trkpt lat="46.943125" lon="9.481974"><ele>882.1</ele></trkpt>
      <trkpt lat="46.943022" lon="9.481757"><ele>882.2</ele></trkpt>
      <trkpt lat="46.942460" lon="9.481325"><ele>882.3</ele></trkpt>
      <trkpt lat="46.942281" lon="9.481002"><ele>882.3</ele></trkpt>
      <trkpt lat="46.942173" lon="9.480862"><ele>882.4</ele></trkpt>
      <trkpt lat="46.941715" lon="9.480603"><ele>882.4</ele></trkpt>
      <trkpt lat="46.941666" lon="9.480513"><ele>882.4</ele></trkpt>
      <trkpt lat="46.941532" lon="9.479949"><ele>883.7</ele></trkpt>
      <trkpt lat="46.941477" lon="9.479816"><ele>884.1</ele></trkpt>
      <trkpt lat="46.941414" lon="9.479506"><ele>884.9</ele></trkpt>
      <trkpt lat="46.941308" lon="9.479372"><ele>885.3</ele></trkpt>
      <trkpt lat="46.941128" lon="9.479222"><ele>886.1</ele></trkpt>
      <trkpt lat="46.940754" lon="9.479113"><ele>887.4</ele></trkpt>
      <trkpt lat="46.940448" lon="9.478760"><ele>888.7</ele></trkpt>
      <trkpt lat="46.940356" lon="9.478615"><ele>888.8</ele></trkpt>
      <trkpt lat="46.940181" lon="9.478156"><ele>889.2</ele></trkpt>
      <trkpt lat="46.940114" lon="9.478066"><ele>889.3</ele></trkpt>
      <trkpt lat="46.939746" lon="9.477748"><ele>889.7</ele></trkpt>
      <trkpt lat="46.939428" lon="9.477423"><ele>890.1</ele></trkpt>
      <trkpt lat="46.939337" lon="9.477377"><ele>890.2</ele></trkpt>
      <trkpt lat="46.938994" lon="9.477312"><ele>890.6</ele></trkpt>
      <trkpt lat="46.938819" lon="9.477240"><ele>890.7</ele></trkpt>
      <trkpt lat="46.938616" lon="9.477113"><ele>890.9</ele></trkpt>
      <trkpt lat="46.938134" lon="9.476621"><ele>891.3</ele></trkpt>
      <trkpt lat="46.937901" lon="9.476439"><ele>891.5</ele></trkpt>
      <trkpt lat="46.937426" lon="9.476279"><ele>891.9</ele></trkpt>
      <trkpt lat="46.937167" lon="9.476124"><ele>891.7</ele></trkpt>
      <trkpt lat="46.936660" lon="9.475534"><ele>891.2</ele></trkpt>
      <trkpt lat="46.936309" lon="9.475188"><ele>890.9</ele></trkpt>
      <trkpt lat="46.936121" lon="9.475027"><ele>890.8</ele></trkpt>
      <trkpt lat="46.936065" lon="9.474978"><ele>890.7</ele></trkpt>
      <trkpt lat="46.935517" lon="9.474729"><ele>890.0</ele></trkpt>
      <trkpt lat="46.934991" lon="9.473878"><ele>888.9</ele></trkpt>
      <trkpt lat="46.934717" lon="9.473310"><ele>888.2</ele></trkpt>
      <trkpt lat="46.934635" lon="9.473201"><ele>888.0</ele></trkpt>
      <trkpt lat="46.934546" lon="9.473106"><ele>888.1</ele></trkpt>
      <trkpt lat="46.933953" lon="9.472683"><ele>888.7</ele></trkpt>
      <trkpt lat="46.933498" lon="9.472229"><ele>889.2</ele></trkpt>
      <trkpt lat="46.933293" lon="9.472026"><ele>889.5</ele></trkpt>
      <trkpt lat="46.933163" lon="9.471891"><ele>889.6</ele></trkpt>
      <trkpt lat="46.933016" lon="9.471660"><ele>889.9</ele></trkpt>
      <trkpt lat="46.932983" lon="9.471518"><ele>890.0</ele></trkpt>
      <trkpt lat="46.933002" lon="9.471391"><ele>890.1</ele></trkpt>
      <trkpt lat="46.932975" lon="9.471046"><ele>890.3</ele></trkpt>
      <trkpt lat="46.932923" lon="9.470897"><ele>890.4</ele></trkpt>
      <trkpt lat="46.932850" lon="9.470774"><ele>890.6</ele></trkpt>
      <trkpt lat="46.932755" lon="9.470692"><ele>890.7</ele></trkpt>
      <trkpt lat="46.932434" lon="9.470275"><ele>891.2</ele></trkpt>
      <trkpt lat="46.932311" lon="9.470160"><ele>891.3</ele></trkpt>
      <trkpt lat="46.932040" lon="9.470049"><ele>891.6</ele></trkpt>
      <trkpt lat="46.931783" lon="9.470061"><ele>892.7</ele></trkpt>
      <trkpt lat="46.931392" lon="9.470263"><ele>894.6</ele></trkpt>
      <trkpt lat="46.931165" lon="9.470418"><ele>895.8</ele></trkpt>
      <trkpt lat="46.930996" lon="9.470488"><ele>896.6</ele></trkpt>
      <trkpt lat="46.929800" lon="9.470600"><ele>899.1</ele></trkpt>
      <trkpt lat="46.929294" lon="9.470533"><ele>897.9</ele></trkpt>
      <trkpt lat="46.928995" lon="9.470431"><ele>897.1</ele></trkpt>
      <trkpt lat="46.929019" lon="9.470203"><ele>896.7</ele></trkpt>
      <trkpt lat="46.928869" lon="9.470067"><ele>896.3</ele></trkpt>
      <trkpt lat="46.928777" lon="9.470025"><ele>896.1</ele></trkpt>
      <trkpt lat="46.928507" lon="9.469973"><ele>895.7</ele></trkpt>
      <trkpt lat="46.928374" lon="9.469678"><ele>895.5</ele></trkpt>
      <trkpt lat="46.928012" lon="9.469243"><ele>895.1</ele></trkpt>
      <trkpt lat="46.927934" lon="9.469183"><ele>895.0</ele></trkpt>
      <trkpt lat="46.927534" lon="9.468621"><ele>894.5</ele></trkpt>
      <trkpt lat="46.927345" lon="9.468303"><ele>894.2</ele></trkpt>
      <trkpt lat="46.926872" lon="9.467759"><ele>894.9</ele></trkpt>
      <trkpt lat="46.926731" lon="9.467432"><ele>895.2</ele></trkpt>
      <trkpt lat="46.926519" lon="9.466771"><ele>895.8</ele></trkpt>
      <trkpt lat="46.926354" lon="9.466423"><ele>896.1</ele></trkpt>
      <trkpt lat="46.926062" lon="9.466093"><ele>896.5</ele></trkpt>
      <trkpt lat="46.925888" lon="9.465820"><ele>896.7</ele></trkpt>
      <trkpt lat="46.925682" lon="9.465560"><ele>897.0</ele></trkpt>
      <trkpt lat="46.925468" lon="9.464988"><ele>897.4</ele></trkpt>
      <trkpt lat="46.925405" lon="9.464872"><ele>897.4</ele></trkpt>
      <trkpt lat="46.925301" lon="9.464768"><ele>897.6</ele></trkpt>
      <trkpt lat="46.925156" lon="9.464702"><ele>897.7</ele></trkpt>
      <trkpt lat="46.924857" lon="9.464227"><ele>899.3</ele></trkpt>
      <trkpt lat="46.924853" lon="9.464011"><ele>900.2</ele></trkpt>
      <trkpt lat="46.924468" lon="9.463552"><ele>903.4</ele></trkpt>
      <trkpt lat="46.924310" lon="9.463216"><ele>905.2</ele></trkpt>
      <trkpt lat="46.923993" lon="9.462942"><ele>907.5</ele></trkpt>
      <trkpt lat="46.923963" lon="9.462736"><ele>908.4</ele></trkpt>
      <trkpt lat="46.923914" lon="9.462631"><ele>909.0</ele></trkpt>
      <trkpt lat="46.923662" lon="9.462384"><ele>912.4</ele></trkpt>
      <trkpt lat="46.923383" lon="9.461996"><ele>917.2</ele></trkpt>
      <trkpt lat="46.923104" lon="9.461706"><ele>921.5</ele></trkpt>
      <trkpt lat="46.922758" lon="9.461109"><ele>928.1</ele></trkpt>
      <trkpt lat="46.922550" lon="9.460879"><ele>931.4</ele></trkpt>
      <trkpt lat="46.922404" lon="9.460788"><ele>932.1</ele></trkpt>
      <trkpt lat="46.921991" lon="9.460628"><ele>933.3</ele></trkpt>
      <trkpt lat="46.921603" lon="9.460545"><ele>934.4</ele></trkpt>
      <trkpt lat="46.921369" lon="9.460276"><ele>935.2</ele></trkpt>
      <trkpt lat="46.921231" lon="9.459998"><ele>935.9</ele></trkpt>
      <trkpt lat="46.921214" lon="9.459856"><ele>936.2</ele></trkpt>
      <trkpt lat="46.921239" lon="9.459528"><ele>936.8</ele></trkpt>
      <trkpt lat="46.921367" lon="9.458991"><ele>936.8</ele></trkpt>
      <trkpt lat="46.921376" lon="9.458751"><ele>936.8</ele></trkpt>
      <trkpt lat="46.921371" lon="9.458520"><ele>936.8</ele></trkpt>
      <trkpt lat="46.921311" lon="9.458041"><ele>936.8</ele></trkpt>
      <trkpt lat="46.921270" lon="9.457925"><ele>936.8</ele></trkpt>
      <trkpt lat="46.921217" lon="9.457856"><ele>936.8</ele></trkpt>
      <trkpt lat="46.921142" lon="9.457796"><ele>936.8</ele></trkpt>
      <trkpt lat="46.920992" lon="9.457705"><ele>936.8</ele></trkpt>
      <trkpt lat="46.920820" lon="9.457506"><ele>936.8</ele></trkpt>
      <trkpt lat="46.920718" lon="9.457296"><ele>936.5</ele></trkpt>
      <trkpt lat="46.920462" lon="9.456769"><ele>934.2</ele></trkpt>
      <trkpt lat="46.920236" lon="9.456639"><ele>933.0</ele></trkpt>
      <trkpt lat="46.920093" lon="9.457287"><ele>930.6</ele></trkpt>
      <trkpt lat="46.919934" lon="9.457510"><ele>929.4</ele></trkpt>
      <trkpt lat="46.919691" lon="9.457688"><ele>928.0</ele></trkpt>
      <trkpt lat="46.919570" lon="9.457648"><ele>927.4</ele></trkpt>
      <trkpt lat="46.919522" lon="9.457572"><ele>927.1</ele></trkpt>
      <trkpt lat="46.919179" lon="9.456623"><ele>924.0</ele></trkpt>
      <trkpt lat="46.918855" lon="9.455106"><ele>919.8</ele></trkpt>
      <trkpt lat="46.918679" lon="9.454816"><ele>919.4</ele></trkpt>
      <trkpt lat="46.918553" lon="9.454741"><ele>919.2</ele></trkpt>
      <trkpt lat="46.918229" lon="9.454720"><ele>918.7</ele></trkpt>
      <trkpt lat="46.918084" lon="9.454788"><ele>918.5</ele></trkpt>
      <trkpt lat="46.917277" lon="9.455509"><ele>917.8</ele></trkpt>
      <trkpt lat="46.917031" lon="9.455685"><ele>918.8</ele></trkpt>
      <trkpt lat="46.916718" lon="9.455886"><ele>920.0</ele></trkpt>
      <trkpt lat="46.916356" lon="9.455113"><ele>922.4</ele></trkpt>
      <trkpt lat="46.915930" lon="9.453875"><ele>924.6</ele></trkpt>
      <trkpt lat="46.915573" lon="9.453242"><ele>925.4</ele></trkpt>
      <trkpt lat="46.915124" lon="9.452752"><ele>926.2</ele></trkpt>
      <trkpt lat="46.914593" lon="9.451817"><ele>928.4</ele></trkpt>
      <trkpt lat="46.914464" lon="9.451659"><ele>928.9</ele></trkpt>
      <trkpt lat="46.914385" lon="9.451607"><ele>929.2</ele></trkpt>
      <trkpt lat="46.914103" lon="9.451418"><ele>930.1</ele></trkpt>
      <trkpt lat="46.913662" lon="9.451002"><ele>931.6</ele></trkpt>
      <trkpt lat="46.913021" lon="9.450865"><ele>935.4</ele></trkpt>
      <trkpt lat="46.912574" lon="9.450989"><ele>938.0</ele></trkpt>
      <trkpt lat="46.912352" lon="9.450867"><ele>939.4</ele></trkpt>
      <trkpt lat="46.912273" lon="9.450747"><ele>940.0</ele></trkpt>
      <trkpt lat="46.912155" lon="9.450245"><ele>942.1</ele></trkpt>
      <trkpt lat="46.911629" lon="9.449539"><ele>943.6</ele></trkpt>
      <trkpt lat="46.911262" lon="9.449045"><ele>944.6</ele></trkpt>
      <trkpt lat="46.911070" lon="9.448935"><ele>945.1</ele></trkpt>
      <trkpt lat="46.910933" lon="9.448928"><ele>945.3</ele></trkpt>
      <trkpt lat="46.910441" lon="9.448361"><ele>945.6</ele></trkpt>
      <trkpt lat="46.909803" lon="9.446862"><ele>944.9</ele></trkpt>
      <trkpt lat="46.909769" lon="9.446626"><ele>944.8</ele></trkpt>
      <trkpt lat="46.909502" lon="9.445605"><ele>944.2</ele></trkpt>
      <trkpt lat="46.909459" lon="9.445199"><ele>944.0</ele></trkpt>
      <trkpt lat="46.909344" lon="9.444831"><ele>943.8</ele></trkpt>
      <trkpt lat="46.908921" lon="9.443343"><ele>944.1</ele></trkpt>
      <trkpt lat="46.908685" lon="9.442189"><ele>945.1</ele></trkpt>
      <trkpt lat="46.908527" lon="9.442008"><ele>945.4</ele></trkpt>
      <trkpt lat="46.908551" lon="9.441934"><ele>945.5</ele></trkpt>
      <trkpt lat="46.908577" lon="9.441853"><ele>945.5</ele></trkpt>
      <trkpt lat="46.908927" lon="9.441098"><ele>946.6</ele></trkpt>
      <trkpt lat="46.908986" lon="9.440943"><ele>946.8</ele></trkpt>
      <trkpt lat="46.908995" lon="9.440852"><ele>946.9</ele></trkpt>
      <trkpt lat="46.908873" lon="9.441007"><ele>947.2</ele></trkpt>
      <trkpt lat="46.908789" lon="9.441036"><ele>947.3</ele></trkpt>
      <trkpt lat="46.908714" lon="9.441015"><ele>947.5</ele></trkpt>
      <trkpt lat="46.908636" lon="9.440939"><ele>947.6</ele></trkpt>
      <trkpt lat="46.908502" lon="9.440746"><ele>948.0</ele></trkpt>
      <trkpt lat="46.908219" lon="9.440421"><ele>948.6</ele></trkpt>
      <trkpt lat="46.908148" lon="9.440491"><ele>948.7</ele></trkpt>
      <trkpt lat="46.908026" lon="9.440515"><ele>949.0</ele></trkpt>
      <trkpt lat="46.907937" lon="9.440496"><ele>949.2</ele></trkpt>
      <trkpt lat="46.907371" lon="9.439799"><ele>951.0</ele></trkpt>
      <trkpt lat="46.907179" lon="9.439645"><ele>951.5</ele></trkpt>
      <trkpt lat="46.907069" lon="9.439626"><ele>951.8</ele></trkpt>
      <trkpt lat="46.907044" lon="9.439634"><ele>951.8</ele></trkpt>
      <trkpt lat="46.906974" lon="9.439694"><ele>952.0</ele></trkpt>
      <trkpt lat="46.906943" lon="9.439720"><ele>952.1</ele></trkpt>
      <trkpt lat="46.906844" lon="9.439725"><ele>952.3</ele></trkpt>
      <trkpt lat="46.906737" lon="9.439807"><ele>952.6</ele></trkpt>
      <trkpt lat="46.906379" lon="9.439498"><ele>954.3</ele></trkpt>
      <trkpt lat="46.905977" lon="9.439044"><ele>956.9</ele></trkpt>
      <trkpt lat="46.905787" lon="9.438647"><ele>958.6</ele></trkpt>
      <trkpt lat="46.905572" lon="9.438354"><ele>960.2</ele></trkpt>
      <trkpt lat="46.905501" lon="9.438298"><ele>960.6</ele></trkpt>
      <trkpt lat="46.904799" lon="9.438196"><ele>964.4</ele></trkpt>
      <trkpt lat="46.904461" lon="9.437967"><ele>966.5</ele></trkpt>
      <trkpt lat="46.904263" lon="9.437985"><ele>967.6</ele></trkpt>
      <trkpt lat="46.903816" lon="9.437701"><ele>970.3</ele></trkpt>
      <trkpt lat="46.903198" lon="9.437158"><ele>973.6</ele></trkpt>
      <trkpt lat="46.902915" lon="9.437049"><ele>974.6</ele></trkpt>
      <trkpt lat="46.902640" lon="9.436675"><ele>975.9</ele></trkpt>
      <trkpt lat="46.902441" lon="9.436317"><ele>977.0</ele></trkpt>
      <trkpt lat="46.902115" lon="9.435946"><ele>978.4</ele></trkpt>
      <trkpt lat="46.901691" lon="9.435384"><ele>979.1</ele></trkpt>
      <trkpt lat="46.901529" lon="9.435103"><ele>979.4</ele></trkpt>
      <trkpt lat="46.901476" lon="9.434790"><ele>979.6</ele></trkpt>
      <trkpt lat="46.901437" lon="9.434692"><ele>979.7</ele></trkpt>
      <trkpt lat="46.901250" lon="9.434465"><ele>979.9</ele></trkpt>
      <trkpt lat="46.901167" lon="9.434309"><ele>980.1</ele></trkpt>
      <trkpt lat="46.901098" lon="9.433929"><ele>980.3</ele></trkpt>
      <trkpt lat="46.901099" lon="9.433817"><ele>980.4</ele></trkpt>
      <trkpt lat="46.901151" lon="9.433681"><ele>980.7</ele></trkpt>
      <trkpt lat="46.901013" lon="9.433591"><ele>981.1</ele></trkpt>
      <trkpt lat="46.900859" lon="9.433399"><ele>981.7</ele></trkpt>
      <trkpt lat="46.900537" lon="9.432822"><ele>983.2</ele></trkpt>
      <trkpt lat="46.900491" lon="9.432739"><ele>983.4</ele></trkpt>
      <trkpt lat="46.900409" lon="9.432605"><ele>983.8</ele></trkpt>
      <trkpt lat="46.900133" lon="9.432033"><ele>985.2</ele></trkpt>
      <trkpt lat="46.899909" lon="9.431742"><ele>986.1</ele></trkpt>
      <trkpt lat="46.899617" lon="9.431426"><ele>987.2</ele></trkpt>
      <trkpt lat="46.899099" lon="9.431117"><ele>988.9</ele></trkpt>
      <trkpt lat="46.898944" lon="9.431089"><ele>989.3</ele></trkpt>
      <trkpt lat="46.898755" lon="9.431145"><ele>989.9</ele></trkpt>
      <trkpt lat="46.898299" lon="9.431486"><ele>991.8</ele></trkpt>
      <trkpt lat="46.898094" lon="9.431562"><ele>993.0</ele></trkpt>
      <trkpt lat="46.897860" lon="9.431580"><ele>994.3</ele></trkpt>
      <trkpt lat="46.897607" lon="9.431526"><ele>995.8</ele></trkpt>
      <trkpt lat="46.897436" lon="9.431541"><ele>996.8</ele></trkpt>
      <trkpt lat="46.897109" lon="9.431682"><ele>998.7</ele></trkpt>
      <trkpt lat="46.896942" lon="9.431738"><ele>999.7</ele></trkpt>
      <trkpt lat="46.896692" lon="9.431766"><ele>1001.1</ele></trkpt>
      <trkpt lat="46.896052" lon="9.431544"><ele>1004.7</ele></trkpt>
      <trkpt lat="46.895773" lon="9.431337"><ele>1006.4</ele></trkpt>
      <trkpt lat="46.895569" lon="9.431024"><ele>1008.0</ele></trkpt>
      <trkpt lat="46.895523" lon="9.430947"><ele>1008.4</ele></trkpt>
      <trkpt lat="46.895428" lon="9.430805"><ele>1009.2</ele></trkpt>
      <trkpt lat="46.895341" lon="9.430723"><ele>1009.7</ele></trkpt>
      <trkpt lat="46.895105" lon="9.430579"><ele>1011.1</ele></trkpt>
      <trkpt lat="46.894941" lon="9.430520"><ele>1012.2</ele></trkpt>
      <trkpt lat="46.894769" lon="9.430500"><ele>1013.2</ele></trkpt>
      <trkpt lat="46.894301" lon="9.430551"><ele>1016.2</ele></trkpt>
      <trkpt lat="46.893668" lon="9.430816"><ele>1020.4</ele></trkpt>
      <trkpt lat="46.893553" lon="9.430829"><ele>1021.1</ele></trkpt>
      <trkpt lat="46.893454" lon="9.430801"><ele>1021.7</ele></trkpt>
      <trkpt lat="46.893326" lon="9.430708"><ele>1022.6</ele></trkpt>
      <trkpt lat="46.892194" lon="9.430419"><ele>1028.3</ele></trkpt>
      <trkpt lat="46.892085" lon="9.430336"><ele>1029.0</ele></trkpt>
      <trkpt lat="46.891974" lon="9.430163"><ele>1029.8</ele></trkpt>
      <trkpt lat="46.891715" lon="9.429633"><ele>1031.9</ele></trkpt>
      <trkpt lat="46.891324" lon="9.429128"><ele>1033.8</ele></trkpt>
      <trkpt lat="46.890623" lon="9.428447"><ele>1036.8</ele></trkpt>
      <trkpt lat="46.890200" lon="9.428124"><ele>1038.8</ele></trkpt>
      <trkpt lat="46.889939" lon="9.427913"><ele>1040.3</ele></trkpt>
      <trkpt lat="46.889847" lon="9.427836"><ele>1040.8</ele></trkpt>
      <trkpt lat="46.889568" lon="9.427636"><ele>1042.4</ele></trkpt>
      <trkpt lat="46.889441" lon="9.427596"><ele>1043.1</ele></trkpt>
      <trkpt lat="46.889162" lon="9.427618"><ele>1044.5</ele></trkpt>
      <trkpt lat="46.888849" lon="9.427760"><ele>1046.1</ele></trkpt>
      <trkpt lat="46.888729" lon="9.427786"><ele>1046.8</ele></trkpt>
      <trkpt lat="46.888602" lon="9.427772"><ele>1047.4</ele></trkpt>
      <trkpt lat="46.888456" lon="9.427677"><ele>1048.2</ele></trkpt>
      <trkpt lat="46.888323" lon="9.427533"><ele>1049.1</ele></trkpt>
      <trkpt lat="46.888185" lon="9.427326"><ele>1050.1</ele></trkpt>
      <trkpt lat="46.888049" lon="9.426404"><ele>1053.5</ele></trkpt>
      <trkpt lat="46.887967" lon="9.426197"><ele>1054.4</ele></trkpt>
      <trkpt lat="46.887830" lon="9.425978"><ele>1055.4</ele></trkpt>
      <trkpt lat="46.887390" lon="9.425490"><ele>1057.6</ele></trkpt>
      <trkpt lat="46.887200" lon="9.425303"><ele>1058.3</ele></trkpt>
      <trkpt lat="46.887159" lon="9.425261"><ele>1058.5</ele></trkpt>
      <trkpt lat="46.887133" lon="9.425238"><ele>1058.6</ele></trkpt>
      <trkpt lat="46.886944" lon="9.425101"><ele>1059.2</ele></trkpt>
      <trkpt lat="46.886375" lon="9.424877"><ele>1061.0</ele></trkpt>
      <trkpt lat="46.885990" lon="9.424858"><ele>1062.2</ele></trkpt>
      <trkpt lat="46.885829" lon="9.424812"><ele>1062.9</ele></trkpt>
      <trkpt lat="46.885700" lon="9.424721"><ele>1063.5</ele></trkpt>
      <trkpt lat="46.885597" lon="9.424582"><ele>1064.1</ele></trkpt>
      <trkpt lat="46.885378" lon="9.424115"><ele>1065.7</ele></trkpt>
      <trkpt lat="46.885161" lon="9.423928"><ele>1066.8</ele></trkpt>
      <trkpt lat="46.884639" lon="9.423813"><ele>1069.0</ele></trkpt>
      <trkpt lat="46.884364" lon="9.423716"><ele>1069.8</ele></trkpt>
      <trkpt lat="46.883870" lon="9.423233"><ele>1070.0</ele></trkpt>
      <trkpt lat="46.883758" lon="9.423046"><ele>1070.0</ele></trkpt>
      <trkpt lat="46.883609" lon="9.422360"><ele>1070.2</ele></trkpt>
      <trkpt lat="46.883501" lon="9.422135"><ele>1070.2</ele></trkpt>
      <trkpt lat="46.883319" lon="9.421910"><ele>1070.3</ele></trkpt>
      <trkpt lat="46.883045" lon="9.421560"><ele>1070.8</ele></trkpt>
      <trkpt lat="46.882921" lon="9.421399"><ele>1071.0</ele></trkpt>
      <trkpt lat="46.882797" lon="9.421268"><ele>1071.2</ele></trkpt>
      <trkpt lat="46.882780" lon="9.421250"><ele>1071.2</ele></trkpt>
      <trkpt lat="46.882767" lon="9.421235"><ele>1071.2</ele></trkpt>
      <trkpt lat="46.882302" lon="9.420810"><ele>1071.9</ele></trkpt>
      <trkpt lat="46.882009" lon="9.420489"><ele>1072.4</ele></trkpt>
      <trkpt lat="46.881725" lon="9.420132"><ele>1073.2</ele></trkpt>
      <trkpt lat="46.881562" lon="9.419825"><ele>1074.0</ele></trkpt>
      <trkpt lat="46.881282" lon="9.419367"><ele>1075.1</ele></trkpt>
      <trkpt lat="46.880979" lon="9.419022"><ele>1076.2</ele></trkpt>
      <trkpt lat="46.880955" lon="9.419001"><ele>1076.3</ele></trkpt>
      <trkpt lat="46.880884" lon="9.418947"><ele>1076.5</ele></trkpt>
      <trkpt lat="46.880238" lon="9.418670"><ele>1078.7</ele></trkpt>
      <trkpt lat="46.879839" lon="9.418352"><ele>1080.4</ele></trkpt>
      <trkpt lat="46.879590" lon="9.418024"><ele>1081.6</ele></trkpt>
      <trkpt lat="46.879272" lon="9.417722"><ele>1083.0</ele></trkpt>
      <trkpt lat="46.879043" lon="9.417627"><ele>1083.9</ele></trkpt>
      <trkpt lat="46.878812" lon="9.417358"><ele>1085.1</ele></trkpt>
      <trkpt lat="46.878519" lon="9.417056"><ele>1086.7</ele></trkpt>
      <trkpt lat="46.878076" lon="9.416664"><ele>1089.1</ele></trkpt>
      <trkpt lat="46.877641" lon="9.416400"><ele>1091.2</ele></trkpt>
      <trkpt lat="46.877520" lon="9.416299"><ele>1091.9</ele></trkpt>
      <trkpt lat="46.877407" lon="9.416147"><ele>1092.5</ele></trkpt>
      <trkpt lat="46.877294" lon="9.415874"><ele>1093.4</ele></trkpt>
      <trkpt lat="46.877196" lon="9.415708"><ele>1094.0</ele></trkpt>
      <trkpt lat="46.877021" lon="9.415584"><ele>1094.8</ele></trkpt>
      <trkpt lat="46.876771" lon="9.415181"><ele>1096.4</ele></trkpt>
      <trkpt lat="46.876556" lon="9.414878"><ele>1097.6</ele></trkpt>
      <trkpt lat="46.876362" lon="9.414701"><ele>1098.5</ele></trkpt>
      <trkpt lat="46.876197" lon="9.414628"><ele>1099.2</ele></trkpt>
      <trkpt lat="46.875847" lon="9.414660"><ele>1100.6</ele></trkpt>
      <trkpt lat="46.875611" lon="9.414621"><ele>1101.4</ele></trkpt>
      <trkpt lat="46.875333" lon="9.414519"><ele>1102.5</ele></trkpt>
      <trkpt lat="46.875131" lon="9.414467"><ele>1103.3</ele></trkpt>
      <trkpt lat="46.875118" lon="9.414469"><ele>1103.3</ele></trkpt>
      <trkpt lat="46.874789" lon="9.414389"><ele>1104.6</ele></trkpt>
      <trkpt lat="46.874364" lon="9.414294"><ele>1106.2</ele></trkpt>
      <trkpt lat="46.873730" lon="9.414342"><ele>1109.7</ele></trkpt>
      <trkpt lat="46.873568" lon="9.414334"><ele>1110.7</ele></trkpt>
      <trkpt lat="46.873469" lon="9.414292"><ele>1111.3</ele></trkpt>
      <trkpt lat="46.872226" lon="9.413338"><ele>1119.8</ele></trkpt>
      <trkpt lat="46.872048" lon="9.413011"><ele>1121.7</ele></trkpt>
      <trkpt lat="46.871842" lon="9.412550"><ele>1124.1</ele></trkpt>
      <trkpt lat="46.871778" lon="9.412463"><ele>1124.7</ele></trkpt>
      <trkpt lat="46.871605" lon="9.412326"><ele>1125.9</ele></trkpt>
      <trkpt lat="46.870871" lon="9.411861"><ele>1131.1</ele></trkpt>
      <trkpt lat="46.870391" lon="9.411278"><ele>1135.0</ele></trkpt>
      <trkpt lat="46.870094" lon="9.411071"><ele>1137.1</ele></trkpt>
      <trkpt lat="46.869450" lon="9.410469"><ele>1142.3</ele></trkpt>
      <trkpt lat="46.868918" lon="9.409745"><ele>1147.9</ele></trkpt>
      <trkpt lat="46.868839" lon="9.409665"><ele>1148.6</ele></trkpt>
      <trkpt lat="46.868413" lon="9.409516"><ele>1152.0</ele></trkpt>
      <trkpt lat="46.867689" lon="9.409402"><ele>1158.8</ele></trkpt>
      <trkpt lat="46.867251" lon="9.409242"><ele>1163.4</ele></trkpt>
      <trkpt lat="46.866926" lon="9.409227"><ele>1166.8</ele></trkpt>
      <trkpt lat="46.866509" lon="9.409349"><ele>1171.1</ele></trkpt>
      <trkpt lat="46.866189" lon="9.409303"><ele>1174.9</ele></trkpt>
      <trkpt lat="46.865981" lon="9.409233"><ele>1177.7</ele></trkpt>
      <trkpt lat="46.865378" lon="9.409327"><ele>1185.6</ele></trkpt>
      <trkpt lat="46.865116" lon="9.409419"><ele>1189.1</ele></trkpt>
      <trkpt lat="46.864818" lon="9.409466"><ele>1193.1</ele></trkpt>
      <trkpt lat="46.864458" lon="9.409462"><ele>1197.7</ele></trkpt>
      <trkpt lat="46.863577" lon="9.409369"><ele>1208.8</ele></trkpt>
      <trkpt lat="46.863164" lon="9.409317"><ele>1214.1</ele></trkpt>
      <trkpt lat="46.862811" lon="9.409269"><ele>1218.5</ele></trkpt>
      <trkpt lat="46.862281" lon="9.409128"><ele>1225.6</ele></trkpt>
      <trkpt lat="46.861637" lon="9.409119"><ele>1234.0</ele></trkpt>
      <trkpt lat="46.861528" lon="9.409033"><ele>1235.6</ele></trkpt>
      <trkpt lat="46.861508" lon="9.408940"><ele>1236.5</ele></trkpt>
      <trkpt lat="46.861514" lon="9.408666"><ele>1239.0</ele></trkpt>
      <trkpt lat="46.861438" lon="9.408598"><ele>1240.1</ele></trkpt>
      <trkpt lat="46.861374" lon="9.408638"><ele>1241.0</ele></trkpt>
      <trkpt lat="46.861207" lon="9.408815"><ele>1243.9</ele></trkpt>
      <trkpt lat="46.861126" lon="9.408830"><ele>1245.1</ele></trkpt>
      <trkpt lat="46.860544" lon="9.408497"><ele>1254.1</ele></trkpt>
      <trkpt lat="46.860450" lon="9.408491"><ele>1255.5</ele></trkpt>
      <trkpt lat="46.860372" lon="9.408496"><ele>1256.6</ele></trkpt>
      <trkpt lat="46.860121" lon="9.408849"><ele>1261.7</ele></trkpt>
      <trkpt lat="46.860063" lon="9.408877"><ele>1262.6</ele></trkpt>
      <trkpt lat="46.859996" lon="9.408854"><ele>1263.6</ele></trkpt>
      <trkpt lat="46.859576" lon="9.408429"><ele>1270.6</ele></trkpt>
      <trkpt lat="46.859382" lon="9.408274"><ele>1273.2</ele></trkpt>
      <trkpt lat="46.859174" lon="9.408167"><ele>1275.9</ele></trkpt>
      <trkpt lat="46.858558" lon="9.408050"><ele>1283.5</ele></trkpt>
      <trkpt lat="46.858239" lon="9.407787"><ele>1287.9</ele></trkpt>
      <trkpt lat="46.858173" lon="9.407746"><ele>1288.8</ele></trkpt>
      <trkpt lat="46.858055" lon="9.407728"><ele>1290.2</ele></trkpt>
      <trkpt lat="46.857850" lon="9.407818"><ele>1292.6</ele></trkpt>
      <trkpt lat="46.857397" lon="9.408180"><ele>1298.3</ele></trkpt>
      <trkpt lat="46.857346" lon="9.408273"><ele>1299.2</ele></trkpt>
      <trkpt lat="46.857347" lon="9.408363"><ele>1299.9</ele></trkpt>
      <trkpt lat="46.857399" lon="9.408467"><ele>1300.9</ele></trkpt>
      <trkpt lat="46.857765" lon="9.408808"><ele>1305.7</ele></trkpt>
      <trkpt lat="46.857825" lon="9.408945"><ele>1306.9</ele></trkpt>
      <trkpt lat="46.857803" lon="9.409057"><ele>1307.8</ele></trkpt>
      <trkpt lat="46.857745" lon="9.409132"><ele>1308.7</ele></trkpt>
      <trkpt lat="46.857488" lon="9.409249"><ele>1311.7</ele></trkpt>
      <trkpt lat="46.857408" lon="9.409315"><ele>1312.8</ele></trkpt>
      <trkpt lat="46.857338" lon="9.409500"><ele>1314.4</ele></trkpt>
      <trkpt lat="46.857353" lon="9.409565"><ele>1315.0</ele></trkpt>
      <trkpt lat="46.857539" lon="9.409726"><ele>1317.4</ele></trkpt>
      <trkpt lat="46.857585" lon="9.409838"><ele>1318.5</ele></trkpt>
      <trkpt lat="46.857560" lon="9.410088"><ele>1320.4</ele></trkpt>
      <trkpt lat="46.857471" lon="9.410341"><ele>1322.7</ele></trkpt>
      <trkpt lat="46.857515" lon="9.410520"><ele>1324.2</ele></trkpt>
      <trkpt lat="46.857642" lon="9.410605"><ele>1325.8</ele></trkpt>
      <trkpt lat="46.858025" lon="9.410619"><ele>1330.2</ele></trkpt>
      <trkpt lat="46.858100" lon="9.410692"><ele>1331.1</ele></trkpt>
      <trkpt lat="46.858250" lon="9.411008"><ele>1333.2</ele></trkpt>
      <trkpt lat="46.858442" lon="9.411055"><ele>1334.8</ele></trkpt>
      <trkpt lat="46.858489" lon="9.411117"><ele>1335.3</ele></trkpt>
      <trkpt lat="46.858488" lon="9.411258"><ele>1336.1</ele></trkpt>
      <trkpt lat="46.858405" lon="9.411646"><ele>1338.3</ele></trkpt>
      <trkpt lat="46.858335" lon="9.411730"><ele>1339.1</ele></trkpt>
      <trkpt lat="46.858190" lon="9.411785"><ele>1340.3</ele></trkpt>
      <trkpt lat="46.857972" lon="9.411815"><ele>1342.1</ele></trkpt>
      <trkpt lat="46.857563" lon="9.411679"><ele>1345.4</ele></trkpt>
      <trkpt lat="46.857103" lon="9.411707"><ele>1346.6</ele></trkpt>
      <trkpt lat="46.856606" lon="9.411563"><ele>1347.9</ele></trkpt>
      <trkpt lat="46.856170" lon="9.411567"><ele>1349.0</ele></trkpt>
      <trkpt lat="46.856129" lon="9.411575"><ele>1349.1</ele></trkpt>
      <trkpt lat="46.855766" lon="9.411638"><ele>1349.9</ele></trkpt>
      <trkpt lat="46.855599" lon="9.411702"><ele>1349.1</ele></trkpt>
      <trkpt lat="46.854438" lon="9.412595"><ele>1343.2</ele></trkpt>
      <trkpt lat="46.854282" lon="9.412766"><ele>1342.3</ele></trkpt>
      <trkpt lat="46.854034" lon="9.413215"><ele>1336.9</ele></trkpt>
      <trkpt lat="46.853894" lon="9.413308"><ele>1334.3</ele></trkpt>
      <trkpt lat="46.853394" lon="9.413493"><ele>1325.6</ele></trkpt>
      <trkpt lat="46.853027" lon="9.413538"><ele>1319.5</ele></trkpt>
      <trkpt lat="46.852782" lon="9.413509"><ele>1315.3</ele></trkpt>
      <trkpt lat="46.852324" lon="9.413108"><ele>1303.3</ele></trkpt>
      <trkpt lat="46.852095" lon="9.413070"><ele>1297.1</ele></trkpt>
      <trkpt lat="46.851755" lon="9.412944"><ele>1287.8</ele></trkpt>
      <trkpt lat="46.851548" lon="9.412753"><ele>1281.2</ele></trkpt>
      <trkpt lat="46.851282" lon="9.412889"><ele>1273.7</ele></trkpt>
      <trkpt lat="46.850820" lon="9.412646"><ele>1261.6</ele></trkpt>
      <trkpt lat="46.850648" lon="9.412306"><ele>1256.3</ele></trkpt>
      <trkpt lat="46.850502" lon="9.412168"><ele>1253.1</ele></trkpt>
      <trkpt lat="46.850279" lon="9.412124"><ele>1249.0</ele></trkpt>
      <trkpt lat="46.850190" lon="9.412066"><ele>1247.3</ele></trkpt>
      <trkpt lat="46.850163" lon="9.412009"><ele>1246.4</ele></trkpt>
      <trkpt lat="46.850175" lon="9.411875"><ele>1244.7</ele></trkpt>
      <trkpt lat="46.850490" lon="9.411550"><ele>1237.7</ele></trkpt>
      <trkpt lat="46.850869" lon="9.411333"><ele>1230.8</ele></trkpt>
      <trkpt lat="46.851131" lon="9.411234"><ele>1230.1</ele></trkpt>
      <trkpt lat="46.851225" lon="9.411082"><ele>1229.7</ele></trkpt>
      <trkpt lat="46.851319" lon="9.410809"><ele>1229.1</ele></trkpt>
      <trkpt lat="46.851263" lon="9.409981"><ele>1227.6</ele></trkpt>
      <trkpt lat="46.851272" lon="9.409218"><ele>1226.1</ele></trkpt>
      <trkpt lat="46.851321" lon="9.408628"><ele>1220.3</ele></trkpt>
      <trkpt lat="46.851534" lon="9.407195"><ele>1204.2</ele></trkpt>
      <trkpt lat="46.851536" lon="9.406972"><ele>1201.7</ele></trkpt>
      <trkpt lat="46.851457" lon="9.406561"><ele>1197.1</ele></trkpt>
      <trkpt lat="46.851449" lon="9.406411"><ele>1195.7</ele></trkpt>
      <trkpt lat="46.851511" lon="9.406017"><ele>1192.0</ele></trkpt>
      <trkpt lat="46.851592" lon="9.405806"><ele>1189.8</ele></trkpt>
      <trkpt lat="46.851707" lon="9.405221"><ele>1184.2</ele></trkpt>
      <trkpt lat="46.851827" lon="9.405022"><ele>1181.8</ele></trkpt>
      <trkpt lat="46.851857" lon="9.404879"><ele>1180.4</ele></trkpt>
      <trkpt lat="46.851870" lon="9.404585"><ele>1177.7</ele></trkpt>
      <trkpt lat="46.851933" lon="9.404342"><ele>1175.3</ele></trkpt>
      <trkpt lat="46.852050" lon="9.403581"><ele>1168.5</ele></trkpt>
      <trkpt lat="46.852112" lon="9.402840"><ele>1162.1</ele></trkpt>
      <trkpt lat="46.852053" lon="9.402594"><ele>1159.9</ele></trkpt>
      <trkpt lat="46.852051" lon="9.402508"><ele>1159.2</ele></trkpt>
      <trkpt lat="46.852106" lon="9.402163"><ele>1156.2</ele></trkpt>
      <trkpt lat="46.852286" lon="9.401636"><ele>1151.1</ele></trkpt>
      <trkpt lat="46.852303" lon="9.401431"><ele>1149.2</ele></trkpt>
      <trkpt lat="46.852280" lon="9.401229"><ele>1147.2</ele></trkpt>
      <trkpt lat="46.852019" lon="9.400434"><ele>1138.6</ele></trkpt>
      <trkpt lat="46.851932" lon="9.399572"><ele>1130.1</ele></trkpt>
      <trkpt lat="46.851883" lon="9.399334"><ele>1127.7</ele></trkpt>
      <trkpt lat="46.851781" lon="9.399029"><ele>1124.3</ele></trkpt>
      <trkpt lat="46.851774" lon="9.398835"><ele>1122.1</ele></trkpt>
      <trkpt lat="46.851713" lon="9.398770"><ele>1120.8</ele></trkpt>
      <trkpt lat="46.851646" lon="9.398815"><ele>1119.5</ele></trkpt>
      <trkpt lat="46.851427" lon="9.399643"><ele>1109.2</ele></trkpt>
      <trkpt lat="46.851119" lon="9.400425"><ele>1098.7</ele></trkpt>
      <trkpt lat="46.850981" lon="9.400948"><ele>1092.1</ele></trkpt>
      <trkpt lat="46.850910" lon="9.401638"><ele>1083.8</ele></trkpt>
      <trkpt lat="46.850946" lon="9.402053"><ele>1078.9</ele></trkpt>
      <trkpt lat="46.850946" lon="9.402162"><ele>1077.6</ele></trkpt>
      <trkpt lat="46.850893" lon="9.402250"><ele>1076.2</ele></trkpt>
      <trkpt lat="46.850859" lon="9.402261"><ele>1075.6</ele></trkpt>
      <trkpt lat="46.850806" lon="9.402213"><ele>1074.5</ele></trkpt>
      <trkpt lat="46.850686" lon="9.401900"><ele>1070.2</ele></trkpt>
      <trkpt lat="46.850128" lon="9.401076"><ele>1056.5</ele></trkpt>
      <trkpt lat="46.849949" lon="9.400901"><ele>1052.8</ele></trkpt>
      <trkpt lat="46.849688" lon="9.400775"><ele>1048.0</ele></trkpt>
      <trkpt lat="46.849591" lon="9.400621"><ele>1045.6</ele></trkpt>
      <trkpt lat="46.849489" lon="9.400267"><ele>1041.0</ele></trkpt>
      <trkpt lat="46.849328" lon="9.399886"><ele>1035.8</ele></trkpt>
      <trkpt lat="46.849271" lon="9.399536"><ele>1031.6</ele></trkpt>
      <trkpt lat="46.849272" lon="9.399368"><ele>1029.8</ele></trkpt>
      <trkpt lat="46.849338" lon="9.398895"><ele>1024.6</ele></trkpt>
      <trkpt lat="46.849292" lon="9.398575"><ele>1021.0</ele></trkpt>
      <trkpt lat="46.848918" lon="9.397693"><ele>1009.9</ele></trkpt>
      <trkpt lat="46.848900" lon="9.397301"><ele>1005.6</ele></trkpt>
      <trkpt lat="46.848880" lon="9.397237"><ele>1004.9</ele></trkpt>
      <trkpt lat="46.848836" lon="9.397215"><ele>1004.1</ele></trkpt>
      <trkpt lat="46.848779" lon="9.397236"><ele>1003.0</ele></trkpt>
      <trkpt lat="46.848771" lon="9.397397"><ele>1000.8</ele></trkpt>
      <trkpt lat="46.848272" lon="9.399817"><ele>965.0</ele></trkpt>
      <trkpt lat="46.848147" lon="9.400262"><ele>957.7</ele></trkpt>
      <trkpt lat="46.847948" lon="9.400810"><ele>948.3</ele></trkpt>
      <trkpt lat="46.847774" lon="9.401645"><ele>935.0</ele></trkpt>
      <trkpt lat="46.847564" lon="9.402330"><ele>924.7</ele></trkpt>
      <trkpt lat="46.847550" lon="9.402547"><ele>922.5</ele></trkpt>
      <trkpt lat="46.847634" lon="9.402799"><ele>919.7</ele></trkpt>
      <trkpt lat="46.847621" lon="9.402883"><ele>918.8</ele></trkpt>
      <trkpt lat="46.847363" lon="9.403130"><ele>914.3</ele></trkpt>
      <trkpt lat="46.847329" lon="9.403447"><ele>911.1</ele></trkpt>
      <trkpt lat="46.847347" lon="9.403839"><ele>907.2</ele></trkpt>
      <trkpt lat="46.847346" lon="9.404130"><ele>904.3</ele></trkpt>
      <trkpt lat="46.847288" lon="9.404319"><ele>902.2</ele></trkpt>
      <trkpt lat="46.846916" lon="9.404863"><ele>892.8</ele></trkpt>
      <trkpt lat="46.846655" lon="9.405471"><ele>883.6</ele></trkpt>
      <trkpt lat="46.846513" lon="9.405947"><ele>877.0</ele></trkpt>
      <trkpt lat="46.846441" lon="9.406429"><ele>870.7</ele></trkpt>
      <trkpt lat="46.846341" lon="9.406818"><ele>865.3</ele></trkpt>
      <trkpt lat="46.846303" lon="9.407179"><ele>860.5</ele></trkpt>
      <trkpt lat="46.846144" lon="9.407633"><ele>853.8</ele></trkpt>
      <trkpt lat="46.846017" lon="9.408050"><ele>847.8</ele></trkpt>
      <trkpt lat="46.845979" lon="9.408483"><ele>842.1</ele></trkpt>
      <trkpt lat="46.845950" lon="9.408527"><ele>841.3</ele></trkpt>
      <trkpt lat="46.845883" lon="9.408549"><ele>840.0</ele></trkpt>
      <trkpt lat="46.845821" lon="9.408464"><ele>838.4</ele></trkpt>
      <trkpt lat="46.845754" lon="9.408149"><ele>834.0</ele></trkpt>
      <trkpt lat="46.845437" lon="9.407259"><ele>824.0</ele></trkpt>
      <trkpt lat="46.844952" lon="9.406687"><ele>815.4</ele></trkpt>
      <trkpt lat="46.844622" lon="9.406355"><ele>809.9</ele></trkpt>
      <trkpt lat="46.844308" lon="9.405997"><ele>805.0</ele></trkpt>
      <trkpt lat="46.844095" lon="9.405800"><ele>802.3</ele></trkpt>
      <trkpt lat="46.843884" lon="9.405664"><ele>799.8</ele></trkpt>
      <trkpt lat="46.842686" lon="9.405212"><ele>786.5</ele></trkpt>
      <trkpt lat="46.842230" lon="9.405116"><ele>781.8</ele></trkpt>
      <trkpt lat="46.842107" lon="9.405020"><ele>780.4</ele></trkpt>
      <trkpt lat="46.841971" lon="9.404824"><ele>778.4</ele></trkpt>
      <trkpt lat="46.841876" lon="9.404762"><ele>777.3</ele></trkpt>
      <trkpt lat="46.841712" lon="9.404472"><ele>774.7</ele></trkpt>
      <trkpt lat="46.841627" lon="9.404382"><ele>773.6</ele></trkpt>
      <trkpt lat="46.841496" lon="9.404344"><ele>772.2</ele></trkpt>
      <trkpt lat="46.841048" lon="9.404216"><ele>768.4</ele></trkpt>
      <trkpt lat="46.840812" lon="9.404213"><ele>767.0</ele></trkpt>
      <trkpt lat="46.839625" lon="9.404342"><ele>760.0</ele></trkpt>
      <trkpt lat="46.839128" lon="9.404488"><ele>758.6</ele></trkpt>
      <trkpt lat="46.838649" lon="9.404571"><ele>758.2</ele></trkpt>
      <trkpt lat="46.838250" lon="9.404611"><ele>757.8</ele></trkpt>
      <trkpt lat="46.837381" lon="9.405052"><ele>754.2</ele></trkpt>
      <trkpt lat="46.837133" lon="9.405132"><ele>751.8</ele></trkpt>
      <trkpt lat="46.836626" lon="9.405347"><ele>746.9</ele></trkpt>
      <trkpt lat="46.836058" lon="9.405337"><ele>741.6</ele></trkpt>
      <trkpt lat="46.835140" lon="9.405531"><ele>728.3</ele></trkpt>
      <trkpt lat="46.834618" lon="9.405522"><ele>720.5</ele></trkpt>
      <trkpt lat="46.834550" lon="9.405558"><ele>719.4</ele></trkpt>
      <trkpt lat="46.834552" lon="9.405670"><ele>718.2</ele></trkpt>
      <trkpt lat="46.834573" lon="9.405707"><ele>717.7</ele></trkpt>
      <trkpt lat="46.834637" lon="9.405727"><ele>716.8</ele></trkpt>
      <trkpt lat="46.834967" lon="9.405753"><ele>712.0</ele></trkpt>
      <trkpt lat="46.835186" lon="9.405873"><ele>708.8</ele></trkpt>
      <trkpt lat="46.835224" lon="9.405997"><ele>707.6</ele></trkpt>
      <trkpt lat="46.835181" lon="9.406080"><ele>706.6</ele></trkpt>
      <trkpt lat="46.834822" lon="9.405996"><ele>701.7</ele></trkpt>
      <trkpt lat="46.834448" lon="9.405988"><ele>696.6</ele></trkpt>
      <trkpt lat="46.834134" lon="9.406026"><ele>692.4</ele></trkpt>
      <trkpt lat="46.833827" lon="9.406067"><ele>688.6</ele></trkpt>
      <trkpt lat="46.833284" lon="9.406013"><ele>683.8</ele></trkpt>
      <trkpt lat="46.833056" lon="9.406034"><ele>681.8</ele></trkpt>
      <trkpt lat="46.832886" lon="9.406053"><ele>680.4</ele></trkpt>
      <trkpt lat="46.832705" lon="9.406083"><ele>678.8</ele></trkpt>
      <trkpt lat="46.832381" lon="9.406265"><ele>675.8</ele></trkpt>
      <trkpt lat="46.832285" lon="9.406289"><ele>674.9</ele></trkpt>
      <trkpt lat="46.832191" lon="9.406347"><ele>674.0</ele></trkpt>
      <trkpt lat="46.831895" lon="9.406566"><ele>672.7</ele></trkpt>
      <trkpt lat="46.831804" lon="9.406595"><ele>672.4</ele></trkpt>
      <trkpt lat="46.831395" lon="9.406462"><ele>671.1</ele></trkpt>
      <trkpt lat="46.831113" lon="9.406436"><ele>670.3</ele></trkpt>
      <trkpt lat="46.830899" lon="9.406458"><ele>669.6</ele></trkpt>
      <trkpt lat="46.830591" lon="9.406526"><ele>668.7</ele></trkpt>
      <trkpt lat="46.830521" lon="9.406526"><ele>668.4</ele></trkpt>
      <trkpt lat="46.830336" lon="9.406460"><ele>667.6</ele></trkpt>
      <trkpt lat="46.830183" lon="9.406513"><ele>666.2</ele></trkpt>
      <trkpt lat="46.830039" lon="9.406607"><ele>664.8</ele></trkpt>
      <trkpt lat="46.829822" lon="9.406820"><ele>662.5</ele></trkpt>
      <trkpt lat="46.829709" lon="9.406894"><ele>661.5</ele></trkpt>
      <trkpt lat="46.829511" lon="9.406834"><ele>659.7</ele></trkpt>
      <trkpt lat="46.829225" lon="9.406632"><ele>656.9</ele></trkpt>
      <trkpt lat="46.828800" lon="9.406263"><ele>652.6</ele></trkpt>
      <trkpt lat="46.828711" lon="9.406178"><ele>651.5</ele></trkpt>
      <trkpt lat="46.828674" lon="9.406143"><ele>651.0</ele></trkpt>
      <trkpt lat="46.828437" lon="9.405922"><ele>647.8</ele></trkpt>
      <trkpt lat="46.828335" lon="9.405603"><ele>645.1</ele></trkpt>
      <trkpt lat="46.828241" lon="9.405549"><ele>644.0</ele></trkpt>
      <trkpt lat="46.828181" lon="9.406156"><ele>639.3</ele></trkpt>
      <trkpt lat="46.828101" lon="9.406952"><ele>633.0</ele></trkpt>
      <trkpt lat="46.828054" lon="9.407596"><ele>629.9</ele></trkpt>
      <trkpt lat="46.828119" lon="9.408187"><ele>627.5</ele></trkpt>
      <trkpt lat="46.828145" lon="9.408608"><ele>625.8</ele></trkpt>
      <trkpt lat="46.827767" lon="9.408572"><ele>623.5</ele></trkpt>
      <trkpt lat="46.827657" lon="9.408605"><ele>622.9</ele></trkpt>
      <trkpt lat="46.827604" lon="9.408499"><ele>622.3</ele></trkpt>
      <trkpt lat="46.827551" lon="9.408216"><ele>621.1</ele></trkpt>
      <trkpt lat="46.827562" lon="9.408085"><ele>620.6</ele></trkpt>
      <trkpt lat="46.827394" lon="9.407257"><ele>617.4</ele></trkpt>
      <trkpt lat="46.827361" lon="9.407182"><ele>617.0</ele></trkpt>
      <trkpt lat="46.827304" lon="9.407139"><ele>616.7</ele></trkpt>
      <trkpt lat="46.827160" lon="9.407125"><ele>615.9</ele></trkpt>
      <trkpt lat="46.826983" lon="9.407156"><ele>614.9</ele></trkpt>
      <trkpt lat="46.826755" lon="9.407243"><ele>613.6</ele></trkpt>
      <trkpt lat="46.826645" lon="9.407297"><ele>612.9</ele></trkpt>
      <trkpt lat="46.826601" lon="9.407320"><ele>612.7</ele></trkpt>
      <trkpt lat="46.826181" lon="9.407538"><ele>609.8</ele></trkpt>
      <trkpt lat="46.825943" lon="9.407660"><ele>607.9</ele></trkpt>
      <trkpt lat="46.825415" lon="9.407869"><ele>603.9</ele></trkpt>
      <trkpt lat="46.825328" lon="9.407936"><ele>603.2</ele></trkpt>
      <trkpt lat="46.825012" lon="9.408441"><ele>599.7</ele></trkpt>
      <trkpt lat="46.824981" lon="9.408489"><ele>599.4</ele></trkpt>
      <trkpt lat="46.824822" lon="9.408679"><ele>598.0</ele></trkpt>
      <trkpt lat="46.824761" lon="9.408791"><ele>597.6</ele></trkpt>
      <trkpt lat="46.824696" lon="9.408889"><ele>597.2</ele></trkpt>
      <trkpt lat="46.824642" lon="9.408597"><ele>596.4</ele></trkpt>
      <trkpt lat="46.824624" lon="9.408495"><ele>596.1</ele></trkpt>
      <trkpt lat="46.824522" lon="9.408079"><ele>594.9</ele></trkpt>
      <trkpt lat="46.824209" lon="9.406897"><ele>591.5</ele></trkpt>
      <trkpt lat="46.824186" lon="9.406809"><ele>591.2</ele></trkpt>
      <trkpt lat="46.824010" lon="9.406455"><ele>590.8</ele></trkpt>
      <trkpt lat="46.823862" lon="9.406499"><ele>590.6</ele></trkpt>
      <trkpt lat="46.823350" lon="9.406352"><ele>590.2</ele></trkpt>
      <trkpt lat="46.823219" lon="9.406379"><ele>590.1</ele></trkpt>
      <trkpt lat="46.823091" lon="9.406464"><ele>589.9</ele></trkpt>
      <trkpt lat="46.822872" lon="9.406600"><ele>589.7</ele></trkpt>
      <trkpt lat="46.822768" lon="9.406622"><ele>589.6</ele></trkpt>
      <trkpt lat="46.822490" lon="9.406615"><ele>589.4</ele></trkpt>
      <trkpt lat="46.822530" lon="9.406302"><ele>589.3</ele></trkpt>
      <trkpt lat="46.822534" lon="9.405493"><ele>589.3</ele></trkpt>
      <trkpt lat="46.822566" lon="9.405052"><ele>589.2</ele></trkpt>
      <trkpt lat="46.822423" lon="9.405047"><ele>589.2</ele></trkpt>
      <trkpt lat="46.822161" lon="9.404786"><ele>589.1</ele></trkpt>
      <trkpt lat="46.822056" lon="9.404704"><ele>589.1</ele></trkpt>
      <trkpt lat="46.821985" lon="9.404651"><ele>589.1</ele></trkpt>
      <trkpt lat="46.818907" lon="9.403415"><ele>591.3</ele></trkpt>
      <trkpt lat="46.818858" lon="9.403427"><ele>591.3</ele></trkpt>
      <trkpt lat="46.818823" lon="9.403477"><ele>591.4</ele></trkpt>
      <trkpt lat="46.818671" lon="9.404292"><ele>593.5</ele></trkpt>
      <trkpt lat="46.816911" lon="9.403581"><ele>607.9</ele></trkpt>
      <trkpt lat="46.816781" lon="9.403582"><ele>609.2</ele></trkpt>
      <trkpt lat="46.816298" lon="9.403740"><ele>614.4</ele></trkpt>
      <trkpt lat="46.815741" lon="9.404128"><ele>620.8</ele></trkpt>
      <trkpt lat="46.815570" lon="9.404176"><ele>622.6</ele></trkpt>
      <trkpt lat="46.815391" lon="9.404160"><ele>624.5</ele></trkpt>
      <trkpt lat="46.815103" lon="9.403964"><ele>628.2</ele></trkpt>
      <trkpt lat="46.814621" lon="9.403638"><ele>634.3</ele></trkpt>
      <trkpt lat="46.813848" lon="9.402741"><ele>645.2</ele></trkpt>
      <trkpt lat="46.813723" lon="9.402656"><ele>645.9</ele></trkpt>
      <trkpt lat="46.813612" lon="9.402544"><ele>646.6</ele></trkpt>
      <trkpt lat="46.813389" lon="9.402196"><ele>648.2</ele></trkpt>
      <trkpt lat="46.813199" lon="9.401712"><ele>650.2</ele></trkpt>
      <trkpt lat="46.813200" lon="9.401581"><ele>650.7</ele></trkpt>
      <trkpt lat="46.813091" lon="9.401435"><ele>651.4</ele></trkpt>
      <trkpt lat="46.812820" lon="9.400863"><ele>653.9</ele></trkpt>
      <trkpt lat="46.812988" lon="9.400706"><ele>654.3</ele></trkpt>
      <trkpt lat="46.812850" lon="9.400353"><ele>654.8</ele></trkpt>
      <trkpt lat="46.812728" lon="9.400032"><ele>655.1</ele></trkpt>
      <trkpt lat="46.812449" lon="9.400142"><ele>655.6</ele></trkpt>
    </trkseg>
  </trk>
</gpx>
