<?xml version="1.0" encoding="UTF-8"?>
<gpx version="1.1" creator="Radtouren-split" xmlns="http://www.topografix.com/GPX/1/1" xmlns:xsi="http://www.w3.org/2001/XMLSchema-instance" xsi:schemaLocation="http://www.topografix.com/GPX/1/1 http://www.topografix.com/GPX/1/1/gpx.xsd">
  <metadata><name>KN-GE Tag 6 Lago d&#x27;Orta (Pescone)</name></metadata>
  <wpt lat="46.345432" lon="8.427480">
    <ele>1219.9</ele>
    <name>Z Camping Pineta</name>
    <cmt>campsite 0.1 km off route</cmt>
    <sym>Campground</sym>
  </wpt>
  <wpt lat="46.316760" lon="8.382211">
    <ele>805.3</ele>
    <name>H Rifugio Zum Gora</name>
    <cmt>alpine_hut 0.8 km off</cmt>
    <sym>Lodge</sym>
  </wpt>
  <wpt lat="46.260039" lon="8.336479">
    <ele>635.4</ele>
    <name>H Rifugio Monte Zeus</name>
    <cmt>alpine_hut 0.5 km off</cmt>
    <sym>Lodge</sym>
  </wpt>
  <wpt lat="46.231715" lon="8.323812">
    <ele>537.8</ele>
    <name>Z Campeggio Village Ci</name>
    <cmt>campsite 1.8 km off route</cmt>
    <sym>Campground</sym>
  </wpt>
  <wpt lat="45.999538" lon="8.341768">
    <ele>209.4</ele>
    <name>H Ca dal Preu bed and </name>
    <cmt>hostel 1.7 km off</cmt>
    <sym>Lodge</sym>
  </wpt>
  <wpt lat="45.958327" lon="8.433507">
    <ele>198.5</ele>
    <name>Z Camping Lago delle F</name>
    <cmt>campsite 1.8 km off route</cmt>
    <sym>Campground</sym>
  </wpt>
  <wpt lat="45.958327" lon="8.433507">
    <ele>198.5</ele>
    <name>Z Camping La Quiete</name>
    <cmt>campsite 3.5 km off route</cmt>
    <sym>Campground</sym>
  </wpt>
  <wpt lat="45.921161" lon="8.427041">
    <ele>237.9</ele>
    <name>Z Campeggio Piano Gran</name>
    <cmt>campsite 3.4 km off route</cmt>
    <sym>Campground</sym>
  </wpt>
  <wpt lat="45.877362" lon="8.410210">
    <ele>298.1</ele>
    <name>H B&amp;B Porta Romana</name>
    <cmt>guest_house 0.2 km off</cmt>
    <sym>Lodging</sym>
  </wpt>
  <trk>
    <name>KN-GE Tag 6 Lago d&#x27;Orta (Pescone)</name>
    <trkseg>
      <trkpt lat="46.374312" lon="8.426627"><ele>1279.8</ele></trkpt>
      <trkpt lat="46.374121" lon="8.426709"><ele>1279.0</ele></trkpt>
      <trkpt lat="46.373838" lon="8.426695"><ele>1277.9</ele></trkpt>
      <trkpt lat="46.373809" lon="8.426695"><ele>1277.8</ele></trkpt>
      <trkpt lat="46.373582" lon="8.426751"><ele>1276.9</ele></trkpt>
      <trkpt lat="46.373436" lon="8.426927"><ele>1276.1</ele></trkpt>
      <trkpt lat="46.373229" lon="8.427197"><ele>1275.0</ele></trkpt>
      <trkpt lat="46.372968" lon="8.427395"><ele>1274.0</ele></trkpt>
      <trkpt lat="46.372757" lon="8.427550"><ele>1273.6</ele></trkpt>
      <trkpt lat="46.372776" lon="8.427694"><ele>1273.4</ele></trkpt>
      <trkpt lat="46.372832" lon="8.428062"><ele>1273.0</ele></trkpt>
      <trkpt lat="46.372879" lon="8.428149"><ele>1272.8</ele></trkpt>
      <trkpt lat="46.372824" lon="8.428322"><ele>1272.6</ele></trkpt>
      <trkpt lat="46.372528" lon="8.428166"><ele>1272.0</ele></trkpt>
      <trkpt lat="46.372148" lon="8.428228"><ele>1271.4</ele></trkpt>
      <trkpt lat="46.371103" lon="8.428516"><ele>1269.5</ele></trkpt>
      <trkpt lat="46.370782" lon="8.428546"><ele>1268.9</ele></trkpt>
      <trkpt lat="46.370034" lon="8.428460"><ele>1267.5</ele></trkpt>
      <trkpt lat="46.369833" lon="8.428551"><ele>1267.0</ele></trkpt>
      <trkpt lat="46.369687" lon="8.428697"><ele>1266.6</ele></trkpt>
      <trkpt lat="46.369412" lon="8.429051"><ele>1265.8</ele></trkpt>
      <trkpt lat="46.369366" lon="8.429098"><ele>1265.7</ele></trkpt>
      <trkpt lat="46.368892" lon="8.429441"><ele>1264.5</ele></trkpt>
      <trkpt lat="46.368491" lon="8.429781"><ele>1263.4</ele></trkpt>
      <trkpt lat="46.368076" lon="8.429940"><ele>1262.5</ele></trkpt>
      <trkpt lat="46.367608" lon="8.429942"><ele>1261.5</ele></trkpt>
      <trkpt lat="46.367603" lon="8.429889"><ele>1261.4</ele></trkpt>
      <trkpt lat="46.367479" lon="8.429956"><ele>1261.1</ele></trkpt>
      <trkpt lat="46.367460" lon="8.430001"><ele>1261.0</ele></trkpt>
      <trkpt lat="46.367455" lon="8.430211"><ele>1260.7</ele></trkpt>
      <trkpt lat="46.367299" lon="8.430193"><ele>1260.3</ele></trkpt>
      <trkpt lat="46.366563" lon="8.430362"><ele>1258.7</ele></trkpt>
      <trkpt lat="46.366343" lon="8.430417"><ele>1258.2</ele></trkpt>
      <trkpt lat="46.366156" lon="8.430426"><ele>1257.8</ele></trkpt>
      <trkpt lat="46.365637" lon="8.430333"><ele>1256.7</ele></trkpt>
      <trkpt lat="46.365322" lon="8.430339"><ele>1256.0</ele></trkpt>
      <trkpt lat="46.362915" lon="8.430692"><ele>1252.0</ele></trkpt>
      <trkpt lat="46.362729" lon="8.430692"><ele>1251.7</ele></trkpt>
      <trkpt lat="46.362614" lon="8.430665"><ele>1251.4</ele></trkpt>
      <trkpt lat="46.362174" lon="8.430541"><ele>1250.6</ele></trkpt>
      <trkpt lat="46.361831" lon="8.430449"><ele>1249.9</ele></trkpt>
      <trkpt lat="46.361598" lon="8.430461"><ele>1249.5</ele></trkpt>
      <trkpt lat="46.360777" lon="8.430758"><ele>1248.2</ele></trkpt>
      <trkpt lat="46.359866" lon="8.431357"><ele>1246.5</ele></trkpt>
      <trkpt lat="46.359440" lon="8.431397"><ele>1245.5</ele></trkpt>
      <trkpt lat="46.359067" lon="8.431387"><ele>1244.7</ele></trkpt>
      <trkpt lat="46.358963" lon="8.431422"><ele>1244.5</ele></trkpt>
      <trkpt lat="46.357843" lon="8.431677"><ele>1241.9</ele></trkpt>
      <trkpt lat="46.356856" lon="8.431974"><ele>1239.6</ele></trkpt>
      <trkpt lat="46.356483" lon="8.432168"><ele>1238.6</ele></trkpt>
      <trkpt lat="46.356343" lon="8.432192"><ele>1238.4</ele></trkpt>
      <trkpt lat="46.355906" lon="8.432149"><ele>1237.7</ele></trkpt>
      <trkpt lat="46.355326" lon="8.432161"><ele>1236.8</ele></trkpt>
      <trkpt lat="46.354406" lon="8.431990"><ele>1235.1</ele></trkpt>
      <trkpt lat="46.353379" lon="8.431416"><ele>1232.4</ele></trkpt>
      <trkpt lat="46.352639" lon="8.430931"><ele>1230.5</ele></trkpt>
      <trkpt lat="46.351844" lon="8.430231"><ele>1228.4</ele></trkpt>
      <trkpt lat="46.351154" lon="8.429733"><ele>1227.3</ele></trkpt>
      <trkpt lat="46.350843" lon="8.429585"><ele>1227.3</ele></trkpt>
      <trkpt lat="46.350732" lon="8.429547"><ele>1227.3</ele></trkpt>
      <trkpt lat="46.350697" lon="8.429538"><ele>1227.3</ele></trkpt>
      <trkpt lat="46.350255" lon="8.429480"><ele>1227.3</ele></trkpt>
      <trkpt lat="46.349702" lon="8.429360"><ele>1227.3</ele></trkpt>
      <trkpt lat="46.349056" lon="8.429360"><ele>1227.6</ele></trkpt>
      <trkpt lat="46.348920" lon="8.429400"><ele>1227.7</ele></trkpt>
      <trkpt lat="46.348536" lon="8.429638"><ele>1227.9</ele></trkpt>
      <trkpt lat="46.348441" lon="8.429638"><ele>1228.0</ele></trkpt>
      <trkpt lat="46.347871" lon="8.429139"><ele>1227.8</ele></trkpt>
      <trkpt lat="46.347779" lon="8.429055"><ele>1227.4</ele></trkpt>
      <trkpt lat="46.346697" lon="8.428079"><ele>1223.1</ele></trkpt>
      <trkpt lat="46.346144" lon="8.427922"><ele>1221.5</ele></trkpt>
      <trkpt lat="46.345432" lon="8.427480"><ele>1219.9</ele></trkpt>
      <trkpt lat="46.344950" lon="8.427194"><ele>1218.8</ele></trkpt>
      <trkpt lat="46.344390" lon="8.426794"><ele>1217.9</ele></trkpt>
      <trkpt lat="46.344404" lon="8.426749"><ele>1217.9</ele></trkpt>
      <trkpt lat="46.344523" lon="8.426163"><ele>1217.4</ele></trkpt>
      <trkpt lat="46.344623" lon="8.425920"><ele>1217.2</ele></trkpt>
      <trkpt lat="46.344563" lon="8.425879"><ele>1217.2</ele></trkpt>
      <trkpt lat="46.344233" lon="8.425653"><ele>1216.8</ele></trkpt>
      <trkpt lat="46.343786" lon="8.425426"><ele>1216.0</ele></trkpt>
      <trkpt lat="46.343406" lon="8.425280"><ele>1214.8</ele></trkpt>
      <trkpt lat="46.343085" lon="8.425126"><ele>1213.8</ele></trkpt>
      <trkpt lat="46.342292" lon="8.424656"><ele>1211.3</ele></trkpt>
      <trkpt lat="46.342008" lon="8.424403"><ele>1207.1</ele></trkpt>
      <trkpt lat="46.341934" lon="8.424321"><ele>1205.8</ele></trkpt>
      <trkpt lat="46.341578" lon="8.423803"><ele>1198.6</ele></trkpt>
      <trkpt lat="46.341451" lon="8.423469"><ele>1194.8</ele></trkpt>
      <trkpt lat="46.341180" lon="8.422597"><ele>1185.3</ele></trkpt>
      <trkpt lat="46.340492" lon="8.420976"><ele>1159.6</ele></trkpt>
      <trkpt lat="46.340154" lon="8.420036"><ele>1147.2</ele></trkpt>
      <trkpt lat="46.339958" lon="8.418989"><ele>1138.4</ele></trkpt>
      <trkpt lat="46.339953" lon="8.417904"><ele>1129.6</ele></trkpt>
      <trkpt lat="46.340097" lon="8.417019"><ele>1130.7</ele></trkpt>
      <trkpt lat="46.340370" lon="8.416200"><ele>1132.7</ele></trkpt>
      <trkpt lat="46.340758" lon="8.415486"><ele>1134.7</ele></trkpt>
      <trkpt lat="46.341243" lon="8.414909"><ele>1136.8</ele></trkpt>
      <trkpt lat="46.341802" lon="8.414497"><ele>1138.9</ele></trkpt>
      <trkpt lat="46.342410" lon="8.414268"><ele>1140.9</ele></trkpt>
      <trkpt lat="46.343037" lon="8.414235"><ele>1142.1</ele></trkpt>
      <trkpt lat="46.343654" lon="8.414398"><ele>1143.3</ele></trkpt>
      <trkpt lat="46.344233" lon="8.414750"><ele>1144.4</ele></trkpt>
      <trkpt lat="46.344745" lon="8.415274"><ele>1145.7</ele></trkpt>
      <trkpt lat="46.345168" lon="8.415946"><ele>1146.9</ele></trkpt>
      <trkpt lat="46.345481" lon="8.416733"><ele>1148.4</ele></trkpt>
      <trkpt lat="46.345670" lon="8.417600"><ele>1150.2</ele></trkpt>
      <trkpt lat="46.345725" lon="8.418506"><ele>1151.9</ele></trkpt>
      <trkpt lat="46.345645" lon="8.419407"><ele>1154.1</ele></trkpt>
      <trkpt lat="46.345432" lon="8.420262"><ele>1156.6</ele></trkpt>
      <trkpt lat="46.345098" lon="8.421031"><ele>1159.1</ele></trkpt>
      <trkpt lat="46.344656" lon="8.421678"><ele>1162.0</ele></trkpt>
      <trkpt lat="46.344130" lon="8.422172"><ele>1165.1</ele></trkpt>
      <trkpt lat="46.343542" lon="8.422489"><ele>1168.2</ele></trkpt>
      <trkpt lat="46.342920" lon="8.422617"><ele>1169.9</ele></trkpt>
      <trkpt lat="46.342295" lon="8.422547"><ele>1171.3</ele></trkpt>
      <trkpt lat="46.341694" lon="8.422284"><ele>1172.7</ele></trkpt>
      <trkpt lat="46.340654" lon="8.421401"><ele>1158.8</ele></trkpt>
      <trkpt lat="46.338216" lon="8.419462"><ele>1114.1</ele></trkpt>
      <trkpt lat="46.335985" lon="8.417087"><ele>1069.5</ele></trkpt>
      <trkpt lat="46.335289" lon="8.416242"><ele>1059.4</ele></trkpt>
      <trkpt lat="46.334890" lon="8.415679"><ele>1054.8</ele></trkpt>
      <trkpt lat="46.334728" lon="8.415342"><ele>1052.5</ele></trkpt>
      <trkpt lat="46.334687" lon="8.415224"><ele>1051.8</ele></trkpt>
      <trkpt lat="46.334674" lon="8.415189"><ele>1051.6</ele></trkpt>
      <trkpt lat="46.334602" lon="8.414927"><ele>1050.0</ele></trkpt>
      <trkpt lat="46.334591" lon="8.414666"><ele>1048.5</ele></trkpt>
      <trkpt lat="46.334604" lon="8.414057"><ele>1038.0</ele></trkpt>
      <trkpt lat="46.334536" lon="8.413372"><ele>1025.8</ele></trkpt>
      <trkpt lat="46.334562" lon="8.412901"><ele>1017.6</ele></trkpt>
      <trkpt lat="46.334543" lon="8.412689"><ele>1013.8</ele></trkpt>
      <trkpt lat="46.334392" lon="8.411814"><ele>1000.2</ele></trkpt>
      <trkpt lat="46.334196" lon="8.411309"><ele>994.5</ele></trkpt>
      <trkpt lat="46.333686" lon="8.410633"><ele>984.6</ele></trkpt>
      <trkpt lat="46.333457" lon="8.410409"><ele>980.6</ele></trkpt>
      <trkpt lat="46.333369" lon="8.410254"><ele>978.7</ele></trkpt>
      <trkpt lat="46.333265" lon="8.409796"><ele>974.9</ele></trkpt>
      <trkpt lat="46.333265" lon="8.409688"><ele>974.2</ele></trkpt>
      <trkpt lat="46.333338" lon="8.409300"><ele>971.5</ele></trkpt>
      <trkpt lat="46.333353" lon="8.409129"><ele>970.3</ele></trkpt>
      <trkpt lat="46.333331" lon="8.408844"><ele>968.3</ele></trkpt>
      <trkpt lat="46.333352" lon="8.408770"><ele>967.8</ele></trkpt>
      <trkpt lat="46.333289" lon="8.408762"><ele>967.2</ele></trkpt>
      <trkpt lat="46.333103" lon="8.408126"><ele>962.5</ele></trkpt>
      <trkpt lat="46.332915" lon="8.407750"><ele>959.4</ele></trkpt>
      <trkpt lat="46.332831" lon="8.407652"><ele>958.5</ele></trkpt>
      <trkpt lat="46.332704" lon="8.407605"><ele>957.4</ele></trkpt>
      <trkpt lat="46.332515" lon="8.407336"><ele>955.3</ele></trkpt>
      <trkpt lat="46.332314" lon="8.407225"><ele>953.5</ele></trkpt>
      <trkpt lat="46.332003" lon="8.406969"><ele>950.6</ele></trkpt>
      <trkpt lat="46.331860" lon="8.406896"><ele>949.4</ele></trkpt>
      <trkpt lat="46.331698" lon="8.406884"><ele>948.1</ele></trkpt>
      <trkpt lat="46.331585" lon="8.406682"><ele>946.7</ele></trkpt>
      <trkpt lat="46.331487" lon="8.406427"><ele>945.0</ele></trkpt>
      <trkpt lat="46.331363" lon="8.406277"><ele>943.4</ele></trkpt>
      <trkpt lat="46.331264" lon="8.406092"><ele>941.8</ele></trkpt>
      <trkpt lat="46.331149" lon="8.405756"><ele>939.2</ele></trkpt>
      <trkpt lat="46.331128" lon="8.405512"><ele>937.5</ele></trkpt>
      <trkpt lat="46.331128" lon="8.405271"><ele>935.8</ele></trkpt>
      <trkpt lat="46.331240" lon="8.404569"><ele>930.8</ele></trkpt>
      <trkpt lat="46.331166" lon="8.404157"><ele>927.8</ele></trkpt>
      <trkpt lat="46.330905" lon="8.403643"><ele>924.4</ele></trkpt>
      <trkpt lat="46.330748" lon="8.403386"><ele>922.7</ele></trkpt>
      <trkpt lat="46.330829" lon="8.402733"><ele>919.4</ele></trkpt>
      <trkpt lat="46.330825" lon="8.402523"><ele>918.4</ele></trkpt>
      <trkpt lat="46.330804" lon="8.402368"><ele>917.6</ele></trkpt>
      <trkpt lat="46.330606" lon="8.401605"><ele>913.6</ele></trkpt>
      <trkpt lat="46.330617" lon="8.401261"><ele>911.7</ele></trkpt>
      <trkpt lat="46.330714" lon="8.400742"><ele>908.7</ele></trkpt>
      <trkpt lat="46.330801" lon="8.400502"><ele>907.3</ele></trkpt>
      <trkpt lat="46.330898" lon="8.400352"><ele>906.1</ele></trkpt>
      <trkpt lat="46.331689" lon="8.399665"><ele>899.3</ele></trkpt>
      <trkpt lat="46.331845" lon="8.399512"><ele>898.4</ele></trkpt>
      <trkpt lat="46.331958" lon="8.399394"><ele>897.8</ele></trkpt>
      <trkpt lat="46.331987" lon="8.399364"><ele>897.7</ele></trkpt>
      <trkpt lat="46.332060" lon="8.398902"><ele>896.3</ele></trkpt>
      <trkpt lat="46.332013" lon="8.398365"><ele>894.6</ele></trkpt>
      <trkpt lat="46.331837" lon="8.397532"><ele>892.0</ele></trkpt>
      <trkpt lat="46.331864" lon="8.397393"><ele>891.6</ele></trkpt>
      <trkpt lat="46.331933" lon="8.397298"><ele>891.3</ele></trkpt>
      <trkpt lat="46.331910" lon="8.397253"><ele>891.2</ele></trkpt>
      <trkpt lat="46.331873" lon="8.397105"><ele>890.8</ele></trkpt>
      <trkpt lat="46.331804" lon="8.396821"><ele>890.0</ele></trkpt>
      <trkpt lat="46.331781" lon="8.396383"><ele>889.0</ele></trkpt>
      <trkpt lat="46.331767" lon="8.395957"><ele>887.9</ele></trkpt>
      <trkpt lat="46.331738" lon="8.395791"><ele>887.5</ele></trkpt>
      <trkpt lat="46.331685" lon="8.395707"><ele>887.2</ele></trkpt>
      <trkpt lat="46.331462" lon="8.395525"><ele>886.3</ele></trkpt>
      <trkpt lat="46.331305" lon="8.395438"><ele>885.7</ele></trkpt>
      <trkpt lat="46.330939" lon="8.395388"><ele>883.9</ele></trkpt>
      <trkpt lat="46.330845" lon="8.395344"><ele>883.4</ele></trkpt>
      <trkpt lat="46.330789" lon="8.395245"><ele>883.0</ele></trkpt>
      <trkpt lat="46.330540" lon="8.394297"><ele>879.4</ele></trkpt>
      <trkpt lat="46.329878" lon="8.392742"><ele>872.7</ele></trkpt>
      <trkpt lat="46.329779" lon="8.392588"><ele>871.8</ele></trkpt>
      <trkpt lat="46.329617" lon="8.392478"><ele>870.9</ele></trkpt>
      <trkpt lat="46.329268" lon="8.392450"><ele>868.9</ele></trkpt>
      <trkpt lat="46.329121" lon="8.392445"><ele>868.1</ele></trkpt>
      <trkpt lat="46.328119" lon="8.392395"><ele>861.8</ele></trkpt>
      <trkpt lat="46.328045" lon="8.392350"><ele>861.2</ele></trkpt>
      <trkpt lat="46.327939" lon="8.392188"><ele>860.2</ele></trkpt>
      <trkpt lat="46.327886" lon="8.392055"><ele>859.5</ele></trkpt>
      <trkpt lat="46.327755" lon="8.391545"><ele>857.0</ele></trkpt>
      <trkpt lat="46.327533" lon="8.391135"><ele>854.6</ele></trkpt>
      <trkpt lat="46.327359" lon="8.390883"><ele>853.7</ele></trkpt>
      <trkpt lat="46.327202" lon="8.390730"><ele>853.0</ele></trkpt>
      <trkpt lat="46.327126" lon="8.390516"><ele>852.4</ele></trkpt>
      <trkpt lat="46.327064" lon="8.390087"><ele>851.4</ele></trkpt>
      <trkpt lat="46.326984" lon="8.389801"><ele>850.6</ele></trkpt>
      <trkpt lat="46.326925" lon="8.389674"><ele>850.2</ele></trkpt>
      <trkpt lat="46.326830" lon="8.389553"><ele>849.8</ele></trkpt>
      <trkpt lat="46.326497" lon="8.389394"><ele>848.6</ele></trkpt>
      <trkpt lat="46.326405" lon="8.389338"><ele>848.2</ele></trkpt>
      <trkpt lat="46.326255" lon="8.389301"><ele>847.6</ele></trkpt>
      <trkpt lat="46.325628" lon="8.389359"><ele>844.9</ele></trkpt>
      <trkpt lat="46.325561" lon="8.389318"><ele>844.6</ele></trkpt>
      <trkpt lat="46.325490" lon="8.389234"><ele>844.2</ele></trkpt>
      <trkpt lat="46.325260" lon="8.388810"><ele>842.5</ele></trkpt>
      <trkpt lat="46.325062" lon="8.388621"><ele>841.5</ele></trkpt>
      <trkpt lat="46.324219" lon="8.388207"><ele>837.8</ele></trkpt>
      <trkpt lat="46.324113" lon="8.388126"><ele>837.3</ele></trkpt>
      <trkpt lat="46.323731" lon="8.387704"><ele>835.3</ele></trkpt>
      <trkpt lat="46.322526" lon="8.386333"><ele>829.1</ele></trkpt>
      <trkpt lat="46.322429" lon="8.386251"><ele>828.6</ele></trkpt>
      <trkpt lat="46.321695" lon="8.386179"><ele>825.7</ele></trkpt>
      <trkpt lat="46.321616" lon="8.386140"><ele>825.4</ele></trkpt>
      <trkpt lat="46.321536" lon="8.386045"><ele>824.9</ele></trkpt>
      <trkpt lat="46.321108" lon="8.385277"><ele>821.8</ele></trkpt>
      <trkpt lat="46.320791" lon="8.384964"><ele>820.1</ele></trkpt>
      <trkpt lat="46.320611" lon="8.384695"><ele>818.9</ele></trkpt>
      <trkpt lat="46.320408" lon="8.384488"><ele>817.8</ele></trkpt>
      <trkpt lat="46.319537" lon="8.384057"><ele>815.3</ele></trkpt>
      <trkpt lat="46.319044" lon="8.383846"><ele>813.9</ele></trkpt>
      <trkpt lat="46.318782" lon="8.383707"><ele>813.1</ele></trkpt>
      <trkpt lat="46.318196" lon="8.383275"><ele>811.0</ele></trkpt>
      <trkpt lat="46.316760" lon="8.382211"><ele>805.3</ele></trkpt>
      <trkpt lat="46.316430" lon="8.382055"><ele>803.9</ele></trkpt>
      <trkpt lat="46.315989" lon="8.381956"><ele>802.1</ele></trkpt>
      <trkpt lat="46.315907" lon="8.381949"><ele>801.7</ele></trkpt>
      <trkpt lat="46.315453" lon="8.381552"><ele>799.6</ele></trkpt>
      <trkpt lat="46.315098" lon="8.381420"><ele>798.2</ele></trkpt>
      <trkpt lat="46.314901" lon="8.380973"><ele>796.8</ele></trkpt>
      <trkpt lat="46.314709" lon="8.380568"><ele>795.4</ele></trkpt>
      <trkpt lat="46.314595" lon="8.380409"><ele>794.8</ele></trkpt>
      <trkpt lat="46.313476" lon="8.379171"><ele>790.2</ele></trkpt>
      <trkpt lat="46.311852" lon="8.378168"><ele>786.2</ele></trkpt>
      <trkpt lat="46.310856" lon="8.377570"><ele>784.5</ele></trkpt>
      <trkpt lat="46.310206" lon="8.377381"><ele>782.3</ele></trkpt>
      <trkpt lat="46.309181" lon="8.377160"><ele>778.8</ele></trkpt>
      <trkpt lat="46.309021" lon="8.377104"><ele>778.3</ele></trkpt>
      <trkpt lat="46.308839" lon="8.376970"><ele>777.8</ele></trkpt>
      <trkpt lat="46.308666" lon="8.376788"><ele>777.2</ele></trkpt>
      <trkpt lat="46.308512" lon="8.376574"><ele>776.6</ele></trkpt>
      <trkpt lat="46.308423" lon="8.376384"><ele>776.2</ele></trkpt>
      <trkpt lat="46.308050" lon="8.375360"><ele>774.0</ele></trkpt>
      <trkpt lat="46.307824" lon="8.374749"><ele>774.2</ele></trkpt>
      <trkpt lat="46.307659" lon="8.374472"><ele>774.5</ele></trkpt>
      <trkpt lat="46.307358" lon="8.373829"><ele>775.1</ele></trkpt>
      <trkpt lat="46.307134" lon="8.373430"><ele>775.5</ele></trkpt>
      <trkpt lat="46.306551" lon="8.372567"><ele>775.7</ele></trkpt>
      <trkpt lat="46.306439" lon="8.372083"><ele>775.6</ele></trkpt>
      <trkpt lat="46.306357" lon="8.371689"><ele>775.5</ele></trkpt>
      <trkpt lat="46.306216" lon="8.371435"><ele>775.5</ele></trkpt>
      <trkpt lat="46.305510" lon="8.370730"><ele>771.7</ele></trkpt>
      <trkpt lat="46.304903" lon="8.369888"><ele>765.3</ele></trkpt>
      <trkpt lat="46.304344" lon="8.369066"><ele>760.8</ele></trkpt>
      <trkpt lat="46.303906" lon="8.368413"><ele>759.1</ele></trkpt>
      <trkpt lat="46.303548" lon="8.367941"><ele>757.9</ele></trkpt>
      <trkpt lat="46.303250" lon="8.367599"><ele>756.9</ele></trkpt>
      <trkpt lat="46.302885" lon="8.367296"><ele>756.2</ele></trkpt>
      <trkpt lat="46.302537" lon="8.366995"><ele>755.6</ele></trkpt>
      <trkpt lat="46.301808" lon="8.366323"><ele>754.3</ele></trkpt>
      <trkpt lat="46.301390" lon="8.365941"><ele>753.4</ele></trkpt>
      <trkpt lat="46.301276" lon="8.365839"><ele>753.2</ele></trkpt>
      <trkpt lat="46.301255" lon="8.365820"><ele>753.2</ele></trkpt>
      <trkpt lat="46.298781" lon="8.363556"><ele>747.9</ele></trkpt>
      <trkpt lat="46.298498" lon="8.363297"><ele>747.8</ele></trkpt>
      <trkpt lat="46.298299" lon="8.364090"><ele>748.1</ele></trkpt>
      <trkpt lat="46.297981" lon="8.364708"><ele>748.4</ele></trkpt>
      <trkpt lat="46.297826" lon="8.364949"><ele>748.5</ele></trkpt>
      <trkpt lat="46.297663" lon="8.365134"><ele>748.6</ele></trkpt>
      <trkpt lat="46.297526" lon="8.365426"><ele>749.0</ele></trkpt>
      <trkpt lat="46.297387" lon="8.365777"><ele>749.4</ele></trkpt>
      <trkpt lat="46.297357" lon="8.366074"><ele>749.7</ele></trkpt>
      <trkpt lat="46.297441" lon="8.366630"><ele>750.3</ele></trkpt>
      <trkpt lat="46.296819" lon="8.366246"><ele>751.4</ele></trkpt>
      <trkpt lat="46.296722" lon="8.366119"><ele>751.0</ele></trkpt>
      <trkpt lat="46.296621" lon="8.365874"><ele>750.2</ele></trkpt>
      <trkpt lat="46.296487" lon="8.365700"><ele>749.6</ele></trkpt>
      <trkpt lat="46.296348" lon="8.365459"><ele>748.7</ele></trkpt>
      <trkpt lat="46.296190" lon="8.365088"><ele>747.6</ele></trkpt>
      <trkpt lat="46.295929" lon="8.364672"><ele>746.1</ele></trkpt>
      <trkpt lat="46.295613" lon="8.364268"><ele>744.6</ele></trkpt>
      <trkpt lat="46.294990" lon="8.363597"><ele>743.0</ele></trkpt>
      <trkpt lat="46.294503" lon="8.363312"><ele>742.0</ele></trkpt>
      <trkpt lat="46.294455" lon="8.363219"><ele>741.9</ele></trkpt>
      <trkpt lat="46.294426" lon="8.363057"><ele>741.6</ele></trkpt>
      <trkpt lat="46.294063" lon="8.362819"><ele>741.1</ele></trkpt>
      <trkpt lat="46.294016" lon="8.362832"><ele>741.1</ele></trkpt>
      <trkpt lat="46.293756" lon="8.362732"><ele>741.2</ele></trkpt>
      <trkpt lat="46.293637" lon="8.362767"><ele>741.3</ele></trkpt>
      <trkpt lat="46.293547" lon="8.362926"><ele>741.3</ele></trkpt>
      <trkpt lat="46.293385" lon="8.363328"><ele>741.5</ele></trkpt>
      <trkpt lat="46.292681" lon="8.363728"><ele>741.8</ele></trkpt>
      <trkpt lat="46.292638" lon="8.363757"><ele>741.8</ele></trkpt>
      <trkpt lat="46.292597" lon="8.363783"><ele>741.7</ele></trkpt>
      <trkpt lat="46.292520" lon="8.363796"><ele>741.7</ele></trkpt>
      <trkpt lat="46.291985" lon="8.363528"><ele>741.5</ele></trkpt>
      <trkpt lat="46.291437" lon="8.363038"><ele>741.3</ele></trkpt>
      <trkpt lat="46.291156" lon="8.362918"><ele>741.1</ele></trkpt>
      <trkpt lat="46.290984" lon="8.362806"><ele>741.0</ele></trkpt>
      <trkpt lat="46.290593" lon="8.362392"><ele>740.5</ele></trkpt>
      <trkpt lat="46.290350" lon="8.362289"><ele>740.2</ele></trkpt>
      <trkpt lat="46.290156" lon="8.362129"><ele>739.9</ele></trkpt>
      <trkpt lat="46.290057" lon="8.362004"><ele>739.8</ele></trkpt>
      <trkpt lat="46.289909" lon="8.361737"><ele>739.5</ele></trkpt>
      <trkpt lat="46.289833" lon="8.361617"><ele>739.4</ele></trkpt>
      <trkpt lat="46.289736" lon="8.361334"><ele>739.1</ele></trkpt>
      <trkpt lat="46.289451" lon="8.360654"><ele>737.5</ele></trkpt>
      <trkpt lat="46.289186" lon="8.360268"><ele>736.2</ele></trkpt>
      <trkpt lat="46.288978" lon="8.360111"><ele>735.4</ele></trkpt>
      <trkpt lat="46.288807" lon="8.360079"><ele>734.8</ele></trkpt>
      <trkpt lat="46.287942" lon="8.360097"><ele>732.5</ele></trkpt>
      <trkpt lat="46.287631" lon="8.360146"><ele>732.0</ele></trkpt>
      <trkpt lat="46.287055" lon="8.360079"><ele>731.3</ele></trkpt>
      <trkpt lat="46.286991" lon="8.360053"><ele>731.2</ele></trkpt>
      <trkpt lat="46.286522" lon="8.359661"><ele>730.4</ele></trkpt>
      <trkpt lat="46.286131" lon="8.359433"><ele>730.2</ele></trkpt>
      <trkpt lat="46.285854" lon="8.359233"><ele>730.0</ele></trkpt>
      <trkpt lat="46.285756" lon="8.359188"><ele>730.0</ele></trkpt>
      <trkpt lat="46.285648" lon="8.359095"><ele>729.9</ele></trkpt>
      <trkpt lat="46.285411" lon="8.358725"><ele>729.7</ele></trkpt>
      <trkpt lat="46.285078" lon="8.358297"><ele>729.5</ele></trkpt>
      <trkpt lat="46.284912" lon="8.358003"><ele>729.5</ele></trkpt>
      <trkpt lat="46.284675" lon="8.357753"><ele>729.5</ele></trkpt>
      <trkpt lat="46.284558" lon="8.357451"><ele>729.6</ele></trkpt>
      <trkpt lat="46.283496" lon="8.356809"><ele>729.7</ele></trkpt>
      <trkpt lat="46.283243" lon="8.356711"><ele>729.3</ele></trkpt>
      <trkpt lat="46.282755" lon="8.356255"><ele>728.6</ele></trkpt>
      <trkpt lat="46.282700" lon="8.356207"><ele>728.5</ele></trkpt>
      <trkpt lat="46.282577" lon="8.356132"><ele>728.3</ele></trkpt>
      <trkpt lat="46.282555" lon="8.356109"><ele>728.3</ele></trkpt>
      <trkpt lat="46.281151" lon="8.354933"><ele>725.1</ele></trkpt>
      <trkpt lat="46.280227" lon="8.353971"><ele>722.4</ele></trkpt>
      <trkpt lat="46.279965" lon="8.353630"><ele>721.5</ele></trkpt>
      <trkpt lat="46.280014" lon="8.353563"><ele>721.3</ele></trkpt>
      <trkpt lat="46.280188" lon="8.353122"><ele>720.5</ele></trkpt>
      <trkpt lat="46.280230" lon="8.353018"><ele>720.3</ele></trkpt>
      <trkpt lat="46.279755" lon="8.352678"><ele>719.0</ele></trkpt>
      <trkpt lat="46.279540" lon="8.352593"><ele>718.5</ele></trkpt>
      <trkpt lat="46.279482" lon="8.352580"><ele>718.3</ele></trkpt>
      <trkpt lat="46.279061" lon="8.352488"><ele>717.5</ele></trkpt>
      <trkpt lat="46.278392" lon="8.352332"><ele>716.1</ele></trkpt>
      <trkpt lat="46.278129" lon="8.352271"><ele>715.6</ele></trkpt>
      <trkpt lat="46.277891" lon="8.352105"><ele>715.2</ele></trkpt>
      <trkpt lat="46.277756" lon="8.351939"><ele>715.6</ele></trkpt>
      <trkpt lat="46.277560" lon="8.351590"><ele>716.3</ele></trkpt>
      <trkpt lat="46.277445" lon="8.351290"><ele>716.9</ele></trkpt>
      <trkpt lat="46.276970" lon="8.349792"><ele>719.6</ele></trkpt>
      <trkpt lat="46.276569" lon="8.348591"><ele>722.6</ele></trkpt>
      <trkpt lat="46.276499" lon="8.348471"><ele>723.0</ele></trkpt>
      <trkpt lat="46.276384" lon="8.348355"><ele>723.4</ele></trkpt>
      <trkpt lat="46.276117" lon="8.348194"><ele>724.3</ele></trkpt>
      <trkpt lat="46.275519" lon="8.348115"><ele>725.6</ele></trkpt>
      <trkpt lat="46.275383" lon="8.348010"><ele>725.9</ele></trkpt>
      <trkpt lat="46.275249" lon="8.347826"><ele>726.1</ele></trkpt>
      <trkpt lat="46.274923" lon="8.347117"><ele>727.0</ele></trkpt>
      <trkpt lat="46.274832" lon="8.346972"><ele>727.2</ele></trkpt>
      <trkpt lat="46.274741" lon="8.346897"><ele>727.3</ele></trkpt>
      <trkpt lat="46.274392" lon="8.346768"><ele>728.2</ele></trkpt>
      <trkpt lat="46.274332" lon="8.346690"><ele>728.7</ele></trkpt>
      <trkpt lat="46.274251" lon="8.346548"><ele>729.5</ele></trkpt>
      <trkpt lat="46.274134" lon="8.346149"><ele>731.2</ele></trkpt>
      <trkpt lat="46.274052" lon="8.346029"><ele>731.9</ele></trkpt>
      <trkpt lat="46.273938" lon="8.345961"><ele>732.6</ele></trkpt>
      <trkpt lat="46.273503" lon="8.345933"><ele>735.2</ele></trkpt>
      <trkpt lat="46.273094" lon="8.345790"><ele>737.7</ele></trkpt>
      <trkpt lat="46.272889" lon="8.345564"><ele>739.5</ele></trkpt>
      <trkpt lat="46.272622" lon="8.344941"><ele>743.2</ele></trkpt>
      <trkpt lat="46.272556" lon="8.344846"><ele>743.9</ele></trkpt>
      <trkpt lat="46.272358" lon="8.344711"><ele>745.5</ele></trkpt>
      <trkpt lat="46.272138" lon="8.344675"><ele>747.1</ele></trkpt>
      <trkpt lat="46.271501" lon="8.344568"><ele>751.8</ele></trkpt>
      <trkpt lat="46.271360" lon="8.344509"><ele>752.3</ele></trkpt>
      <trkpt lat="46.270778" lon="8.344049"><ele>754.8</ele></trkpt>
      <trkpt lat="46.270619" lon="8.343887"><ele>755.5</ele></trkpt>
      <trkpt lat="46.270476" lon="8.343736"><ele>756.2</ele></trkpt>
      <trkpt lat="46.269697" lon="8.342916"><ele>758.2</ele></trkpt>
      <trkpt lat="46.269483" lon="8.342680"><ele>758.1</ele></trkpt>
      <trkpt lat="46.269326" lon="8.342435"><ele>757.9</ele></trkpt>
      <trkpt lat="46.269244" lon="8.342439"><ele>757.9</ele></trkpt>
      <trkpt lat="46.269106" lon="8.342382"><ele>757.8</ele></trkpt>
      <trkpt lat="46.268440" lon="8.341949"><ele>757.3</ele></trkpt>
      <trkpt lat="46.267935" lon="8.341806"><ele>754.0</ele></trkpt>
      <trkpt lat="46.267839" lon="8.341841"><ele>753.4</ele></trkpt>
      <trkpt lat="46.267764" lon="8.341952"><ele>752.7</ele></trkpt>
      <trkpt lat="46.267744" lon="8.342040"><ele>752.3</ele></trkpt>
      <trkpt lat="46.267753" lon="8.342159"><ele>751.8</ele></trkpt>
      <trkpt lat="46.267784" lon="8.342245"><ele>751.3</ele></trkpt>
      <trkpt lat="46.268096" lon="8.342761"><ele>748.3</ele></trkpt>
      <trkpt lat="46.268288" lon="8.343109"><ele>746.4</ele></trkpt>
      <trkpt lat="46.268310" lon="8.343220"><ele>746.0</ele></trkpt>
      <trkpt lat="46.268288" lon="8.343414"><ele>745.4</ele></trkpt>
      <trkpt lat="46.268250" lon="8.343502"><ele>745.1</ele></trkpt>
      <trkpt lat="46.268163" lon="8.343604"><ele>744.7</ele></trkpt>
      <trkpt lat="46.268053" lon="8.343645"><ele>744.2</ele></trkpt>
      <trkpt lat="46.266524" lon="8.343218"><ele>737.4</ele></trkpt>
      <trkpt lat="46.266405" lon="8.343125"><ele>736.5</ele></trkpt>
      <trkpt lat="46.266320" lon="8.343013"><ele>735.6</ele></trkpt>
      <trkpt lat="46.266253" lon="8.342807"><ele>734.5</ele></trkpt>
      <trkpt lat="46.265864" lon="8.340864"><ele>725.3</ele></trkpt>
      <trkpt lat="46.265763" lon="8.340653"><ele>724.5</ele></trkpt>
      <trkpt lat="46.265683" lon="8.340575"><ele>724.0</ele></trkpt>
      <trkpt lat="46.265535" lon="8.340484"><ele>723.3</ele></trkpt>
      <trkpt lat="46.264649" lon="8.340310"><ele>719.2</ele></trkpt>
      <trkpt lat="46.264244" lon="8.340031"><ele>715.3</ele></trkpt>
      <trkpt lat="46.263728" lon="8.339426"><ele>706.6</ele></trkpt>
      <trkpt lat="46.263184" lon="8.338932"><ele>698.2</ele></trkpt>
      <trkpt lat="46.263127" lon="8.338854"><ele>697.1</ele></trkpt>
      <trkpt lat="46.263086" lon="8.338570"><ele>694.5</ele></trkpt>
      <trkpt lat="46.263130" lon="8.338332"><ele>690.8</ele></trkpt>
      <trkpt lat="46.263111" lon="8.338190"><ele>688.7</ele></trkpt>
      <trkpt lat="46.263082" lon="8.338145"><ele>687.7</ele></trkpt>
      <trkpt lat="46.262706" lon="8.337820"><ele>678.3</ele></trkpt>
      <trkpt lat="46.262532" lon="8.337751"><ele>674.4</ele></trkpt>
      <trkpt lat="46.262184" lon="8.337861"><ele>666.7</ele></trkpt>
      <trkpt lat="46.261782" lon="8.337760"><ele>657.8</ele></trkpt>
      <trkpt lat="46.261709" lon="8.337774"><ele>656.2</ele></trkpt>
      <trkpt lat="46.261522" lon="8.337934"><ele>653.5</ele></trkpt>
      <trkpt lat="46.261457" lon="8.337918"><ele>652.7</ele></trkpt>
      <trkpt lat="46.261286" lon="8.337666"><ele>650.0</ele></trkpt>
      <trkpt lat="46.260039" lon="8.336479"><ele>635.4</ele></trkpt>
      <trkpt lat="46.259543" lon="8.335450"><ele>636.3</ele></trkpt>
      <trkpt lat="46.258558" lon="8.333959"><ele>637.0</ele></trkpt>
      <trkpt lat="46.258364" lon="8.333716"><ele>637.0</ele></trkpt>
      <trkpt lat="46.258268" lon="8.333654"><ele>637.0</ele></trkpt>
      <trkpt lat="46.258164" lon="8.333475"><ele>637.1</ele></trkpt>
      <trkpt lat="46.257927" lon="8.332857"><ele>637.1</ele></trkpt>
      <trkpt lat="46.257903" lon="8.332694"><ele>637.0</ele></trkpt>
      <trkpt lat="46.257462" lon="8.331365"><ele>630.7</ele></trkpt>
      <trkpt lat="46.257257" lon="8.330704"><ele>627.6</ele></trkpt>
      <trkpt lat="46.257217" lon="8.330491"><ele>626.7</ele></trkpt>
      <trkpt lat="46.257287" lon="8.330117"><ele>625.6</ele></trkpt>
      <trkpt lat="46.257289" lon="8.329954"><ele>625.3</ele></trkpt>
      <trkpt lat="46.257199" lon="8.329587"><ele>624.6</ele></trkpt>
      <trkpt lat="46.257001" lon="8.329361"><ele>623.9</ele></trkpt>
      <trkpt lat="46.256927" lon="8.329191"><ele>623.6</ele></trkpt>
      <trkpt lat="46.256915" lon="8.329139"><ele>623.5</ele></trkpt>
      <trkpt lat="46.256593" lon="8.328140"><ele>621.5</ele></trkpt>
      <trkpt lat="46.256525" lon="8.327933"><ele>620.6</ele></trkpt>
      <trkpt lat="46.256457" lon="8.327874"><ele>620.0</ele></trkpt>
      <trkpt lat="46.256000" lon="8.327844"><ele>616.3</ele></trkpt>
      <trkpt lat="46.255823" lon="8.327844"><ele>614.9</ele></trkpt>
      <trkpt lat="46.255674" lon="8.327805"><ele>613.6</ele></trkpt>
      <trkpt lat="46.255122" lon="8.327824"><ele>609.2</ele></trkpt>
      <trkpt lat="46.254912" lon="8.327794"><ele>607.5</ele></trkpt>
      <trkpt lat="46.254644" lon="8.327752"><ele>605.1</ele></trkpt>
      <trkpt lat="46.254550" lon="8.327824"><ele>604.1</ele></trkpt>
      <trkpt lat="46.254516" lon="8.327952"><ele>603.2</ele></trkpt>
      <trkpt lat="46.254761" lon="8.328208"><ele>600.3</ele></trkpt>
      <trkpt lat="46.254911" lon="8.328297"><ele>598.8</ele></trkpt>
      <trkpt lat="46.254965" lon="8.328435"><ele>597.7</ele></trkpt>
      <trkpt lat="46.255061" lon="8.328602"><ele>596.3</ele></trkpt>
      <trkpt lat="46.255299" lon="8.328890"><ele>593.4</ele></trkpt>
      <trkpt lat="46.255372" lon="8.328973"><ele>592.5</ele></trkpt>
      <trkpt lat="46.255411" lon="8.329139"><ele>591.3</ele></trkpt>
      <trkpt lat="46.255375" lon="8.329262"><ele>590.5</ele></trkpt>
      <trkpt lat="46.254938" lon="8.329932"><ele>583.3</ele></trkpt>
      <trkpt lat="46.254768" lon="8.330345"><ele>579.4</ele></trkpt>
      <trkpt lat="46.254700" lon="8.330769"><ele>575.9</ele></trkpt>
      <trkpt lat="46.254604" lon="8.330769"><ele>574.8</ele></trkpt>
      <trkpt lat="46.254543" lon="8.330700"><ele>573.9</ele></trkpt>
      <trkpt lat="46.254503" lon="8.330597"><ele>573.0</ele></trkpt>
      <trkpt lat="46.254496" lon="8.330483"><ele>572.1</ele></trkpt>
      <trkpt lat="46.254522" lon="8.330284"><ele>570.4</ele></trkpt>
      <trkpt lat="46.254494" lon="8.329952"><ele>567.9</ele></trkpt>
      <trkpt lat="46.254418" lon="8.329894"><ele>567.1</ele></trkpt>
      <trkpt lat="46.254312" lon="8.329908"><ele>566.0</ele></trkpt>
      <trkpt lat="46.254046" lon="8.330237"><ele>562.5</ele></trkpt>
      <trkpt lat="46.254073" lon="8.330562"><ele>560.3</ele></trkpt>
      <trkpt lat="46.254073" lon="8.330976"><ele>557.4</ele></trkpt>
      <trkpt lat="46.254135" lon="8.331163"><ele>556.0</ele></trkpt>
      <trkpt lat="46.254216" lon="8.331291"><ele>554.8</ele></trkpt>
      <trkpt lat="46.254305" lon="8.331320"><ele>553.8</ele></trkpt>
      <trkpt lat="46.254305" lon="8.331429"><ele>553.1</ele></trkpt>
      <trkpt lat="46.254250" lon="8.331498"><ele>552.4</ele></trkpt>
      <trkpt lat="46.254142" lon="8.331508"><ele>551.3</ele></trkpt>
      <trkpt lat="46.253966" lon="8.331343"><ele>550.0</ele></trkpt>
      <trkpt lat="46.253624" lon="8.330749"><ele>546.9</ele></trkpt>
      <trkpt lat="46.253522" lon="8.330621"><ele>546.2</ele></trkpt>
      <trkpt lat="46.253324" lon="8.330286"><ele>544.4</ele></trkpt>
      <trkpt lat="46.252984" lon="8.329823"><ele>541.7</ele></trkpt>
      <trkpt lat="46.252255" lon="8.328953"><ele>537.6</ele></trkpt>
      <trkpt lat="46.251717" lon="8.328159"><ele>534.4</ele></trkpt>
      <trkpt lat="46.251622" lon="8.328061"><ele>533.9</ele></trkpt>
      <trkpt lat="46.251506" lon="8.328061"><ele>533.4</ele></trkpt>
      <trkpt lat="46.251336" lon="8.328169"><ele>532.8</ele></trkpt>
      <trkpt lat="46.251118" lon="8.328336"><ele>531.9</ele></trkpt>
      <trkpt lat="46.251002" lon="8.328474"><ele>531.4</ele></trkpt>
      <trkpt lat="46.250777" lon="8.328629"><ele>530.5</ele></trkpt>
      <trkpt lat="46.250644" lon="8.328741"><ele>529.9</ele></trkpt>
      <trkpt lat="46.250439" lon="8.328815"><ele>529.2</ele></trkpt>
      <trkpt lat="46.249983" lon="8.328312"><ele>527.2</ele></trkpt>
      <trkpt lat="46.249786" lon="8.328570"><ele>526.6</ele></trkpt>
      <trkpt lat="46.249433" lon="8.328821"><ele>525.9</ele></trkpt>
      <trkpt lat="46.249164" lon="8.329055"><ele>525.4</ele></trkpt>
      <trkpt lat="46.248782" lon="8.329479"><ele>524.5</ele></trkpt>
      <trkpt lat="46.248544" lon="8.329764"><ele>524.0</ele></trkpt>
      <trkpt lat="46.248251" lon="8.330198"><ele>523.5</ele></trkpt>
      <trkpt lat="46.248088" lon="8.330467"><ele>523.2</ele></trkpt>
      <trkpt lat="46.247997" lon="8.330667"><ele>523.0</ele></trkpt>
      <trkpt lat="46.247870" lon="8.330403"><ele>522.8</ele></trkpt>
      <trkpt lat="46.247936" lon="8.330213"><ele>522.7</ele></trkpt>
      <trkpt lat="46.247945" lon="8.329963"><ele>522.5</ele></trkpt>
      <trkpt lat="46.247678" lon="8.329754"><ele>522.2</ele></trkpt>
      <trkpt lat="46.247640" lon="8.329780"><ele>522.1</ele></trkpt>
      <trkpt lat="46.247617" lon="8.329717"><ele>522.1</ele></trkpt>
      <trkpt lat="46.247503" lon="8.329414"><ele>521.9</ele></trkpt>
      <trkpt lat="46.247039" lon="8.328388"><ele>521.2</ele></trkpt>
      <trkpt lat="46.246939" lon="8.328233"><ele>521.1</ele></trkpt>
      <trkpt lat="46.246482" lon="8.327913"><ele>520.8</ele></trkpt>
      <trkpt lat="46.245892" lon="8.327608"><ele>520.7</ele></trkpt>
      <trkpt lat="46.245342" lon="8.327081"><ele>520.7</ele></trkpt>
      <trkpt lat="46.245035" lon="8.326586"><ele>520.7</ele></trkpt>
      <trkpt lat="46.244930" lon="8.326443"><ele>520.7</ele></trkpt>
      <trkpt lat="46.244080" lon="8.325508"><ele>520.7</ele></trkpt>
      <trkpt lat="46.243847" lon="8.325289"><ele>520.6</ele></trkpt>
      <trkpt lat="46.243653" lon="8.325136"><ele>520.6</ele></trkpt>
      <trkpt lat="46.243375" lon="8.324935"><ele>520.6</ele></trkpt>
      <trkpt lat="46.241315" lon="8.324126"><ele>518.1</ele></trkpt>
      <trkpt lat="46.241120" lon="8.323983"><ele>517.9</ele></trkpt>
      <trkpt lat="46.240957" lon="8.323899"><ele>517.7</ele></trkpt>
      <trkpt lat="46.240777" lon="8.323857"><ele>517.5</ele></trkpt>
      <trkpt lat="46.240445" lon="8.323840"><ele>517.2</ele></trkpt>
      <trkpt lat="46.238709" lon="8.323776"><ele>516.4</ele></trkpt>
      <trkpt lat="46.235393" lon="8.323646"><ele>520.5</ele></trkpt>
      <trkpt lat="46.234565" lon="8.323603"><ele>523.1</ele></trkpt>
      <trkpt lat="46.232973" lon="8.323520"><ele>533.2</ele></trkpt>
      <trkpt lat="46.231994" lon="8.323464"><ele>536.8</ele></trkpt>
      <trkpt lat="46.231715" lon="8.323812"><ele>537.8</ele></trkpt>
      <trkpt lat="46.231600" lon="8.323947"><ele>538.2</ele></trkpt>
      <trkpt lat="46.231261" lon="8.324216"><ele>539.2</ele></trkpt>
      <trkpt lat="46.230415" lon="8.324812"><ele>539.6</ele></trkpt>
      <trkpt lat="46.230120" lon="8.324957"><ele>539.6</ele></trkpt>
      <trkpt lat="46.229430" lon="8.325052"><ele>539.6</ele></trkpt>
      <trkpt lat="46.227786" lon="8.325193"><ele>538.8</ele></trkpt>
      <trkpt lat="46.227248" lon="8.325331"><ele>537.0</ele></trkpt>
      <trkpt lat="46.227151" lon="8.325372"><ele>536.5</ele></trkpt>
      <trkpt lat="46.227081" lon="8.325410"><ele>536.1</ele></trkpt>
      <trkpt lat="46.226617" lon="8.325709"><ele>533.5</ele></trkpt>
      <trkpt lat="46.226283" lon="8.325953"><ele>531.7</ele></trkpt>
      <trkpt lat="46.226380" lon="8.326307"><ele>530.3</ele></trkpt>
      <trkpt lat="46.226458" lon="8.326733"><ele>528.4</ele></trkpt>
      <trkpt lat="46.226525" lon="8.326949"><ele>527.3</ele></trkpt>
      <trkpt lat="46.226641" lon="8.327146"><ele>526.0</ele></trkpt>
      <trkpt lat="46.226727" lon="8.327224"><ele>525.3</ele></trkpt>
      <trkpt lat="46.226827" lon="8.327267"><ele>524.5</ele></trkpt>
      <trkpt lat="46.227089" lon="8.327304"><ele>522.7</ele></trkpt>
      <trkpt lat="46.227305" lon="8.327388"><ele>521.1</ele></trkpt>
      <trkpt lat="46.227299" lon="8.327680"><ele>519.6</ele></trkpt>
      <trkpt lat="46.227223" lon="8.328349"><ele>516.4</ele></trkpt>
      <trkpt lat="46.227184" lon="8.328489"><ele>515.8</ele></trkpt>
      <trkpt lat="46.226939" lon="8.328649"><ele>514.2</ele></trkpt>
      <trkpt lat="46.226451" lon="8.328806"><ele>511.3</ele></trkpt>
      <trkpt lat="46.226411" lon="8.328864"><ele>511.0</ele></trkpt>
      <trkpt lat="46.226343" lon="8.328902"><ele>510.6</ele></trkpt>
      <trkpt lat="46.226046" lon="8.328754"><ele>508.8</ele></trkpt>
      <trkpt lat="46.225710" lon="8.328634"><ele>506.8</ele></trkpt>
      <trkpt lat="46.225304" lon="8.328570"><ele>504.0</ele></trkpt>
      <trkpt lat="46.224423" lon="8.328697"><ele>497.9</ele></trkpt>
      <trkpt lat="46.224028" lon="8.328646"><ele>495.2</ele></trkpt>
      <trkpt lat="46.223756" lon="8.328727"><ele>493.3</ele></trkpt>
      <trkpt lat="46.223627" lon="8.328712"><ele>492.4</ele></trkpt>
      <trkpt lat="46.223613" lon="8.328484"><ele>491.4</ele></trkpt>
      <trkpt lat="46.223581" lon="8.328394"><ele>490.9</ele></trkpt>
      <trkpt lat="46.223441" lon="8.328242"><ele>489.7</ele></trkpt>
      <trkpt lat="46.223287" lon="8.328131"><ele>488.5</ele></trkpt>
      <trkpt lat="46.223064" lon="8.328000"><ele>486.9</ele></trkpt>
      <trkpt lat="46.222767" lon="8.327873"><ele>484.8</ele></trkpt>
      <trkpt lat="46.221673" lon="8.327464"><ele>478.8</ele></trkpt>
      <trkpt lat="46.221012" lon="8.327131"><ele>475.8</ele></trkpt>
      <trkpt lat="46.220886" lon="8.327035"><ele>475.1</ele></trkpt>
      <trkpt lat="46.220559" lon="8.326612"><ele>473.2</ele></trkpt>
      <trkpt lat="46.220422" lon="8.326493"><ele>472.5</ele></trkpt>
      <trkpt lat="46.220279" lon="8.326316"><ele>471.7</ele></trkpt>
      <trkpt lat="46.220142" lon="8.326237"><ele>471.1</ele></trkpt>
      <trkpt lat="46.219863" lon="8.325981"><ele>469.6</ele></trkpt>
      <trkpt lat="46.219699" lon="8.325882"><ele>468.9</ele></trkpt>
      <trkpt lat="46.219392" lon="8.325753"><ele>467.5</ele></trkpt>
      <trkpt lat="46.219276" lon="8.325734"><ele>467.0</ele></trkpt>
      <trkpt lat="46.219139" lon="8.325655"><ele>466.3</ele></trkpt>
      <trkpt lat="46.218886" lon="8.325349"><ele>464.9</ele></trkpt>
      <trkpt lat="46.218579" lon="8.324856"><ele>463.0</ele></trkpt>
      <trkpt lat="46.218115" lon="8.324244"><ele>460.3</ele></trkpt>
      <trkpt lat="46.217910" lon="8.323849"><ele>458.8</ele></trkpt>
      <trkpt lat="46.217815" lon="8.323790"><ele>458.4</ele></trkpt>
      <trkpt lat="46.217617" lon="8.323780"><ele>457.5</ele></trkpt>
      <trkpt lat="46.216920" lon="8.323494"><ele>454.3</ele></trkpt>
      <trkpt lat="46.216616" lon="8.323494"><ele>453.0</ele></trkpt>
      <trkpt lat="46.216436" lon="8.323484"><ele>452.2</ele></trkpt>
      <trkpt lat="46.215746" lon="8.323208"><ele>449.0</ele></trkpt>
      <trkpt lat="46.215480" lon="8.323060"><ele>447.7</ele></trkpt>
      <trkpt lat="46.215330" lon="8.323011"><ele>447.0</ele></trkpt>
      <trkpt lat="46.215200" lon="8.322912"><ele>446.4</ele></trkpt>
      <trkpt lat="46.214982" lon="8.322833"><ele>445.3</ele></trkpt>
      <trkpt lat="46.214633" lon="8.322784"><ele>443.8</ele></trkpt>
      <trkpt lat="46.214510" lon="8.322823"><ele>443.2</ele></trkpt>
      <trkpt lat="46.214012" lon="8.323119"><ele>441.3</ele></trkpt>
      <trkpt lat="46.213725" lon="8.323248"><ele>440.3</ele></trkpt>
      <trkpt lat="46.213261" lon="8.323188"><ele>438.8</ele></trkpt>
      <trkpt lat="46.213138" lon="8.323090"><ele>438.3</ele></trkpt>
      <trkpt lat="46.212956" lon="8.323018"><ele>437.7</ele></trkpt>
      <trkpt lat="46.212157" lon="8.322587"><ele>436.3</ele></trkpt>
      <trkpt lat="46.212225" lon="8.322290"><ele>436.1</ele></trkpt>
      <trkpt lat="46.212437" lon="8.321742"><ele>435.7</ele></trkpt>
      <trkpt lat="46.212485" lon="8.321545"><ele>435.6</ele></trkpt>
      <trkpt lat="46.212489" lon="8.321443"><ele>435.6</ele></trkpt>
      <trkpt lat="46.212454" lon="8.321297"><ele>435.5</ele></trkpt>
      <trkpt lat="46.212454" lon="8.321207"><ele>435.4</ele></trkpt>
      <trkpt lat="46.212479" lon="8.321142"><ele>435.4</ele></trkpt>
      <trkpt lat="46.212206" lon="8.321042"><ele>434.9</ele></trkpt>
      <trkpt lat="46.211576" lon="8.320701"><ele>433.2</ele></trkpt>
      <trkpt lat="46.211329" lon="8.320568"><ele>432.5</ele></trkpt>
      <trkpt lat="46.210960" lon="8.320476"><ele>431.5</ele></trkpt>
      <trkpt lat="46.210542" lon="8.320380"><ele>430.3</ele></trkpt>
      <trkpt lat="46.209941" lon="8.320277"><ele>428.1</ele></trkpt>
      <trkpt lat="46.208369" lon="8.319538"><ele>422.1</ele></trkpt>
      <trkpt lat="46.207738" lon="8.319376"><ele>419.8</ele></trkpt>
      <trkpt lat="46.206850" lon="8.318992"><ele>416.6</ele></trkpt>
      <trkpt lat="46.206555" lon="8.318895"><ele>415.7</ele></trkpt>
      <trkpt lat="46.206443" lon="8.318898"><ele>415.3</ele></trkpt>
      <trkpt lat="46.206203" lon="8.318929"><ele>414.5</ele></trkpt>
      <trkpt lat="46.205594" lon="8.319109"><ele>412.5</ele></trkpt>
      <trkpt lat="46.205295" lon="8.319155"><ele>411.7</ele></trkpt>
      <trkpt lat="46.204750" lon="8.319007"><ele>411.0</ele></trkpt>
      <trkpt lat="46.204740" lon="8.319231"><ele>410.8</ele></trkpt>
      <trkpt lat="46.204712" lon="8.319329"><ele>410.7</ele></trkpt>
      <trkpt lat="46.204502" lon="8.319781"><ele>410.2</ele></trkpt>
      <trkpt lat="46.204444" lon="8.320087"><ele>410.0</ele></trkpt>
      <trkpt lat="46.204442" lon="8.320196"><ele>409.9</ele></trkpt>
      <trkpt lat="46.204393" lon="8.320681"><ele>409.5</ele></trkpt>
      <trkpt lat="46.204374" lon="8.320842"><ele>409.6</ele></trkpt>
      <trkpt lat="46.204288" lon="8.321022"><ele>409.6</ele></trkpt>
      <trkpt lat="46.204050" lon="8.321400"><ele>409.8</ele></trkpt>
      <trkpt lat="46.204028" lon="8.321405"><ele>409.8</ele></trkpt>
      <trkpt lat="46.203685" lon="8.321528"><ele>409.9</ele></trkpt>
      <trkpt lat="46.203091" lon="8.321839"><ele>410.1</ele></trkpt>
      <trkpt lat="46.202908" lon="8.322092"><ele>409.7</ele></trkpt>
      <trkpt lat="46.202838" lon="8.322050"><ele>409.5</ele></trkpt>
      <trkpt lat="46.202724" lon="8.322057"><ele>409.0</ele></trkpt>
      <trkpt lat="46.202627" lon="8.321908"><ele>408.5</ele></trkpt>
      <trkpt lat="46.202557" lon="8.321889"><ele>408.3</ele></trkpt>
      <trkpt lat="46.202524" lon="8.321827"><ele>408.1</ele></trkpt>
      <trkpt lat="46.202243" lon="8.321854"><ele>407.1</ele></trkpt>
      <trkpt lat="46.201972" lon="8.321501"><ele>405.7</ele></trkpt>
      <trkpt lat="46.201814" lon="8.321405"><ele>405.1</ele></trkpt>
      <trkpt lat="46.201702" lon="8.321385"><ele>404.7</ele></trkpt>
      <trkpt lat="46.201545" lon="8.321437"><ele>404.1</ele></trkpt>
      <trkpt lat="46.201221" lon="8.321370"><ele>403.2</ele></trkpt>
      <trkpt lat="46.200824" lon="8.321428"><ele>402.3</ele></trkpt>
      <trkpt lat="46.200486" lon="8.321360"><ele>401.5</ele></trkpt>
      <trkpt lat="46.199913" lon="8.321539"><ele>400.2</ele></trkpt>
      <trkpt lat="46.199480" lon="8.321545"><ele>399.1</ele></trkpt>
      <trkpt lat="46.199233" lon="8.321590"><ele>398.4</ele></trkpt>
      <trkpt lat="46.198516" lon="8.321838"><ele>396.3</ele></trkpt>
      <trkpt lat="46.197841" lon="8.321989"><ele>394.3</ele></trkpt>
      <trkpt lat="46.197285" lon="8.321957"><ele>392.5</ele></trkpt>
      <trkpt lat="46.197026" lon="8.321893"><ele>391.7</ele></trkpt>
      <trkpt lat="46.196783" lon="8.321877"><ele>390.9</ele></trkpt>
      <trkpt lat="46.196440" lon="8.321788"><ele>389.8</ele></trkpt>
      <trkpt lat="46.196117" lon="8.321812"><ele>388.8</ele></trkpt>
      <trkpt lat="46.195954" lon="8.321768"><ele>388.3</ele></trkpt>
      <trkpt lat="46.195536" lon="8.321818"><ele>387.0</ele></trkpt>
      <trkpt lat="46.195376" lon="8.321717"><ele>386.4</ele></trkpt>
      <trkpt lat="46.195166" lon="8.321746"><ele>385.7</ele></trkpt>
      <trkpt lat="46.194767" lon="8.321918"><ele>384.4</ele></trkpt>
      <trkpt lat="46.194460" lon="8.321983"><ele>383.4</ele></trkpt>
      <trkpt lat="46.192125" lon="8.322340"><ele>375.5</ele></trkpt>
      <trkpt lat="46.191727" lon="8.322382"><ele>374.4</ele></trkpt>
      <trkpt lat="46.191327" lon="8.322264"><ele>373.3</ele></trkpt>
      <trkpt lat="46.190712" lon="8.322392"><ele>371.8</ele></trkpt>
      <trkpt lat="46.190458" lon="8.322423"><ele>372.2</ele></trkpt>
      <trkpt lat="46.190140" lon="8.322520"><ele>372.7</ele></trkpt>
      <trkpt lat="46.190239" lon="8.322307"><ele>373.0</ele></trkpt>
      <trkpt lat="46.190261" lon="8.322117"><ele>373.2</ele></trkpt>
      <trkpt lat="46.190185" lon="8.321642"><ele>373.7</ele></trkpt>
      <trkpt lat="46.190109" lon="8.321524"><ele>373.9</ele></trkpt>
      <trkpt lat="46.190062" lon="8.321363"><ele>374.1</ele></trkpt>
      <trkpt lat="46.190040" lon="8.321191"><ele>374.3</ele></trkpt>
      <trkpt lat="46.190055" lon="8.321025"><ele>374.5</ele></trkpt>
      <trkpt lat="46.188002" lon="8.321421"><ele>375.0</ele></trkpt>
      <trkpt lat="46.187478" lon="8.321693"><ele>374.0</ele></trkpt>
      <trkpt lat="46.187268" lon="8.321836"><ele>373.5</ele></trkpt>
      <trkpt lat="46.186899" lon="8.322157"><ele>372.7</ele></trkpt>
      <trkpt lat="46.186279" lon="8.322594"><ele>371.8</ele></trkpt>
      <trkpt lat="46.185989" lon="8.322581"><ele>371.6</ele></trkpt>
      <trkpt lat="46.185519" lon="8.322675"><ele>371.2</ele></trkpt>
      <trkpt lat="46.185218" lon="8.322679"><ele>371.0</ele></trkpt>
      <trkpt lat="46.184592" lon="8.322563"><ele>371.1</ele></trkpt>
      <trkpt lat="46.184527" lon="8.322578"><ele>371.3</ele></trkpt>
      <trkpt lat="46.184362" lon="8.322751"><ele>371.7</ele></trkpt>
      <trkpt lat="46.183573" lon="8.322816"><ele>373.4</ele></trkpt>
      <trkpt lat="46.183193" lon="8.322891"><ele>374.2</ele></trkpt>
      <trkpt lat="46.183102" lon="8.322942"><ele>374.4</ele></trkpt>
      <trkpt lat="46.182446" lon="8.322974"><ele>375.4</ele></trkpt>
      <trkpt lat="46.182219" lon="8.322843"><ele>375.8</ele></trkpt>
      <trkpt lat="46.182058" lon="8.322656"><ele>376.1</ele></trkpt>
      <trkpt lat="46.181848" lon="8.322474"><ele>376.5</ele></trkpt>
      <trkpt lat="46.181713" lon="8.322393"><ele>376.7</ele></trkpt>
      <trkpt lat="46.181617" lon="8.322392"><ele>376.9</ele></trkpt>
      <trkpt lat="46.181078" lon="8.323030"><ele>372.9</ele></trkpt>
      <trkpt lat="46.180953" lon="8.323146"><ele>371.5</ele></trkpt>
      <trkpt lat="46.180841" lon="8.323196"><ele>370.4</ele></trkpt>
      <trkpt lat="46.180745" lon="8.323197"><ele>369.5</ele></trkpt>
      <trkpt lat="46.180474" lon="8.323459"><ele>366.4</ele></trkpt>
      <trkpt lat="46.180184" lon="8.323718"><ele>363.3</ele></trkpt>
      <trkpt lat="46.180074" lon="8.323751"><ele>362.2</ele></trkpt>
      <trkpt lat="46.179929" lon="8.323749"><ele>360.9</ele></trkpt>
      <trkpt lat="46.179519" lon="8.323608"><ele>360.8</ele></trkpt>
      <trkpt lat="46.179340" lon="8.323580"><ele>360.9</ele></trkpt>
      <trkpt lat="46.178948" lon="8.323581"><ele>361.3</ele></trkpt>
      <trkpt lat="46.178767" lon="8.323522"><ele>361.5</ele></trkpt>
      <trkpt lat="46.178552" lon="8.323373"><ele>361.7</ele></trkpt>
      <trkpt lat="46.177651" lon="8.322541"><ele>363.6</ele></trkpt>
      <trkpt lat="46.177457" lon="8.322257"><ele>364.3</ele></trkpt>
      <trkpt lat="46.177267" lon="8.322209"><ele>364.8</ele></trkpt>
      <trkpt lat="46.177129" lon="8.322241"><ele>365.1</ele></trkpt>
      <trkpt lat="46.176872" lon="8.322229"><ele>365.7</ele></trkpt>
      <trkpt lat="46.176711" lon="8.322094"><ele>366.2</ele></trkpt>
      <trkpt lat="46.176564" lon="8.321825"><ele>366.6</ele></trkpt>
      <trkpt lat="46.176504" lon="8.321485"><ele>366.8</ele></trkpt>
      <trkpt lat="46.176523" lon="8.321114"><ele>367.1</ele></trkpt>
      <trkpt lat="46.176496" lon="8.320844"><ele>367.3</ele></trkpt>
      <trkpt lat="46.176309" lon="8.319780"><ele>368.2</ele></trkpt>
      <trkpt lat="46.175934" lon="8.319190"><ele>368.2</ele></trkpt>
      <trkpt lat="46.175793" lon="8.319050"><ele>368.1</ele></trkpt>
      <trkpt lat="46.175557" lon="8.318956"><ele>368.0</ele></trkpt>
      <trkpt lat="46.175464" lon="8.318881"><ele>367.9</ele></trkpt>
      <trkpt lat="46.175215" lon="8.318603"><ele>367.7</ele></trkpt>
      <trkpt lat="46.175126" lon="8.318543"><ele>367.7</ele></trkpt>
      <trkpt lat="46.174695" lon="8.318384"><ele>367.4</ele></trkpt>
      <trkpt lat="46.174596" lon="8.318274"><ele>367.3</ele></trkpt>
      <trkpt lat="46.174563" lon="8.318183"><ele>367.1</ele></trkpt>
      <trkpt lat="46.174570" lon="8.317967"><ele>366.8</ele></trkpt>
      <trkpt lat="46.174601" lon="8.317820"><ele>366.5</ele></trkpt>
      <trkpt lat="46.174789" lon="8.317341"><ele>365.7</ele></trkpt>
      <trkpt lat="46.174867" lon="8.317059"><ele>365.3</ele></trkpt>
      <trkpt lat="46.174957" lon="8.316696"><ele>364.7</ele></trkpt>
      <trkpt lat="46.174939" lon="8.316533"><ele>364.4</ele></trkpt>
      <trkpt lat="46.174905" lon="8.316442"><ele>364.3</ele></trkpt>
      <trkpt lat="46.174817" lon="8.316124"><ele>363.8</ele></trkpt>
      <trkpt lat="46.174704" lon="8.315860"><ele>363.4</ele></trkpt>
      <trkpt lat="46.174648" lon="8.315726"><ele>363.3</ele></trkpt>
      <trkpt lat="46.174508" lon="8.315368"><ele>362.9</ele></trkpt>
      <trkpt lat="46.174236" lon="8.314518"><ele>362.2</ele></trkpt>
      <trkpt lat="46.173993" lon="8.314228"><ele>361.9</ele></trkpt>
      <trkpt lat="46.173694" lon="8.313799"><ele>361.4</ele></trkpt>
      <trkpt lat="46.173587" lon="8.313534"><ele>361.3</ele></trkpt>
      <trkpt lat="46.173419" lon="8.313236"><ele>361.1</ele></trkpt>
      <trkpt lat="46.173324" lon="8.313151"><ele>361.1</ele></trkpt>
      <trkpt lat="46.172926" lon="8.313078"><ele>360.9</ele></trkpt>
      <trkpt lat="46.172741" lon="8.312996"><ele>360.7</ele></trkpt>
      <trkpt lat="46.170334" lon="8.309958"><ele>359.5</ele></trkpt>
      <trkpt lat="46.169896" lon="8.309161"><ele>359.5</ele></trkpt>
      <trkpt lat="46.169741" lon="8.309020"><ele>359.5</ele></trkpt>
      <trkpt lat="46.169214" lon="8.308884"><ele>358.8</ele></trkpt>
      <trkpt lat="46.168932" lon="8.308946"><ele>358.3</ele></trkpt>
      <trkpt lat="46.168779" lon="8.308931"><ele>358.1</ele></trkpt>
      <trkpt lat="46.168587" lon="8.308852"><ele>357.7</ele></trkpt>
      <trkpt lat="46.168501" lon="8.308899"><ele>357.6</ele></trkpt>
      <trkpt lat="46.168328" lon="8.309090"><ele>357.2</ele></trkpt>
      <trkpt lat="46.168174" lon="8.309173"><ele>356.9</ele></trkpt>
      <trkpt lat="46.167812" lon="8.309203"><ele>356.3</ele></trkpt>
      <trkpt lat="46.167245" lon="8.309148"><ele>355.3</ele></trkpt>
      <trkpt lat="46.166890" lon="8.309180"><ele>354.7</ele></trkpt>
      <trkpt lat="46.166778" lon="8.309152"><ele>354.5</ele></trkpt>
      <trkpt lat="46.166300" lon="8.308911"><ele>353.7</ele></trkpt>
      <trkpt lat="46.166151" lon="8.308883"><ele>353.4</ele></trkpt>
      <trkpt lat="46.165595" lon="8.309078"><ele>352.9</ele></trkpt>
      <trkpt lat="46.165439" lon="8.309082"><ele>352.7</ele></trkpt>
      <trkpt lat="46.164869" lon="8.308853"><ele>352.2</ele></trkpt>
      <trkpt lat="46.164806" lon="8.308864"><ele>352.1</ele></trkpt>
      <trkpt lat="46.164695" lon="8.308973"><ele>352.0</ele></trkpt>
      <trkpt lat="46.164621" lon="8.309122"><ele>351.9</ele></trkpt>
      <trkpt lat="46.164543" lon="8.309213"><ele>351.8</ele></trkpt>
      <trkpt lat="46.164353" lon="8.309284"><ele>352.1</ele></trkpt>
      <trkpt lat="46.164271" lon="8.309233"><ele>352.2</ele></trkpt>
      <trkpt lat="46.164188" lon="8.309082"><ele>352.4</ele></trkpt>
      <trkpt lat="46.163980" lon="8.308553"><ele>353.1</ele></trkpt>
      <trkpt lat="46.163818" lon="8.308335"><ele>353.4</ele></trkpt>
      <trkpt lat="46.163642" lon="8.308222"><ele>353.7</ele></trkpt>
      <trkpt lat="46.163362" lon="8.308162"><ele>354.2</ele></trkpt>
      <trkpt lat="46.162851" lon="8.307791"><ele>355.0</ele></trkpt>
      <trkpt lat="46.162354" lon="8.307627"><ele>355.8</ele></trkpt>
      <trkpt lat="46.162264" lon="8.307551"><ele>356.0</ele></trkpt>
      <trkpt lat="46.162201" lon="8.307443"><ele>356.1</ele></trkpt>
      <trkpt lat="46.162180" lon="8.307330"><ele>356.3</ele></trkpt>
      <trkpt lat="46.162244" lon="8.306875"><ele>356.8</ele></trkpt>
      <trkpt lat="46.162194" lon="8.306496"><ele>357.2</ele></trkpt>
      <trkpt lat="46.162329" lon="8.305852"><ele>357.9</ele></trkpt>
      <trkpt lat="46.162282" lon="8.305567"><ele>358.3</ele></trkpt>
      <trkpt lat="46.162182" lon="8.305466"><ele>358.5</ele></trkpt>
      <trkpt lat="46.161796" lon="8.305428"><ele>359.1</ele></trkpt>
      <trkpt lat="46.161717" lon="8.305419"><ele>359.2</ele></trkpt>
      <trkpt lat="46.160849" lon="8.305390"><ele>359.7</ele></trkpt>
      <trkpt lat="46.160527" lon="8.305268"><ele>358.8</ele></trkpt>
      <trkpt lat="46.160397" lon="8.305249"><ele>358.4</ele></trkpt>
      <trkpt lat="46.159935" lon="8.305339"><ele>357.0</ele></trkpt>
      <trkpt lat="46.159488" lon="8.305236"><ele>355.7</ele></trkpt>
      <trkpt lat="46.159413" lon="8.305204"><ele>355.5</ele></trkpt>
      <trkpt lat="46.158615" lon="8.304453"><ele>355.8</ele></trkpt>
      <trkpt lat="46.158437" lon="8.304330"><ele>355.9</ele></trkpt>
      <trkpt lat="46.158203" lon="8.304239"><ele>356.1</ele></trkpt>
      <trkpt lat="46.157836" lon="8.304202"><ele>356.5</ele></trkpt>
      <trkpt lat="46.157751" lon="8.304162"><ele>356.5</ele></trkpt>
      <trkpt lat="46.157130" lon="8.303690"><ele>356.2</ele></trkpt>
      <trkpt lat="46.156910" lon="8.303544"><ele>356.1</ele></trkpt>
      <trkpt lat="46.156704" lon="8.303473"><ele>355.9</ele></trkpt>
      <trkpt lat="46.156615" lon="8.303454"><ele>355.9</ele></trkpt>
      <trkpt lat="46.156201" lon="8.303396"><ele>355.6</ele></trkpt>
      <trkpt lat="46.155929" lon="8.303354"><ele>355.1</ele></trkpt>
      <trkpt lat="46.155477" lon="8.303296"><ele>351.3</ele></trkpt>
      <trkpt lat="46.155409" lon="8.303256"><ele>350.7</ele></trkpt>
      <trkpt lat="46.155179" lon="8.302972"><ele>348.2</ele></trkpt>
      <trkpt lat="46.154589" lon="8.302680"><ele>343.1</ele></trkpt>
      <trkpt lat="46.154146" lon="8.302418"><ele>339.0</ele></trkpt>
      <trkpt lat="46.154109" lon="8.302471"><ele>338.5</ele></trkpt>
      <trkpt lat="46.153992" lon="8.302504"><ele>337.3</ele></trkpt>
      <trkpt lat="46.153137" lon="8.302540"><ele>329.2</ele></trkpt>
      <trkpt lat="46.153063" lon="8.302436"><ele>328.2</ele></trkpt>
      <trkpt lat="46.152867" lon="8.301990"><ele>324.8</ele></trkpt>
      <trkpt lat="46.152636" lon="8.301735"><ele>322.9</ele></trkpt>
      <trkpt lat="46.151834" lon="8.300904"><ele>318.6</ele></trkpt>
      <trkpt lat="46.151592" lon="8.300609"><ele>317.2</ele></trkpt>
      <trkpt lat="46.151415" lon="8.300299"><ele>316.0</ele></trkpt>
      <trkpt lat="46.151014" lon="8.299502"><ele>312.9</ele></trkpt>
      <trkpt lat="46.150481" lon="8.298286"><ele>308.4</ele></trkpt>
      <trkpt lat="46.149990" lon="8.297200"><ele>305.2</ele></trkpt>
      <trkpt lat="46.149749" lon="8.296868"><ele>304.1</ele></trkpt>
      <trkpt lat="46.149550" lon="8.296738"><ele>303.4</ele></trkpt>
      <trkpt lat="46.149307" lon="8.296677"><ele>302.6</ele></trkpt>
      <trkpt lat="46.148590" lon="8.296577"><ele>300.7</ele></trkpt>
      <trkpt lat="46.148325" lon="8.296604"><ele>300.1</ele></trkpt>
      <trkpt lat="46.148222" lon="8.296588"><ele>299.9</ele></trkpt>
      <trkpt lat="46.148123" lon="8.296591"><ele>299.7</ele></trkpt>
      <trkpt lat="46.147990" lon="8.296501"><ele>299.3</ele></trkpt>
      <trkpt lat="46.147884" lon="8.296479"><ele>299.1</ele></trkpt>
      <trkpt lat="46.147045" lon="8.296365"><ele>297.3</ele></trkpt>
      <trkpt lat="46.146282" lon="8.296271"><ele>296.0</ele></trkpt>
      <trkpt lat="46.146110" lon="8.296254"><ele>295.7</ele></trkpt>
      <trkpt lat="46.145151" lon="8.296119"><ele>293.9</ele></trkpt>
      <trkpt lat="46.144884" lon="8.296081"><ele>293.3</ele></trkpt>
      <trkpt lat="46.144398" lon="8.296027"><ele>292.2</ele></trkpt>
      <trkpt lat="46.144152" lon="8.295979"><ele>291.7</ele></trkpt>
      <trkpt lat="46.142648" lon="8.295787"><ele>288.4</ele></trkpt>
      <trkpt lat="46.141605" lon="8.295652"><ele>286.3</ele></trkpt>
      <trkpt lat="46.140334" lon="8.295481"><ele>284.4</ele></trkpt>
      <trkpt lat="46.139184" lon="8.295312"><ele>283.2</ele></trkpt>
      <trkpt lat="46.138294" lon="8.295208"><ele>282.4</ele></trkpt>
      <trkpt lat="46.136814" lon="8.295014"><ele>281.4</ele></trkpt>
      <trkpt lat="46.135419" lon="8.294832"><ele>280.1</ele></trkpt>
      <trkpt lat="46.135354" lon="8.294824"><ele>280.1</ele></trkpt>
      <trkpt lat="46.134779" lon="8.294733"><ele>279.5</ele></trkpt>
      <trkpt lat="46.134433" lon="8.294690"><ele>279.2</ele></trkpt>
      <trkpt lat="46.133449" lon="8.294560"><ele>278.5</ele></trkpt>
      <trkpt lat="46.133328" lon="8.294504"><ele>278.4</ele></trkpt>
      <trkpt lat="46.133245" lon="8.294395"><ele>278.3</ele></trkpt>
      <trkpt lat="46.133271" lon="8.294325"><ele>278.3</ele></trkpt>
      <trkpt lat="46.133262" lon="8.294246"><ele>278.2</ele></trkpt>
      <trkpt lat="46.133223" lon="8.294190"><ele>278.2</ele></trkpt>
      <trkpt lat="46.133168" lon="8.294180"><ele>278.1</ele></trkpt>
      <trkpt lat="46.133106" lon="8.294244"><ele>278.1</ele></trkpt>
      <trkpt lat="46.133103" lon="8.294354"><ele>278.0</ele></trkpt>
      <trkpt lat="46.133061" lon="8.294429"><ele>277.9</ele></trkpt>
      <trkpt lat="46.133009" lon="8.294460"><ele>277.9</ele></trkpt>
      <trkpt lat="46.132692" lon="8.294458"><ele>277.6</ele></trkpt>
      <trkpt lat="46.132505" lon="8.294447"><ele>277.4</ele></trkpt>
      <trkpt lat="46.132503" lon="8.294530"><ele>277.4</ele></trkpt>
      <trkpt lat="46.130930" lon="8.294337"><ele>275.9</ele></trkpt>
      <trkpt lat="46.130254" lon="8.294274"><ele>275.2</ele></trkpt>
      <trkpt lat="46.130155" lon="8.294310"><ele>275.1</ele></trkpt>
      <trkpt lat="46.129781" lon="8.294989"><ele>274.5</ele></trkpt>
      <trkpt lat="46.129525" lon="8.295388"><ele>274.0</ele></trkpt>
      <trkpt lat="46.128987" lon="8.295963"><ele>273.3</ele></trkpt>
      <trkpt lat="46.128420" lon="8.296293"><ele>272.5</ele></trkpt>
      <trkpt lat="46.126123" lon="8.297266"><ele>270.1</ele></trkpt>
      <trkpt lat="46.125251" lon="8.297678"><ele>269.4</ele></trkpt>
      <trkpt lat="46.123355" lon="8.298718"><ele>269.0</ele></trkpt>
      <trkpt lat="46.122688" lon="8.299145"><ele>268.4</ele></trkpt>
      <trkpt lat="46.122126" lon="8.299598"><ele>267.7</ele></trkpt>
      <trkpt lat="46.121532" lon="8.300013"><ele>267.0</ele></trkpt>
      <trkpt lat="46.120504" lon="8.300866"><ele>265.3</ele></trkpt>
      <trkpt lat="46.120125" lon="8.301222"><ele>264.6</ele></trkpt>
      <trkpt lat="46.119377" lon="8.301775"><ele>263.9</ele></trkpt>
      <trkpt lat="46.118280" lon="8.302475"><ele>262.8</ele></trkpt>
      <trkpt lat="46.116989" lon="8.303363"><ele>261.8</ele></trkpt>
      <trkpt lat="46.114957" lon="8.304591"><ele>260.8</ele></trkpt>
      <trkpt lat="46.114606" lon="8.304825"><ele>260.5</ele></trkpt>
      <trkpt lat="46.113088" lon="8.305646"><ele>258.9</ele></trkpt>
      <trkpt lat="46.112755" lon="8.305613"><ele>258.5</ele></trkpt>
      <trkpt lat="46.112703" lon="8.305628"><ele>258.4</ele></trkpt>
      <trkpt lat="46.112618" lon="8.305599"><ele>258.3</ele></trkpt>
      <trkpt lat="46.112614" lon="8.305497"><ele>258.2</ele></trkpt>
      <trkpt lat="46.112586" lon="8.305538"><ele>258.2</ele></trkpt>
      <trkpt lat="46.112357" lon="8.305593"><ele>257.9</ele></trkpt>
      <trkpt lat="46.112083" lon="8.305603"><ele>257.6</ele></trkpt>
      <trkpt lat="46.111148" lon="8.305528"><ele>256.5</ele></trkpt>
      <trkpt lat="46.110215" lon="8.305370"><ele>255.3</ele></trkpt>
      <trkpt lat="46.110070" lon="8.305408"><ele>255.2</ele></trkpt>
      <trkpt lat="46.109800" lon="8.305466"><ele>254.8</ele></trkpt>
      <trkpt lat="46.109697" lon="8.305454"><ele>254.7</ele></trkpt>
      <trkpt lat="46.109073" lon="8.305184"><ele>253.9</ele></trkpt>
      <trkpt lat="46.108545" lon="8.305046"><ele>253.2</ele></trkpt>
      <trkpt lat="46.108355" lon="8.305000"><ele>253.0</ele></trkpt>
      <trkpt lat="46.108243" lon="8.304973"><ele>252.9</ele></trkpt>
      <trkpt lat="46.107575" lon="8.304625"><ele>252.3</ele></trkpt>
      <trkpt lat="46.105576" lon="8.304196"><ele>251.1</ele></trkpt>
      <trkpt lat="46.105029" lon="8.303941"><ele>250.8</ele></trkpt>
      <trkpt lat="46.103906" lon="8.304015"><ele>250.2</ele></trkpt>
      <trkpt lat="46.103088" lon="8.304179"><ele>249.8</ele></trkpt>
      <trkpt lat="46.102091" lon="8.304334"><ele>249.1</ele></trkpt>
      <trkpt lat="46.101829" lon="8.304333"><ele>248.9</ele></trkpt>
      <trkpt lat="46.101512" lon="8.304399"><ele>248.7</ele></trkpt>
      <trkpt lat="46.100965" lon="8.304441"><ele>248.3</ele></trkpt>
      <trkpt lat="46.099684" lon="8.304446"><ele>247.5</ele></trkpt>
      <trkpt lat="46.097150" lon="8.304338"><ele>246.3</ele></trkpt>
      <trkpt lat="46.095476" lon="8.303745"><ele>245.7</ele></trkpt>
      <trkpt lat="46.095087" lon="8.303539"><ele>245.6</ele></trkpt>
      <trkpt lat="46.094186" lon="8.302937"><ele>245.4</ele></trkpt>
      <trkpt lat="46.094046" lon="8.302790"><ele>245.4</ele></trkpt>
      <trkpt lat="46.093989" lon="8.302620"><ele>245.3</ele></trkpt>
      <trkpt lat="46.093931" lon="8.302440"><ele>245.3</ele></trkpt>
      <trkpt lat="46.093817" lon="8.302156"><ele>245.3</ele></trkpt>
      <trkpt lat="46.093554" lon="8.301609"><ele>245.2</ele></trkpt>
      <trkpt lat="46.093526" lon="8.301452"><ele>245.2</ele></trkpt>
      <trkpt lat="46.093540" lon="8.299044"><ele>244.8</ele></trkpt>
      <trkpt lat="46.093382" lon="8.298805"><ele>244.7</ele></trkpt>
      <trkpt lat="46.093342" lon="8.298717"><ele>244.7</ele></trkpt>
      <trkpt lat="46.092877" lon="8.298153"><ele>244.4</ele></trkpt>
      <trkpt lat="46.092416" lon="8.297677"><ele>244.0</ele></trkpt>
      <trkpt lat="46.091969" lon="8.297398"><ele>243.7</ele></trkpt>
      <trkpt lat="46.091683" lon="8.297293"><ele>243.5</ele></trkpt>
      <trkpt lat="46.091525" lon="8.297331"><ele>243.4</ele></trkpt>
      <trkpt lat="46.091146" lon="8.297697"><ele>242.9</ele></trkpt>
      <trkpt lat="46.090810" lon="8.297862"><ele>242.4</ele></trkpt>
      <trkpt lat="46.090712" lon="8.297954"><ele>242.3</ele></trkpt>
      <trkpt lat="46.090449" lon="8.297959"><ele>242.0</ele></trkpt>
      <trkpt lat="46.090281" lon="8.297841"><ele>241.7</ele></trkpt>
      <trkpt lat="46.089791" lon="8.296978"><ele>240.7</ele></trkpt>
      <trkpt lat="46.089678" lon="8.296712"><ele>240.4</ele></trkpt>
      <trkpt lat="46.089556" lon="8.296329"><ele>239.9</ele></trkpt>
      <trkpt lat="46.089475" lon="8.296172"><ele>239.7</ele></trkpt>
      <trkpt lat="46.089532" lon="8.295999"><ele>239.5</ele></trkpt>
      <trkpt lat="46.089510" lon="8.295685"><ele>239.2</ele></trkpt>
      <trkpt lat="46.089396" lon="8.295547"><ele>239.0</ele></trkpt>
      <trkpt lat="46.089328" lon="8.295380"><ele>238.8</ele></trkpt>
      <trkpt lat="46.089265" lon="8.295347"><ele>238.7</ele></trkpt>
      <trkpt lat="46.089209" lon="8.295251"><ele>238.5</ele></trkpt>
      <trkpt lat="46.089172" lon="8.294374"><ele>238.3</ele></trkpt>
      <trkpt lat="46.089226" lon="8.293851"><ele>238.2</ele></trkpt>
      <trkpt lat="46.089159" lon="8.293300"><ele>238.1</ele></trkpt>
      <trkpt lat="46.089146" lon="8.292557"><ele>238.0</ele></trkpt>
      <trkpt lat="46.089064" lon="8.291157"><ele>238.6</ele></trkpt>
      <trkpt lat="46.089087" lon="8.290942"><ele>238.7</ele></trkpt>
      <trkpt lat="46.089142" lon="8.290839"><ele>238.8</ele></trkpt>
      <trkpt lat="46.089196" lon="8.290576"><ele>238.9</ele></trkpt>
      <trkpt lat="46.089176" lon="8.290128"><ele>239.2</ele></trkpt>
      <trkpt lat="46.089113" lon="8.289588"><ele>239.2</ele></trkpt>
      <trkpt lat="46.088936" lon="8.288899"><ele>239.3</ele></trkpt>
      <trkpt lat="46.088643" lon="8.288002"><ele>239.3</ele></trkpt>
      <trkpt lat="46.088564" lon="8.287814"><ele>239.3</ele></trkpt>
      <trkpt lat="46.088297" lon="8.287339"><ele>239.1</ele></trkpt>
      <trkpt lat="46.088020" lon="8.286959"><ele>238.7</ele></trkpt>
      <trkpt lat="46.087473" lon="8.286416"><ele>238.1</ele></trkpt>
      <trkpt lat="46.087100" lon="8.286245"><ele>237.8</ele></trkpt>
      <trkpt lat="46.085862" lon="8.285420"><ele>236.5</ele></trkpt>
      <trkpt lat="46.085530" lon="8.285152"><ele>236.1</ele></trkpt>
      <trkpt lat="46.083928" lon="8.284069"><ele>235.7</ele></trkpt>
      <trkpt lat="46.083714" lon="8.283873"><ele>235.7</ele></trkpt>
      <trkpt lat="46.083523" lon="8.283522"><ele>235.9</ele></trkpt>
      <trkpt lat="46.083579" lon="8.283434"><ele>235.9</ele></trkpt>
      <trkpt lat="46.083707" lon="8.283084"><ele>236.0</ele></trkpt>
      <trkpt lat="46.083745" lon="8.282971"><ele>236.0</ele></trkpt>
      <trkpt lat="46.083128" lon="8.282213"><ele>236.4</ele></trkpt>
      <trkpt lat="46.083042" lon="8.282058"><ele>236.4</ele></trkpt>
      <trkpt lat="46.082971" lon="8.281829"><ele>236.3</ele></trkpt>
      <trkpt lat="46.082801" lon="8.280950"><ele>236.1</ele></trkpt>
      <trkpt lat="46.082754" lon="8.280543"><ele>236.0</ele></trkpt>
      <trkpt lat="46.082754" lon="8.280353"><ele>235.9</ele></trkpt>
      <trkpt lat="46.082811" lon="8.279969"><ele>235.8</ele></trkpt>
      <trkpt lat="46.082827" lon="8.279623"><ele>235.7</ele></trkpt>
      <trkpt lat="46.082744" lon="8.279146"><ele>235.6</ele></trkpt>
      <trkpt lat="46.082674" lon="8.278217"><ele>235.4</ele></trkpt>
      <trkpt lat="46.082553" lon="8.278097"><ele>235.4</ele></trkpt>
      <trkpt lat="46.082435" lon="8.278062"><ele>235.3</ele></trkpt>
      <trkpt lat="46.082181" lon="8.278136"><ele>235.2</ele></trkpt>
      <trkpt lat="46.082140" lon="8.277935"><ele>235.2</ele></trkpt>
      <trkpt lat="46.082114" lon="8.277920"><ele>235.2</ele></trkpt>
      <trkpt lat="46.081637" lon="8.278158"><ele>235.2</ele></trkpt>
      <trkpt lat="46.081565" lon="8.278155"><ele>235.2</ele></trkpt>
      <trkpt lat="46.081553" lon="8.278080"><ele>235.3</ele></trkpt>
      <trkpt lat="46.081505" lon="8.277868"><ele>235.3</ele></trkpt>
      <trkpt lat="46.081353" lon="8.277016"><ele>235.4</ele></trkpt>
      <trkpt lat="46.081357" lon="8.276908"><ele>235.4</ele></trkpt>
      <trkpt lat="46.080732" lon="8.277085"><ele>235.6</ele></trkpt>
      <trkpt lat="46.080035" lon="8.277193"><ele>235.6</ele></trkpt>
      <trkpt lat="46.079909" lon="8.277275"><ele>235.6</ele></trkpt>
      <trkpt lat="46.079455" lon="8.277765"><ele>235.7</ele></trkpt>
      <trkpt lat="46.079244" lon="8.277894"><ele>235.7</ele></trkpt>
      <trkpt lat="46.078948" lon="8.278141"><ele>235.7</ele></trkpt>
      <trkpt lat="46.078797" lon="8.278105"><ele>235.7</ele></trkpt>
      <trkpt lat="46.078662" lon="8.277955"><ele>235.7</ele></trkpt>
      <trkpt lat="46.078369" lon="8.277413"><ele>235.7</ele></trkpt>
      <trkpt lat="46.078229" lon="8.277229"><ele>235.7</ele></trkpt>
      <trkpt lat="46.077987" lon="8.276806"><ele>235.7</ele></trkpt>
      <trkpt lat="46.077574" lon="8.276590"><ele>235.8</ele></trkpt>
      <trkpt lat="46.077490" lon="8.276499"><ele>235.8</ele></trkpt>
      <trkpt lat="46.077192" lon="8.276012"><ele>235.8</ele></trkpt>
      <trkpt lat="46.077112" lon="8.275571"><ele>235.8</ele></trkpt>
      <trkpt lat="46.077081" lon="8.275476"><ele>235.9</ele></trkpt>
      <trkpt lat="46.077052" lon="8.275469"><ele>235.9</ele></trkpt>
      <trkpt lat="46.076793" lon="8.275465"><ele>235.9</ele></trkpt>
      <trkpt lat="46.076692" lon="8.275348"><ele>235.9</ele></trkpt>
      <trkpt lat="46.076663" lon="8.275213"><ele>235.9</ele></trkpt>
      <trkpt lat="46.076667" lon="8.274908"><ele>236.0</ele></trkpt>
      <trkpt lat="46.076595" lon="8.274568"><ele>236.0</ele></trkpt>
      <trkpt lat="46.076530" lon="8.274409"><ele>236.1</ele></trkpt>
      <trkpt lat="46.076506" lon="8.274332"><ele>236.1</ele></trkpt>
      <trkpt lat="46.076458" lon="8.274300"><ele>236.1</ele></trkpt>
      <trkpt lat="46.076324" lon="8.274410"><ele>236.1</ele></trkpt>
      <trkpt lat="46.076202" lon="8.274595"><ele>236.2</ele></trkpt>
      <trkpt lat="46.076036" lon="8.274762"><ele>236.3</ele></trkpt>
      <trkpt lat="46.075033" lon="8.275680"><ele>237.2</ele></trkpt>
      <trkpt lat="46.074764" lon="8.275791"><ele>237.5</ele></trkpt>
      <trkpt lat="46.074260" lon="8.275876"><ele>238.2</ele></trkpt>
      <trkpt lat="46.074178" lon="8.275930"><ele>238.3</ele></trkpt>
      <trkpt lat="46.073237" lon="8.276136"><ele>239.1</ele></trkpt>
      <trkpt lat="46.072253" lon="8.276407"><ele>239.7</ele></trkpt>
      <trkpt lat="46.072043" lon="8.276381"><ele>239.8</ele></trkpt>
      <trkpt lat="46.071908" lon="8.276335"><ele>239.8</ele></trkpt>
      <trkpt lat="46.070850" lon="8.275489"><ele>239.8</ele></trkpt>
      <trkpt lat="46.070803" lon="8.275322"><ele>239.8</ele></trkpt>
      <trkpt lat="46.070792" lon="8.275243"><ele>239.8</ele></trkpt>
      <trkpt lat="46.070746" lon="8.274848"><ele>239.9</ele></trkpt>
      <trkpt lat="46.070667" lon="8.274821"><ele>239.9</ele></trkpt>
      <trkpt lat="46.070395" lon="8.274995"><ele>239.9</ele></trkpt>
      <trkpt lat="46.070313" lon="8.275047"><ele>240.0</ele></trkpt>
      <trkpt lat="46.070036" lon="8.274904"><ele>240.0</ele></trkpt>
      <trkpt lat="46.070052" lon="8.274889"><ele>240.0</ele></trkpt>
      <trkpt lat="46.069922" lon="8.274791"><ele>240.0</ele></trkpt>
      <trkpt lat="46.069074" lon="8.274122"><ele>240.1</ele></trkpt>
      <trkpt lat="46.068489" lon="8.273725"><ele>239.9</ele></trkpt>
      <trkpt lat="46.068382" lon="8.273655"><ele>239.9</ele></trkpt>
      <trkpt lat="46.068301" lon="8.273607"><ele>239.9</ele></trkpt>
      <trkpt lat="46.067701" lon="8.273427"><ele>239.7</ele></trkpt>
      <trkpt lat="46.067467" lon="8.273388"><ele>239.6</ele></trkpt>
      <trkpt lat="46.065297" lon="8.273083"><ele>237.9</ele></trkpt>
      <trkpt lat="46.065280" lon="8.273143"><ele>237.8</ele></trkpt>
      <trkpt lat="46.065265" lon="8.273214"><ele>237.8</ele></trkpt>
      <trkpt lat="46.064663" lon="8.273122"><ele>237.2</ele></trkpt>
      <trkpt lat="46.064662" lon="8.273141"><ele>237.2</ele></trkpt>
      <trkpt lat="46.064645" lon="8.273362"><ele>237.1</ele></trkpt>
      <trkpt lat="46.064599" lon="8.273570"><ele>236.9</ele></trkpt>
      <trkpt lat="46.064571" lon="8.273972"><ele>236.7</ele></trkpt>
      <trkpt lat="46.064246" lon="8.274859"><ele>235.9</ele></trkpt>
      <trkpt lat="46.064169" lon="8.275026"><ele>235.8</ele></trkpt>
      <trkpt lat="46.064132" lon="8.275048"><ele>235.7</ele></trkpt>
      <trkpt lat="46.064023" lon="8.275023"><ele>235.6</ele></trkpt>
      <trkpt lat="46.063947" lon="8.275170"><ele>235.5</ele></trkpt>
      <trkpt lat="46.063731" lon="8.275126"><ele>235.2</ele></trkpt>
      <trkpt lat="46.063609" lon="8.275312"><ele>235.1</ele></trkpt>
      <trkpt lat="46.063484" lon="8.275648"><ele>234.8</ele></trkpt>
      <trkpt lat="46.063493" lon="8.275711"><ele>234.7</ele></trkpt>
      <trkpt lat="46.063641" lon="8.275809"><ele>234.5</ele></trkpt>
      <trkpt lat="46.063752" lon="8.275961"><ele>234.4</ele></trkpt>
      <trkpt lat="46.063710" lon="8.276300"><ele>234.1</ele></trkpt>
      <trkpt lat="46.063625" lon="8.276790"><ele>233.8</ele></trkpt>
      <trkpt lat="46.062237" lon="8.276350"><ele>232.6</ele></trkpt>
      <trkpt lat="46.061313" lon="8.276170"><ele>232.3</ele></trkpt>
      <trkpt lat="46.059681" lon="8.276168"><ele>231.9</ele></trkpt>
      <trkpt lat="46.059371" lon="8.276141"><ele>231.8</ele></trkpt>
      <trkpt lat="46.058869" lon="8.275954"><ele>231.6</ele></trkpt>
      <trkpt lat="46.058182" lon="8.275532"><ele>231.4</ele></trkpt>
      <trkpt lat="46.057775" lon="8.275153"><ele>231.2</ele></trkpt>
      <trkpt lat="46.056352" lon="8.273553"><ele>230.7</ele></trkpt>
      <trkpt lat="46.055383" lon="8.272543"><ele>230.4</ele></trkpt>
      <trkpt lat="46.055191" lon="8.272364"><ele>230.4</ele></trkpt>
      <trkpt lat="46.054248" lon="8.271779"><ele>230.1</ele></trkpt>
      <trkpt lat="46.054087" lon="8.271714"><ele>230.0</ele></trkpt>
      <trkpt lat="46.053800" lon="8.271528"><ele>229.9</ele></trkpt>
      <trkpt lat="46.052818" lon="8.270893"><ele>229.5</ele></trkpt>
      <trkpt lat="46.051270" lon="8.270345"><ele>228.8</ele></trkpt>
      <trkpt lat="46.049996" lon="8.269707"><ele>228.0</ele></trkpt>
      <trkpt lat="46.049099" lon="8.268930"><ele>227.6</ele></trkpt>
      <trkpt lat="46.047363" lon="8.266942"><ele>227.6</ele></trkpt>
      <trkpt lat="46.046721" lon="8.266295"><ele>228.0</ele></trkpt>
      <trkpt lat="46.046384" lon="8.265771"><ele>227.9</ele></trkpt>
      <trkpt lat="46.046281" lon="8.265492"><ele>227.9</ele></trkpt>
      <trkpt lat="46.046247" lon="8.265299"><ele>227.9</ele></trkpt>
      <trkpt lat="46.046261" lon="8.265196"><ele>227.9</ele></trkpt>
      <trkpt lat="46.046375" lon="8.264895"><ele>227.9</ele></trkpt>
      <trkpt lat="46.046387" lon="8.264772"><ele>227.9</ele></trkpt>
      <trkpt lat="46.046256" lon="8.264582"><ele>227.9</ele></trkpt>
      <trkpt lat="46.046292" lon="8.264189"><ele>227.9</ele></trkpt>
      <trkpt lat="46.046462" lon="8.263549"><ele>227.5</ele></trkpt>
      <trkpt lat="46.046496" lon="8.263351"><ele>227.3</ele></trkpt>
      <trkpt lat="46.046459" lon="8.262850"><ele>227.0</ele></trkpt>
      <trkpt lat="46.046390" lon="8.262649"><ele>226.8</ele></trkpt>
      <trkpt lat="46.046033" lon="8.262307"><ele>226.3</ele></trkpt>
      <trkpt lat="46.045596" lon="8.262130"><ele>225.9</ele></trkpt>
      <trkpt lat="46.045490" lon="8.262031"><ele>225.9</ele></trkpt>
      <trkpt lat="46.045391" lon="8.262060"><ele>225.9</ele></trkpt>
      <trkpt lat="46.045232" lon="8.262042"><ele>225.9</ele></trkpt>
      <trkpt lat="46.045034" lon="8.261999"><ele>225.9</ele></trkpt>
      <trkpt lat="46.044898" lon="8.261911"><ele>225.8</ele></trkpt>
      <trkpt lat="46.044526" lon="8.261967"><ele>225.8</ele></trkpt>
      <trkpt lat="46.044389" lon="8.262021"><ele>225.8</ele></trkpt>
      <trkpt lat="46.044139" lon="8.262037"><ele>225.8</ele></trkpt>
      <trkpt lat="46.044002" lon="8.262184"><ele>225.8</ele></trkpt>
      <trkpt lat="46.043928" lon="8.262193"><ele>225.8</ele></trkpt>
      <trkpt lat="46.043751" lon="8.262311"><ele>225.8</ele></trkpt>
      <trkpt lat="46.043087" lon="8.262922"><ele>225.9</ele></trkpt>
      <trkpt lat="46.042531" lon="8.263130"><ele>226.0</ele></trkpt>
      <trkpt lat="46.041865" lon="8.263203"><ele>225.7</ele></trkpt>
      <trkpt lat="46.040974" lon="8.263164"><ele>225.3</ele></trkpt>
      <trkpt lat="46.040553" lon="8.263236"><ele>225.1</ele></trkpt>
      <trkpt lat="46.040349" lon="8.263298"><ele>225.1</ele></trkpt>
      <trkpt lat="46.039603" lon="8.263761"><ele>225.4</ele></trkpt>
      <trkpt lat="46.039572" lon="8.263578"><ele>225.5</ele></trkpt>
      <trkpt lat="46.039462" lon="8.263216"><ele>225.6</ele></trkpt>
      <trkpt lat="46.039350" lon="8.262768"><ele>225.7</ele></trkpt>
      <trkpt lat="46.039396" lon="8.262460"><ele>225.8</ele></trkpt>
      <trkpt lat="46.039349" lon="8.262309"><ele>225.9</ele></trkpt>
      <trkpt lat="46.039366" lon="8.262201"><ele>225.9</ele></trkpt>
      <trkpt lat="46.038494" lon="8.261791"><ele>226.5</ele></trkpt>
      <trkpt lat="46.038388" lon="8.261741"><ele>226.5</ele></trkpt>
      <trkpt lat="46.037248" lon="8.261436"><ele>227.2</ele></trkpt>
      <trkpt lat="46.037183" lon="8.261451"><ele>227.2</ele></trkpt>
      <trkpt lat="46.037069" lon="8.261437"><ele>227.2</ele></trkpt>
      <trkpt lat="46.034428" lon="8.262312"><ele>229.0</ele></trkpt>
      <trkpt lat="46.033314" lon="8.262486"><ele>230.1</ele></trkpt>
      <trkpt lat="46.032088" lon="8.262162"><ele>231.6</ele></trkpt>
      <trkpt lat="46.031765" lon="8.262027"><ele>232.1</ele></trkpt>
      <trkpt lat="46.031218" lon="8.261741"><ele>232.9</ele></trkpt>
      <trkpt lat="46.030703" lon="8.261521"><ele>233.8</ele></trkpt>
      <trkpt lat="46.028742" lon="8.260728"><ele>237.1</ele></trkpt>
      <trkpt lat="46.028730" lon="8.260726"><ele>237.1</ele></trkpt>
      <trkpt lat="46.027946" lon="8.260658"><ele>238.6</ele></trkpt>
      <trkpt lat="46.027495" lon="8.260708"><ele>239.4</ele></trkpt>
      <trkpt lat="46.026843" lon="8.260843"><ele>240.3</ele></trkpt>
      <trkpt lat="46.026826" lon="8.260712"><ele>240.5</ele></trkpt>
      <trkpt lat="46.026800" lon="8.260507"><ele>240.7</ele></trkpt>
      <trkpt lat="46.026749" lon="8.260141"><ele>241.0</ele></trkpt>
      <trkpt lat="46.026701" lon="8.259798"><ele>241.3</ele></trkpt>
      <trkpt lat="46.026693" lon="8.259730"><ele>241.4</ele></trkpt>
      <trkpt lat="46.026685" lon="8.259613"><ele>241.5</ele></trkpt>
      <trkpt lat="46.026569" lon="8.259503"><ele>241.7</ele></trkpt>
      <trkpt lat="46.026579" lon="8.259484"><ele>241.7</ele></trkpt>
      <trkpt lat="46.026593" lon="8.259394"><ele>241.8</ele></trkpt>
      <trkpt lat="46.026537" lon="8.259286"><ele>241.9</ele></trkpt>
      <trkpt lat="46.026511" lon="8.259275"><ele>242.0</ele></trkpt>
      <trkpt lat="46.026471" lon="8.259279"><ele>242.1</ele></trkpt>
      <trkpt lat="46.026344" lon="8.259160"><ele>242.5</ele></trkpt>
      <trkpt lat="46.026245" lon="8.259091"><ele>242.7</ele></trkpt>
      <trkpt lat="46.026043" lon="8.259040"><ele>243.2</ele></trkpt>
      <trkpt lat="46.025452" lon="8.258967"><ele>244.7</ele></trkpt>
      <trkpt lat="46.025224" lon="8.258892"><ele>245.3</ele></trkpt>
      <trkpt lat="46.025190" lon="8.258878"><ele>245.3</ele></trkpt>
      <trkpt lat="46.024996" lon="8.258813"><ele>245.8</ele></trkpt>
      <trkpt lat="46.024777" lon="8.258786"><ele>246.4</ele></trkpt>
      <trkpt lat="46.024358" lon="8.258791"><ele>247.1</ele></trkpt>
      <trkpt lat="46.023960" lon="8.258805"><ele>247.7</ele></trkpt>
      <trkpt lat="46.023784" lon="8.258809"><ele>248.0</ele></trkpt>
      <trkpt lat="46.023118" lon="8.258764"><ele>249.1</ele></trkpt>
      <trkpt lat="46.022768" lon="8.258679"><ele>249.3</ele></trkpt>
      <trkpt lat="46.022717" lon="8.258617"><ele>249.3</ele></trkpt>
      <trkpt lat="46.022477" lon="8.258268"><ele>249.2</ele></trkpt>
      <trkpt lat="46.022211" lon="8.257940"><ele>249.1</ele></trkpt>
      <trkpt lat="46.021810" lon="8.257543"><ele>249.0</ele></trkpt>
      <trkpt lat="46.021651" lon="8.257494"><ele>248.9</ele></trkpt>
      <trkpt lat="46.021346" lon="8.257440"><ele>248.8</ele></trkpt>
      <trkpt lat="46.021104" lon="8.257399"><ele>248.7</ele></trkpt>
      <trkpt lat="46.020868" lon="8.257011"><ele>248.6</ele></trkpt>
      <trkpt lat="46.020301" lon="8.257651"><ele>248.3</ele></trkpt>
      <trkpt lat="46.020893" lon="8.258861"><ele>246.9</ele></trkpt>
      <trkpt lat="46.021650" lon="8.260231"><ele>244.7</ele></trkpt>
      <trkpt lat="46.021727" lon="8.260792"><ele>244.1</ele></trkpt>
      <trkpt lat="46.021755" lon="8.261160"><ele>243.8</ele></trkpt>
      <trkpt lat="46.021747" lon="8.261672"><ele>243.2</ele></trkpt>
      <trkpt lat="46.021712" lon="8.261768"><ele>243.1</ele></trkpt>
      <trkpt lat="46.021656" lon="8.261817"><ele>243.0</ele></trkpt>
      <trkpt lat="46.021514" lon="8.261863"><ele>242.8</ele></trkpt>
      <trkpt lat="46.021501" lon="8.261901"><ele>242.8</ele></trkpt>
      <trkpt lat="46.021519" lon="8.262124"><ele>242.5</ele></trkpt>
      <trkpt lat="46.021597" lon="8.262182"><ele>242.4</ele></trkpt>
      <trkpt lat="46.021617" lon="8.262242"><ele>242.3</ele></trkpt>
      <trkpt lat="46.021636" lon="8.262517"><ele>241.9</ele></trkpt>
      <trkpt lat="46.021627" lon="8.262858"><ele>241.4</ele></trkpt>
      <trkpt lat="46.021582" lon="8.263273"><ele>240.7</ele></trkpt>
      <trkpt lat="46.021436" lon="8.263696"><ele>239.9</ele></trkpt>
      <trkpt lat="46.021411" lon="8.263917"><ele>239.5</ele></trkpt>
      <trkpt lat="46.021462" lon="8.264084"><ele>239.2</ele></trkpt>
      <trkpt lat="46.021562" lon="8.264159"><ele>239.0</ele></trkpt>
      <trkpt lat="46.021659" lon="8.264461"><ele>238.4</ele></trkpt>
      <trkpt lat="46.021739" lon="8.265002"><ele>237.6</ele></trkpt>
      <trkpt lat="46.021712" lon="8.265272"><ele>237.3</ele></trkpt>
      <trkpt lat="46.021637" lon="8.265501"><ele>236.9</ele></trkpt>
      <trkpt lat="46.021579" lon="8.265947"><ele>236.3</ele></trkpt>
      <trkpt lat="46.021406" lon="8.266893"><ele>235.0</ele></trkpt>
      <trkpt lat="46.021235" lon="8.267419"><ele>234.4</ele></trkpt>
      <trkpt lat="46.021062" lon="8.268551"><ele>233.4</ele></trkpt>
      <trkpt lat="46.021019" lon="8.269066"><ele>232.9</ele></trkpt>
      <trkpt lat="46.020883" lon="8.270144"><ele>232.0</ele></trkpt>
      <trkpt lat="46.020793" lon="8.270297"><ele>231.8</ele></trkpt>
      <trkpt lat="46.020610" lon="8.270366"><ele>231.6</ele></trkpt>
      <trkpt lat="46.020523" lon="8.270491"><ele>231.4</ele></trkpt>
      <trkpt lat="46.020453" lon="8.270952"><ele>231.0</ele></trkpt>
      <trkpt lat="46.020460" lon="8.271107"><ele>230.9</ele></trkpt>
      <trkpt lat="46.020371" lon="8.271391"><ele>230.6</ele></trkpt>
      <trkpt lat="46.020366" lon="8.271567"><ele>230.5</ele></trkpt>
      <trkpt lat="46.020288" lon="8.271809"><ele>230.2</ele></trkpt>
      <trkpt lat="46.020276" lon="8.272050"><ele>230.0</ele></trkpt>
      <trkpt lat="46.020209" lon="8.272412"><ele>229.8</ele></trkpt>
      <trkpt lat="46.020059" lon="8.272645"><ele>229.6</ele></trkpt>
      <trkpt lat="46.019844" lon="8.273264"><ele>229.1</ele></trkpt>
      <trkpt lat="46.019742" lon="8.273396"><ele>229.0</ele></trkpt>
      <trkpt lat="46.019297" lon="8.273670"><ele>228.5</ele></trkpt>
      <trkpt lat="46.019069" lon="8.273670"><ele>228.4</ele></trkpt>
      <trkpt lat="46.018797" lon="8.273828"><ele>228.2</ele></trkpt>
      <trkpt lat="46.018556" lon="8.274162"><ele>228.1</ele></trkpt>
      <trkpt lat="46.018214" lon="8.274322"><ele>227.9</ele></trkpt>
      <trkpt lat="46.017888" lon="8.274326"><ele>227.8</ele></trkpt>
      <trkpt lat="46.017749" lon="8.274468"><ele>227.7</ele></trkpt>
      <trkpt lat="46.017692" lon="8.274806"><ele>227.6</ele></trkpt>
      <trkpt lat="46.017624" lon="8.275100"><ele>227.2</ele></trkpt>
      <trkpt lat="46.017591" lon="8.275220"><ele>227.1</ele></trkpt>
      <trkpt lat="46.017487" lon="8.275344"><ele>226.9</ele></trkpt>
      <trkpt lat="46.017367" lon="8.275994"><ele>226.2</ele></trkpt>
      <trkpt lat="46.017327" lon="8.276089"><ele>226.0</ele></trkpt>
      <trkpt lat="46.017061" lon="8.276575"><ele>225.4</ele></trkpt>
      <trkpt lat="46.016878" lon="8.276801"><ele>225.0</ele></trkpt>
      <trkpt lat="46.016729" lon="8.277053"><ele>224.6</ele></trkpt>
      <trkpt lat="46.016529" lon="8.277241"><ele>224.3</ele></trkpt>
      <trkpt lat="46.016092" lon="8.277417"><ele>223.6</ele></trkpt>
      <trkpt lat="46.015900" lon="8.277580"><ele>223.2</ele></trkpt>
      <trkpt lat="46.015656" lon="8.277719"><ele>222.9</ele></trkpt>
      <trkpt lat="46.015202" lon="8.278058"><ele>222.1</ele></trkpt>
      <trkpt lat="46.014984" lon="8.278071"><ele>221.9</ele></trkpt>
      <trkpt lat="46.014739" lon="8.278146"><ele>221.6</ele></trkpt>
      <trkpt lat="46.014539" lon="8.278372"><ele>221.4</ele></trkpt>
      <trkpt lat="46.014416" lon="8.278448"><ele>221.2</ele></trkpt>
      <trkpt lat="46.014181" lon="8.278674"><ele>221.0</ele></trkpt>
      <trkpt lat="46.013770" lon="8.279189"><ele>220.4</ele></trkpt>
      <trkpt lat="46.013535" lon="8.279428"><ele>220.2</ele></trkpt>
      <trkpt lat="46.013360" lon="8.279554"><ele>220.0</ele></trkpt>
      <trkpt lat="46.013046" lon="8.280019"><ele>219.6</ele></trkpt>
      <trkpt lat="46.012819" lon="8.280622"><ele>219.2</ele></trkpt>
      <trkpt lat="46.012740" lon="8.280911"><ele>219.0</ele></trkpt>
      <trkpt lat="46.012618" lon="8.280962"><ele>218.9</ele></trkpt>
      <trkpt lat="46.012374" lon="8.280999"><ele>218.7</ele></trkpt>
      <trkpt lat="46.011501" lon="8.280735"><ele>218.3</ele></trkpt>
      <trkpt lat="46.011091" lon="8.280987"><ele>218.2</ele></trkpt>
      <trkpt lat="46.010471" lon="8.281087"><ele>218.0</ele></trkpt>
      <trkpt lat="46.010279" lon="8.281087"><ele>217.9</ele></trkpt>
      <trkpt lat="46.010043" lon="8.281225"><ele>217.8</ele></trkpt>
      <trkpt lat="46.009903" lon="8.281175"><ele>217.8</ele></trkpt>
      <trkpt lat="46.009825" lon="8.281084"><ele>217.8</ele></trkpt>
      <trkpt lat="46.009585" lon="8.280925"><ele>217.7</ele></trkpt>
      <trkpt lat="46.009514" lon="8.280667"><ele>217.6</ele></trkpt>
      <trkpt lat="46.009402" lon="8.281299"><ele>217.5</ele></trkpt>
      <trkpt lat="46.009404" lon="8.281414"><ele>217.5</ele></trkpt>
      <trkpt lat="46.009322" lon="8.283173"><ele>217.0</ele></trkpt>
      <trkpt lat="46.009187" lon="8.283167"><ele>217.0</ele></trkpt>
      <trkpt lat="46.008626" lon="8.283301"><ele>216.7</ele></trkpt>
      <trkpt lat="46.007802" lon="8.283577"><ele>216.3</ele></trkpt>
      <trkpt lat="46.007717" lon="8.283765"><ele>216.2</ele></trkpt>
      <trkpt lat="46.007180" lon="8.283859"><ele>216.0</ele></trkpt>
      <trkpt lat="46.005985" lon="8.284358"><ele>215.6</ele></trkpt>
      <trkpt lat="46.005675" lon="8.284599"><ele>215.5</ele></trkpt>
      <trkpt lat="46.005095" lon="8.285265"><ele>215.3</ele></trkpt>
      <trkpt lat="46.003696" lon="8.287529"><ele>215.0</ele></trkpt>
      <trkpt lat="46.003149" lon="8.289639"><ele>214.7</ele></trkpt>
      <trkpt lat="46.002918" lon="8.291867"><ele>213.9</ele></trkpt>
      <trkpt lat="46.002014" lon="8.291776"><ele>213.0</ele></trkpt>
      <trkpt lat="46.001706" lon="8.292045"><ele>212.6</ele></trkpt>
      <trkpt lat="46.001024" lon="8.293589"><ele>211.6</ele></trkpt>
      <trkpt lat="46.000364" lon="8.294222"><ele>211.0</ele></trkpt>
      <trkpt lat="46.000221" lon="8.295065"><ele>210.5</ele></trkpt>
      <trkpt lat="46.000053" lon="8.296554"><ele>209.6</ele></trkpt>
      <trkpt lat="45.999900" lon="8.297002"><ele>209.5</ele></trkpt>
      <trkpt lat="45.999725" lon="8.297768"><ele>209.4</ele></trkpt>
      <trkpt lat="45.999569" lon="8.298637"><ele>209.3</ele></trkpt>
      <trkpt lat="45.999407" lon="8.300253"><ele>209.2</ele></trkpt>
      <trkpt lat="45.999446" lon="8.301374"><ele>209.1</ele></trkpt>
      <trkpt lat="45.999225" lon="8.302606"><ele>209.0</ele></trkpt>
      <trkpt lat="45.999011" lon="8.303447"><ele>209.0</ele></trkpt>
      <trkpt lat="45.998875" lon="8.304671"><ele>209.0</ele></trkpt>
      <trkpt lat="45.998842" lon="8.305278"><ele>209.0</ele></trkpt>
      <trkpt lat="45.998680" lon="8.305717"><ele>209.0</ele></trkpt>
      <trkpt lat="45.998492" lon="8.305931"><ele>209.1</ele></trkpt>
      <trkpt lat="45.998285" lon="8.306249"><ele>209.1</ele></trkpt>
      <trkpt lat="45.997947" lon="8.306567"><ele>209.1</ele></trkpt>
      <trkpt lat="45.997700" lon="8.307118"><ele>209.2</ele></trkpt>
      <trkpt lat="45.996935" lon="8.308360"><ele>209.4</ele></trkpt>
      <trkpt lat="45.996533" lon="8.308846"><ele>209.4</ele></trkpt>
      <trkpt lat="45.996104" lon="8.309238"><ele>209.5</ele></trkpt>
      <trkpt lat="45.995871" lon="8.309527"><ele>209.5</ele></trkpt>
      <trkpt lat="45.994644" lon="8.310770"><ele>210.1</ele></trkpt>
      <trkpt lat="45.994495" lon="8.311255"><ele>210.3</ele></trkpt>
      <trkpt lat="45.994248" lon="8.311386"><ele>210.4</ele></trkpt>
      <trkpt lat="45.994047" lon="8.311666"><ele>210.6</ele></trkpt>
      <trkpt lat="45.993911" lon="8.312143"><ele>210.8</ele></trkpt>
      <trkpt lat="45.993937" lon="8.312507"><ele>210.9</ele></trkpt>
      <trkpt lat="45.993729" lon="8.312946"><ele>211.1</ele></trkpt>
      <trkpt lat="45.993600" lon="8.313702"><ele>211.4</ele></trkpt>
      <trkpt lat="45.993554" lon="8.314436"><ele>211.1</ele></trkpt>
      <trkpt lat="45.993541" lon="8.314730"><ele>211.0</ele></trkpt>
      <trkpt lat="45.993602" lon="8.315240"><ele>210.7</ele></trkpt>
      <trkpt lat="45.993626" lon="8.315757"><ele>210.5</ele></trkpt>
      <trkpt lat="45.993411" lon="8.316458"><ele>210.0</ele></trkpt>
      <trkpt lat="45.993178" lon="8.317476"><ele>208.8</ele></trkpt>
      <trkpt lat="45.992990" lon="8.318382"><ele>207.8</ele></trkpt>
      <trkpt lat="45.992931" lon="8.319017"><ele>207.5</ele></trkpt>
      <trkpt lat="45.992782" lon="8.319390"><ele>207.5</ele></trkpt>
      <trkpt lat="45.992724" lon="8.320035"><ele>207.6</ele></trkpt>
      <trkpt lat="45.992620" lon="8.323033"><ele>209.0</ele></trkpt>
      <trkpt lat="45.992691" lon="8.323267"><ele>209.2</ele></trkpt>
      <trkpt lat="45.993457" lon="8.323416"><ele>209.9</ele></trkpt>
      <trkpt lat="45.993347" lon="8.323818"><ele>210.1</ele></trkpt>
      <trkpt lat="45.993256" lon="8.324471"><ele>210.5</ele></trkpt>
      <trkpt lat="45.992983" lon="8.325200"><ele>210.9</ele></trkpt>
      <trkpt lat="45.992879" lon="8.326321"><ele>210.8</ele></trkpt>
      <trkpt lat="45.992905" lon="8.327442"><ele>210.6</ele></trkpt>
      <trkpt lat="45.992808" lon="8.327927"><ele>210.5</ele></trkpt>
      <trkpt lat="45.992843" lon="8.328726"><ele>210.2</ele></trkpt>
      <trkpt lat="45.992899" lon="8.329384"><ele>210.0</ele></trkpt>
      <trkpt lat="45.993061" lon="8.329814"><ele>209.9</ele></trkpt>
      <trkpt lat="45.993217" lon="8.330075"><ele>209.8</ele></trkpt>
      <trkpt lat="45.993405" lon="8.330477"><ele>209.6</ele></trkpt>
      <trkpt lat="45.993587" lon="8.331047"><ele>209.4</ele></trkpt>
      <trkpt lat="45.993716" lon="8.331607"><ele>209.2</ele></trkpt>
      <trkpt lat="45.993775" lon="8.332177"><ele>209.0</ele></trkpt>
      <trkpt lat="45.993879" lon="8.332448"><ele>208.9</ele></trkpt>
      <trkpt lat="45.994210" lon="8.332392"><ele>208.8</ele></trkpt>
      <trkpt lat="45.994359" lon="8.332429"><ele>208.8</ele></trkpt>
      <trkpt lat="45.994429" lon="8.332370"><ele>208.8</ele></trkpt>
      <trkpt lat="45.994553" lon="8.332264"><ele>208.8</ele></trkpt>
      <trkpt lat="45.994761" lon="8.332427"><ele>208.7</ele></trkpt>
      <trkpt lat="45.995245" lon="8.332524"><ele>208.7</ele></trkpt>
      <trkpt lat="45.995258" lon="8.332832"><ele>208.7</ele></trkpt>
      <trkpt lat="45.997082" lon="8.338378"><ele>209.6</ele></trkpt>
      <trkpt lat="45.997517" lon="8.339105"><ele>209.4</ele></trkpt>
      <trkpt lat="45.998461" lon="8.340532"><ele>209.3</ele></trkpt>
      <trkpt lat="45.998954" lon="8.341178"><ele>209.4</ele></trkpt>
      <trkpt lat="45.999088" lon="8.341434"><ele>209.4</ele></trkpt>
      <trkpt lat="45.999257" lon="8.341553"><ele>209.5</ele></trkpt>
      <trkpt lat="45.999538" lon="8.341768"><ele>209.4</ele></trkpt>
      <trkpt lat="45.999371" lon="8.342349"><ele>209.3</ele></trkpt>
      <trkpt lat="45.999265" lon="8.343125"><ele>209.1</ele></trkpt>
      <trkpt lat="45.998825" lon="8.343580"><ele>208.9</ele></trkpt>
      <trkpt lat="45.998094" lon="8.343814"><ele>208.2</ele></trkpt>
      <trkpt lat="45.997539" lon="8.344129"><ele>207.6</ele></trkpt>
      <trkpt lat="45.996384" lon="8.345182"><ele>206.6</ele></trkpt>
      <trkpt lat="45.995720" lon="8.346210"><ele>206.2</ele></trkpt>
      <trkpt lat="45.995313" lon="8.347293"><ele>206.1</ele></trkpt>
      <trkpt lat="45.995289" lon="8.347888"><ele>206.0</ele></trkpt>
      <trkpt lat="45.994589" lon="8.350813"><ele>206.1</ele></trkpt>
      <trkpt lat="45.994688" lon="8.351179"><ele>206.2</ele></trkpt>
      <trkpt lat="45.994914" lon="8.351327"><ele>206.4</ele></trkpt>
      <trkpt lat="45.994999" lon="8.351510"><ele>206.5</ele></trkpt>
      <trkpt lat="45.995266" lon="8.351350"><ele>206.8</ele></trkpt>
      <trkpt lat="45.995844" lon="8.351183"><ele>207.3</ele></trkpt>
      <trkpt lat="45.996043" lon="8.351263"><ele>207.5</ele></trkpt>
      <trkpt lat="45.996115" lon="8.351447"><ele>207.6</ele></trkpt>
      <trkpt lat="45.996131" lon="8.351547"><ele>207.7</ele></trkpt>
      <trkpt lat="45.996105" lon="8.351719"><ele>207.7</ele></trkpt>
      <trkpt lat="45.995913" lon="8.352015"><ele>207.7</ele></trkpt>
      <trkpt lat="45.995746" lon="8.352101"><ele>207.7</ele></trkpt>
      <trkpt lat="45.995536" lon="8.352138"><ele>207.7</ele></trkpt>
      <trkpt lat="45.995292" lon="8.352120"><ele>207.7</ele></trkpt>
      <trkpt lat="45.994723" lon="8.352151"><ele>207.8</ele></trkpt>
      <trkpt lat="45.994517" lon="8.352268"><ele>207.8</ele></trkpt>
      <trkpt lat="45.994320" lon="8.352502"><ele>207.7</ele></trkpt>
      <trkpt lat="45.994110" lon="8.352847"><ele>207.6</ele></trkpt>
      <trkpt lat="45.993682" lon="8.353636"><ele>207.3</ele></trkpt>
      <trkpt lat="45.993584" lon="8.353873"><ele>207.2</ele></trkpt>
      <trkpt lat="45.993036" lon="8.355343"><ele>207.2</ele></trkpt>
      <trkpt lat="45.992526" lon="8.357043"><ele>207.3</ele></trkpt>
      <trkpt lat="45.991088" lon="8.361610"><ele>207.1</ele></trkpt>
      <trkpt lat="45.990934" lon="8.362164"><ele>207.1</ele></trkpt>
      <trkpt lat="45.990882" lon="8.362441"><ele>207.2</ele></trkpt>
      <trkpt lat="45.990647" lon="8.363088"><ele>207.3</ele></trkpt>
      <trkpt lat="45.990407" lon="8.363902"><ele>207.3</ele></trkpt>
      <trkpt lat="45.990377" lon="8.364204"><ele>207.3</ele></trkpt>
      <trkpt lat="45.990561" lon="8.367716"><ele>207.2</ele></trkpt>
      <trkpt lat="45.990424" lon="8.368320"><ele>207.1</ele></trkpt>
      <trkpt lat="45.989949" lon="8.369774"><ele>206.7</ele></trkpt>
      <trkpt lat="45.989898" lon="8.370070"><ele>206.6</ele></trkpt>
      <trkpt lat="45.989941" lon="8.370310"><ele>206.6</ele></trkpt>
      <trkpt lat="45.990989" lon="8.371426"><ele>205.6</ele></trkpt>
      <trkpt lat="45.991162" lon="8.371706"><ele>205.4</ele></trkpt>
      <trkpt lat="45.991418" lon="8.372059"><ele>205.0</ele></trkpt>
      <trkpt lat="45.991512" lon="8.372128"><ele>204.9</ele></trkpt>
      <trkpt lat="45.992278" lon="8.372251"><ele>204.3</ele></trkpt>
      <trkpt lat="45.992693" lon="8.372177"><ele>204.1</ele></trkpt>
      <trkpt lat="45.992898" lon="8.372090"><ele>204.1</ele></trkpt>
      <trkpt lat="45.992488" lon="8.374332"><ele>203.9</ele></trkpt>
      <trkpt lat="45.992460" lon="8.374388"><ele>203.9</ele></trkpt>
      <trkpt lat="45.992364" lon="8.374402"><ele>203.9</ele></trkpt>
      <trkpt lat="45.992086" lon="8.374217"><ele>204.0</ele></trkpt>
      <trkpt lat="45.992026" lon="8.374189"><ele>204.0</ele></trkpt>
      <trkpt lat="45.991987" lon="8.374205"><ele>204.0</ele></trkpt>
      <trkpt lat="45.991897" lon="8.374384"><ele>204.1</ele></trkpt>
      <trkpt lat="45.991743" lon="8.374901"><ele>204.2</ele></trkpt>
      <trkpt lat="45.991486" lon="8.375351"><ele>204.3</ele></trkpt>
      <trkpt lat="45.990989" lon="8.375838"><ele>204.5</ele></trkpt>
      <trkpt lat="45.990591" lon="8.376392"><ele>204.7</ele></trkpt>
      <trkpt lat="45.990257" lon="8.376596"><ele>204.8</ele></trkpt>
      <trkpt lat="45.990133" lon="8.376731"><ele>204.8</ele></trkpt>
      <trkpt lat="45.989864" lon="8.376805"><ele>204.9</ele></trkpt>
      <trkpt lat="45.989731" lon="8.376916"><ele>205.0</ele></trkpt>
      <trkpt lat="45.989564" lon="8.376965"><ele>205.1</ele></trkpt>
      <trkpt lat="45.989410" lon="8.376855"><ele>205.1</ele></trkpt>
      <trkpt lat="45.989256" lon="8.376663"><ele>205.2</ele></trkpt>
      <trkpt lat="45.988853" lon="8.376546"><ele>205.4</ele></trkpt>
      <trkpt lat="45.988613" lon="8.376540"><ele>205.4</ele></trkpt>
      <trkpt lat="45.988408" lon="8.376645"><ele>205.4</ele></trkpt>
      <trkpt lat="45.988138" lon="8.376984"><ele>205.4</ele></trkpt>
      <trkpt lat="45.987950" lon="8.377403"><ele>205.4</ele></trkpt>
      <trkpt lat="45.987496" lon="8.378580"><ele>205.5</ele></trkpt>
      <trkpt lat="45.987462" lon="8.379061"><ele>205.7</ele></trkpt>
      <trkpt lat="45.987556" lon="8.379239"><ele>205.7</ele></trkpt>
      <trkpt lat="45.987556" lon="8.379504"><ele>205.8</ele></trkpt>
      <trkpt lat="45.987667" lon="8.379732"><ele>205.9</ele></trkpt>
      <trkpt lat="45.987993" lon="8.380145"><ele>206.1</ele></trkpt>
      <trkpt lat="45.988391" lon="8.379868"><ele>206.1</ele></trkpt>
      <trkpt lat="45.988554" lon="8.379708"><ele>206.1</ele></trkpt>
      <trkpt lat="45.988635" lon="8.379732"><ele>206.1</ele></trkpt>
      <trkpt lat="45.988542" lon="8.379834"><ele>206.0</ele></trkpt>
      <trkpt lat="45.988411" lon="8.380049"><ele>206.0</ele></trkpt>
      <trkpt lat="45.988265" lon="8.380384"><ele>205.9</ele></trkpt>
      <trkpt lat="45.988024" lon="8.381060"><ele>205.7</ele></trkpt>
      <trkpt lat="45.987894" lon="8.381315"><ele>205.7</ele></trkpt>
      <trkpt lat="45.987613" lon="8.381667"><ele>205.8</ele></trkpt>
      <trkpt lat="45.987230" lon="8.381959"><ele>205.8</ele></trkpt>
      <trkpt lat="45.985859" lon="8.382759"><ele>206.1</ele></trkpt>
      <trkpt lat="45.985623" lon="8.382981"><ele>206.2</ele></trkpt>
      <trkpt lat="45.985523" lon="8.383174"><ele>206.2</ele></trkpt>
      <trkpt lat="45.985463" lon="8.383448"><ele>206.3</ele></trkpt>
      <trkpt lat="45.985477" lon="8.383824"><ele>206.3</ele></trkpt>
      <trkpt lat="45.985771" lon="8.386036"><ele>205.9</ele></trkpt>
      <trkpt lat="45.985807" lon="8.386272"><ele>205.8</ele></trkpt>
      <trkpt lat="45.985908" lon="8.386986"><ele>205.7</ele></trkpt>
      <trkpt lat="45.986066" lon="8.388055"><ele>205.9</ele></trkpt>
      <trkpt lat="45.986285" lon="8.389573"><ele>206.4</ele></trkpt>
      <trkpt lat="45.986329" lon="8.389878"><ele>206.5</ele></trkpt>
      <trkpt lat="45.986633" lon="8.391280"><ele>207.2</ele></trkpt>
      <trkpt lat="45.987107" lon="8.392970"><ele>207.9</ele></trkpt>
      <trkpt lat="45.987187" lon="8.393373"><ele>208.1</ele></trkpt>
      <trkpt lat="45.987283" lon="8.393589"><ele>208.2</ele></trkpt>
      <trkpt lat="45.987291" lon="8.393695"><ele>208.2</ele></trkpt>
      <trkpt lat="45.987308" lon="8.394284"><ele>208.4</ele></trkpt>
      <trkpt lat="45.987396" lon="8.394757"><ele>208.4</ele></trkpt>
      <trkpt lat="45.987477" lon="8.395194"><ele>208.4</ele></trkpt>
      <trkpt lat="45.987796" lon="8.396011"><ele>208.4</ele></trkpt>
      <trkpt lat="45.987975" lon="8.396756"><ele>208.3</ele></trkpt>
      <trkpt lat="45.988015" lon="8.397200"><ele>208.4</ele></trkpt>
      <trkpt lat="45.988393" lon="8.397924"><ele>208.6</ele></trkpt>
      <trkpt lat="45.988632" lon="8.398253"><ele>208.7</ele></trkpt>
      <trkpt lat="45.988460" lon="8.398449"><ele>208.8</ele></trkpt>
      <trkpt lat="45.988439" lon="8.398473"><ele>208.8</ele></trkpt>
      <trkpt lat="45.988311" lon="8.398620"><ele>208.8</ele></trkpt>
      <trkpt lat="45.988405" lon="8.400463"><ele>207.9</ele></trkpt>
      <trkpt lat="45.988398" lon="8.401580"><ele>207.3</ele></trkpt>
      <trkpt lat="45.988345" lon="8.402526"><ele>206.7</ele></trkpt>
      <trkpt lat="45.988205" lon="8.403651"><ele>205.9</ele></trkpt>
      <trkpt lat="45.988135" lon="8.404053"><ele>205.7</ele></trkpt>
      <trkpt lat="45.988015" lon="8.404688"><ele>205.7</ele></trkpt>
      <trkpt lat="45.987772" lon="8.405686"><ele>205.5</ele></trkpt>
      <trkpt lat="45.987613" lon="8.406194"><ele>205.5</ele></trkpt>
      <trkpt lat="45.987533" lon="8.406274"><ele>205.5</ele></trkpt>
      <trkpt lat="45.987473" lon="8.406354"><ele>205.4</ele></trkpt>
      <trkpt lat="45.987216" lon="8.407135"><ele>205.2</ele></trkpt>
      <trkpt lat="45.987083" lon="8.407448"><ele>205.1</ele></trkpt>
      <trkpt lat="45.986979" lon="8.407631"><ele>205.0</ele></trkpt>
      <trkpt lat="45.986873" lon="8.408041"><ele>204.9</ele></trkpt>
      <trkpt lat="45.986636" lon="8.408395"><ele>204.7</ele></trkpt>
      <trkpt lat="45.986127" lon="8.409353"><ele>203.0</ele></trkpt>
      <trkpt lat="45.985863" lon="8.409790"><ele>202.1</ele></trkpt>
      <trkpt lat="45.985820" lon="8.409817"><ele>202.0</ele></trkpt>
      <trkpt lat="45.985527" lon="8.409801"><ele>201.3</ele></trkpt>
      <trkpt lat="45.985177" lon="8.409836"><ele>200.6</ele></trkpt>
      <trkpt lat="45.984917" lon="8.409815"><ele>200.2</ele></trkpt>
      <trkpt lat="45.984853" lon="8.409838"><ele>200.1</ele></trkpt>
      <trkpt lat="45.983921" lon="8.409728"><ele>198.8</ele></trkpt>
      <trkpt lat="45.982206" lon="8.409862"><ele>197.9</ele></trkpt>
      <trkpt lat="45.981963" lon="8.409778"><ele>197.9</ele></trkpt>
      <trkpt lat="45.980098" lon="8.409651"><ele>198.6</ele></trkpt>
      <trkpt lat="45.979461" lon="8.409669"><ele>199.0</ele></trkpt>
      <trkpt lat="45.978955" lon="8.409837"><ele>199.5</ele></trkpt>
      <trkpt lat="45.978462" lon="8.409949"><ele>199.9</ele></trkpt>
      <trkpt lat="45.978137" lon="8.410266"><ele>200.3</ele></trkpt>
      <trkpt lat="45.977774" lon="8.410341"><ele>200.7</ele></trkpt>
      <trkpt lat="45.977766" lon="8.410283"><ele>200.7</ele></trkpt>
      <trkpt lat="45.977696" lon="8.409743"><ele>201.1</ele></trkpt>
      <trkpt lat="45.977501" lon="8.409463"><ele>201.4</ele></trkpt>
      <trkpt lat="45.977195" lon="8.409440"><ele>201.7</ele></trkpt>
      <trkpt lat="45.977115" lon="8.409422"><ele>201.8</ele></trkpt>
      <trkpt lat="45.977055" lon="8.409304"><ele>201.9</ele></trkpt>
      <trkpt lat="45.977010" lon="8.409219"><ele>201.9</ele></trkpt>
      <trkpt lat="45.976978" lon="8.408956"><ele>202.1</ele></trkpt>
      <trkpt lat="45.976911" lon="8.408784"><ele>202.3</ele></trkpt>
      <trkpt lat="45.976872" lon="8.408694"><ele>202.3</ele></trkpt>
      <trkpt lat="45.976866" lon="8.408701"><ele>202.3</ele></trkpt>
      <trkpt lat="45.976841" lon="8.408723"><ele>202.4</ele></trkpt>
      <trkpt lat="45.976784" lon="8.408772"><ele>202.4</ele></trkpt>
      <trkpt lat="45.976143" lon="8.409321"><ele>203.1</ele></trkpt>
      <trkpt lat="45.976024" lon="8.409351"><ele>203.2</ele></trkpt>
      <trkpt lat="45.975960" lon="8.409419"><ele>203.3</ele></trkpt>
      <trkpt lat="45.976082" lon="8.409515"><ele>203.4</ele></trkpt>
      <trkpt lat="45.975015" lon="8.410467"><ele>204.7</ele></trkpt>
      <trkpt lat="45.973568" lon="8.411751"><ele>205.1</ele></trkpt>
      <trkpt lat="45.973981" lon="8.412301"><ele>204.7</ele></trkpt>
      <trkpt lat="45.974040" lon="8.412405"><ele>204.7</ele></trkpt>
      <trkpt lat="45.974084" lon="8.412461"><ele>204.6</ele></trkpt>
      <trkpt lat="45.974563" lon="8.413044"><ele>204.0</ele></trkpt>
      <trkpt lat="45.974740" lon="8.413317"><ele>203.7</ele></trkpt>
      <trkpt lat="45.974751" lon="8.413390"><ele>203.6</ele></trkpt>
      <trkpt lat="45.974692" lon="8.413621"><ele>203.4</ele></trkpt>
      <trkpt lat="45.974669" lon="8.414128"><ele>202.9</ele></trkpt>
      <trkpt lat="45.974703" lon="8.414454"><ele>202.6</ele></trkpt>
      <trkpt lat="45.974836" lon="8.415026"><ele>202.1</ele></trkpt>
      <trkpt lat="45.974858" lon="8.415237"><ele>202.3</ele></trkpt>
      <trkpt lat="45.974839" lon="8.415414"><ele>202.4</ele></trkpt>
      <trkpt lat="45.974775" lon="8.415512"><ele>202.5</ele></trkpt>
      <trkpt lat="45.974697" lon="8.415538"><ele>202.6</ele></trkpt>
      <trkpt lat="45.974600" lon="8.415521"><ele>202.7</ele></trkpt>
      <trkpt lat="45.974448" lon="8.415433"><ele>202.8</ele></trkpt>
      <trkpt lat="45.974392" lon="8.415442"><ele>202.9</ele></trkpt>
      <trkpt lat="45.974378" lon="8.415492"><ele>202.9</ele></trkpt>
      <trkpt lat="45.974322" lon="8.415773"><ele>203.1</ele></trkpt>
      <trkpt lat="45.974303" lon="8.415913"><ele>203.2</ele></trkpt>
      <trkpt lat="45.974280" lon="8.416710"><ele>203.7</ele></trkpt>
      <trkpt lat="45.974148" lon="8.417192"><ele>203.8</ele></trkpt>
      <trkpt lat="45.973874" lon="8.417687"><ele>203.7</ele></trkpt>
      <trkpt lat="45.973689" lon="8.418104"><ele>203.7</ele></trkpt>
      <trkpt lat="45.973600" lon="8.418542"><ele>203.6</ele></trkpt>
      <trkpt lat="45.973445" lon="8.418873"><ele>203.5</ele></trkpt>
      <trkpt lat="45.973425" lon="8.419209"><ele>203.5</ele></trkpt>
      <trkpt lat="45.973130" lon="8.420209"><ele>203.2</ele></trkpt>
      <trkpt lat="45.972125" lon="8.422180"><ele>202.5</ele></trkpt>
      <trkpt lat="45.972148" lon="8.422305"><ele>202.4</ele></trkpt>
      <trkpt lat="45.972345" lon="8.422534"><ele>202.3</ele></trkpt>
      <trkpt lat="45.972413" lon="8.422576"><ele>202.3</ele></trkpt>
      <trkpt lat="45.972501" lon="8.422562"><ele>202.2</ele></trkpt>
      <trkpt lat="45.971304" lon="8.424242"><ele>201.4</ele></trkpt>
      <trkpt lat="45.970849" lon="8.424821"><ele>201.1</ele></trkpt>
      <trkpt lat="45.970663" lon="8.425143"><ele>201.0</ele></trkpt>
      <trkpt lat="45.970395" lon="8.425529"><ele>201.0</ele></trkpt>
      <trkpt lat="45.970149" lon="8.425948"><ele>200.9</ele></trkpt>
      <trkpt lat="45.969880" lon="8.426592"><ele>200.9</ele></trkpt>
      <trkpt lat="45.969679" lon="8.426978"><ele>200.9</ele></trkpt>
      <trkpt lat="45.969097" lon="8.427471"><ele>201.5</ele></trkpt>
      <trkpt lat="45.968815" lon="8.427646"><ele>201.8</ele></trkpt>
      <trkpt lat="45.968434" lon="8.427788"><ele>202.2</ele></trkpt>
      <trkpt lat="45.968485" lon="8.428042"><ele>202.4</ele></trkpt>
      <trkpt lat="45.967411" lon="8.428483"><ele>202.1</ele></trkpt>
      <trkpt lat="45.966748" lon="8.429313"><ele>201.7</ele></trkpt>
      <trkpt lat="45.966230" lon="8.429726"><ele>201.3</ele></trkpt>
      <trkpt lat="45.965828" lon="8.430046"><ele>201.0</ele></trkpt>
      <trkpt lat="45.964729" lon="8.430735"><ele>200.4</ele></trkpt>
      <trkpt lat="45.963642" lon="8.431344"><ele>200.2</ele></trkpt>
      <trkpt lat="45.962624" lon="8.432042"><ele>200.0</ele></trkpt>
      <trkpt lat="45.961152" lon="8.432659"><ele>199.8</ele></trkpt>
      <trkpt lat="45.960451" lon="8.432920"><ele>199.8</ele></trkpt>
      <trkpt lat="45.959582" lon="8.433157"><ele>199.4</ele></trkpt>
      <trkpt lat="45.959450" lon="8.433133"><ele>199.4</ele></trkpt>
      <trkpt lat="45.959312" lon="8.432954"><ele>199.2</ele></trkpt>
      <trkpt lat="45.959039" lon="8.432995"><ele>199.0</ele></trkpt>
      <trkpt lat="45.958744" lon="8.433128"><ele>198.8</ele></trkpt>
      <trkpt lat="45.958591" lon="8.433366"><ele>198.7</ele></trkpt>
      <trkpt lat="45.958327" lon="8.433507"><ele>198.5</ele></trkpt>
      <trkpt lat="45.957958" lon="8.433569"><ele>198.4</ele></trkpt>
      <trkpt lat="45.957351" lon="8.433136"><ele>198.1</ele></trkpt>
      <trkpt lat="45.956718" lon="8.432978"><ele>197.9</ele></trkpt>
      <trkpt lat="45.955963" lon="8.432704"><ele>197.8</ele></trkpt>
      <trkpt lat="45.954128" lon="8.432192"><ele>197.8</ele></trkpt>
      <trkpt lat="45.954081" lon="8.432083"><ele>197.8</ele></trkpt>
      <trkpt lat="45.953981" lon="8.431847"><ele>197.9</ele></trkpt>
      <trkpt lat="45.953908" lon="8.431136"><ele>197.9</ele></trkpt>
      <trkpt lat="45.953796" lon="8.431025"><ele>198.0</ele></trkpt>
      <trkpt lat="45.953229" lon="8.430210"><ele>198.0</ele></trkpt>
      <trkpt lat="45.952873" lon="8.429794"><ele>198.0</ele></trkpt>
      <trkpt lat="45.952673" lon="8.429727"><ele>198.0</ele></trkpt>
      <trkpt lat="45.952543" lon="8.429767"><ele>198.0</ele></trkpt>
      <trkpt lat="45.952200" lon="8.430100"><ele>198.0</ele></trkpt>
      <trkpt lat="45.952021" lon="8.430186"><ele>198.0</ele></trkpt>
      <trkpt lat="45.951512" lon="8.430253"><ele>198.0</ele></trkpt>
      <trkpt lat="45.951265" lon="8.430218"><ele>198.0</ele></trkpt>
      <trkpt lat="45.951165" lon="8.430164"><ele>198.0</ele></trkpt>
      <trkpt lat="45.950637" lon="8.429724"><ele>198.0</ele></trkpt>
      <trkpt lat="45.950350" lon="8.429349"><ele>198.3</ele></trkpt>
      <trkpt lat="45.949824" lon="8.428751"><ele>198.8</ele></trkpt>
      <trkpt lat="45.949845" lon="8.428498"><ele>198.9</ele></trkpt>
      <trkpt lat="45.949990" lon="8.428061"><ele>199.1</ele></trkpt>
      <trkpt lat="45.950005" lon="8.427157"><ele>199.5</ele></trkpt>
      <trkpt lat="45.949981" lon="8.426928"><ele>199.6</ele></trkpt>
      <trkpt lat="45.949995" lon="8.426660"><ele>199.6</ele></trkpt>
      <trkpt lat="45.949578" lon="8.426454"><ele>199.8</ele></trkpt>
      <trkpt lat="45.948933" lon="8.426390"><ele>200.1</ele></trkpt>
      <trkpt lat="45.948928" lon="8.426231"><ele>200.1</ele></trkpt>
      <trkpt lat="45.948925" lon="8.426125"><ele>200.1</ele></trkpt>
      <trkpt lat="45.947905" lon="8.426323"><ele>199.9</ele></trkpt>
      <trkpt lat="45.947799" lon="8.426125"><ele>199.9</ele></trkpt>
      <trkpt lat="45.947613" lon="8.425911"><ele>199.8</ele></trkpt>
      <trkpt lat="45.947303" lon="8.425740"><ele>199.8</ele></trkpt>
      <trkpt lat="45.946816" lon="8.425573"><ele>199.8</ele></trkpt>
      <trkpt lat="45.946169" lon="8.425399"><ele>199.7</ele></trkpt>
      <trkpt lat="45.945898" lon="8.425342"><ele>199.7</ele></trkpt>
      <trkpt lat="45.945360" lon="8.425293"><ele>199.9</ele></trkpt>
      <trkpt lat="45.945376" lon="8.424552"><ele>200.3</ele></trkpt>
      <trkpt lat="45.945386" lon="8.424129"><ele>200.4</ele></trkpt>
      <trkpt lat="45.945397" lon="8.423685"><ele>200.6</ele></trkpt>
      <trkpt lat="45.945398" lon="8.423576"><ele>200.7</ele></trkpt>
      <trkpt lat="45.945401" lon="8.423473"><ele>200.7</ele></trkpt>
      <trkpt lat="45.944554" lon="8.423507"><ele>200.9</ele></trkpt>
      <trkpt lat="45.943759" lon="8.423225"><ele>201.1</ele></trkpt>
      <trkpt lat="45.942777" lon="8.422990"><ele>200.7</ele></trkpt>
      <trkpt lat="45.942461" lon="8.422892"><ele>200.5</ele></trkpt>
      <trkpt lat="45.942267" lon="8.422887"><ele>200.4</ele></trkpt>
      <trkpt lat="45.942010" lon="8.422922"><ele>200.3</ele></trkpt>
      <trkpt lat="45.941583" lon="8.423166"><ele>200.5</ele></trkpt>
      <trkpt lat="45.941387" lon="8.423198"><ele>201.0</ele></trkpt>
      <trkpt lat="45.941335" lon="8.423160"><ele>201.2</ele></trkpt>
      <trkpt lat="45.941013" lon="8.422922"><ele>202.1</ele></trkpt>
      <trkpt lat="45.940767" lon="8.422512"><ele>203.1</ele></trkpt>
      <trkpt lat="45.940491" lon="8.421826"><ele>204.6</ele></trkpt>
      <trkpt lat="45.940252" lon="8.421526"><ele>205.5</ele></trkpt>
      <trkpt lat="45.939770" lon="8.421204"><ele>206.9</ele></trkpt>
      <trkpt lat="45.939239" lon="8.420903"><ele>208.5</ele></trkpt>
      <trkpt lat="45.938932" lon="8.420770"><ele>209.4</ele></trkpt>
      <trkpt lat="45.938848" lon="8.420772"><ele>209.7</ele></trkpt>
      <trkpt lat="45.938825" lon="8.420774"><ele>209.7</ele></trkpt>
      <trkpt lat="45.938719" lon="8.420777"><ele>209.9</ele></trkpt>
      <trkpt lat="45.938444" lon="8.420881"><ele>209.6</ele></trkpt>
      <trkpt lat="45.938310" lon="8.420968"><ele>209.5</ele></trkpt>
      <trkpt lat="45.938114" lon="8.421253"><ele>209.2</ele></trkpt>
      <trkpt lat="45.937930" lon="8.421651"><ele>208.9</ele></trkpt>
      <trkpt lat="45.937479" lon="8.422215"><ele>208.3</ele></trkpt>
      <trkpt lat="45.937433" lon="8.422245"><ele>208.3</ele></trkpt>
      <trkpt lat="45.937104" lon="8.422774"><ele>207.8</ele></trkpt>
      <trkpt lat="45.936490" lon="8.423549"><ele>207.0</ele></trkpt>
      <trkpt lat="45.936418" lon="8.423613"><ele>207.0</ele></trkpt>
      <trkpt lat="45.935895" lon="8.424158"><ele>206.5</ele></trkpt>
      <trkpt lat="45.935649" lon="8.424287"><ele>206.6</ele></trkpt>
      <trkpt lat="45.934526" lon="8.424295"><ele>206.6</ele></trkpt>
      <trkpt lat="45.933742" lon="8.424090"><ele>207.4</ele></trkpt>
      <trkpt lat="45.933086" lon="8.424530"><ele>208.3</ele></trkpt>
      <trkpt lat="45.932399" lon="8.424884"><ele>209.1</ele></trkpt>
      <trkpt lat="45.931758" lon="8.425109"><ele>209.8</ele></trkpt>
      <trkpt lat="45.931479" lon="8.425420"><ele>210.2</ele></trkpt>
      <trkpt lat="45.931386" lon="8.425537"><ele>210.3</ele></trkpt>
      <trkpt lat="45.930908" lon="8.425783"><ele>210.8</ele></trkpt>
      <trkpt lat="45.930417" lon="8.426009"><ele>211.2</ele></trkpt>
      <trkpt lat="45.930035" lon="8.426159"><ele>211.5</ele></trkpt>
      <trkpt lat="45.929601" lon="8.426138"><ele>211.9</ele></trkpt>
      <trkpt lat="45.928802" lon="8.426087"><ele>212.7</ele></trkpt>
      <trkpt lat="45.928452" lon="8.426065"><ele>213.2</ele></trkpt>
      <trkpt lat="45.928484" lon="8.425041"><ele>214.1</ele></trkpt>
      <trkpt lat="45.926169" lon="8.425456"><ele>217.2</ele></trkpt>
      <trkpt lat="45.925026" lon="8.425698"><ele>220.4</ele></trkpt>
      <trkpt lat="45.924679" lon="8.425848"><ele>221.4</ele></trkpt>
      <trkpt lat="45.923134" lon="8.427109"><ele>228.2</ele></trkpt>
      <trkpt lat="45.923095" lon="8.427150"><ele>228.4</ele></trkpt>
      <trkpt lat="45.922824" lon="8.427490"><ele>230.0</ele></trkpt>
      <trkpt lat="45.922666" lon="8.427740"><ele>231.0</ele></trkpt>
      <trkpt lat="45.922602" lon="8.427794"><ele>231.3</ele></trkpt>
      <trkpt lat="45.922517" lon="8.427771"><ele>231.7</ele></trkpt>
      <trkpt lat="45.921161" lon="8.427041"><ele>237.9</ele></trkpt>
      <trkpt lat="45.920439" lon="8.426825"><ele>240.7</ele></trkpt>
      <trkpt lat="45.919417" lon="8.426664"><ele>243.7</ele></trkpt>
      <trkpt lat="45.918746" lon="8.426684"><ele>244.6</ele></trkpt>
      <trkpt lat="45.918766" lon="8.426725"><ele>244.6</ele></trkpt>
      <trkpt lat="45.918538" lon="8.426680"><ele>244.9</ele></trkpt>
      <trkpt lat="45.918345" lon="8.426573"><ele>245.2</ele></trkpt>
      <trkpt lat="45.918247" lon="8.426396"><ele>245.4</ele></trkpt>
      <trkpt lat="45.918143" lon="8.426127"><ele>245.7</ele></trkpt>
      <trkpt lat="45.917941" lon="8.425859"><ele>246.6</ele></trkpt>
      <trkpt lat="45.917654" lon="8.425591"><ele>247.6</ele></trkpt>
      <trkpt lat="45.917235" lon="8.425367"><ele>249.0</ele></trkpt>
      <trkpt lat="45.916598" lon="8.425194"><ele>251.0</ele></trkpt>
      <trkpt lat="45.915273" lon="8.424722"><ele>255.6</ele></trkpt>
      <trkpt lat="45.915079" lon="8.424518"><ele>256.4</ele></trkpt>
      <trkpt lat="45.914885" lon="8.424227"><ele>257.1</ele></trkpt>
      <trkpt lat="45.914472" lon="8.424243"><ele>256.9</ele></trkpt>
      <trkpt lat="45.913883" lon="8.424341"><ele>256.6</ele></trkpt>
      <trkpt lat="45.913646" lon="8.424355"><ele>256.5</ele></trkpt>
      <trkpt lat="45.913491" lon="8.424317"><ele>256.4</ele></trkpt>
      <trkpt lat="45.913309" lon="8.424254"><ele>256.3</ele></trkpt>
      <trkpt lat="45.913144" lon="8.424144"><ele>256.3</ele></trkpt>
      <trkpt lat="45.912786" lon="8.423758"><ele>257.3</ele></trkpt>
      <trkpt lat="45.912740" lon="8.423651"><ele>257.5</ele></trkpt>
      <trkpt lat="45.912717" lon="8.423577"><ele>257.6</ele></trkpt>
      <trkpt lat="45.912407" lon="8.423305"><ele>258.4</ele></trkpt>
      <trkpt lat="45.912220" lon="8.423091"><ele>258.9</ele></trkpt>
      <trkpt lat="45.911994" lon="8.422073"><ele>260.2</ele></trkpt>
      <trkpt lat="45.911860" lon="8.421590"><ele>260.1</ele></trkpt>
      <trkpt lat="45.911802" lon="8.421460"><ele>260.1</ele></trkpt>
      <trkpt lat="45.910734" lon="8.420301"><ele>259.1</ele></trkpt>
      <trkpt lat="45.910249" lon="8.421138"><ele>255.3</ele></trkpt>
      <trkpt lat="45.909967" lon="8.421406"><ele>253.7</ele></trkpt>
      <trkpt lat="45.909890" lon="8.421416"><ele>253.3</ele></trkpt>
      <trkpt lat="45.909535" lon="8.421734"><ele>251.2</ele></trkpt>
      <trkpt lat="45.909319" lon="8.421700"><ele>250.5</ele></trkpt>
      <trkpt lat="45.909007" lon="8.421513"><ele>249.7</ele></trkpt>
      <trkpt lat="45.908991" lon="8.421418"><ele>249.5</ele></trkpt>
      <trkpt lat="45.908658" lon="8.421161"><ele>248.5</ele></trkpt>
      <trkpt lat="45.908619" lon="8.421252"><ele>248.4</ele></trkpt>
      <trkpt lat="45.908575" lon="8.421404"><ele>248.1</ele></trkpt>
      <trkpt lat="45.908501" lon="8.421642"><ele>247.6</ele></trkpt>
      <trkpt lat="45.908289" lon="8.421526"><ele>247.0</ele></trkpt>
      <trkpt lat="45.907219" lon="8.420967"><ele>246.6</ele></trkpt>
      <trkpt lat="45.907045" lon="8.420894"><ele>246.7</ele></trkpt>
      <trkpt lat="45.906942" lon="8.420798"><ele>246.7</ele></trkpt>
      <trkpt lat="45.906882" lon="8.420746"><ele>246.8</ele></trkpt>
      <trkpt lat="45.906691" lon="8.420610"><ele>246.8</ele></trkpt>
      <trkpt lat="45.906592" lon="8.420579"><ele>246.9</ele></trkpt>
      <trkpt lat="45.906560" lon="8.420563"><ele>246.9</ele></trkpt>
      <trkpt lat="45.906380" lon="8.420472"><ele>246.9</ele></trkpt>
      <trkpt lat="45.906357" lon="8.420460"><ele>247.0</ele></trkpt>
      <trkpt lat="45.906198" lon="8.420382"><ele>247.2</ele></trkpt>
      <trkpt lat="45.905893" lon="8.420222"><ele>247.7</ele></trkpt>
      <trkpt lat="45.904932" lon="8.419691"><ele>249.3</ele></trkpt>
      <trkpt lat="45.903926" lon="8.419107"><ele>251.7</ele></trkpt>
      <trkpt lat="45.902744" lon="8.418231"><ele>255.1</ele></trkpt>
      <trkpt lat="45.901499" lon="8.417291"><ele>258.8</ele></trkpt>
      <trkpt lat="45.901060" lon="8.416960"><ele>259.2</ele></trkpt>
      <trkpt lat="45.900710" lon="8.416689"><ele>259.5</ele></trkpt>
      <trkpt lat="45.900346" lon="8.416413"><ele>259.8</ele></trkpt>
      <trkpt lat="45.899952" lon="8.416195"><ele>260.0</ele></trkpt>
      <trkpt lat="45.899946" lon="8.416136"><ele>260.1</ele></trkpt>
      <trkpt lat="45.899862" lon="8.416013"><ele>260.1</ele></trkpt>
      <trkpt lat="45.899780" lon="8.416013"><ele>260.1</ele></trkpt>
      <trkpt lat="45.899714" lon="8.416082"><ele>260.1</ele></trkpt>
      <trkpt lat="45.899689" lon="8.416187"><ele>260.1</ele></trkpt>
      <trkpt lat="45.899735" lon="8.416336"><ele>260.1</ele></trkpt>
      <trkpt lat="45.899666" lon="8.416472"><ele>260.0</ele></trkpt>
      <trkpt lat="45.899375" lon="8.416619"><ele>260.0</ele></trkpt>
      <trkpt lat="45.899133" lon="8.417278"><ele>259.9</ele></trkpt>
      <trkpt lat="45.898946" lon="8.417439"><ele>259.9</ele></trkpt>
      <trkpt lat="45.898805" lon="8.417364"><ele>259.9</ele></trkpt>
      <trkpt lat="45.898640" lon="8.417244"><ele>260.0</ele></trkpt>
      <trkpt lat="45.898528" lon="8.416804"><ele>260.2</ele></trkpt>
      <trkpt lat="45.898013" lon="8.416632"><ele>260.6</ele></trkpt>
      <trkpt lat="45.897523" lon="8.417939"><ele>261.7</ele></trkpt>
      <trkpt lat="45.897356" lon="8.417705"><ele>262.1</ele></trkpt>
      <trkpt lat="45.897154" lon="8.417652"><ele>262.5</ele></trkpt>
      <trkpt lat="45.896288" lon="8.417675"><ele>264.1</ele></trkpt>
      <trkpt lat="45.896099" lon="8.417644"><ele>264.5</ele></trkpt>
      <trkpt lat="45.896094" lon="8.417642"><ele>264.5</ele></trkpt>
      <trkpt lat="45.895676" lon="8.417448"><ele>265.0</ele></trkpt>
      <trkpt lat="45.894800" lon="8.416917"><ele>265.9</ele></trkpt>
      <trkpt lat="45.894760" lon="8.416886"><ele>265.9</ele></trkpt>
      <trkpt lat="45.894466" lon="8.416657"><ele>266.2</ele></trkpt>
      <trkpt lat="45.894136" lon="8.416421"><ele>266.6</ele></trkpt>
      <trkpt lat="45.893644" lon="8.416060"><ele>267.1</ele></trkpt>
      <trkpt lat="45.893400" lon="8.415869"><ele>267.3</ele></trkpt>
      <trkpt lat="45.893169" lon="8.415734"><ele>267.5</ele></trkpt>
      <trkpt lat="45.892816" lon="8.415698"><ele>267.9</ele></trkpt>
      <trkpt lat="45.892214" lon="8.415650"><ele>269.1</ele></trkpt>
      <trkpt lat="45.891727" lon="8.415569"><ele>270.2</ele></trkpt>
      <trkpt lat="45.891101" lon="8.415379"><ele>271.7</ele></trkpt>
      <trkpt lat="45.890405" lon="8.415235"><ele>274.7</ele></trkpt>
      <trkpt lat="45.889737" lon="8.415006"><ele>278.1</ele></trkpt>
      <trkpt lat="45.888946" lon="8.414461"><ele>282.0</ele></trkpt>
      <trkpt lat="45.888824" lon="8.414546"><ele>282.5</ele></trkpt>
      <trkpt lat="45.888602" lon="8.414328"><ele>283.4</ele></trkpt>
      <trkpt lat="45.887933" lon="8.413820"><ele>286.1</ele></trkpt>
      <trkpt lat="45.887644" lon="8.413650"><ele>287.2</ele></trkpt>
      <trkpt lat="45.887075" lon="8.413064"><ele>287.7</ele></trkpt>
      <trkpt lat="45.886379" lon="8.412398"><ele>288.2</ele></trkpt>
      <trkpt lat="45.885447" lon="8.411575"><ele>288.4</ele></trkpt>
      <trkpt lat="45.885200" lon="8.411453"><ele>288.5</ele></trkpt>
      <trkpt lat="45.884369" lon="8.411209"><ele>288.6</ele></trkpt>
      <trkpt lat="45.884000" lon="8.411121"><ele>288.9</ele></trkpt>
      <trkpt lat="45.883814" lon="8.411088"><ele>289.0</ele></trkpt>
      <trkpt lat="45.883384" lon="8.411201"><ele>289.3</ele></trkpt>
      <trkpt lat="45.883324" lon="8.411142"><ele>289.3</ele></trkpt>
      <trkpt lat="45.883220" lon="8.411177"><ele>289.4</ele></trkpt>
      <trkpt lat="45.883163" lon="8.411016"><ele>289.5</ele></trkpt>
      <trkpt lat="45.883013" lon="8.410792"><ele>289.6</ele></trkpt>
      <trkpt lat="45.882677" lon="8.410343"><ele>290.5</ele></trkpt>
      <trkpt lat="45.882613" lon="8.410272"><ele>290.8</ele></trkpt>
      <trkpt lat="45.882445" lon="8.410146"><ele>291.3</ele></trkpt>
      <trkpt lat="45.882455" lon="8.410054"><ele>291.5</ele></trkpt>
      <trkpt lat="45.882428" lon="8.410004"><ele>291.6</ele></trkpt>
      <trkpt lat="45.882385" lon="8.409987"><ele>291.7</ele></trkpt>
      <trkpt lat="45.882331" lon="8.410029"><ele>291.9</ele></trkpt>
      <trkpt lat="45.882322" lon="8.410117"><ele>292.1</ele></trkpt>
      <trkpt lat="45.882074" lon="8.410320"><ele>292.9</ele></trkpt>
      <trkpt lat="45.881570" lon="8.410934"><ele>294.8</ele></trkpt>
      <trkpt lat="45.880985" lon="8.411689"><ele>296.0</ele></trkpt>
      <trkpt lat="45.880847" lon="8.411836"><ele>296.2</ele></trkpt>
      <trkpt lat="45.880753" lon="8.411891"><ele>296.3</ele></trkpt>
      <trkpt lat="45.880652" lon="8.411923"><ele>296.5</ele></trkpt>
      <trkpt lat="45.880517" lon="8.411902"><ele>296.7</ele></trkpt>
      <trkpt lat="45.879921" lon="8.411608"><ele>297.4</ele></trkpt>
      <trkpt lat="45.879702" lon="8.411514"><ele>297.4</ele></trkpt>
      <trkpt lat="45.879137" lon="8.411250"><ele>297.2</ele></trkpt>
      <trkpt lat="45.878894" lon="8.411146"><ele>297.2</ele></trkpt>
      <trkpt lat="45.877745" lon="8.410649"><ele>297.6</ele></trkpt>
      <trkpt lat="45.877611" lon="8.410536"><ele>297.8</ele></trkpt>
      <trkpt lat="45.877362" lon="8.410210"><ele>298.1</ele></trkpt>
      <trkpt lat="45.877241" lon="8.410034"><ele>298.2</ele></trkpt>
      <trkpt lat="45.877133" lon="8.410170"><ele>298.4</ele></trkpt>
      <trkpt lat="45.877081" lon="8.410229"><ele>298.4</ele></trkpt>
      <trkpt lat="45.876932" lon="8.410399"><ele>298.6</ele></trkpt>
      <trkpt lat="45.876916" lon="8.410419"><ele>298.6</ele></trkpt>
      <trkpt lat="45.876732" lon="8.410606"><ele>298.8</ele></trkpt>
    </trkseg>
  </trk>
</gpx>
