<?xml version="1.0" encoding="UTF-8"?>
<gpx version="1.1" creator="Radtouren-split" xmlns="http://www.topografix.com/GPX/1/1" xmlns:xsi="http://www.w3.org/2001/XMLSchema-instance" xsi:schemaLocation="http://www.topografix.com/GPX/1/1 http://www.topografix.com/GPX/1/1/gpx.xsd">
  <metadata><name>KN-GE Tag 8 Asti</name></metadata>
  <wpt lat="45.223011" lon="8.082663">
    <ele>167.1</ele>
    <name>H Hospitale Don France</name>
    <cmt>hostel 1.4 km off</cmt>
    <sym>Lodge</sym>
  </wpt>
  <wpt lat="45.184978" lon="8.100988">
    <ele>150.1</ele>
    <name>Z Bikestop/non officia</name>
    <cmt>campsite 2.4 km off route</cmt>
    <sym>Campground</sym>
  </wpt>
  <wpt lat="44.988746" lon="8.056770">
    <ele>210.6</ele>
    <name>Z Villaggio del Sole</name>
    <cmt>campsite 0.1 km off route</cmt>
    <sym>Campground</sym>
  </wpt>
  <wpt lat="44.895896" lon="8.168652">
    <ele>124.9</ele>
    <name>H I Glicini</name>
    <cmt>guest_house 0.9 km off</cmt>
    <sym>Lodging</sym>
  </wpt>
  <wpt lat="44.893113" lon="8.201097">
    <ele>116.5</ele>
    <name>Z Camping Umberto Cagn</name>
    <cmt>campsite 3.2 km off route</cmt>
    <sym>Campground</sym>
  </wpt>
  <wpt lat="44.893113" lon="8.201097">
    <ele>116.5</ele>
    <name>H Relais Cattedrale</name>
    <cmt>hotel 0.9 km off</cmt>
    <sym>Lodging</sym>
  </wpt>
  <wpt lat="44.893113" lon="8.201097">
    <ele>116.5</ele>
    <name>H Hotel Castello</name>
    <cmt>hotel 1.1 km off</cmt>
    <sym>Lodging</sym>
  </wpt>
  <trk>
    <name>KN-GE Tag 8 Asti</name>
    <trkseg>
      <trkpt lat="45.409218" lon="8.324875"><ele>150.0</ele></trkpt>
      <trkpt lat="45.409140" lon="8.324841"><ele>150.0</ele></trkpt>
      <trkpt lat="45.409122" lon="8.324783"><ele>150.0</ele></trkpt>
      <trkpt lat="45.409113" lon="8.324697"><ele>150.0</ele></trkpt>
      <trkpt lat="45.409077" lon="8.324490"><ele>149.9</ele></trkpt>
      <trkpt lat="45.409054" lon="8.323878"><ele>149.9</ele></trkpt>
      <trkpt lat="45.408980" lon="8.323740"><ele>149.8</ele></trkpt>
      <trkpt lat="45.408853" lon="8.323581"><ele>149.8</ele></trkpt>
      <trkpt lat="45.408731" lon="8.323454"><ele>149.8</ele></trkpt>
      <trkpt lat="45.408600" lon="8.323389"><ele>149.7</ele></trkpt>
      <trkpt lat="45.407751" lon="8.323177"><ele>149.4</ele></trkpt>
      <trkpt lat="45.407680" lon="8.323030"><ele>149.4</ele></trkpt>
      <trkpt lat="45.407660" lon="8.322896"><ele>149.3</ele></trkpt>
      <trkpt lat="45.407131" lon="8.318804"><ele>149.1</ele></trkpt>
      <trkpt lat="45.407128" lon="8.318778"><ele>149.1</ele></trkpt>
      <trkpt lat="45.407115" lon="8.318678"><ele>149.2</ele></trkpt>
      <trkpt lat="45.405611" lon="8.307621"><ele>151.8</ele></trkpt>
      <trkpt lat="45.405553" lon="8.307515"><ele>151.8</ele></trkpt>
      <trkpt lat="45.405451" lon="8.307519"><ele>151.8</ele></trkpt>
      <trkpt lat="45.404765" lon="8.308214"><ele>151.8</ele></trkpt>
      <trkpt lat="45.404643" lon="8.308281"><ele>151.8</ele></trkpt>
      <trkpt lat="45.404482" lon="8.308328"><ele>151.7</ele></trkpt>
      <trkpt lat="45.404294" lon="8.308335"><ele>151.6</ele></trkpt>
      <trkpt lat="45.403711" lon="8.308291"><ele>151.4</ele></trkpt>
      <trkpt lat="45.403660" lon="8.308251"><ele>151.4</ele></trkpt>
      <trkpt lat="45.403623" lon="8.308188"><ele>151.4</ele></trkpt>
      <trkpt lat="45.403608" lon="8.308085"><ele>151.4</ele></trkpt>
      <trkpt lat="45.403621" lon="8.307767"><ele>151.3</ele></trkpt>
      <trkpt lat="45.403711" lon="8.307192"><ele>151.2</ele></trkpt>
      <trkpt lat="45.403722" lon="8.306984"><ele>151.2</ele></trkpt>
      <trkpt lat="45.403719" lon="8.306498"><ele>151.2</ele></trkpt>
      <trkpt lat="45.403686" lon="8.306118"><ele>151.2</ele></trkpt>
      <trkpt lat="45.403599" lon="8.305686"><ele>151.2</ele></trkpt>
      <trkpt lat="45.403447" lon="8.305179"><ele>151.1</ele></trkpt>
      <trkpt lat="45.403297" lon="8.304443"><ele>151.1</ele></trkpt>
      <trkpt lat="45.403248" lon="8.304317"><ele>151.1</ele></trkpt>
      <trkpt lat="45.403200" lon="8.304270"><ele>151.1</ele></trkpt>
      <trkpt lat="45.403068" lon="8.304233"><ele>151.1</ele></trkpt>
      <trkpt lat="45.401643" lon="8.304237"><ele>151.1</ele></trkpt>
      <trkpt lat="45.401516" lon="8.304214"><ele>151.2</ele></trkpt>
      <trkpt lat="45.401396" lon="8.304296"><ele>151.2</ele></trkpt>
      <trkpt lat="45.400391" lon="8.300184"><ele>152.1</ele></trkpt>
      <trkpt lat="45.400075" lon="8.299387"><ele>152.5</ele></trkpt>
      <trkpt lat="45.399803" lon="8.298791"><ele>152.8</ele></trkpt>
      <trkpt lat="45.399652" lon="8.298411"><ele>153.0</ele></trkpt>
      <trkpt lat="45.399558" lon="8.298223"><ele>153.1</ele></trkpt>
      <trkpt lat="45.399079" lon="8.297353"><ele>153.3</ele></trkpt>
      <trkpt lat="45.398868" lon="8.296810"><ele>153.4</ele></trkpt>
      <trkpt lat="45.398613" lon="8.296028"><ele>153.5</ele></trkpt>
      <trkpt lat="45.398363" lon="8.295070"><ele>153.6</ele></trkpt>
      <trkpt lat="45.397702" lon="8.293760"><ele>153.8</ele></trkpt>
      <trkpt lat="45.397699" lon="8.293706"><ele>153.8</ele></trkpt>
      <trkpt lat="45.397743" lon="8.293670"><ele>153.8</ele></trkpt>
      <trkpt lat="45.398111" lon="8.293643"><ele>153.9</ele></trkpt>
      <trkpt lat="45.398255" lon="8.293582"><ele>154.0</ele></trkpt>
      <trkpt lat="45.398086" lon="8.293590"><ele>154.0</ele></trkpt>
      <trkpt lat="45.397623" lon="8.293615"><ele>154.1</ele></trkpt>
      <trkpt lat="45.395832" lon="8.293731"><ele>154.0</ele></trkpt>
      <trkpt lat="45.395737" lon="8.293748"><ele>154.0</ele></trkpt>
      <trkpt lat="45.395629" lon="8.293816"><ele>154.0</ele></trkpt>
      <trkpt lat="45.395552" lon="8.293931"><ele>154.0</ele></trkpt>
      <trkpt lat="45.395488" lon="8.293826"><ele>154.0</ele></trkpt>
      <trkpt lat="45.395482" lon="8.293758"><ele>154.0</ele></trkpt>
      <trkpt lat="45.395486" lon="8.293541"><ele>153.9</ele></trkpt>
      <trkpt lat="45.395581" lon="8.293041"><ele>153.8</ele></trkpt>
      <trkpt lat="45.395559" lon="8.292059"><ele>153.6</ele></trkpt>
      <trkpt lat="45.395548" lon="8.291860"><ele>153.6</ele></trkpt>
      <trkpt lat="45.395449" lon="8.291729"><ele>153.6</ele></trkpt>
      <trkpt lat="45.391039" lon="8.290420"><ele>154.1</ele></trkpt>
      <trkpt lat="45.383344" lon="8.288208"><ele>155.2</ele></trkpt>
      <trkpt lat="45.384143" lon="8.284180"><ele>155.2</ele></trkpt>
      <trkpt lat="45.384912" lon="8.280440"><ele>155.6</ele></trkpt>
      <trkpt lat="45.384906" lon="8.280413"><ele>155.6</ele></trkpt>
      <trkpt lat="45.384845" lon="8.280394"><ele>155.6</ele></trkpt>
      <trkpt lat="45.380657" lon="8.279220"><ele>155.5</ele></trkpt>
      <trkpt lat="45.380526" lon="8.279180"><ele>155.6</ele></trkpt>
      <trkpt lat="45.380471" lon="8.279129"><ele>155.6</ele></trkpt>
      <trkpt lat="45.380433" lon="8.279041"><ele>155.6</ele></trkpt>
      <trkpt lat="45.380429" lon="8.278945"><ele>155.6</ele></trkpt>
      <trkpt lat="45.380469" lon="8.278777"><ele>155.6</ele></trkpt>
      <trkpt lat="45.381965" lon="8.274427"><ele>156.4</ele></trkpt>
      <trkpt lat="45.381965" lon="8.274340"><ele>156.5</ele></trkpt>
      <trkpt lat="45.381940" lon="8.274288"><ele>156.5</ele></trkpt>
      <trkpt lat="45.380582" lon="8.273117"><ele>156.6</ele></trkpt>
      <trkpt lat="45.380519" lon="8.273059"><ele>156.6</ele></trkpt>
      <trkpt lat="45.380502" lon="8.273044"><ele>156.5</ele></trkpt>
      <trkpt lat="45.378784" lon="8.274794"><ele>156.3</ele></trkpt>
      <trkpt lat="45.378143" lon="8.275211"><ele>156.1</ele></trkpt>
      <trkpt lat="45.377314" lon="8.275876"><ele>156.1</ele></trkpt>
      <trkpt lat="45.377232" lon="8.275895"><ele>156.1</ele></trkpt>
      <trkpt lat="45.377159" lon="8.275663"><ele>156.1</ele></trkpt>
      <trkpt lat="45.377126" lon="8.275383"><ele>156.1</ele></trkpt>
      <trkpt lat="45.377150" lon="8.274731"><ele>156.1</ele></trkpt>
      <trkpt lat="45.376502" lon="8.268391"><ele>157.2</ele></trkpt>
      <trkpt lat="45.376424" lon="8.268335"><ele>157.3</ele></trkpt>
      <trkpt lat="45.376115" lon="8.267748"><ele>157.4</ele></trkpt>
      <trkpt lat="45.375433" lon="8.266341"><ele>157.9</ele></trkpt>
      <trkpt lat="45.375420" lon="8.266256"><ele>157.9</ele></trkpt>
      <trkpt lat="45.375424" lon="8.266167"><ele>157.9</ele></trkpt>
      <trkpt lat="45.376020" lon="8.263597"><ele>158.6</ele></trkpt>
      <trkpt lat="45.375964" lon="8.263457"><ele>158.6</ele></trkpt>
      <trkpt lat="45.375860" lon="8.263433"><ele>158.6</ele></trkpt>
      <trkpt lat="45.374918" lon="8.263414"><ele>158.6</ele></trkpt>
      <trkpt lat="45.372913" lon="8.263401"><ele>158.1</ele></trkpt>
      <trkpt lat="45.370479" lon="8.262964"><ele>156.9</ele></trkpt>
      <trkpt lat="45.370239" lon="8.262898"><ele>156.8</ele></trkpt>
      <trkpt lat="45.369865" lon="8.262627"><ele>156.7</ele></trkpt>
      <trkpt lat="45.369182" lon="8.262232"><ele>156.7</ele></trkpt>
      <trkpt lat="45.367261" lon="8.260891"><ele>157.7</ele></trkpt>
      <trkpt lat="45.366929" lon="8.260695"><ele>158.0</ele></trkpt>
      <trkpt lat="45.366197" lon="8.260399"><ele>158.3</ele></trkpt>
      <trkpt lat="45.365853" lon="8.260099"><ele>158.4</ele></trkpt>
      <trkpt lat="45.365475" lon="8.259906"><ele>158.6</ele></trkpt>
      <trkpt lat="45.366513" lon="8.252866"><ele>159.9</ele></trkpt>
      <trkpt lat="45.366224" lon="8.252685"><ele>160.0</ele></trkpt>
      <trkpt lat="45.365878" lon="8.252514"><ele>160.1</ele></trkpt>
      <trkpt lat="45.365529" lon="8.252414"><ele>160.1</ele></trkpt>
      <trkpt lat="45.365310" lon="8.252444"><ele>160.1</ele></trkpt>
      <trkpt lat="45.365190" lon="8.252504"><ele>160.1</ele></trkpt>
      <trkpt lat="45.364801" lon="8.252835"><ele>160.1</ele></trkpt>
      <trkpt lat="45.364706" lon="8.252866"><ele>160.2</ele></trkpt>
      <trkpt lat="45.364604" lon="8.252866"><ele>160.2</ele></trkpt>
      <trkpt lat="45.364142" lon="8.252680"><ele>160.2</ele></trkpt>
      <trkpt lat="45.364032" lon="8.252675"><ele>160.2</ele></trkpt>
      <trkpt lat="45.363693" lon="8.252891"><ele>160.2</ele></trkpt>
      <trkpt lat="45.363570" lon="8.252916"><ele>160.2</ele></trkpt>
      <trkpt lat="45.363206" lon="8.252881"><ele>160.2</ele></trkpt>
      <trkpt lat="45.362641" lon="8.252710"><ele>160.2</ele></trkpt>
      <trkpt lat="45.362133" lon="8.252504"><ele>160.2</ele></trkpt>
      <trkpt lat="45.360875" lon="8.252075"><ele>160.1</ele></trkpt>
      <trkpt lat="45.360058" lon="8.251776"><ele>160.0</ele></trkpt>
      <trkpt lat="45.358819" lon="8.251590"><ele>159.9</ele></trkpt>
      <trkpt lat="45.357996" lon="8.251379"><ele>159.8</ele></trkpt>
      <trkpt lat="45.357050" lon="8.250987"><ele>159.9</ele></trkpt>
      <trkpt lat="45.355797" lon="8.250394"><ele>160.5</ele></trkpt>
      <trkpt lat="45.353836" lon="8.249407"><ele>161.9</ele></trkpt>
      <trkpt lat="45.353778" lon="8.249697"><ele>162.1</ele></trkpt>
      <trkpt lat="45.353741" lon="8.249681"><ele>162.1</ele></trkpt>
      <trkpt lat="45.353610" lon="8.250347"><ele>162.6</ele></trkpt>
      <trkpt lat="45.353448" lon="8.250273"><ele>162.7</ele></trkpt>
      <trkpt lat="45.353434" lon="8.250266"><ele>162.7</ele></trkpt>
      <trkpt lat="45.353397" lon="8.250249"><ele>162.8</ele></trkpt>
      <trkpt lat="45.353425" lon="8.250107"><ele>162.9</ele></trkpt>
      <trkpt lat="45.353390" lon="8.250090"><ele>162.9</ele></trkpt>
      <trkpt lat="45.353427" lon="8.249873"><ele>163.1</ele></trkpt>
      <trkpt lat="45.353076" lon="8.249716"><ele>163.4</ele></trkpt>
      <trkpt lat="45.352622" lon="8.249449"><ele>163.7</ele></trkpt>
      <trkpt lat="45.352602" lon="8.249428"><ele>163.7</ele></trkpt>
      <trkpt lat="45.352575" lon="8.249367"><ele>163.7</ele></trkpt>
      <trkpt lat="45.352373" lon="8.249204"><ele>163.8</ele></trkpt>
      <trkpt lat="45.352200" lon="8.249099"><ele>163.8</ele></trkpt>
      <trkpt lat="45.352079" lon="8.249029"><ele>163.9</ele></trkpt>
      <trkpt lat="45.351920" lon="8.248916"><ele>163.9</ele></trkpt>
      <trkpt lat="45.351731" lon="8.248699"><ele>164.0</ele></trkpt>
      <trkpt lat="45.351655" lon="8.248613"><ele>164.0</ele></trkpt>
      <trkpt lat="45.351439" lon="8.248379"><ele>164.1</ele></trkpt>
      <trkpt lat="45.351399" lon="8.248348"><ele>164.1</ele></trkpt>
      <trkpt lat="45.351048" lon="8.248075"><ele>164.1</ele></trkpt>
      <trkpt lat="45.351326" lon="8.247464"><ele>163.9</ele></trkpt>
      <trkpt lat="45.351608" lon="8.246781"><ele>163.8</ele></trkpt>
      <trkpt lat="45.350870" lon="8.246588"><ele>163.5</ele></trkpt>
      <trkpt lat="45.350034" lon="8.246512"><ele>162.9</ele></trkpt>
      <trkpt lat="45.349513" lon="8.246452"><ele>162.6</ele></trkpt>
      <trkpt lat="45.349416" lon="8.246430"><ele>162.5</ele></trkpt>
      <trkpt lat="45.349356" lon="8.246410"><ele>162.5</ele></trkpt>
      <trkpt lat="45.349332" lon="8.246400"><ele>162.5</ele></trkpt>
      <trkpt lat="45.349062" lon="8.246224"><ele>162.3</ele></trkpt>
      <trkpt lat="45.347712" lon="8.245105"><ele>161.3</ele></trkpt>
      <trkpt lat="45.347384" lon="8.244844"><ele>161.3</ele></trkpt>
      <trkpt lat="45.347768" lon="8.243448"><ele>161.3</ele></trkpt>
      <trkpt lat="45.348084" lon="8.242462"><ele>161.4</ele></trkpt>
      <trkpt lat="45.348448" lon="8.241200"><ele>161.5</ele></trkpt>
      <trkpt lat="45.348609" lon="8.240928"><ele>161.5</ele></trkpt>
      <trkpt lat="45.348618" lon="8.240743"><ele>161.5</ele></trkpt>
      <trkpt lat="45.348597" lon="8.240492"><ele>161.6</ele></trkpt>
      <trkpt lat="45.348557" lon="8.240380"><ele>161.6</ele></trkpt>
      <trkpt lat="45.348381" lon="8.240160"><ele>161.6</ele></trkpt>
      <trkpt lat="45.348260" lon="8.239836"><ele>161.7</ele></trkpt>
      <trkpt lat="45.348269" lon="8.239740"><ele>161.7</ele></trkpt>
      <trkpt lat="45.348600" lon="8.238820"><ele>161.9</ele></trkpt>
      <trkpt lat="45.348684" lon="8.238486"><ele>161.9</ele></trkpt>
      <trkpt lat="45.347920" lon="8.237915"><ele>162.2</ele></trkpt>
      <trkpt lat="45.347321" lon="8.237371"><ele>162.5</ele></trkpt>
      <trkpt lat="45.346797" lon="8.237027"><ele>162.6</ele></trkpt>
      <trkpt lat="45.346703" lon="8.236968"><ele>162.6</ele></trkpt>
      <trkpt lat="45.347366" lon="8.235031"><ele>162.9</ele></trkpt>
      <trkpt lat="45.347478" lon="8.235038"><ele>162.9</ele></trkpt>
      <trkpt lat="45.348410" lon="8.235444"><ele>162.9</ele></trkpt>
      <trkpt lat="45.348457" lon="8.235416"><ele>162.9</ele></trkpt>
      <trkpt lat="45.348483" lon="8.235358"><ele>162.9</ele></trkpt>
      <trkpt lat="45.348499" lon="8.235127"><ele>162.9</ele></trkpt>
      <trkpt lat="45.347643" lon="8.232615"><ele>163.0</ele></trkpt>
      <trkpt lat="45.347383" lon="8.232207"><ele>163.0</ele></trkpt>
      <trkpt lat="45.347102" lon="8.231882"><ele>163.0</ele></trkpt>
      <trkpt lat="45.346164" lon="8.231180"><ele>163.1</ele></trkpt>
      <trkpt lat="45.345973" lon="8.230998"><ele>163.2</ele></trkpt>
      <trkpt lat="45.344562" lon="8.229421"><ele>163.6</ele></trkpt>
      <trkpt lat="45.343567" lon="8.228524"><ele>164.1</ele></trkpt>
      <trkpt lat="45.342865" lon="8.227751"><ele>164.4</ele></trkpt>
      <trkpt lat="45.341889" lon="8.226825"><ele>164.6</ele></trkpt>
      <trkpt lat="45.340496" lon="8.225415"><ele>164.6</ele></trkpt>
      <trkpt lat="45.340301" lon="8.225169"><ele>164.6</ele></trkpt>
      <trkpt lat="45.340287" lon="8.225029"><ele>164.6</ele></trkpt>
      <trkpt lat="45.340322" lon="8.224621"><ele>164.6</ele></trkpt>
      <trkpt lat="45.340273" lon="8.224463"><ele>164.6</ele></trkpt>
      <trkpt lat="45.339748" lon="8.223808"><ele>164.7</ele></trkpt>
      <trkpt lat="45.339666" lon="8.223593"><ele>164.7</ele></trkpt>
      <trkpt lat="45.339498" lon="8.223279"><ele>164.7</ele></trkpt>
      <trkpt lat="45.339173" lon="8.222595"><ele>164.7</ele></trkpt>
      <trkpt lat="45.338545" lon="8.221911"><ele>164.7</ele></trkpt>
      <trkpt lat="45.338168" lon="8.221434"><ele>164.7</ele></trkpt>
      <trkpt lat="45.337685" lon="8.220597"><ele>165.1</ele></trkpt>
      <trkpt lat="45.337607" lon="8.220479"><ele>165.1</ele></trkpt>
      <trkpt lat="45.337336" lon="8.220182"><ele>165.3</ele></trkpt>
      <trkpt lat="45.336589" lon="8.219510"><ele>165.7</ele></trkpt>
      <trkpt lat="45.336530" lon="8.219423"><ele>165.7</ele></trkpt>
      <trkpt lat="45.336518" lon="8.219300"><ele>165.8</ele></trkpt>
      <trkpt lat="45.336535" lon="8.219243"><ele>165.8</ele></trkpt>
      <trkpt lat="45.336990" lon="8.218485"><ele>166.2</ele></trkpt>
      <trkpt lat="45.337002" lon="8.218306"><ele>166.2</ele></trkpt>
      <trkpt lat="45.336942" lon="8.218220"><ele>166.3</ele></trkpt>
      <trkpt lat="45.336704" lon="8.217942"><ele>166.5</ele></trkpt>
      <trkpt lat="45.336624" lon="8.217891"><ele>166.5</ele></trkpt>
      <trkpt lat="45.336534" lon="8.217941"><ele>166.5</ele></trkpt>
      <trkpt lat="45.336022" lon="8.218882"><ele>166.0</ele></trkpt>
      <trkpt lat="45.335928" lon="8.218939"><ele>165.9</ele></trkpt>
      <trkpt lat="45.335822" lon="8.218876"><ele>165.9</ele></trkpt>
      <trkpt lat="45.335455" lon="8.218421"><ele>165.6</ele></trkpt>
      <trkpt lat="45.334986" lon="8.217741"><ele>165.5</ele></trkpt>
      <trkpt lat="45.334930" lon="8.217608"><ele>165.5</ele></trkpt>
      <trkpt lat="45.334926" lon="8.217471"><ele>165.5</ele></trkpt>
      <trkpt lat="45.334949" lon="8.217392"><ele>165.5</ele></trkpt>
      <trkpt lat="45.335350" lon="8.216394"><ele>165.5</ele></trkpt>
      <trkpt lat="45.335363" lon="8.216249"><ele>165.5</ele></trkpt>
      <trkpt lat="45.335321" lon="8.216112"><ele>165.5</ele></trkpt>
      <trkpt lat="45.333057" lon="8.214119"><ele>166.2</ele></trkpt>
      <trkpt lat="45.332956" lon="8.214012"><ele>166.2</ele></trkpt>
      <trkpt lat="45.332025" lon="8.212857"><ele>166.9</ele></trkpt>
      <trkpt lat="45.331987" lon="8.212822"><ele>166.9</ele></trkpt>
      <trkpt lat="45.331963" lon="8.212799"><ele>166.9</ele></trkpt>
      <trkpt lat="45.330298" lon="8.211588"><ele>167.8</ele></trkpt>
      <trkpt lat="45.330382" lon="8.211382"><ele>167.8</ele></trkpt>
      <trkpt lat="45.329936" lon="8.211034"><ele>167.7</ele></trkpt>
      <trkpt lat="45.329364" lon="8.210624"><ele>167.7</ele></trkpt>
      <trkpt lat="45.328340" lon="8.209891"><ele>166.9</ele></trkpt>
      <trkpt lat="45.328279" lon="8.209902"><ele>166.8</ele></trkpt>
      <trkpt lat="45.327826" lon="8.210569"><ele>166.4</ele></trkpt>
      <trkpt lat="45.327707" lon="8.210683"><ele>166.4</ele></trkpt>
      <trkpt lat="45.327430" lon="8.210888"><ele>166.3</ele></trkpt>
      <trkpt lat="45.326211" lon="8.211054"><ele>165.9</ele></trkpt>
      <trkpt lat="45.326037" lon="8.211046"><ele>165.9</ele></trkpt>
      <trkpt lat="45.325763" lon="8.210976"><ele>165.8</ele></trkpt>
      <trkpt lat="45.325559" lon="8.210880"><ele>165.8</ele></trkpt>
      <trkpt lat="45.323652" lon="8.209264"><ele>165.9</ele></trkpt>
      <trkpt lat="45.324617" lon="8.205720"><ele>166.5</ele></trkpt>
      <trkpt lat="45.324920" lon="8.205014"><ele>166.6</ele></trkpt>
      <trkpt lat="45.324962" lon="8.204768"><ele>166.6</ele></trkpt>
      <trkpt lat="45.324722" lon="8.204800"><ele>166.6</ele></trkpt>
      <trkpt lat="45.324565" lon="8.204762"><ele>166.6</ele></trkpt>
      <trkpt lat="45.324532" lon="8.204617"><ele>166.6</ele></trkpt>
      <trkpt lat="45.324489" lon="8.204572"><ele>166.6</ele></trkpt>
      <trkpt lat="45.324456" lon="8.204576"><ele>166.6</ele></trkpt>
      <trkpt lat="45.323680" lon="8.205024"><ele>166.5</ele></trkpt>
      <trkpt lat="45.323605" lon="8.204999"><ele>166.5</ele></trkpt>
      <trkpt lat="45.323216" lon="8.204710"><ele>166.3</ele></trkpt>
      <trkpt lat="45.322402" lon="8.204431"><ele>166.1</ele></trkpt>
      <trkpt lat="45.321007" lon="8.203862"><ele>165.9</ele></trkpt>
      <trkpt lat="45.319678" lon="8.203359"><ele>165.9</ele></trkpt>
      <trkpt lat="45.319450" lon="8.203333"><ele>165.9</ele></trkpt>
      <trkpt lat="45.317892" lon="8.202850"><ele>165.8</ele></trkpt>
      <trkpt lat="45.317649" lon="8.202866"><ele>165.7</ele></trkpt>
      <trkpt lat="45.316881" lon="8.199837"><ele>165.6</ele></trkpt>
      <trkpt lat="45.316458" lon="8.198021"><ele>165.7</ele></trkpt>
      <trkpt lat="45.315385" lon="8.194900"><ele>165.8</ele></trkpt>
      <trkpt lat="45.313898" lon="8.187964"><ele>166.7</ele></trkpt>
      <trkpt lat="45.313906" lon="8.187752"><ele>166.7</ele></trkpt>
      <trkpt lat="45.314027" lon="8.187709"><ele>166.7</ele></trkpt>
      <trkpt lat="45.314360" lon="8.187717"><ele>166.8</ele></trkpt>
      <trkpt lat="45.314591" lon="8.187670"><ele>166.8</ele></trkpt>
      <trkpt lat="45.314792" lon="8.187592"><ele>166.8</ele></trkpt>
      <trkpt lat="45.314877" lon="8.187490"><ele>166.8</ele></trkpt>
      <trkpt lat="45.315120" lon="8.187114"><ele>166.9</ele></trkpt>
      <trkpt lat="45.314932" lon="8.186952"><ele>166.9</ele></trkpt>
      <trkpt lat="45.314337" lon="8.186181"><ele>166.9</ele></trkpt>
      <trkpt lat="45.313865" lon="8.185632"><ele>167.0</ele></trkpt>
      <trkpt lat="45.312880" lon="8.184381"><ele>167.1</ele></trkpt>
      <trkpt lat="45.312803" lon="8.184359"><ele>167.1</ele></trkpt>
      <trkpt lat="45.310305" lon="8.181290"><ele>167.6</ele></trkpt>
      <trkpt lat="45.307775" lon="8.178258"><ele>167.4</ele></trkpt>
      <trkpt lat="45.306536" lon="8.176729"><ele>167.3</ele></trkpt>
      <trkpt lat="45.306349" lon="8.176455"><ele>167.3</ele></trkpt>
      <trkpt lat="45.306225" lon="8.176344"><ele>167.3</ele></trkpt>
      <trkpt lat="45.304918" lon="8.174786"><ele>167.3</ele></trkpt>
      <trkpt lat="45.304101" lon="8.173750"><ele>167.2</ele></trkpt>
      <trkpt lat="45.303197" lon="8.172702"><ele>167.2</ele></trkpt>
      <trkpt lat="45.300334" lon="8.169217"><ele>167.2</ele></trkpt>
      <trkpt lat="45.297070" lon="8.165206"><ele>167.3</ele></trkpt>
      <trkpt lat="45.296152" lon="8.164067"><ele>167.2</ele></trkpt>
      <trkpt lat="45.292452" lon="8.159612"><ele>167.4</ele></trkpt>
      <trkpt lat="45.290626" lon="8.157347"><ele>167.4</ele></trkpt>
      <trkpt lat="45.287937" lon="8.154141"><ele>167.7</ele></trkpt>
      <trkpt lat="45.286399" lon="8.152261"><ele>168.0</ele></trkpt>
      <trkpt lat="45.286240" lon="8.152017"><ele>168.0</ele></trkpt>
      <trkpt lat="45.286006" lon="8.151779"><ele>168.0</ele></trkpt>
      <trkpt lat="45.284061" lon="8.149431"><ele>168.0</ele></trkpt>
      <trkpt lat="45.283085" lon="8.148232"><ele>167.9</ele></trkpt>
      <trkpt lat="45.282859" lon="8.147884"><ele>167.9</ele></trkpt>
      <trkpt lat="45.282708" lon="8.147768"><ele>167.9</ele></trkpt>
      <trkpt lat="45.281896" lon="8.146826"><ele>167.9</ele></trkpt>
      <trkpt lat="45.276347" lon="8.140051"><ele>167.4</ele></trkpt>
      <trkpt lat="45.275228" lon="8.138637"><ele>167.5</ele></trkpt>
      <trkpt lat="45.274990" lon="8.138254"><ele>167.5</ele></trkpt>
      <trkpt lat="45.274911" lon="8.138031"><ele>167.5</ele></trkpt>
      <trkpt lat="45.274713" lon="8.137744"><ele>167.6</ele></trkpt>
      <trkpt lat="45.273497" lon="8.135622"><ele>167.7</ele></trkpt>
      <trkpt lat="45.272681" lon="8.134292"><ele>167.6</ele></trkpt>
      <trkpt lat="45.271532" lon="8.132296"><ele>167.5</ele></trkpt>
      <trkpt lat="45.271392" lon="8.131956"><ele>167.5</ele></trkpt>
      <trkpt lat="45.271317" lon="8.131866"><ele>167.5</ele></trkpt>
      <trkpt lat="45.269639" lon="8.129003"><ele>168.2</ele></trkpt>
      <trkpt lat="45.269042" lon="8.127860"><ele>168.3</ele></trkpt>
      <trkpt lat="45.267087" lon="8.124615"><ele>168.3</ele></trkpt>
      <trkpt lat="45.266007" lon="8.122775"><ele>168.4</ele></trkpt>
      <trkpt lat="45.263541" lon="8.118526"><ele>168.6</ele></trkpt>
      <trkpt lat="45.263407" lon="8.118216"><ele>168.6</ele></trkpt>
      <trkpt lat="45.263292" lon="8.118076"><ele>168.6</ele></trkpt>
      <trkpt lat="45.260887" lon="8.113905"><ele>168.9</ele></trkpt>
      <trkpt lat="45.260732" lon="8.113722"><ele>168.9</ele></trkpt>
      <trkpt lat="45.259225" lon="8.111038"><ele>168.6</ele></trkpt>
      <trkpt lat="45.258976" lon="8.110662"><ele>168.6</ele></trkpt>
      <trkpt lat="45.258504" lon="8.109820"><ele>168.6</ele></trkpt>
      <trkpt lat="45.257360" lon="8.107939"><ele>168.8</ele></trkpt>
      <trkpt lat="45.256288" lon="8.106075"><ele>169.0</ele></trkpt>
      <trkpt lat="45.255620" lon="8.104820"><ele>169.0</ele></trkpt>
      <trkpt lat="45.255487" lon="8.104665"><ele>169.0</ele></trkpt>
      <trkpt lat="45.253799" lon="8.101746"><ele>168.9</ele></trkpt>
      <trkpt lat="45.251552" lon="8.098528"><ele>168.9</ele></trkpt>
      <trkpt lat="45.251103" lon="8.097964"><ele>168.9</ele></trkpt>
      <trkpt lat="45.250802" lon="8.097493"><ele>169.0</ele></trkpt>
      <trkpt lat="45.249040" lon="8.094990"><ele>169.5</ele></trkpt>
      <trkpt lat="45.248168" lon="8.093826"><ele>169.7</ele></trkpt>
      <trkpt lat="45.246012" lon="8.090782"><ele>169.9</ele></trkpt>
      <trkpt lat="45.245705" lon="8.090306"><ele>169.8</ele></trkpt>
      <trkpt lat="45.244326" lon="8.088403"><ele>169.7</ele></trkpt>
      <trkpt lat="45.241175" lon="8.083943"><ele>170.8</ele></trkpt>
      <trkpt lat="45.239970" lon="8.081911"><ele>170.4</ele></trkpt>
      <trkpt lat="45.238774" lon="8.079800"><ele>170.1</ele></trkpt>
      <trkpt lat="45.237695" lon="8.077822"><ele>170.1</ele></trkpt>
      <trkpt lat="45.237407" lon="8.078143"><ele>170.1</ele></trkpt>
      <trkpt lat="45.237377" lon="8.078161"><ele>170.1</ele></trkpt>
      <trkpt lat="45.237281" lon="8.078171"><ele>170.1</ele></trkpt>
      <trkpt lat="45.236812" lon="8.078007"><ele>170.1</ele></trkpt>
      <trkpt lat="45.236752" lon="8.077958"><ele>170.1</ele></trkpt>
      <trkpt lat="45.236668" lon="8.077975"><ele>170.1</ele></trkpt>
      <trkpt lat="45.236514" lon="8.078007"><ele>170.1</ele></trkpt>
      <trkpt lat="45.236232" lon="8.078107"><ele>170.1</ele></trkpt>
      <trkpt lat="45.235137" lon="8.078252"><ele>169.8</ele></trkpt>
      <trkpt lat="45.234878" lon="8.078214"><ele>169.7</ele></trkpt>
      <trkpt lat="45.234766" lon="8.078144"><ele>169.6</ele></trkpt>
      <trkpt lat="45.234246" lon="8.077888"><ele>169.3</ele></trkpt>
      <trkpt lat="45.233794" lon="8.077840"><ele>169.1</ele></trkpt>
      <trkpt lat="45.233160" lon="8.077867"><ele>168.7</ele></trkpt>
      <trkpt lat="45.232493" lon="8.077988"><ele>168.3</ele></trkpt>
      <trkpt lat="45.230725" lon="8.077947"><ele>167.5</ele></trkpt>
      <trkpt lat="45.230424" lon="8.077963"><ele>167.4</ele></trkpt>
      <trkpt lat="45.228558" lon="8.078462"><ele>166.8</ele></trkpt>
      <trkpt lat="45.228269" lon="8.078563"><ele>166.7</ele></trkpt>
      <trkpt lat="45.228230" lon="8.078577"><ele>166.7</ele></trkpt>
      <trkpt lat="45.228102" lon="8.078613"><ele>166.7</ele></trkpt>
      <trkpt lat="45.228066" lon="8.078271"><ele>166.6</ele></trkpt>
      <trkpt lat="45.226539" lon="8.078814"><ele>166.1</ele></trkpt>
      <trkpt lat="45.225653" lon="8.079092"><ele>165.9</ele></trkpt>
      <trkpt lat="45.223720" lon="8.079678"><ele>165.9</ele></trkpt>
      <trkpt lat="45.223517" lon="8.079686"><ele>165.9</ele></trkpt>
      <trkpt lat="45.223458" lon="8.079719"><ele>165.9</ele></trkpt>
      <trkpt lat="45.223412" lon="8.079745"><ele>166.0</ele></trkpt>
      <trkpt lat="45.223419" lon="8.080264"><ele>166.2</ele></trkpt>
      <trkpt lat="45.223011" lon="8.082663"><ele>167.1</ele></trkpt>
      <trkpt lat="45.222737" lon="8.082838"><ele>167.1</ele></trkpt>
      <trkpt lat="45.219999" lon="8.084019"><ele>166.3</ele></trkpt>
      <trkpt lat="45.219595" lon="8.082182"><ele>164.8</ele></trkpt>
      <trkpt lat="45.219572" lon="8.082097"><ele>164.8</ele></trkpt>
      <trkpt lat="45.219516" lon="8.082066"><ele>164.7</ele></trkpt>
      <trkpt lat="45.219462" lon="8.082083"><ele>164.6</ele></trkpt>
      <trkpt lat="45.219383" lon="8.082169"><ele>164.5</ele></trkpt>
      <trkpt lat="45.219015" lon="8.083107"><ele>164.0</ele></trkpt>
      <trkpt lat="45.218893" lon="8.083244"><ele>164.0</ele></trkpt>
      <trkpt lat="45.216339" lon="8.085044"><ele>163.4</ele></trkpt>
      <trkpt lat="45.216281" lon="8.085044"><ele>163.4</ele></trkpt>
      <trkpt lat="45.215097" lon="8.084115"><ele>163.1</ele></trkpt>
      <trkpt lat="45.215013" lon="8.084129"><ele>163.1</ele></trkpt>
      <trkpt lat="45.214939" lon="8.084199"><ele>163.1</ele></trkpt>
      <trkpt lat="45.214581" lon="8.084652"><ele>162.9</ele></trkpt>
      <trkpt lat="45.214376" lon="8.084896"><ele>162.8</ele></trkpt>
      <trkpt lat="45.213983" lon="8.085511"><ele>162.5</ele></trkpt>
      <trkpt lat="45.213623" lon="8.086122"><ele>162.3</ele></trkpt>
      <trkpt lat="45.212851" lon="8.085468"><ele>162.0</ele></trkpt>
      <trkpt lat="45.212792" lon="8.085369"><ele>162.0</ele></trkpt>
      <trkpt lat="45.209403" lon="8.082112"><ele>161.1</ele></trkpt>
      <trkpt lat="45.208440" lon="8.083875"><ele>160.6</ele></trkpt>
      <trkpt lat="45.207153" lon="8.086279"><ele>159.7</ele></trkpt>
      <trkpt lat="45.207115" lon="8.086285"><ele>159.7</ele></trkpt>
      <trkpt lat="45.207075" lon="8.086337"><ele>159.7</ele></trkpt>
      <trkpt lat="45.206654" lon="8.087129"><ele>159.4</ele></trkpt>
      <trkpt lat="45.206589" lon="8.087151"><ele>159.4</ele></trkpt>
      <trkpt lat="45.206462" lon="8.087142"><ele>159.4</ele></trkpt>
      <trkpt lat="45.204873" lon="8.085981"><ele>158.7</ele></trkpt>
      <trkpt lat="45.204790" lon="8.085930"><ele>158.7</ele></trkpt>
      <trkpt lat="45.204170" lon="8.085529"><ele>158.3</ele></trkpt>
      <trkpt lat="45.203517" lon="8.084880"><ele>158.1</ele></trkpt>
      <trkpt lat="45.202425" lon="8.086882"><ele>158.1</ele></trkpt>
      <trkpt lat="45.201886" lon="8.087928"><ele>158.0</ele></trkpt>
      <trkpt lat="45.201614" lon="8.088357"><ele>158.0</ele></trkpt>
      <trkpt lat="45.201115" lon="8.089236"><ele>157.8</ele></trkpt>
      <trkpt lat="45.200340" lon="8.090629"><ele>157.5</ele></trkpt>
      <trkpt lat="45.199913" lon="8.091374"><ele>157.5</ele></trkpt>
      <trkpt lat="45.199454" lon="8.092382"><ele>157.5</ele></trkpt>
      <trkpt lat="45.198922" lon="8.093364"><ele>157.2</ele></trkpt>
      <trkpt lat="45.198708" lon="8.093650"><ele>157.0</ele></trkpt>
      <trkpt lat="45.198337" lon="8.094065"><ele>156.8</ele></trkpt>
      <trkpt lat="45.197853" lon="8.094598"><ele>156.5</ele></trkpt>
      <trkpt lat="45.197715" lon="8.094801"><ele>156.5</ele></trkpt>
      <trkpt lat="45.197719" lon="8.095041"><ele>156.4</ele></trkpt>
      <trkpt lat="45.197682" lon="8.095246"><ele>156.4</ele></trkpt>
      <trkpt lat="45.197315" lon="8.096199"><ele>156.1</ele></trkpt>
      <trkpt lat="45.197110" lon="8.096845"><ele>156.0</ele></trkpt>
      <trkpt lat="45.197022" lon="8.097524"><ele>156.0</ele></trkpt>
      <trkpt lat="45.196958" lon="8.098126"><ele>156.0</ele></trkpt>
      <trkpt lat="45.196894" lon="8.098118"><ele>156.0</ele></trkpt>
      <trkpt lat="45.196811" lon="8.098436"><ele>156.0</ele></trkpt>
      <trkpt lat="45.196654" lon="8.098555"><ele>156.0</ele></trkpt>
      <trkpt lat="45.196550" lon="8.098566"><ele>156.0</ele></trkpt>
      <trkpt lat="45.196363" lon="8.098460"><ele>155.9</ele></trkpt>
      <trkpt lat="45.196478" lon="8.098841"><ele>155.8</ele></trkpt>
      <trkpt lat="45.196448" lon="8.098909"><ele>155.8</ele></trkpt>
      <trkpt lat="45.196456" lon="8.099066"><ele>155.8</ele></trkpt>
      <trkpt lat="45.196404" lon="8.099225"><ele>155.7</ele></trkpt>
      <trkpt lat="45.196262" lon="8.099491"><ele>155.6</ele></trkpt>
      <trkpt lat="45.196036" lon="8.099717"><ele>155.5</ele></trkpt>
      <trkpt lat="45.195423" lon="8.100394"><ele>155.2</ele></trkpt>
      <trkpt lat="45.195351" lon="8.100510"><ele>155.2</ele></trkpt>
      <trkpt lat="45.195298" lon="8.100664"><ele>155.2</ele></trkpt>
      <trkpt lat="45.195227" lon="8.101101"><ele>155.0</ele></trkpt>
      <trkpt lat="45.195209" lon="8.101238"><ele>155.0</ele></trkpt>
      <trkpt lat="45.195039" lon="8.102532"><ele>154.6</ele></trkpt>
      <trkpt lat="45.194971" lon="8.102802"><ele>154.6</ele></trkpt>
      <trkpt lat="45.194742" lon="8.103444"><ele>154.8</ele></trkpt>
      <trkpt lat="45.194704" lon="8.103551"><ele>154.8</ele></trkpt>
      <trkpt lat="45.194354" lon="8.103451"><ele>155.0</ele></trkpt>
      <trkpt lat="45.194198" lon="8.103404"><ele>155.1</ele></trkpt>
      <trkpt lat="45.193377" lon="8.103160"><ele>155.5</ele></trkpt>
      <trkpt lat="45.193150" lon="8.103107"><ele>155.7</ele></trkpt>
      <trkpt lat="45.193076" lon="8.103090"><ele>155.8</ele></trkpt>
      <trkpt lat="45.192666" lon="8.102947"><ele>156.1</ele></trkpt>
      <trkpt lat="45.192430" lon="8.102883"><ele>156.3</ele></trkpt>
      <trkpt lat="45.191938" lon="8.102748"><ele>156.8</ele></trkpt>
      <trkpt lat="45.190692" lon="8.102396"><ele>155.2</ele></trkpt>
      <trkpt lat="45.190585" lon="8.102349"><ele>155.0</ele></trkpt>
      <trkpt lat="45.190535" lon="8.102325"><ele>155.0</ele></trkpt>
      <trkpt lat="45.190500" lon="8.102295"><ele>154.9</ele></trkpt>
      <trkpt lat="45.190407" lon="8.102208"><ele>154.8</ele></trkpt>
      <trkpt lat="45.190399" lon="8.102190"><ele>154.7</ele></trkpt>
      <trkpt lat="45.190335" lon="8.102159"><ele>154.6</ele></trkpt>
      <trkpt lat="45.190313" lon="8.102174"><ele>154.6</ele></trkpt>
      <trkpt lat="45.190159" lon="8.102202"><ele>154.4</ele></trkpt>
      <trkpt lat="45.190071" lon="8.102215"><ele>154.3</ele></trkpt>
      <trkpt lat="45.190061" lon="8.102213"><ele>154.3</ele></trkpt>
      <trkpt lat="45.190075" lon="8.102114"><ele>154.3</ele></trkpt>
      <trkpt lat="45.189704" lon="8.102030"><ele>153.9</ele></trkpt>
      <trkpt lat="45.189085" lon="8.101852"><ele>153.4</ele></trkpt>
      <trkpt lat="45.187955" lon="8.101587"><ele>152.6</ele></trkpt>
      <trkpt lat="45.186115" lon="8.101164"><ele>151.2</ele></trkpt>
      <trkpt lat="45.185840" lon="8.101064"><ele>151.0</ele></trkpt>
      <trkpt lat="45.185790" lon="8.101055"><ele>150.9</ele></trkpt>
      <trkpt lat="45.185764" lon="8.101112"><ele>150.9</ele></trkpt>
      <trkpt lat="45.185541" lon="8.100903"><ele>150.6</ele></trkpt>
      <trkpt lat="45.185499" lon="8.100771"><ele>150.5</ele></trkpt>
      <trkpt lat="45.185436" lon="8.100729"><ele>150.5</ele></trkpt>
      <trkpt lat="45.185338" lon="8.100765"><ele>150.4</ele></trkpt>
      <trkpt lat="45.185291" lon="8.100893"><ele>150.3</ele></trkpt>
      <trkpt lat="45.185134" lon="8.101019"><ele>150.1</ele></trkpt>
      <trkpt lat="45.184978" lon="8.100988"><ele>150.1</ele></trkpt>
      <trkpt lat="45.184187" lon="8.100819"><ele>149.8</ele></trkpt>
      <trkpt lat="45.181341" lon="8.100146"><ele>149.4</ele></trkpt>
      <trkpt lat="45.179577" lon="8.099696"><ele>148.9</ele></trkpt>
      <trkpt lat="45.175740" lon="8.098853"><ele>153.6</ele></trkpt>
      <trkpt lat="45.175613" lon="8.098824"><ele>153.6</ele></trkpt>
      <trkpt lat="45.175565" lon="8.098813"><ele>153.6</ele></trkpt>
      <trkpt lat="45.175679" lon="8.098545"><ele>153.6</ele></trkpt>
      <trkpt lat="45.175636" lon="8.098397"><ele>153.6</ele></trkpt>
      <trkpt lat="45.175529" lon="8.098301"><ele>153.6</ele></trkpt>
      <trkpt lat="45.175230" lon="8.098139"><ele>153.7</ele></trkpt>
      <trkpt lat="45.174931" lon="8.097915"><ele>153.7</ele></trkpt>
      <trkpt lat="45.174251" lon="8.097254"><ele>153.5</ele></trkpt>
      <trkpt lat="45.173716" lon="8.096613"><ele>153.3</ele></trkpt>
      <trkpt lat="45.173203" lon="8.095937"><ele>152.6</ele></trkpt>
      <trkpt lat="45.173983" lon="8.095502"><ele>151.6</ele></trkpt>
      <trkpt lat="45.174043" lon="8.095372"><ele>151.5</ele></trkpt>
      <trkpt lat="45.174048" lon="8.095284"><ele>151.4</ele></trkpt>
      <trkpt lat="45.173996" lon="8.095107"><ele>151.3</ele></trkpt>
      <trkpt lat="45.173774" lon="8.094802"><ele>151.0</ele></trkpt>
      <trkpt lat="45.173548" lon="8.094561"><ele>150.9</ele></trkpt>
      <trkpt lat="45.173480" lon="8.094445"><ele>150.9</ele></trkpt>
      <trkpt lat="45.173374" lon="8.094119"><ele>150.8</ele></trkpt>
      <trkpt lat="45.173182" lon="8.093678"><ele>150.7</ele></trkpt>
      <trkpt lat="45.173145" lon="8.093512"><ele>150.7</ele></trkpt>
      <trkpt lat="45.173143" lon="8.092310"><ele>150.6</ele></trkpt>
      <trkpt lat="45.173082" lon="8.092026"><ele>150.6</ele></trkpt>
      <trkpt lat="45.172956" lon="8.091683"><ele>150.6</ele></trkpt>
      <trkpt lat="45.172451" lon="8.090602"><ele>150.7</ele></trkpt>
      <trkpt lat="45.172175" lon="8.090355"><ele>150.7</ele></trkpt>
      <trkpt lat="45.172160" lon="8.090127"><ele>150.8</ele></trkpt>
      <trkpt lat="45.172055" lon="8.089960"><ele>150.8</ele></trkpt>
      <trkpt lat="45.171952" lon="8.089848"><ele>150.9</ele></trkpt>
      <trkpt lat="45.171698" lon="8.089698"><ele>150.9</ele></trkpt>
      <trkpt lat="45.171299" lon="8.089251"><ele>151.1</ele></trkpt>
      <trkpt lat="45.171029" lon="8.088485"><ele>151.2</ele></trkpt>
      <trkpt lat="45.170993" lon="8.088190"><ele>151.3</ele></trkpt>
      <trkpt lat="45.170816" lon="8.087579"><ele>151.4</ele></trkpt>
      <trkpt lat="45.170536" lon="8.086946"><ele>151.6</ele></trkpt>
      <trkpt lat="45.170487" lon="8.086758"><ele>151.6</ele></trkpt>
      <trkpt lat="45.168703" lon="8.085015"><ele>151.7</ele></trkpt>
      <trkpt lat="45.168608" lon="8.084961"><ele>151.7</ele></trkpt>
      <trkpt lat="45.168644" lon="8.084910"><ele>151.7</ele></trkpt>
      <trkpt lat="45.168680" lon="8.084725"><ele>151.7</ele></trkpt>
      <trkpt lat="45.169041" lon="8.081524"><ele>151.9</ele></trkpt>
      <trkpt lat="45.167952" lon="8.080377"><ele>152.4</ele></trkpt>
      <trkpt lat="45.167732" lon="8.080101"><ele>152.5</ele></trkpt>
      <trkpt lat="45.167597" lon="8.079820"><ele>152.6</ele></trkpt>
      <trkpt lat="45.167536" lon="8.079554"><ele>152.7</ele></trkpt>
      <trkpt lat="45.167479" lon="8.079094"><ele>152.8</ele></trkpt>
      <trkpt lat="45.167527" lon="8.077889"><ele>152.9</ele></trkpt>
      <trkpt lat="45.167568" lon="8.077542"><ele>153.0</ele></trkpt>
      <trkpt lat="45.167563" lon="8.077341"><ele>153.0</ele></trkpt>
      <trkpt lat="45.167499" lon="8.077114"><ele>153.0</ele></trkpt>
      <trkpt lat="45.167260" lon="8.076972"><ele>153.0</ele></trkpt>
      <trkpt lat="45.166816" lon="8.076835"><ele>153.1</ele></trkpt>
      <trkpt lat="45.165779" lon="8.076738"><ele>154.0</ele></trkpt>
      <trkpt lat="45.164907" lon="8.076537"><ele>155.0</ele></trkpt>
      <trkpt lat="45.164719" lon="8.076366"><ele>155.5</ele></trkpt>
      <trkpt lat="45.164287" lon="8.076058"><ele>156.4</ele></trkpt>
      <trkpt lat="45.163365" lon="8.075449"><ele>158.3</ele></trkpt>
      <trkpt lat="45.163218" lon="8.075400"><ele>158.5</ele></trkpt>
      <trkpt lat="45.163070" lon="8.075381"><ele>158.7</ele></trkpt>
      <trkpt lat="45.161944" lon="8.075650"><ele>160.4</ele></trkpt>
      <trkpt lat="45.161860" lon="8.075607"><ele>160.5</ele></trkpt>
      <trkpt lat="45.161801" lon="8.075522"><ele>160.6</ele></trkpt>
      <trkpt lat="45.161592" lon="8.075072"><ele>161.2</ele></trkpt>
      <trkpt lat="45.161525" lon="8.075010"><ele>161.4</ele></trkpt>
      <trkpt lat="45.161584" lon="8.074961"><ele>161.5</ele></trkpt>
      <trkpt lat="45.161569" lon="8.074768"><ele>161.7</ele></trkpt>
      <trkpt lat="45.161312" lon="8.073363"><ele>163.3</ele></trkpt>
      <trkpt lat="45.161138" lon="8.072655"><ele>163.8</ele></trkpt>
      <trkpt lat="45.161025" lon="8.071829"><ele>164.2</ele></trkpt>
      <trkpt lat="45.160980" lon="8.071293"><ele>164.4</ele></trkpt>
      <trkpt lat="45.160677" lon="8.069483"><ele>164.5</ele></trkpt>
      <trkpt lat="45.160654" lon="8.069431"><ele>164.4</ele></trkpt>
      <trkpt lat="45.160526" lon="8.069544"><ele>164.4</ele></trkpt>
      <trkpt lat="45.159844" lon="8.069597"><ele>164.3</ele></trkpt>
      <trkpt lat="45.158876" lon="8.069479"><ele>165.4</ele></trkpt>
      <trkpt lat="45.158157" lon="8.069286"><ele>166.4</ele></trkpt>
      <trkpt lat="45.157552" lon="8.069211"><ele>168.1</ele></trkpt>
      <trkpt lat="45.156766" lon="8.069254"><ele>170.8</ele></trkpt>
      <trkpt lat="45.156470" lon="8.069178"><ele>171.8</ele></trkpt>
      <trkpt lat="45.155382" lon="8.068793"><ele>176.7</ele></trkpt>
      <trkpt lat="45.155147" lon="8.068747"><ele>177.8</ele></trkpt>
      <trkpt lat="45.155138" lon="8.068825"><ele>178.1</ele></trkpt>
      <trkpt lat="45.154727" lon="8.069111"><ele>180.2</ele></trkpt>
      <trkpt lat="45.154691" lon="8.069136"><ele>180.4</ele></trkpt>
      <trkpt lat="45.154568" lon="8.069185"><ele>181.0</ele></trkpt>
      <trkpt lat="45.154387" lon="8.069192"><ele>182.1</ele></trkpt>
      <trkpt lat="45.154038" lon="8.069152"><ele>184.3</ele></trkpt>
      <trkpt lat="45.153403" lon="8.069182"><ele>188.4</ele></trkpt>
      <trkpt lat="45.152939" lon="8.069123"><ele>191.3</ele></trkpt>
      <trkpt lat="45.152710" lon="8.068948"><ele>193.1</ele></trkpt>
      <trkpt lat="45.152259" lon="8.068803"><ele>197.5</ele></trkpt>
      <trkpt lat="45.151962" lon="8.068609"><ele>200.7</ele></trkpt>
      <trkpt lat="45.151838" lon="8.068486"><ele>202.1</ele></trkpt>
      <trkpt lat="45.151674" lon="8.068213"><ele>204.6</ele></trkpt>
      <trkpt lat="45.151513" lon="8.067853"><ele>207.4</ele></trkpt>
      <trkpt lat="45.150953" lon="8.066468"><ele>222.4</ele></trkpt>
      <trkpt lat="45.150504" lon="8.065671"><ele>232.8</ele></trkpt>
      <trkpt lat="45.149977" lon="8.065153"><ele>239.5</ele></trkpt>
      <trkpt lat="45.149577" lon="8.064878"><ele>243.2</ele></trkpt>
      <trkpt lat="45.149288" lon="8.064617"><ele>246.1</ele></trkpt>
      <trkpt lat="45.149164" lon="8.064549"><ele>247.3</ele></trkpt>
      <trkpt lat="45.148963" lon="8.064680"><ele>249.1</ele></trkpt>
      <trkpt lat="45.148915" lon="8.064739"><ele>249.7</ele></trkpt>
      <trkpt lat="45.148485" lon="8.064768"><ele>251.8</ele></trkpt>
      <trkpt lat="45.148044" lon="8.064529"><ele>253.1</ele></trkpt>
      <trkpt lat="45.147800" lon="8.064436"><ele>253.8</ele></trkpt>
      <trkpt lat="45.147624" lon="8.064407"><ele>254.3</ele></trkpt>
      <trkpt lat="45.147115" lon="8.064461"><ele>255.7</ele></trkpt>
      <trkpt lat="45.146382" lon="8.064666"><ele>258.6</ele></trkpt>
      <trkpt lat="45.146185" lon="8.064681"><ele>259.4</ele></trkpt>
      <trkpt lat="45.145584" lon="8.064634"><ele>262.0</ele></trkpt>
      <trkpt lat="45.144235" lon="8.064675"><ele>267.0</ele></trkpt>
      <trkpt lat="45.144019" lon="8.064710"><ele>267.7</ele></trkpt>
      <trkpt lat="45.143678" lon="8.065015"><ele>269.2</ele></trkpt>
      <trkpt lat="45.143361" lon="8.065354"><ele>271.2</ele></trkpt>
      <trkpt lat="45.142890" lon="8.066173"><ele>276.3</ele></trkpt>
      <trkpt lat="45.142597" lon="8.066466"><ele>278.8</ele></trkpt>
      <trkpt lat="45.142112" lon="8.066749"><ele>282.5</ele></trkpt>
      <trkpt lat="45.141730" lon="8.066797"><ele>286.4</ele></trkpt>
      <trkpt lat="45.141582" lon="8.066905"><ele>288.2</ele></trkpt>
      <trkpt lat="45.141486" lon="8.067051"><ele>289.6</ele></trkpt>
      <trkpt lat="45.141376" lon="8.067305"><ele>291.8</ele></trkpt>
      <trkpt lat="45.141211" lon="8.068100"><ele>297.9</ele></trkpt>
      <trkpt lat="45.141094" lon="8.068851"><ele>302.1</ele></trkpt>
      <trkpt lat="45.140987" lon="8.069042"><ele>302.9</ele></trkpt>
      <trkpt lat="45.140522" lon="8.069583"><ele>305.8</ele></trkpt>
      <trkpt lat="45.140158" lon="8.070237"><ele>308.7</ele></trkpt>
      <trkpt lat="45.140137" lon="8.070354"><ele>309.1</ele></trkpt>
      <trkpt lat="45.140195" lon="8.070825"><ele>308.8</ele></trkpt>
      <trkpt lat="45.139855" lon="8.070918"><ele>307.7</ele></trkpt>
      <trkpt lat="45.139620" lon="8.070888"><ele>306.9</ele></trkpt>
      <trkpt lat="45.139594" lon="8.070900"><ele>306.8</ele></trkpt>
      <trkpt lat="45.139421" lon="8.071311"><ele>305.8</ele></trkpt>
      <trkpt lat="45.139285" lon="8.071550"><ele>305.1</ele></trkpt>
      <trkpt lat="45.139194" lon="8.071712"><ele>304.6</ele></trkpt>
      <trkpt lat="45.139082" lon="8.072016"><ele>303.8</ele></trkpt>
      <trkpt lat="45.138921" lon="8.072968"><ele>302.6</ele></trkpt>
      <trkpt lat="45.138888" lon="8.073067"><ele>302.5</ele></trkpt>
      <trkpt lat="45.138732" lon="8.073278"><ele>302.1</ele></trkpt>
      <trkpt lat="45.138400" lon="8.073645"><ele>301.4</ele></trkpt>
      <trkpt lat="45.138045" lon="8.073946"><ele>300.7</ele></trkpt>
      <trkpt lat="45.137721" lon="8.074110"><ele>300.5</ele></trkpt>
      <trkpt lat="45.136640" lon="8.074927"><ele>299.8</ele></trkpt>
      <trkpt lat="45.135887" lon="8.075289"><ele>302.0</ele></trkpt>
      <trkpt lat="45.135610" lon="8.075343"><ele>303.1</ele></trkpt>
      <trkpt lat="45.135132" lon="8.075980"><ele>305.8</ele></trkpt>
      <trkpt lat="45.134726" lon="8.076373"><ele>308.7</ele></trkpt>
      <trkpt lat="45.133830" lon="8.076220"><ele>316.1</ele></trkpt>
      <trkpt lat="45.133052" lon="8.076086"><ele>322.5</ele></trkpt>
      <trkpt lat="45.132795" lon="8.076016"><ele>324.3</ele></trkpt>
      <trkpt lat="45.131787" lon="8.076263"><ele>331.1</ele></trkpt>
      <trkpt lat="45.131650" lon="8.076343"><ele>332.1</ele></trkpt>
      <trkpt lat="45.131548" lon="8.076400"><ele>332.9</ele></trkpt>
      <trkpt lat="45.131254" lon="8.076393"><ele>334.0</ele></trkpt>
      <trkpt lat="45.130726" lon="8.076567"><ele>334.1</ele></trkpt>
      <trkpt lat="45.130235" lon="8.076514"><ele>334.2</ele></trkpt>
      <trkpt lat="45.129300" lon="8.076737"><ele>333.1</ele></trkpt>
      <trkpt lat="45.129009" lon="8.076853"><ele>331.9</ele></trkpt>
      <trkpt lat="45.128983" lon="8.076878"><ele>331.7</ele></trkpt>
      <trkpt lat="45.128129" lon="8.077847"><ele>327.4</ele></trkpt>
      <trkpt lat="45.127805" lon="8.078164"><ele>326.1</ele></trkpt>
      <trkpt lat="45.127528" lon="8.078582"><ele>324.8</ele></trkpt>
      <trkpt lat="45.127128" lon="8.079014"><ele>323.1</ele></trkpt>
      <trkpt lat="45.126334" lon="8.079119"><ele>321.1</ele></trkpt>
      <trkpt lat="45.126090" lon="8.079085"><ele>320.9</ele></trkpt>
      <trkpt lat="45.125079" lon="8.079505"><ele>319.9</ele></trkpt>
      <trkpt lat="45.124701" lon="8.079731"><ele>320.5</ele></trkpt>
      <trkpt lat="45.124387" lon="8.079870"><ele>322.3</ele></trkpt>
      <trkpt lat="45.124205" lon="8.079822"><ele>323.3</ele></trkpt>
      <trkpt lat="45.123969" lon="8.079857"><ele>324.6</ele></trkpt>
      <trkpt lat="45.123754" lon="8.078908"><ele>328.5</ele></trkpt>
      <trkpt lat="45.123411" lon="8.078786"><ele>330.7</ele></trkpt>
      <trkpt lat="45.123236" lon="8.078831"><ele>332.0</ele></trkpt>
      <trkpt lat="45.122819" lon="8.079102"><ele>335.3</ele></trkpt>
      <trkpt lat="45.122628" lon="8.079132"><ele>336.7</ele></trkpt>
      <trkpt lat="45.120853" lon="8.077985"><ele>348.6</ele></trkpt>
      <trkpt lat="45.120683" lon="8.077888"><ele>349.5</ele></trkpt>
      <trkpt lat="45.120424" lon="8.077817"><ele>350.9</ele></trkpt>
      <trkpt lat="45.120103" lon="8.077791"><ele>352.4</ele></trkpt>
      <trkpt lat="45.119734" lon="8.077715"><ele>353.6</ele></trkpt>
      <trkpt lat="45.118997" lon="8.077319"><ele>356.3</ele></trkpt>
      <trkpt lat="45.118488" lon="8.077239"><ele>358.0</ele></trkpt>
      <trkpt lat="45.118092" lon="8.077142"><ele>358.6</ele></trkpt>
      <trkpt lat="45.117742" lon="8.077404"><ele>359.1</ele></trkpt>
      <trkpt lat="45.117691" lon="8.077423"><ele>359.2</ele></trkpt>
      <trkpt lat="45.117090" lon="8.077274"><ele>360.1</ele></trkpt>
      <trkpt lat="45.116310" lon="8.077177"><ele>359.9</ele></trkpt>
      <trkpt lat="45.116104" lon="8.077113"><ele>359.5</ele></trkpt>
      <trkpt lat="45.115654" lon="8.076894"><ele>358.7</ele></trkpt>
      <trkpt lat="45.115497" lon="8.076860"><ele>358.4</ele></trkpt>
      <trkpt lat="45.114955" lon="8.076843"><ele>357.6</ele></trkpt>
      <trkpt lat="45.114760" lon="8.076708"><ele>357.9</ele></trkpt>
      <trkpt lat="45.114620" lon="8.076692"><ele>358.1</ele></trkpt>
      <trkpt lat="45.114505" lon="8.076719"><ele>358.3</ele></trkpt>
      <trkpt lat="45.114412" lon="8.076831"><ele>358.4</ele></trkpt>
      <trkpt lat="45.114200" lon="8.077266"><ele>359.0</ele></trkpt>
      <trkpt lat="45.113926" lon="8.077504"><ele>359.4</ele></trkpt>
      <trkpt lat="45.112750" lon="8.077587"><ele>357.8</ele></trkpt>
      <trkpt lat="45.112582" lon="8.077632"><ele>357.3</ele></trkpt>
      <trkpt lat="45.112340" lon="8.078080"><ele>356.0</ele></trkpt>
      <trkpt lat="45.112163" lon="8.078611"><ele>354.7</ele></trkpt>
      <trkpt lat="45.111756" lon="8.078772"><ele>352.3</ele></trkpt>
      <trkpt lat="45.111549" lon="8.078729"><ele>350.8</ele></trkpt>
      <trkpt lat="45.111179" lon="8.078382"><ele>347.9</ele></trkpt>
      <trkpt lat="45.111022" lon="8.078353"><ele>346.8</ele></trkpt>
      <trkpt lat="45.110886" lon="8.078372"><ele>345.9</ele></trkpt>
      <trkpt lat="45.110372" lon="8.078741"><ele>342.0</ele></trkpt>
      <trkpt lat="45.110285" lon="8.078760"><ele>341.4</ele></trkpt>
      <trkpt lat="45.110283" lon="8.078811"><ele>341.1</ele></trkpt>
      <trkpt lat="45.108999" lon="8.079907"><ele>330.6</ele></trkpt>
      <trkpt lat="45.108798" lon="8.080116"><ele>328.9</ele></trkpt>
      <trkpt lat="45.108587" lon="8.080449"><ele>326.8</ele></trkpt>
      <trkpt lat="45.107822" lon="8.081114"><ele>320.7</ele></trkpt>
      <trkpt lat="45.107192" lon="8.081565"><ele>316.7</ele></trkpt>
      <trkpt lat="45.106758" lon="8.081892"><ele>315.1</ele></trkpt>
      <trkpt lat="45.106258" lon="8.082323"><ele>313.1</ele></trkpt>
      <trkpt lat="45.106100" lon="8.082348"><ele>312.6</ele></trkpt>
      <trkpt lat="45.105636" lon="8.082296"><ele>311.1</ele></trkpt>
      <trkpt lat="45.105480" lon="8.082241"><ele>310.7</ele></trkpt>
      <trkpt lat="45.105247" lon="8.082123"><ele>310.0</ele></trkpt>
      <trkpt lat="45.104836" lon="8.081796"><ele>308.6</ele></trkpt>
      <trkpt lat="45.104659" lon="8.081690"><ele>308.0</ele></trkpt>
      <trkpt lat="45.104627" lon="8.081644"><ele>307.9</ele></trkpt>
      <trkpt lat="45.104588" lon="8.081222"><ele>307.0</ele></trkpt>
      <trkpt lat="45.104442" lon="8.080750"><ele>305.5</ele></trkpt>
      <trkpt lat="45.104482" lon="8.080238"><ele>302.8</ele></trkpt>
      <trkpt lat="45.104454" lon="8.079951"><ele>301.3</ele></trkpt>
      <trkpt lat="45.104387" lon="8.079715"><ele>300.0</ele></trkpt>
      <trkpt lat="45.104304" lon="8.079532"><ele>298.9</ele></trkpt>
      <trkpt lat="45.104166" lon="8.079498"><ele>297.9</ele></trkpt>
      <trkpt lat="45.104007" lon="8.079607"><ele>296.6</ele></trkpt>
      <trkpt lat="45.103800" lon="8.079809"><ele>294.8</ele></trkpt>
      <trkpt lat="45.103693" lon="8.079841"><ele>294.0</ele></trkpt>
      <trkpt lat="45.103579" lon="8.079814"><ele>293.1</ele></trkpt>
      <trkpt lat="45.103185" lon="8.079385"><ele>289.0</ele></trkpt>
      <trkpt lat="45.102882" lon="8.078867"><ele>285.1</ele></trkpt>
      <trkpt lat="45.102668" lon="8.078615"><ele>282.8</ele></trkpt>
      <trkpt lat="45.102545" lon="8.078546"><ele>281.7</ele></trkpt>
      <trkpt lat="45.102312" lon="8.078505"><ele>279.8</ele></trkpt>
      <trkpt lat="45.102112" lon="8.078376"><ele>278.0</ele></trkpt>
      <trkpt lat="45.102049" lon="8.078307"><ele>277.5</ele></trkpt>
      <trkpt lat="45.101932" lon="8.078162"><ele>276.5</ele></trkpt>
      <trkpt lat="45.101860" lon="8.077996"><ele>275.6</ele></trkpt>
      <trkpt lat="45.101571" lon="8.077499"><ele>272.6</ele></trkpt>
      <trkpt lat="45.100879" lon="8.078769"><ele>265.9</ele></trkpt>
      <trkpt lat="45.100835" lon="8.078724"><ele>265.8</ele></trkpt>
      <trkpt lat="45.100716" lon="8.078895"><ele>265.2</ele></trkpt>
      <trkpt lat="45.100602" lon="8.078976"><ele>264.8</ele></trkpt>
      <trkpt lat="45.100531" lon="8.078969"><ele>264.6</ele></trkpt>
      <trkpt lat="45.100269" lon="8.078983"><ele>263.7</ele></trkpt>
      <trkpt lat="45.100045" lon="8.078918"><ele>263.0</ele></trkpt>
      <trkpt lat="45.100000" lon="8.078940"><ele>262.9</ele></trkpt>
      <trkpt lat="45.099935" lon="8.079031"><ele>262.6</ele></trkpt>
      <trkpt lat="45.099621" lon="8.079712"><ele>260.8</ele></trkpt>
      <trkpt lat="45.099052" lon="8.080860"><ele>260.4</ele></trkpt>
      <trkpt lat="45.098972" lon="8.080737"><ele>260.3</ele></trkpt>
      <trkpt lat="45.098616" lon="8.080516"><ele>260.2</ele></trkpt>
      <trkpt lat="45.098424" lon="8.080745"><ele>260.0</ele></trkpt>
      <trkpt lat="45.098117" lon="8.080860"><ele>259.7</ele></trkpt>
      <trkpt lat="45.097966" lon="8.080965"><ele>259.6</ele></trkpt>
      <trkpt lat="45.097790" lon="8.081268"><ele>259.3</ele></trkpt>
      <trkpt lat="45.097534" lon="8.081614"><ele>258.9</ele></trkpt>
      <trkpt lat="45.097377" lon="8.081882"><ele>258.7</ele></trkpt>
      <trkpt lat="45.097314" lon="8.082094"><ele>258.5</ele></trkpt>
      <trkpt lat="45.097204" lon="8.082732"><ele>257.9</ele></trkpt>
      <trkpt lat="45.096977" lon="8.083269"><ele>257.1</ele></trkpt>
      <trkpt lat="45.096816" lon="8.083553"><ele>256.6</ele></trkpt>
      <trkpt lat="45.096710" lon="8.083652"><ele>256.4</ele></trkpt>
      <trkpt lat="45.096411" lon="8.083837"><ele>255.8</ele></trkpt>
      <trkpt lat="45.095529" lon="8.083963"><ele>254.8</ele></trkpt>
      <trkpt lat="45.094427" lon="8.084414"><ele>254.5</ele></trkpt>
      <trkpt lat="45.094057" lon="8.084661"><ele>254.4</ele></trkpt>
      <trkpt lat="45.093811" lon="8.084741"><ele>254.4</ele></trkpt>
      <trkpt lat="45.093361" lon="8.084814"><ele>254.4</ele></trkpt>
      <trkpt lat="45.093277" lon="8.084846"><ele>254.4</ele></trkpt>
      <trkpt lat="45.093200" lon="8.084926"><ele>254.4</ele></trkpt>
      <trkpt lat="45.092352" lon="8.085613"><ele>254.9</ele></trkpt>
      <trkpt lat="45.091443" lon="8.086557"><ele>257.3</ele></trkpt>
      <trkpt lat="45.091019" lon="8.086814"><ele>258.4</ele></trkpt>
      <trkpt lat="45.090171" lon="8.087587"><ele>262.9</ele></trkpt>
      <trkpt lat="45.088963" lon="8.088027"><ele>266.4</ele></trkpt>
      <trkpt lat="45.088846" lon="8.087986"><ele>266.4</ele></trkpt>
      <trkpt lat="45.088058" lon="8.087783"><ele>266.6</ele></trkpt>
      <trkpt lat="45.087542" lon="8.087482"><ele>266.9</ele></trkpt>
      <trkpt lat="45.087299" lon="8.087388"><ele>267.2</ele></trkpt>
      <trkpt lat="45.087060" lon="8.087359"><ele>267.5</ele></trkpt>
      <trkpt lat="45.086729" lon="8.087412"><ele>267.9</ele></trkpt>
      <trkpt lat="45.086305" lon="8.087412"><ele>268.5</ele></trkpt>
      <trkpt lat="45.086079" lon="8.087372"><ele>268.7</ele></trkpt>
      <trkpt lat="45.085918" lon="8.087297"><ele>269.0</ele></trkpt>
      <trkpt lat="45.085612" lon="8.087082"><ele>271.2</ele></trkpt>
      <trkpt lat="45.085506" lon="8.087083"><ele>271.9</ele></trkpt>
      <trkpt lat="45.084983" lon="8.087343"><ele>275.6</ele></trkpt>
      <trkpt lat="45.084805" lon="8.087386"><ele>276.7</ele></trkpt>
      <trkpt lat="45.084485" lon="8.087394"><ele>278.8</ele></trkpt>
      <trkpt lat="45.084311" lon="8.087362"><ele>280.0</ele></trkpt>
      <trkpt lat="45.084047" lon="8.087206"><ele>281.4</ele></trkpt>
      <trkpt lat="45.083996" lon="8.087214"><ele>281.6</ele></trkpt>
      <trkpt lat="45.083812" lon="8.087447"><ele>282.6</ele></trkpt>
      <trkpt lat="45.083174" lon="8.086630"><ele>286.0</ele></trkpt>
      <trkpt lat="45.083086" lon="8.086546"><ele>286.4</ele></trkpt>
      <trkpt lat="45.082858" lon="8.086415"><ele>287.4</ele></trkpt>
      <trkpt lat="45.082788" lon="8.086375"><ele>287.6</ele></trkpt>
      <trkpt lat="45.082518" lon="8.086222"><ele>286.1</ele></trkpt>
      <trkpt lat="45.082330" lon="8.086002"><ele>284.4</ele></trkpt>
      <trkpt lat="45.082200" lon="8.086156"><ele>283.3</ele></trkpt>
      <trkpt lat="45.081206" lon="8.086790"><ele>276.0</ele></trkpt>
      <trkpt lat="45.080985" lon="8.086890"><ele>273.8</ele></trkpt>
      <trkpt lat="45.080917" lon="8.086871"><ele>273.0</ele></trkpt>
      <trkpt lat="45.080368" lon="8.086369"><ele>266.4</ele></trkpt>
      <trkpt lat="45.080076" lon="8.086237"><ele>263.2</ele></trkpt>
      <trkpt lat="45.079941" lon="8.086230"><ele>261.8</ele></trkpt>
      <trkpt lat="45.079815" lon="8.086338"><ele>260.3</ele></trkpt>
      <trkpt lat="45.079563" lon="8.086990"><ele>254.6</ele></trkpt>
      <trkpt lat="45.079475" lon="8.087086"><ele>253.3</ele></trkpt>
      <trkpt lat="45.079124" lon="8.087125"><ele>249.2</ele></trkpt>
      <trkpt lat="45.078400" lon="8.086790"><ele>240.3</ele></trkpt>
      <trkpt lat="45.078227" lon="8.086729"><ele>238.2</ele></trkpt>
      <trkpt lat="45.077904" lon="8.086770"><ele>234.7</ele></trkpt>
      <trkpt lat="45.077041" lon="8.086514"><ele>225.8</ele></trkpt>
      <trkpt lat="45.075133" lon="8.086546"><ele>211.7</ele></trkpt>
      <trkpt lat="45.075083" lon="8.085486"><ele>208.3</ele></trkpt>
      <trkpt lat="45.075099" lon="8.085294"><ele>208.6</ele></trkpt>
      <trkpt lat="45.074966" lon="8.085363"><ele>208.8</ele></trkpt>
      <trkpt lat="45.074318" lon="8.085552"><ele>210.1</ele></trkpt>
      <trkpt lat="45.074248" lon="8.085575"><ele>210.2</ele></trkpt>
      <trkpt lat="45.073382" lon="8.085847"><ele>212.8</ele></trkpt>
      <trkpt lat="45.073219" lon="8.085862"><ele>213.8</ele></trkpt>
      <trkpt lat="45.073063" lon="8.085797"><ele>214.8</ele></trkpt>
      <trkpt lat="45.072916" lon="8.085613"><ele>216.0</ele></trkpt>
      <trkpt lat="45.072867" lon="8.085524"><ele>216.5</ele></trkpt>
      <trkpt lat="45.072749" lon="8.085204"><ele>218.1</ele></trkpt>
      <trkpt lat="45.072586" lon="8.084773"><ele>220.2</ele></trkpt>
      <trkpt lat="45.071883" lon="8.082917"><ele>229.9</ele></trkpt>
      <trkpt lat="45.071557" lon="8.082157"><ele>234.0</ele></trkpt>
      <trkpt lat="45.071416" lon="8.081685"><ele>236.2</ele></trkpt>
      <trkpt lat="45.071307" lon="8.081255"><ele>238.1</ele></trkpt>
      <trkpt lat="45.071212" lon="8.081047"><ele>239.2</ele></trkpt>
      <trkpt lat="45.071114" lon="8.081001"><ele>239.8</ele></trkpt>
      <trkpt lat="45.071031" lon="8.081003"><ele>240.3</ele></trkpt>
      <trkpt lat="45.070921" lon="8.081064"><ele>241.0</ele></trkpt>
      <trkpt lat="45.070867" lon="8.081185"><ele>241.6</ele></trkpt>
      <trkpt lat="45.070851" lon="8.081317"><ele>242.1</ele></trkpt>
      <trkpt lat="45.070918" lon="8.082291"><ele>246.1</ele></trkpt>
      <trkpt lat="45.070841" lon="8.082242"><ele>246.6</ele></trkpt>
      <trkpt lat="45.070788" lon="8.082159"><ele>247.1</ele></trkpt>
      <trkpt lat="45.070741" lon="8.081654"><ele>249.1</ele></trkpt>
      <trkpt lat="45.070575" lon="8.080838"><ele>252.4</ele></trkpt>
      <trkpt lat="45.070421" lon="8.078591"><ele>261.2</ele></trkpt>
      <trkpt lat="45.070234" lon="8.077543"><ele>265.2</ele></trkpt>
      <trkpt lat="45.070142" lon="8.076773"><ele>265.6</ele></trkpt>
      <trkpt lat="45.070089" lon="8.076456"><ele>265.8</ele></trkpt>
      <trkpt lat="45.069790" lon="8.075426"><ele>266.4</ele></trkpt>
      <trkpt lat="45.069591" lon="8.074113"><ele>266.8</ele></trkpt>
      <trkpt lat="45.069507" lon="8.072706"><ele>267.0</ele></trkpt>
      <trkpt lat="45.069367" lon="8.071805"><ele>269.7</ele></trkpt>
      <trkpt lat="45.069127" lon="8.070492"><ele>273.7</ele></trkpt>
      <trkpt lat="45.069019" lon="8.070095"><ele>275.1</ele></trkpt>
      <trkpt lat="45.068832" lon="8.069550"><ele>277.8</ele></trkpt>
      <trkpt lat="45.068434" lon="8.068606"><ele>282.6</ele></trkpt>
      <trkpt lat="45.068295" lon="8.068329"><ele>284.1</ele></trkpt>
      <trkpt lat="45.068169" lon="8.068175"><ele>285.2</ele></trkpt>
      <trkpt lat="45.068007" lon="8.068045"><ele>285.9</ele></trkpt>
      <trkpt lat="45.067438" lon="8.067737"><ele>286.5</ele></trkpt>
      <trkpt lat="45.067312" lon="8.067583"><ele>286.7</ele></trkpt>
      <trkpt lat="45.067171" lon="8.067254"><ele>287.0</ele></trkpt>
      <trkpt lat="45.067211" lon="8.067220"><ele>287.1</ele></trkpt>
      <trkpt lat="45.067235" lon="8.067199"><ele>287.1</ele></trkpt>
      <trkpt lat="45.067249" lon="8.067181"><ele>287.1</ele></trkpt>
      <trkpt lat="45.067626" lon="8.065746"><ele>284.2</ele></trkpt>
      <trkpt lat="45.067774" lon="8.064740"><ele>279.0</ele></trkpt>
      <trkpt lat="45.067806" lon="8.064166"><ele>276.2</ele></trkpt>
      <trkpt lat="45.067810" lon="8.063721"><ele>273.8</ele></trkpt>
      <trkpt lat="45.067766" lon="8.063225"><ele>271.0</ele></trkpt>
      <trkpt lat="45.067365" lon="8.060160"><ele>255.5</ele></trkpt>
      <trkpt lat="45.067020" lon="8.060526"><ele>253.0</ele></trkpt>
      <trkpt lat="45.066943" lon="8.060553"><ele>252.5</ele></trkpt>
      <trkpt lat="45.066771" lon="8.060513"><ele>251.5</ele></trkpt>
      <trkpt lat="45.066692" lon="8.060565"><ele>251.0</ele></trkpt>
      <trkpt lat="45.066602" lon="8.060683"><ele>250.3</ele></trkpt>
      <trkpt lat="45.066033" lon="8.061729"><ele>248.1</ele></trkpt>
      <trkpt lat="45.065655" lon="8.062953"><ele>246.0</ele></trkpt>
      <trkpt lat="45.065314" lon="8.063460"><ele>245.1</ele></trkpt>
      <trkpt lat="45.064898" lon="8.063933"><ele>244.1</ele></trkpt>
      <trkpt lat="45.064633" lon="8.064183"><ele>243.6</ele></trkpt>
      <trkpt lat="45.064077" lon="8.064625"><ele>242.5</ele></trkpt>
      <trkpt lat="45.063532" lon="8.065275"><ele>241.6</ele></trkpt>
      <trkpt lat="45.063245" lon="8.065782"><ele>241.0</ele></trkpt>
      <trkpt lat="45.063060" lon="8.066256"><ele>240.5</ele></trkpt>
      <trkpt lat="45.062987" lon="8.066506"><ele>240.2</ele></trkpt>
      <trkpt lat="45.062877" lon="8.066764"><ele>239.9</ele></trkpt>
      <trkpt lat="45.062809" lon="8.066856"><ele>239.8</ele></trkpt>
      <trkpt lat="45.062283" lon="8.067285"><ele>238.9</ele></trkpt>
      <trkpt lat="45.062033" lon="8.067452"><ele>238.5</ele></trkpt>
      <trkpt lat="45.061922" lon="8.067483"><ele>238.3</ele></trkpt>
      <trkpt lat="45.060733" lon="8.067536"><ele>236.8</ele></trkpt>
      <trkpt lat="45.060629" lon="8.067552"><ele>236.6</ele></trkpt>
      <trkpt lat="45.060142" lon="8.067827"><ele>236.0</ele></trkpt>
      <trkpt lat="45.059510" lon="8.068031"><ele>235.3</ele></trkpt>
      <trkpt lat="45.058470" lon="8.068682"><ele>234.4</ele></trkpt>
      <trkpt lat="45.057844" lon="8.068967"><ele>233.7</ele></trkpt>
      <trkpt lat="45.057667" lon="8.069117"><ele>233.5</ele></trkpt>
      <trkpt lat="45.057513" lon="8.069331"><ele>233.3</ele></trkpt>
      <trkpt lat="45.057447" lon="8.069475"><ele>233.1</ele></trkpt>
      <trkpt lat="45.057030" lon="8.069465"><ele>232.7</ele></trkpt>
      <trkpt lat="45.056640" lon="8.069356"><ele>232.3</ele></trkpt>
      <trkpt lat="45.056467" lon="8.069337"><ele>232.1</ele></trkpt>
      <trkpt lat="45.056251" lon="8.069345"><ele>231.8</ele></trkpt>
      <trkpt lat="45.055723" lon="8.069451"><ele>231.2</ele></trkpt>
      <trkpt lat="45.055276" lon="8.069431"><ele>230.7</ele></trkpt>
      <trkpt lat="45.055139" lon="8.069382"><ele>230.5</ele></trkpt>
      <trkpt lat="45.054773" lon="8.069050"><ele>230.0</ele></trkpt>
      <trkpt lat="45.054451" lon="8.068878"><ele>229.6</ele></trkpt>
      <trkpt lat="45.053716" lon="8.068696"><ele>228.6</ele></trkpt>
      <trkpt lat="45.053344" lon="8.068524"><ele>228.1</ele></trkpt>
      <trkpt lat="45.053128" lon="8.068326"><ele>227.7</ele></trkpt>
      <trkpt lat="45.052264" lon="8.067784"><ele>226.2</ele></trkpt>
      <trkpt lat="45.051942" lon="8.067473"><ele>225.5</ele></trkpt>
      <trkpt lat="45.051680" lon="8.067334"><ele>225.1</ele></trkpt>
      <trkpt lat="45.051499" lon="8.067307"><ele>224.8</ele></trkpt>
      <trkpt lat="45.051267" lon="8.067352"><ele>224.6</ele></trkpt>
      <trkpt lat="45.050915" lon="8.067269"><ele>224.2</ele></trkpt>
      <trkpt lat="45.049463" lon="8.067052"><ele>222.9</ele></trkpt>
      <trkpt lat="45.049094" lon="8.066987"><ele>222.7</ele></trkpt>
      <trkpt lat="45.048815" lon="8.067057"><ele>222.5</ele></trkpt>
      <trkpt lat="45.048635" lon="8.067028"><ele>222.4</ele></trkpt>
      <trkpt lat="45.048448" lon="8.066934"><ele>222.3</ele></trkpt>
      <trkpt lat="45.048151" lon="8.066688"><ele>222.1</ele></trkpt>
      <trkpt lat="45.046420" lon="8.065537"><ele>221.1</ele></trkpt>
      <trkpt lat="45.045658" lon="8.064815"><ele>219.8</ele></trkpt>
      <trkpt lat="45.045345" lon="8.064563"><ele>219.2</ele></trkpt>
      <trkpt lat="45.044911" lon="8.064254"><ele>218.5</ele></trkpt>
      <trkpt lat="45.044464" lon="8.063986"><ele>218.4</ele></trkpt>
      <trkpt lat="45.044258" lon="8.063911"><ele>218.3</ele></trkpt>
      <trkpt lat="45.043960" lon="8.063876"><ele>218.2</ele></trkpt>
      <trkpt lat="45.043763" lon="8.063890"><ele>218.2</ele></trkpt>
      <trkpt lat="45.043553" lon="8.063962"><ele>218.1</ele></trkpt>
      <trkpt lat="45.043369" lon="8.063946"><ele>218.1</ele></trkpt>
      <trkpt lat="45.043225" lon="8.063863"><ele>218.0</ele></trkpt>
      <trkpt lat="45.042467" lon="8.063209"><ele>216.7</ele></trkpt>
      <trkpt lat="45.042398" lon="8.063112"><ele>216.6</ele></trkpt>
      <trkpt lat="45.042218" lon="8.062632"><ele>215.9</ele></trkpt>
      <trkpt lat="45.041993" lon="8.062376"><ele>215.5</ele></trkpt>
      <trkpt lat="45.041540" lon="8.061952"><ele>214.8</ele></trkpt>
      <trkpt lat="45.041215" lon="8.062219"><ele>214.3</ele></trkpt>
      <trkpt lat="45.040836" lon="8.062413"><ele>213.9</ele></trkpt>
      <trkpt lat="45.040386" lon="8.062643"><ele>213.4</ele></trkpt>
      <trkpt lat="45.037924" lon="8.064231"><ele>212.5</ele></trkpt>
      <trkpt lat="45.035642" lon="8.065756"><ele>210.1</ele></trkpt>
      <trkpt lat="45.035522" lon="8.065869"><ele>210.0</ele></trkpt>
      <trkpt lat="45.034633" lon="8.066969"><ele>209.3</ele></trkpt>
      <trkpt lat="45.033769" lon="8.068010"><ele>208.9</ele></trkpt>
      <trkpt lat="45.033701" lon="8.068046"><ele>208.9</ele></trkpt>
      <trkpt lat="45.033550" lon="8.068058"><ele>208.9</ele></trkpt>
      <trkpt lat="45.033350" lon="8.067957"><ele>209.0</ele></trkpt>
      <trkpt lat="45.032573" lon="8.067413"><ele>209.0</ele></trkpt>
      <trkpt lat="45.031812" lon="8.067030"><ele>208.5</ele></trkpt>
      <trkpt lat="45.031527" lon="8.066949"><ele>208.3</ele></trkpt>
      <trkpt lat="45.030737" lon="8.066925"><ele>207.6</ele></trkpt>
      <trkpt lat="45.030538" lon="8.066869"><ele>207.4</ele></trkpt>
      <trkpt lat="45.029622" lon="8.066462"><ele>206.2</ele></trkpt>
      <trkpt lat="45.029082" lon="8.066337"><ele>205.4</ele></trkpt>
      <trkpt lat="45.028810" lon="8.066235"><ele>205.1</ele></trkpt>
      <trkpt lat="45.027607" lon="8.065892"><ele>205.4</ele></trkpt>
      <trkpt lat="45.027388" lon="8.065777"><ele>205.4</ele></trkpt>
      <trkpt lat="45.027333" lon="8.065845"><ele>205.4</ele></trkpt>
      <trkpt lat="45.026897" lon="8.066063"><ele>205.5</ele></trkpt>
      <trkpt lat="45.026235" lon="8.066272"><ele>205.7</ele></trkpt>
      <trkpt lat="45.025754" lon="8.066394"><ele>205.9</ele></trkpt>
      <trkpt lat="45.025608" lon="8.066353"><ele>206.0</ele></trkpt>
      <trkpt lat="45.025459" lon="8.066237"><ele>206.0</ele></trkpt>
      <trkpt lat="45.025070" lon="8.066668"><ele>205.5</ele></trkpt>
      <trkpt lat="45.024804" lon="8.066897"><ele>205.1</ele></trkpt>
      <trkpt lat="45.024482" lon="8.067123"><ele>204.7</ele></trkpt>
      <trkpt lat="45.024024" lon="8.067377"><ele>204.1</ele></trkpt>
      <trkpt lat="45.023552" lon="8.067574"><ele>203.6</ele></trkpt>
      <trkpt lat="45.022920" lon="8.067731"><ele>203.2</ele></trkpt>
      <trkpt lat="45.022334" lon="8.067766"><ele>202.8</ele></trkpt>
      <trkpt lat="45.021834" lon="8.067672"><ele>202.7</ele></trkpt>
      <trkpt lat="45.021326" lon="8.067482"><ele>202.9</ele></trkpt>
      <trkpt lat="45.020890" lon="8.067261"><ele>203.1</ele></trkpt>
      <trkpt lat="45.020440" lon="8.066957"><ele>203.2</ele></trkpt>
      <trkpt lat="45.019206" lon="8.065881"><ele>200.8</ele></trkpt>
      <trkpt lat="45.018964" lon="8.065753"><ele>200.4</ele></trkpt>
      <trkpt lat="45.018717" lon="8.065656"><ele>200.0</ele></trkpt>
      <trkpt lat="45.018397" lon="8.065613"><ele>199.8</ele></trkpt>
      <trkpt lat="45.018149" lon="8.065632"><ele>199.7</ele></trkpt>
      <trkpt lat="45.018102" lon="8.065635"><ele>199.6</ele></trkpt>
      <trkpt lat="45.017756" lon="8.065749"><ele>199.4</ele></trkpt>
      <trkpt lat="45.017361" lon="8.065982"><ele>199.2</ele></trkpt>
      <trkpt lat="45.017062" lon="8.066254"><ele>199.0</ele></trkpt>
      <trkpt lat="45.016796" lon="8.066630"><ele>198.8</ele></trkpt>
      <trkpt lat="45.016638" lon="8.066934"><ele>198.6</ele></trkpt>
      <trkpt lat="45.016498" lon="8.067287"><ele>198.5</ele></trkpt>
      <trkpt lat="45.015609" lon="8.066975"><ele>198.0</ele></trkpt>
      <trkpt lat="45.014634" lon="8.066643"><ele>197.7</ele></trkpt>
      <trkpt lat="45.014141" lon="8.066453"><ele>197.5</ele></trkpt>
      <trkpt lat="45.013510" lon="8.066071"><ele>197.2</ele></trkpt>
      <trkpt lat="45.013105" lon="8.065822"><ele>197.0</ele></trkpt>
      <trkpt lat="45.012440" lon="8.065326"><ele>196.7</ele></trkpt>
      <trkpt lat="45.012044" lon="8.065094"><ele>196.3</ele></trkpt>
      <trkpt lat="45.011988" lon="8.065094"><ele>196.3</ele></trkpt>
      <trkpt lat="45.011707" lon="8.064971"><ele>196.0</ele></trkpt>
      <trkpt lat="45.011293" lon="8.064852"><ele>195.6</ele></trkpt>
      <trkpt lat="45.010190" lon="8.064444"><ele>194.5</ele></trkpt>
      <trkpt lat="45.009725" lon="8.064313"><ele>194.1</ele></trkpt>
      <trkpt lat="45.008934" lon="8.064176"><ele>193.3</ele></trkpt>
      <trkpt lat="45.008263" lon="8.063978"><ele>193.0</ele></trkpt>
      <trkpt lat="45.008029" lon="8.063958"><ele>193.0</ele></trkpt>
      <trkpt lat="45.007842" lon="8.064010"><ele>192.9</ele></trkpt>
      <trkpt lat="45.007395" lon="8.063830"><ele>192.9</ele></trkpt>
      <trkpt lat="45.006752" lon="8.063639"><ele>192.8</ele></trkpt>
      <trkpt lat="45.006374" lon="8.063488"><ele>192.8</ele></trkpt>
      <trkpt lat="45.006114" lon="8.063447"><ele>192.7</ele></trkpt>
      <trkpt lat="45.005828" lon="8.063484"><ele>192.7</ele></trkpt>
      <trkpt lat="45.005519" lon="8.063479"><ele>192.7</ele></trkpt>
      <trkpt lat="45.005276" lon="8.063365"><ele>192.7</ele></trkpt>
      <trkpt lat="45.005166" lon="8.063349"><ele>192.6</ele></trkpt>
      <trkpt lat="45.005048" lon="8.063365"><ele>192.6</ele></trkpt>
      <trkpt lat="45.004880" lon="8.063467"><ele>192.6</ele></trkpt>
      <trkpt lat="45.004750" lon="8.063606"><ele>192.5</ele></trkpt>
      <trkpt lat="45.004617" lon="8.064027"><ele>192.4</ele></trkpt>
      <trkpt lat="45.004577" lon="8.064089"><ele>192.4</ele></trkpt>
      <trkpt lat="45.004533" lon="8.064104"><ele>192.4</ele></trkpt>
      <trkpt lat="45.004544" lon="8.064225"><ele>192.3</ele></trkpt>
      <trkpt lat="45.004369" lon="8.064219"><ele>192.3</ele></trkpt>
      <trkpt lat="45.003789" lon="8.064091"><ele>192.0</ele></trkpt>
      <trkpt lat="45.003493" lon="8.064104"><ele>191.7</ele></trkpt>
      <trkpt lat="45.003401" lon="8.064038"><ele>191.6</ele></trkpt>
      <trkpt lat="45.002961" lon="8.063588"><ele>190.9</ele></trkpt>
      <trkpt lat="45.002626" lon="8.063334"><ele>190.5</ele></trkpt>
      <trkpt lat="45.002161" lon="8.062891"><ele>189.8</ele></trkpt>
      <trkpt lat="45.001941" lon="8.062754"><ele>189.5</ele></trkpt>
      <trkpt lat="45.001647" lon="8.062639"><ele>189.2</ele></trkpt>
      <trkpt lat="45.001265" lon="8.062539"><ele>188.7</ele></trkpt>
      <trkpt lat="44.999745" lon="8.062256"><ele>187.4</ele></trkpt>
      <trkpt lat="44.999654" lon="8.062219"><ele>187.3</ele></trkpt>
      <trkpt lat="44.999574" lon="8.062139"><ele>187.3</ele></trkpt>
      <trkpt lat="44.999533" lon="8.062041"><ele>187.2</ele></trkpt>
      <trkpt lat="44.999526" lon="8.061928"><ele>187.2</ele></trkpt>
      <trkpt lat="44.998961" lon="8.062021"><ele>186.8</ele></trkpt>
      <trkpt lat="44.998746" lon="8.062108"><ele>186.8</ele></trkpt>
      <trkpt lat="44.997348" lon="8.062175"><ele>186.9</ele></trkpt>
      <trkpt lat="44.996850" lon="8.062152"><ele>187.1</ele></trkpt>
      <trkpt lat="44.996571" lon="8.061942"><ele>187.4</ele></trkpt>
      <trkpt lat="44.996203" lon="8.061872"><ele>187.7</ele></trkpt>
      <trkpt lat="44.996031" lon="8.061981"><ele>187.9</ele></trkpt>
      <trkpt lat="44.995390" lon="8.062069"><ele>188.5</ele></trkpt>
      <trkpt lat="44.995321" lon="8.062136"><ele>188.7</ele></trkpt>
      <trkpt lat="44.995318" lon="8.062919"><ele>189.7</ele></trkpt>
      <trkpt lat="44.995298" lon="8.063057"><ele>189.9</ele></trkpt>
      <trkpt lat="44.995262" lon="8.063089"><ele>190.0</ele></trkpt>
      <trkpt lat="44.994551" lon="8.063092"><ele>191.4</ele></trkpt>
      <trkpt lat="44.994182" lon="8.063054"><ele>192.0</ele></trkpt>
      <trkpt lat="44.993957" lon="8.063064"><ele>192.0</ele></trkpt>
      <trkpt lat="44.993088" lon="8.063228"><ele>191.7</ele></trkpt>
      <trkpt lat="44.992612" lon="8.063226"><ele>191.6</ele></trkpt>
      <trkpt lat="44.992146" lon="8.063316"><ele>190.7</ele></trkpt>
      <trkpt lat="44.991894" lon="8.063470"><ele>190.0</ele></trkpt>
      <trkpt lat="44.991577" lon="8.063782"><ele>188.9</ele></trkpt>
      <trkpt lat="44.991032" lon="8.064220"><ele>187.2</ele></trkpt>
      <trkpt lat="44.990767" lon="8.064474"><ele>186.6</ele></trkpt>
      <trkpt lat="44.990595" lon="8.064825"><ele>186.4</ele></trkpt>
      <trkpt lat="44.990512" lon="8.065076"><ele>186.2</ele></trkpt>
      <trkpt lat="44.990181" lon="8.065416"><ele>186.0</ele></trkpt>
      <trkpt lat="44.989885" lon="8.065202"><ele>185.8</ele></trkpt>
      <trkpt lat="44.989499" lon="8.064826"><ele>185.5</ele></trkpt>
      <trkpt lat="44.989308" lon="8.064539"><ele>185.2</ele></trkpt>
      <trkpt lat="44.989293" lon="8.064117"><ele>185.0</ele></trkpt>
      <trkpt lat="44.989402" lon="8.062913"><ele>184.4</ele></trkpt>
      <trkpt lat="44.989359" lon="8.061956"><ele>184.1</ele></trkpt>
      <trkpt lat="44.989377" lon="8.061788"><ele>184.1</ele></trkpt>
      <trkpt lat="44.989441" lon="8.061215"><ele>184.1</ele></trkpt>
      <trkpt lat="44.989170" lon="8.061069"><ele>184.2</ele></trkpt>
      <trkpt lat="44.988920" lon="8.060792"><ele>184.2</ele></trkpt>
      <trkpt lat="44.988657" lon="8.060375"><ele>184.2</ele></trkpt>
      <trkpt lat="44.986531" lon="8.057008"><ele>185.3</ele></trkpt>
      <trkpt lat="44.987651" lon="8.056052"><ele>190.0</ele></trkpt>
      <trkpt lat="44.988112" lon="8.055518"><ele>192.8</ele></trkpt>
      <trkpt lat="44.988794" lon="8.054919"><ele>197.9</ele></trkpt>
      <trkpt lat="44.989199" lon="8.054778"><ele>200.8</ele></trkpt>
      <trkpt lat="44.989599" lon="8.054597"><ele>203.8</ele></trkpt>
      <trkpt lat="44.989973" lon="8.054612"><ele>206.5</ele></trkpt>
      <trkpt lat="44.990033" lon="8.054654"><ele>206.7</ele></trkpt>
      <trkpt lat="44.990031" lon="8.054692"><ele>206.8</ele></trkpt>
      <trkpt lat="44.989967" lon="8.054780"><ele>207.0</ele></trkpt>
      <trkpt lat="44.989585" lon="8.055064"><ele>208.0</ele></trkpt>
      <trkpt lat="44.989309" lon="8.055334"><ele>208.8</ele></trkpt>
      <trkpt lat="44.988980" lon="8.055721"><ele>209.9</ele></trkpt>
      <trkpt lat="44.988831" lon="8.056160"><ele>210.7</ele></trkpt>
      <trkpt lat="44.988746" lon="8.056770"><ele>210.6</ele></trkpt>
      <trkpt lat="44.988831" lon="8.056160"><ele>210.3</ele></trkpt>
      <trkpt lat="44.988980" lon="8.055721"><ele>210.1</ele></trkpt>
      <trkpt lat="44.989309" lon="8.055334"><ele>209.8</ele></trkpt>
      <trkpt lat="44.989585" lon="8.055064"><ele>209.0</ele></trkpt>
      <trkpt lat="44.989967" lon="8.054780"><ele>206.4</ele></trkpt>
      <trkpt lat="44.990031" lon="8.054692"><ele>205.9</ele></trkpt>
      <trkpt lat="44.990033" lon="8.054654"><ele>205.7</ele></trkpt>
      <trkpt lat="44.989973" lon="8.054612"><ele>205.3</ele></trkpt>
      <trkpt lat="44.989599" lon="8.054597"><ele>203.1</ele></trkpt>
      <trkpt lat="44.989199" lon="8.054778"><ele>200.6</ele></trkpt>
      <trkpt lat="44.988794" lon="8.054919"><ele>198.1</ele></trkpt>
      <trkpt lat="44.988112" lon="8.055518"><ele>193.2</ele></trkpt>
      <trkpt lat="44.987651" lon="8.056052"><ele>189.5</ele></trkpt>
      <trkpt lat="44.986531" lon="8.057008"><ele>185.1</ele></trkpt>
      <trkpt lat="44.986294" lon="8.056695"><ele>184.2</ele></trkpt>
      <trkpt lat="44.986235" lon="8.056617"><ele>184.0</ele></trkpt>
      <trkpt lat="44.986199" lon="8.056569"><ele>183.8</ele></trkpt>
      <trkpt lat="44.985896" lon="8.056429"><ele>183.0</ele></trkpt>
      <trkpt lat="44.985676" lon="8.056409"><ele>183.0</ele></trkpt>
      <trkpt lat="44.985341" lon="8.056511"><ele>182.9</ele></trkpt>
      <trkpt lat="44.984342" lon="8.056969"><ele>182.6</ele></trkpt>
      <trkpt lat="44.983388" lon="8.057397"><ele>182.2</ele></trkpt>
      <trkpt lat="44.983174" lon="8.057452"><ele>182.1</ele></trkpt>
      <trkpt lat="44.982921" lon="8.057473"><ele>182.0</ele></trkpt>
      <trkpt lat="44.982626" lon="8.057417"><ele>181.8</ele></trkpt>
      <trkpt lat="44.981424" lon="8.056938"><ele>181.6</ele></trkpt>
      <trkpt lat="44.981230" lon="8.057468"><ele>181.5</ele></trkpt>
      <trkpt lat="44.980978" lon="8.058187"><ele>181.6</ele></trkpt>
      <trkpt lat="44.980845" lon="8.058560"><ele>181.7</ele></trkpt>
      <trkpt lat="44.980796" lon="8.058694"><ele>181.8</ele></trkpt>
      <trkpt lat="44.980761" lon="8.058795"><ele>181.8</ele></trkpt>
      <trkpt lat="44.980250" lon="8.059044"><ele>182.1</ele></trkpt>
      <trkpt lat="44.979593" lon="8.059363"><ele>182.3</ele></trkpt>
      <trkpt lat="44.979118" lon="8.059650"><ele>181.9</ele></trkpt>
      <trkpt lat="44.978367" lon="8.060327"><ele>181.3</ele></trkpt>
      <trkpt lat="44.977543" lon="8.061142"><ele>180.7</ele></trkpt>
      <trkpt lat="44.976788" lon="8.061761"><ele>180.3</ele></trkpt>
      <trkpt lat="44.976726" lon="8.061796"><ele>180.3</ele></trkpt>
      <trkpt lat="44.976630" lon="8.061808"><ele>180.3</ele></trkpt>
      <trkpt lat="44.975612" lon="8.061567"><ele>179.9</ele></trkpt>
      <trkpt lat="44.975444" lon="8.061482"><ele>179.9</ele></trkpt>
      <trkpt lat="44.975335" lon="8.061559"><ele>179.8</ele></trkpt>
      <trkpt lat="44.974688" lon="8.061556"><ele>179.6</ele></trkpt>
      <trkpt lat="44.974128" lon="8.061597"><ele>179.5</ele></trkpt>
      <trkpt lat="44.973924" lon="8.061659"><ele>179.4</ele></trkpt>
      <trkpt lat="44.972620" lon="8.062423"><ele>178.9</ele></trkpt>
      <trkpt lat="44.971909" lon="8.062647"><ele>178.5</ele></trkpt>
      <trkpt lat="44.971396" lon="8.062763"><ele>178.2</ele></trkpt>
      <trkpt lat="44.970959" lon="8.062647"><ele>178.1</ele></trkpt>
      <trkpt lat="44.970638" lon="8.062632"><ele>178.0</ele></trkpt>
      <trkpt lat="44.970184" lon="8.062741"><ele>177.9</ele></trkpt>
      <trkpt lat="44.968364" lon="8.063333"><ele>177.7</ele></trkpt>
      <trkpt lat="44.967265" lon="8.063885"><ele>178.1</ele></trkpt>
      <trkpt lat="44.966981" lon="8.063925"><ele>178.3</ele></trkpt>
      <trkpt lat="44.966559" lon="8.063846"><ele>178.7</ele></trkpt>
      <trkpt lat="44.966119" lon="8.063807"><ele>179.0</ele></trkpt>
      <trkpt lat="44.965319" lon="8.063585"><ele>179.5</ele></trkpt>
      <trkpt lat="44.964976" lon="8.063368"><ele>179.8</ele></trkpt>
      <trkpt lat="44.964519" lon="8.062948"><ele>180.1</ele></trkpt>
      <trkpt lat="44.964162" lon="8.062673"><ele>179.7</ele></trkpt>
      <trkpt lat="44.963824" lon="8.062602"><ele>179.2</ele></trkpt>
      <trkpt lat="44.962869" lon="8.062613"><ele>178.0</ele></trkpt>
      <trkpt lat="44.962271" lon="8.062549"><ele>176.9</ele></trkpt>
      <trkpt lat="44.961586" lon="8.062630"><ele>175.6</ele></trkpt>
      <trkpt lat="44.961370" lon="8.062767"><ele>175.1</ele></trkpt>
      <trkpt lat="44.961253" lon="8.062920"><ele>174.8</ele></trkpt>
      <trkpt lat="44.961194" lon="8.062956"><ele>174.7</ele></trkpt>
      <trkpt lat="44.961129" lon="8.062763"><ele>174.4</ele></trkpt>
      <trkpt lat="44.961014" lon="8.062602"><ele>174.2</ele></trkpt>
      <trkpt lat="44.960726" lon="8.062474"><ele>173.8</ele></trkpt>
      <trkpt lat="44.960183" lon="8.062388"><ele>173.2</ele></trkpt>
      <trkpt lat="44.959936" lon="8.062447"><ele>172.9</ele></trkpt>
      <trkpt lat="44.959306" lon="8.062401"><ele>172.2</ele></trkpt>
      <trkpt lat="44.958782" lon="8.062506"><ele>172.1</ele></trkpt>
      <trkpt lat="44.958391" lon="8.062634"><ele>172.1</ele></trkpt>
      <trkpt lat="44.958137" lon="8.062661"><ele>172.1</ele></trkpt>
      <trkpt lat="44.957917" lon="8.062624"><ele>172.1</ele></trkpt>
      <trkpt lat="44.957704" lon="8.062631"><ele>172.1</ele></trkpt>
      <trkpt lat="44.957706" lon="8.062507"><ele>172.1</ele></trkpt>
      <trkpt lat="44.957712" lon="8.062403"><ele>172.2</ele></trkpt>
      <trkpt lat="44.957726" lon="8.062122"><ele>172.6</ele></trkpt>
      <trkpt lat="44.957728" lon="8.062091"><ele>172.7</ele></trkpt>
      <trkpt lat="44.957745" lon="8.061749"><ele>173.2</ele></trkpt>
      <trkpt lat="44.957748" lon="8.061704"><ele>173.2</ele></trkpt>
      <trkpt lat="44.957851" lon="8.060593"><ele>174.8</ele></trkpt>
      <trkpt lat="44.957921" lon="8.060229"><ele>175.4</ele></trkpt>
      <trkpt lat="44.957938" lon="8.060163"><ele>175.5</ele></trkpt>
      <trkpt lat="44.957969" lon="8.059985"><ele>175.8</ele></trkpt>
      <trkpt lat="44.957965" lon="8.059888"><ele>175.8</ele></trkpt>
      <trkpt lat="44.957944" lon="8.059874"><ele>175.8</ele></trkpt>
      <trkpt lat="44.957910" lon="8.059853"><ele>175.8</ele></trkpt>
      <trkpt lat="44.957873" lon="8.059825"><ele>175.8</ele></trkpt>
      <trkpt lat="44.957784" lon="8.059788"><ele>175.8</ele></trkpt>
      <trkpt lat="44.957638" lon="8.059807"><ele>175.8</ele></trkpt>
      <trkpt lat="44.957529" lon="8.059831"><ele>175.8</ele></trkpt>
      <trkpt lat="44.957242" lon="8.059923"><ele>175.8</ele></trkpt>
      <trkpt lat="44.956995" lon="8.060066"><ele>175.8</ele></trkpt>
      <trkpt lat="44.956778" lon="8.060261"><ele>175.8</ele></trkpt>
      <trkpt lat="44.956524" lon="8.060439"><ele>175.8</ele></trkpt>
      <trkpt lat="44.956076" lon="8.060687"><ele>175.2</ele></trkpt>
      <trkpt lat="44.955688" lon="8.060827"><ele>174.4</ele></trkpt>
      <trkpt lat="44.955118" lon="8.060827"><ele>173.1</ele></trkpt>
      <trkpt lat="44.955009" lon="8.060824"><ele>172.9</ele></trkpt>
      <trkpt lat="44.954707" lon="8.060866"><ele>172.2</ele></trkpt>
      <trkpt lat="44.954590" lon="8.060934"><ele>172.0</ele></trkpt>
      <trkpt lat="44.954462" lon="8.061071"><ele>171.9</ele></trkpt>
      <trkpt lat="44.954353" lon="8.061290"><ele>171.8</ele></trkpt>
      <trkpt lat="44.954336" lon="8.061296"><ele>171.8</ele></trkpt>
      <trkpt lat="44.953567" lon="8.061529"><ele>171.5</ele></trkpt>
      <trkpt lat="44.953408" lon="8.061524"><ele>171.5</ele></trkpt>
      <trkpt lat="44.953223" lon="8.061518"><ele>171.4</ele></trkpt>
      <trkpt lat="44.952460" lon="8.061599"><ele>171.7</ele></trkpt>
      <trkpt lat="44.952014" lon="8.061596"><ele>172.1</ele></trkpt>
      <trkpt lat="44.951800" lon="8.061563"><ele>172.3</ele></trkpt>
      <trkpt lat="44.951755" lon="8.061555"><ele>172.3</ele></trkpt>
      <trkpt lat="44.951290" lon="8.061451"><ele>172.7</ele></trkpt>
      <trkpt lat="44.950973" lon="8.061210"><ele>172.7</ele></trkpt>
      <trkpt lat="44.950672" lon="8.061033"><ele>172.6</ele></trkpt>
      <trkpt lat="44.950561" lon="8.061014"><ele>172.5</ele></trkpt>
      <trkpt lat="44.950435" lon="8.060993"><ele>172.4</ele></trkpt>
      <trkpt lat="44.950198" lon="8.061081"><ele>172.3</ele></trkpt>
      <trkpt lat="44.950016" lon="8.061206"><ele>172.2</ele></trkpt>
      <trkpt lat="44.949866" lon="8.061398"><ele>172.1</ele></trkpt>
      <trkpt lat="44.949744" lon="8.061485"><ele>172.0</ele></trkpt>
      <trkpt lat="44.949599" lon="8.061487"><ele>171.9</ele></trkpt>
      <trkpt lat="44.949191" lon="8.061411"><ele>171.6</ele></trkpt>
      <trkpt lat="44.948510" lon="8.061394"><ele>171.1</ele></trkpt>
      <trkpt lat="44.948247" lon="8.061436"><ele>170.9</ele></trkpt>
      <trkpt lat="44.947908" lon="8.061570"><ele>170.6</ele></trkpt>
      <trkpt lat="44.947620" lon="8.061603"><ele>170.4</ele></trkpt>
      <trkpt lat="44.947157" lon="8.061493"><ele>170.2</ele></trkpt>
      <trkpt lat="44.946964" lon="8.061375"><ele>170.1</ele></trkpt>
      <trkpt lat="44.946451" lon="8.060735"><ele>169.9</ele></trkpt>
      <trkpt lat="44.946126" lon="8.060405"><ele>169.7</ele></trkpt>
      <trkpt lat="44.945903" lon="8.060194"><ele>169.7</ele></trkpt>
      <trkpt lat="44.945700" lon="8.060005"><ele>169.6</ele></trkpt>
      <trkpt lat="44.945539" lon="8.059926"><ele>169.6</ele></trkpt>
      <trkpt lat="44.945235" lon="8.059880"><ele>169.5</ele></trkpt>
      <trkpt lat="44.944914" lon="8.059959"><ele>169.5</ele></trkpt>
      <trkpt lat="44.944624" lon="8.060058"><ele>169.5</ele></trkpt>
      <trkpt lat="44.943931" lon="8.060375"><ele>168.8</ele></trkpt>
      <trkpt lat="44.943410" lon="8.060537"><ele>168.3</ele></trkpt>
      <trkpt lat="44.942969" lon="8.060590"><ele>167.9</ele></trkpt>
      <trkpt lat="44.941723" lon="8.060401"><ele>167.2</ele></trkpt>
      <trkpt lat="44.941559" lon="8.060383"><ele>167.1</ele></trkpt>
      <trkpt lat="44.941161" lon="8.060335"><ele>166.9</ele></trkpt>
      <trkpt lat="44.940826" lon="8.060383"><ele>166.7</ele></trkpt>
      <trkpt lat="44.939914" lon="8.060747"><ele>166.1</ele></trkpt>
      <trkpt lat="44.939551" lon="8.060975"><ele>165.8</ele></trkpt>
      <trkpt lat="44.938974" lon="8.061400"><ele>165.2</ele></trkpt>
      <trkpt lat="44.938337" lon="8.061663"><ele>164.6</ele></trkpt>
      <trkpt lat="44.937325" lon="8.062050"><ele>163.8</ele></trkpt>
      <trkpt lat="44.936131" lon="8.062359"><ele>163.2</ele></trkpt>
      <trkpt lat="44.935199" lon="8.062343"><ele>163.3</ele></trkpt>
      <trkpt lat="44.934596" lon="8.062343"><ele>163.4</ele></trkpt>
      <trkpt lat="44.934565" lon="8.062344"><ele>163.4</ele></trkpt>
      <trkpt lat="44.934494" lon="8.062345"><ele>163.4</ele></trkpt>
      <trkpt lat="44.934449" lon="8.062332"><ele>163.4</ele></trkpt>
      <trkpt lat="44.934367" lon="8.062309"><ele>163.5</ele></trkpt>
      <trkpt lat="44.934285" lon="8.062286"><ele>163.5</ele></trkpt>
      <trkpt lat="44.933660" lon="8.061773"><ele>163.8</ele></trkpt>
      <trkpt lat="44.933590" lon="8.061744"><ele>163.8</ele></trkpt>
      <trkpt lat="44.933525" lon="8.061780"><ele>163.9</ele></trkpt>
      <trkpt lat="44.933373" lon="8.061891"><ele>164.0</ele></trkpt>
      <trkpt lat="44.932770" lon="8.062985"><ele>164.5</ele></trkpt>
      <trkpt lat="44.932362" lon="8.063632"><ele>165.2</ele></trkpt>
      <trkpt lat="44.932124" lon="8.063883"><ele>165.6</ele></trkpt>
      <trkpt lat="44.931853" lon="8.064051"><ele>166.0</ele></trkpt>
      <trkpt lat="44.931624" lon="8.064075"><ele>166.3</ele></trkpt>
      <trkpt lat="44.931174" lon="8.064747"><ele>166.7</ele></trkpt>
      <trkpt lat="44.930410" lon="8.065789"><ele>166.0</ele></trkpt>
      <trkpt lat="44.929935" lon="8.066185"><ele>165.8</ele></trkpt>
      <trkpt lat="44.929748" lon="8.066401"><ele>166.5</ele></trkpt>
      <trkpt lat="44.929570" lon="8.066736"><ele>167.4</ele></trkpt>
      <trkpt lat="44.929375" lon="8.066844"><ele>168.0</ele></trkpt>
      <trkpt lat="44.928984" lon="8.066569"><ele>169.3</ele></trkpt>
      <trkpt lat="44.928832" lon="8.066533"><ele>169.8</ele></trkpt>
      <trkpt lat="44.928509" lon="8.066700"><ele>170.8</ele></trkpt>
      <trkpt lat="44.928071" lon="8.066989"><ele>172.9</ele></trkpt>
      <trkpt lat="44.927625" lon="8.067279"><ele>175.2</ele></trkpt>
      <trkpt lat="44.927532" lon="8.067594"><ele>176.3</ele></trkpt>
      <trkpt lat="44.927484" lon="8.067804"><ele>177.1</ele></trkpt>
      <trkpt lat="44.927393" lon="8.068014"><ele>177.9</ele></trkpt>
      <trkpt lat="44.926570" lon="8.069304"><ele>180.6</ele></trkpt>
      <trkpt lat="44.926321" lon="8.069798"><ele>181.2</ele></trkpt>
      <trkpt lat="44.926276" lon="8.069842"><ele>181.3</ele></trkpt>
      <trkpt lat="44.926240" lon="8.069838"><ele>181.3</ele></trkpt>
      <trkpt lat="44.925473" lon="8.069263"><ele>180.3</ele></trkpt>
      <trkpt lat="44.925294" lon="8.069181"><ele>179.7</ele></trkpt>
      <trkpt lat="44.925183" lon="8.069165"><ele>179.4</ele></trkpt>
      <trkpt lat="44.924989" lon="8.069185"><ele>178.8</ele></trkpt>
      <trkpt lat="44.924580" lon="8.069374"><ele>177.5</ele></trkpt>
      <trkpt lat="44.922848" lon="8.070533"><ele>172.9</ele></trkpt>
      <trkpt lat="44.921982" lon="8.071370"><ele>171.2</ele></trkpt>
      <trkpt lat="44.920954" lon="8.071883"><ele>169.5</ele></trkpt>
      <trkpt lat="44.920709" lon="8.072005"><ele>169.1</ele></trkpt>
      <trkpt lat="44.919840" lon="8.072507"><ele>167.4</ele></trkpt>
      <trkpt lat="44.919675" lon="8.072677"><ele>167.1</ele></trkpt>
      <trkpt lat="44.919100" lon="8.073266"><ele>166.0</ele></trkpt>
      <trkpt lat="44.918721" lon="8.073548"><ele>165.3</ele></trkpt>
      <trkpt lat="44.918354" lon="8.073827"><ele>164.8</ele></trkpt>
      <trkpt lat="44.918213" lon="8.073970"><ele>164.5</ele></trkpt>
      <trkpt lat="44.918133" lon="8.074127"><ele>164.3</ele></trkpt>
      <trkpt lat="44.917467" lon="8.075225"><ele>163.6</ele></trkpt>
      <trkpt lat="44.917219" lon="8.075519"><ele>163.5</ele></trkpt>
      <trkpt lat="44.916617" lon="8.075958"><ele>163.2</ele></trkpt>
      <trkpt lat="44.915279" lon="8.076979"><ele>162.0</ele></trkpt>
      <trkpt lat="44.914528" lon="8.077531"><ele>161.5</ele></trkpt>
      <trkpt lat="44.913500" lon="8.078288"><ele>161.0</ele></trkpt>
      <trkpt lat="44.913005" lon="8.078652"><ele>160.7</ele></trkpt>
      <trkpt lat="44.912925" lon="8.078714"><ele>160.6</ele></trkpt>
      <trkpt lat="44.912169" lon="8.079297"><ele>160.0</ele></trkpt>
      <trkpt lat="44.911102" lon="8.080129"><ele>159.0</ele></trkpt>
      <trkpt lat="44.911039" lon="8.080180"><ele>159.0</ele></trkpt>
      <trkpt lat="44.910681" lon="8.080473"><ele>158.6</ele></trkpt>
      <trkpt lat="44.910160" lon="8.080897"><ele>158.1</ele></trkpt>
      <trkpt lat="44.909279" lon="8.081519"><ele>157.0</ele></trkpt>
      <trkpt lat="44.909009" lon="8.081777"><ele>156.7</ele></trkpt>
      <trkpt lat="44.908638" lon="8.082214"><ele>156.2</ele></trkpt>
      <trkpt lat="44.908367" lon="8.082600"><ele>155.7</ele></trkpt>
      <trkpt lat="44.908127" lon="8.082871"><ele>155.4</ele></trkpt>
      <trkpt lat="44.907865" lon="8.083166"><ele>155.0</ele></trkpt>
      <trkpt lat="44.907430" lon="8.083657"><ele>154.4</ele></trkpt>
      <trkpt lat="44.907357" lon="8.083708"><ele>154.3</ele></trkpt>
      <trkpt lat="44.907097" lon="8.083777"><ele>154.1</ele></trkpt>
      <trkpt lat="44.906917" lon="8.083859"><ele>153.9</ele></trkpt>
      <trkpt lat="44.906287" lon="8.084595"><ele>153.0</ele></trkpt>
      <trkpt lat="44.906119" lon="8.084947"><ele>152.7</ele></trkpt>
      <trkpt lat="44.906068" lon="8.085168"><ele>152.6</ele></trkpt>
      <trkpt lat="44.906042" lon="8.085446"><ele>152.3</ele></trkpt>
      <trkpt lat="44.906071" lon="8.085768"><ele>151.9</ele></trkpt>
      <trkpt lat="44.906103" lon="8.086111"><ele>151.6</ele></trkpt>
      <trkpt lat="44.906223" lon="8.086861"><ele>150.7</ele></trkpt>
      <trkpt lat="44.906204" lon="8.086938"><ele>150.6</ele></trkpt>
      <trkpt lat="44.906161" lon="8.086972"><ele>150.6</ele></trkpt>
      <trkpt lat="44.905539" lon="8.087107"><ele>149.6</ele></trkpt>
      <trkpt lat="44.905490" lon="8.087131"><ele>149.6</ele></trkpt>
      <trkpt lat="44.905434" lon="8.087256"><ele>149.5</ele></trkpt>
      <trkpt lat="44.905433" lon="8.087707"><ele>149.2</ele></trkpt>
      <trkpt lat="44.905449" lon="8.090719"><ele>147.5</ele></trkpt>
      <trkpt lat="44.905465" lon="8.092461"><ele>146.7</ele></trkpt>
      <trkpt lat="44.905485" lon="8.094323"><ele>145.8</ele></trkpt>
      <trkpt lat="44.905489" lon="8.094384"><ele>145.8</ele></trkpt>
      <trkpt lat="44.905646" lon="8.095180"><ele>145.5</ele></trkpt>
      <trkpt lat="44.905841" lon="8.096115"><ele>145.2</ele></trkpt>
      <trkpt lat="44.905877" lon="8.097674"><ele>145.0</ele></trkpt>
      <trkpt lat="44.905879" lon="8.097790"><ele>145.0</ele></trkpt>
      <trkpt lat="44.905898" lon="8.098883"><ele>145.1</ele></trkpt>
      <trkpt lat="44.905913" lon="8.098937"><ele>145.1</ele></trkpt>
      <trkpt lat="44.905942" lon="8.099036"><ele>145.1</ele></trkpt>
      <trkpt lat="44.905884" lon="8.099151"><ele>145.1</ele></trkpt>
      <trkpt lat="44.905783" lon="8.099479"><ele>145.1</ele></trkpt>
      <trkpt lat="44.905411" lon="8.100773"><ele>145.9</ele></trkpt>
      <trkpt lat="44.905072" lon="8.101953"><ele>146.5</ele></trkpt>
      <trkpt lat="44.904989" lon="8.102136"><ele>146.4</ele></trkpt>
      <trkpt lat="44.904884" lon="8.102253"><ele>146.3</ele></trkpt>
      <trkpt lat="44.904765" lon="8.102332"><ele>146.2</ele></trkpt>
      <trkpt lat="44.904457" lon="8.102459"><ele>146.0</ele></trkpt>
      <trkpt lat="44.903444" lon="8.102755"><ele>145.2</ele></trkpt>
      <trkpt lat="44.903320" lon="8.102720"><ele>145.1</ele></trkpt>
      <trkpt lat="44.903294" lon="8.102664"><ele>145.0</ele></trkpt>
      <trkpt lat="44.903218" lon="8.102579"><ele>144.9</ele></trkpt>
      <trkpt lat="44.903138" lon="8.102552"><ele>144.8</ele></trkpt>
      <trkpt lat="44.903107" lon="8.102546"><ele>144.8</ele></trkpt>
      <trkpt lat="44.902989" lon="8.102602"><ele>144.7</ele></trkpt>
      <trkpt lat="44.902939" lon="8.102666"><ele>144.6</ele></trkpt>
      <trkpt lat="44.902776" lon="8.102673"><ele>144.4</ele></trkpt>
      <trkpt lat="44.902568" lon="8.102577"><ele>144.2</ele></trkpt>
      <trkpt lat="44.902264" lon="8.102633"><ele>143.8</ele></trkpt>
      <trkpt lat="44.901774" lon="8.102633"><ele>143.3</ele></trkpt>
      <trkpt lat="44.901606" lon="8.102703"><ele>143.2</ele></trkpt>
      <trkpt lat="44.901514" lon="8.102785"><ele>143.2</ele></trkpt>
      <trkpt lat="44.901359" lon="8.103001"><ele>143.1</ele></trkpt>
      <trkpt lat="44.901049" lon="8.103465"><ele>142.9</ele></trkpt>
      <trkpt lat="44.900669" lon="8.103953"><ele>142.6</ele></trkpt>
      <trkpt lat="44.900430" lon="8.104181"><ele>142.5</ele></trkpt>
      <trkpt lat="44.900182" lon="8.104306"><ele>142.4</ele></trkpt>
      <trkpt lat="44.899594" lon="8.104526"><ele>142.2</ele></trkpt>
      <trkpt lat="44.899087" lon="8.104789"><ele>142.1</ele></trkpt>
      <trkpt lat="44.898786" lon="8.105022"><ele>142.0</ele></trkpt>
      <trkpt lat="44.898238" lon="8.105551"><ele>142.0</ele></trkpt>
      <trkpt lat="44.898047" lon="8.105783"><ele>142.0</ele></trkpt>
      <trkpt lat="44.897385" lon="8.107019"><ele>142.2</ele></trkpt>
      <trkpt lat="44.897168" lon="8.107319"><ele>142.6</ele></trkpt>
      <trkpt lat="44.896778" lon="8.107680"><ele>143.1</ele></trkpt>
      <trkpt lat="44.896052" lon="8.108281"><ele>144.1</ele></trkpt>
      <trkpt lat="44.895044" lon="8.109289"><ele>147.6</ele></trkpt>
      <trkpt lat="44.894488" lon="8.109848"><ele>149.6</ele></trkpt>
      <trkpt lat="44.894206" lon="8.110408"><ele>150.9</ele></trkpt>
      <trkpt lat="44.893933" lon="8.111065"><ele>152.4</ele></trkpt>
      <trkpt lat="44.893813" lon="8.111394"><ele>153.1</ele></trkpt>
      <trkpt lat="44.893713" lon="8.111774"><ele>153.9</ele></trkpt>
      <trkpt lat="44.893682" lon="8.112197"><ele>154.5</ele></trkpt>
      <trkpt lat="44.893724" lon="8.114392"><ele>156.9</ele></trkpt>
      <trkpt lat="44.893659" lon="8.114744"><ele>157.1</ele></trkpt>
      <trkpt lat="44.893531" lon="8.115191"><ele>157.3</ele></trkpt>
      <trkpt lat="44.893138" lon="8.116048"><ele>157.6</ele></trkpt>
      <trkpt lat="44.893046" lon="8.116333"><ele>157.8</ele></trkpt>
      <trkpt lat="44.892830" lon="8.117215"><ele>157.1</ele></trkpt>
      <trkpt lat="44.892413" lon="8.118298"><ele>154.9</ele></trkpt>
      <trkpt lat="44.891706" lon="8.119556"><ele>151.5</ele></trkpt>
      <trkpt lat="44.891318" lon="8.120162"><ele>149.5</ele></trkpt>
      <trkpt lat="44.891219" lon="8.120685"><ele>148.2</ele></trkpt>
      <trkpt lat="44.891135" lon="8.120837"><ele>147.7</ele></trkpt>
      <trkpt lat="44.891004" lon="8.120851"><ele>147.3</ele></trkpt>
      <trkpt lat="44.890795" lon="8.120783"><ele>146.7</ele></trkpt>
      <trkpt lat="44.890675" lon="8.120796"><ele>146.4</ele></trkpt>
      <trkpt lat="44.890547" lon="8.120945"><ele>145.9</ele></trkpt>
      <trkpt lat="44.890368" lon="8.121048"><ele>145.4</ele></trkpt>
      <trkpt lat="44.890036" lon="8.121089"><ele>144.5</ele></trkpt>
      <trkpt lat="44.889608" lon="8.121302"><ele>143.2</ele></trkpt>
      <trkpt lat="44.889195" lon="8.121299"><ele>142.3</ele></trkpt>
      <trkpt lat="44.889007" lon="8.121216"><ele>142.3</ele></trkpt>
      <trkpt lat="44.888876" lon="8.121223"><ele>142.3</ele></trkpt>
      <trkpt lat="44.888500" lon="8.121046"><ele>142.3</ele></trkpt>
      <trkpt lat="44.888419" lon="8.121124"><ele>142.2</ele></trkpt>
      <trkpt lat="44.888208" lon="8.122060"><ele>142.2</ele></trkpt>
      <trkpt lat="44.888248" lon="8.122244"><ele>142.2</ele></trkpt>
      <trkpt lat="44.888166" lon="8.122527"><ele>142.9</ele></trkpt>
      <trkpt lat="44.888153" lon="8.122571"><ele>143.1</ele></trkpt>
      <trkpt lat="44.887892" lon="8.122790"><ele>144.6</ele></trkpt>
      <trkpt lat="44.887546" lon="8.122953"><ele>146.4</ele></trkpt>
      <trkpt lat="44.887480" lon="8.123082"><ele>147.0</ele></trkpt>
      <trkpt lat="44.887354" lon="8.123470"><ele>148.5</ele></trkpt>
      <trkpt lat="44.887321" lon="8.123686"><ele>149.3</ele></trkpt>
      <trkpt lat="44.887327" lon="8.123893"><ele>150.1</ele></trkpt>
      <trkpt lat="44.887470" lon="8.124553"><ele>151.8</ele></trkpt>
      <trkpt lat="44.887470" lon="8.124631"><ele>151.9</ele></trkpt>
      <trkpt lat="44.887339" lon="8.124718"><ele>152.3</ele></trkpt>
      <trkpt lat="44.887300" lon="8.124800"><ele>152.4</ele></trkpt>
      <trkpt lat="44.887236" lon="8.126199"><ele>154.7</ele></trkpt>
      <trkpt lat="44.886833" lon="8.129812"><ele>155.2</ele></trkpt>
      <trkpt lat="44.886670" lon="8.131184"><ele>154.9</ele></trkpt>
      <trkpt lat="44.886658" lon="8.131464"><ele>154.8</ele></trkpt>
      <trkpt lat="44.886677" lon="8.131754"><ele>154.6</ele></trkpt>
      <trkpt lat="44.886724" lon="8.131998"><ele>154.5</ele></trkpt>
      <trkpt lat="44.886822" lon="8.132295"><ele>154.3</ele></trkpt>
      <trkpt lat="44.887369" lon="8.133574"><ele>153.3</ele></trkpt>
      <trkpt lat="44.887490" lon="8.133800"><ele>153.1</ele></trkpt>
      <trkpt lat="44.888098" lon="8.134647"><ele>151.9</ele></trkpt>
      <trkpt lat="44.888751" lon="8.135161"><ele>150.8</ele></trkpt>
      <trkpt lat="44.889450" lon="8.135655"><ele>148.6</ele></trkpt>
      <trkpt lat="44.889841" lon="8.135930"><ele>147.1</ele></trkpt>
      <trkpt lat="44.889979" lon="8.136114"><ele>146.5</ele></trkpt>
      <trkpt lat="44.890099" lon="8.136362"><ele>145.8</ele></trkpt>
      <trkpt lat="44.890203" lon="8.136809"><ele>144.6</ele></trkpt>
      <trkpt lat="44.890280" lon="8.138096"><ele>142.0</ele></trkpt>
      <trkpt lat="44.890261" lon="8.138173"><ele>141.8</ele></trkpt>
      <trkpt lat="44.890345" lon="8.140403"><ele>138.2</ele></trkpt>
      <trkpt lat="44.890461" lon="8.140501"><ele>138.0</ele></trkpt>
      <trkpt lat="44.890158" lon="8.144299"><ele>134.3</ele></trkpt>
      <trkpt lat="44.890007" lon="8.146034"><ele>132.6</ele></trkpt>
      <trkpt lat="44.890043" lon="8.146225"><ele>132.4</ele></trkpt>
      <trkpt lat="44.890219" lon="8.146745"><ele>131.8</ele></trkpt>
      <trkpt lat="44.890231" lon="8.147047"><ele>131.4</ele></trkpt>
      <trkpt lat="44.890192" lon="8.147219"><ele>131.2</ele></trkpt>
      <trkpt lat="44.890135" lon="8.147339"><ele>131.0</ele></trkpt>
      <trkpt lat="44.890006" lon="8.147501"><ele>130.7</ele></trkpt>
      <trkpt lat="44.889833" lon="8.147709"><ele>130.3</ele></trkpt>
      <trkpt lat="44.889722" lon="8.147958"><ele>129.9</ele></trkpt>
      <trkpt lat="44.889692" lon="8.148188"><ele>129.6</ele></trkpt>
      <trkpt lat="44.889707" lon="8.148390"><ele>129.3</ele></trkpt>
      <trkpt lat="44.889995" lon="8.149532"><ele>128.2</ele></trkpt>
      <trkpt lat="44.890171" lon="8.150393"><ele>127.9</ele></trkpt>
      <trkpt lat="44.890246" lon="8.150646"><ele>127.8</ele></trkpt>
      <trkpt lat="44.890420" lon="8.150966"><ele>127.7</ele></trkpt>
      <trkpt lat="44.890631" lon="8.151285"><ele>127.6</ele></trkpt>
      <trkpt lat="44.890725" lon="8.151413"><ele>127.6</ele></trkpt>
      <trkpt lat="44.891617" lon="8.153080"><ele>128.7</ele></trkpt>
      <trkpt lat="44.892436" lon="8.154312"><ele>128.6</ele></trkpt>
      <trkpt lat="44.893077" lon="8.155388"><ele>128.2</ele></trkpt>
      <trkpt lat="44.893744" lon="8.156924"><ele>126.3</ele></trkpt>
      <trkpt lat="44.893854" lon="8.157067"><ele>126.1</ele></trkpt>
      <trkpt lat="44.894202" lon="8.157416"><ele>125.6</ele></trkpt>
      <trkpt lat="44.894296" lon="8.157603"><ele>125.5</ele></trkpt>
      <trkpt lat="44.895210" lon="8.162379"><ele>123.3</ele></trkpt>
      <trkpt lat="44.895400" lon="8.163612"><ele>122.8</ele></trkpt>
      <trkpt lat="44.895470" lon="8.164183"><ele>122.6</ele></trkpt>
      <trkpt lat="44.895711" lon="8.165473"><ele>122.7</ele></trkpt>
      <trkpt lat="44.895900" lon="8.166636"><ele>123.0</ele></trkpt>
      <trkpt lat="44.895938" lon="8.167168"><ele>123.3</ele></trkpt>
      <trkpt lat="44.895956" lon="8.167761"><ele>124.0</ele></trkpt>
      <trkpt lat="44.895896" lon="8.168652"><ele>124.9</ele></trkpt>
      <trkpt lat="44.895833" lon="8.169166"><ele>125.5</ele></trkpt>
      <trkpt lat="44.895698" lon="8.169870"><ele>126.1</ele></trkpt>
      <trkpt lat="44.895498" lon="8.170674"><ele>126.7</ele></trkpt>
      <trkpt lat="44.894675" lon="8.173295"><ele>127.9</ele></trkpt>
      <trkpt lat="44.894554" lon="8.173920"><ele>128.1</ele></trkpt>
      <trkpt lat="44.894518" lon="8.174289"><ele>128.1</ele></trkpt>
      <trkpt lat="44.894507" lon="8.174570"><ele>128.0</ele></trkpt>
      <trkpt lat="44.894574" lon="8.175377"><ele>127.6</ele></trkpt>
      <trkpt lat="44.894690" lon="8.176465"><ele>127.1</ele></trkpt>
      <trkpt lat="44.894673" lon="8.178346"><ele>128.1</ele></trkpt>
      <trkpt lat="44.894778" lon="8.181119"><ele>130.5</ele></trkpt>
      <trkpt lat="44.894819" lon="8.181346"><ele>130.7</ele></trkpt>
      <trkpt lat="44.894835" lon="8.181403"><ele>130.8</ele></trkpt>
      <trkpt lat="44.894757" lon="8.181774"><ele>131.0</ele></trkpt>
      <trkpt lat="44.893693" lon="8.185696"><ele>122.9</ele></trkpt>
      <trkpt lat="44.893281" lon="8.187458"><ele>119.5</ele></trkpt>
      <trkpt lat="44.893054" lon="8.188536"><ele>117.7</ele></trkpt>
      <trkpt lat="44.892916" lon="8.188763"><ele>117.2</ele></trkpt>
      <trkpt lat="44.892898" lon="8.188926"><ele>117.1</ele></trkpt>
      <trkpt lat="44.892900" lon="8.189460"><ele>117.0</ele></trkpt>
      <trkpt lat="44.892726" lon="8.190940"><ele>116.8</ele></trkpt>
      <trkpt lat="44.892666" lon="8.191782"><ele>116.9</ele></trkpt>
      <trkpt lat="44.892639" lon="8.192536"><ele>117.1</ele></trkpt>
      <trkpt lat="44.892617" lon="8.192524"><ele>117.1</ele></trkpt>
      <trkpt lat="44.892615" lon="8.192628"><ele>117.1</ele></trkpt>
      <trkpt lat="44.892553" lon="8.195233"><ele>117.1</ele></trkpt>
      <trkpt lat="44.892469" lon="8.195621"><ele>117.0</ele></trkpt>
      <trkpt lat="44.892301" lon="8.195961"><ele>116.9</ele></trkpt>
      <trkpt lat="44.892131" lon="8.196175"><ele>116.9</ele></trkpt>
      <trkpt lat="44.892146" lon="8.196208"><ele>116.8</ele></trkpt>
      <trkpt lat="44.892161" lon="8.196243"><ele>116.8</ele></trkpt>
      <trkpt lat="44.892127" lon="8.196295"><ele>116.8</ele></trkpt>
      <trkpt lat="44.892132" lon="8.196369"><ele>116.8</ele></trkpt>
      <trkpt lat="44.892343" lon="8.196983"><ele>116.6</ele></trkpt>
      <trkpt lat="44.892781" lon="8.198070"><ele>116.2</ele></trkpt>
      <trkpt lat="44.892820" lon="8.198167"><ele>116.2</ele></trkpt>
      <trkpt lat="44.892964" lon="8.199381"><ele>116.3</ele></trkpt>
      <trkpt lat="44.892926" lon="8.199396"><ele>116.3</ele></trkpt>
      <trkpt lat="44.893101" lon="8.200603"><ele>116.5</ele></trkpt>
      <trkpt lat="44.893113" lon="8.201097"><ele>116.5</ele></trkpt>
    </trkseg>
  </trk>
</gpx>
