<?xml version="1.0" encoding="UTF-8"?>
<gpx version="1.1" creator="radtour" xmlns="http://www.topografix.com/GPX/1/1">
  <metadata><name>Bozen-Oy 3 Meran – Reschen – Fernpass</name></metadata>
  <trk><name>Bozen-Oy 3 Meran – Reschen – Fernpass</name><trkseg>
      <trkpt lat="46.498310" lon="11.354960"><ele>266</ele></trkpt>
      <trkpt lat="46.498293" lon="11.354963"><ele>266</ele></trkpt>
      <trkpt lat="46.498100" lon="11.354990"><ele>266</ele></trkpt>
      <trkpt lat="46.498087" lon="11.354602"><ele>266</ele></trkpt>
      <trkpt lat="46.497905" lon="11.354378"><ele>266</ele></trkpt>
      <trkpt lat="46.497849" lon="11.354021"><ele>266</ele></trkpt>
      <trkpt lat="46.497777" lon="11.353711"><ele>266</ele></trkpt>
      <trkpt lat="46.497760" lon="11.353585"><ele>266</ele></trkpt>
      <trkpt lat="46.497763" lon="11.353394"><ele>266</ele></trkpt>
      <trkpt lat="46.497712" lon="11.353390"><ele>266</ele></trkpt>
      <trkpt lat="46.497436" lon="11.353393"><ele>265</ele></trkpt>
      <trkpt lat="46.497263" lon="11.353449"><ele>264</ele></trkpt>
      <trkpt lat="46.497206" lon="11.353456"><ele>264</ele></trkpt>
      <trkpt lat="46.496774" lon="11.353503"><ele>263</ele></trkpt>
      <trkpt lat="46.496117" lon="11.353554"><ele>262</ele></trkpt>
      <trkpt lat="46.496023" lon="11.353528"><ele>262</ele></trkpt>
      <trkpt lat="46.495889" lon="11.353450"><ele>262</ele></trkpt>
      <trkpt lat="46.495804" lon="11.353365"><ele>262</ele></trkpt>
      <trkpt lat="46.495670" lon="11.353253"><ele>262</ele></trkpt>
      <trkpt lat="46.495546" lon="11.353202"><ele>263</ele></trkpt>
      <trkpt lat="46.495468" lon="11.353240"><ele>263</ele></trkpt>
      <trkpt lat="46.495386" lon="11.353429"><ele>263</ele></trkpt>
      <trkpt lat="46.495270" lon="11.353974"><ele>263</ele></trkpt>
      <trkpt lat="46.495225" lon="11.353949"><ele>263</ele></trkpt>
      <trkpt lat="46.495202" lon="11.353937"><ele>263</ele></trkpt>
      <trkpt lat="46.495117" lon="11.353887"><ele>263</ele></trkpt>
      <trkpt lat="46.495042" lon="11.353841"><ele>263</ele></trkpt>
      <trkpt lat="46.494989" lon="11.353888"><ele>263</ele></trkpt>
      <trkpt lat="46.494936" lon="11.353910"><ele>263</ele></trkpt>
      <trkpt lat="46.494883" lon="11.353921"><ele>264</ele></trkpt>
      <trkpt lat="46.494770" lon="11.353906"><ele>264</ele></trkpt>
      <trkpt lat="46.494638" lon="11.353865"><ele>264</ele></trkpt>
      <trkpt lat="46.494613" lon="11.353858"><ele>264</ele></trkpt>
      <trkpt lat="46.494615" lon="11.353836"><ele>264</ele></trkpt>
      <trkpt lat="46.494633" lon="11.353392"><ele>262</ele></trkpt>
      <trkpt lat="46.494616" lon="11.353061"><ele>262</ele></trkpt>
      <trkpt lat="46.494592" lon="11.353014"><ele>262</ele></trkpt>
      <trkpt lat="46.494541" lon="11.352625"><ele>262</ele></trkpt>
      <trkpt lat="46.494431" lon="11.352131"><ele>263</ele></trkpt>
      <trkpt lat="46.494300" lon="11.351443"><ele>262</ele></trkpt>
      <trkpt lat="46.494247" lon="11.351199"><ele>263</ele></trkpt>
      <trkpt lat="46.494116" lon="11.350588"><ele>260</ele></trkpt>
      <trkpt lat="46.493974" lon="11.349997"><ele>262</ele></trkpt>
      <trkpt lat="46.493868" lon="11.349407"><ele>264</ele></trkpt>
      <trkpt lat="46.493850" lon="11.349283"><ele>264</ele></trkpt>
      <trkpt lat="46.493833" lon="11.349065"><ele>263</ele></trkpt>
      <trkpt lat="46.493819" lon="11.348994"><ele>262</ele></trkpt>
      <trkpt lat="46.493818" lon="11.348969"><ele>262</ele></trkpt>
      <trkpt lat="46.493834" lon="11.347674"><ele>264</ele></trkpt>
      <trkpt lat="46.493836" lon="11.347606"><ele>264</ele></trkpt>
      <trkpt lat="46.493825" lon="11.347241"><ele>263</ele></trkpt>
      <trkpt lat="46.493792" lon="11.346960"><ele>262</ele></trkpt>
      <trkpt lat="46.493670" lon="11.346497"><ele>262</ele></trkpt>
      <trkpt lat="46.493556" lon="11.346237"><ele>261</ele></trkpt>
      <trkpt lat="46.493428" lon="11.345987"><ele>260</ele></trkpt>
      <trkpt lat="46.493270" lon="11.345717"><ele>260</ele></trkpt>
      <trkpt lat="46.493228" lon="11.345667"><ele>260</ele></trkpt>
      <trkpt lat="46.492839" lon="11.345353"><ele>259</ele></trkpt>
      <trkpt lat="46.492586" lon="11.345136"><ele>258</ele></trkpt>
      <trkpt lat="46.492287" lon="11.344884"><ele>258</ele></trkpt>
      <trkpt lat="46.492002" lon="11.344635"><ele>258</ele></trkpt>
      <trkpt lat="46.491878" lon="11.344533"><ele>258</ele></trkpt>
      <trkpt lat="46.491764" lon="11.344466"><ele>259</ele></trkpt>
      <trkpt lat="46.491630" lon="11.344371"><ele>259</ele></trkpt>
      <trkpt lat="46.491025" lon="11.343872"><ele>258</ele></trkpt>
      <trkpt lat="46.490856" lon="11.343691"><ele>258</ele></trkpt>
      <trkpt lat="46.490620" lon="11.343389"><ele>259</ele></trkpt>
      <trkpt lat="46.490466" lon="11.343131"><ele>258</ele></trkpt>
      <trkpt lat="46.490300" lon="11.342830"><ele>260</ele></trkpt>
      <trkpt lat="46.490250" lon="11.342838"><ele>259</ele></trkpt>
      <trkpt lat="46.490150" lon="11.342797"><ele>259</ele></trkpt>
      <trkpt lat="46.490129" lon="11.342773"><ele>259</ele></trkpt>
      <trkpt lat="46.490050" lon="11.342684"><ele>258</ele></trkpt>
      <trkpt lat="46.489922" lon="11.342494"><ele>257</ele></trkpt>
      <trkpt lat="46.489912" lon="11.342455"><ele>257</ele></trkpt>
      <trkpt lat="46.489857" lon="11.342228"><ele>257</ele></trkpt>
      <trkpt lat="46.489796" lon="11.341969"><ele>258</ele></trkpt>
      <trkpt lat="46.489787" lon="11.341890"><ele>258</ele></trkpt>
      <trkpt lat="46.489793" lon="11.341822"><ele>258</ele></trkpt>
      <trkpt lat="46.489804" lon="11.341768"><ele>258</ele></trkpt>
      <trkpt lat="46.489780" lon="11.341659"><ele>258</ele></trkpt>
      <trkpt lat="46.489760" lon="11.341574"><ele>258</ele></trkpt>
      <trkpt lat="46.489701" lon="11.341282"><ele>258</ele></trkpt>
      <trkpt lat="46.489105" lon="11.338669"><ele>256</ele></trkpt>
      <trkpt lat="46.488701" lon="11.337322"><ele>254</ele></trkpt>
      <trkpt lat="46.488581" lon="11.336882"><ele>256</ele></trkpt>
      <trkpt lat="46.488441" lon="11.336318"><ele>254</ele></trkpt>
      <trkpt lat="46.488373" lon="11.335914"><ele>254</ele></trkpt>
      <trkpt lat="46.488309" lon="11.335611"><ele>254</ele></trkpt>
      <trkpt lat="46.488049" lon="11.334399"><ele>254</ele></trkpt>
      <trkpt lat="46.488043" lon="11.334343"><ele>254</ele></trkpt>
      <trkpt lat="46.487929" lon="11.333754"><ele>253</ele></trkpt>
      <trkpt lat="46.487800" lon="11.333387"><ele>254</ele></trkpt>
      <trkpt lat="46.487645" lon="11.332994"><ele>252</ele></trkpt>
      <trkpt lat="46.487445" lon="11.332511"><ele>252</ele></trkpt>
      <trkpt lat="46.487289" lon="11.332099"><ele>252</ele></trkpt>
      <trkpt lat="46.487268" lon="11.332023"><ele>253</ele></trkpt>
      <trkpt lat="46.487255" lon="11.331928"><ele>254</ele></trkpt>
      <trkpt lat="46.487248" lon="11.331834"><ele>253</ele></trkpt>
      <trkpt lat="46.487232" lon="11.331740"><ele>253</ele></trkpt>
      <trkpt lat="46.487142" lon="11.331458"><ele>252</ele></trkpt>
      <trkpt lat="46.487112" lon="11.331313"><ele>252</ele></trkpt>
      <trkpt lat="46.487038" lon="11.331088"><ele>253</ele></trkpt>
      <trkpt lat="46.486997" lon="11.331014"><ele>253</ele></trkpt>
      <trkpt lat="46.486917" lon="11.330785"><ele>252</ele></trkpt>
      <trkpt lat="46.486899" lon="11.330748"><ele>252</ele></trkpt>
      <trkpt lat="46.486818" lon="11.330661"><ele>251</ele></trkpt>
      <trkpt lat="46.486780" lon="11.330598"><ele>251</ele></trkpt>
      <trkpt lat="46.486747" lon="11.330509"><ele>251</ele></trkpt>
      <trkpt lat="46.486581" lon="11.330006"><ele>250</ele></trkpt>
      <trkpt lat="46.486307" lon="11.329225"><ele>251</ele></trkpt>
      <trkpt lat="46.486254" lon="11.329068"><ele>250</ele></trkpt>
      <trkpt lat="46.486224" lon="11.328904"><ele>251</ele></trkpt>
      <trkpt lat="46.486234" lon="11.328757"><ele>251</ele></trkpt>
      <trkpt lat="46.486197" lon="11.328615"><ele>251</ele></trkpt>
      <trkpt lat="46.486066" lon="11.328358"><ele>251</ele></trkpt>
      <trkpt lat="46.485888" lon="11.328083"><ele>250</ele></trkpt>
      <trkpt lat="46.485793" lon="11.328043"><ele>250</ele></trkpt>
      <trkpt lat="46.485650" lon="11.327897"><ele>251</ele></trkpt>
      <trkpt lat="46.485082" lon="11.326973"><ele>250</ele></trkpt>
      <trkpt lat="46.484896" lon="11.326694"><ele>250</ele></trkpt>
      <trkpt lat="46.484726" lon="11.326436"><ele>251</ele></trkpt>
      <trkpt lat="46.484566" lon="11.326231"><ele>250</ele></trkpt>
      <trkpt lat="46.483789" lon="11.325131"><ele>249</ele></trkpt>
      <trkpt lat="46.483226" lon="11.324316"><ele>249</ele></trkpt>
      <trkpt lat="46.483008" lon="11.323955"><ele>249</ele></trkpt>
      <trkpt lat="46.482850" lon="11.323696"><ele>250</ele></trkpt>
      <trkpt lat="46.482518" lon="11.323093"><ele>250</ele></trkpt>
      <trkpt lat="46.482492" lon="11.323017"><ele>250</ele></trkpt>
      <trkpt lat="46.482457" lon="11.322877"><ele>250</ele></trkpt>
      <trkpt lat="46.482406" lon="11.322556"><ele>251</ele></trkpt>
      <trkpt lat="46.482366" lon="11.322472"><ele>252</ele></trkpt>
      <trkpt lat="46.482257" lon="11.322299"><ele>250</ele></trkpt>
      <trkpt lat="46.482230" lon="11.322261"><ele>250</ele></trkpt>
      <trkpt lat="46.482170" lon="11.322207"><ele>250</ele></trkpt>
      <trkpt lat="46.482124" lon="11.322170"><ele>250</ele></trkpt>
      <trkpt lat="46.481886" lon="11.322026"><ele>250</ele></trkpt>
      <trkpt lat="46.481856" lon="11.322024"><ele>249</ele></trkpt>
      <trkpt lat="46.481835" lon="11.322052"><ele>249</ele></trkpt>
      <trkpt lat="46.481815" lon="11.322081"><ele>249</ele></trkpt>
      <trkpt lat="46.481802" lon="11.322100"><ele>249</ele></trkpt>
      <trkpt lat="46.481061" lon="11.320961"><ele>248</ele></trkpt>
      <trkpt lat="46.480645" lon="11.320319"><ele>248</ele></trkpt>
      <trkpt lat="46.479935" lon="11.319168"><ele>249</ele></trkpt>
      <trkpt lat="46.479759" lon="11.318863"><ele>248</ele></trkpt>
      <trkpt lat="46.479408" lon="11.318229"><ele>248</ele></trkpt>
      <trkpt lat="46.479189" lon="11.317828"><ele>247</ele></trkpt>
      <trkpt lat="46.479074" lon="11.317596"><ele>246</ele></trkpt>
      <trkpt lat="46.478935" lon="11.317337"><ele>246</ele></trkpt>
      <trkpt lat="46.478820" lon="11.317146"><ele>246</ele></trkpt>
      <trkpt lat="46.478476" lon="11.316707"><ele>246</ele></trkpt>
      <trkpt lat="46.478250" lon="11.316356"><ele>247</ele></trkpt>
      <trkpt lat="46.477408" lon="11.314992"><ele>246</ele></trkpt>
      <trkpt lat="46.477242" lon="11.314744"><ele>246</ele></trkpt>
      <trkpt lat="46.476808" lon="11.314099"><ele>245</ele></trkpt>
      <trkpt lat="46.476486" lon="11.313682"><ele>246</ele></trkpt>
      <trkpt lat="46.475968" lon="11.313113"><ele>244</ele></trkpt>
      <trkpt lat="46.475857" lon="11.312960"><ele>245</ele></trkpt>
      <trkpt lat="46.475808" lon="11.312898"><ele>245</ele></trkpt>
      <trkpt lat="46.475483" lon="11.312500"><ele>245</ele></trkpt>
      <trkpt lat="46.475194" lon="11.312138"><ele>245</ele></trkpt>
      <trkpt lat="46.474649" lon="11.311512"><ele>244</ele></trkpt>
      <trkpt lat="46.474078" lon="11.310970"><ele>244</ele></trkpt>
      <trkpt lat="46.473981" lon="11.310851"><ele>244</ele></trkpt>
      <trkpt lat="46.473898" lon="11.310777"><ele>245</ele></trkpt>
      <trkpt lat="46.473811" lon="11.310697"><ele>244</ele></trkpt>
      <trkpt lat="46.473726" lon="11.310636"><ele>244</ele></trkpt>
      <trkpt lat="46.473659" lon="11.310603"><ele>244</ele></trkpt>
      <trkpt lat="46.473542" lon="11.310492"><ele>244</ele></trkpt>
      <trkpt lat="46.473538" lon="11.310424"><ele>244</ele></trkpt>
      <trkpt lat="46.473558" lon="11.309882"><ele>242</ele></trkpt>
      <trkpt lat="46.473560" lon="11.309511"><ele>244</ele></trkpt>
      <trkpt lat="46.473596" lon="11.309449"><ele>245</ele></trkpt>
      <trkpt lat="46.473667" lon="11.309451"><ele>244</ele></trkpt>
      <trkpt lat="46.473963" lon="11.309461"><ele>244</ele></trkpt>
      <trkpt lat="46.474085" lon="11.309454"><ele>244</ele></trkpt>
      <trkpt lat="46.474575" lon="11.309361"><ele>241</ele></trkpt>
      <trkpt lat="46.474867" lon="11.309280"><ele>241</ele></trkpt>
      <trkpt lat="46.475136" lon="11.309187"><ele>243</ele></trkpt>
      <trkpt lat="46.475635" lon="11.308991"><ele>242</ele></trkpt>
      <trkpt lat="46.475874" lon="11.308876"><ele>243</ele></trkpt>
      <trkpt lat="46.476747" lon="11.308512"><ele>241</ele></trkpt>
      <trkpt lat="46.476965" lon="11.308430"><ele>241</ele></trkpt>
      <trkpt lat="46.477138" lon="11.308379"><ele>242</ele></trkpt>
      <trkpt lat="46.477414" lon="11.308338"><ele>243</ele></trkpt>
      <trkpt lat="46.477761" lon="11.308337"><ele>243</ele></trkpt>
      <trkpt lat="46.477955" lon="11.308361"><ele>242</ele></trkpt>
      <trkpt lat="46.478564" lon="11.308494"><ele>242</ele></trkpt>
      <trkpt lat="46.478714" lon="11.308499"><ele>242</ele></trkpt>
      <trkpt lat="46.478879" lon="11.308484"><ele>242</ele></trkpt>
      <trkpt lat="46.479067" lon="11.308435"><ele>242</ele></trkpt>
      <trkpt lat="46.479340" lon="11.308332"><ele>243</ele></trkpt>
      <trkpt lat="46.480279" lon="11.307849"><ele>242</ele></trkpt>
      <trkpt lat="46.480890" lon="11.307511"><ele>242</ele></trkpt>
      <trkpt lat="46.481299" lon="11.307260"><ele>242</ele></trkpt>
      <trkpt lat="46.481634" lon="11.306994"><ele>242</ele></trkpt>
      <trkpt lat="46.481965" lon="11.306698"><ele>242</ele></trkpt>
      <trkpt lat="46.482412" lon="11.306223"><ele>242</ele></trkpt>
      <trkpt lat="46.482575" lon="11.306006"><ele>242</ele></trkpt>
      <trkpt lat="46.482670" lon="11.305874"><ele>242</ele></trkpt>
      <trkpt lat="46.482792" lon="11.305599"><ele>242</ele></trkpt>
      <trkpt lat="46.482917" lon="11.305215"><ele>241</ele></trkpt>
      <trkpt lat="46.483060" lon="11.304699"><ele>244</ele></trkpt>
      <trkpt lat="46.483102" lon="11.304597"><ele>243</ele></trkpt>
      <trkpt lat="46.483075" lon="11.304520"><ele>242</ele></trkpt>
      <trkpt lat="46.482674" lon="11.303694"><ele>241</ele></trkpt>
      <trkpt lat="46.482603" lon="11.303539"><ele>242</ele></trkpt>
      <trkpt lat="46.482551" lon="11.303399"><ele>243</ele></trkpt>
      <trkpt lat="46.482716" lon="11.303407"><ele>242</ele></trkpt>
      <trkpt lat="46.482748" lon="11.303375"><ele>243</ele></trkpt>
      <trkpt lat="46.483806" lon="11.300235"><ele>242</ele></trkpt>
      <trkpt lat="46.483897" lon="11.299950"><ele>242</ele></trkpt>
      <trkpt lat="46.483997" lon="11.299575"><ele>240</ele></trkpt>
      <trkpt lat="46.484009" lon="11.299554"><ele>240</ele></trkpt>
      <trkpt lat="46.484115" lon="11.299460"><ele>239</ele></trkpt>
      <trkpt lat="46.484227" lon="11.299174"><ele>244</ele></trkpt>
      <trkpt lat="46.484287" lon="11.299217"><ele>242</ele></trkpt>
      <trkpt lat="46.484810" lon="11.299591"><ele>242</ele></trkpt>
      <trkpt lat="46.484895" lon="11.299651"><ele>243</ele></trkpt>
      <trkpt lat="46.484920" lon="11.299669"><ele>244</ele></trkpt>
      <trkpt lat="46.484942" lon="11.299609"><ele>244</ele></trkpt>
      <trkpt lat="46.484951" lon="11.299490"><ele>244</ele></trkpt>
      <trkpt lat="46.484931" lon="11.299208"><ele>243</ele></trkpt>
      <trkpt lat="46.484947" lon="11.299083"><ele>243</ele></trkpt>
      <trkpt lat="46.484969" lon="11.298989"><ele>243</ele></trkpt>
      <trkpt lat="46.485001" lon="11.298904"><ele>243</ele></trkpt>
      <trkpt lat="46.485078" lon="11.298760"><ele>242</ele></trkpt>
      <trkpt lat="46.485160" lon="11.298560"><ele>242</ele></trkpt>
      <trkpt lat="46.485211" lon="11.298368"><ele>243</ele></trkpt>
      <trkpt lat="46.485271" lon="11.298105"><ele>243</ele></trkpt>
      <trkpt lat="46.486086" lon="11.295688"><ele>242</ele></trkpt>
      <trkpt lat="46.486708" lon="11.293887"><ele>242</ele></trkpt>
      <trkpt lat="46.486945" lon="11.293292"><ele>244</ele></trkpt>
      <trkpt lat="46.487236" lon="11.292478"><ele>243</ele></trkpt>
      <trkpt lat="46.488060" lon="11.290059"><ele>243</ele></trkpt>
      <trkpt lat="46.488240" lon="11.289591"><ele>242</ele></trkpt>
      <trkpt lat="46.488416" lon="11.289214"><ele>242</ele></trkpt>
      <trkpt lat="46.488561" lon="11.288977"><ele>243</ele></trkpt>
      <trkpt lat="46.488796" lon="11.288655"><ele>243</ele></trkpt>
      <trkpt lat="46.489018" lon="11.288390"><ele>242</ele></trkpt>
      <trkpt lat="46.489302" lon="11.288106"><ele>242</ele></trkpt>
      <trkpt lat="46.489657" lon="11.287807"><ele>243</ele></trkpt>
      <trkpt lat="46.489907" lon="11.287640"><ele>242</ele></trkpt>
      <trkpt lat="46.490147" lon="11.287504"><ele>244</ele></trkpt>
      <trkpt lat="46.490338" lon="11.287417"><ele>242</ele></trkpt>
      <trkpt lat="46.490635" lon="11.287297"><ele>242</ele></trkpt>
      <trkpt lat="46.491509" lon="11.287042"><ele>243</ele></trkpt>
      <trkpt lat="46.491839" lon="11.286916"><ele>244</ele></trkpt>
      <trkpt lat="46.492165" lon="11.286752"><ele>242</ele></trkpt>
      <trkpt lat="46.492669" lon="11.286437"><ele>243</ele></trkpt>
      <trkpt lat="46.493024" lon="11.286169"><ele>244</ele></trkpt>
      <trkpt lat="46.493319" lon="11.285888"><ele>244</ele></trkpt>
      <trkpt lat="46.493609" lon="11.285548"><ele>244</ele></trkpt>
      <trkpt lat="46.493840" lon="11.285236"><ele>242</ele></trkpt>
      <trkpt lat="46.494032" lon="11.284943"><ele>243</ele></trkpt>
      <trkpt lat="46.494503" lon="11.284150"><ele>244</ele></trkpt>
      <trkpt lat="46.495759" lon="11.281954"><ele>243</ele></trkpt>
      <trkpt lat="46.495882" lon="11.281752"><ele>243</ele></trkpt>
      <trkpt lat="46.496916" lon="11.279981"><ele>244</ele></trkpt>
      <trkpt lat="46.497055" lon="11.279723"><ele>243</ele></trkpt>
      <trkpt lat="46.497342" lon="11.279135"><ele>244</ele></trkpt>
      <trkpt lat="46.497459" lon="11.278869"><ele>243</ele></trkpt>
      <trkpt lat="46.497712" lon="11.278179"><ele>243</ele></trkpt>
      <trkpt lat="46.497875" lon="11.277656"><ele>243</ele></trkpt>
      <trkpt lat="46.498028" lon="11.277099"><ele>244</ele></trkpt>
      <trkpt lat="46.498158" lon="11.276446"><ele>243</ele></trkpt>
      <trkpt lat="46.498259" lon="11.275792"><ele>243</ele></trkpt>
      <trkpt lat="46.498297" lon="11.275431"><ele>244</ele></trkpt>
      <trkpt lat="46.498326" lon="11.275080"><ele>245</ele></trkpt>
      <trkpt lat="46.498346" lon="11.274704"><ele>245</ele></trkpt>
      <trkpt lat="46.498366" lon="11.274003"><ele>245</ele></trkpt>
      <trkpt lat="46.498389" lon="11.273609"><ele>244</ele></trkpt>
      <trkpt lat="46.498453" lon="11.273148"><ele>243</ele></trkpt>
      <trkpt lat="46.498534" lon="11.272699"><ele>244</ele></trkpt>
      <trkpt lat="46.498679" lon="11.272162"><ele>244</ele></trkpt>
      <trkpt lat="46.498822" lon="11.271731"><ele>244</ele></trkpt>
      <trkpt lat="46.498950" lon="11.271429"><ele>244</ele></trkpt>
      <trkpt lat="46.499060" lon="11.271209"><ele>244</ele></trkpt>
      <trkpt lat="46.499271" lon="11.270708"><ele>243</ele></trkpt>
      <trkpt lat="46.499375" lon="11.270529"><ele>244</ele></trkpt>
      <trkpt lat="46.499494" lon="11.270351"><ele>243</ele></trkpt>
      <trkpt lat="46.499631" lon="11.270163"><ele>243</ele></trkpt>
      <trkpt lat="46.499955" lon="11.269819"><ele>244</ele></trkpt>
      <trkpt lat="46.500160" lon="11.269616"><ele>244</ele></trkpt>
      <trkpt lat="46.500376" lon="11.269424"><ele>244</ele></trkpt>
      <trkpt lat="46.500555" lon="11.269290"><ele>244</ele></trkpt>
      <trkpt lat="46.500943" lon="11.269052"><ele>244</ele></trkpt>
      <trkpt lat="46.501933" lon="11.268483"><ele>244</ele></trkpt>
      <trkpt lat="46.503781" lon="11.267428"><ele>244</ele></trkpt>
      <trkpt lat="46.505038" lon="11.266726"><ele>245</ele></trkpt>
      <trkpt lat="46.506073" lon="11.266136"><ele>246</ele></trkpt>
      <trkpt lat="46.506894" lon="11.265667"><ele>245</ele></trkpt>
      <trkpt lat="46.507006" lon="11.265592"><ele>246</ele></trkpt>
      <trkpt lat="46.507305" lon="11.265366"><ele>244</ele></trkpt>
      <trkpt lat="46.507556" lon="11.265214"><ele>245</ele></trkpt>
      <trkpt lat="46.508627" lon="11.264623"><ele>245</ele></trkpt>
      <trkpt lat="46.508694" lon="11.264585"><ele>244</ele></trkpt>
      <trkpt lat="46.508954" lon="11.264435"><ele>245</ele></trkpt>
      <trkpt lat="46.509142" lon="11.264315"><ele>244</ele></trkpt>
      <trkpt lat="46.509390" lon="11.264146"><ele>245</ele></trkpt>
      <trkpt lat="46.509601" lon="11.263978"><ele>245</ele></trkpt>
      <trkpt lat="46.509814" lon="11.263790"><ele>245</ele></trkpt>
      <trkpt lat="46.510028" lon="11.263587"><ele>246</ele></trkpt>
      <trkpt lat="46.510269" lon="11.263324"><ele>246</ele></trkpt>
      <trkpt lat="46.510421" lon="11.263139"><ele>245</ele></trkpt>
      <trkpt lat="46.510591" lon="11.262917"><ele>245</ele></trkpt>
      <trkpt lat="46.510728" lon="11.262725"><ele>244</ele></trkpt>
      <trkpt lat="46.511012" lon="11.262280"><ele>245</ele></trkpt>
      <trkpt lat="46.511207" lon="11.261929"><ele>244</ele></trkpt>
      <trkpt lat="46.511344" lon="11.261658"><ele>246</ele></trkpt>
      <trkpt lat="46.511570" lon="11.261172"><ele>245</ele></trkpt>
      <trkpt lat="46.511672" lon="11.260897"><ele>247</ele></trkpt>
      <trkpt lat="46.511836" lon="11.260605"><ele>244</ele></trkpt>
      <trkpt lat="46.512567" lon="11.259015"><ele>245</ele></trkpt>
      <trkpt lat="46.513777" lon="11.256356"><ele>245</ele></trkpt>
      <trkpt lat="46.514336" lon="11.255075"><ele>245</ele></trkpt>
      <trkpt lat="46.514521" lon="11.254635"><ele>245</ele></trkpt>
      <trkpt lat="46.514818" lon="11.253970"><ele>245</ele></trkpt>
      <trkpt lat="46.514908" lon="11.253794"><ele>245</ele></trkpt>
      <trkpt lat="46.515087" lon="11.253478"><ele>246</ele></trkpt>
      <trkpt lat="46.515393" lon="11.253095"><ele>246</ele></trkpt>
      <trkpt lat="46.515511" lon="11.252972"><ele>246</ele></trkpt>
      <trkpt lat="46.516533" lon="11.252022"><ele>247</ele></trkpt>
      <trkpt lat="46.516718" lon="11.251829"><ele>247</ele></trkpt>
      <trkpt lat="46.517077" lon="11.251396"><ele>247</ele></trkpt>
      <trkpt lat="46.517631" lon="11.250581"><ele>247</ele></trkpt>
      <trkpt lat="46.518644" lon="11.249078"><ele>247</ele></trkpt>
      <trkpt lat="46.518900" lon="11.248739"><ele>246</ele></trkpt>
      <trkpt lat="46.519031" lon="11.248587"><ele>246</ele></trkpt>
      <trkpt lat="46.519163" lon="11.248445"><ele>246</ele></trkpt>
      <trkpt lat="46.520129" lon="11.247475"><ele>246</ele></trkpt>
      <trkpt lat="46.520399" lon="11.247263"><ele>246</ele></trkpt>
      <trkpt lat="46.520567" lon="11.247157"><ele>246</ele></trkpt>
      <trkpt lat="46.520890" lon="11.246997"><ele>246</ele></trkpt>
      <trkpt lat="46.521107" lon="11.246929"><ele>248</ele></trkpt>
      <trkpt lat="46.521208" lon="11.246886"><ele>247</ele></trkpt>
      <trkpt lat="46.521472" lon="11.246729"><ele>246</ele></trkpt>
      <trkpt lat="46.521575" lon="11.246636"><ele>247</ele></trkpt>
      <trkpt lat="46.521629" lon="11.246585"><ele>246</ele></trkpt>
      <trkpt lat="46.522141" lon="11.246251"><ele>246</ele></trkpt>
      <trkpt lat="46.522358" lon="11.246119"><ele>246</ele></trkpt>
      <trkpt lat="46.522481" lon="11.246045"><ele>246</ele></trkpt>
      <trkpt lat="46.522904" lon="11.245796"><ele>247</ele></trkpt>
      <trkpt lat="46.523233" lon="11.245635"><ele>247</ele></trkpt>
      <trkpt lat="46.523295" lon="11.245628"><ele>247</ele></trkpt>
      <trkpt lat="46.523353" lon="11.245618"><ele>248</ele></trkpt>
      <trkpt lat="46.523419" lon="11.245590"><ele>248</ele></trkpt>
      <trkpt lat="46.524540" lon="11.244895"><ele>247</ele></trkpt>
      <trkpt lat="46.529292" lon="11.242026"><ele>247</ele></trkpt>
      <trkpt lat="46.529352" lon="11.241982"><ele>248</ele></trkpt>
      <trkpt lat="46.529392" lon="11.241931"><ele>248</ele></trkpt>
      <trkpt lat="46.529439" lon="11.241880"><ele>247</ele></trkpt>
      <trkpt lat="46.529516" lon="11.241819"><ele>246</ele></trkpt>
      <trkpt lat="46.530323" lon="11.241295"><ele>248</ele></trkpt>
      <trkpt lat="46.530546" lon="11.241165"><ele>248</ele></trkpt>
      <trkpt lat="46.530672" lon="11.241080"><ele>248</ele></trkpt>
      <trkpt lat="46.530998" lon="11.240899"><ele>247</ele></trkpt>
      <trkpt lat="46.531394" lon="11.240706"><ele>248</ele></trkpt>
      <trkpt lat="46.531463" lon="11.240701"><ele>248</ele></trkpt>
      <trkpt lat="46.531524" lon="11.240681"><ele>248</ele></trkpt>
      <trkpt lat="46.531646" lon="11.240592"><ele>250</ele></trkpt>
      <trkpt lat="46.532138" lon="11.240264"><ele>248</ele></trkpt>
      <trkpt lat="46.532741" lon="11.239808"><ele>248</ele></trkpt>
      <trkpt lat="46.533363" lon="11.239277"><ele>249</ele></trkpt>
      <trkpt lat="46.533663" lon="11.238996"><ele>249</ele></trkpt>
      <trkpt lat="46.533893" lon="11.238767"><ele>249</ele></trkpt>
      <trkpt lat="46.534365" lon="11.238198"><ele>248</ele></trkpt>
      <trkpt lat="46.534834" lon="11.237656"><ele>248</ele></trkpt>
      <trkpt lat="46.534996" lon="11.237479"><ele>248</ele></trkpt>
      <trkpt lat="46.535592" lon="11.236893"><ele>249</ele></trkpt>
      <trkpt lat="46.535876" lon="11.236643"><ele>248</ele></trkpt>
      <trkpt lat="46.536135" lon="11.236439"><ele>248</ele></trkpt>
      <trkpt lat="46.537008" lon="11.235810"><ele>248</ele></trkpt>
      <trkpt lat="46.538041" lon="11.235051"><ele>249</ele></trkpt>
      <trkpt lat="46.538255" lon="11.234920"><ele>249</ele></trkpt>
      <trkpt lat="46.538378" lon="11.234863"><ele>248</ele></trkpt>
      <trkpt lat="46.538610" lon="11.234783"><ele>249</ele></trkpt>
      <trkpt lat="46.538913" lon="11.234640"><ele>249</ele></trkpt>
      <trkpt lat="46.539105" lon="11.234534"><ele>249</ele></trkpt>
      <trkpt lat="46.539319" lon="11.234381"><ele>250</ele></trkpt>
      <trkpt lat="46.540005" lon="11.233799"><ele>248</ele></trkpt>
      <trkpt lat="46.540374" lon="11.233502"><ele>248</ele></trkpt>
      <trkpt lat="46.540615" lon="11.233287"><ele>249</ele></trkpt>
      <trkpt lat="46.540818" lon="11.233076"><ele>250</ele></trkpt>
      <trkpt lat="46.540976" lon="11.232889"><ele>248</ele></trkpt>
      <trkpt lat="46.541143" lon="11.232677"><ele>249</ele></trkpt>
      <trkpt lat="46.541262" lon="11.232501"><ele>248</ele></trkpt>
      <trkpt lat="46.541468" lon="11.232180"><ele>248</ele></trkpt>
      <trkpt lat="46.541722" lon="11.231699"><ele>249</ele></trkpt>
      <trkpt lat="46.541950" lon="11.231196"><ele>250</ele></trkpt>
      <trkpt lat="46.542236" lon="11.230484"><ele>250</ele></trkpt>
      <trkpt lat="46.542511" lon="11.229769"><ele>251</ele></trkpt>
      <trkpt lat="46.542777" lon="11.229099"><ele>251</ele></trkpt>
      <trkpt lat="46.542965" lon="11.228691"><ele>250</ele></trkpt>
      <trkpt lat="46.543048" lon="11.228488"><ele>251</ele></trkpt>
      <trkpt lat="46.543139" lon="11.228189"><ele>250</ele></trkpt>
      <trkpt lat="46.543604" lon="11.226798"><ele>250</ele></trkpt>
      <trkpt lat="46.543717" lon="11.226530"><ele>249</ele></trkpt>
      <trkpt lat="46.543860" lon="11.226244"><ele>250</ele></trkpt>
      <trkpt lat="46.543956" lon="11.226077"><ele>250</ele></trkpt>
      <trkpt lat="46.544134" lon="11.225816"><ele>250</ele></trkpt>
      <trkpt lat="46.544264" lon="11.225651"><ele>250</ele></trkpt>
      <trkpt lat="46.544445" lon="11.225492"><ele>251</ele></trkpt>
      <trkpt lat="46.544760" lon="11.225265"><ele>251</ele></trkpt>
      <trkpt lat="46.544923" lon="11.225167"><ele>250</ele></trkpt>
      <trkpt lat="46.545061" lon="11.225103"><ele>249</ele></trkpt>
      <trkpt lat="46.545256" lon="11.225033"><ele>250</ele></trkpt>
      <trkpt lat="46.545384" lon="11.224997"><ele>250</ele></trkpt>
      <trkpt lat="46.545657" lon="11.224965"><ele>251</ele></trkpt>
      <trkpt lat="46.545812" lon="11.224936"><ele>250</ele></trkpt>
      <trkpt lat="46.546201" lon="11.224827"><ele>249</ele></trkpt>
      <trkpt lat="46.546706" lon="11.224725"><ele>251</ele></trkpt>
      <trkpt lat="46.547025" lon="11.224682"><ele>250</ele></trkpt>
      <trkpt lat="46.547362" lon="11.224613"><ele>250</ele></trkpt>
      <trkpt lat="46.548129" lon="11.224416"><ele>251</ele></trkpt>
      <trkpt lat="46.548439" lon="11.224302"><ele>250</ele></trkpt>
      <trkpt lat="46.548657" lon="11.224204"><ele>250</ele></trkpt>
      <trkpt lat="46.548889" lon="11.224086"><ele>250</ele></trkpt>
      <trkpt lat="46.549463" lon="11.223724"><ele>250</ele></trkpt>
      <trkpt lat="46.549957" lon="11.223332"><ele>251</ele></trkpt>
      <trkpt lat="46.550328" lon="11.222961"><ele>250</ele></trkpt>
      <trkpt lat="46.550503" lon="11.222771"><ele>251</ele></trkpt>
      <trkpt lat="46.550797" lon="11.222379"><ele>250</ele></trkpt>
      <trkpt lat="46.550890" lon="11.222256"><ele>250</ele></trkpt>
      <trkpt lat="46.551004" lon="11.222083"><ele>250</ele></trkpt>
      <trkpt lat="46.551592" lon="11.221125"><ele>251</ele></trkpt>
      <trkpt lat="46.551865" lon="11.220741"><ele>250</ele></trkpt>
      <trkpt lat="46.552174" lon="11.220416"><ele>251</ele></trkpt>
      <trkpt lat="46.552438" lon="11.220181"><ele>250</ele></trkpt>
      <trkpt lat="46.552722" lon="11.219974"><ele>251</ele></trkpt>
      <trkpt lat="46.553131" lon="11.219764"><ele>251</ele></trkpt>
      <trkpt lat="46.553544" lon="11.219616"><ele>250</ele></trkpt>
      <trkpt lat="46.553936" lon="11.219502"><ele>250</ele></trkpt>
      <trkpt lat="46.554329" lon="11.219372"><ele>251</ele></trkpt>
      <trkpt lat="46.555105" lon="11.218989"><ele>251</ele></trkpt>
      <trkpt lat="46.555146" lon="11.218963"><ele>251</ele></trkpt>
      <trkpt lat="46.555241" lon="11.218903"><ele>252</ele></trkpt>
      <trkpt lat="46.555534" lon="11.218720"><ele>252</ele></trkpt>
      <trkpt lat="46.555633" lon="11.218670"><ele>252</ele></trkpt>
      <trkpt lat="46.555710" lon="11.218609"><ele>252</ele></trkpt>
      <trkpt lat="46.555773" lon="11.218529"><ele>252</ele></trkpt>
      <trkpt lat="46.556134" lon="11.218116"><ele>252</ele></trkpt>
      <trkpt lat="46.556267" lon="11.217987"><ele>251</ele></trkpt>
      <trkpt lat="46.556400" lon="11.217889"><ele>251</ele></trkpt>
      <trkpt lat="46.556632" lon="11.217757"><ele>252</ele></trkpt>
      <trkpt lat="46.556881" lon="11.217666"><ele>252</ele></trkpt>
      <trkpt lat="46.557130" lon="11.217615"><ele>251</ele></trkpt>
      <trkpt lat="46.557297" lon="11.217596"><ele>251</ele></trkpt>
      <trkpt lat="46.557467" lon="11.217592"><ele>251</ele></trkpt>
      <trkpt lat="46.557654" lon="11.217616"><ele>251</ele></trkpt>
      <trkpt lat="46.557823" lon="11.217651"><ele>251</ele></trkpt>
      <trkpt lat="46.557927" lon="11.217686"><ele>251</ele></trkpt>
      <trkpt lat="46.558106" lon="11.217782"><ele>251</ele></trkpt>
      <trkpt lat="46.558638" lon="11.218105"><ele>252</ele></trkpt>
      <trkpt lat="46.559226" lon="11.218449"><ele>251</ele></trkpt>
      <trkpt lat="46.559561" lon="11.218619"><ele>252</ele></trkpt>
      <trkpt lat="46.559673" lon="11.218658"><ele>252</ele></trkpt>
      <trkpt lat="46.559794" lon="11.218682"><ele>252</ele></trkpt>
      <trkpt lat="46.560011" lon="11.218695"><ele>252</ele></trkpt>
      <trkpt lat="46.560784" lon="11.218716"><ele>252</ele></trkpt>
      <trkpt lat="46.560854" lon="11.218709"><ele>252</ele></trkpt>
      <trkpt lat="46.560950" lon="11.218684"><ele>252</ele></trkpt>
      <trkpt lat="46.561665" lon="11.218339"><ele>252</ele></trkpt>
      <trkpt lat="46.561849" lon="11.218220"><ele>251</ele></trkpt>
      <trkpt lat="46.562086" lon="11.218047"><ele>252</ele></trkpt>
      <trkpt lat="46.562253" lon="11.217920"><ele>252</ele></trkpt>
      <trkpt lat="46.562371" lon="11.217816"><ele>252</ele></trkpt>
      <trkpt lat="46.562543" lon="11.217651"><ele>252</ele></trkpt>
      <trkpt lat="46.563290" lon="11.216850"><ele>252</ele></trkpt>
      <trkpt lat="46.565009" lon="11.214966"><ele>253</ele></trkpt>
      <trkpt lat="46.566945" lon="11.212888"><ele>252</ele></trkpt>
      <trkpt lat="46.567540" lon="11.212146"><ele>254</ele></trkpt>
      <trkpt lat="46.567733" lon="11.211880"><ele>253</ele></trkpt>
      <trkpt lat="46.567913" lon="11.211597"><ele>252</ele></trkpt>
      <trkpt lat="46.568168" lon="11.211171"><ele>252</ele></trkpt>
      <trkpt lat="46.568436" lon="11.210695"><ele>252</ele></trkpt>
      <trkpt lat="46.568645" lon="11.210283"><ele>254</ele></trkpt>
      <trkpt lat="46.570268" lon="11.206655"><ele>255</ele></trkpt>
      <trkpt lat="46.572035" lon="11.202683"><ele>254</ele></trkpt>
      <trkpt lat="46.572363" lon="11.202026"><ele>254</ele></trkpt>
      <trkpt lat="46.572619" lon="11.201566"><ele>254</ele></trkpt>
      <trkpt lat="46.572757" lon="11.201341"><ele>255</ele></trkpt>
      <trkpt lat="46.573012" lon="11.200949"><ele>254</ele></trkpt>
      <trkpt lat="46.573198" lon="11.200677"><ele>254</ele></trkpt>
      <trkpt lat="46.573529" lon="11.200225"><ele>254</ele></trkpt>
      <trkpt lat="46.573766" lon="11.199928"><ele>254</ele></trkpt>
      <trkpt lat="46.574204" lon="11.199436"><ele>255</ele></trkpt>
      <trkpt lat="46.574247" lon="11.199361"><ele>254</ele></trkpt>
      <trkpt lat="46.574291" lon="11.199290"><ele>254</ele></trkpt>
      <trkpt lat="46.574573" lon="11.198981"><ele>255</ele></trkpt>
      <trkpt lat="46.574656" lon="11.198926"><ele>255</ele></trkpt>
      <trkpt lat="46.574788" lon="11.198786"><ele>255</ele></trkpt>
      <trkpt lat="46.576739" lon="11.196588"><ele>256</ele></trkpt>
      <trkpt lat="46.576878" lon="11.196415"><ele>256</ele></trkpt>
      <trkpt lat="46.577180" lon="11.196097"><ele>256</ele></trkpt>
      <trkpt lat="46.580036" lon="11.192879"><ele>256</ele></trkpt>
      <trkpt lat="46.580518" lon="11.192350"><ele>256</ele></trkpt>
      <trkpt lat="46.580785" lon="11.192069"><ele>256</ele></trkpt>
      <trkpt lat="46.581275" lon="11.191601"><ele>256</ele></trkpt>
      <trkpt lat="46.581550" lon="11.191365"><ele>256</ele></trkpt>
      <trkpt lat="46.581822" lon="11.191144"><ele>256</ele></trkpt>
      <trkpt lat="46.582139" lon="11.190918"><ele>256</ele></trkpt>
      <trkpt lat="46.582552" lon="11.190639"><ele>256</ele></trkpt>
      <trkpt lat="46.582990" lon="11.190373"><ele>257</ele></trkpt>
      <trkpt lat="46.583441" lon="11.190141"><ele>256</ele></trkpt>
      <trkpt lat="46.583723" lon="11.190008"><ele>257</ele></trkpt>
      <trkpt lat="46.585615" lon="11.189116"><ele>258</ele></trkpt>
      <trkpt lat="46.585852" lon="11.189011"><ele>257</ele></trkpt>
      <trkpt lat="46.586125" lon="11.188904"><ele>256</ele></trkpt>
      <trkpt lat="46.586236" lon="11.188863"><ele>257</ele></trkpt>
      <trkpt lat="46.587009" lon="11.188575"><ele>258</ele></trkpt>
      <trkpt lat="46.587591" lon="11.188386"><ele>257</ele></trkpt>
      <trkpt lat="46.588133" lon="11.188230"><ele>258</ele></trkpt>
      <trkpt lat="46.588514" lon="11.188135"><ele>258</ele></trkpt>
      <trkpt lat="46.589476" lon="11.187940"><ele>258</ele></trkpt>
      <trkpt lat="46.591099" lon="11.187678"><ele>260</ele></trkpt>
      <trkpt lat="46.591996" lon="11.187565"><ele>259</ele></trkpt>
      <trkpt lat="46.592419" lon="11.187539"><ele>260</ele></trkpt>
      <trkpt lat="46.592963" lon="11.187536"><ele>259</ele></trkpt>
      <trkpt lat="46.593647" lon="11.187518"><ele>260</ele></trkpt>
      <trkpt lat="46.594369" lon="11.187457"><ele>260</ele></trkpt>
      <trkpt lat="46.595048" lon="11.187380"><ele>260</ele></trkpt>
      <trkpt lat="46.595791" lon="11.187280"><ele>259</ele></trkpt>
      <trkpt lat="46.596468" lon="11.187165"><ele>261</ele></trkpt>
      <trkpt lat="46.597020" lon="11.187031"><ele>260</ele></trkpt>
      <trkpt lat="46.597356" lon="11.186938"><ele>261</ele></trkpt>
      <trkpt lat="46.597638" lon="11.186844"><ele>260</ele></trkpt>
      <trkpt lat="46.599448" lon="11.186206"><ele>260</ele></trkpt>
      <trkpt lat="46.600024" lon="11.185999"><ele>260</ele></trkpt>
      <trkpt lat="46.601358" lon="11.185557"><ele>262</ele></trkpt>
      <trkpt lat="46.601774" lon="11.185427"><ele>261</ele></trkpt>
      <trkpt lat="46.602220" lon="11.185261"><ele>262</ele></trkpt>
      <trkpt lat="46.604258" lon="11.184583"><ele>262</ele></trkpt>
      <trkpt lat="46.604502" lon="11.184470"><ele>262</ele></trkpt>
      <trkpt lat="46.604771" lon="11.184331"><ele>262</ele></trkpt>
      <trkpt lat="46.606059" lon="11.183506"><ele>262</ele></trkpt>
      <trkpt lat="46.606706" lon="11.183074"><ele>262</ele></trkpt>
      <trkpt lat="46.608205" lon="11.182104"><ele>263</ele></trkpt>
      <trkpt lat="46.608612" lon="11.181831"><ele>263</ele></trkpt>
      <trkpt lat="46.609186" lon="11.181461"><ele>263</ele></trkpt>
      <trkpt lat="46.609310" lon="11.181390"><ele>264</ele></trkpt>
      <trkpt lat="46.609478" lon="11.181311"><ele>264</ele></trkpt>
      <trkpt lat="46.609929" lon="11.181205"><ele>264</ele></trkpt>
      <trkpt lat="46.610418" lon="11.181112"><ele>266</ele></trkpt>
      <trkpt lat="46.610914" lon="11.181168"><ele>265</ele></trkpt>
      <trkpt lat="46.611182" lon="11.181217"><ele>264</ele></trkpt>
      <trkpt lat="46.611467" lon="11.181297"><ele>264</ele></trkpt>
      <trkpt lat="46.611672" lon="11.181379"><ele>265</ele></trkpt>
      <trkpt lat="46.612040" lon="11.181562"><ele>264</ele></trkpt>
      <trkpt lat="46.612246" lon="11.181705"><ele>263</ele></trkpt>
      <trkpt lat="46.612478" lon="11.181885"><ele>263</ele></trkpt>
      <trkpt lat="46.612636" lon="11.182035"><ele>263</ele></trkpt>
      <trkpt lat="46.612777" lon="11.182192"><ele>264</ele></trkpt>
      <trkpt lat="46.613275" lon="11.182778"><ele>263</ele></trkpt>
      <trkpt lat="46.613529" lon="11.183043"><ele>264</ele></trkpt>
      <trkpt lat="46.613981" lon="11.183451"><ele>264</ele></trkpt>
      <trkpt lat="46.614274" lon="11.183674"><ele>264</ele></trkpt>
      <trkpt lat="46.614704" lon="11.183949"><ele>264</ele></trkpt>
      <trkpt lat="46.614929" lon="11.184071"><ele>264</ele></trkpt>
      <trkpt lat="46.615085" lon="11.184146"><ele>265</ele></trkpt>
      <trkpt lat="46.615705" lon="11.184418"><ele>265</ele></trkpt>
      <trkpt lat="46.616011" lon="11.184521"><ele>264</ele></trkpt>
      <trkpt lat="46.616402" lon="11.184608"><ele>265</ele></trkpt>
      <trkpt lat="46.618508" lon="11.184809"><ele>264</ele></trkpt>
      <trkpt lat="46.618800" lon="11.184824"><ele>264</ele></trkpt>
      <trkpt lat="46.619090" lon="11.184812"><ele>264</ele></trkpt>
      <trkpt lat="46.619336" lon="11.184787"><ele>265</ele></trkpt>
      <trkpt lat="46.619830" lon="11.184684"><ele>266</ele></trkpt>
      <trkpt lat="46.620010" lon="11.184645"><ele>266</ele></trkpt>
      <trkpt lat="46.620287" lon="11.184583"><ele>266</ele></trkpt>
      <trkpt lat="46.620455" lon="11.184534"><ele>266</ele></trkpt>
      <trkpt lat="46.620687" lon="11.184450"><ele>267</ele></trkpt>
      <trkpt lat="46.621000" lon="11.184311"><ele>266</ele></trkpt>
      <trkpt lat="46.621187" lon="11.184213"><ele>267</ele></trkpt>
      <trkpt lat="46.622364" lon="11.183544"><ele>267</ele></trkpt>
      <trkpt lat="46.624894" lon="11.182079"><ele>268</ele></trkpt>
      <trkpt lat="46.628959" lon="11.179738"><ele>270</ele></trkpt>
      <trkpt lat="46.629405" lon="11.179441"><ele>270</ele></trkpt>
      <trkpt lat="46.629582" lon="11.179312"><ele>269</ele></trkpt>
      <trkpt lat="46.629743" lon="11.179180"><ele>270</ele></trkpt>
      <trkpt lat="46.629993" lon="11.178952"><ele>269</ele></trkpt>
      <trkpt lat="46.630380" lon="11.178559"><ele>269</ele></trkpt>
      <trkpt lat="46.630666" lon="11.178223"><ele>270</ele></trkpt>
      <trkpt lat="46.630835" lon="11.178004"><ele>270</ele></trkpt>
      <trkpt lat="46.630948" lon="11.177852"><ele>270</ele></trkpt>
      <trkpt lat="46.631309" lon="11.177311"><ele>271</ele></trkpt>
      <trkpt lat="46.631484" lon="11.177287"><ele>272</ele></trkpt>
      <trkpt lat="46.631674" lon="11.176988"><ele>272</ele></trkpt>
      <trkpt lat="46.631717" lon="11.176948"><ele>272</ele></trkpt>
      <trkpt lat="46.631837" lon="11.176789"><ele>272</ele></trkpt>
      <trkpt lat="46.632249" lon="11.176156"><ele>273</ele></trkpt>
      <trkpt lat="46.632324" lon="11.176003"><ele>272</ele></trkpt>
      <trkpt lat="46.632519" lon="11.175699"><ele>272</ele></trkpt>
      <trkpt lat="46.633244" lon="11.174602"><ele>274</ele></trkpt>
      <trkpt lat="46.633426" lon="11.174344"><ele>272</ele></trkpt>
      <trkpt lat="46.633535" lon="11.174205"><ele>272</ele></trkpt>
      <trkpt lat="46.633794" lon="11.173895"><ele>272</ele></trkpt>
      <trkpt lat="46.633930" lon="11.173746"><ele>273</ele></trkpt>
      <trkpt lat="46.634158" lon="11.173530"><ele>274</ele></trkpt>
      <trkpt lat="46.634503" lon="11.173244"><ele>274</ele></trkpt>
      <trkpt lat="46.634945" lon="11.172951"><ele>273</ele></trkpt>
      <trkpt lat="46.635006" lon="11.172926"><ele>273</ele></trkpt>
      <trkpt lat="46.635031" lon="11.172932"><ele>273</ele></trkpt>
      <trkpt lat="46.635068" lon="11.172964"><ele>273</ele></trkpt>
      <trkpt lat="46.635128" lon="11.173064"><ele>273</ele></trkpt>
      <trkpt lat="46.635211" lon="11.173144"><ele>273</ele></trkpt>
      <trkpt lat="46.635304" lon="11.173205"><ele>273</ele></trkpt>
      <trkpt lat="46.635413" lon="11.173218"><ele>273</ele></trkpt>
      <trkpt lat="46.635468" lon="11.173205"><ele>272</ele></trkpt>
      <trkpt lat="46.635549" lon="11.173169"><ele>272</ele></trkpt>
      <trkpt lat="46.635774" lon="11.173000"><ele>273</ele></trkpt>
      <trkpt lat="46.636633" lon="11.172507"><ele>274</ele></trkpt>
      <trkpt lat="46.636733" lon="11.172462"><ele>274</ele></trkpt>
      <trkpt lat="46.636971" lon="11.172329"><ele>272</ele></trkpt>
      <trkpt lat="46.637524" lon="11.172105"><ele>274</ele></trkpt>
      <trkpt lat="46.637736" lon="11.172054"><ele>273</ele></trkpt>
      <trkpt lat="46.637865" lon="11.172042"><ele>273</ele></trkpt>
      <trkpt lat="46.638225" lon="11.172037"><ele>273</ele></trkpt>
      <trkpt lat="46.638288" lon="11.172046"><ele>273</ele></trkpt>
      <trkpt lat="46.638384" lon="11.172111"><ele>273</ele></trkpt>
      <trkpt lat="46.638438" lon="11.172121"><ele>273</ele></trkpt>
      <trkpt lat="46.638544" lon="11.172108"><ele>272</ele></trkpt>
      <trkpt lat="46.639618" lon="11.172085"><ele>273</ele></trkpt>
      <trkpt lat="46.639958" lon="11.172098"><ele>273</ele></trkpt>
      <trkpt lat="46.640161" lon="11.172113"><ele>273</ele></trkpt>
      <trkpt lat="46.640392" lon="11.172145"><ele>274</ele></trkpt>
      <trkpt lat="46.640673" lon="11.172201"><ele>274</ele></trkpt>
      <trkpt lat="46.641349" lon="11.172383"><ele>274</ele></trkpt>
      <trkpt lat="46.641638" lon="11.172484"><ele>275</ele></trkpt>
      <trkpt lat="46.641910" lon="11.172595"><ele>274</ele></trkpt>
      <trkpt lat="46.642125" lon="11.172694"><ele>275</ele></trkpt>
      <trkpt lat="46.642639" lon="11.172982"><ele>276</ele></trkpt>
      <trkpt lat="46.642828" lon="11.173101"><ele>276</ele></trkpt>
      <trkpt lat="46.643051" lon="11.173273"><ele>276</ele></trkpt>
      <trkpt lat="46.644747" lon="11.174529"><ele>276</ele></trkpt>
      <trkpt lat="46.644966" lon="11.174719"><ele>277</ele></trkpt>
      <trkpt lat="46.645139" lon="11.174912"><ele>277</ele></trkpt>
      <trkpt lat="46.645278" lon="11.175037"><ele>278</ele></trkpt>
      <trkpt lat="46.645343" lon="11.175045"><ele>278</ele></trkpt>
      <trkpt lat="46.645418" lon="11.175037"><ele>278</ele></trkpt>
      <trkpt lat="46.645477" lon="11.175044"><ele>278</ele></trkpt>
      <trkpt lat="46.645524" lon="11.175067"><ele>278</ele></trkpt>
      <trkpt lat="46.645766" lon="11.175230"><ele>278</ele></trkpt>
      <trkpt lat="46.647656" lon="11.176701"><ele>284</ele></trkpt>
      <trkpt lat="46.647760" lon="11.176780"><ele>284</ele></trkpt>
      <trkpt lat="46.647755" lon="11.176717"><ele>284</ele></trkpt>
      <trkpt lat="46.647758" lon="11.176679"><ele>284</ele></trkpt>
      <trkpt lat="46.647774" lon="11.176629"><ele>284</ele></trkpt>
      <trkpt lat="46.647819" lon="11.176570"><ele>284</ele></trkpt>
      <trkpt lat="46.647861" lon="11.176556"><ele>284</ele></trkpt>
      <trkpt lat="46.647891" lon="11.176566"><ele>284</ele></trkpt>
      <trkpt lat="46.647926" lon="11.176594"><ele>284</ele></trkpt>
      <trkpt lat="46.648204" lon="11.176873"><ele>285</ele></trkpt>
      <trkpt lat="46.648270" lon="11.176952"><ele>286</ele></trkpt>
      <trkpt lat="46.648317" lon="11.176979"><ele>286</ele></trkpt>
      <trkpt lat="46.648370" lon="11.176982"><ele>286</ele></trkpt>
      <trkpt lat="46.648433" lon="11.176963"><ele>286</ele></trkpt>
      <trkpt lat="46.648500" lon="11.176956"><ele>286</ele></trkpt>
      <trkpt lat="46.648616" lon="11.176989"><ele>286</ele></trkpt>
      <trkpt lat="46.648692" lon="11.176980"><ele>286</ele></trkpt>
      <trkpt lat="46.648863" lon="11.176918"><ele>286</ele></trkpt>
      <trkpt lat="46.649004" lon="11.176868"><ele>286</ele></trkpt>
      <trkpt lat="46.649160" lon="11.176792"><ele>285</ele></trkpt>
      <trkpt lat="46.649440" lon="11.176616"><ele>286</ele></trkpt>
      <trkpt lat="46.649632" lon="11.176481"><ele>286</ele></trkpt>
      <trkpt lat="46.649948" lon="11.176203"><ele>286</ele></trkpt>
      <trkpt lat="46.650397" lon="11.175713"><ele>286</ele></trkpt>
      <trkpt lat="46.650462" lon="11.175644"><ele>286</ele></trkpt>
      <trkpt lat="46.650503" lon="11.175600"><ele>286</ele></trkpt>
      <trkpt lat="46.650815" lon="11.175283"><ele>287</ele></trkpt>
      <trkpt lat="46.650900" lon="11.175222"><ele>286</ele></trkpt>
      <trkpt lat="46.651005" lon="11.175167"><ele>286</ele></trkpt>
      <trkpt lat="46.651066" lon="11.175151"><ele>286</ele></trkpt>
      <trkpt lat="46.651204" lon="11.175114"><ele>286</ele></trkpt>
      <trkpt lat="46.651500" lon="11.175063"><ele>286</ele></trkpt>
      <trkpt lat="46.652175" lon="11.175014"><ele>288</ele></trkpt>
      <trkpt lat="46.652581" lon="11.174976"><ele>289</ele></trkpt>
      <trkpt lat="46.652693" lon="11.174945"><ele>289</ele></trkpt>
      <trkpt lat="46.652732" lon="11.174910"><ele>290</ele></trkpt>
      <trkpt lat="46.652798" lon="11.174854"><ele>290</ele></trkpt>
      <trkpt lat="46.652932" lon="11.174655"><ele>290</ele></trkpt>
      <trkpt lat="46.653228" lon="11.174055"><ele>290</ele></trkpt>
      <trkpt lat="46.653535" lon="11.173034"><ele>289</ele></trkpt>
      <trkpt lat="46.653759" lon="11.172290"><ele>288</ele></trkpt>
      <trkpt lat="46.653782" lon="11.172229"><ele>288</ele></trkpt>
      <trkpt lat="46.653950" lon="11.171802"><ele>288</ele></trkpt>
      <trkpt lat="46.654121" lon="11.171474"><ele>289</ele></trkpt>
      <trkpt lat="46.654391" lon="11.171047"><ele>290</ele></trkpt>
      <trkpt lat="46.654559" lon="11.170835"><ele>289</ele></trkpt>
      <trkpt lat="46.654846" lon="11.170511"><ele>290</ele></trkpt>
      <trkpt lat="46.654890" lon="11.170453"><ele>290</ele></trkpt>
      <trkpt lat="46.655105" lon="11.170146"><ele>290</ele></trkpt>
      <trkpt lat="46.655018" lon="11.170134"><ele>290</ele></trkpt>
      <trkpt lat="46.654848" lon="11.170024"><ele>289</ele></trkpt>
      <trkpt lat="46.654516" lon="11.169810"><ele>288</ele></trkpt>
      <trkpt lat="46.654490" lon="11.169768"><ele>288</ele></trkpt>
      <trkpt lat="46.654771" lon="11.169073"><ele>288</ele></trkpt>
      <trkpt lat="46.653939" lon="11.168564"><ele>287</ele></trkpt>
      <trkpt lat="46.653754" lon="11.168452"><ele>286</ele></trkpt>
      <trkpt lat="46.654064" lon="11.167563"><ele>286</ele></trkpt>
      <trkpt lat="46.654320" lon="11.166802"><ele>287</ele></trkpt>
      <trkpt lat="46.654589" lon="11.166004"><ele>287</ele></trkpt>
      <trkpt lat="46.654705" lon="11.165662"><ele>287</ele></trkpt>
      <trkpt lat="46.654932" lon="11.164991"><ele>286</ele></trkpt>
      <trkpt lat="46.654992" lon="11.164929"><ele>287</ele></trkpt>
      <trkpt lat="46.655373" lon="11.163836"><ele>286</ele></trkpt>
      <trkpt lat="46.655443" lon="11.163702"><ele>286</ele></trkpt>
      <trkpt lat="46.655504" lon="11.163616"><ele>286</ele></trkpt>
      <trkpt lat="46.655593" lon="11.163552"><ele>287</ele></trkpt>
      <trkpt lat="46.655679" lon="11.163519"><ele>287</ele></trkpt>
      <trkpt lat="46.655754" lon="11.163515"><ele>287</ele></trkpt>
      <trkpt lat="46.655851" lon="11.163541"><ele>288</ele></trkpt>
      <trkpt lat="46.655999" lon="11.163635"><ele>288</ele></trkpt>
      <trkpt lat="46.656252" lon="11.163748"><ele>289</ele></trkpt>
      <trkpt lat="46.656355" lon="11.163755"><ele>289</ele></trkpt>
      <trkpt lat="46.656466" lon="11.163725"><ele>289</ele></trkpt>
      <trkpt lat="46.656559" lon="11.163675"><ele>290</ele></trkpt>
      <trkpt lat="46.656659" lon="11.163465"><ele>290</ele></trkpt>
      <trkpt lat="46.656848" lon="11.162948"><ele>289</ele></trkpt>
      <trkpt lat="46.657023" lon="11.162354"><ele>287</ele></trkpt>
      <trkpt lat="46.657058" lon="11.162286"><ele>287</ele></trkpt>
      <trkpt lat="46.657099" lon="11.162249"><ele>288</ele></trkpt>
      <trkpt lat="46.657136" lon="11.162239"><ele>288</ele></trkpt>
      <trkpt lat="46.657300" lon="11.162320"><ele>288</ele></trkpt>
      <trkpt lat="46.657377" lon="11.162324"><ele>288</ele></trkpt>
      <trkpt lat="46.657421" lon="11.162300"><ele>288</ele></trkpt>
      <trkpt lat="46.657455" lon="11.162254"><ele>288</ele></trkpt>
      <trkpt lat="46.657473" lon="11.162215"><ele>288</ele></trkpt>
      <trkpt lat="46.657756" lon="11.161294"><ele>289</ele></trkpt>
      <trkpt lat="46.658113" lon="11.160128"><ele>289</ele></trkpt>
      <trkpt lat="46.658253" lon="11.160172"><ele>290</ele></trkpt>
      <trkpt lat="46.658507" lon="11.160218"><ele>290</ele></trkpt>
      <trkpt lat="46.658667" lon="11.160257"><ele>290</ele></trkpt>
      <trkpt lat="46.658750" lon="11.160286"><ele>290</ele></trkpt>
      <trkpt lat="46.658834" lon="11.160379"><ele>291</ele></trkpt>
      <trkpt lat="46.658932" lon="11.160434"><ele>291</ele></trkpt>
      <trkpt lat="46.659114" lon="11.160502"><ele>292</ele></trkpt>
      <trkpt lat="46.659300" lon="11.160549"><ele>292</ele></trkpt>
      <trkpt lat="46.659405" lon="11.160598"><ele>292</ele></trkpt>
      <trkpt lat="46.659992" lon="11.160935"><ele>294</ele></trkpt>
      <trkpt lat="46.660079" lon="11.160986"><ele>294</ele></trkpt>
      <trkpt lat="46.660134" lon="11.160828"><ele>294</ele></trkpt>
      <trkpt lat="46.660993" lon="11.160665"><ele>298</ele></trkpt>
      <trkpt lat="46.661071" lon="11.160636"><ele>298</ele></trkpt>
      <trkpt lat="46.661141" lon="11.160573"><ele>298</ele></trkpt>
      <trkpt lat="46.661182" lon="11.160495"><ele>298</ele></trkpt>
      <trkpt lat="46.661234" lon="11.160352"><ele>298</ele></trkpt>
      <trkpt lat="46.661318" lon="11.160195"><ele>297</ele></trkpt>
      <trkpt lat="46.661400" lon="11.160105"><ele>297</ele></trkpt>
      <trkpt lat="46.661634" lon="11.159892"><ele>296</ele></trkpt>
      <trkpt lat="46.661620" lon="11.159660"><ele>296</ele></trkpt>
      <trkpt lat="46.661670" lon="11.159636"><ele>296</ele></trkpt>
      <trkpt lat="46.661733" lon="11.159612"><ele>296</ele></trkpt>
      <trkpt lat="46.661774" lon="11.159597"><ele>296</ele></trkpt>
      <trkpt lat="46.661838" lon="11.159758"><ele>296</ele></trkpt>
      <trkpt lat="46.661878" lon="11.159807"><ele>296</ele></trkpt>
      <trkpt lat="46.661952" lon="11.159707"><ele>296</ele></trkpt>
      <trkpt lat="46.662215" lon="11.159429"><ele>296</ele></trkpt>
      <trkpt lat="46.662434" lon="11.159181"><ele>295</ele></trkpt>
      <trkpt lat="46.662478" lon="11.159150"><ele>295</ele></trkpt>
      <trkpt lat="46.662491" lon="11.159117"><ele>295</ele></trkpt>
      <trkpt lat="46.662450" lon="11.158933"><ele>296</ele></trkpt>
      <trkpt lat="46.662454" lon="11.158881"><ele>296</ele></trkpt>
      <trkpt lat="46.662504" lon="11.158835"><ele>296</ele></trkpt>
      <trkpt lat="46.664053" lon="11.158653"><ele>298</ele></trkpt>
      <trkpt lat="46.664088" lon="11.158885"><ele>300</ele></trkpt>
      <trkpt lat="46.664163" lon="11.158961"><ele>300</ele></trkpt>
      <trkpt lat="46.664416" lon="11.158757"><ele>300</ele></trkpt>
      <trkpt lat="46.664724" lon="11.158382"><ele>300</ele></trkpt>
      <trkpt lat="46.664878" lon="11.158252"><ele>300</ele></trkpt>
      <trkpt lat="46.665076" lon="11.158114"><ele>300</ele></trkpt>
      <trkpt lat="46.665125" lon="11.158015"><ele>300</ele></trkpt>
      <trkpt lat="46.665144" lon="11.157947"><ele>300</ele></trkpt>
      <trkpt lat="46.665141" lon="11.157869"><ele>300</ele></trkpt>
      <trkpt lat="46.665132" lon="11.157815"><ele>300</ele></trkpt>
      <trkpt lat="46.665096" lon="11.157749"><ele>300</ele></trkpt>
      <trkpt lat="46.664981" lon="11.157477"><ele>300</ele></trkpt>
      <trkpt lat="46.664896" lon="11.157250"><ele>300</ele></trkpt>
      <trkpt lat="46.664755" lon="11.156740"><ele>300</ele></trkpt>
      <trkpt lat="46.664779" lon="11.156725"><ele>300</ele></trkpt>
      <trkpt lat="46.664805" lon="11.156711"><ele>300</ele></trkpt>
      <trkpt lat="46.664861" lon="11.156683"><ele>300</ele></trkpt>
      <trkpt lat="46.665297" lon="11.156757"><ele>301</ele></trkpt>
      <trkpt lat="46.665392" lon="11.156765"><ele>301</ele></trkpt>
      <trkpt lat="46.665532" lon="11.156752"><ele>301</ele></trkpt>
      <trkpt lat="46.665644" lon="11.156730"><ele>301</ele></trkpt>
      <trkpt lat="46.666147" lon="11.156651"><ele>303</ele></trkpt>
      <trkpt lat="46.666660" lon="11.156564"><ele>304</ele></trkpt>
      <trkpt lat="46.666760" lon="11.156519"><ele>304</ele></trkpt>
      <trkpt lat="46.666824" lon="11.156513"><ele>304</ele></trkpt>
      <trkpt lat="46.666885" lon="11.156511"><ele>304</ele></trkpt>
      <trkpt lat="46.666933" lon="11.156462"><ele>304</ele></trkpt>
      <trkpt lat="46.666954" lon="11.156457"><ele>304</ele></trkpt>
      <trkpt lat="46.667009" lon="11.156452"><ele>304</ele></trkpt>
      <trkpt lat="46.668405" lon="11.156257"><ele>306</ele></trkpt>
      <trkpt lat="46.668613" lon="11.156230"><ele>307</ele></trkpt>
      <trkpt lat="46.669113" lon="11.156166"><ele>308</ele></trkpt>
      <trkpt lat="46.669146" lon="11.156154"><ele>307</ele></trkpt>
      <trkpt lat="46.669173" lon="11.156148"><ele>307</ele></trkpt>
      <trkpt lat="46.669192" lon="11.156147"><ele>307</ele></trkpt>
      <trkpt lat="46.669486" lon="11.156121"><ele>307</ele></trkpt>
      <trkpt lat="46.669506" lon="11.156109"><ele>307</ele></trkpt>
      <trkpt lat="46.669545" lon="11.156087"><ele>307</ele></trkpt>
      <trkpt lat="46.670033" lon="11.156143"><ele>307</ele></trkpt>
      <trkpt lat="46.670030" lon="11.156194"><ele>307</ele></trkpt>
      <trkpt lat="46.670026" lon="11.156258"><ele>307</ele></trkpt>
      <trkpt lat="46.670011" lon="11.156475"><ele>307</ele></trkpt>
      <trkpt lat="46.670002" lon="11.156869"><ele>308</ele></trkpt>
      <trkpt lat="46.670019" lon="11.157314"><ele>308</ele></trkpt>
      <trkpt lat="46.670042" lon="11.157539"><ele>309</ele></trkpt>
      <trkpt lat="46.670074" lon="11.157764"><ele>308</ele></trkpt>
      <trkpt lat="46.670130" lon="11.158047"><ele>309</ele></trkpt>
      <trkpt lat="46.670256" lon="11.158473"><ele>309</ele></trkpt>
      <trkpt lat="46.670372" lon="11.158895"><ele>310</ele></trkpt>
      <trkpt lat="46.670428" lon="11.159103"><ele>310</ele></trkpt>
      <trkpt lat="46.670464" lon="11.159268"><ele>310</ele></trkpt>
      <trkpt lat="46.670534" lon="11.159255"><ele>310</ele></trkpt>
      <trkpt lat="46.670587" lon="11.159253"><ele>310</ele></trkpt>
      <trkpt lat="46.670662" lon="11.159271"><ele>310</ele></trkpt>
      <trkpt lat="46.670699" lon="11.159280"><ele>310</ele></trkpt>
      <trkpt lat="46.670707" lon="11.159317"><ele>310</ele></trkpt>
      <trkpt lat="46.670733" lon="11.159330"><ele>310</ele></trkpt>
      <trkpt lat="46.670766" lon="11.159498"><ele>310</ele></trkpt>
      <trkpt lat="46.670762" lon="11.159653"><ele>310</ele></trkpt>
      <trkpt lat="46.670776" lon="11.160075"><ele>310</ele></trkpt>
      <trkpt lat="46.670787" lon="11.160347"><ele>311</ele></trkpt>
      <trkpt lat="46.670787" lon="11.160382"><ele>311</ele></trkpt>
      <trkpt lat="46.670788" lon="11.160525"><ele>311</ele></trkpt>
      <trkpt lat="46.670792" lon="11.160946"><ele>311</ele></trkpt>
      <trkpt lat="46.670783" lon="11.161519"><ele>312</ele></trkpt>
      <trkpt lat="46.670773" lon="11.161638"><ele>312</ele></trkpt>
      <trkpt lat="46.670762" lon="11.161766"><ele>312</ele></trkpt>
      <trkpt lat="46.671018" lon="11.161826"><ele>313</ele></trkpt>
      <trkpt lat="46.671018" lon="11.161826"><ele>312</ele></trkpt>
      <trkpt lat="46.670762" lon="11.161766"><ele>312</ele></trkpt>
      <trkpt lat="46.670773" lon="11.161638"><ele>312</ele></trkpt>
      <trkpt lat="46.670783" lon="11.161519"><ele>312</ele></trkpt>
      <trkpt lat="46.670792" lon="11.160946"><ele>311</ele></trkpt>
      <trkpt lat="46.670788" lon="11.160525"><ele>311</ele></trkpt>
      <trkpt lat="46.670787" lon="11.160382"><ele>311</ele></trkpt>
      <trkpt lat="46.670787" lon="11.160347"><ele>311</ele></trkpt>
      <trkpt lat="46.670776" lon="11.160075"><ele>310</ele></trkpt>
      <trkpt lat="46.670762" lon="11.159653"><ele>310</ele></trkpt>
      <trkpt lat="46.670766" lon="11.159498"><ele>310</ele></trkpt>
      <trkpt lat="46.670733" lon="11.159330"><ele>310</ele></trkpt>
      <trkpt lat="46.670749" lon="11.159320"><ele>310</ele></trkpt>
      <trkpt lat="46.670759" lon="11.159297"><ele>310</ele></trkpt>
      <trkpt lat="46.670760" lon="11.159278"><ele>310</ele></trkpt>
      <trkpt lat="46.670745" lon="11.159246"><ele>310</ele></trkpt>
      <trkpt lat="46.670716" lon="11.159245"><ele>310</ele></trkpt>
      <trkpt lat="46.670707" lon="11.159254"><ele>310</ele></trkpt>
      <trkpt lat="46.670699" lon="11.159280"><ele>310</ele></trkpt>
      <trkpt lat="46.670662" lon="11.159271"><ele>310</ele></trkpt>
      <trkpt lat="46.670587" lon="11.159253"><ele>310</ele></trkpt>
      <trkpt lat="46.670534" lon="11.159255"><ele>310</ele></trkpt>
      <trkpt lat="46.670464" lon="11.159268"><ele>310</ele></trkpt>
      <trkpt lat="46.670428" lon="11.159103"><ele>310</ele></trkpt>
      <trkpt lat="46.670372" lon="11.158895"><ele>310</ele></trkpt>
      <trkpt lat="46.670256" lon="11.158473"><ele>309</ele></trkpt>
      <trkpt lat="46.670130" lon="11.158047"><ele>309</ele></trkpt>
      <trkpt lat="46.670074" lon="11.157764"><ele>308</ele></trkpt>
      <trkpt lat="46.670042" lon="11.157539"><ele>309</ele></trkpt>
      <trkpt lat="46.670019" lon="11.157314"><ele>308</ele></trkpt>
      <trkpt lat="46.670002" lon="11.156869"><ele>308</ele></trkpt>
      <trkpt lat="46.670011" lon="11.156475"><ele>307</ele></trkpt>
      <trkpt lat="46.670026" lon="11.156258"><ele>307</ele></trkpt>
      <trkpt lat="46.670030" lon="11.156194"><ele>307</ele></trkpt>
      <trkpt lat="46.670033" lon="11.156143"><ele>307</ele></trkpt>
      <trkpt lat="46.670042" lon="11.156074"><ele>307</ele></trkpt>
      <trkpt lat="46.670078" lon="11.155846"><ele>307</ele></trkpt>
      <trkpt lat="46.670140" lon="11.155230"><ele>306</ele></trkpt>
      <trkpt lat="46.670178" lon="11.154770"><ele>306</ele></trkpt>
      <trkpt lat="46.670184" lon="11.154699"><ele>306</ele></trkpt>
      <trkpt lat="46.670180" lon="11.154626"><ele>306</ele></trkpt>
      <trkpt lat="46.670131" lon="11.154171"><ele>304</ele></trkpt>
      <trkpt lat="46.670096" lon="11.153857"><ele>305</ele></trkpt>
      <trkpt lat="46.670091" lon="11.153817"><ele>305</ele></trkpt>
      <trkpt lat="46.670045" lon="11.153413"><ele>304</ele></trkpt>
      <trkpt lat="46.669981" lon="11.152847"><ele>304</ele></trkpt>
      <trkpt lat="46.669972" lon="11.152763"><ele>304</ele></trkpt>
      <trkpt lat="46.669965" lon="11.152703"><ele>304</ele></trkpt>
      <trkpt lat="46.669830" lon="11.151503"><ele>303</ele></trkpt>
      <trkpt lat="46.669817" lon="11.151387"><ele>303</ele></trkpt>
      <trkpt lat="46.669682" lon="11.151395"><ele>303</ele></trkpt>
      <trkpt lat="46.669620" lon="11.151399"><ele>303</ele></trkpt>
      <trkpt lat="46.669512" lon="11.151346"><ele>303</ele></trkpt>
      <trkpt lat="46.669315" lon="11.151118"><ele>303</ele></trkpt>
      <trkpt lat="46.668342" lon="11.149912"><ele>304</ele></trkpt>
      <trkpt lat="46.668285" lon="11.149872"><ele>304</ele></trkpt>
      <trkpt lat="46.668242" lon="11.149866"><ele>304</ele></trkpt>
      <trkpt lat="46.668155" lon="11.149873"><ele>304</ele></trkpt>
      <trkpt lat="46.668030" lon="11.149908"><ele>304</ele></trkpt>
      <trkpt lat="46.667885" lon="11.149966"><ele>302</ele></trkpt>
      <trkpt lat="46.667873" lon="11.149931"><ele>302</ele></trkpt>
      <trkpt lat="46.667860" lon="11.149884"><ele>302</ele></trkpt>
      <trkpt lat="46.667850" lon="11.149857"><ele>302</ele></trkpt>
      <trkpt lat="46.667841" lon="11.149830"><ele>303</ele></trkpt>
      <trkpt lat="46.667796" lon="11.149752"><ele>304</ele></trkpt>
      <trkpt lat="46.667711" lon="11.149513"><ele>302</ele></trkpt>
      <trkpt lat="46.667399" lon="11.148751"><ele>301</ele></trkpt>
      <trkpt lat="46.667360" lon="11.148585"><ele>300</ele></trkpt>
      <trkpt lat="46.666979" lon="11.147798"><ele>301</ele></trkpt>
      <trkpt lat="46.666555" lon="11.146942"><ele>298</ele></trkpt>
      <trkpt lat="46.666220" lon="11.146303"><ele>299</ele></trkpt>
      <trkpt lat="46.666205" lon="11.146267"><ele>299</ele></trkpt>
      <trkpt lat="46.666051" lon="11.145928"><ele>300</ele></trkpt>
      <trkpt lat="46.665948" lon="11.145653"><ele>299</ele></trkpt>
      <trkpt lat="46.665683" lon="11.144781"><ele>298</ele></trkpt>
      <trkpt lat="46.665537" lon="11.144124"><ele>300</ele></trkpt>
      <trkpt lat="46.665459" lon="11.143663"><ele>299</ele></trkpt>
      <trkpt lat="46.665474" lon="11.143393"><ele>299</ele></trkpt>
      <trkpt lat="46.665464" lon="11.143046"><ele>300</ele></trkpt>
      <trkpt lat="46.665356" lon="11.142869"><ele>301</ele></trkpt>
      <trkpt lat="46.665243" lon="11.142661"><ele>300</ele></trkpt>
      <trkpt lat="46.665217" lon="11.142613"><ele>300</ele></trkpt>
      <trkpt lat="46.665209" lon="11.142569"><ele>300</ele></trkpt>
      <trkpt lat="46.665212" lon="11.142535"><ele>299</ele></trkpt>
      <trkpt lat="46.665228" lon="11.142495"><ele>299</ele></trkpt>
      <trkpt lat="46.665288" lon="11.142432"><ele>300</ele></trkpt>
      <trkpt lat="46.665374" lon="11.142368"><ele>300</ele></trkpt>
      <trkpt lat="46.665507" lon="11.142223"><ele>301</ele></trkpt>
      <trkpt lat="46.665662" lon="11.142095"><ele>300</ele></trkpt>
      <trkpt lat="46.666073" lon="11.141513"><ele>301</ele></trkpt>
      <trkpt lat="46.666262" lon="11.141223"><ele>302</ele></trkpt>
      <trkpt lat="46.666400" lon="11.141002"><ele>302</ele></trkpt>
      <trkpt lat="46.666535" lon="11.140737"><ele>301</ele></trkpt>
      <trkpt lat="46.666950" lon="11.140072"><ele>300</ele></trkpt>
      <trkpt lat="46.667198" lon="11.139714"><ele>302</ele></trkpt>
      <trkpt lat="46.667476" lon="11.139383"><ele>303</ele></trkpt>
      <trkpt lat="46.667632" lon="11.139211"><ele>303</ele></trkpt>
      <trkpt lat="46.667979" lon="11.138884"><ele>303</ele></trkpt>
      <trkpt lat="46.668119" lon="11.138773"><ele>304</ele></trkpt>
      <trkpt lat="46.668300" lon="11.138648"><ele>303</ele></trkpt>
      <trkpt lat="46.668549" lon="11.138500"><ele>304</ele></trkpt>
      <trkpt lat="46.668817" lon="11.138329"><ele>306</ele></trkpt>
      <trkpt lat="46.668928" lon="11.138250"><ele>306</ele></trkpt>
      <trkpt lat="46.669253" lon="11.137975"><ele>307</ele></trkpt>
      <trkpt lat="46.669407" lon="11.137829"><ele>307</ele></trkpt>
      <trkpt lat="46.669761" lon="11.137442"><ele>308</ele></trkpt>
      <trkpt lat="46.669913" lon="11.137246"><ele>309</ele></trkpt>
      <trkpt lat="46.670107" lon="11.136977"><ele>308</ele></trkpt>
      <trkpt lat="46.670220" lon="11.136805"><ele>309</ele></trkpt>
      <trkpt lat="46.670707" lon="11.136035"><ele>310</ele></trkpt>
      <trkpt lat="46.671132" lon="11.135283"><ele>313</ele></trkpt>
      <trkpt lat="46.671247" lon="11.135101"><ele>312</ele></trkpt>
      <trkpt lat="46.671363" lon="11.134937"><ele>313</ele></trkpt>
      <trkpt lat="46.671543" lon="11.134721"><ele>314</ele></trkpt>
      <trkpt lat="46.671750" lon="11.134491"><ele>315</ele></trkpt>
      <trkpt lat="46.671839" lon="11.134404"><ele>315</ele></trkpt>
      <trkpt lat="46.671988" lon="11.134243"><ele>315</ele></trkpt>
      <trkpt lat="46.672842" lon="11.133504"><ele>316</ele></trkpt>
      <trkpt lat="46.672969" lon="11.133382"><ele>316</ele></trkpt>
      <trkpt lat="46.673185" lon="11.133157"><ele>317</ele></trkpt>
      <trkpt lat="46.673481" lon="11.132816"><ele>318</ele></trkpt>
      <trkpt lat="46.673733" lon="11.132469"><ele>318</ele></trkpt>
      <trkpt lat="46.673886" lon="11.132215"><ele>319</ele></trkpt>
      <trkpt lat="46.674340" lon="11.131401"><ele>320</ele></trkpt>
      <trkpt lat="46.674642" lon="11.130919"><ele>321</ele></trkpt>
      <trkpt lat="46.675080" lon="11.130352"><ele>322</ele></trkpt>
      <trkpt lat="46.675941" lon="11.129270"><ele>325</ele></trkpt>
      <trkpt lat="46.676202" lon="11.128884"><ele>326</ele></trkpt>
      <trkpt lat="46.676234" lon="11.128822"><ele>326</ele></trkpt>
      <trkpt lat="46.676250" lon="11.128749"><ele>326</ele></trkpt>
      <trkpt lat="46.676284" lon="11.128616"><ele>326</ele></trkpt>
      <trkpt lat="46.676549" lon="11.127986"><ele>327</ele></trkpt>
      <trkpt lat="46.676632" lon="11.127723"><ele>328</ele></trkpt>
      <trkpt lat="46.676738" lon="11.127339"><ele>328</ele></trkpt>
      <trkpt lat="46.676916" lon="11.126549"><ele>332</ele></trkpt>
      <trkpt lat="46.677127" lon="11.125885"><ele>334</ele></trkpt>
      <trkpt lat="46.677354" lon="11.125379"><ele>334</ele></trkpt>
      <trkpt lat="46.677493" lon="11.125116"><ele>335</ele></trkpt>
      <trkpt lat="46.677984" lon="11.124331"><ele>336</ele></trkpt>
      <trkpt lat="46.678201" lon="11.123861"><ele>338</ele></trkpt>
      <trkpt lat="46.678366" lon="11.123474"><ele>338</ele></trkpt>
      <trkpt lat="46.678622" lon="11.122859"><ele>340</ele></trkpt>
      <trkpt lat="46.678707" lon="11.122738"><ele>341</ele></trkpt>
      <trkpt lat="46.678726" lon="11.122663"><ele>341</ele></trkpt>
      <trkpt lat="46.678826" lon="11.122461"><ele>342</ele></trkpt>
      <trkpt lat="46.678843" lon="11.122427"><ele>342</ele></trkpt>
      <trkpt lat="46.678961" lon="11.122066"><ele>341</ele></trkpt>
      <trkpt lat="46.679188" lon="11.121342"><ele>345</ele></trkpt>
      <trkpt lat="46.679325" lon="11.120877"><ele>345</ele></trkpt>
      <trkpt lat="46.679354" lon="11.120756"><ele>346</ele></trkpt>
      <trkpt lat="46.679389" lon="11.120603"><ele>346</ele></trkpt>
      <trkpt lat="46.679764" lon="11.118443"><ele>351</ele></trkpt>
      <trkpt lat="46.679778" lon="11.118339"><ele>352</ele></trkpt>
      <trkpt lat="46.679803" lon="11.118305"><ele>352</ele></trkpt>
      <trkpt lat="46.679831" lon="11.118296"><ele>352</ele></trkpt>
      <trkpt lat="46.679882" lon="11.118315"><ele>352</ele></trkpt>
      <trkpt lat="46.680080" lon="11.118424"><ele>353</ele></trkpt>
      <trkpt lat="46.680116" lon="11.118424"><ele>353</ele></trkpt>
      <trkpt lat="46.680155" lon="11.118395"><ele>354</ele></trkpt>
      <trkpt lat="46.680175" lon="11.118358"><ele>354</ele></trkpt>
      <trkpt lat="46.680281" lon="11.117991"><ele>355</ele></trkpt>
      <trkpt lat="46.680388" lon="11.117680"><ele>356</ele></trkpt>
      <trkpt lat="46.680415" lon="11.117557"><ele>356</ele></trkpt>
      <trkpt lat="46.680442" lon="11.117469"><ele>356</ele></trkpt>
      <trkpt lat="46.680458" lon="11.117418"><ele>356</ele></trkpt>
      <trkpt lat="46.680441" lon="11.117391"><ele>356</ele></trkpt>
      <trkpt lat="46.680427" lon="11.117347"><ele>357</ele></trkpt>
      <trkpt lat="46.680394" lon="11.117184"><ele>357</ele></trkpt>
      <trkpt lat="46.680387" lon="11.117032"><ele>358</ele></trkpt>
      <trkpt lat="46.680395" lon="11.116712"><ele>358</ele></trkpt>
      <trkpt lat="46.680390" lon="11.116671"><ele>358</ele></trkpt>
      <trkpt lat="46.680220" lon="11.116622"><ele>358</ele></trkpt>
      <trkpt lat="46.680152" lon="11.116583"><ele>357</ele></trkpt>
      <trkpt lat="46.680130" lon="11.116559"><ele>357</ele></trkpt>
      <trkpt lat="46.680070" lon="11.116507"><ele>357</ele></trkpt>
      <trkpt lat="46.680047" lon="11.116473"><ele>357</ele></trkpt>
      <trkpt lat="46.680032" lon="11.116420"><ele>357</ele></trkpt>
      <trkpt lat="46.680036" lon="11.116357"><ele>357</ele></trkpt>
      <trkpt lat="46.680051" lon="11.116301"><ele>357</ele></trkpt>
      <trkpt lat="46.680055" lon="11.116257"><ele>357</ele></trkpt>
      <trkpt lat="46.680055" lon="11.116148"><ele>356</ele></trkpt>
      <trkpt lat="46.680063" lon="11.116062"><ele>356</ele></trkpt>
      <trkpt lat="46.680143" lon="11.115543"><ele>358</ele></trkpt>
      <trkpt lat="46.680238" lon="11.115057"><ele>361</ele></trkpt>
      <trkpt lat="46.680324" lon="11.114556"><ele>360</ele></trkpt>
      <trkpt lat="46.680386" lon="11.113950"><ele>362</ele></trkpt>
      <trkpt lat="46.680422" lon="11.113479"><ele>364</ele></trkpt>
      <trkpt lat="46.680447" lon="11.113015"><ele>366</ele></trkpt>
      <trkpt lat="46.680452" lon="11.112760"><ele>367</ele></trkpt>
      <trkpt lat="46.680445" lon="11.112536"><ele>368</ele></trkpt>
      <trkpt lat="46.680388" lon="11.111519"><ele>370</ele></trkpt>
      <trkpt lat="46.680406" lon="11.111282"><ele>371</ele></trkpt>
      <trkpt lat="46.680477" lon="11.110649"><ele>374</ele></trkpt>
      <trkpt lat="46.680507" lon="11.110080"><ele>377</ele></trkpt>
      <trkpt lat="46.680512" lon="11.109599"><ele>379</ele></trkpt>
      <trkpt lat="46.680504" lon="11.109387"><ele>380</ele></trkpt>
      <trkpt lat="46.680486" lon="11.109181"><ele>380</ele></trkpt>
      <trkpt lat="46.680450" lon="11.108910"><ele>380</ele></trkpt>
      <trkpt lat="46.680389" lon="11.108606"><ele>381</ele></trkpt>
      <trkpt lat="46.680329" lon="11.108390"><ele>383</ele></trkpt>
      <trkpt lat="46.680142" lon="11.107845"><ele>385</ele></trkpt>
      <trkpt lat="46.680068" lon="11.107573"><ele>387</ele></trkpt>
      <trkpt lat="46.680006" lon="11.107254"><ele>392</ele></trkpt>
      <trkpt lat="46.679978" lon="11.106836"><ele>394</ele></trkpt>
      <trkpt lat="46.679979" lon="11.106490"><ele>395</ele></trkpt>
      <trkpt lat="46.679996" lon="11.106144"><ele>397</ele></trkpt>
      <trkpt lat="46.680082" lon="11.105239"><ele>400</ele></trkpt>
      <trkpt lat="46.680125" lon="11.104184"><ele>405</ele></trkpt>
      <trkpt lat="46.680145" lon="11.104095"><ele>406</ele></trkpt>
      <trkpt lat="46.680154" lon="11.104012"><ele>406</ele></trkpt>
      <trkpt lat="46.680157" lon="11.103956"><ele>407</ele></trkpt>
      <trkpt lat="46.680146" lon="11.103765"><ele>408</ele></trkpt>
      <trkpt lat="46.680232" lon="11.103214"><ele>412</ele></trkpt>
      <trkpt lat="46.680265" lon="11.103117"><ele>413</ele></trkpt>
      <trkpt lat="46.680287" lon="11.103069"><ele>413</ele></trkpt>
      <trkpt lat="46.680323" lon="11.103028"><ele>413</ele></trkpt>
      <trkpt lat="46.680394" lon="11.102974"><ele>414</ele></trkpt>
      <trkpt lat="46.680475" lon="11.102925"><ele>415</ele></trkpt>
      <trkpt lat="46.680501" lon="11.102904"><ele>416</ele></trkpt>
      <trkpt lat="46.680522" lon="11.102874"><ele>416</ele></trkpt>
      <trkpt lat="46.680641" lon="11.102544"><ele>418</ele></trkpt>
      <trkpt lat="46.680731" lon="11.102266"><ele>419</ele></trkpt>
      <trkpt lat="46.680848" lon="11.102059"><ele>421</ele></trkpt>
      <trkpt lat="46.681110" lon="11.101635"><ele>427</ele></trkpt>
      <trkpt lat="46.681150" lon="11.101561"><ele>428</ele></trkpt>
      <trkpt lat="46.681178" lon="11.101501"><ele>428</ele></trkpt>
      <trkpt lat="46.681198" lon="11.101428"><ele>428</ele></trkpt>
      <trkpt lat="46.681220" lon="11.101127"><ele>430</ele></trkpt>
      <trkpt lat="46.681227" lon="11.101084"><ele>430</ele></trkpt>
      <trkpt lat="46.681247" lon="11.101041"><ele>431</ele></trkpt>
      <trkpt lat="46.681277" lon="11.101011"><ele>432</ele></trkpt>
      <trkpt lat="46.681302" lon="11.101003"><ele>433</ele></trkpt>
      <trkpt lat="46.681355" lon="11.101013"><ele>434</ele></trkpt>
      <trkpt lat="46.681382" lon="11.101033"><ele>435</ele></trkpt>
      <trkpt lat="46.681405" lon="11.101061"><ele>435</ele></trkpt>
      <trkpt lat="46.681421" lon="11.101101"><ele>435</ele></trkpt>
      <trkpt lat="46.681479" lon="11.101280"><ele>436</ele></trkpt>
      <trkpt lat="46.681530" lon="11.101581"><ele>439</ele></trkpt>
      <trkpt lat="46.681522" lon="11.101729"><ele>438</ele></trkpt>
      <trkpt lat="46.681541" lon="11.101767"><ele>439</ele></trkpt>
      <trkpt lat="46.681556" lon="11.101770"><ele>440</ele></trkpt>
      <trkpt lat="46.681573" lon="11.101763"><ele>441</ele></trkpt>
      <trkpt lat="46.681589" lon="11.101738"><ele>442</ele></trkpt>
      <trkpt lat="46.681603" lon="11.101684"><ele>443</ele></trkpt>
      <trkpt lat="46.681618" lon="11.101408"><ele>444</ele></trkpt>
      <trkpt lat="46.681646" lon="11.101294"><ele>443</ele></trkpt>
      <trkpt lat="46.681685" lon="11.101181"><ele>443</ele></trkpt>
      <trkpt lat="46.681807" lon="11.100900"><ele>446</ele></trkpt>
      <trkpt lat="46.681891" lon="11.100630"><ele>446</ele></trkpt>
      <trkpt lat="46.681895" lon="11.100583"><ele>446</ele></trkpt>
      <trkpt lat="46.681867" lon="11.100437"><ele>444</ele></trkpt>
      <trkpt lat="46.681829" lon="11.100301"><ele>444</ele></trkpt>
      <trkpt lat="46.681757" lon="11.100165"><ele>446</ele></trkpt>
      <trkpt lat="46.681704" lon="11.100074"><ele>446</ele></trkpt>
      <trkpt lat="46.681693" lon="11.100042"><ele>446</ele></trkpt>
      <trkpt lat="46.681691" lon="11.100009"><ele>447</ele></trkpt>
      <trkpt lat="46.681710" lon="11.099951"><ele>448</ele></trkpt>
      <trkpt lat="46.681751" lon="11.099924"><ele>448</ele></trkpt>
      <trkpt lat="46.681787" lon="11.099933"><ele>448</ele></trkpt>
      <trkpt lat="46.681884" lon="11.099993"><ele>448</ele></trkpt>
      <trkpt lat="46.682111" lon="11.100162"><ele>448</ele></trkpt>
      <trkpt lat="46.682188" lon="11.100237"><ele>450</ele></trkpt>
      <trkpt lat="46.682194" lon="11.100286"><ele>450</ele></trkpt>
      <trkpt lat="46.682190" lon="11.100310"><ele>451</ele></trkpt>
      <trkpt lat="46.682136" lon="11.100415"><ele>452</ele></trkpt>
      <trkpt lat="46.682085" lon="11.100547"><ele>452</ele></trkpt>
      <trkpt lat="46.681860" lon="11.101383"><ele>458</ele></trkpt>
      <trkpt lat="46.681847" lon="11.101467"><ele>458</ele></trkpt>
      <trkpt lat="46.681843" lon="11.101661"><ele>458</ele></trkpt>
      <trkpt lat="46.681854" lon="11.101785"><ele>458</ele></trkpt>
      <trkpt lat="46.681863" lon="11.101811"><ele>459</ele></trkpt>
      <trkpt lat="46.681895" lon="11.101835"><ele>460</ele></trkpt>
      <trkpt lat="46.681923" lon="11.101819"><ele>462</ele></trkpt>
      <trkpt lat="46.681931" lon="11.101790"><ele>463</ele></trkpt>
      <trkpt lat="46.681931" lon="11.101755"><ele>463</ele></trkpt>
      <trkpt lat="46.681916" lon="11.101651"><ele>463</ele></trkpt>
      <trkpt lat="46.681915" lon="11.101575"><ele>462</ele></trkpt>
      <trkpt lat="46.681916" lon="11.101517"><ele>462</ele></trkpt>
      <trkpt lat="46.681926" lon="11.101462"><ele>462</ele></trkpt>
      <trkpt lat="46.681987" lon="11.101302"><ele>463</ele></trkpt>
      <trkpt lat="46.682176" lon="11.100857"><ele>465</ele></trkpt>
      <trkpt lat="46.682217" lon="11.100744"><ele>464</ele></trkpt>
      <trkpt lat="46.682237" lon="11.100720"><ele>464</ele></trkpt>
      <trkpt lat="46.682260" lon="11.100715"><ele>465</ele></trkpt>
      <trkpt lat="46.682282" lon="11.100726"><ele>466</ele></trkpt>
      <trkpt lat="46.682297" lon="11.100756"><ele>467</ele></trkpt>
      <trkpt lat="46.682301" lon="11.100788"><ele>468</ele></trkpt>
      <trkpt lat="46.682298" lon="11.100834"><ele>469</ele></trkpt>
      <trkpt lat="46.682287" lon="11.100859"><ele>469</ele></trkpt>
      <trkpt lat="46.682272" lon="11.100869"><ele>468</ele></trkpt>
      <trkpt lat="46.682239" lon="11.100879"><ele>468</ele></trkpt>
      <trkpt lat="46.682170" lon="11.101012"><ele>467</ele></trkpt>
      <trkpt lat="46.682139" lon="11.101112"><ele>467</ele></trkpt>
      <trkpt lat="46.682067" lon="11.101439"><ele>467</ele></trkpt>
      <trkpt lat="46.682034" lon="11.101628"><ele>467</ele></trkpt>
      <trkpt lat="46.682034" lon="11.101662"><ele>467</ele></trkpt>
      <trkpt lat="46.682048" lon="11.101692"><ele>467</ele></trkpt>
      <trkpt lat="46.682082" lon="11.101724"><ele>467</ele></trkpt>
      <trkpt lat="46.682138" lon="11.101730"><ele>468</ele></trkpt>
      <trkpt lat="46.682196" lon="11.101721"><ele>470</ele></trkpt>
      <trkpt lat="46.682251" lon="11.101699"><ele>471</ele></trkpt>
      <trkpt lat="46.682270" lon="11.101682"><ele>471</ele></trkpt>
      <trkpt lat="46.682293" lon="11.101646"><ele>472</ele></trkpt>
      <trkpt lat="46.682335" lon="11.101540"><ele>472</ele></trkpt>
      <trkpt lat="46.682403" lon="11.101326"><ele>473</ele></trkpt>
      <trkpt lat="46.682449" lon="11.101158"><ele>473</ele></trkpt>
      <trkpt lat="46.682517" lon="11.100769"><ele>474</ele></trkpt>
      <trkpt lat="46.682571" lon="11.100452"><ele>473</ele></trkpt>
      <trkpt lat="46.682628" lon="11.100249"><ele>473</ele></trkpt>
      <trkpt lat="46.682774" lon="11.099813"><ele>475</ele></trkpt>
      <trkpt lat="46.682794" lon="11.099738"><ele>476</ele></trkpt>
      <trkpt lat="46.682859" lon="11.099492"><ele>476</ele></trkpt>
      <trkpt lat="46.682944" lon="11.099045"><ele>478</ele></trkpt>
      <trkpt lat="46.683020" lon="11.098573"><ele>480</ele></trkpt>
      <trkpt lat="46.683074" lon="11.098152"><ele>480</ele></trkpt>
      <trkpt lat="46.683126" lon="11.097762"><ele>484</ele></trkpt>
      <trkpt lat="46.683142" lon="11.097065"><ele>489</ele></trkpt>
      <trkpt lat="46.683155" lon="11.096645"><ele>491</ele></trkpt>
      <trkpt lat="46.683157" lon="11.096529"><ele>491</ele></trkpt>
      <trkpt lat="46.683154" lon="11.096303"><ele>492</ele></trkpt>
      <trkpt lat="46.683170" lon="11.096219"><ele>492</ele></trkpt>
      <trkpt lat="46.683251" lon="11.096034"><ele>494</ele></trkpt>
      <trkpt lat="46.683256" lon="11.095987"><ele>495</ele></trkpt>
      <trkpt lat="46.683247" lon="11.095905"><ele>495</ele></trkpt>
      <trkpt lat="46.683218" lon="11.095810"><ele>495</ele></trkpt>
      <trkpt lat="46.683151" lon="11.095652"><ele>495</ele></trkpt>
      <trkpt lat="46.683076" lon="11.095527"><ele>494</ele></trkpt>
      <trkpt lat="46.683058" lon="11.095474"><ele>494</ele></trkpt>
      <trkpt lat="46.683053" lon="11.095434"><ele>494</ele></trkpt>
      <trkpt lat="46.683052" lon="11.095392"><ele>494</ele></trkpt>
      <trkpt lat="46.683115" lon="11.095034"><ele>498</ele></trkpt>
      <trkpt lat="46.683121" lon="11.094953"><ele>499</ele></trkpt>
      <trkpt lat="46.683114" lon="11.094870"><ele>500</ele></trkpt>
      <trkpt lat="46.683075" lon="11.094665"><ele>502</ele></trkpt>
      <trkpt lat="46.683060" lon="11.094638"><ele>502</ele></trkpt>
      <trkpt lat="46.683025" lon="11.094612"><ele>502</ele></trkpt>
      <trkpt lat="46.682679" lon="11.094652"><ele>504</ele></trkpt>
      <trkpt lat="46.682613" lon="11.094707"><ele>504</ele></trkpt>
      <trkpt lat="46.682564" lon="11.094769"><ele>504</ele></trkpt>
      <trkpt lat="46.682529" lon="11.094834"><ele>504</ele></trkpt>
      <trkpt lat="46.682503" lon="11.094907"><ele>503</ele></trkpt>
      <trkpt lat="46.682444" lon="11.095244"><ele>499</ele></trkpt>
      <trkpt lat="46.682428" lon="11.095276"><ele>498</ele></trkpt>
      <trkpt lat="46.682402" lon="11.095294"><ele>498</ele></trkpt>
      <trkpt lat="46.682376" lon="11.095294"><ele>498</ele></trkpt>
      <trkpt lat="46.682230" lon="11.095263"><ele>497</ele></trkpt>
      <trkpt lat="46.682174" lon="11.095226"><ele>498</ele></trkpt>
      <trkpt lat="46.682112" lon="11.095131"><ele>499</ele></trkpt>
      <trkpt lat="46.681955" lon="11.094873"><ele>501</ele></trkpt>
      <trkpt lat="46.681759" lon="11.094529"><ele>502</ele></trkpt>
      <trkpt lat="46.681714" lon="11.094309"><ele>502</ele></trkpt>
      <trkpt lat="46.681750" lon="11.093303"><ele>502</ele></trkpt>
      <trkpt lat="46.681739" lon="11.093018"><ele>502</ele></trkpt>
      <trkpt lat="46.681693" lon="11.092787"><ele>501</ele></trkpt>
      <trkpt lat="46.681621" lon="11.092569"><ele>500</ele></trkpt>
      <trkpt lat="46.681546" lon="11.092421"><ele>500</ele></trkpt>
      <trkpt lat="46.681421" lon="11.092285"><ele>501</ele></trkpt>
      <trkpt lat="46.681252" lon="11.092135"><ele>501</ele></trkpt>
      <trkpt lat="46.681098" lon="11.092034"><ele>501</ele></trkpt>
      <trkpt lat="46.681061" lon="11.092081"><ele>500</ele></trkpt>
      <trkpt lat="46.681021" lon="11.092132"><ele>498</ele></trkpt>
      <trkpt lat="46.680784" lon="11.092037"><ele>498</ele></trkpt>
      <trkpt lat="46.680765" lon="11.092052"><ele>498</ele></trkpt>
      <trkpt lat="46.680702" lon="11.092609"><ele>496</ele></trkpt>
      <trkpt lat="46.680681" lon="11.092633"><ele>497</ele></trkpt>
      <trkpt lat="46.680527" lon="11.092624"><ele>500</ele></trkpt>
      <trkpt lat="46.680369" lon="11.092615"><ele>504</ele></trkpt>
      <trkpt lat="46.680306" lon="11.092591"><ele>504</ele></trkpt>
      <trkpt lat="46.680093" lon="11.092416"><ele>503</ele></trkpt>
      <trkpt lat="46.680058" lon="11.092375"><ele>503</ele></trkpt>
      <trkpt lat="46.680040" lon="11.092334"><ele>502</ele></trkpt>
      <trkpt lat="46.680024" lon="11.092299"><ele>502</ele></trkpt>
      <trkpt lat="46.680013" lon="11.092251"><ele>502</ele></trkpt>
      <trkpt lat="46.680007" lon="11.092184"><ele>501</ele></trkpt>
      <trkpt lat="46.680018" lon="11.091931"><ele>498</ele></trkpt>
      <trkpt lat="46.680025" lon="11.091824"><ele>502</ele></trkpt>
      <trkpt lat="46.680021" lon="11.091722"><ele>504</ele></trkpt>
      <trkpt lat="46.679925" lon="11.091396"><ele>506</ele></trkpt>
      <trkpt lat="46.679855" lon="11.091104"><ele>507</ele></trkpt>
      <trkpt lat="46.679702" lon="11.090462"><ele>507</ele></trkpt>
      <trkpt lat="46.679598" lon="11.090112"><ele>508</ele></trkpt>
      <trkpt lat="46.679514" lon="11.089917"><ele>508</ele></trkpt>
      <trkpt lat="46.679408" lon="11.089706"><ele>508</ele></trkpt>
      <trkpt lat="46.679289" lon="11.089493"><ele>508</ele></trkpt>
      <trkpt lat="46.679123" lon="11.089136"><ele>509</ele></trkpt>
      <trkpt lat="46.678986" lon="11.088800"><ele>508</ele></trkpt>
      <trkpt lat="46.678848" lon="11.088615"><ele>509</ele></trkpt>
      <trkpt lat="46.678615" lon="11.088342"><ele>507</ele></trkpt>
      <trkpt lat="46.678256" lon="11.087949"><ele>507</ele></trkpt>
      <trkpt lat="46.678190" lon="11.087838"><ele>507</ele></trkpt>
      <trkpt lat="46.678117" lon="11.087677"><ele>506</ele></trkpt>
      <trkpt lat="46.678056" lon="11.087492"><ele>507</ele></trkpt>
      <trkpt lat="46.678021" lon="11.087321"><ele>508</ele></trkpt>
      <trkpt lat="46.678006" lon="11.087165"><ele>508</ele></trkpt>
      <trkpt lat="46.677978" lon="11.087095"><ele>508</ele></trkpt>
      <trkpt lat="46.677907" lon="11.086970"><ele>507</ele></trkpt>
      <trkpt lat="46.677825" lon="11.086756"><ele>508</ele></trkpt>
      <trkpt lat="46.677538" lon="11.086176"><ele>508</ele></trkpt>
      <trkpt lat="46.677390" lon="11.085618"><ele>508</ele></trkpt>
      <trkpt lat="46.677333" lon="11.085432"><ele>507</ele></trkpt>
      <trkpt lat="46.677228" lon="11.085133"><ele>508</ele></trkpt>
      <trkpt lat="46.677058" lon="11.084793"><ele>508</ele></trkpt>
      <trkpt lat="46.676939" lon="11.084594"><ele>508</ele></trkpt>
      <trkpt lat="46.676661" lon="11.084230"><ele>508</ele></trkpt>
      <trkpt lat="46.676444" lon="11.084058"><ele>508</ele></trkpt>
      <trkpt lat="46.676131" lon="11.083831"><ele>508</ele></trkpt>
      <trkpt lat="46.675638" lon="11.083453"><ele>508</ele></trkpt>
      <trkpt lat="46.675319" lon="11.083230"><ele>508</ele></trkpt>
      <trkpt lat="46.675070" lon="11.083068"><ele>509</ele></trkpt>
      <trkpt lat="46.674746" lon="11.082811"><ele>510</ele></trkpt>
      <trkpt lat="46.674182" lon="11.082272"><ele>510</ele></trkpt>
      <trkpt lat="46.673761" lon="11.081680"><ele>510</ele></trkpt>
      <trkpt lat="46.671633" lon="11.078959"><ele>510</ele></trkpt>
      <trkpt lat="46.671337" lon="11.078604"><ele>510</ele></trkpt>
      <trkpt lat="46.671240" lon="11.078473"><ele>509</ele></trkpt>
      <trkpt lat="46.670181" lon="11.077119"><ele>510</ele></trkpt>
      <trkpt lat="46.669553" lon="11.076189"><ele>511</ele></trkpt>
      <trkpt lat="46.669227" lon="11.075630"><ele>511</ele></trkpt>
      <trkpt lat="46.668937" lon="11.075067"><ele>511</ele></trkpt>
      <trkpt lat="46.668687" lon="11.074604"><ele>510</ele></trkpt>
      <trkpt lat="46.668365" lon="11.073837"><ele>513</ele></trkpt>
      <trkpt lat="46.666888" lon="11.070371"><ele>513</ele></trkpt>
      <trkpt lat="46.666565" lon="11.069542"><ele>513</ele></trkpt>
      <trkpt lat="46.666239" lon="11.068763"><ele>513</ele></trkpt>
      <trkpt lat="46.666230" lon="11.068740"><ele>513</ele></trkpt>
      <trkpt lat="46.666067" lon="11.068339"><ele>514</ele></trkpt>
      <trkpt lat="46.665489" lon="11.066972"><ele>514</ele></trkpt>
      <trkpt lat="46.665158" lon="11.066164"><ele>513</ele></trkpt>
      <trkpt lat="46.665112" lon="11.066051"><ele>513</ele></trkpt>
      <trkpt lat="46.665089" lon="11.065997"><ele>513</ele></trkpt>
      <trkpt lat="46.662777" lon="11.060474"><ele>515</ele></trkpt>
      <trkpt lat="46.662599" lon="11.060028"><ele>514</ele></trkpt>
      <trkpt lat="46.662386" lon="11.059427"><ele>514</ele></trkpt>
      <trkpt lat="46.662129" lon="11.058553"><ele>516</ele></trkpt>
      <trkpt lat="46.661906" lon="11.057683"><ele>516</ele></trkpt>
      <trkpt lat="46.661815" lon="11.057224"><ele>514</ele></trkpt>
      <trkpt lat="46.661755" lon="11.056836"><ele>514</ele></trkpt>
      <trkpt lat="46.661582" lon="11.055442"><ele>515</ele></trkpt>
      <trkpt lat="46.661557" lon="11.055099"><ele>515</ele></trkpt>
      <trkpt lat="46.661511" lon="11.053814"><ele>515</ele></trkpt>
      <trkpt lat="46.661505" lon="11.053550"><ele>515</ele></trkpt>
      <trkpt lat="46.661508" lon="11.052750"><ele>515</ele></trkpt>
      <trkpt lat="46.661476" lon="11.051826"><ele>515</ele></trkpt>
      <trkpt lat="46.661467" lon="11.050865"><ele>516</ele></trkpt>
      <trkpt lat="46.661459" lon="11.050718"><ele>516</ele></trkpt>
      <trkpt lat="46.661432" lon="11.050491"><ele>517</ele></trkpt>
      <trkpt lat="46.661404" lon="11.049577"><ele>517</ele></trkpt>
      <trkpt lat="46.661383" lon="11.049257"><ele>517</ele></trkpt>
      <trkpt lat="46.661350" lon="11.048877"><ele>516</ele></trkpt>
      <trkpt lat="46.661267" lon="11.048170"><ele>516</ele></trkpt>
      <trkpt lat="46.661219" lon="11.047832"><ele>516</ele></trkpt>
      <trkpt lat="46.661076" lon="11.047064"><ele>518</ele></trkpt>
      <trkpt lat="46.660942" lon="11.046413"><ele>517</ele></trkpt>
      <trkpt lat="46.660679" lon="11.045468"><ele>517</ele></trkpt>
      <trkpt lat="46.660528" lon="11.044982"><ele>518</ele></trkpt>
      <trkpt lat="46.660415" lon="11.044660"><ele>517</ele></trkpt>
      <trkpt lat="46.660241" lon="11.044206"><ele>518</ele></trkpt>
      <trkpt lat="46.659988" lon="11.043575"><ele>519</ele></trkpt>
      <trkpt lat="46.659414" lon="11.042176"><ele>519</ele></trkpt>
      <trkpt lat="46.658543" lon="11.040048"><ele>519</ele></trkpt>
      <trkpt lat="46.657946" lon="11.038623"><ele>518</ele></trkpt>
      <trkpt lat="46.657283" lon="11.037010"><ele>520</ele></trkpt>
      <trkpt lat="46.656404" lon="11.034860"><ele>520</ele></trkpt>
      <trkpt lat="46.656172" lon="11.034257"><ele>521</ele></trkpt>
      <trkpt lat="46.655936" lon="11.033710"><ele>520</ele></trkpt>
      <trkpt lat="46.655823" lon="11.033453"><ele>521</ele></trkpt>
      <trkpt lat="46.655307" lon="11.032192"><ele>520</ele></trkpt>
      <trkpt lat="46.654785" lon="11.030922"><ele>521</ele></trkpt>
      <trkpt lat="46.654273" lon="11.029647"><ele>520</ele></trkpt>
      <trkpt lat="46.653319" lon="11.027330"><ele>521</ele></trkpt>
      <trkpt lat="46.651572" lon="11.023048"><ele>522</ele></trkpt>
      <trkpt lat="46.651169" lon="11.022120"><ele>524</ele></trkpt>
      <trkpt lat="46.650547" lon="11.020868"><ele>526</ele></trkpt>
      <trkpt lat="46.649812" lon="11.019537"><ele>525</ele></trkpt>
      <trkpt lat="46.648463" lon="11.017299"><ele>525</ele></trkpt>
      <trkpt lat="46.647863" lon="11.016274"><ele>525</ele></trkpt>
      <trkpt lat="46.647680" lon="11.015936"><ele>526</ele></trkpt>
      <trkpt lat="46.647590" lon="11.015739"><ele>526</ele></trkpt>
      <trkpt lat="46.647516" lon="11.015633"><ele>526</ele></trkpt>
      <trkpt lat="46.647436" lon="11.015472"><ele>526</ele></trkpt>
      <trkpt lat="46.647280" lon="11.015142"><ele>526</ele></trkpt>
      <trkpt lat="46.647065" lon="11.014656"><ele>526</ele></trkpt>
      <trkpt lat="46.646731" lon="11.013789"><ele>526</ele></trkpt>
      <trkpt lat="46.646469" lon="11.012997"><ele>526</ele></trkpt>
      <trkpt lat="46.646212" lon="11.012086"><ele>526</ele></trkpt>
      <trkpt lat="46.646007" lon="11.011202"><ele>527</ele></trkpt>
      <trkpt lat="46.645839" lon="11.010274"><ele>529</ele></trkpt>
      <trkpt lat="46.645713" lon="11.009390"><ele>527</ele></trkpt>
      <trkpt lat="46.645654" lon="11.008820"><ele>527</ele></trkpt>
      <trkpt lat="46.645618" lon="11.008326"><ele>528</ele></trkpt>
      <trkpt lat="46.645579" lon="11.007670"><ele>529</ele></trkpt>
      <trkpt lat="46.645518" lon="11.006083"><ele>530</ele></trkpt>
      <trkpt lat="46.645515" lon="11.005567"><ele>530</ele></trkpt>
      <trkpt lat="46.645550" lon="11.004911"><ele>532</ele></trkpt>
      <trkpt lat="46.645566" lon="11.004909"><ele>532</ele></trkpt>
      <trkpt lat="46.645566" lon="11.004864"><ele>532</ele></trkpt>
      <trkpt lat="46.645565" lon="11.004778"><ele>532</ele></trkpt>
      <trkpt lat="46.645594" lon="11.004756"><ele>532</ele></trkpt>
      <trkpt lat="46.645616" lon="11.004536"><ele>530</ele></trkpt>
      <trkpt lat="46.645631" lon="11.004297"><ele>530</ele></trkpt>
      <trkpt lat="46.645701" lon="11.003556"><ele>530</ele></trkpt>
      <trkpt lat="46.645822" lon="11.002680"><ele>530</ele></trkpt>
      <trkpt lat="46.645919" lon="11.001994"><ele>530</ele></trkpt>
      <trkpt lat="46.646026" lon="11.001313"><ele>530</ele></trkpt>
      <trkpt lat="46.646139" lon="11.000730"><ele>532</ele></trkpt>
      <trkpt lat="46.646236" lon="11.000316"><ele>532</ele></trkpt>
      <trkpt lat="46.646326" lon="10.999980"><ele>531</ele></trkpt>
      <trkpt lat="46.646800" lon="10.998426"><ele>532</ele></trkpt>
      <trkpt lat="46.647198" lon="10.997151"><ele>533</ele></trkpt>
      <trkpt lat="46.647966" lon="10.994744"><ele>534</ele></trkpt>
      <trkpt lat="46.648157" lon="10.994119"><ele>535</ele></trkpt>
      <trkpt lat="46.648314" lon="10.993619"><ele>536</ele></trkpt>
      <trkpt lat="46.648505" lon="10.992981"><ele>535</ele></trkpt>
      <trkpt lat="46.648528" lon="10.992831"><ele>535</ele></trkpt>
      <trkpt lat="46.648529" lon="10.992695"><ele>535</ele></trkpt>
      <trkpt lat="46.648537" lon="10.992620"><ele>536</ele></trkpt>
      <trkpt lat="46.648608" lon="10.992267"><ele>538</ele></trkpt>
      <trkpt lat="46.648584" lon="10.992114"><ele>538</ele></trkpt>
      <trkpt lat="46.648589" lon="10.992050"><ele>538</ele></trkpt>
      <trkpt lat="46.648570" lon="10.992048"><ele>538</ele></trkpt>
      <trkpt lat="46.648218" lon="10.991999"><ele>536</ele></trkpt>
      <trkpt lat="46.648212" lon="10.991608"><ele>536</ele></trkpt>
      <trkpt lat="46.648202" lon="10.991481"><ele>536</ele></trkpt>
      <trkpt lat="46.648069" lon="10.990400"><ele>538</ele></trkpt>
      <trkpt lat="46.648026" lon="10.990125"><ele>538</ele></trkpt>
      <trkpt lat="46.648002" lon="10.990029"><ele>537</ele></trkpt>
      <trkpt lat="46.647897" lon="10.989511"><ele>538</ele></trkpt>
      <trkpt lat="46.647822" lon="10.988981"><ele>538</ele></trkpt>
      <trkpt lat="46.647797" lon="10.988736"><ele>539</ele></trkpt>
      <trkpt lat="46.647777" lon="10.988361"><ele>539</ele></trkpt>
      <trkpt lat="46.647772" lon="10.988124"><ele>540</ele></trkpt>
      <trkpt lat="46.647778" lon="10.987795"><ele>540</ele></trkpt>
      <trkpt lat="46.647801" lon="10.987351"><ele>541</ele></trkpt>
      <trkpt lat="46.647920" lon="10.986042"><ele>541</ele></trkpt>
      <trkpt lat="46.648005" lon="10.985065"><ele>542</ele></trkpt>
      <trkpt lat="46.648046" lon="10.984304"><ele>542</ele></trkpt>
      <trkpt lat="46.648049" lon="10.984094"><ele>543</ele></trkpt>
      <trkpt lat="46.648039" lon="10.983916"><ele>542</ele></trkpt>
      <trkpt lat="46.648014" lon="10.983706"><ele>543</ele></trkpt>
      <trkpt lat="46.647969" lon="10.983470"><ele>544</ele></trkpt>
      <trkpt lat="46.647873" lon="10.983106"><ele>546</ele></trkpt>
      <trkpt lat="46.647723" lon="10.982622"><ele>546</ele></trkpt>
      <trkpt lat="46.647626" lon="10.982361"><ele>546</ele></trkpt>
      <trkpt lat="46.647349" lon="10.981770"><ele>548</ele></trkpt>
      <trkpt lat="46.647172" lon="10.981373"><ele>547</ele></trkpt>
      <trkpt lat="46.647030" lon="10.981021"><ele>548</ele></trkpt>
      <trkpt lat="46.646963" lon="10.980817"><ele>548</ele></trkpt>
      <trkpt lat="46.646915" lon="10.980642"><ele>547</ele></trkpt>
      <trkpt lat="46.646850" lon="10.980350"><ele>548</ele></trkpt>
      <trkpt lat="46.646832" lon="10.980216"><ele>548</ele></trkpt>
      <trkpt lat="46.646805" lon="10.979861"><ele>549</ele></trkpt>
      <trkpt lat="46.646803" lon="10.979631"><ele>549</ele></trkpt>
      <trkpt lat="46.646812" lon="10.979399"><ele>549</ele></trkpt>
      <trkpt lat="46.646838" lon="10.979052"><ele>549</ele></trkpt>
      <trkpt lat="46.646952" lon="10.977775"><ele>552</ele></trkpt>
      <trkpt lat="46.647048" lon="10.976782"><ele>551</ele></trkpt>
      <trkpt lat="46.647052" lon="10.976718"><ele>551</ele></trkpt>
      <trkpt lat="46.647069" lon="10.976483"><ele>551</ele></trkpt>
      <trkpt lat="46.647066" lon="10.974870"><ele>550</ele></trkpt>
      <trkpt lat="46.647052" lon="10.974443"><ele>550</ele></trkpt>
      <trkpt lat="46.647010" lon="10.973998"><ele>551</ele></trkpt>
      <trkpt lat="46.646940" lon="10.973584"><ele>551</ele></trkpt>
      <trkpt lat="46.646842" lon="10.973125"><ele>550</ele></trkpt>
      <trkpt lat="46.646779" lon="10.972646"><ele>551</ele></trkpt>
      <trkpt lat="46.646748" lon="10.972179"><ele>552</ele></trkpt>
      <trkpt lat="46.646755" lon="10.971318"><ele>550</ele></trkpt>
      <trkpt lat="46.646747" lon="10.971061"><ele>551</ele></trkpt>
      <trkpt lat="46.646627" lon="10.969775"><ele>550</ele></trkpt>
      <trkpt lat="46.646599" lon="10.969621"><ele>550</ele></trkpt>
      <trkpt lat="46.646564" lon="10.969482"><ele>550</ele></trkpt>
      <trkpt lat="46.646518" lon="10.969342"><ele>551</ele></trkpt>
      <trkpt lat="46.646451" lon="10.969175"><ele>551</ele></trkpt>
      <trkpt lat="46.646301" lon="10.968851"><ele>550</ele></trkpt>
      <trkpt lat="46.646087" lon="10.968458"><ele>551</ele></trkpt>
      <trkpt lat="46.645888" lon="10.968135"><ele>552</ele></trkpt>
      <trkpt lat="46.645741" lon="10.967822"><ele>552</ele></trkpt>
      <trkpt lat="46.645672" lon="10.967661"><ele>552</ele></trkpt>
      <trkpt lat="46.645615" lon="10.967507"><ele>552</ele></trkpt>
      <trkpt lat="46.645519" lon="10.967174"><ele>552</ele></trkpt>
      <trkpt lat="46.645480" lon="10.966995"><ele>551</ele></trkpt>
      <trkpt lat="46.645390" lon="10.966430"><ele>553</ele></trkpt>
      <trkpt lat="46.645348" lon="10.966072"><ele>553</ele></trkpt>
      <trkpt lat="46.645359" lon="10.966068"><ele>553</ele></trkpt>
      <trkpt lat="46.645566" lon="10.966027"><ele>552</ele></trkpt>
      <trkpt lat="46.645589" lon="10.966024"><ele>552</ele></trkpt>
      <trkpt lat="46.645582" lon="10.965969"><ele>552</ele></trkpt>
      <trkpt lat="46.645577" lon="10.965917"><ele>552</ele></trkpt>
      <trkpt lat="46.645539" lon="10.965359"><ele>552</ele></trkpt>
      <trkpt lat="46.645517" lon="10.965040"><ele>552</ele></trkpt>
      <trkpt lat="46.645469" lon="10.964719"><ele>552</ele></trkpt>
      <trkpt lat="46.645412" lon="10.964427"><ele>552</ele></trkpt>
      <trkpt lat="46.645333" lon="10.964119"><ele>552</ele></trkpt>
      <trkpt lat="46.645234" lon="10.963828"><ele>552</ele></trkpt>
      <trkpt lat="46.645029" lon="10.963372"><ele>552</ele></trkpt>
      <trkpt lat="46.644462" lon="10.961922"><ele>553</ele></trkpt>
      <trkpt lat="46.644277" lon="10.961468"><ele>552</ele></trkpt>
      <trkpt lat="46.644240" lon="10.961381"><ele>552</ele></trkpt>
      <trkpt lat="46.644122" lon="10.961150"><ele>553</ele></trkpt>
      <trkpt lat="46.643796" lon="10.960380"><ele>553</ele></trkpt>
      <trkpt lat="46.643257" lon="10.959023"><ele>553</ele></trkpt>
      <trkpt lat="46.643198" lon="10.958828"><ele>552</ele></trkpt>
      <trkpt lat="46.641904" lon="10.955686"><ele>554</ele></trkpt>
      <trkpt lat="46.641324" lon="10.954239"><ele>554</ele></trkpt>
      <trkpt lat="46.640463" lon="10.952134"><ele>554</ele></trkpt>
      <trkpt lat="46.640212" lon="10.951494"><ele>556</ele></trkpt>
      <trkpt lat="46.640208" lon="10.951471"><ele>556</ele></trkpt>
      <trkpt lat="46.640137" lon="10.951308"><ele>555</ele></trkpt>
      <trkpt lat="46.640104" lon="10.951264"><ele>555</ele></trkpt>
      <trkpt lat="46.639942" lon="10.950873"><ele>556</ele></trkpt>
      <trkpt lat="46.638911" lon="10.948380"><ele>555</ele></trkpt>
      <trkpt lat="46.637213" lon="10.944188"><ele>558</ele></trkpt>
      <trkpt lat="46.636563" lon="10.942599"><ele>558</ele></trkpt>
      <trkpt lat="46.636078" lon="10.941391"><ele>558</ele></trkpt>
      <trkpt lat="46.635660" lon="10.940386"><ele>559</ele></trkpt>
      <trkpt lat="46.635541" lon="10.940085"><ele>560</ele></trkpt>
      <trkpt lat="46.635290" lon="10.939336"><ele>560</ele></trkpt>
      <trkpt lat="46.635154" lon="10.939114"><ele>560</ele></trkpt>
      <trkpt lat="46.634862" lon="10.938355"><ele>560</ele></trkpt>
      <trkpt lat="46.634797" lon="10.938195"><ele>560</ele></trkpt>
      <trkpt lat="46.634646" lon="10.937851"><ele>560</ele></trkpt>
      <trkpt lat="46.634279" lon="10.936954"><ele>560</ele></trkpt>
      <trkpt lat="46.633917" lon="10.936048"><ele>562</ele></trkpt>
      <trkpt lat="46.633259" lon="10.934436"><ele>561</ele></trkpt>
      <trkpt lat="46.632644" lon="10.932978"><ele>562</ele></trkpt>
      <trkpt lat="46.632526" lon="10.932685"><ele>563</ele></trkpt>
      <trkpt lat="46.631343" lon="10.929795"><ele>564</ele></trkpt>
      <trkpt lat="46.630996" lon="10.928992"><ele>564</ele></trkpt>
      <trkpt lat="46.630902" lon="10.928743"><ele>564</ele></trkpt>
      <trkpt lat="46.630600" lon="10.928014"><ele>564</ele></trkpt>
      <trkpt lat="46.630222" lon="10.927083"><ele>565</ele></trkpt>
      <trkpt lat="46.629949" lon="10.926411"><ele>566</ele></trkpt>
      <trkpt lat="46.629376" lon="10.925026"><ele>564</ele></trkpt>
      <trkpt lat="46.628261" lon="10.922316"><ele>566</ele></trkpt>
      <trkpt lat="46.627607" lon="10.920704"><ele>567</ele></trkpt>
      <trkpt lat="46.627310" lon="10.919947"><ele>567</ele></trkpt>
      <trkpt lat="46.627184" lon="10.919651"><ele>568</ele></trkpt>
      <trkpt lat="46.626648" lon="10.918332"><ele>568</ele></trkpt>
      <trkpt lat="46.626434" lon="10.917821"><ele>568</ele></trkpt>
      <trkpt lat="46.626247" lon="10.917332"><ele>569</ele></trkpt>
      <trkpt lat="46.626067" lon="10.916769"><ele>569</ele></trkpt>
      <trkpt lat="46.625974" lon="10.916444"><ele>568</ele></trkpt>
      <trkpt lat="46.625863" lon="10.915965"><ele>570</ele></trkpt>
      <trkpt lat="46.625781" lon="10.915523"><ele>570</ele></trkpt>
      <trkpt lat="46.625729" lon="10.915271"><ele>569</ele></trkpt>
      <trkpt lat="46.625679" lon="10.914976"><ele>568</ele></trkpt>
      <trkpt lat="46.625629" lon="10.914429"><ele>570</ele></trkpt>
      <trkpt lat="46.625597" lon="10.913896"><ele>570</ele></trkpt>
      <trkpt lat="46.625589" lon="10.913125"><ele>571</ele></trkpt>
      <trkpt lat="46.625679" lon="10.912008"><ele>570</ele></trkpt>
      <trkpt lat="46.625763" lon="10.911285"><ele>571</ele></trkpt>
      <trkpt lat="46.625843" lon="10.910676"><ele>572</ele></trkpt>
      <trkpt lat="46.625942" lon="10.910106"><ele>571</ele></trkpt>
      <trkpt lat="46.626076" lon="10.909534"><ele>572</ele></trkpt>
      <trkpt lat="46.626273" lon="10.908861"><ele>572</ele></trkpt>
      <trkpt lat="46.626362" lon="10.908605"><ele>574</ele></trkpt>
      <trkpt lat="46.626607" lon="10.907901"><ele>573</ele></trkpt>
      <trkpt lat="46.626884" lon="10.907146"><ele>574</ele></trkpt>
      <trkpt lat="46.627127" lon="10.906447"><ele>574</ele></trkpt>
      <trkpt lat="46.627384" lon="10.905687"><ele>573</ele></trkpt>
      <trkpt lat="46.627556" lon="10.905092"><ele>574</ele></trkpt>
      <trkpt lat="46.627623" lon="10.904798"><ele>574</ele></trkpt>
      <trkpt lat="46.627825" lon="10.903622"><ele>576</ele></trkpt>
      <trkpt lat="46.627896" lon="10.902821"><ele>576</ele></trkpt>
      <trkpt lat="46.627913" lon="10.902535"><ele>577</ele></trkpt>
      <trkpt lat="46.627991" lon="10.901715"><ele>579</ele></trkpt>
      <trkpt lat="46.628053" lon="10.901398"><ele>581</ele></trkpt>
      <trkpt lat="46.628047" lon="10.901376"><ele>581</ele></trkpt>
      <trkpt lat="46.628035" lon="10.901342"><ele>581</ele></trkpt>
      <trkpt lat="46.628010" lon="10.901303"><ele>581</ele></trkpt>
      <trkpt lat="46.627910" lon="10.901296"><ele>580</ele></trkpt>
      <trkpt lat="46.627893" lon="10.901252"><ele>580</ele></trkpt>
      <trkpt lat="46.627878" lon="10.901083"><ele>580</ele></trkpt>
      <trkpt lat="46.627859" lon="10.901034"><ele>581</ele></trkpt>
      <trkpt lat="46.627822" lon="10.900921"><ele>581</ele></trkpt>
      <trkpt lat="46.627824" lon="10.900727"><ele>582</ele></trkpt>
      <trkpt lat="46.627814" lon="10.900598"><ele>582</ele></trkpt>
      <trkpt lat="46.627739" lon="10.899913"><ele>584</ele></trkpt>
      <trkpt lat="46.627711" lon="10.899811"><ele>583</ele></trkpt>
      <trkpt lat="46.627681" lon="10.899727"><ele>583</ele></trkpt>
      <trkpt lat="46.627636" lon="10.899583"><ele>582</ele></trkpt>
      <trkpt lat="46.627598" lon="10.899458"><ele>581</ele></trkpt>
      <trkpt lat="46.627531" lon="10.899232"><ele>581</ele></trkpt>
      <trkpt lat="46.627464" lon="10.898957"><ele>582</ele></trkpt>
      <trkpt lat="46.627438" lon="10.898785"><ele>581</ele></trkpt>
      <trkpt lat="46.627412" lon="10.898409"><ele>581</ele></trkpt>
      <trkpt lat="46.627414" lon="10.897832"><ele>581</ele></trkpt>
      <trkpt lat="46.627440" lon="10.897408"><ele>582</ele></trkpt>
      <trkpt lat="46.627450" lon="10.897031"><ele>584</ele></trkpt>
      <trkpt lat="46.627453" lon="10.896500"><ele>587</ele></trkpt>
      <trkpt lat="46.627444" lon="10.896154"><ele>587</ele></trkpt>
      <trkpt lat="46.627430" lon="10.896014"><ele>588</ele></trkpt>
      <trkpt lat="46.627354" lon="10.895581"><ele>587</ele></trkpt>
      <trkpt lat="46.627277" lon="10.895264"><ele>586</ele></trkpt>
      <trkpt lat="46.627208" lon="10.895036"><ele>584</ele></trkpt>
      <trkpt lat="46.626937" lon="10.894195"><ele>585</ele></trkpt>
      <trkpt lat="46.626695" lon="10.893479"><ele>586</ele></trkpt>
      <trkpt lat="46.626661" lon="10.893348"><ele>586</ele></trkpt>
      <trkpt lat="46.626605" lon="10.893054"><ele>586</ele></trkpt>
      <trkpt lat="46.626561" lon="10.892902"><ele>589</ele></trkpt>
      <trkpt lat="46.626492" lon="10.892746"><ele>590</ele></trkpt>
      <trkpt lat="46.626289" lon="10.892446"><ele>589</ele></trkpt>
      <trkpt lat="46.626254" lon="10.892365"><ele>590</ele></trkpt>
      <trkpt lat="46.626192" lon="10.892092"><ele>590</ele></trkpt>
      <trkpt lat="46.626017" lon="10.890930"><ele>590</ele></trkpt>
      <trkpt lat="46.626013" lon="10.890823"><ele>590</ele></trkpt>
      <trkpt lat="46.626022" lon="10.890717"><ele>590</ele></trkpt>
      <trkpt lat="46.626047" lon="10.890587"><ele>590</ele></trkpt>
      <trkpt lat="46.626208" lon="10.890068"><ele>594</ele></trkpt>
      <trkpt lat="46.626243" lon="10.889919"><ele>595</ele></trkpt>
      <trkpt lat="46.626303" lon="10.889528"><ele>597</ele></trkpt>
      <trkpt lat="46.626317" lon="10.889291"><ele>596</ele></trkpt>
      <trkpt lat="46.626319" lon="10.889039"><ele>596</ele></trkpt>
      <trkpt lat="46.626302" lon="10.888760"><ele>596</ele></trkpt>
      <trkpt lat="46.626274" lon="10.888468"><ele>596</ele></trkpt>
      <trkpt lat="46.626207" lon="10.888036"><ele>596</ele></trkpt>
      <trkpt lat="46.626165" lon="10.887829"><ele>596</ele></trkpt>
      <trkpt lat="46.626082" lon="10.887503"><ele>598</ele></trkpt>
      <trkpt lat="46.625967" lon="10.887163"><ele>600</ele></trkpt>
      <trkpt lat="46.625646" lon="10.886306"><ele>602</ele></trkpt>
      <trkpt lat="46.625388" lon="10.885688"><ele>605</ele></trkpt>
      <trkpt lat="46.625071" lon="10.885071"><ele>603</ele></trkpt>
      <trkpt lat="46.624792" lon="10.884514"><ele>606</ele></trkpt>
      <trkpt lat="46.624740" lon="10.884391"><ele>604</ele></trkpt>
      <trkpt lat="46.624702" lon="10.884271"><ele>606</ele></trkpt>
      <trkpt lat="46.624418" lon="10.883135"><ele>610</ele></trkpt>
      <trkpt lat="46.624339" lon="10.882792"><ele>614</ele></trkpt>
      <trkpt lat="46.624184" lon="10.881929"><ele>612</ele></trkpt>
      <trkpt lat="46.624059" lon="10.881324"><ele>617</ele></trkpt>
      <trkpt lat="46.624022" lon="10.881148"><ele>616</ele></trkpt>
      <trkpt lat="46.624005" lon="10.880992"><ele>615</ele></trkpt>
      <trkpt lat="46.623980" lon="10.880415"><ele>616</ele></trkpt>
      <trkpt lat="46.623968" lon="10.880261"><ele>616</ele></trkpt>
      <trkpt lat="46.623928" lon="10.880001"><ele>616</ele></trkpt>
      <trkpt lat="46.623878" lon="10.879723"><ele>617</ele></trkpt>
      <trkpt lat="46.623856" lon="10.879644"><ele>617</ele></trkpt>
      <trkpt lat="46.623719" lon="10.879317"><ele>616</ele></trkpt>
      <trkpt lat="46.623688" lon="10.879219"><ele>615</ele></trkpt>
      <trkpt lat="46.623640" lon="10.878926"><ele>615</ele></trkpt>
      <trkpt lat="46.623616" lon="10.878676"><ele>615</ele></trkpt>
      <trkpt lat="46.623612" lon="10.878485"><ele>615</ele></trkpt>
      <trkpt lat="46.623615" lon="10.878152"><ele>616</ele></trkpt>
      <trkpt lat="46.623659" lon="10.877589"><ele>616</ele></trkpt>
      <trkpt lat="46.623725" lon="10.876855"><ele>617</ele></trkpt>
      <trkpt lat="46.623761" lon="10.876281"><ele>619</ele></trkpt>
      <trkpt lat="46.623799" lon="10.875824"><ele>623</ele></trkpt>
      <trkpt lat="46.623814" lon="10.875480"><ele>624</ele></trkpt>
      <trkpt lat="46.623846" lon="10.875176"><ele>623</ele></trkpt>
      <trkpt lat="46.623850" lon="10.874970"><ele>625</ele></trkpt>
      <trkpt lat="46.623837" lon="10.874871"><ele>626</ele></trkpt>
      <trkpt lat="46.623805" lon="10.874720"><ele>626</ele></trkpt>
      <trkpt lat="46.623714" lon="10.874455"><ele>626</ele></trkpt>
      <trkpt lat="46.623670" lon="10.874360"><ele>624</ele></trkpt>
      <trkpt lat="46.623530" lon="10.874099"><ele>624</ele></trkpt>
      <trkpt lat="46.623478" lon="10.873985"><ele>624</ele></trkpt>
      <trkpt lat="46.623336" lon="10.873519"><ele>620</ele></trkpt>
      <trkpt lat="46.623146" lon="10.872990"><ele>621</ele></trkpt>
      <trkpt lat="46.622844" lon="10.872214"><ele>621</ele></trkpt>
      <trkpt lat="46.622828" lon="10.872129"><ele>621</ele></trkpt>
      <trkpt lat="46.622819" lon="10.872019"><ele>621</ele></trkpt>
      <trkpt lat="46.622827" lon="10.871879"><ele>621</ele></trkpt>
      <trkpt lat="46.622877" lon="10.871588"><ele>622</ele></trkpt>
      <trkpt lat="46.622938" lon="10.871314"><ele>624</ele></trkpt>
      <trkpt lat="46.622960" lon="10.871181"><ele>625</ele></trkpt>
      <trkpt lat="46.622973" lon="10.870920"><ele>626</ele></trkpt>
      <trkpt lat="46.622964" lon="10.870570"><ele>626</ele></trkpt>
      <trkpt lat="46.622944" lon="10.870322"><ele>625</ele></trkpt>
      <trkpt lat="46.622910" lon="10.870069"><ele>626</ele></trkpt>
      <trkpt lat="46.622864" lon="10.869855"><ele>626</ele></trkpt>
      <trkpt lat="46.622795" lon="10.869620"><ele>626</ele></trkpt>
      <trkpt lat="46.622738" lon="10.869465"><ele>628</ele></trkpt>
      <trkpt lat="46.622716" lon="10.869423"><ele>628</ele></trkpt>
      <trkpt lat="46.622684" lon="10.869406"><ele>627</ele></trkpt>
      <trkpt lat="46.622638" lon="10.869427"><ele>626</ele></trkpt>
      <trkpt lat="46.622366" lon="10.869620"><ele>626</ele></trkpt>
      <trkpt lat="46.622317" lon="10.869643"><ele>628</ele></trkpt>
      <trkpt lat="46.622292" lon="10.869628"><ele>628</ele></trkpt>
      <trkpt lat="46.622259" lon="10.869593"><ele>629</ele></trkpt>
      <trkpt lat="46.622151" lon="10.869403"><ele>630</ele></trkpt>
      <trkpt lat="46.622056" lon="10.869184"><ele>629</ele></trkpt>
      <trkpt lat="46.621513" lon="10.867850"><ele>633</ele></trkpt>
      <trkpt lat="46.621109" lon="10.866883"><ele>632</ele></trkpt>
      <trkpt lat="46.621105" lon="10.866853"><ele>632</ele></trkpt>
      <trkpt lat="46.621117" lon="10.866817"><ele>632</ele></trkpt>
      <trkpt lat="46.621114" lon="10.866793"><ele>632</ele></trkpt>
      <trkpt lat="46.621105" lon="10.866780"><ele>632</ele></trkpt>
      <trkpt lat="46.621034" lon="10.866715"><ele>632</ele></trkpt>
      <trkpt lat="46.620981" lon="10.866618"><ele>632</ele></trkpt>
      <trkpt lat="46.620960" lon="10.866556"><ele>632</ele></trkpt>
      <trkpt lat="46.620943" lon="10.866503"><ele>632</ele></trkpt>
      <trkpt lat="46.620936" lon="10.866454"><ele>631</ele></trkpt>
      <trkpt lat="46.620859" lon="10.866305"><ele>631</ele></trkpt>
      <trkpt lat="46.620850" lon="10.866253"><ele>631</ele></trkpt>
      <trkpt lat="46.620858" lon="10.866194"><ele>630</ele></trkpt>
      <trkpt lat="46.620872" lon="10.866158"><ele>630</ele></trkpt>
      <trkpt lat="46.620890" lon="10.866081"><ele>628</ele></trkpt>
      <trkpt lat="46.620900" lon="10.865976"><ele>627</ele></trkpt>
      <trkpt lat="46.620895" lon="10.865731"><ele>626</ele></trkpt>
      <trkpt lat="46.620895" lon="10.865671"><ele>626</ele></trkpt>
      <trkpt lat="46.620888" lon="10.865596"><ele>627</ele></trkpt>
      <trkpt lat="46.620818" lon="10.865238"><ele>628</ele></trkpt>
      <trkpt lat="46.620802" lon="10.865099"><ele>627</ele></trkpt>
      <trkpt lat="46.620803" lon="10.864975"><ele>627</ele></trkpt>
      <trkpt lat="46.620821" lon="10.864832"><ele>628</ele></trkpt>
      <trkpt lat="46.620861" lon="10.864617"><ele>628</ele></trkpt>
      <trkpt lat="46.620963" lon="10.864207"><ele>626</ele></trkpt>
      <trkpt lat="46.621021" lon="10.864021"><ele>626</ele></trkpt>
      <trkpt lat="46.621159" lon="10.863749"><ele>627</ele></trkpt>
      <trkpt lat="46.621482" lon="10.863154"><ele>628</ele></trkpt>
      <trkpt lat="46.621499" lon="10.863159"><ele>628</ele></trkpt>
      <trkpt lat="46.621751" lon="10.863267"><ele>630</ele></trkpt>
      <trkpt lat="46.621775" lon="10.863264"><ele>630</ele></trkpt>
      <trkpt lat="46.621803" lon="10.863231"><ele>630</ele></trkpt>
      <trkpt lat="46.621984" lon="10.862917"><ele>630</ele></trkpt>
      <trkpt lat="46.622132" lon="10.862603"><ele>632</ele></trkpt>
      <trkpt lat="46.622338" lon="10.862218"><ele>631</ele></trkpt>
      <trkpt lat="46.622456" lon="10.861949"><ele>631</ele></trkpt>
      <trkpt lat="46.622517" lon="10.861738"><ele>631</ele></trkpt>
      <trkpt lat="46.622612" lon="10.861095"><ele>632</ele></trkpt>
      <trkpt lat="46.622665" lon="10.860594"><ele>634</ele></trkpt>
      <trkpt lat="46.622667" lon="10.860061"><ele>635</ele></trkpt>
      <trkpt lat="46.622609" lon="10.859461"><ele>636</ele></trkpt>
      <trkpt lat="46.622452" lon="10.858802"><ele>638</ele></trkpt>
      <trkpt lat="46.622262" lon="10.857836"><ele>635</ele></trkpt>
      <trkpt lat="46.622063" lon="10.857067"><ele>636</ele></trkpt>
      <trkpt lat="46.621856" lon="10.856325"><ele>638</ele></trkpt>
      <trkpt lat="46.621747" lon="10.855357"><ele>637</ele></trkpt>
      <trkpt lat="46.621503" lon="10.855161"><ele>634</ele></trkpt>
      <trkpt lat="46.621444" lon="10.855012"><ele>633</ele></trkpt>
      <trkpt lat="46.621358" lon="10.854704"><ele>635</ele></trkpt>
      <trkpt lat="46.621305" lon="10.854464"><ele>634</ele></trkpt>
      <trkpt lat="46.621265" lon="10.853850"><ele>634</ele></trkpt>
      <trkpt lat="46.621277" lon="10.853279"><ele>635</ele></trkpt>
      <trkpt lat="46.621350" lon="10.852837"><ele>636</ele></trkpt>
      <trkpt lat="46.621530" lon="10.851946"><ele>638</ele></trkpt>
      <trkpt lat="46.621597" lon="10.851406"><ele>640</ele></trkpt>
      <trkpt lat="46.621603" lon="10.850938"><ele>640</ele></trkpt>
      <trkpt lat="46.621583" lon="10.850366"><ele>640</ele></trkpt>
      <trkpt lat="46.621555" lon="10.849802"><ele>641</ele></trkpt>
      <trkpt lat="46.621551" lon="10.849742"><ele>641</ele></trkpt>
      <trkpt lat="46.621552" lon="10.849615"><ele>641</ele></trkpt>
      <trkpt lat="46.621544" lon="10.849196"><ele>641</ele></trkpt>
      <trkpt lat="46.621511" lon="10.848934"><ele>641</ele></trkpt>
      <trkpt lat="46.621424" lon="10.848573"><ele>642</ele></trkpt>
      <trkpt lat="46.621240" lon="10.848002"><ele>641</ele></trkpt>
      <trkpt lat="46.621075" lon="10.847552"><ele>642</ele></trkpt>
      <trkpt lat="46.620815" lon="10.846848"><ele>642</ele></trkpt>
      <trkpt lat="46.620352" lon="10.845195"><ele>643</ele></trkpt>
      <trkpt lat="46.620278" lon="10.844971"><ele>643</ele></trkpt>
      <trkpt lat="46.619889" lon="10.843997"><ele>644</ele></trkpt>
      <trkpt lat="46.619568" lon="10.842748"><ele>646</ele></trkpt>
      <trkpt lat="46.619536" lon="10.842580"><ele>646</ele></trkpt>
      <trkpt lat="46.619415" lon="10.842176"><ele>648</ele></trkpt>
      <trkpt lat="46.619295" lon="10.841798"><ele>649</ele></trkpt>
      <trkpt lat="46.619185" lon="10.841592"><ele>650</ele></trkpt>
      <trkpt lat="46.619035" lon="10.841397"><ele>650</ele></trkpt>
      <trkpt lat="46.618950" lon="10.841329"><ele>649</ele></trkpt>
      <trkpt lat="46.618822" lon="10.841272"><ele>648</ele></trkpt>
      <trkpt lat="46.618702" lon="10.841116"><ele>648</ele></trkpt>
      <trkpt lat="46.618321" lon="10.840741"><ele>650</ele></trkpt>
      <trkpt lat="46.618246" lon="10.840373"><ele>650</ele></trkpt>
      <trkpt lat="46.618239" lon="10.840248"><ele>650</ele></trkpt>
      <trkpt lat="46.618246" lon="10.840156"><ele>650</ele></trkpt>
      <trkpt lat="46.618270" lon="10.840064"><ele>650</ele></trkpt>
      <trkpt lat="46.618326" lon="10.839925"><ele>650</ele></trkpt>
      <trkpt lat="46.618363" lon="10.839819"><ele>650</ele></trkpt>
      <trkpt lat="46.618452" lon="10.839624"><ele>651</ele></trkpt>
      <trkpt lat="46.618722" lon="10.838864"><ele>653</ele></trkpt>
      <trkpt lat="46.618927" lon="10.838252"><ele>655</ele></trkpt>
      <trkpt lat="46.619015" lon="10.837915"><ele>655</ele></trkpt>
      <trkpt lat="46.619059" lon="10.837809"><ele>656</ele></trkpt>
      <trkpt lat="46.619252" lon="10.837283"><ele>658</ele></trkpt>
      <trkpt lat="46.619461" lon="10.836759"><ele>658</ele></trkpt>
      <trkpt lat="46.620384" lon="10.834376"><ele>656</ele></trkpt>
      <trkpt lat="46.620423" lon="10.834240"><ele>656</ele></trkpt>
      <trkpt lat="46.620421" lon="10.834131"><ele>656</ele></trkpt>
      <trkpt lat="46.620370" lon="10.834026"><ele>656</ele></trkpt>
      <trkpt lat="46.620212" lon="10.833865"><ele>655</ele></trkpt>
      <trkpt lat="46.620155" lon="10.833753"><ele>654</ele></trkpt>
      <trkpt lat="46.620165" lon="10.833691"><ele>654</ele></trkpt>
      <trkpt lat="46.620142" lon="10.833674"><ele>654</ele></trkpt>
      <trkpt lat="46.619942" lon="10.833562"><ele>652</ele></trkpt>
      <trkpt lat="46.619921" lon="10.833553"><ele>653</ele></trkpt>
      <trkpt lat="46.620052" lon="10.833034"><ele>655</ele></trkpt>
      <trkpt lat="46.620198" lon="10.832489"><ele>654</ele></trkpt>
      <trkpt lat="46.620439" lon="10.831619"><ele>653</ele></trkpt>
      <trkpt lat="46.620628" lon="10.830917"><ele>655</ele></trkpt>
      <trkpt lat="46.620680" lon="10.830543"><ele>654</ele></trkpt>
      <trkpt lat="46.620692" lon="10.830224"><ele>654</ele></trkpt>
      <trkpt lat="46.620689" lon="10.829931"><ele>655</ele></trkpt>
      <trkpt lat="46.620678" lon="10.829456"><ele>655</ele></trkpt>
      <trkpt lat="46.620651" lon="10.828938"><ele>656</ele></trkpt>
      <trkpt lat="46.620537" lon="10.827905"><ele>656</ele></trkpt>
      <trkpt lat="46.620440" lon="10.827476"><ele>656</ele></trkpt>
      <trkpt lat="46.620438" lon="10.827310"><ele>656</ele></trkpt>
      <trkpt lat="46.620409" lon="10.827192"><ele>656</ele></trkpt>
      <trkpt lat="46.620375" lon="10.827103"><ele>656</ele></trkpt>
      <trkpt lat="46.620341" lon="10.826995"><ele>656</ele></trkpt>
      <trkpt lat="46.620233" lon="10.826657"><ele>657</ele></trkpt>
      <trkpt lat="46.620212" lon="10.826533"><ele>657</ele></trkpt>
      <trkpt lat="46.620188" lon="10.826187"><ele>657</ele></trkpt>
      <trkpt lat="46.620153" lon="10.825994"><ele>658</ele></trkpt>
      <trkpt lat="46.620109" lon="10.825858"><ele>658</ele></trkpt>
      <trkpt lat="46.620000" lon="10.825724"><ele>657</ele></trkpt>
      <trkpt lat="46.619992" lon="10.825625"><ele>658</ele></trkpt>
      <trkpt lat="46.619994" lon="10.825369"><ele>658</ele></trkpt>
      <trkpt lat="46.619993" lon="10.825232"><ele>658</ele></trkpt>
      <trkpt lat="46.619992" lon="10.825081"><ele>658</ele></trkpt>
      <trkpt lat="46.619963" lon="10.824877"><ele>658</ele></trkpt>
      <trkpt lat="46.619969" lon="10.824809"><ele>658</ele></trkpt>
      <trkpt lat="46.619993" lon="10.824709"><ele>659</ele></trkpt>
      <trkpt lat="46.620031" lon="10.824646"><ele>659</ele></trkpt>
      <trkpt lat="46.620099" lon="10.824538"><ele>658</ele></trkpt>
      <trkpt lat="46.620128" lon="10.824431"><ele>658</ele></trkpt>
      <trkpt lat="46.620115" lon="10.824246"><ele>658</ele></trkpt>
      <trkpt lat="46.620141" lon="10.824105"><ele>658</ele></trkpt>
      <trkpt lat="46.620030" lon="10.823000"><ele>659</ele></trkpt>
      <trkpt lat="46.619650" lon="10.820497"><ele>659</ele></trkpt>
      <trkpt lat="46.619551" lon="10.819723"><ele>661</ele></trkpt>
      <trkpt lat="46.619529" lon="10.819396"><ele>661</ele></trkpt>
      <trkpt lat="46.619531" lon="10.819085"><ele>662</ele></trkpt>
      <trkpt lat="46.619577" lon="10.818681"><ele>661</ele></trkpt>
      <trkpt lat="46.619657" lon="10.818246"><ele>661</ele></trkpt>
      <trkpt lat="46.619762" lon="10.817815"><ele>662</ele></trkpt>
      <trkpt lat="46.619830" lon="10.817451"><ele>662</ele></trkpt>
      <trkpt lat="46.619857" lon="10.817137"><ele>662</ele></trkpt>
      <trkpt lat="46.619866" lon="10.816826"><ele>662</ele></trkpt>
      <trkpt lat="46.619857" lon="10.816522"><ele>663</ele></trkpt>
      <trkpt lat="46.619812" lon="10.816223"><ele>664</ele></trkpt>
      <trkpt lat="46.619754" lon="10.815620"><ele>664</ele></trkpt>
      <trkpt lat="46.619715" lon="10.815329"><ele>663</ele></trkpt>
      <trkpt lat="46.619640" lon="10.814859"><ele>663</ele></trkpt>
      <trkpt lat="46.619431" lon="10.813884"><ele>664</ele></trkpt>
      <trkpt lat="46.619236" lon="10.813019"><ele>665</ele></trkpt>
      <trkpt lat="46.619019" lon="10.812119"><ele>664</ele></trkpt>
      <trkpt lat="46.618965" lon="10.812012"><ele>665</ele></trkpt>
      <trkpt lat="46.618878" lon="10.811769"><ele>666</ele></trkpt>
      <trkpt lat="46.618843" lon="10.811609"><ele>666</ele></trkpt>
      <trkpt lat="46.618810" lon="10.811258"><ele>664</ele></trkpt>
      <trkpt lat="46.618830" lon="10.811092"><ele>664</ele></trkpt>
      <trkpt lat="46.618819" lon="10.810652"><ele>665</ele></trkpt>
      <trkpt lat="46.618900" lon="10.809770"><ele>666</ele></trkpt>
      <trkpt lat="46.618920" lon="10.809270"><ele>667</ele></trkpt>
      <trkpt lat="46.618908" lon="10.808884"><ele>667</ele></trkpt>
      <trkpt lat="46.618857" lon="10.807997"><ele>667</ele></trkpt>
      <trkpt lat="46.618827" lon="10.807529"><ele>667</ele></trkpt>
      <trkpt lat="46.618757" lon="10.806706"><ele>667</ele></trkpt>
      <trkpt lat="46.618686" lon="10.806230"><ele>668</ele></trkpt>
      <trkpt lat="46.618474" lon="10.805033"><ele>668</ele></trkpt>
      <trkpt lat="46.618337" lon="10.804202"><ele>670</ele></trkpt>
      <trkpt lat="46.618264" lon="10.803654"><ele>669</ele></trkpt>
      <trkpt lat="46.618055" lon="10.801470"><ele>671</ele></trkpt>
      <trkpt lat="46.617992" lon="10.800268"><ele>672</ele></trkpt>
      <trkpt lat="46.617945" lon="10.799711"><ele>672</ele></trkpt>
      <trkpt lat="46.617889" lon="10.799231"><ele>673</ele></trkpt>
      <trkpt lat="46.617795" lon="10.798534"><ele>674</ele></trkpt>
      <trkpt lat="46.617613" lon="10.796889"><ele>674</ele></trkpt>
      <trkpt lat="46.617534" lon="10.795998"><ele>676</ele></trkpt>
      <trkpt lat="46.617490" lon="10.795401"><ele>676</ele></trkpt>
      <trkpt lat="46.617431" lon="10.794924"><ele>676</ele></trkpt>
      <trkpt lat="46.617362" lon="10.794536"><ele>677</ele></trkpt>
      <trkpt lat="46.617259" lon="10.794111"><ele>677</ele></trkpt>
      <trkpt lat="46.616799" lon="10.792433"><ele>679</ele></trkpt>
      <trkpt lat="46.616651" lon="10.791856"><ele>680</ele></trkpt>
      <trkpt lat="46.616613" lon="10.791591"><ele>680</ele></trkpt>
      <trkpt lat="46.616604" lon="10.791248"><ele>680</ele></trkpt>
      <trkpt lat="46.616637" lon="10.790706"><ele>681</ele></trkpt>
      <trkpt lat="46.616627" lon="10.790484"><ele>681</ele></trkpt>
      <trkpt lat="46.616608" lon="10.790289"><ele>682</ele></trkpt>
      <trkpt lat="46.616537" lon="10.789895"><ele>682</ele></trkpt>
      <trkpt lat="46.616535" lon="10.789778"><ele>682</ele></trkpt>
      <trkpt lat="46.616536" lon="10.789699"><ele>682</ele></trkpt>
      <trkpt lat="46.616549" lon="10.789368"><ele>682</ele></trkpt>
      <trkpt lat="46.616525" lon="10.788859"><ele>683</ele></trkpt>
      <trkpt lat="46.616485" lon="10.788428"><ele>684</ele></trkpt>
      <trkpt lat="46.616445" lon="10.788119"><ele>684</ele></trkpt>
      <trkpt lat="46.616405" lon="10.787923"><ele>684</ele></trkpt>
      <trkpt lat="46.616356" lon="10.787786"><ele>685</ele></trkpt>
      <trkpt lat="46.616281" lon="10.787303"><ele>685</ele></trkpt>
      <trkpt lat="46.616212" lon="10.786984"><ele>686</ele></trkpt>
      <trkpt lat="46.616143" lon="10.786738"><ele>685</ele></trkpt>
      <trkpt lat="46.616092" lon="10.786496"><ele>685</ele></trkpt>
      <trkpt lat="46.616061" lon="10.786282"><ele>686</ele></trkpt>
      <trkpt lat="46.616041" lon="10.786059"><ele>686</ele></trkpt>
      <trkpt lat="46.616014" lon="10.785291"><ele>686</ele></trkpt>
      <trkpt lat="46.616007" lon="10.785059"><ele>687</ele></trkpt>
      <trkpt lat="46.616021" lon="10.784648"><ele>687</ele></trkpt>
      <trkpt lat="46.616047" lon="10.784348"><ele>688</ele></trkpt>
      <trkpt lat="46.616146" lon="10.783569"><ele>691</ele></trkpt>
      <trkpt lat="46.616150" lon="10.783464"><ele>691</ele></trkpt>
      <trkpt lat="46.616136" lon="10.783279"><ele>691</ele></trkpt>
      <trkpt lat="46.616115" lon="10.782721"><ele>691</ele></trkpt>
      <trkpt lat="46.616114" lon="10.782374"><ele>692</ele></trkpt>
      <trkpt lat="46.616128" lon="10.781808"><ele>694</ele></trkpt>
      <trkpt lat="46.616161" lon="10.781273"><ele>694</ele></trkpt>
      <trkpt lat="46.616225" lon="10.780456"><ele>694</ele></trkpt>
      <trkpt lat="46.616242" lon="10.780156"><ele>694</ele></trkpt>
      <trkpt lat="46.616256" lon="10.779685"><ele>695</ele></trkpt>
      <trkpt lat="46.616251" lon="10.779410"><ele>695</ele></trkpt>
      <trkpt lat="46.616204" lon="10.778032"><ele>696</ele></trkpt>
      <trkpt lat="46.616179" lon="10.777753"><ele>698</ele></trkpt>
      <trkpt lat="46.616176" lon="10.777576"><ele>698</ele></trkpt>
      <trkpt lat="46.616188" lon="10.777434"><ele>699</ele></trkpt>
      <trkpt lat="46.616279" lon="10.776821"><ele>700</ele></trkpt>
      <trkpt lat="46.616326" lon="10.776645"><ele>699</ele></trkpt>
      <trkpt lat="46.616357" lon="10.776482"><ele>698</ele></trkpt>
      <trkpt lat="46.616576" lon="10.775516"><ele>701</ele></trkpt>
      <trkpt lat="46.616658" lon="10.775266"><ele>700</ele></trkpt>
      <trkpt lat="46.616836" lon="10.774870"><ele>700</ele></trkpt>
      <trkpt lat="46.616905" lon="10.774752"><ele>699</ele></trkpt>
      <trkpt lat="46.617300" lon="10.774176"><ele>698</ele></trkpt>
      <trkpt lat="46.617391" lon="10.774020"><ele>699</ele></trkpt>
      <trkpt lat="46.617659" lon="10.773476"><ele>700</ele></trkpt>
      <trkpt lat="46.617777" lon="10.773205"><ele>700</ele></trkpt>
      <trkpt lat="46.617841" lon="10.773011"><ele>701</ele></trkpt>
      <trkpt lat="46.617891" lon="10.772834"><ele>701</ele></trkpt>
      <trkpt lat="46.617931" lon="10.772647"><ele>701</ele></trkpt>
      <trkpt lat="46.617955" lon="10.772401"><ele>702</ele></trkpt>
      <trkpt lat="46.617980" lon="10.772321"><ele>702</ele></trkpt>
      <trkpt lat="46.618008" lon="10.772269"><ele>702</ele></trkpt>
      <trkpt lat="46.618057" lon="10.772204"><ele>703</ele></trkpt>
      <trkpt lat="46.618399" lon="10.771882"><ele>703</ele></trkpt>
      <trkpt lat="46.618653" lon="10.771618"><ele>703</ele></trkpt>
      <trkpt lat="46.618944" lon="10.771336"><ele>704</ele></trkpt>
      <trkpt lat="46.619135" lon="10.771112"><ele>705</ele></trkpt>
      <trkpt lat="46.619243" lon="10.770943"><ele>705</ele></trkpt>
      <trkpt lat="46.619383" lon="10.770676"><ele>705</ele></trkpt>
      <trkpt lat="46.619464" lon="10.770518"><ele>706</ele></trkpt>
      <trkpt lat="46.619502" lon="10.770410"><ele>706</ele></trkpt>
      <trkpt lat="46.619529" lon="10.770284"><ele>706</ele></trkpt>
      <trkpt lat="46.619556" lon="10.770066"><ele>707</ele></trkpt>
      <trkpt lat="46.619597" lon="10.769623"><ele>707</ele></trkpt>
      <trkpt lat="46.619642" lon="10.768771"><ele>709</ele></trkpt>
      <trkpt lat="46.619674" lon="10.768435"><ele>710</ele></trkpt>
      <trkpt lat="46.619694" lon="10.768087"><ele>711</ele></trkpt>
      <trkpt lat="46.619738" lon="10.767598"><ele>712</ele></trkpt>
      <trkpt lat="46.619755" lon="10.767523"><ele>712</ele></trkpt>
      <trkpt lat="46.619774" lon="10.767486"><ele>712</ele></trkpt>
      <trkpt lat="46.619801" lon="10.767463"><ele>712</ele></trkpt>
      <trkpt lat="46.620009" lon="10.767383"><ele>712</ele></trkpt>
      <trkpt lat="46.620032" lon="10.767366"><ele>712</ele></trkpt>
      <trkpt lat="46.620066" lon="10.767278"><ele>712</ele></trkpt>
      <trkpt lat="46.620132" lon="10.766930"><ele>713</ele></trkpt>
      <trkpt lat="46.620229" lon="10.766596"><ele>715</ele></trkpt>
      <trkpt lat="46.620476" lon="10.765673"><ele>716</ele></trkpt>
      <trkpt lat="46.620687" lon="10.765015"><ele>716</ele></trkpt>
      <trkpt lat="46.620724" lon="10.764918"><ele>717</ele></trkpt>
      <trkpt lat="46.620742" lon="10.764826"><ele>717</ele></trkpt>
      <trkpt lat="46.620782" lon="10.764292"><ele>720</ele></trkpt>
      <trkpt lat="46.620832" lon="10.763819"><ele>720</ele></trkpt>
      <trkpt lat="46.620807" lon="10.763832"><ele>720</ele></trkpt>
      <trkpt lat="46.620640" lon="10.763898"><ele>721</ele></trkpt>
      <trkpt lat="46.620600" lon="10.763870"><ele>722</ele></trkpt>
      <trkpt lat="46.620451" lon="10.763331"><ele>723</ele></trkpt>
      <trkpt lat="46.620409" lon="10.763215"><ele>724</ele></trkpt>
      <trkpt lat="46.620357" lon="10.763165"><ele>724</ele></trkpt>
      <trkpt lat="46.620270" lon="10.762873"><ele>724</ele></trkpt>
      <trkpt lat="46.620184" lon="10.762467"><ele>725</ele></trkpt>
      <trkpt lat="46.620072" lon="10.762222"><ele>724</ele></trkpt>
      <trkpt lat="46.619986" lon="10.762198"><ele>726</ele></trkpt>
      <trkpt lat="46.619740" lon="10.761790"><ele>729</ele></trkpt>
      <trkpt lat="46.619365" lon="10.760685"><ele>729</ele></trkpt>
      <trkpt lat="46.619141" lon="10.759600"><ele>729</ele></trkpt>
      <trkpt lat="46.618841" lon="10.758853"><ele>732</ele></trkpt>
      <trkpt lat="46.618631" lon="10.758143"><ele>732</ele></trkpt>
      <trkpt lat="46.618505" lon="10.757561"><ele>732</ele></trkpt>
      <trkpt lat="46.618375" lon="10.757019"><ele>733</ele></trkpt>
      <trkpt lat="46.618235" lon="10.756072"><ele>735</ele></trkpt>
      <trkpt lat="46.618251" lon="10.755551"><ele>736</ele></trkpt>
      <trkpt lat="46.618246" lon="10.755150"><ele>740</ele></trkpt>
      <trkpt lat="46.618204" lon="10.754269"><ele>744</ele></trkpt>
      <trkpt lat="46.618193" lon="10.754120"><ele>745</ele></trkpt>
      <trkpt lat="46.618191" lon="10.753926"><ele>746</ele></trkpt>
      <trkpt lat="46.618217" lon="10.753485"><ele>750</ele></trkpt>
      <trkpt lat="46.618233" lon="10.753377"><ele>751</ele></trkpt>
      <trkpt lat="46.618261" lon="10.753259"><ele>751</ele></trkpt>
      <trkpt lat="46.618283" lon="10.753039"><ele>753</ele></trkpt>
      <trkpt lat="46.618274" lon="10.752571"><ele>754</ele></trkpt>
      <trkpt lat="46.618271" lon="10.752431"><ele>754</ele></trkpt>
      <trkpt lat="46.618249" lon="10.752247"><ele>754</ele></trkpt>
      <trkpt lat="46.618126" lon="10.751843"><ele>756</ele></trkpt>
      <trkpt lat="46.618100" lon="10.751520"><ele>757</ele></trkpt>
      <trkpt lat="46.618043" lon="10.751210"><ele>758</ele></trkpt>
      <trkpt lat="46.617881" lon="10.750463"><ele>755</ele></trkpt>
      <trkpt lat="46.617848" lon="10.750365"><ele>756</ele></trkpt>
      <trkpt lat="46.617741" lon="10.750276"><ele>757</ele></trkpt>
      <trkpt lat="46.617491" lon="10.750171"><ele>757</ele></trkpt>
      <trkpt lat="46.617455" lon="10.750149"><ele>758</ele></trkpt>
      <trkpt lat="46.617419" lon="10.750109"><ele>758</ele></trkpt>
      <trkpt lat="46.617378" lon="10.750040"><ele>758</ele></trkpt>
      <trkpt lat="46.617345" lon="10.749951"><ele>758</ele></trkpt>
      <trkpt lat="46.617313" lon="10.749815"><ele>758</ele></trkpt>
      <trkpt lat="46.617260" lon="10.749466"><ele>756</ele></trkpt>
      <trkpt lat="46.617231" lon="10.749370"><ele>756</ele></trkpt>
      <trkpt lat="46.617206" lon="10.749309"><ele>757</ele></trkpt>
      <trkpt lat="46.617124" lon="10.749148"><ele>758</ele></trkpt>
      <trkpt lat="46.616968" lon="10.748781"><ele>756</ele></trkpt>
      <trkpt lat="46.616702" lon="10.748362"><ele>758</ele></trkpt>
      <trkpt lat="46.616620" lon="10.748258"><ele>759</ele></trkpt>
      <trkpt lat="46.616491" lon="10.748171"><ele>761</ele></trkpt>
      <trkpt lat="46.616284" lon="10.748104"><ele>762</ele></trkpt>
      <trkpt lat="46.616218" lon="10.748052"><ele>762</ele></trkpt>
      <trkpt lat="46.615973" lon="10.747847"><ele>762</ele></trkpt>
      <trkpt lat="46.615637" lon="10.747598"><ele>762</ele></trkpt>
      <trkpt lat="46.615401" lon="10.747257"><ele>761</ele></trkpt>
      <trkpt lat="46.615175" lon="10.746993"><ele>762</ele></trkpt>
      <trkpt lat="46.615076" lon="10.746829"><ele>763</ele></trkpt>
      <trkpt lat="46.615023" lon="10.746442"><ele>764</ele></trkpt>
      <trkpt lat="46.615023" lon="10.746106"><ele>764</ele></trkpt>
      <trkpt lat="46.614978" lon="10.745862"><ele>765</ele></trkpt>
      <trkpt lat="46.614980" lon="10.745178"><ele>766</ele></trkpt>
      <trkpt lat="46.614916" lon="10.744959"><ele>766</ele></trkpt>
      <trkpt lat="46.614878" lon="10.744892"><ele>767</ele></trkpt>
      <trkpt lat="46.614652" lon="10.744596"><ele>769</ele></trkpt>
      <trkpt lat="46.614312" lon="10.743943"><ele>772</ele></trkpt>
      <trkpt lat="46.614095" lon="10.743581"><ele>775</ele></trkpt>
      <trkpt lat="46.613968" lon="10.743116"><ele>776</ele></trkpt>
      <trkpt lat="46.613905" lon="10.742830"><ele>777</ele></trkpt>
      <trkpt lat="46.613879" lon="10.742657"><ele>777</ele></trkpt>
      <trkpt lat="46.613828" lon="10.741711"><ele>780</ele></trkpt>
      <trkpt lat="46.613826" lon="10.741406"><ele>780</ele></trkpt>
      <trkpt lat="46.613745" lon="10.741081"><ele>779</ele></trkpt>
      <trkpt lat="46.613711" lon="10.741001"><ele>780</ele></trkpt>
      <trkpt lat="46.613455" lon="10.740387"><ele>783</ele></trkpt>
      <trkpt lat="46.613419" lon="10.740323"><ele>783</ele></trkpt>
      <trkpt lat="46.613431" lon="10.740269"><ele>782</ele></trkpt>
      <trkpt lat="46.613445" lon="10.740250"><ele>782</ele></trkpt>
      <trkpt lat="46.613685" lon="10.739923"><ele>782</ele></trkpt>
      <trkpt lat="46.613720" lon="10.739864"><ele>784</ele></trkpt>
      <trkpt lat="46.613735" lon="10.739798"><ele>785</ele></trkpt>
      <trkpt lat="46.613720" lon="10.739565"><ele>786</ele></trkpt>
      <trkpt lat="46.613759" lon="10.739308"><ele>786</ele></trkpt>
      <trkpt lat="46.613907" lon="10.738784"><ele>787</ele></trkpt>
      <trkpt lat="46.613962" lon="10.737797"><ele>790</ele></trkpt>
      <trkpt lat="46.613985" lon="10.737592"><ele>791</ele></trkpt>
      <trkpt lat="46.613999" lon="10.737389"><ele>792</ele></trkpt>
      <trkpt lat="46.613976" lon="10.737107"><ele>793</ele></trkpt>
      <trkpt lat="46.613918" lon="10.736636"><ele>794</ele></trkpt>
      <trkpt lat="46.613823" lon="10.736300"><ele>794</ele></trkpt>
      <trkpt lat="46.613744" lon="10.735896"><ele>796</ele></trkpt>
      <trkpt lat="46.613729" lon="10.735507"><ele>799</ele></trkpt>
      <trkpt lat="46.613649" lon="10.734968"><ele>798</ele></trkpt>
      <trkpt lat="46.613631" lon="10.734457"><ele>799</ele></trkpt>
      <trkpt lat="46.613603" lon="10.734156"><ele>800</ele></trkpt>
      <trkpt lat="46.613605" lon="10.733702"><ele>800</ele></trkpt>
      <trkpt lat="46.613619" lon="10.733251"><ele>800</ele></trkpt>
      <trkpt lat="46.613522" lon="10.732837"><ele>800</ele></trkpt>
      <trkpt lat="46.613251" lon="10.732120"><ele>803</ele></trkpt>
      <trkpt lat="46.613194" lon="10.731549"><ele>808</ele></trkpt>
      <trkpt lat="46.613144" lon="10.731413"><ele>809</ele></trkpt>
      <trkpt lat="46.612934" lon="10.730925"><ele>809</ele></trkpt>
      <trkpt lat="46.612824" lon="10.730790"><ele>810</ele></trkpt>
      <trkpt lat="46.612742" lon="10.730718"><ele>810</ele></trkpt>
      <trkpt lat="46.612636" lon="10.730697"><ele>809</ele></trkpt>
      <trkpt lat="46.612563" lon="10.730762"><ele>807</ele></trkpt>
      <trkpt lat="46.612402" lon="10.730888"><ele>807</ele></trkpt>
      <trkpt lat="46.612357" lon="10.730891"><ele>808</ele></trkpt>
      <trkpt lat="46.612300" lon="10.730875"><ele>810</ele></trkpt>
      <trkpt lat="46.612245" lon="10.730816"><ele>810</ele></trkpt>
      <trkpt lat="46.612159" lon="10.730672"><ele>812</ele></trkpt>
      <trkpt lat="46.611807" lon="10.729935"><ele>814</ele></trkpt>
      <trkpt lat="46.611605" lon="10.729196"><ele>815</ele></trkpt>
      <trkpt lat="46.611529" lon="10.729045"><ele>817</ele></trkpt>
      <trkpt lat="46.611431" lon="10.728850"><ele>816</ele></trkpt>
      <trkpt lat="46.611377" lon="10.728415"><ele>818</ele></trkpt>
      <trkpt lat="46.611358" lon="10.727826"><ele>819</ele></trkpt>
      <trkpt lat="46.611335" lon="10.727711"><ele>819</ele></trkpt>
      <trkpt lat="46.611296" lon="10.727607"><ele>819</ele></trkpt>
      <trkpt lat="46.610638" lon="10.726744"><ele>823</ele></trkpt>
      <trkpt lat="46.610424" lon="10.726358"><ele>824</ele></trkpt>
      <trkpt lat="46.610276" lon="10.725773"><ele>823</ele></trkpt>
      <trkpt lat="46.610235" lon="10.725529"><ele>825</ele></trkpt>
      <trkpt lat="46.610216" lon="10.725308"><ele>826</ele></trkpt>
      <trkpt lat="46.610363" lon="10.724699"><ele>825</ele></trkpt>
      <trkpt lat="46.610403" lon="10.724252"><ele>826</ele></trkpt>
      <trkpt lat="46.610401" lon="10.724035"><ele>826</ele></trkpt>
      <trkpt lat="46.610314" lon="10.723847"><ele>826</ele></trkpt>
      <trkpt lat="46.610273" lon="10.723583"><ele>826</ele></trkpt>
      <trkpt lat="46.610241" lon="10.723257"><ele>829</ele></trkpt>
      <trkpt lat="46.610262" lon="10.722710"><ele>829</ele></trkpt>
      <trkpt lat="46.610238" lon="10.722526"><ele>830</ele></trkpt>
      <trkpt lat="46.610185" lon="10.722308"><ele>833</ele></trkpt>
      <trkpt lat="46.610172" lon="10.721999"><ele>834</ele></trkpt>
      <trkpt lat="46.610183" lon="10.721353"><ele>836</ele></trkpt>
      <trkpt lat="46.610220" lon="10.721089"><ele>836</ele></trkpt>
      <trkpt lat="46.610221" lon="10.721018"><ele>836</ele></trkpt>
      <trkpt lat="46.610219" lon="10.720811"><ele>838</ele></trkpt>
      <trkpt lat="46.610142" lon="10.720088"><ele>842</ele></trkpt>
      <trkpt lat="46.610122" lon="10.719972"><ele>842</ele></trkpt>
      <trkpt lat="46.610051" lon="10.719742"><ele>843</ele></trkpt>
      <trkpt lat="46.609983" lon="10.719381"><ele>843</ele></trkpt>
      <trkpt lat="46.609977" lon="10.719151"><ele>842</ele></trkpt>
      <trkpt lat="46.609991" lon="10.718915"><ele>842</ele></trkpt>
      <trkpt lat="46.610062" lon="10.718430"><ele>846</ele></trkpt>
      <trkpt lat="46.610161" lon="10.717957"><ele>846</ele></trkpt>
      <trkpt lat="46.610178" lon="10.717765"><ele>846</ele></trkpt>
      <trkpt lat="46.610102" lon="10.717359"><ele>848</ele></trkpt>
      <trkpt lat="46.610084" lon="10.717088"><ele>850</ele></trkpt>
      <trkpt lat="46.610020" lon="10.716778"><ele>854</ele></trkpt>
      <trkpt lat="46.609908" lon="10.716085"><ele>856</ele></trkpt>
      <trkpt lat="46.609920" lon="10.715125"><ele>859</ele></trkpt>
      <trkpt lat="46.609956" lon="10.714970"><ele>859</ele></trkpt>
      <trkpt lat="46.609962" lon="10.714741"><ele>861</ele></trkpt>
      <trkpt lat="46.610009" lon="10.714501"><ele>860</ele></trkpt>
      <trkpt lat="46.610017" lon="10.714049"><ele>862</ele></trkpt>
      <trkpt lat="46.609958" lon="10.713602"><ele>863</ele></trkpt>
      <trkpt lat="46.609948" lon="10.713308"><ele>863</ele></trkpt>
      <trkpt lat="46.609912" lon="10.713007"><ele>864</ele></trkpt>
      <trkpt lat="46.609962" lon="10.712756"><ele>864</ele></trkpt>
      <trkpt lat="46.610031" lon="10.712577"><ele>862</ele></trkpt>
      <trkpt lat="46.610056" lon="10.712408"><ele>864</ele></trkpt>
      <trkpt lat="46.610323" lon="10.711733"><ele>857</ele></trkpt>
      <trkpt lat="46.610404" lon="10.711500"><ele>858</ele></trkpt>
      <trkpt lat="46.610487" lon="10.711200"><ele>859</ele></trkpt>
      <trkpt lat="46.610670" lon="10.710756"><ele>858</ele></trkpt>
      <trkpt lat="46.610746" lon="10.710145"><ele>862</ele></trkpt>
      <trkpt lat="46.610865" lon="10.709882"><ele>862</ele></trkpt>
      <trkpt lat="46.610946" lon="10.709815"><ele>862</ele></trkpt>
      <trkpt lat="46.611076" lon="10.709754"><ele>863</ele></trkpt>
      <trkpt lat="46.611101" lon="10.709742"><ele>863</ele></trkpt>
      <trkpt lat="46.611256" lon="10.709608"><ele>864</ele></trkpt>
      <trkpt lat="46.611835" lon="10.709283"><ele>864</ele></trkpt>
      <trkpt lat="46.611964" lon="10.709196"><ele>864</ele></trkpt>
      <trkpt lat="46.612062" lon="10.709083"><ele>862</ele></trkpt>
      <trkpt lat="46.612144" lon="10.708974"><ele>862</ele></trkpt>
      <trkpt lat="46.612203" lon="10.708852"><ele>863</ele></trkpt>
      <trkpt lat="46.612229" lon="10.708792"><ele>863</ele></trkpt>
      <trkpt lat="46.612239" lon="10.708683"><ele>863</ele></trkpt>
      <trkpt lat="46.612255" lon="10.708266"><ele>864</ele></trkpt>
      <trkpt lat="46.612255" lon="10.707980"><ele>865</ele></trkpt>
      <trkpt lat="46.612247" lon="10.707563"><ele>868</ele></trkpt>
      <trkpt lat="46.612153" lon="10.707086"><ele>870</ele></trkpt>
      <trkpt lat="46.612213" lon="10.707024"><ele>870</ele></trkpt>
      <trkpt lat="46.612319" lon="10.706932"><ele>870</ele></trkpt>
      <trkpt lat="46.612394" lon="10.706852"><ele>871</ele></trkpt>
      <trkpt lat="46.612593" lon="10.706637"><ele>872</ele></trkpt>
      <trkpt lat="46.612875" lon="10.706432"><ele>872</ele></trkpt>
      <trkpt lat="46.613039" lon="10.706292"><ele>872</ele></trkpt>
      <trkpt lat="46.613678" lon="10.705449"><ele>870</ele></trkpt>
      <trkpt lat="46.613764" lon="10.705330"><ele>870</ele></trkpt>
      <trkpt lat="46.613882" lon="10.705130"><ele>870</ele></trkpt>
      <trkpt lat="46.614025" lon="10.704748"><ele>869</ele></trkpt>
      <trkpt lat="46.614170" lon="10.704371"><ele>869</ele></trkpt>
      <trkpt lat="46.614288" lon="10.703877"><ele>869</ele></trkpt>
      <trkpt lat="46.614401" lon="10.703369"><ele>871</ele></trkpt>
      <trkpt lat="46.614462" lon="10.703102"><ele>871</ele></trkpt>
      <trkpt lat="46.614623" lon="10.702595"><ele>870</ele></trkpt>
      <trkpt lat="46.614793" lon="10.702120"><ele>870</ele></trkpt>
      <trkpt lat="46.614838" lon="10.701923"><ele>870</ele></trkpt>
      <trkpt lat="46.614956" lon="10.701413"><ele>868</ele></trkpt>
      <trkpt lat="46.615096" lon="10.701002"><ele>867</ele></trkpt>
      <trkpt lat="46.615331" lon="10.700521"><ele>866</ele></trkpt>
      <trkpt lat="46.615383" lon="10.700414"><ele>866</ele></trkpt>
      <trkpt lat="46.615427" lon="10.700266"><ele>866</ele></trkpt>
      <trkpt lat="46.615439" lon="10.700226"><ele>866</ele></trkpt>
      <trkpt lat="46.615510" lon="10.700114"><ele>866</ele></trkpt>
      <trkpt lat="46.615459" lon="10.699999"><ele>866</ele></trkpt>
      <trkpt lat="46.615435" lon="10.699897"><ele>866</ele></trkpt>
      <trkpt lat="46.615431" lon="10.699771"><ele>866</ele></trkpt>
      <trkpt lat="46.615421" lon="10.699296"><ele>867</ele></trkpt>
      <trkpt lat="46.615427" lon="10.699148"><ele>867</ele></trkpt>
      <trkpt lat="46.615435" lon="10.698910"><ele>868</ele></trkpt>
      <trkpt lat="46.615417" lon="10.698723"><ele>868</ele></trkpt>
      <trkpt lat="46.615417" lon="10.698636"><ele>868</ele></trkpt>
      <trkpt lat="46.615484" lon="10.698043"><ele>867</ele></trkpt>
      <trkpt lat="46.615513" lon="10.697756"><ele>867</ele></trkpt>
      <trkpt lat="46.615513" lon="10.697458"><ele>868</ele></trkpt>
      <trkpt lat="46.615434" lon="10.696700"><ele>868</ele></trkpt>
      <trkpt lat="46.615422" lon="10.696583"><ele>868</ele></trkpt>
      <trkpt lat="46.615369" lon="10.696105"><ele>868</ele></trkpt>
      <trkpt lat="46.615353" lon="10.696003"><ele>868</ele></trkpt>
      <trkpt lat="46.615374" lon="10.695932"><ele>868</ele></trkpt>
      <trkpt lat="46.615381" lon="10.695875"><ele>868</ele></trkpt>
      <trkpt lat="46.615404" lon="10.695695"><ele>868</ele></trkpt>
      <trkpt lat="46.615458" lon="10.695379"><ele>868</ele></trkpt>
      <trkpt lat="46.615511" lon="10.695255"><ele>868</ele></trkpt>
      <trkpt lat="46.615521" lon="10.695233"><ele>868</ele></trkpt>
      <trkpt lat="46.615616" lon="10.695011"><ele>867</ele></trkpt>
      <trkpt lat="46.615693" lon="10.694832"><ele>866</ele></trkpt>
      <trkpt lat="46.615970" lon="10.694395"><ele>866</ele></trkpt>
      <trkpt lat="46.616208" lon="10.694091"><ele>866</ele></trkpt>
      <trkpt lat="46.616261" lon="10.694013"><ele>866</ele></trkpt>
      <trkpt lat="46.616279" lon="10.693987"><ele>866</ele></trkpt>
      <trkpt lat="46.616377" lon="10.693843"><ele>866</ele></trkpt>
      <trkpt lat="46.616535" lon="10.693649"><ele>865</ele></trkpt>
      <trkpt lat="46.616588" lon="10.693569"><ele>865</ele></trkpt>
      <trkpt lat="46.616602" lon="10.693419"><ele>865</ele></trkpt>
      <trkpt lat="46.616584" lon="10.693120"><ele>865</ele></trkpt>
      <trkpt lat="46.616594" lon="10.693015"><ele>865</ele></trkpt>
      <trkpt lat="46.616632" lon="10.692973"><ele>865</ele></trkpt>
      <trkpt lat="46.616707" lon="10.692863"><ele>866</ele></trkpt>
      <trkpt lat="46.616762" lon="10.692773"><ele>866</ele></trkpt>
      <trkpt lat="46.616829" lon="10.692664"><ele>865</ele></trkpt>
      <trkpt lat="46.616911" lon="10.692619"><ele>865</ele></trkpt>
      <trkpt lat="46.617162" lon="10.692628"><ele>866</ele></trkpt>
      <trkpt lat="46.617230" lon="10.692592"><ele>866</ele></trkpt>
      <trkpt lat="46.617274" lon="10.692495"><ele>866</ele></trkpt>
      <trkpt lat="46.617324" lon="10.692226"><ele>865</ele></trkpt>
      <trkpt lat="46.617356" lon="10.691383"><ele>865</ele></trkpt>
      <trkpt lat="46.617406" lon="10.691287"><ele>865</ele></trkpt>
      <trkpt lat="46.617436" lon="10.691249"><ele>865</ele></trkpt>
      <trkpt lat="46.617444" lon="10.691108"><ele>866</ele></trkpt>
      <trkpt lat="46.617508" lon="10.690761"><ele>867</ele></trkpt>
      <trkpt lat="46.617538" lon="10.690489"><ele>867</ele></trkpt>
      <trkpt lat="46.617558" lon="10.690084"><ele>866</ele></trkpt>
      <trkpt lat="46.617678" lon="10.688859"><ele>866</ele></trkpt>
      <trkpt lat="46.617783" lon="10.688037"><ele>867</ele></trkpt>
      <trkpt lat="46.618067" lon="10.685365"><ele>868</ele></trkpt>
      <trkpt lat="46.618321" lon="10.682829"><ele>868</ele></trkpt>
      <trkpt lat="46.618492" lon="10.681279"><ele>866</ele></trkpt>
      <trkpt lat="46.618654" lon="10.679760"><ele>868</ele></trkpt>
      <trkpt lat="46.618675" lon="10.679520"><ele>868</ele></trkpt>
      <trkpt lat="46.618738" lon="10.679097"><ele>867</ele></trkpt>
      <trkpt lat="46.618756" lon="10.678850"><ele>866</ele></trkpt>
      <trkpt lat="46.618811" lon="10.678360"><ele>867</ele></trkpt>
      <trkpt lat="46.618837" lon="10.678023"><ele>867</ele></trkpt>
      <trkpt lat="46.618997" lon="10.676601"><ele>868</ele></trkpt>
      <trkpt lat="46.619008" lon="10.676461"><ele>868</ele></trkpt>
      <trkpt lat="46.619138" lon="10.675268"><ele>868</ele></trkpt>
      <trkpt lat="46.619215" lon="10.674397"><ele>869</ele></trkpt>
      <trkpt lat="46.619266" lon="10.673975"><ele>868</ele></trkpt>
      <trkpt lat="46.619335" lon="10.673717"><ele>867</ele></trkpt>
      <trkpt lat="46.619308" lon="10.673334"><ele>868</ele></trkpt>
      <trkpt lat="46.619333" lon="10.673120"><ele>868</ele></trkpt>
      <trkpt lat="46.619382" lon="10.673004"><ele>869</ele></trkpt>
      <trkpt lat="46.619370" lon="10.672794"><ele>868</ele></trkpt>
      <trkpt lat="46.619449" lon="10.671955"><ele>870</ele></trkpt>
      <trkpt lat="46.619652" lon="10.670266"><ele>869</ele></trkpt>
      <trkpt lat="46.619657" lon="10.670038"><ele>870</ele></trkpt>
      <trkpt lat="46.619876" lon="10.668015"><ele>869</ele></trkpt>
      <trkpt lat="46.620051" lon="10.666472"><ele>870</ele></trkpt>
      <trkpt lat="46.620051" lon="10.666240"><ele>870</ele></trkpt>
      <trkpt lat="46.620117" lon="10.665692"><ele>870</ele></trkpt>
      <trkpt lat="46.620166" lon="10.665122"><ele>870</ele></trkpt>
      <trkpt lat="46.620204" lon="10.664931"><ele>870</ele></trkpt>
      <trkpt lat="46.620233" lon="10.664529"><ele>871</ele></trkpt>
      <trkpt lat="46.620314" lon="10.663729"><ele>871</ele></trkpt>
      <trkpt lat="46.620352" lon="10.663294"><ele>870</ele></trkpt>
      <trkpt lat="46.620392" lon="10.663093"><ele>870</ele></trkpt>
      <trkpt lat="46.620408" lon="10.662742"><ele>870</ele></trkpt>
      <trkpt lat="46.620482" lon="10.662433"><ele>871</ele></trkpt>
      <trkpt lat="46.620606" lon="10.661600"><ele>871</ele></trkpt>
      <trkpt lat="46.620606" lon="10.661362"><ele>870</ele></trkpt>
      <trkpt lat="46.620694" lon="10.660788"><ele>870</ele></trkpt>
      <trkpt lat="46.620784" lon="10.659604"><ele>870</ele></trkpt>
      <trkpt lat="46.620743" lon="10.659359"><ele>870</ele></trkpt>
      <trkpt lat="46.620733" lon="10.659245"><ele>871</ele></trkpt>
      <trkpt lat="46.620741" lon="10.659170"><ele>872</ele></trkpt>
      <trkpt lat="46.620882" lon="10.658555"><ele>872</ele></trkpt>
      <trkpt lat="46.620985" lon="10.657986"><ele>870</ele></trkpt>
      <trkpt lat="46.621071" lon="10.657290"><ele>871</ele></trkpt>
      <trkpt lat="46.621084" lon="10.656885"><ele>871</ele></trkpt>
      <trkpt lat="46.621182" lon="10.656055"><ele>872</ele></trkpt>
      <trkpt lat="46.621247" lon="10.655379"><ele>872</ele></trkpt>
      <trkpt lat="46.621346" lon="10.654559"><ele>872</ele></trkpt>
      <trkpt lat="46.621359" lon="10.654298"><ele>872</ele></trkpt>
      <trkpt lat="46.621530" lon="10.652708"><ele>871</ele></trkpt>
      <trkpt lat="46.621703" lon="10.650988"><ele>873</ele></trkpt>
      <trkpt lat="46.621773" lon="10.650590"><ele>872</ele></trkpt>
      <trkpt lat="46.621785" lon="10.650190"><ele>872</ele></trkpt>
      <trkpt lat="46.621999" lon="10.648503"><ele>873</ele></trkpt>
      <trkpt lat="46.622014" lon="10.648223"><ele>874</ele></trkpt>
      <trkpt lat="46.622023" lon="10.648191"><ele>874</ele></trkpt>
      <trkpt lat="46.622026" lon="10.648136"><ele>874</ele></trkpt>
      <trkpt lat="46.622038" lon="10.648113"><ele>874</ele></trkpt>
      <trkpt lat="46.622041" lon="10.648055"><ele>874</ele></trkpt>
      <trkpt lat="46.622040" lon="10.648002"><ele>873</ele></trkpt>
      <trkpt lat="46.622011" lon="10.647965"><ele>873</ele></trkpt>
      <trkpt lat="46.621524" lon="10.647919"><ele>874</ele></trkpt>
      <trkpt lat="46.621325" lon="10.647892"><ele>874</ele></trkpt>
      <trkpt lat="46.621156" lon="10.647853"><ele>874</ele></trkpt>
      <trkpt lat="46.620946" lon="10.647790"><ele>874</ele></trkpt>
      <trkpt lat="46.620816" lon="10.647733"><ele>874</ele></trkpt>
      <trkpt lat="46.620697" lon="10.647662"><ele>874</ele></trkpt>
      <trkpt lat="46.620509" lon="10.647491"><ele>874</ele></trkpt>
      <trkpt lat="46.620401" lon="10.647369"><ele>874</ele></trkpt>
      <trkpt lat="46.619670" lon="10.646667"><ele>874</ele></trkpt>
      <trkpt lat="46.619148" lon="10.646166"><ele>874</ele></trkpt>
      <trkpt lat="46.618999" lon="10.646013"><ele>874</ele></trkpt>
      <trkpt lat="46.618713" lon="10.645750"><ele>874</ele></trkpt>
      <trkpt lat="46.618652" lon="10.645711"><ele>874</ele></trkpt>
      <trkpt lat="46.618607" lon="10.645660"><ele>874</ele></trkpt>
      <trkpt lat="46.617806" lon="10.644979"><ele>875</ele></trkpt>
      <trkpt lat="46.617328" lon="10.644563"><ele>876</ele></trkpt>
      <trkpt lat="46.617048" lon="10.644314"><ele>877</ele></trkpt>
      <trkpt lat="46.616923" lon="10.644176"><ele>878</ele></trkpt>
      <trkpt lat="46.616885" lon="10.644111"><ele>878</ele></trkpt>
      <trkpt lat="46.616832" lon="10.643991"><ele>879</ele></trkpt>
      <trkpt lat="46.616751" lon="10.643514"><ele>881</ele></trkpt>
      <trkpt lat="46.616714" lon="10.643194"><ele>882</ele></trkpt>
      <trkpt lat="46.616613" lon="10.642039"><ele>884</ele></trkpt>
      <trkpt lat="46.616598" lon="10.641816"><ele>885</ele></trkpt>
      <trkpt lat="46.616595" lon="10.641591"><ele>886</ele></trkpt>
      <trkpt lat="46.616662" lon="10.641165"><ele>887</ele></trkpt>
      <trkpt lat="46.616721" lon="10.640948"><ele>886</ele></trkpt>
      <trkpt lat="46.616980" lon="10.640282"><ele>888</ele></trkpt>
      <trkpt lat="46.617058" lon="10.640097"><ele>889</ele></trkpt>
      <trkpt lat="46.617149" lon="10.639836"><ele>889</ele></trkpt>
      <trkpt lat="46.617184" lon="10.639668"><ele>889</ele></trkpt>
      <trkpt lat="46.617224" lon="10.639273"><ele>890</ele></trkpt>
      <trkpt lat="46.617235" lon="10.639222"><ele>891</ele></trkpt>
      <trkpt lat="46.617255" lon="10.639188"><ele>891</ele></trkpt>
      <trkpt lat="46.617535" lon="10.638866"><ele>891</ele></trkpt>
      <trkpt lat="46.617681" lon="10.638736"><ele>891</ele></trkpt>
      <trkpt lat="46.617706" lon="10.638695"><ele>891</ele></trkpt>
      <trkpt lat="46.617779" lon="10.638442"><ele>892</ele></trkpt>
      <trkpt lat="46.617991" lon="10.637287"><ele>893</ele></trkpt>
      <trkpt lat="46.618103" lon="10.636875"><ele>894</ele></trkpt>
      <trkpt lat="46.618221" lon="10.636489"><ele>893</ele></trkpt>
      <trkpt lat="46.618233" lon="10.636427"><ele>894</ele></trkpt>
      <trkpt lat="46.618238" lon="10.636347"><ele>894</ele></trkpt>
      <trkpt lat="46.618221" lon="10.636108"><ele>894</ele></trkpt>
      <trkpt lat="46.618214" lon="10.635995"><ele>894</ele></trkpt>
      <trkpt lat="46.618174" lon="10.635498"><ele>894</ele></trkpt>
      <trkpt lat="46.618142" lon="10.635274"><ele>893</ele></trkpt>
      <trkpt lat="46.618043" lon="10.634746"><ele>892</ele></trkpt>
      <trkpt lat="46.617930" lon="10.634318"><ele>892</ele></trkpt>
      <trkpt lat="46.617831" lon="10.633955"><ele>892</ele></trkpt>
      <trkpt lat="46.617766" lon="10.633411"><ele>890</ele></trkpt>
      <trkpt lat="46.617561" lon="10.632603"><ele>889</ele></trkpt>
      <trkpt lat="46.617457" lon="10.632256"><ele>888</ele></trkpt>
      <trkpt lat="46.617421" lon="10.632047"><ele>888</ele></trkpt>
      <trkpt lat="46.617328" lon="10.631360"><ele>886</ele></trkpt>
      <trkpt lat="46.617171" lon="10.631049"><ele>886</ele></trkpt>
      <trkpt lat="46.617061" lon="10.630826"><ele>886</ele></trkpt>
      <trkpt lat="46.616923" lon="10.630521"><ele>885</ele></trkpt>
      <trkpt lat="46.616862" lon="10.630428"><ele>884</ele></trkpt>
      <trkpt lat="46.616841" lon="10.630396"><ele>884</ele></trkpt>
      <trkpt lat="46.617337" lon="10.629988"><ele>883</ele></trkpt>
      <trkpt lat="46.617672" lon="10.629759"><ele>882</ele></trkpt>
      <trkpt lat="46.617728" lon="10.629728"><ele>882</ele></trkpt>
      <trkpt lat="46.618541" lon="10.629279"><ele>880</ele></trkpt>
      <trkpt lat="46.618892" lon="10.628890"><ele>881</ele></trkpt>
      <trkpt lat="46.619189" lon="10.628440"><ele>880</ele></trkpt>
      <trkpt lat="46.619406" lon="10.627946"><ele>880</ele></trkpt>
      <trkpt lat="46.619609" lon="10.627430"><ele>879</ele></trkpt>
      <trkpt lat="46.619763" lon="10.627128"><ele>880</ele></trkpt>
      <trkpt lat="46.619975" lon="10.626891"><ele>880</ele></trkpt>
      <trkpt lat="46.620047" lon="10.626864"><ele>880</ele></trkpt>
      <trkpt lat="46.620538" lon="10.626543"><ele>879</ele></trkpt>
      <trkpt lat="46.620857" lon="10.626377"><ele>880</ele></trkpt>
      <trkpt lat="46.621383" lon="10.626232"><ele>880</ele></trkpt>
      <trkpt lat="46.621469" lon="10.626208"><ele>880</ele></trkpt>
      <trkpt lat="46.621857" lon="10.626037"><ele>880</ele></trkpt>
      <trkpt lat="46.622136" lon="10.625862"><ele>880</ele></trkpt>
      <trkpt lat="46.622655" lon="10.625454"><ele>879</ele></trkpt>
      <trkpt lat="46.622864" lon="10.625300"><ele>879</ele></trkpt>
      <trkpt lat="46.623241" lon="10.624974"><ele>880</ele></trkpt>
      <trkpt lat="46.623664" lon="10.624499"><ele>880</ele></trkpt>
      <trkpt lat="46.624132" lon="10.624018"><ele>880</ele></trkpt>
      <trkpt lat="46.624432" lon="10.623782"><ele>880</ele></trkpt>
      <trkpt lat="46.624644" lon="10.623528"><ele>880</ele></trkpt>
      <trkpt lat="46.624840" lon="10.623120"><ele>881</ele></trkpt>
      <trkpt lat="46.625085" lon="10.622394"><ele>881</ele></trkpt>
      <trkpt lat="46.625246" lon="10.621852"><ele>881</ele></trkpt>
      <trkpt lat="46.625283" lon="10.621778"><ele>882</ele></trkpt>
      <trkpt lat="46.625348" lon="10.621721"><ele>882</ele></trkpt>
      <trkpt lat="46.626734" lon="10.621171"><ele>881</ele></trkpt>
      <trkpt lat="46.626914" lon="10.621060"><ele>881</ele></trkpt>
      <trkpt lat="46.627034" lon="10.620912"><ele>880</ele></trkpt>
      <trkpt lat="46.627096" lon="10.620802"><ele>880</ele></trkpt>
      <trkpt lat="46.627463" lon="10.619548"><ele>881</ele></trkpt>
      <trkpt lat="46.627513" lon="10.619383"><ele>881</ele></trkpt>
      <trkpt lat="46.627709" lon="10.618653"><ele>881</ele></trkpt>
      <trkpt lat="46.627796" lon="10.618414"><ele>881</ele></trkpt>
      <trkpt lat="46.628059" lon="10.617844"><ele>882</ele></trkpt>
      <trkpt lat="46.628529" lon="10.616854"><ele>882</ele></trkpt>
      <trkpt lat="46.628932" lon="10.615989"><ele>883</ele></trkpt>
      <trkpt lat="46.629393" lon="10.615075"><ele>884</ele></trkpt>
      <trkpt lat="46.629793" lon="10.614233"><ele>884</ele></trkpt>
      <trkpt lat="46.631210" lon="10.613108"><ele>884</ele></trkpt>
      <trkpt lat="46.631922" lon="10.612561"><ele>884</ele></trkpt>
      <trkpt lat="46.631985" lon="10.612466"><ele>884</ele></trkpt>
      <trkpt lat="46.632029" lon="10.612349"><ele>885</ele></trkpt>
      <trkpt lat="46.632060" lon="10.612290"><ele>885</ele></trkpt>
      <trkpt lat="46.632312" lon="10.612587"><ele>885</ele></trkpt>
      <trkpt lat="46.632738" lon="10.613086"><ele>881</ele></trkpt>
      <trkpt lat="46.632923" lon="10.613306"><ele>882</ele></trkpt>
      <trkpt lat="46.633037" lon="10.613440"><ele>884</ele></trkpt>
      <trkpt lat="46.633140" lon="10.613593"><ele>884</ele></trkpt>
      <trkpt lat="46.633196" lon="10.613688"><ele>884</ele></trkpt>
      <trkpt lat="46.633250" lon="10.613802"><ele>884</ele></trkpt>
      <trkpt lat="46.633296" lon="10.613910"><ele>885</ele></trkpt>
      <trkpt lat="46.633319" lon="10.613984"><ele>885</ele></trkpt>
      <trkpt lat="46.633345" lon="10.614072"><ele>884</ele></trkpt>
      <trkpt lat="46.633356" lon="10.614149"><ele>883</ele></trkpt>
      <trkpt lat="46.633363" lon="10.614267"><ele>883</ele></trkpt>
      <trkpt lat="46.633380" lon="10.614377"><ele>884</ele></trkpt>
      <trkpt lat="46.633409" lon="10.614467"><ele>885</ele></trkpt>
      <trkpt lat="46.633407" lon="10.614510"><ele>885</ele></trkpt>
      <trkpt lat="46.633418" lon="10.614577"><ele>886</ele></trkpt>
      <trkpt lat="46.633436" lon="10.614617"><ele>887</ele></trkpt>
      <trkpt lat="46.633459" lon="10.614648"><ele>888</ele></trkpt>
      <trkpt lat="46.633488" lon="10.614669"><ele>889</ele></trkpt>
      <trkpt lat="46.633520" lon="10.614678"><ele>890</ele></trkpt>
      <trkpt lat="46.633552" lon="10.614674"><ele>892</ele></trkpt>
      <trkpt lat="46.633582" lon="10.614659"><ele>892</ele></trkpt>
      <trkpt lat="46.633612" lon="10.614627"><ele>893</ele></trkpt>
      <trkpt lat="46.633634" lon="10.614583"><ele>893</ele></trkpt>
      <trkpt lat="46.633646" lon="10.614531"><ele>892</ele></trkpt>
      <trkpt lat="46.633646" lon="10.614476"><ele>892</ele></trkpt>
      <trkpt lat="46.633652" lon="10.614353"><ele>890</ele></trkpt>
      <trkpt lat="46.633694" lon="10.614097"><ele>890</ele></trkpt>
      <trkpt lat="46.633755" lon="10.613833"><ele>889</ele></trkpt>
      <trkpt lat="46.633847" lon="10.613534"><ele>888</ele></trkpt>
      <trkpt lat="46.633905" lon="10.613283"><ele>886</ele></trkpt>
      <trkpt lat="46.633942" lon="10.613064"><ele>886</ele></trkpt>
      <trkpt lat="46.634394" lon="10.611752"><ele>886</ele></trkpt>
      <trkpt lat="46.634447" lon="10.611592"><ele>886</ele></trkpt>
      <trkpt lat="46.634564" lon="10.611259"><ele>888</ele></trkpt>
      <trkpt lat="46.634497" lon="10.611211"><ele>887</ele></trkpt>
      <trkpt lat="46.634426" lon="10.611157"><ele>886</ele></trkpt>
      <trkpt lat="46.634486" lon="10.610922"><ele>886</ele></trkpt>
      <trkpt lat="46.634493" lon="10.610900"><ele>886</ele></trkpt>
      <trkpt lat="46.634507" lon="10.610852"><ele>886</ele></trkpt>
      <trkpt lat="46.634678" lon="10.610467"><ele>886</ele></trkpt>
      <trkpt lat="46.634911" lon="10.609942"><ele>886</ele></trkpt>
      <trkpt lat="46.635193" lon="10.609272"><ele>888</ele></trkpt>
      <trkpt lat="46.635218" lon="10.609114"><ele>887</ele></trkpt>
      <trkpt lat="46.635293" lon="10.608931"><ele>887</ele></trkpt>
      <trkpt lat="46.635688" lon="10.607882"><ele>889</ele></trkpt>
      <trkpt lat="46.635729" lon="10.607750"><ele>890</ele></trkpt>
      <trkpt lat="46.635762" lon="10.607522"><ele>892</ele></trkpt>
      <trkpt lat="46.635955" lon="10.606664"><ele>888</ele></trkpt>
      <trkpt lat="46.636116" lon="10.605850"><ele>886</ele></trkpt>
      <trkpt lat="46.636162" lon="10.605633"><ele>886</ele></trkpt>
      <trkpt lat="46.636207" lon="10.605458"><ele>886</ele></trkpt>
      <trkpt lat="46.636403" lon="10.604836"><ele>885</ele></trkpt>
      <trkpt lat="46.636552" lon="10.604385"><ele>884</ele></trkpt>
      <trkpt lat="46.636561" lon="10.604348"><ele>884</ele></trkpt>
      <trkpt lat="46.636547" lon="10.604265"><ele>884</ele></trkpt>
      <trkpt lat="46.636523" lon="10.604234"><ele>884</ele></trkpt>
      <trkpt lat="46.636516" lon="10.604204"><ele>884</ele></trkpt>
      <trkpt lat="46.636517" lon="10.604165"><ele>883</ele></trkpt>
      <trkpt lat="46.636766" lon="10.603600"><ele>885</ele></trkpt>
      <trkpt lat="46.636698" lon="10.603485"><ele>884</ele></trkpt>
      <trkpt lat="46.636554" lon="10.603323"><ele>883</ele></trkpt>
      <trkpt lat="46.636377" lon="10.603034"><ele>885</ele></trkpt>
      <trkpt lat="46.636289" lon="10.602962"><ele>885</ele></trkpt>
      <trkpt lat="46.636211" lon="10.602922"><ele>885</ele></trkpt>
      <trkpt lat="46.636187" lon="10.602907"><ele>885</ele></trkpt>
      <trkpt lat="46.636574" lon="10.601531"><ele>885</ele></trkpt>
      <trkpt lat="46.636650" lon="10.601235"><ele>885</ele></trkpt>
      <trkpt lat="46.636933" lon="10.600196"><ele>885</ele></trkpt>
      <trkpt lat="46.636955" lon="10.600213"><ele>885</ele></trkpt>
      <trkpt lat="46.637025" lon="10.600249"><ele>885</ele></trkpt>
      <trkpt lat="46.637060" lon="10.600268"><ele>885</ele></trkpt>
      <trkpt lat="46.637089" lon="10.600248"><ele>885</ele></trkpt>
      <trkpt lat="46.637179" lon="10.600100"><ele>885</ele></trkpt>
      <trkpt lat="46.637398" lon="10.599689"><ele>885</ele></trkpt>
      <trkpt lat="46.638172" lon="10.598391"><ele>885</ele></trkpt>
      <trkpt lat="46.638405" lon="10.598167"><ele>884</ele></trkpt>
      <trkpt lat="46.638629" lon="10.597804"><ele>885</ele></trkpt>
      <trkpt lat="46.640058" lon="10.593974"><ele>886</ele></trkpt>
      <trkpt lat="46.640193" lon="10.593636"><ele>886</ele></trkpt>
      <trkpt lat="46.640874" lon="10.591852"><ele>887</ele></trkpt>
      <trkpt lat="46.641289" lon="10.590775"><ele>886</ele></trkpt>
      <trkpt lat="46.641335" lon="10.590715"><ele>886</ele></trkpt>
      <trkpt lat="46.643184" lon="10.585926"><ele>888</ele></trkpt>
      <trkpt lat="46.643609" lon="10.584789"><ele>889</ele></trkpt>
      <trkpt lat="46.643814" lon="10.584304"><ele>888</ele></trkpt>
      <trkpt lat="46.644507" lon="10.582547"><ele>889</ele></trkpt>
      <trkpt lat="46.645439" lon="10.580142"><ele>890</ele></trkpt>
      <trkpt lat="46.645597" lon="10.579778"><ele>890</ele></trkpt>
      <trkpt lat="46.645937" lon="10.579064"><ele>890</ele></trkpt>
      <trkpt lat="46.646140" lon="10.578714"><ele>890</ele></trkpt>
      <trkpt lat="46.646434" lon="10.578232"><ele>891</ele></trkpt>
      <trkpt lat="46.646677" lon="10.577887"><ele>890</ele></trkpt>
      <trkpt lat="46.646983" lon="10.577483"><ele>892</ele></trkpt>
      <trkpt lat="46.647307" lon="10.577078"><ele>891</ele></trkpt>
      <trkpt lat="46.647589" lon="10.576755"><ele>892</ele></trkpt>
      <trkpt lat="46.647866" lon="10.576475"><ele>891</ele></trkpt>
      <trkpt lat="46.651030" lon="10.573646"><ele>893</ele></trkpt>
      <trkpt lat="46.651574" lon="10.573175"><ele>893</ele></trkpt>
      <trkpt lat="46.652167" lon="10.572636"><ele>893</ele></trkpt>
      <trkpt lat="46.652308" lon="10.572487"><ele>894</ele></trkpt>
      <trkpt lat="46.652776" lon="10.572058"><ele>894</ele></trkpt>
      <trkpt lat="46.653934" lon="10.571054"><ele>895</ele></trkpt>
      <trkpt lat="46.654724" lon="10.570347"><ele>896</ele></trkpt>
      <trkpt lat="46.655808" lon="10.569408"><ele>897</ele></trkpt>
      <trkpt lat="46.656589" lon="10.568732"><ele>897</ele></trkpt>
      <trkpt lat="46.657959" lon="10.567437"><ele>900</ele></trkpt>
      <trkpt lat="46.659684" lon="10.565917"><ele>902</ele></trkpt>
      <trkpt lat="46.660358" lon="10.565300"><ele>901</ele></trkpt>
      <trkpt lat="46.660442" lon="10.565224"><ele>900</ele></trkpt>
      <trkpt lat="46.660644" lon="10.565066"><ele>900</ele></trkpt>
      <trkpt lat="46.661812" lon="10.564024"><ele>901</ele></trkpt>
      <trkpt lat="46.662770" lon="10.563192"><ele>902</ele></trkpt>
      <trkpt lat="46.663533" lon="10.562545"><ele>904</ele></trkpt>
      <trkpt lat="46.663973" lon="10.562176"><ele>904</ele></trkpt>
      <trkpt lat="46.664556" lon="10.561735"><ele>904</ele></trkpt>
      <trkpt lat="46.665211" lon="10.561199"><ele>904</ele></trkpt>
      <trkpt lat="46.665576" lon="10.560793"><ele>905</ele></trkpt>
      <trkpt lat="46.665854" lon="10.560297"><ele>906</ele></trkpt>
      <trkpt lat="46.666614" lon="10.558856"><ele>906</ele></trkpt>
      <trkpt lat="46.666666" lon="10.558748"><ele>908</ele></trkpt>
      <trkpt lat="46.666709" lon="10.558721"><ele>908</ele></trkpt>
      <trkpt lat="46.666851" lon="10.558875"><ele>906</ele></trkpt>
      <trkpt lat="46.667874" lon="10.556821"><ele>908</ele></trkpt>
      <trkpt lat="46.668091" lon="10.556410"><ele>909</ele></trkpt>
      <trkpt lat="46.668335" lon="10.555982"><ele>909</ele></trkpt>
      <trkpt lat="46.668669" lon="10.555355"><ele>910</ele></trkpt>
      <trkpt lat="46.668892" lon="10.554933"><ele>910</ele></trkpt>
      <trkpt lat="46.669329" lon="10.554143"><ele>911</ele></trkpt>
      <trkpt lat="46.669618" lon="10.553671"><ele>911</ele></trkpt>
      <trkpt lat="46.669745" lon="10.553463"><ele>911</ele></trkpt>
      <trkpt lat="46.669897" lon="10.553256"><ele>911</ele></trkpt>
      <trkpt lat="46.670002" lon="10.553039"><ele>913</ele></trkpt>
      <trkpt lat="46.670021" lon="10.552998"><ele>912</ele></trkpt>
      <trkpt lat="46.670148" lon="10.553034"><ele>912</ele></trkpt>
      <trkpt lat="46.670201" lon="10.553025"><ele>912</ele></trkpt>
      <trkpt lat="46.670250" lon="10.552988"><ele>912</ele></trkpt>
      <trkpt lat="46.670284" lon="10.552975"><ele>912</ele></trkpt>
      <trkpt lat="46.670369" lon="10.552948"><ele>911</ele></trkpt>
      <trkpt lat="46.670603" lon="10.552952"><ele>910</ele></trkpt>
      <trkpt lat="46.670684" lon="10.552949"><ele>910</ele></trkpt>
      <trkpt lat="46.671018" lon="10.552992"><ele>910</ele></trkpt>
      <trkpt lat="46.671223" lon="10.553018"><ele>910</ele></trkpt>
      <trkpt lat="46.671251" lon="10.553019"><ele>910</ele></trkpt>
      <trkpt lat="46.671547" lon="10.553042"><ele>912</ele></trkpt>
      <trkpt lat="46.671669" lon="10.553043"><ele>913</ele></trkpt>
      <trkpt lat="46.671677" lon="10.553043"><ele>913</ele></trkpt>
      <trkpt lat="46.671688" lon="10.553043"><ele>913</ele></trkpt>
      <trkpt lat="46.671780" lon="10.553037"><ele>913</ele></trkpt>
      <trkpt lat="46.671790" lon="10.553034"><ele>913</ele></trkpt>
      <trkpt lat="46.671948" lon="10.552993"><ele>913</ele></trkpt>
      <trkpt lat="46.672139" lon="10.552925"><ele>914</ele></trkpt>
      <trkpt lat="46.672196" lon="10.552904"><ele>914</ele></trkpt>
      <trkpt lat="46.672290" lon="10.552866"><ele>914</ele></trkpt>
      <trkpt lat="46.672721" lon="10.552680"><ele>916</ele></trkpt>
      <trkpt lat="46.672881" lon="10.552590"><ele>916</ele></trkpt>
      <trkpt lat="46.673032" lon="10.552494"><ele>917</ele></trkpt>
      <trkpt lat="46.673128" lon="10.552450"><ele>917</ele></trkpt>
      <trkpt lat="46.673311" lon="10.552381"><ele>917</ele></trkpt>
      <trkpt lat="46.673463" lon="10.552361"><ele>918</ele></trkpt>
      <trkpt lat="46.673672" lon="10.552358"><ele>919</ele></trkpt>
      <trkpt lat="46.673789" lon="10.552356"><ele>920</ele></trkpt>
      <trkpt lat="46.673878" lon="10.552351"><ele>920</ele></trkpt>
      <trkpt lat="46.673915" lon="10.552352"><ele>920</ele></trkpt>
      <trkpt lat="46.674015" lon="10.552349"><ele>921</ele></trkpt>
      <trkpt lat="46.674115" lon="10.552330"><ele>921</ele></trkpt>
      <trkpt lat="46.674229" lon="10.552309"><ele>922</ele></trkpt>
      <trkpt lat="46.674552" lon="10.552214"><ele>923</ele></trkpt>
      <trkpt lat="46.674984" lon="10.552070"><ele>926</ele></trkpt>
      <trkpt lat="46.675412" lon="10.551934"><ele>928</ele></trkpt>
      <trkpt lat="46.675902" lon="10.551780"><ele>932</ele></trkpt>
      <trkpt lat="46.676147" lon="10.551751"><ele>934</ele></trkpt>
      <trkpt lat="46.676661" lon="10.551739"><ele>936</ele></trkpt>
      <trkpt lat="46.676851" lon="10.551712"><ele>937</ele></trkpt>
      <trkpt lat="46.677234" lon="10.551629"><ele>940</ele></trkpt>
      <trkpt lat="46.677809" lon="10.551542"><ele>944</ele></trkpt>
      <trkpt lat="46.678034" lon="10.551458"><ele>946</ele></trkpt>
      <trkpt lat="46.678243" lon="10.551313"><ele>948</ele></trkpt>
      <trkpt lat="46.678398" lon="10.551143"><ele>949</ele></trkpt>
      <trkpt lat="46.678659" lon="10.550836"><ele>951</ele></trkpt>
      <trkpt lat="46.678890" lon="10.550629"><ele>954</ele></trkpt>
      <trkpt lat="46.679264" lon="10.550344"><ele>957</ele></trkpt>
      <trkpt lat="46.679636" lon="10.550045"><ele>960</ele></trkpt>
      <trkpt lat="46.679826" lon="10.549903"><ele>962</ele></trkpt>
      <trkpt lat="46.680065" lon="10.549763"><ele>964</ele></trkpt>
      <trkpt lat="46.680307" lon="10.549646"><ele>965</ele></trkpt>
      <trkpt lat="46.680411" lon="10.549607"><ele>966</ele></trkpt>
      <trkpt lat="46.680591" lon="10.549543"><ele>967</ele></trkpt>
      <trkpt lat="46.680872" lon="10.549480"><ele>970</ele></trkpt>
      <trkpt lat="46.681054" lon="10.549457"><ele>972</ele></trkpt>
      <trkpt lat="46.681411" lon="10.549438"><ele>974</ele></trkpt>
      <trkpt lat="46.681663" lon="10.549425"><ele>977</ele></trkpt>
      <trkpt lat="46.681804" lon="10.549408"><ele>978</ele></trkpt>
      <trkpt lat="46.681895" lon="10.549379"><ele>978</ele></trkpt>
      <trkpt lat="46.681910" lon="10.549374"><ele>978</ele></trkpt>
      <trkpt lat="46.681956" lon="10.549351"><ele>979</ele></trkpt>
      <trkpt lat="46.682017" lon="10.549301"><ele>980</ele></trkpt>
      <trkpt lat="46.682064" lon="10.549234"><ele>980</ele></trkpt>
      <trkpt lat="46.682111" lon="10.549121"><ele>981</ele></trkpt>
      <trkpt lat="46.682401" lon="10.548294"><ele>984</ele></trkpt>
      <trkpt lat="46.682440" lon="10.548296"><ele>984</ele></trkpt>
      <trkpt lat="46.682469" lon="10.548270"><ele>985</ele></trkpt>
      <trkpt lat="46.682611" lon="10.547866"><ele>987</ele></trkpt>
      <trkpt lat="46.682648" lon="10.547804"><ele>987</ele></trkpt>
      <trkpt lat="46.682691" lon="10.547663"><ele>988</ele></trkpt>
      <trkpt lat="46.682769" lon="10.547582"><ele>988</ele></trkpt>
      <trkpt lat="46.682857" lon="10.547553"><ele>989</ele></trkpt>
      <trkpt lat="46.682845" lon="10.547335"><ele>990</ele></trkpt>
      <trkpt lat="46.682853" lon="10.547285"><ele>990</ele></trkpt>
      <trkpt lat="46.683022" lon="10.546810"><ele>993</ele></trkpt>
      <trkpt lat="46.683058" lon="10.546769"><ele>993</ele></trkpt>
      <trkpt lat="46.683104" lon="10.546760"><ele>993</ele></trkpt>
      <trkpt lat="46.683143" lon="10.546796"><ele>993</ele></trkpt>
      <trkpt lat="46.683375" lon="10.547216"><ele>997</ele></trkpt>
      <trkpt lat="46.683412" lon="10.547329"><ele>996</ele></trkpt>
      <trkpt lat="46.683424" lon="10.547374"><ele>995</ele></trkpt>
      <trkpt lat="46.683435" lon="10.547407"><ele>995</ele></trkpt>
      <trkpt lat="46.683498" lon="10.547440"><ele>996</ele></trkpt>
      <trkpt lat="46.683572" lon="10.547481"><ele>996</ele></trkpt>
      <trkpt lat="46.684233" lon="10.548032"><ele>998</ele></trkpt>
      <trkpt lat="46.684239" lon="10.548038"><ele>998</ele></trkpt>
      <trkpt lat="46.684251" lon="10.548113"><ele>998</ele></trkpt>
      <trkpt lat="46.684292" lon="10.548133"><ele>999</ele></trkpt>
      <trkpt lat="46.684311" lon="10.548138"><ele>999</ele></trkpt>
      <trkpt lat="46.684384" lon="10.548144"><ele>999</ele></trkpt>
      <trkpt lat="46.684382" lon="10.548212"><ele>999</ele></trkpt>
      <trkpt lat="46.684401" lon="10.548385"><ele>999</ele></trkpt>
      <trkpt lat="46.684399" lon="10.548452"><ele>999</ele></trkpt>
      <trkpt lat="46.684389" lon="10.548530"><ele>999</ele></trkpt>
      <trkpt lat="46.684333" lon="10.548813"><ele>1000</ele></trkpt>
      <trkpt lat="46.684690" lon="10.549395"><ele>1005</ele></trkpt>
      <trkpt lat="46.684718" lon="10.549463"><ele>1005</ele></trkpt>
      <trkpt lat="46.684772" lon="10.549440"><ele>1006</ele></trkpt>
      <trkpt lat="46.684866" lon="10.549248"><ele>1007</ele></trkpt>
      <trkpt lat="46.684939" lon="10.549216"><ele>1008</ele></trkpt>
      <trkpt lat="46.684982" lon="10.549298"><ele>1008</ele></trkpt>
      <trkpt lat="46.685120" lon="10.549521"><ele>1009</ele></trkpt>
      <trkpt lat="46.685231" lon="10.549780"><ele>1011</ele></trkpt>
      <trkpt lat="46.685258" lon="10.549801"><ele>1012</ele></trkpt>
      <trkpt lat="46.685314" lon="10.549778"><ele>1013</ele></trkpt>
      <trkpt lat="46.685497" lon="10.549654"><ele>1016</ele></trkpt>
      <trkpt lat="46.685611" lon="10.549542"><ele>1017</ele></trkpt>
      <trkpt lat="46.685697" lon="10.549430"><ele>1018</ele></trkpt>
      <trkpt lat="46.685828" lon="10.549307"><ele>1020</ele></trkpt>
      <trkpt lat="46.686049" lon="10.549178"><ele>1024</ele></trkpt>
      <trkpt lat="46.686049" lon="10.549178"><ele>1022</ele></trkpt>
      <trkpt lat="46.686163" lon="10.549113"><ele>1024</ele></trkpt>
      <trkpt lat="46.686205" lon="10.549144"><ele>1025</ele></trkpt>
      <trkpt lat="46.686306" lon="10.549102"><ele>1027</ele></trkpt>
      <trkpt lat="46.686414" lon="10.549102"><ele>1028</ele></trkpt>
      <trkpt lat="46.686445" lon="10.549101"><ele>1029</ele></trkpt>
      <trkpt lat="46.686659" lon="10.549184"><ele>1031</ele></trkpt>
      <trkpt lat="46.686691" lon="10.549195"><ele>1032</ele></trkpt>
      <trkpt lat="46.686776" lon="10.548622"><ele>1030</ele></trkpt>
      <trkpt lat="46.686999" lon="10.547042"><ele>1023</ele></trkpt>
      <trkpt lat="46.687036" lon="10.546550"><ele>1022</ele></trkpt>
      <trkpt lat="46.687046" lon="10.546207"><ele>1024</ele></trkpt>
      <trkpt lat="46.687017" lon="10.546192"><ele>1024</ele></trkpt>
      <trkpt lat="46.687029" lon="10.546077"><ele>1024</ele></trkpt>
      <trkpt lat="46.687104" lon="10.546034"><ele>1025</ele></trkpt>
      <trkpt lat="46.687272" lon="10.545907"><ele>1026</ele></trkpt>
      <trkpt lat="46.687374" lon="10.545872"><ele>1028</ele></trkpt>
      <trkpt lat="46.687693" lon="10.545761"><ele>1031</ele></trkpt>
      <trkpt lat="46.687790" lon="10.545731"><ele>1032</ele></trkpt>
      <trkpt lat="46.688002" lon="10.545665"><ele>1034</ele></trkpt>
      <trkpt lat="46.688043" lon="10.545652"><ele>1034</ele></trkpt>
      <trkpt lat="46.688171" lon="10.545613"><ele>1036</ele></trkpt>
      <trkpt lat="46.688434" lon="10.545478"><ele>1038</ele></trkpt>
      <trkpt lat="46.688497" lon="10.545428"><ele>1038</ele></trkpt>
      <trkpt lat="46.688598" lon="10.545358"><ele>1039</ele></trkpt>
      <trkpt lat="46.688646" lon="10.545324"><ele>1040</ele></trkpt>
      <trkpt lat="46.688704" lon="10.545286"><ele>1040</ele></trkpt>
      <trkpt lat="46.688973" lon="10.545127"><ele>1044</ele></trkpt>
      <trkpt lat="46.689047" lon="10.545077"><ele>1044</ele></trkpt>
      <trkpt lat="46.689286" lon="10.544965"><ele>1046</ele></trkpt>
      <trkpt lat="46.689359" lon="10.544939"><ele>1048</ele></trkpt>
      <trkpt lat="46.689508" lon="10.544884"><ele>1049</ele></trkpt>
      <trkpt lat="46.689536" lon="10.544831"><ele>1049</ele></trkpt>
      <trkpt lat="46.689541" lon="10.544761"><ele>1049</ele></trkpt>
      <trkpt lat="46.689538" lon="10.544685"><ele>1049</ele></trkpt>
      <trkpt lat="46.689548" lon="10.544599"><ele>1049</ele></trkpt>
      <trkpt lat="46.689565" lon="10.544516"><ele>1049</ele></trkpt>
      <trkpt lat="46.689595" lon="10.544454"><ele>1050</ele></trkpt>
      <trkpt lat="46.689737" lon="10.544276"><ele>1052</ele></trkpt>
      <trkpt lat="46.689808" lon="10.544197"><ele>1052</ele></trkpt>
      <trkpt lat="46.689834" lon="10.544169"><ele>1053</ele></trkpt>
      <trkpt lat="46.689885" lon="10.544111"><ele>1053</ele></trkpt>
      <trkpt lat="46.690177" lon="10.543873"><ele>1056</ele></trkpt>
      <trkpt lat="46.690257" lon="10.543812"><ele>1056</ele></trkpt>
      <trkpt lat="46.690487" lon="10.543783"><ele>1058</ele></trkpt>
      <trkpt lat="46.690511" lon="10.543780"><ele>1058</ele></trkpt>
      <trkpt lat="46.690529" lon="10.543779"><ele>1059</ele></trkpt>
      <trkpt lat="46.690658" lon="10.543782"><ele>1060</ele></trkpt>
      <trkpt lat="46.690746" lon="10.543798"><ele>1061</ele></trkpt>
      <trkpt lat="46.690800" lon="10.543364"><ele>1062</ele></trkpt>
      <trkpt lat="46.690825" lon="10.543261"><ele>1062</ele></trkpt>
      <trkpt lat="46.690869" lon="10.543119"><ele>1062</ele></trkpt>
      <trkpt lat="46.690904" lon="10.543067"><ele>1063</ele></trkpt>
      <trkpt lat="46.691034" lon="10.542836"><ele>1064</ele></trkpt>
      <trkpt lat="46.691032" lon="10.542660"><ele>1064</ele></trkpt>
      <trkpt lat="46.691038" lon="10.542450"><ele>1065</ele></trkpt>
      <trkpt lat="46.691121" lon="10.542137"><ele>1066</ele></trkpt>
      <trkpt lat="46.691259" lon="10.542062"><ele>1067</ele></trkpt>
      <trkpt lat="46.691304" lon="10.542047"><ele>1067</ele></trkpt>
      <trkpt lat="46.691376" lon="10.542025"><ele>1067</ele></trkpt>
      <trkpt lat="46.691525" lon="10.541944"><ele>1069</ele></trkpt>
      <trkpt lat="46.691564" lon="10.541933"><ele>1070</ele></trkpt>
      <trkpt lat="46.691582" lon="10.541802"><ele>1070</ele></trkpt>
      <trkpt lat="46.691659" lon="10.541500"><ele>1071</ele></trkpt>
      <trkpt lat="46.691725" lon="10.541197"><ele>1072</ele></trkpt>
      <trkpt lat="46.691729" lon="10.541143"><ele>1072</ele></trkpt>
      <trkpt lat="46.691737" lon="10.541048"><ele>1072</ele></trkpt>
      <trkpt lat="46.691750" lon="10.540884"><ele>1073</ele></trkpt>
      <trkpt lat="46.691914" lon="10.540891"><ele>1074</ele></trkpt>
      <trkpt lat="46.692062" lon="10.540885"><ele>1076</ele></trkpt>
      <trkpt lat="46.692100" lon="10.540884"><ele>1076</ele></trkpt>
      <trkpt lat="46.692168" lon="10.540630"><ele>1078</ele></trkpt>
      <trkpt lat="46.692540" lon="10.539497"><ele>1082</ele></trkpt>
      <trkpt lat="46.692725" lon="10.539146"><ele>1085</ele></trkpt>
      <trkpt lat="46.693177" lon="10.538104"><ele>1090</ele></trkpt>
      <trkpt lat="46.693210" lon="10.537854"><ele>1091</ele></trkpt>
      <trkpt lat="46.693424" lon="10.537185"><ele>1092</ele></trkpt>
      <trkpt lat="46.693515" lon="10.536993"><ele>1093</ele></trkpt>
      <trkpt lat="46.693627" lon="10.536837"><ele>1094</ele></trkpt>
      <trkpt lat="46.693765" lon="10.536673"><ele>1096</ele></trkpt>
      <trkpt lat="46.693816" lon="10.536579"><ele>1096</ele></trkpt>
      <trkpt lat="46.693928" lon="10.536299"><ele>1097</ele></trkpt>
      <trkpt lat="46.694384" lon="10.535592"><ele>1102</ele></trkpt>
      <trkpt lat="46.694446" lon="10.535471"><ele>1103</ele></trkpt>
      <trkpt lat="46.694479" lon="10.535359"><ele>1103</ele></trkpt>
      <trkpt lat="46.694501" lon="10.535237"><ele>1103</ele></trkpt>
      <trkpt lat="46.694552" lon="10.535049"><ele>1103</ele></trkpt>
      <trkpt lat="46.694611" lon="10.534910"><ele>1104</ele></trkpt>
      <trkpt lat="46.694701" lon="10.534756"><ele>1104</ele></trkpt>
      <trkpt lat="46.695133" lon="10.534214"><ele>1108</ele></trkpt>
      <trkpt lat="46.695277" lon="10.534059"><ele>1108</ele></trkpt>
      <trkpt lat="46.695321" lon="10.533991"><ele>1108</ele></trkpt>
      <trkpt lat="46.695339" lon="10.533887"><ele>1107</ele></trkpt>
      <trkpt lat="46.695359" lon="10.533580"><ele>1106</ele></trkpt>
      <trkpt lat="46.695385" lon="10.533397"><ele>1106</ele></trkpt>
      <trkpt lat="46.695435" lon="10.533233"><ele>1106</ele></trkpt>
      <trkpt lat="46.695504" lon="10.533118"><ele>1106</ele></trkpt>
      <trkpt lat="46.695596" lon="10.533019"><ele>1106</ele></trkpt>
      <trkpt lat="46.695715" lon="10.532938"><ele>1107</ele></trkpt>
      <trkpt lat="46.695863" lon="10.532894"><ele>1108</ele></trkpt>
      <trkpt lat="46.696006" lon="10.532839"><ele>1109</ele></trkpt>
      <trkpt lat="46.696113" lon="10.532776"><ele>1110</ele></trkpt>
      <trkpt lat="46.696297" lon="10.532540"><ele>1111</ele></trkpt>
      <trkpt lat="46.696452" lon="10.532366"><ele>1112</ele></trkpt>
      <trkpt lat="46.696726" lon="10.532121"><ele>1113</ele></trkpt>
      <trkpt lat="46.697118" lon="10.531675"><ele>1117</ele></trkpt>
      <trkpt lat="46.697262" lon="10.531560"><ele>1118</ele></trkpt>
      <trkpt lat="46.697437" lon="10.531453"><ele>1119</ele></trkpt>
      <trkpt lat="46.697656" lon="10.531356"><ele>1120</ele></trkpt>
      <trkpt lat="46.697701" lon="10.531323"><ele>1121</ele></trkpt>
      <trkpt lat="46.698125" lon="10.530722"><ele>1124</ele></trkpt>
      <trkpt lat="46.698154" lon="10.530658"><ele>1124</ele></trkpt>
      <trkpt lat="46.698221" lon="10.530462"><ele>1126</ele></trkpt>
      <trkpt lat="46.698426" lon="10.530060"><ele>1127</ele></trkpt>
      <trkpt lat="46.698511" lon="10.529930"><ele>1128</ele></trkpt>
      <trkpt lat="46.698661" lon="10.529801"><ele>1129</ele></trkpt>
      <trkpt lat="46.698826" lon="10.529688"><ele>1130</ele></trkpt>
      <trkpt lat="46.698995" lon="10.529622"><ele>1131</ele></trkpt>
      <trkpt lat="46.699221" lon="10.529605"><ele>1133</ele></trkpt>
      <trkpt lat="46.699418" lon="10.529615"><ele>1135</ele></trkpt>
      <trkpt lat="46.699574" lon="10.529647"><ele>1136</ele></trkpt>
      <trkpt lat="46.699755" lon="10.529720"><ele>1138</ele></trkpt>
      <trkpt lat="46.699919" lon="10.529835"><ele>1140</ele></trkpt>
      <trkpt lat="46.700177" lon="10.530049"><ele>1142</ele></trkpt>
      <trkpt lat="46.700333" lon="10.530192"><ele>1144</ele></trkpt>
      <trkpt lat="46.700411" lon="10.530286"><ele>1145</ele></trkpt>
      <trkpt lat="46.700521" lon="10.530463"><ele>1146</ele></trkpt>
      <trkpt lat="46.700629" lon="10.530616"><ele>1148</ele></trkpt>
      <trkpt lat="46.700744" lon="10.530693"><ele>1148</ele></trkpt>
      <trkpt lat="46.701410" lon="10.530898"><ele>1154</ele></trkpt>
      <trkpt lat="46.701537" lon="10.530905"><ele>1155</ele></trkpt>
      <trkpt lat="46.701661" lon="10.530887"><ele>1156</ele></trkpt>
      <trkpt lat="46.701814" lon="10.530818"><ele>1157</ele></trkpt>
      <trkpt lat="46.701904" lon="10.530773"><ele>1158</ele></trkpt>
      <trkpt lat="46.701971" lon="10.530677"><ele>1158</ele></trkpt>
      <trkpt lat="46.702070" lon="10.530467"><ele>1157</ele></trkpt>
      <trkpt lat="46.702137" lon="10.530355"><ele>1157</ele></trkpt>
      <trkpt lat="46.702228" lon="10.530228"><ele>1158</ele></trkpt>
      <trkpt lat="46.702365" lon="10.530083"><ele>1158</ele></trkpt>
      <trkpt lat="46.702883" lon="10.529680"><ele>1161</ele></trkpt>
      <trkpt lat="46.703007" lon="10.529615"><ele>1161</ele></trkpt>
      <trkpt lat="46.703242" lon="10.529527"><ele>1162</ele></trkpt>
      <trkpt lat="46.703479" lon="10.529420"><ele>1164</ele></trkpt>
      <trkpt lat="46.703827" lon="10.529190"><ele>1167</ele></trkpt>
      <trkpt lat="46.703931" lon="10.529108"><ele>1168</ele></trkpt>
      <trkpt lat="46.704053" lon="10.529050"><ele>1168</ele></trkpt>
      <trkpt lat="46.704166" lon="10.529025"><ele>1169</ele></trkpt>
      <trkpt lat="46.704279" lon="10.529024"><ele>1171</ele></trkpt>
      <trkpt lat="46.704368" lon="10.529037"><ele>1172</ele></trkpt>
      <trkpt lat="46.704471" lon="10.529093"><ele>1173</ele></trkpt>
      <trkpt lat="46.704622" lon="10.529238"><ele>1175</ele></trkpt>
      <trkpt lat="46.704751" lon="10.529329"><ele>1176</ele></trkpt>
      <trkpt lat="46.704859" lon="10.529362"><ele>1178</ele></trkpt>
      <trkpt lat="46.704974" lon="10.529372"><ele>1179</ele></trkpt>
      <trkpt lat="46.705161" lon="10.529342"><ele>1181</ele></trkpt>
      <trkpt lat="46.705254" lon="10.529299"><ele>1182</ele></trkpt>
      <trkpt lat="46.705365" lon="10.529202"><ele>1183</ele></trkpt>
      <trkpt lat="46.705442" lon="10.529167"><ele>1183</ele></trkpt>
      <trkpt lat="46.705497" lon="10.529169"><ele>1184</ele></trkpt>
      <trkpt lat="46.705699" lon="10.529235"><ele>1185</ele></trkpt>
      <trkpt lat="46.705795" lon="10.529245"><ele>1186</ele></trkpt>
      <trkpt lat="46.705918" lon="10.529207"><ele>1187</ele></trkpt>
      <trkpt lat="46.706052" lon="10.529113"><ele>1188</ele></trkpt>
      <trkpt lat="46.706201" lon="10.529051"><ele>1190</ele></trkpt>
      <trkpt lat="46.706296" lon="10.529030"><ele>1190</ele></trkpt>
      <trkpt lat="46.706421" lon="10.529027"><ele>1192</ele></trkpt>
      <trkpt lat="46.706612" lon="10.529080"><ele>1194</ele></trkpt>
      <trkpt lat="46.706892" lon="10.529200"><ele>1197</ele></trkpt>
      <trkpt lat="46.706966" lon="10.529249"><ele>1198</ele></trkpt>
      <trkpt lat="46.707346" lon="10.529085"><ele>1199</ele></trkpt>
      <trkpt lat="46.708037" lon="10.528755"><ele>1202</ele></trkpt>
      <trkpt lat="46.708438" lon="10.528578"><ele>1202</ele></trkpt>
      <trkpt lat="46.708542" lon="10.528538"><ele>1202</ele></trkpt>
      <trkpt lat="46.708594" lon="10.528535"><ele>1201</ele></trkpt>
      <trkpt lat="46.708620" lon="10.528533"><ele>1201</ele></trkpt>
      <trkpt lat="46.708703" lon="10.528557"><ele>1201</ele></trkpt>
      <trkpt lat="46.708898" lon="10.528573"><ele>1200</ele></trkpt>
      <trkpt lat="46.709173" lon="10.528508"><ele>1200</ele></trkpt>
      <trkpt lat="46.709287" lon="10.528496"><ele>1200</ele></trkpt>
      <trkpt lat="46.709289" lon="10.528495"><ele>1200</ele></trkpt>
      <trkpt lat="46.709390" lon="10.528483"><ele>1200</ele></trkpt>
      <trkpt lat="46.709484" lon="10.528483"><ele>1200</ele></trkpt>
      <trkpt lat="46.709538" lon="10.528477"><ele>1200</ele></trkpt>
      <trkpt lat="46.709588" lon="10.528438"><ele>1200</ele></trkpt>
      <trkpt lat="46.709676" lon="10.528297"><ele>1201</ele></trkpt>
      <trkpt lat="46.709732" lon="10.528166"><ele>1202</ele></trkpt>
      <trkpt lat="46.709807" lon="10.527983"><ele>1202</ele></trkpt>
      <trkpt lat="46.709837" lon="10.527891"><ele>1203</ele></trkpt>
      <trkpt lat="46.709853" lon="10.527796"><ele>1203</ele></trkpt>
      <trkpt lat="46.709862" lon="10.527602"><ele>1204</ele></trkpt>
      <trkpt lat="46.709867" lon="10.527543"><ele>1205</ele></trkpt>
      <trkpt lat="46.709882" lon="10.527308"><ele>1206</ele></trkpt>
      <trkpt lat="46.709915" lon="10.527094"><ele>1207</ele></trkpt>
      <trkpt lat="46.709947" lon="10.527027"><ele>1207</ele></trkpt>
      <trkpt lat="46.710049" lon="10.527045"><ele>1209</ele></trkpt>
      <trkpt lat="46.710194" lon="10.527111"><ele>1211</ele></trkpt>
      <trkpt lat="46.710400" lon="10.527155"><ele>1213</ele></trkpt>
      <trkpt lat="46.710623" lon="10.527264"><ele>1214</ele></trkpt>
      <trkpt lat="46.710673" lon="10.527285"><ele>1215</ele></trkpt>
      <trkpt lat="46.710727" lon="10.527327"><ele>1216</ele></trkpt>
      <trkpt lat="46.710783" lon="10.527371"><ele>1216</ele></trkpt>
      <trkpt lat="46.710846" lon="10.527461"><ele>1217</ele></trkpt>
      <trkpt lat="46.710965" lon="10.527858"><ele>1219</ele></trkpt>
      <trkpt lat="46.711033" lon="10.528159"><ele>1220</ele></trkpt>
      <trkpt lat="46.711082" lon="10.528321"><ele>1220</ele></trkpt>
      <trkpt lat="46.711101" lon="10.528357"><ele>1221</ele></trkpt>
      <trkpt lat="46.711114" lon="10.528394"><ele>1221</ele></trkpt>
      <trkpt lat="46.711130" lon="10.528446"><ele>1222</ele></trkpt>
      <trkpt lat="46.711204" lon="10.528833"><ele>1224</ele></trkpt>
      <trkpt lat="46.711222" lon="10.528966"><ele>1224</ele></trkpt>
      <trkpt lat="46.711334" lon="10.529214"><ele>1227</ele></trkpt>
      <trkpt lat="46.711498" lon="10.529449"><ele>1228</ele></trkpt>
      <trkpt lat="46.711596" lon="10.529554"><ele>1230</ele></trkpt>
      <trkpt lat="46.711874" lon="10.529731"><ele>1234</ele></trkpt>
      <trkpt lat="46.711952" lon="10.529801"><ele>1235</ele></trkpt>
      <trkpt lat="46.712014" lon="10.529922"><ele>1235</ele></trkpt>
      <trkpt lat="46.712124" lon="10.530026"><ele>1236</ele></trkpt>
      <trkpt lat="46.712149" lon="10.530079"><ele>1236</ele></trkpt>
      <trkpt lat="46.712174" lon="10.530137"><ele>1236</ele></trkpt>
      <trkpt lat="46.712233" lon="10.530260"><ele>1235</ele></trkpt>
      <trkpt lat="46.712325" lon="10.530336"><ele>1236</ele></trkpt>
      <trkpt lat="46.712400" lon="10.530364"><ele>1238</ele></trkpt>
      <trkpt lat="46.712645" lon="10.530468"><ele>1240</ele></trkpt>
      <trkpt lat="46.712754" lon="10.530694"><ele>1240</ele></trkpt>
      <trkpt lat="46.712840" lon="10.530761"><ele>1241</ele></trkpt>
      <trkpt lat="46.712931" lon="10.530816"><ele>1242</ele></trkpt>
      <trkpt lat="46.713202" lon="10.530916"><ele>1244</ele></trkpt>
      <trkpt lat="46.713414" lon="10.531005"><ele>1246</ele></trkpt>
      <trkpt lat="46.713635" lon="10.531056"><ele>1248</ele></trkpt>
      <trkpt lat="46.714146" lon="10.531121"><ele>1252</ele></trkpt>
      <trkpt lat="46.714280" lon="10.531117"><ele>1254</ele></trkpt>
      <trkpt lat="46.714407" lon="10.531096"><ele>1256</ele></trkpt>
      <trkpt lat="46.714680" lon="10.531007"><ele>1260</ele></trkpt>
      <trkpt lat="46.714788" lon="10.530949"><ele>1262</ele></trkpt>
      <trkpt lat="46.714868" lon="10.530871"><ele>1264</ele></trkpt>
      <trkpt lat="46.714986" lon="10.530722"><ele>1265</ele></trkpt>
      <trkpt lat="46.715176" lon="10.530481"><ele>1267</ele></trkpt>
      <trkpt lat="46.715271" lon="10.530329"><ele>1268</ele></trkpt>
      <trkpt lat="46.715339" lon="10.530190"><ele>1270</ele></trkpt>
      <trkpt lat="46.715411" lon="10.530079"><ele>1272</ele></trkpt>
      <trkpt lat="46.715500" lon="10.530022"><ele>1271</ele></trkpt>
      <trkpt lat="46.715804" lon="10.529918"><ele>1273</ele></trkpt>
      <trkpt lat="46.716096" lon="10.529812"><ele>1275</ele></trkpt>
      <trkpt lat="46.716828" lon="10.529519"><ele>1282</ele></trkpt>
      <trkpt lat="46.716931" lon="10.529502"><ele>1284</ele></trkpt>
      <trkpt lat="46.717031" lon="10.529504"><ele>1284</ele></trkpt>
      <trkpt lat="46.717580" lon="10.529583"><ele>1289</ele></trkpt>
      <trkpt lat="46.717734" lon="10.529594"><ele>1291</ele></trkpt>
      <trkpt lat="46.717818" lon="10.529558"><ele>1292</ele></trkpt>
      <trkpt lat="46.717855" lon="10.529550"><ele>1292</ele></trkpt>
      <trkpt lat="46.717896" lon="10.529532"><ele>1292</ele></trkpt>
      <trkpt lat="46.718031" lon="10.529508"><ele>1293</ele></trkpt>
      <trkpt lat="46.718493" lon="10.529457"><ele>1296</ele></trkpt>
      <trkpt lat="46.718658" lon="10.529454"><ele>1298</ele></trkpt>
      <trkpt lat="46.718961" lon="10.529454"><ele>1300</ele></trkpt>
      <trkpt lat="46.719204" lon="10.529466"><ele>1302</ele></trkpt>
      <trkpt lat="46.719847" lon="10.529429"><ele>1308</ele></trkpt>
      <trkpt lat="46.720021" lon="10.529373"><ele>1311</ele></trkpt>
      <trkpt lat="46.720178" lon="10.529291"><ele>1314</ele></trkpt>
      <trkpt lat="46.720626" lon="10.529154"><ele>1319</ele></trkpt>
      <trkpt lat="46.720838" lon="10.529112"><ele>1322</ele></trkpt>
      <trkpt lat="46.721311" lon="10.529084"><ele>1326</ele></trkpt>
      <trkpt lat="46.721600" lon="10.529126"><ele>1328</ele></trkpt>
      <trkpt lat="46.722017" lon="10.529334"><ele>1330</ele></trkpt>
      <trkpt lat="46.722308" lon="10.529347"><ele>1333</ele></trkpt>
      <trkpt lat="46.722463" lon="10.529366"><ele>1334</ele></trkpt>
      <trkpt lat="46.722884" lon="10.529521"><ele>1337</ele></trkpt>
      <trkpt lat="46.723068" lon="10.529623"><ele>1339</ele></trkpt>
      <trkpt lat="46.723254" lon="10.529738"><ele>1340</ele></trkpt>
      <trkpt lat="46.723589" lon="10.529910"><ele>1342</ele></trkpt>
      <trkpt lat="46.723729" lon="10.530007"><ele>1343</ele></trkpt>
      <trkpt lat="46.723826" lon="10.530060"><ele>1344</ele></trkpt>
      <trkpt lat="46.724162" lon="10.530169"><ele>1346</ele></trkpt>
      <trkpt lat="46.724307" lon="10.530231"><ele>1346</ele></trkpt>
      <trkpt lat="46.724432" lon="10.530264"><ele>1346</ele></trkpt>
      <trkpt lat="46.724558" lon="10.530272"><ele>1347</ele></trkpt>
      <trkpt lat="46.724689" lon="10.530268"><ele>1348</ele></trkpt>
      <trkpt lat="46.724832" lon="10.530251"><ele>1350</ele></trkpt>
      <trkpt lat="46.725003" lon="10.530196"><ele>1353</ele></trkpt>
      <trkpt lat="46.725406" lon="10.530041"><ele>1355</ele></trkpt>
      <trkpt lat="46.725632" lon="10.529930"><ele>1357</ele></trkpt>
      <trkpt lat="46.725860" lon="10.529785"><ele>1358</ele></trkpt>
      <trkpt lat="46.726095" lon="10.529677"><ele>1358</ele></trkpt>
      <trkpt lat="46.726325" lon="10.529617"><ele>1360</ele></trkpt>
      <trkpt lat="46.726611" lon="10.529557"><ele>1362</ele></trkpt>
      <trkpt lat="46.726781" lon="10.529562"><ele>1363</ele></trkpt>
      <trkpt lat="46.727023" lon="10.529644"><ele>1364</ele></trkpt>
      <trkpt lat="46.727248" lon="10.529682"><ele>1365</ele></trkpt>
      <trkpt lat="46.727459" lon="10.529695"><ele>1367</ele></trkpt>
      <trkpt lat="46.727746" lon="10.529655"><ele>1371</ele></trkpt>
      <trkpt lat="46.727900" lon="10.529653"><ele>1372</ele></trkpt>
      <trkpt lat="46.728085" lon="10.529665"><ele>1373</ele></trkpt>
      <trkpt lat="46.728192" lon="10.529701"><ele>1375</ele></trkpt>
      <trkpt lat="46.728489" lon="10.529855"><ele>1377</ele></trkpt>
      <trkpt lat="46.728946" lon="10.530111"><ele>1381</ele></trkpt>
      <trkpt lat="46.729079" lon="10.530197"><ele>1381</ele></trkpt>
      <trkpt lat="46.729379" lon="10.530372"><ele>1384</ele></trkpt>
      <trkpt lat="46.729508" lon="10.530433"><ele>1386</ele></trkpt>
      <trkpt lat="46.729735" lon="10.530504"><ele>1388</ele></trkpt>
      <trkpt lat="46.729920" lon="10.530583"><ele>1390</ele></trkpt>
      <trkpt lat="46.730278" lon="10.530765"><ele>1394</ele></trkpt>
      <trkpt lat="46.730489" lon="10.530863"><ele>1397</ele></trkpt>
      <trkpt lat="46.730776" lon="10.531022"><ele>1398</ele></trkpt>
      <trkpt lat="46.731061" lon="10.531212"><ele>1402</ele></trkpt>
      <trkpt lat="46.731265" lon="10.531353"><ele>1403</ele></trkpt>
      <trkpt lat="46.731358" lon="10.531394"><ele>1403</ele></trkpt>
      <trkpt lat="46.731568" lon="10.531414"><ele>1405</ele></trkpt>
      <trkpt lat="46.731673" lon="10.531448"><ele>1406</ele></trkpt>
      <trkpt lat="46.732253" lon="10.531491"><ele>1409</ele></trkpt>
      <trkpt lat="46.732418" lon="10.531522"><ele>1411</ele></trkpt>
      <trkpt lat="46.732593" lon="10.531574"><ele>1411</ele></trkpt>
      <trkpt lat="46.732944" lon="10.531727"><ele>1411</ele></trkpt>
      <trkpt lat="46.733141" lon="10.531871"><ele>1412</ele></trkpt>
      <trkpt lat="46.733363" lon="10.532108"><ele>1414</ele></trkpt>
      <trkpt lat="46.733458" lon="10.532197"><ele>1415</ele></trkpt>
      <trkpt lat="46.733698" lon="10.532317"><ele>1418</ele></trkpt>
      <trkpt lat="46.733801" lon="10.532337"><ele>1418</ele></trkpt>
      <trkpt lat="46.734075" lon="10.532315"><ele>1421</ele></trkpt>
      <trkpt lat="46.734205" lon="10.532328"><ele>1422</ele></trkpt>
      <trkpt lat="46.734322" lon="10.532380"><ele>1423</ele></trkpt>
      <trkpt lat="46.734418" lon="10.532451"><ele>1422</ele></trkpt>
      <trkpt lat="46.734509" lon="10.532494"><ele>1422</ele></trkpt>
      <trkpt lat="46.734843" lon="10.532532"><ele>1426</ele></trkpt>
      <trkpt lat="46.734994" lon="10.532590"><ele>1426</ele></trkpt>
      <trkpt lat="46.735133" lon="10.532700"><ele>1426</ele></trkpt>
      <trkpt lat="46.735251" lon="10.532757"><ele>1425</ele></trkpt>
      <trkpt lat="46.735954" lon="10.532901"><ele>1431</ele></trkpt>
      <trkpt lat="46.736289" lon="10.533013"><ele>1433</ele></trkpt>
      <trkpt lat="46.736618" lon="10.533187"><ele>1435</ele></trkpt>
      <trkpt lat="46.736702" lon="10.533200"><ele>1435</ele></trkpt>
      <trkpt lat="46.736787" lon="10.533178"><ele>1436</ele></trkpt>
      <trkpt lat="46.737377" lon="10.532958"><ele>1440</ele></trkpt>
      <trkpt lat="46.737638" lon="10.532945"><ele>1440</ele></trkpt>
      <trkpt lat="46.738208" lon="10.532846"><ele>1444</ele></trkpt>
      <trkpt lat="46.738575" lon="10.532717"><ele>1445</ele></trkpt>
      <trkpt lat="46.738708" lon="10.532685"><ele>1445</ele></trkpt>
      <trkpt lat="46.738877" lon="10.532679"><ele>1446</ele></trkpt>
      <trkpt lat="46.738976" lon="10.532701"><ele>1446</ele></trkpt>
      <trkpt lat="46.739112" lon="10.532749"><ele>1446</ele></trkpt>
      <trkpt lat="46.739193" lon="10.532769"><ele>1446</ele></trkpt>
      <trkpt lat="46.739306" lon="10.532764"><ele>1446</ele></trkpt>
      <trkpt lat="46.739445" lon="10.532717"><ele>1448</ele></trkpt>
      <trkpt lat="46.739585" lon="10.532604"><ele>1448</ele></trkpt>
      <trkpt lat="46.739865" lon="10.532291"><ele>1450</ele></trkpt>
      <trkpt lat="46.739987" lon="10.532183"><ele>1449</ele></trkpt>
      <trkpt lat="46.740123" lon="10.532099"><ele>1450</ele></trkpt>
      <trkpt lat="46.740203" lon="10.532046"><ele>1450</ele></trkpt>
      <trkpt lat="46.740976" lon="10.531660"><ele>1452</ele></trkpt>
      <trkpt lat="46.741122" lon="10.531630"><ele>1452</ele></trkpt>
      <trkpt lat="46.741260" lon="10.531624"><ele>1451</ele></trkpt>
      <trkpt lat="46.741372" lon="10.531585"><ele>1452</ele></trkpt>
      <trkpt lat="46.741444" lon="10.531546"><ele>1452</ele></trkpt>
      <trkpt lat="46.741742" lon="10.531314"><ele>1456</ele></trkpt>
      <trkpt lat="46.742363" lon="10.530721"><ele>1457</ele></trkpt>
      <trkpt lat="46.743374" lon="10.529790"><ele>1457</ele></trkpt>
      <trkpt lat="46.743547" lon="10.529664"><ele>1458</ele></trkpt>
      <trkpt lat="46.743683" lon="10.529526"><ele>1460</ele></trkpt>
      <trkpt lat="46.743740" lon="10.529502"><ele>1461</ele></trkpt>
      <trkpt lat="46.743823" lon="10.529490"><ele>1461</ele></trkpt>
      <trkpt lat="46.743952" lon="10.529500"><ele>1461</ele></trkpt>
      <trkpt lat="46.744266" lon="10.529415"><ele>1464</ele></trkpt>
      <trkpt lat="46.744464" lon="10.529422"><ele>1462</ele></trkpt>
      <trkpt lat="46.744847" lon="10.529386"><ele>1460</ele></trkpt>
      <trkpt lat="46.745239" lon="10.529317"><ele>1459</ele></trkpt>
      <trkpt lat="46.745360" lon="10.529286"><ele>1458</ele></trkpt>
      <trkpt lat="46.745490" lon="10.529237"><ele>1458</ele></trkpt>
      <trkpt lat="46.745864" lon="10.529028"><ele>1455</ele></trkpt>
      <trkpt lat="46.745905" lon="10.528989"><ele>1455</ele></trkpt>
      <trkpt lat="46.746070" lon="10.528728"><ele>1457</ele></trkpt>
      <trkpt lat="46.746434" lon="10.528445"><ele>1459</ele></trkpt>
      <trkpt lat="46.746536" lon="10.528418"><ele>1460</ele></trkpt>
      <trkpt lat="46.746722" lon="10.528408"><ele>1461</ele></trkpt>
      <trkpt lat="46.747037" lon="10.528408"><ele>1462</ele></trkpt>
      <trkpt lat="46.747135" lon="10.528396"><ele>1462</ele></trkpt>
      <trkpt lat="46.747387" lon="10.528212"><ele>1466</ele></trkpt>
      <trkpt lat="46.747839" lon="10.527967"><ele>1468</ele></trkpt>
      <trkpt lat="46.747972" lon="10.527929"><ele>1469</ele></trkpt>
      <trkpt lat="46.748085" lon="10.527929"><ele>1468</ele></trkpt>
      <trkpt lat="46.748699" lon="10.528084"><ele>1466</ele></trkpt>
      <trkpt lat="46.748803" lon="10.528095"><ele>1466</ele></trkpt>
      <trkpt lat="46.749082" lon="10.528053"><ele>1465</ele></trkpt>
      <trkpt lat="46.749391" lon="10.528030"><ele>1461</ele></trkpt>
      <trkpt lat="46.749607" lon="10.527972"><ele>1459</ele></trkpt>
      <trkpt lat="46.749812" lon="10.527829"><ele>1458</ele></trkpt>
      <trkpt lat="46.750068" lon="10.527683"><ele>1457</ele></trkpt>
      <trkpt lat="46.750338" lon="10.527544"><ele>1457</ele></trkpt>
      <trkpt lat="46.750674" lon="10.527320"><ele>1457</ele></trkpt>
      <trkpt lat="46.751093" lon="10.527085"><ele>1454</ele></trkpt>
      <trkpt lat="46.751147" lon="10.527039"><ele>1454</ele></trkpt>
      <trkpt lat="46.751298" lon="10.526864"><ele>1457</ele></trkpt>
      <trkpt lat="46.751354" lon="10.526809"><ele>1457</ele></trkpt>
      <trkpt lat="46.751433" lon="10.526793"><ele>1456</ele></trkpt>
      <trkpt lat="46.751660" lon="10.526734"><ele>1455</ele></trkpt>
      <trkpt lat="46.751898" lon="10.526704"><ele>1454</ele></trkpt>
      <trkpt lat="46.752105" lon="10.526696"><ele>1454</ele></trkpt>
      <trkpt lat="46.752186" lon="10.526698"><ele>1454</ele></trkpt>
      <trkpt lat="46.752392" lon="10.526783"><ele>1453</ele></trkpt>
      <trkpt lat="46.752541" lon="10.526813"><ele>1452</ele></trkpt>
      <trkpt lat="46.752651" lon="10.526813"><ele>1452</ele></trkpt>
      <trkpt lat="46.752767" lon="10.526796"><ele>1452</ele></trkpt>
      <trkpt lat="46.752914" lon="10.526760"><ele>1452</ele></trkpt>
      <trkpt lat="46.753184" lon="10.526659"><ele>1456</ele></trkpt>
      <trkpt lat="46.753224" lon="10.526655"><ele>1456</ele></trkpt>
      <trkpt lat="46.753252" lon="10.526663"><ele>1456</ele></trkpt>
      <trkpt lat="46.753307" lon="10.526733"><ele>1456</ele></trkpt>
      <trkpt lat="46.753380" lon="10.526860"><ele>1457</ele></trkpt>
      <trkpt lat="46.753452" lon="10.527022"><ele>1458</ele></trkpt>
      <trkpt lat="46.753605" lon="10.527198"><ele>1456</ele></trkpt>
      <trkpt lat="46.753853" lon="10.527533"><ele>1460</ele></trkpt>
      <trkpt lat="46.754015" lon="10.527843"><ele>1460</ele></trkpt>
      <trkpt lat="46.754095" lon="10.528026"><ele>1459</ele></trkpt>
      <trkpt lat="46.754162" lon="10.528117"><ele>1459</ele></trkpt>
      <trkpt lat="46.754526" lon="10.528394"><ele>1460</ele></trkpt>
      <trkpt lat="46.754627" lon="10.528432"><ele>1460</ele></trkpt>
      <trkpt lat="46.754706" lon="10.528423"><ele>1462</ele></trkpt>
      <trkpt lat="46.754781" lon="10.528452"><ele>1462</ele></trkpt>
      <trkpt lat="46.754844" lon="10.528490"><ele>1462</ele></trkpt>
      <trkpt lat="46.755052" lon="10.528677"><ele>1458</ele></trkpt>
      <trkpt lat="46.755109" lon="10.528690"><ele>1457</ele></trkpt>
      <trkpt lat="46.755164" lon="10.528679"><ele>1456</ele></trkpt>
      <trkpt lat="46.755212" lon="10.528642"><ele>1456</ele></trkpt>
      <trkpt lat="46.755256" lon="10.528575"><ele>1458</ele></trkpt>
      <trkpt lat="46.755313" lon="10.528459"><ele>1459</ele></trkpt>
      <trkpt lat="46.755466" lon="10.528006"><ele>1458</ele></trkpt>
      <trkpt lat="46.755510" lon="10.527928"><ele>1456</ele></trkpt>
      <trkpt lat="46.755535" lon="10.527891"><ele>1456</ele></trkpt>
      <trkpt lat="46.755567" lon="10.527868"><ele>1455</ele></trkpt>
      <trkpt lat="46.755598" lon="10.527845"><ele>1455</ele></trkpt>
      <trkpt lat="46.755646" lon="10.527832"><ele>1454</ele></trkpt>
      <trkpt lat="46.755715" lon="10.527834"><ele>1453</ele></trkpt>
      <trkpt lat="46.755776" lon="10.527864"><ele>1452</ele></trkpt>
      <trkpt lat="46.755879" lon="10.527987"><ele>1450</ele></trkpt>
      <trkpt lat="46.755941" lon="10.528041"><ele>1450</ele></trkpt>
      <trkpt lat="46.756151" lon="10.528207"><ele>1450</ele></trkpt>
      <trkpt lat="46.756217" lon="10.528288"><ele>1450</ele></trkpt>
      <trkpt lat="46.756319" lon="10.528379"><ele>1450</ele></trkpt>
      <trkpt lat="46.756422" lon="10.528441"><ele>1451</ele></trkpt>
      <trkpt lat="46.756672" lon="10.528653"><ele>1450</ele></trkpt>
      <trkpt lat="46.756777" lon="10.528676"><ele>1450</ele></trkpt>
      <trkpt lat="46.757048" lon="10.528691"><ele>1451</ele></trkpt>
      <trkpt lat="46.757143" lon="10.528664"><ele>1452</ele></trkpt>
      <trkpt lat="46.757224" lon="10.528673"><ele>1452</ele></trkpt>
      <trkpt lat="46.757362" lon="10.528731"><ele>1452</ele></trkpt>
      <trkpt lat="46.757456" lon="10.528751"><ele>1452</ele></trkpt>
      <trkpt lat="46.757547" lon="10.528748"><ele>1452</ele></trkpt>
      <trkpt lat="46.758125" lon="10.528684"><ele>1452</ele></trkpt>
      <trkpt lat="46.758208" lon="10.528699"><ele>1452</ele></trkpt>
      <trkpt lat="46.758287" lon="10.528746"><ele>1452</ele></trkpt>
      <trkpt lat="46.758406" lon="10.528836"><ele>1452</ele></trkpt>
      <trkpt lat="46.758621" lon="10.529046"><ele>1451</ele></trkpt>
      <trkpt lat="46.758729" lon="10.529126"><ele>1450</ele></trkpt>
      <trkpt lat="46.758865" lon="10.529186"><ele>1450</ele></trkpt>
      <trkpt lat="46.758944" lon="10.529210"><ele>1451</ele></trkpt>
      <trkpt lat="46.759190" lon="10.529322"><ele>1450</ele></trkpt>
      <trkpt lat="46.759505" lon="10.529326"><ele>1452</ele></trkpt>
      <trkpt lat="46.759557" lon="10.529335"><ele>1452</ele></trkpt>
      <trkpt lat="46.759757" lon="10.529434"><ele>1450</ele></trkpt>
      <trkpt lat="46.759967" lon="10.529490"><ele>1452</ele></trkpt>
      <trkpt lat="46.760059" lon="10.529499"><ele>1452</ele></trkpt>
      <trkpt lat="46.760160" lon="10.529498"><ele>1452</ele></trkpt>
      <trkpt lat="46.760686" lon="10.529411"><ele>1450</ele></trkpt>
      <trkpt lat="46.760800" lon="10.529400"><ele>1451</ele></trkpt>
      <trkpt lat="46.760908" lon="10.529405"><ele>1451</ele></trkpt>
      <trkpt lat="46.761018" lon="10.529423"><ele>1451</ele></trkpt>
      <trkpt lat="46.761133" lon="10.529460"><ele>1451</ele></trkpt>
      <trkpt lat="46.761250" lon="10.529509"><ele>1451</ele></trkpt>
      <trkpt lat="46.761327" lon="10.529559"><ele>1451</ele></trkpt>
      <trkpt lat="46.761483" lon="10.529691"><ele>1450</ele></trkpt>
      <trkpt lat="46.761545" lon="10.529720"><ele>1450</ele></trkpt>
      <trkpt lat="46.761809" lon="10.529711"><ele>1451</ele></trkpt>
      <trkpt lat="46.761872" lon="10.529732"><ele>1451</ele></trkpt>
      <trkpt lat="46.761965" lon="10.529779"><ele>1452</ele></trkpt>
      <trkpt lat="46.762057" lon="10.529837"><ele>1454</ele></trkpt>
      <trkpt lat="46.762127" lon="10.529899"><ele>1454</ele></trkpt>
      <trkpt lat="46.762396" lon="10.530191"><ele>1453</ele></trkpt>
      <trkpt lat="46.762484" lon="10.530270"><ele>1452</ele></trkpt>
      <trkpt lat="46.762560" lon="10.530313"><ele>1452</ele></trkpt>
      <trkpt lat="46.762755" lon="10.530386"><ele>1452</ele></trkpt>
      <trkpt lat="46.763212" lon="10.530506"><ele>1452</ele></trkpt>
      <trkpt lat="46.763350" lon="10.530583"><ele>1452</ele></trkpt>
      <trkpt lat="46.763437" lon="10.530602"><ele>1452</ele></trkpt>
      <trkpt lat="46.763482" lon="10.530596"><ele>1452</ele></trkpt>
      <trkpt lat="46.763602" lon="10.530572"><ele>1453</ele></trkpt>
      <trkpt lat="46.763724" lon="10.530531"><ele>1454</ele></trkpt>
      <trkpt lat="46.763885" lon="10.530497"><ele>1456</ele></trkpt>
      <trkpt lat="46.764044" lon="10.530484"><ele>1459</ele></trkpt>
      <trkpt lat="46.764107" lon="10.530502"><ele>1459</ele></trkpt>
      <trkpt lat="46.764206" lon="10.530571"><ele>1458</ele></trkpt>
      <trkpt lat="46.764260" lon="10.530627"><ele>1459</ele></trkpt>
      <trkpt lat="46.764308" lon="10.530721"><ele>1459</ele></trkpt>
      <trkpt lat="46.764315" lon="10.530762"><ele>1458</ele></trkpt>
      <trkpt lat="46.764332" lon="10.530869"><ele>1456</ele></trkpt>
      <trkpt lat="46.764332" lon="10.531022"><ele>1456</ele></trkpt>
      <trkpt lat="46.764334" lon="10.531225"><ele>1454</ele></trkpt>
      <trkpt lat="46.764304" lon="10.531372"><ele>1453</ele></trkpt>
      <trkpt lat="46.764281" lon="10.531474"><ele>1454</ele></trkpt>
      <trkpt lat="46.764271" lon="10.531551"><ele>1454</ele></trkpt>
      <trkpt lat="46.764247" lon="10.531684"><ele>1456</ele></trkpt>
      <trkpt lat="46.764252" lon="10.531833"><ele>1458</ele></trkpt>
      <trkpt lat="46.764261" lon="10.532036"><ele>1460</ele></trkpt>
      <trkpt lat="46.764248" lon="10.532382"><ele>1461</ele></trkpt>
      <trkpt lat="46.764242" lon="10.532533"><ele>1462</ele></trkpt>
      <trkpt lat="46.764202" lon="10.532733"><ele>1463</ele></trkpt>
      <trkpt lat="46.764195" lon="10.532816"><ele>1463</ele></trkpt>
      <trkpt lat="46.764200" lon="10.532898"><ele>1464</ele></trkpt>
      <trkpt lat="46.764237" lon="10.533002"><ele>1464</ele></trkpt>
      <trkpt lat="46.764345" lon="10.532823"><ele>1464</ele></trkpt>
      <trkpt lat="46.764446" lon="10.532696"><ele>1464</ele></trkpt>
      <trkpt lat="46.764640" lon="10.532543"><ele>1464</ele></trkpt>
      <trkpt lat="46.764910" lon="10.532366"><ele>1464</ele></trkpt>
      <trkpt lat="46.765016" lon="10.532275"><ele>1463</ele></trkpt>
      <trkpt lat="46.765136" lon="10.532209"><ele>1463</ele></trkpt>
      <trkpt lat="46.765170" lon="10.532191"><ele>1463</ele></trkpt>
      <trkpt lat="46.765232" lon="10.532157"><ele>1464</ele></trkpt>
      <trkpt lat="46.765500" lon="10.532050"><ele>1464</ele></trkpt>
      <trkpt lat="46.765637" lon="10.532022"><ele>1464</ele></trkpt>
      <trkpt lat="46.765854" lon="10.531994"><ele>1465</ele></trkpt>
      <trkpt lat="46.765982" lon="10.531956"><ele>1466</ele></trkpt>
      <trkpt lat="46.766087" lon="10.531908"><ele>1466</ele></trkpt>
      <trkpt lat="46.766183" lon="10.531863"><ele>1466</ele></trkpt>
      <trkpt lat="46.766240" lon="10.531845"><ele>1466</ele></trkpt>
      <trkpt lat="46.766324" lon="10.531820"><ele>1466</ele></trkpt>
      <trkpt lat="46.766496" lon="10.531787"><ele>1466</ele></trkpt>
      <trkpt lat="46.766548" lon="10.531639"><ele>1465</ele></trkpt>
      <trkpt lat="46.766588" lon="10.531523"><ele>1464</ele></trkpt>
      <trkpt lat="46.766610" lon="10.531472"><ele>1464</ele></trkpt>
      <trkpt lat="46.766742" lon="10.531265"><ele>1463</ele></trkpt>
      <trkpt lat="46.766815" lon="10.531153"><ele>1462</ele></trkpt>
      <trkpt lat="46.766903" lon="10.531035"><ele>1462</ele></trkpt>
      <trkpt lat="46.767171" lon="10.530758"><ele>1464</ele></trkpt>
      <trkpt lat="46.767224" lon="10.530680"><ele>1464</ele></trkpt>
      <trkpt lat="46.767448" lon="10.530230"><ele>1466</ele></trkpt>
      <trkpt lat="46.767572" lon="10.530160"><ele>1466</ele></trkpt>
      <trkpt lat="46.767717" lon="10.530110"><ele>1466</ele></trkpt>
      <trkpt lat="46.767855" lon="10.529990"><ele>1467</ele></trkpt>
      <trkpt lat="46.768047" lon="10.529890"><ele>1467</ele></trkpt>
      <trkpt lat="46.768190" lon="10.529827"><ele>1468</ele></trkpt>
      <trkpt lat="46.768304" lon="10.529797"><ele>1468</ele></trkpt>
      <trkpt lat="46.768778" lon="10.529723"><ele>1470</ele></trkpt>
      <trkpt lat="46.768792" lon="10.529715"><ele>1470</ele></trkpt>
      <trkpt lat="46.768865" lon="10.529671"><ele>1471</ele></trkpt>
      <trkpt lat="46.769009" lon="10.529450"><ele>1475</ele></trkpt>
      <trkpt lat="46.769057" lon="10.529395"><ele>1476</ele></trkpt>
      <trkpt lat="46.769113" lon="10.529365"><ele>1477</ele></trkpt>
      <trkpt lat="46.769224" lon="10.529349"><ele>1477</ele></trkpt>
      <trkpt lat="46.769359" lon="10.529371"><ele>1475</ele></trkpt>
      <trkpt lat="46.769447" lon="10.529399"><ele>1474</ele></trkpt>
      <trkpt lat="46.769362" lon="10.529793"><ele>1472</ele></trkpt>
      <trkpt lat="46.769310" lon="10.530131"><ele>1468</ele></trkpt>
      <trkpt lat="46.769266" lon="10.530628"><ele>1466</ele></trkpt>
      <trkpt lat="46.769095" lon="10.532508"><ele>1477</ele></trkpt>
      <trkpt lat="46.769079" lon="10.532572"><ele>1477</ele></trkpt>
      <trkpt lat="46.769059" lon="10.532619"><ele>1477</ele></trkpt>
      <trkpt lat="46.769107" lon="10.532639"><ele>1477</ele></trkpt>
      <trkpt lat="46.769868" lon="10.532568"><ele>1478</ele></trkpt>
      <trkpt lat="46.770372" lon="10.532502"><ele>1478</ele></trkpt>
      <trkpt lat="46.771324" lon="10.532354"><ele>1480</ele></trkpt>
      <trkpt lat="46.771684" lon="10.532327"><ele>1481</ele></trkpt>
      <trkpt lat="46.771937" lon="10.532278"><ele>1480</ele></trkpt>
      <trkpt lat="46.772573" lon="10.532251"><ele>1480</ele></trkpt>
      <trkpt lat="46.772967" lon="10.532266"><ele>1480</ele></trkpt>
      <trkpt lat="46.773182" lon="10.532299"><ele>1480</ele></trkpt>
      <trkpt lat="46.773557" lon="10.532325"><ele>1483</ele></trkpt>
      <trkpt lat="46.773630" lon="10.532372"><ele>1484</ele></trkpt>
      <trkpt lat="46.773674" lon="10.532447"><ele>1485</ele></trkpt>
      <trkpt lat="46.773695" lon="10.532547"><ele>1486</ele></trkpt>
      <trkpt lat="46.773846" lon="10.533926"><ele>1495</ele></trkpt>
      <trkpt lat="46.773862" lon="10.534113"><ele>1496</ele></trkpt>
      <trkpt lat="46.773859" lon="10.534249"><ele>1498</ele></trkpt>
      <trkpt lat="46.773834" lon="10.534383"><ele>1499</ele></trkpt>
      <trkpt lat="46.773769" lon="10.534633"><ele>1501</ele></trkpt>
      <trkpt lat="46.773773" lon="10.534695"><ele>1501</ele></trkpt>
      <trkpt lat="46.773825" lon="10.534723"><ele>1502</ele></trkpt>
      <trkpt lat="46.773909" lon="10.534716"><ele>1502</ele></trkpt>
      <trkpt lat="46.773994" lon="10.534733"><ele>1502</ele></trkpt>
      <trkpt lat="46.774068" lon="10.534747"><ele>1502</ele></trkpt>
      <trkpt lat="46.774249" lon="10.534786"><ele>1501</ele></trkpt>
      <trkpt lat="46.774536" lon="10.534751"><ele>1501</ele></trkpt>
      <trkpt lat="46.774792" lon="10.534685"><ele>1500</ele></trkpt>
      <trkpt lat="46.774942" lon="10.534705"><ele>1500</ele></trkpt>
      <trkpt lat="46.775194" lon="10.534603"><ele>1499</ele></trkpt>
      <trkpt lat="46.775388" lon="10.534541"><ele>1498</ele></trkpt>
      <trkpt lat="46.775496" lon="10.534512"><ele>1498</ele></trkpt>
      <trkpt lat="46.775603" lon="10.534515"><ele>1498</ele></trkpt>
      <trkpt lat="46.775911" lon="10.534588"><ele>1498</ele></trkpt>
      <trkpt lat="46.776071" lon="10.534601"><ele>1498</ele></trkpt>
      <trkpt lat="46.776234" lon="10.534659"><ele>1498</ele></trkpt>
      <trkpt lat="46.776479" lon="10.534781"><ele>1498</ele></trkpt>
      <trkpt lat="46.776621" lon="10.534875"><ele>1498</ele></trkpt>
      <trkpt lat="46.776778" lon="10.534959"><ele>1498</ele></trkpt>
      <trkpt lat="46.776909" lon="10.535014"><ele>1497</ele></trkpt>
      <trkpt lat="46.777252" lon="10.535125"><ele>1497</ele></trkpt>
      <trkpt lat="46.777441" lon="10.535200"><ele>1498</ele></trkpt>
      <trkpt lat="46.777560" lon="10.535224"><ele>1498</ele></trkpt>
      <trkpt lat="46.777698" lon="10.535231"><ele>1498</ele></trkpt>
      <trkpt lat="46.777819" lon="10.535223"><ele>1498</ele></trkpt>
      <trkpt lat="46.777928" lon="10.535227"><ele>1498</ele></trkpt>
      <trkpt lat="46.778027" lon="10.535244"><ele>1498</ele></trkpt>
      <trkpt lat="46.778113" lon="10.535292"><ele>1498</ele></trkpt>
      <trkpt lat="46.778250" lon="10.535431"><ele>1498</ele></trkpt>
      <trkpt lat="46.778403" lon="10.535662"><ele>1499</ele></trkpt>
      <trkpt lat="46.778508" lon="10.535783"><ele>1498</ele></trkpt>
      <trkpt lat="46.778625" lon="10.535867"><ele>1498</ele></trkpt>
      <trkpt lat="46.778865" lon="10.536064"><ele>1498</ele></trkpt>
      <trkpt lat="46.779089" lon="10.536291"><ele>1499</ele></trkpt>
      <trkpt lat="46.779226" lon="10.536480"><ele>1499</ele></trkpt>
      <trkpt lat="46.779310" lon="10.536568"><ele>1499</ele></trkpt>
      <trkpt lat="46.779598" lon="10.536640"><ele>1498</ele></trkpt>
      <trkpt lat="46.779679" lon="10.536682"><ele>1499</ele></trkpt>
      <trkpt lat="46.779855" lon="10.536834"><ele>1500</ele></trkpt>
      <trkpt lat="46.779900" lon="10.536853"><ele>1499</ele></trkpt>
      <trkpt lat="46.779966" lon="10.536860"><ele>1499</ele></trkpt>
      <trkpt lat="46.780006" lon="10.536874"><ele>1499</ele></trkpt>
      <trkpt lat="46.780043" lon="10.536905"><ele>1499</ele></trkpt>
      <trkpt lat="46.780139" lon="10.537022"><ele>1499</ele></trkpt>
      <trkpt lat="46.780240" lon="10.537235"><ele>1500</ele></trkpt>
      <trkpt lat="46.780282" lon="10.537298"><ele>1500</ele></trkpt>
      <trkpt lat="46.780355" lon="10.537368"><ele>1500</ele></trkpt>
      <trkpt lat="46.780615" lon="10.537484"><ele>1500</ele></trkpt>
      <trkpt lat="46.780689" lon="10.537500"><ele>1500</ele></trkpt>
      <trkpt lat="46.780726" lon="10.537527"><ele>1499</ele></trkpt>
      <trkpt lat="46.780994" lon="10.538222"><ele>1499</ele></trkpt>
      <trkpt lat="46.781049" lon="10.538293"><ele>1499</ele></trkpt>
      <trkpt lat="46.781112" lon="10.538319"><ele>1499</ele></trkpt>
      <trkpt lat="46.781166" lon="10.538353"><ele>1498</ele></trkpt>
      <trkpt lat="46.781198" lon="10.538400"><ele>1498</ele></trkpt>
      <trkpt lat="46.781281" lon="10.538670"><ele>1499</ele></trkpt>
      <trkpt lat="46.781335" lon="10.538705"><ele>1498</ele></trkpt>
      <trkpt lat="46.781403" lon="10.538727"><ele>1498</ele></trkpt>
      <trkpt lat="46.781455" lon="10.538760"><ele>1498</ele></trkpt>
      <trkpt lat="46.781582" lon="10.538926"><ele>1498</ele></trkpt>
      <trkpt lat="46.781676" lon="10.539165"><ele>1499</ele></trkpt>
      <trkpt lat="46.781723" lon="10.539254"><ele>1498</ele></trkpt>
      <trkpt lat="46.781870" lon="10.539484"><ele>1498</ele></trkpt>
      <trkpt lat="46.781941" lon="10.539569"><ele>1498</ele></trkpt>
      <trkpt lat="46.782007" lon="10.539674"><ele>1498</ele></trkpt>
      <trkpt lat="46.782133" lon="10.539938"><ele>1498</ele></trkpt>
      <trkpt lat="46.782331" lon="10.540203"><ele>1499</ele></trkpt>
      <trkpt lat="46.782348" lon="10.540208"><ele>1499</ele></trkpt>
      <trkpt lat="46.782407" lon="10.540227"><ele>1499</ele></trkpt>
      <trkpt lat="46.782531" lon="10.540314"><ele>1498</ele></trkpt>
      <trkpt lat="46.782561" lon="10.540364"><ele>1498</ele></trkpt>
      <trkpt lat="46.782615" lon="10.540483"><ele>1499</ele></trkpt>
      <trkpt lat="46.782674" lon="10.540582"><ele>1499</ele></trkpt>
      <trkpt lat="46.782738" lon="10.540668"><ele>1500</ele></trkpt>
      <trkpt lat="46.782814" lon="10.540743"><ele>1500</ele></trkpt>
      <trkpt lat="46.783186" lon="10.541112"><ele>1500</ele></trkpt>
      <trkpt lat="46.783590" lon="10.541493"><ele>1501</ele></trkpt>
      <trkpt lat="46.784136" lon="10.542175"><ele>1502</ele></trkpt>
      <trkpt lat="46.784219" lon="10.542244"><ele>1502</ele></trkpt>
      <trkpt lat="46.784284" lon="10.542279"><ele>1501</ele></trkpt>
      <trkpt lat="46.784425" lon="10.542317"><ele>1501</ele></trkpt>
      <trkpt lat="46.784567" lon="10.542325"><ele>1501</ele></trkpt>
      <trkpt lat="46.784720" lon="10.542303"><ele>1502</ele></trkpt>
      <trkpt lat="46.784763" lon="10.542302"><ele>1502</ele></trkpt>
      <trkpt lat="46.785482" lon="10.542090"><ele>1496</ele></trkpt>
      <trkpt lat="46.786135" lon="10.541912"><ele>1497</ele></trkpt>
      <trkpt lat="46.786200" lon="10.541868"><ele>1497</ele></trkpt>
      <trkpt lat="46.786252" lon="10.541852"><ele>1497</ele></trkpt>
      <trkpt lat="46.787284" lon="10.541585"><ele>1498</ele></trkpt>
      <trkpt lat="46.787624" lon="10.541501"><ele>1498</ele></trkpt>
      <trkpt lat="46.787740" lon="10.541471"><ele>1498</ele></trkpt>
      <trkpt lat="46.787959" lon="10.541405"><ele>1498</ele></trkpt>
      <trkpt lat="46.788202" lon="10.541337"><ele>1499</ele></trkpt>
      <trkpt lat="46.788373" lon="10.541300"><ele>1499</ele></trkpt>
      <trkpt lat="46.789060" lon="10.541206"><ele>1500</ele></trkpt>
      <trkpt lat="46.789401" lon="10.541171"><ele>1500</ele></trkpt>
      <trkpt lat="46.789758" lon="10.541185"><ele>1499</ele></trkpt>
      <trkpt lat="46.789966" lon="10.541235"><ele>1499</ele></trkpt>
      <trkpt lat="46.790211" lon="10.541327"><ele>1499</ele></trkpt>
      <trkpt lat="46.790484" lon="10.541427"><ele>1499</ele></trkpt>
      <trkpt lat="46.790741" lon="10.541526"><ele>1499</ele></trkpt>
      <trkpt lat="46.790807" lon="10.541551"><ele>1499</ele></trkpt>
      <trkpt lat="46.790906" lon="10.541588"><ele>1500</ele></trkpt>
      <trkpt lat="46.790943" lon="10.541594"><ele>1500</ele></trkpt>
      <trkpt lat="46.791234" lon="10.541557"><ele>1501</ele></trkpt>
      <trkpt lat="46.791487" lon="10.541526"><ele>1501</ele></trkpt>
      <trkpt lat="46.791745" lon="10.541502"><ele>1498</ele></trkpt>
      <trkpt lat="46.792259" lon="10.541424"><ele>1500</ele></trkpt>
      <trkpt lat="46.792337" lon="10.541427"><ele>1500</ele></trkpt>
      <trkpt lat="46.792375" lon="10.541437"><ele>1500</ele></trkpt>
      <trkpt lat="46.792690" lon="10.541568"><ele>1500</ele></trkpt>
      <trkpt lat="46.792794" lon="10.541604"><ele>1500</ele></trkpt>
      <trkpt lat="46.792922" lon="10.541646"><ele>1500</ele></trkpt>
      <trkpt lat="46.793019" lon="10.541666"><ele>1500</ele></trkpt>
      <trkpt lat="46.793086" lon="10.541668"><ele>1500</ele></trkpt>
      <trkpt lat="46.793183" lon="10.541655"><ele>1500</ele></trkpt>
      <trkpt lat="46.794012" lon="10.541372"><ele>1498</ele></trkpt>
      <trkpt lat="46.794092" lon="10.541356"><ele>1498</ele></trkpt>
      <trkpt lat="46.794209" lon="10.541352"><ele>1498</ele></trkpt>
      <trkpt lat="46.794296" lon="10.541367"><ele>1498</ele></trkpt>
      <trkpt lat="46.794429" lon="10.541411"><ele>1499</ele></trkpt>
      <trkpt lat="46.795657" lon="10.541854"><ele>1500</ele></trkpt>
      <trkpt lat="46.795778" lon="10.541868"><ele>1500</ele></trkpt>
      <trkpt lat="46.795940" lon="10.541917"><ele>1501</ele></trkpt>
      <trkpt lat="46.796164" lon="10.541925"><ele>1501</ele></trkpt>
      <trkpt lat="46.796222" lon="10.541918"><ele>1501</ele></trkpt>
      <trkpt lat="46.796259" lon="10.541897"><ele>1501</ele></trkpt>
      <trkpt lat="46.796298" lon="10.541837"><ele>1501</ele></trkpt>
      <trkpt lat="46.796319" lon="10.541781"><ele>1501</ele></trkpt>
      <trkpt lat="46.796340" lon="10.541647"><ele>1501</ele></trkpt>
      <trkpt lat="46.796461" lon="10.540943"><ele>1500</ele></trkpt>
      <trkpt lat="46.796489" lon="10.540719"><ele>1500</ele></trkpt>
      <trkpt lat="46.796497" lon="10.540381"><ele>1500</ele></trkpt>
      <trkpt lat="46.796507" lon="10.540326"><ele>1500</ele></trkpt>
      <trkpt lat="46.796530" lon="10.540277"><ele>1499</ele></trkpt>
      <trkpt lat="46.796567" lon="10.540247"><ele>1499</ele></trkpt>
      <trkpt lat="46.796618" lon="10.540245"><ele>1498</ele></trkpt>
      <trkpt lat="46.796922" lon="10.540294"><ele>1499</ele></trkpt>
      <trkpt lat="46.797023" lon="10.540302"><ele>1499</ele></trkpt>
      <trkpt lat="46.797099" lon="10.540302"><ele>1499</ele></trkpt>
      <trkpt lat="46.797434" lon="10.540266"><ele>1499</ele></trkpt>
      <trkpt lat="46.797925" lon="10.540101"><ele>1498</ele></trkpt>
      <trkpt lat="46.798581" lon="10.540024"><ele>1499</ele></trkpt>
      <trkpt lat="46.798978" lon="10.539899"><ele>1498</ele></trkpt>
      <trkpt lat="46.799332" lon="10.539753"><ele>1499</ele></trkpt>
      <trkpt lat="46.799474" lon="10.539671"><ele>1498</ele></trkpt>
      <trkpt lat="46.799959" lon="10.539269"><ele>1498</ele></trkpt>
      <trkpt lat="46.800123" lon="10.539169"><ele>1499</ele></trkpt>
      <trkpt lat="46.800548" lon="10.539023"><ele>1498</ele></trkpt>
      <trkpt lat="46.800675" lon="10.538948"><ele>1498</ele></trkpt>
      <trkpt lat="46.800955" lon="10.538717"><ele>1498</ele></trkpt>
      <trkpt lat="46.801142" lon="10.538599"><ele>1499</ele></trkpt>
      <trkpt lat="46.801589" lon="10.538373"><ele>1498</ele></trkpt>
      <trkpt lat="46.801761" lon="10.538328"><ele>1498</ele></trkpt>
      <trkpt lat="46.801934" lon="10.538317"><ele>1498</ele></trkpt>
      <trkpt lat="46.802095" lon="10.538283"><ele>1498</ele></trkpt>
      <trkpt lat="46.802257" lon="10.538238"><ele>1498</ele></trkpt>
      <trkpt lat="46.802862" lon="10.537969"><ele>1498</ele></trkpt>
      <trkpt lat="46.803021" lon="10.537929"><ele>1498</ele></trkpt>
      <trkpt lat="46.803138" lon="10.537929"><ele>1498</ele></trkpt>
      <trkpt lat="46.803276" lon="10.537962"><ele>1497</ele></trkpt>
      <trkpt lat="46.803384" lon="10.538054"><ele>1498</ele></trkpt>
      <trkpt lat="46.803444" lon="10.538161"><ele>1497</ele></trkpt>
      <trkpt lat="46.803488" lon="10.538421"><ele>1497</ele></trkpt>
      <trkpt lat="46.803498" lon="10.538625"><ele>1498</ele></trkpt>
      <trkpt lat="46.803485" lon="10.538848"><ele>1498</ele></trkpt>
      <trkpt lat="46.803487" lon="10.539102"><ele>1498</ele></trkpt>
      <trkpt lat="46.803510" lon="10.539280"><ele>1498</ele></trkpt>
      <trkpt lat="46.803572" lon="10.539497"><ele>1498</ele></trkpt>
      <trkpt lat="46.803690" lon="10.539746"><ele>1500</ele></trkpt>
      <trkpt lat="46.803817" lon="10.539928"><ele>1500</ele></trkpt>
      <trkpt lat="46.803950" lon="10.540081"><ele>1500</ele></trkpt>
      <trkpt lat="46.804030" lon="10.540147"><ele>1500</ele></trkpt>
      <trkpt lat="46.804180" lon="10.540125"><ele>1499</ele></trkpt>
      <trkpt lat="46.804259" lon="10.540114"><ele>1499</ele></trkpt>
      <trkpt lat="46.804376" lon="10.540107"><ele>1498</ele></trkpt>
      <trkpt lat="46.804487" lon="10.540099"><ele>1498</ele></trkpt>
      <trkpt lat="46.804577" lon="10.540077"><ele>1498</ele></trkpt>
      <trkpt lat="46.805518" lon="10.540056"><ele>1499</ele></trkpt>
      <trkpt lat="46.805582" lon="10.540074"><ele>1498</ele></trkpt>
      <trkpt lat="46.805633" lon="10.540105"><ele>1498</ele></trkpt>
      <trkpt lat="46.805681" lon="10.540168"><ele>1498</ele></trkpt>
      <trkpt lat="46.805716" lon="10.540308"><ele>1497</ele></trkpt>
      <trkpt lat="46.805734" lon="10.540475"><ele>1497</ele></trkpt>
      <trkpt lat="46.805783" lon="10.540783"><ele>1498</ele></trkpt>
      <trkpt lat="46.805815" lon="10.540890"><ele>1499</ele></trkpt>
      <trkpt lat="46.805855" lon="10.540977"><ele>1499</ele></trkpt>
      <trkpt lat="46.805910" lon="10.541009"><ele>1499</ele></trkpt>
      <trkpt lat="46.806020" lon="10.540994"><ele>1499</ele></trkpt>
      <trkpt lat="46.806060" lon="10.540998"><ele>1499</ele></trkpt>
      <trkpt lat="46.806096" lon="10.541018"><ele>1499</ele></trkpt>
      <trkpt lat="46.806128" lon="10.540583"><ele>1499</ele></trkpt>
      <trkpt lat="46.806123" lon="10.540325"><ele>1499</ele></trkpt>
      <trkpt lat="46.806122" lon="10.540091"><ele>1499</ele></trkpt>
      <trkpt lat="46.806164" lon="10.539948"><ele>1498</ele></trkpt>
      <trkpt lat="46.806192" lon="10.539915"><ele>1498</ele></trkpt>
      <trkpt lat="46.806236" lon="10.539892"><ele>1498</ele></trkpt>
      <trkpt lat="46.806735" lon="10.539727"><ele>1499</ele></trkpt>
      <trkpt lat="46.806973" lon="10.539617"><ele>1499</ele></trkpt>
      <trkpt lat="46.807213" lon="10.539520"><ele>1499</ele></trkpt>
      <trkpt lat="46.807479" lon="10.539362"><ele>1499</ele></trkpt>
      <trkpt lat="46.807787" lon="10.539163"><ele>1499</ele></trkpt>
      <trkpt lat="46.808129" lon="10.538971"><ele>1499</ele></trkpt>
      <trkpt lat="46.808465" lon="10.538754"><ele>1502</ele></trkpt>
      <trkpt lat="46.808535" lon="10.538607"><ele>1501</ele></trkpt>
      <trkpt lat="46.808641" lon="10.538466"><ele>1501</ele></trkpt>
      <trkpt lat="46.809301" lon="10.537800"><ele>1499</ele></trkpt>
      <trkpt lat="46.809340" lon="10.537790"><ele>1499</ele></trkpt>
      <trkpt lat="46.809375" lon="10.537795"><ele>1499</ele></trkpt>
      <trkpt lat="46.809427" lon="10.537823"><ele>1499</ele></trkpt>
      <trkpt lat="46.809486" lon="10.537879"><ele>1500</ele></trkpt>
      <trkpt lat="46.809643" lon="10.537429"><ele>1498</ele></trkpt>
      <trkpt lat="46.810024" lon="10.537506"><ele>1499</ele></trkpt>
      <trkpt lat="46.810139" lon="10.537548"><ele>1498</ele></trkpt>
      <trkpt lat="46.810431" lon="10.537705"><ele>1498</ele></trkpt>
      <trkpt lat="46.810545" lon="10.537763"><ele>1500</ele></trkpt>
      <trkpt lat="46.810643" lon="10.537781"><ele>1500</ele></trkpt>
      <trkpt lat="46.810712" lon="10.537776"><ele>1500</ele></trkpt>
      <trkpt lat="46.810840" lon="10.537743"><ele>1499</ele></trkpt>
      <trkpt lat="46.810940" lon="10.537650"><ele>1498</ele></trkpt>
      <trkpt lat="46.811142" lon="10.537488"><ele>1499</ele></trkpt>
      <trkpt lat="46.811244" lon="10.537381"><ele>1499</ele></trkpt>
      <trkpt lat="46.811370" lon="10.537206"><ele>1500</ele></trkpt>
      <trkpt lat="46.811453" lon="10.537131"><ele>1502</ele></trkpt>
      <trkpt lat="46.811727" lon="10.536389"><ele>1500</ele></trkpt>
      <trkpt lat="46.811899" lon="10.536062"><ele>1500</ele></trkpt>
      <trkpt lat="46.812085" lon="10.535743"><ele>1499</ele></trkpt>
      <trkpt lat="46.812289" lon="10.535478"><ele>1500</ele></trkpt>
      <trkpt lat="46.812708" lon="10.534996"><ele>1499</ele></trkpt>
      <trkpt lat="46.813169" lon="10.534511"><ele>1500</ele></trkpt>
      <trkpt lat="46.813350" lon="10.534287"><ele>1501</ele></trkpt>
      <trkpt lat="46.814000" lon="10.533273"><ele>1502</ele></trkpt>
      <trkpt lat="46.814123" lon="10.533040"><ele>1499</ele></trkpt>
      <trkpt lat="46.814285" lon="10.532834"><ele>1500</ele></trkpt>
      <trkpt lat="46.814459" lon="10.532512"><ele>1500</ele></trkpt>
      <trkpt lat="46.814594" lon="10.532312"><ele>1498</ele></trkpt>
      <trkpt lat="46.815736" lon="10.531468"><ele>1500</ele></trkpt>
      <trkpt lat="46.815832" lon="10.531385"><ele>1501</ele></trkpt>
      <trkpt lat="46.815878" lon="10.531324"><ele>1499</ele></trkpt>
      <trkpt lat="46.815982" lon="10.531266"><ele>1499</ele></trkpt>
      <trkpt lat="46.816134" lon="10.531173"><ele>1499</ele></trkpt>
      <trkpt lat="46.816476" lon="10.530934"><ele>1496</ele></trkpt>
      <trkpt lat="46.816702" lon="10.530795"><ele>1498</ele></trkpt>
      <trkpt lat="46.817643" lon="10.530434"><ele>1500</ele></trkpt>
      <trkpt lat="46.817700" lon="10.530403"><ele>1500</ele></trkpt>
      <trkpt lat="46.817810" lon="10.530310"><ele>1501</ele></trkpt>
      <trkpt lat="46.817854" lon="10.530246"><ele>1500</ele></trkpt>
      <trkpt lat="46.817913" lon="10.530139"><ele>1500</ele></trkpt>
      <trkpt lat="46.817991" lon="10.529678"><ele>1499</ele></trkpt>
      <trkpt lat="46.818058" lon="10.529256"><ele>1499</ele></trkpt>
      <trkpt lat="46.818238" lon="10.528232"><ele>1498</ele></trkpt>
      <trkpt lat="46.818332" lon="10.527551"><ele>1499</ele></trkpt>
      <trkpt lat="46.818368" lon="10.527348"><ele>1498</ele></trkpt>
      <trkpt lat="46.818549" lon="10.526937"><ele>1499</ele></trkpt>
      <trkpt lat="46.818706" lon="10.526512"><ele>1498</ele></trkpt>
      <trkpt lat="46.818821" lon="10.526174"><ele>1498</ele></trkpt>
      <trkpt lat="46.818945" lon="10.525782"><ele>1498</ele></trkpt>
      <trkpt lat="46.819210" lon="10.525218"><ele>1499</ele></trkpt>
      <trkpt lat="46.819453" lon="10.524758"><ele>1499</ele></trkpt>
      <trkpt lat="46.819679" lon="10.524365"><ele>1499</ele></trkpt>
      <trkpt lat="46.820006" lon="10.523899"><ele>1499</ele></trkpt>
      <trkpt lat="46.820797" lon="10.522876"><ele>1498</ele></trkpt>
      <trkpt lat="46.822142" lon="10.521705"><ele>1498</ele></trkpt>
      <trkpt lat="46.823610" lon="10.521069"><ele>1498</ele></trkpt>
      <trkpt lat="46.824699" lon="10.520631"><ele>1498</ele></trkpt>
      <trkpt lat="46.825076" lon="10.520518"><ele>1498</ele></trkpt>
      <trkpt lat="46.825561" lon="10.520433"><ele>1499</ele></trkpt>
      <trkpt lat="46.826100" lon="10.520292"><ele>1499</ele></trkpt>
      <trkpt lat="46.826252" lon="10.520254"><ele>1499</ele></trkpt>
      <trkpt lat="46.826350" lon="10.520192"><ele>1499</ele></trkpt>
      <trkpt lat="46.826397" lon="10.520143"><ele>1499</ele></trkpt>
      <trkpt lat="46.826830" lon="10.519594"><ele>1498</ele></trkpt>
      <trkpt lat="46.827030" lon="10.519790"><ele>1500</ele></trkpt>
      <trkpt lat="46.827089" lon="10.519595"><ele>1500</ele></trkpt>
      <trkpt lat="46.827157" lon="10.519394"><ele>1500</ele></trkpt>
      <trkpt lat="46.827198" lon="10.519274"><ele>1500</ele></trkpt>
      <trkpt lat="46.827398" lon="10.518704"><ele>1500</ele></trkpt>
      <trkpt lat="46.827450" lon="10.518492"><ele>1500</ele></trkpt>
      <trkpt lat="46.827509" lon="10.518212"><ele>1500</ele></trkpt>
      <trkpt lat="46.827563" lon="10.518023"><ele>1500</ele></trkpt>
      <trkpt lat="46.827650" lon="10.517829"><ele>1500</ele></trkpt>
      <trkpt lat="46.828398" lon="10.516304"><ele>1500</ele></trkpt>
      <trkpt lat="46.828570" lon="10.515921"><ele>1500</ele></trkpt>
      <trkpt lat="46.828692" lon="10.515653"><ele>1500</ele></trkpt>
      <trkpt lat="46.828940" lon="10.514979"><ele>1500</ele></trkpt>
      <trkpt lat="46.829045" lon="10.514735"><ele>1501</ele></trkpt>
      <trkpt lat="46.829067" lon="10.514646"><ele>1501</ele></trkpt>
      <trkpt lat="46.829206" lon="10.514408"><ele>1500</ele></trkpt>
      <trkpt lat="46.829291" lon="10.514277"><ele>1500</ele></trkpt>
      <trkpt lat="46.829730" lon="10.513597"><ele>1500</ele></trkpt>
      <trkpt lat="46.829823" lon="10.513487"><ele>1500</ele></trkpt>
      <trkpt lat="46.830009" lon="10.513319"><ele>1500</ele></trkpt>
      <trkpt lat="46.830321" lon="10.513165"><ele>1502</ele></trkpt>
      <trkpt lat="46.830387" lon="10.513104"><ele>1502</ele></trkpt>
      <trkpt lat="46.830315" lon="10.513074"><ele>1501</ele></trkpt>
      <trkpt lat="46.830217" lon="10.512985"><ele>1500</ele></trkpt>
      <trkpt lat="46.830150" lon="10.512885"><ele>1500</ele></trkpt>
      <trkpt lat="46.830177" lon="10.512842"><ele>1500</ele></trkpt>
      <trkpt lat="46.830331" lon="10.512571"><ele>1500</ele></trkpt>
      <trkpt lat="46.830553" lon="10.512097"><ele>1500</ele></trkpt>
      <trkpt lat="46.830725" lon="10.511677"><ele>1500</ele></trkpt>
      <trkpt lat="46.830770" lon="10.511604"><ele>1501</ele></trkpt>
      <trkpt lat="46.830802" lon="10.511572"><ele>1501</ele></trkpt>
      <trkpt lat="46.830839" lon="10.511562"><ele>1501</ele></trkpt>
      <trkpt lat="46.831116" lon="10.511399"><ele>1502</ele></trkpt>
      <trkpt lat="46.831094" lon="10.511275"><ele>1502</ele></trkpt>
      <trkpt lat="46.831092" lon="10.511148"><ele>1502</ele></trkpt>
      <trkpt lat="46.831336" lon="10.510894"><ele>1504</ele></trkpt>
      <trkpt lat="46.831360" lon="10.510819"><ele>1505</ele></trkpt>
      <trkpt lat="46.831536" lon="10.510768"><ele>1504</ele></trkpt>
      <trkpt lat="46.832330" lon="10.510316"><ele>1508</ele></trkpt>
      <trkpt lat="46.832499" lon="10.510164"><ele>1510</ele></trkpt>
      <trkpt lat="46.832710" lon="10.510017"><ele>1511</ele></trkpt>
      <trkpt lat="46.833084" lon="10.509857"><ele>1512</ele></trkpt>
      <trkpt lat="46.833682" lon="10.509579"><ele>1513</ele></trkpt>
      <trkpt lat="46.833832" lon="10.509499"><ele>1513</ele></trkpt>
      <trkpt lat="46.833971" lon="10.509404"><ele>1513</ele></trkpt>
      <trkpt lat="46.834332" lon="10.509108"><ele>1513</ele></trkpt>
      <trkpt lat="46.834625" lon="10.508809"><ele>1513</ele></trkpt>
      <trkpt lat="46.834839" lon="10.508646"><ele>1513</ele></trkpt>
      <trkpt lat="46.835017" lon="10.508582"><ele>1512</ele></trkpt>
      <trkpt lat="46.835975" lon="10.508321"><ele>1506</ele></trkpt>
      <trkpt lat="46.836085" lon="10.508299"><ele>1505</ele></trkpt>
      <trkpt lat="46.836142" lon="10.508219"><ele>1505</ele></trkpt>
      <trkpt lat="46.836155" lon="10.508196"><ele>1505</ele></trkpt>
      <trkpt lat="46.836274" lon="10.507998"><ele>1505</ele></trkpt>
      <trkpt lat="46.836335" lon="10.507937"><ele>1505</ele></trkpt>
      <trkpt lat="46.837150" lon="10.507331"><ele>1499</ele></trkpt>
      <trkpt lat="46.837680" lon="10.506896"><ele>1495</ele></trkpt>
      <trkpt lat="46.838031" lon="10.506646"><ele>1493</ele></trkpt>
      <trkpt lat="46.838580" lon="10.506215"><ele>1488</ele></trkpt>
      <trkpt lat="46.838732" lon="10.506117"><ele>1487</ele></trkpt>
      <trkpt lat="46.839403" lon="10.505746"><ele>1483</ele></trkpt>
      <trkpt lat="46.840705" lon="10.505189"><ele>1476</ele></trkpt>
      <trkpt lat="46.840777" lon="10.505133"><ele>1476</ele></trkpt>
      <trkpt lat="46.840831" lon="10.505080"><ele>1476</ele></trkpt>
      <trkpt lat="46.840930" lon="10.504936"><ele>1476</ele></trkpt>
      <trkpt lat="46.840961" lon="10.504898"><ele>1476</ele></trkpt>
      <trkpt lat="46.841079" lon="10.504790"><ele>1475</ele></trkpt>
      <trkpt lat="46.841249" lon="10.504738"><ele>1475</ele></trkpt>
      <trkpt lat="46.841409" lon="10.504703"><ele>1475</ele></trkpt>
      <trkpt lat="46.841576" lon="10.504754"><ele>1475</ele></trkpt>
      <trkpt lat="46.841646" lon="10.504812"><ele>1474</ele></trkpt>
      <trkpt lat="46.841667" lon="10.504845"><ele>1474</ele></trkpt>
      <trkpt lat="46.841684" lon="10.504885"><ele>1474</ele></trkpt>
      <trkpt lat="46.841691" lon="10.504983"><ele>1473</ele></trkpt>
      <trkpt lat="46.841679" lon="10.505160"><ele>1473</ele></trkpt>
      <trkpt lat="46.841673" lon="10.505228"><ele>1473</ele></trkpt>
      <trkpt lat="46.841520" lon="10.506613"><ele>1473</ele></trkpt>
      <trkpt lat="46.841486" lon="10.506827"><ele>1474</ele></trkpt>
      <trkpt lat="46.841453" lon="10.506977"><ele>1474</ele></trkpt>
      <trkpt lat="46.841511" lon="10.507029"><ele>1474</ele></trkpt>
      <trkpt lat="46.842550" lon="10.507112"><ele>1469</ele></trkpt>
      <trkpt lat="46.842903" lon="10.507128"><ele>1468</ele></trkpt>
      <trkpt lat="46.843205" lon="10.507105"><ele>1468</ele></trkpt>
      <trkpt lat="46.843463" lon="10.507071"><ele>1467</ele></trkpt>
      <trkpt lat="46.843647" lon="10.507019"><ele>1466</ele></trkpt>
      <trkpt lat="46.843752" lon="10.506979"><ele>1466</ele></trkpt>
      <trkpt lat="46.843799" lon="10.507000"><ele>1466</ele></trkpt>
      <trkpt lat="46.843823" lon="10.507061"><ele>1466</ele></trkpt>
      <trkpt lat="46.843876" lon="10.507133"><ele>1467</ele></trkpt>
      <trkpt lat="46.843920" lon="10.507180"><ele>1467</ele></trkpt>
      <trkpt lat="46.843976" lon="10.507201"><ele>1467</ele></trkpt>
      <trkpt lat="46.844068" lon="10.507220"><ele>1466</ele></trkpt>
      <trkpt lat="46.844766" lon="10.507196"><ele>1464</ele></trkpt>
      <trkpt lat="46.844976" lon="10.507198"><ele>1464</ele></trkpt>
      <trkpt lat="46.845282" lon="10.507173"><ele>1463</ele></trkpt>
      <trkpt lat="46.845393" lon="10.507141"><ele>1463</ele></trkpt>
      <trkpt lat="46.845451" lon="10.507115"><ele>1463</ele></trkpt>
      <trkpt lat="46.845536" lon="10.507053"><ele>1463</ele></trkpt>
      <trkpt lat="46.845592" lon="10.506990"><ele>1463</ele></trkpt>
      <trkpt lat="46.845922" lon="10.506512"><ele>1464</ele></trkpt>
      <trkpt lat="46.846119" lon="10.506254"><ele>1462</ele></trkpt>
      <trkpt lat="46.846273" lon="10.506079"><ele>1461</ele></trkpt>
      <trkpt lat="46.846373" lon="10.506030"><ele>1462</ele></trkpt>
      <trkpt lat="46.846473" lon="10.506005"><ele>1462</ele></trkpt>
      <trkpt lat="46.847686" lon="10.505795"><ele>1460</ele></trkpt>
      <trkpt lat="46.847963" lon="10.505769"><ele>1460</ele></trkpt>
      <trkpt lat="46.848143" lon="10.505729"><ele>1458</ele></trkpt>
      <trkpt lat="46.848282" lon="10.505717"><ele>1456</ele></trkpt>
      <trkpt lat="46.848756" lon="10.505777"><ele>1452</ele></trkpt>
      <trkpt lat="46.848901" lon="10.505777"><ele>1451</ele></trkpt>
      <trkpt lat="46.849126" lon="10.505739"><ele>1450</ele></trkpt>
      <trkpt lat="46.849190" lon="10.505842"><ele>1449</ele></trkpt>
      <trkpt lat="46.849161" lon="10.505968"><ele>1450</ele></trkpt>
      <trkpt lat="46.849370" lon="10.506280"><ele>1449</ele></trkpt>
      <trkpt lat="46.849690" lon="10.506728"><ele>1448</ele></trkpt>
      <trkpt lat="46.849831" lon="10.506888"><ele>1448</ele></trkpt>
      <trkpt lat="46.849963" lon="10.506963"><ele>1447</ele></trkpt>
      <trkpt lat="46.850158" lon="10.507029"><ele>1447</ele></trkpt>
      <trkpt lat="46.850350" lon="10.507070"><ele>1447</ele></trkpt>
      <trkpt lat="46.850596" lon="10.507108"><ele>1448</ele></trkpt>
      <trkpt lat="46.851146" lon="10.507175"><ele>1447</ele></trkpt>
      <trkpt lat="46.851190" lon="10.507184"><ele>1447</ele></trkpt>
      <trkpt lat="46.851444" lon="10.507308"><ele>1446</ele></trkpt>
      <trkpt lat="46.851648" lon="10.507418"><ele>1446</ele></trkpt>
      <trkpt lat="46.851829" lon="10.507540"><ele>1446</ele></trkpt>
      <trkpt lat="46.852013" lon="10.507692"><ele>1445</ele></trkpt>
      <trkpt lat="46.852176" lon="10.507845"><ele>1445</ele></trkpt>
      <trkpt lat="46.852407" lon="10.508083"><ele>1445</ele></trkpt>
      <trkpt lat="46.852601" lon="10.508269"><ele>1444</ele></trkpt>
      <trkpt lat="46.852854" lon="10.508469"><ele>1443</ele></trkpt>
      <trkpt lat="46.852994" lon="10.508549"><ele>1443</ele></trkpt>
      <trkpt lat="46.853143" lon="10.508616"><ele>1442</ele></trkpt>
      <trkpt lat="46.853312" lon="10.508660"><ele>1442</ele></trkpt>
      <trkpt lat="46.853774" lon="10.508723"><ele>1442</ele></trkpt>
      <trkpt lat="46.854098" lon="10.508747"><ele>1441</ele></trkpt>
      <trkpt lat="46.854299" lon="10.508771"><ele>1441</ele></trkpt>
      <trkpt lat="46.854514" lon="10.508771"><ele>1440</ele></trkpt>
      <trkpt lat="46.854672" lon="10.508804"><ele>1439</ele></trkpt>
      <trkpt lat="46.854966" lon="10.508948"><ele>1440</ele></trkpt>
      <trkpt lat="46.855166" lon="10.509032"><ele>1439</ele></trkpt>
      <trkpt lat="46.855388" lon="10.509078"><ele>1440</ele></trkpt>
      <trkpt lat="46.855682" lon="10.509095"><ele>1440</ele></trkpt>
      <trkpt lat="46.855978" lon="10.509091"><ele>1442</ele></trkpt>
      <trkpt lat="46.856370" lon="10.509055"><ele>1443</ele></trkpt>
      <trkpt lat="46.857024" lon="10.509057"><ele>1444</ele></trkpt>
      <trkpt lat="46.857280" lon="10.509070"><ele>1444</ele></trkpt>
      <trkpt lat="46.857464" lon="10.509097"><ele>1443</ele></trkpt>
      <trkpt lat="46.857877" lon="10.509220"><ele>1442</ele></trkpt>
      <trkpt lat="46.857921" lon="10.509236"><ele>1442</ele></trkpt>
      <trkpt lat="46.858219" lon="10.509364"><ele>1440</ele></trkpt>
      <trkpt lat="46.858441" lon="10.509483"><ele>1438</ele></trkpt>
      <trkpt lat="46.858915" lon="10.509766"><ele>1436</ele></trkpt>
      <trkpt lat="46.859060" lon="10.509842"><ele>1436</ele></trkpt>
      <trkpt lat="46.859364" lon="10.509925"><ele>1434</ele></trkpt>
      <trkpt lat="46.859587" lon="10.509953"><ele>1433</ele></trkpt>
      <trkpt lat="46.859826" lon="10.509972"><ele>1431</ele></trkpt>
      <trkpt lat="46.859980" lon="10.510024"><ele>1430</ele></trkpt>
      <trkpt lat="46.860382" lon="10.510212"><ele>1428</ele></trkpt>
      <trkpt lat="46.860537" lon="10.510311"><ele>1428</ele></trkpt>
      <trkpt lat="46.860699" lon="10.510461"><ele>1427</ele></trkpt>
      <trkpt lat="46.860839" lon="10.510590"><ele>1427</ele></trkpt>
      <trkpt lat="46.861106" lon="10.511199"><ele>1427</ele></trkpt>
      <trkpt lat="46.861180" lon="10.511332"><ele>1427</ele></trkpt>
      <trkpt lat="46.861276" lon="10.511445"><ele>1427</ele></trkpt>
      <trkpt lat="46.861378" lon="10.511512"><ele>1427</ele></trkpt>
      <trkpt lat="46.861519" lon="10.511570"><ele>1426</ele></trkpt>
      <trkpt lat="46.861634" lon="10.511594"><ele>1426</ele></trkpt>
      <trkpt lat="46.861749" lon="10.511600"><ele>1426</ele></trkpt>
      <trkpt lat="46.862119" lon="10.511553"><ele>1426</ele></trkpt>
      <trkpt lat="46.862277" lon="10.511532"><ele>1425</ele></trkpt>
      <trkpt lat="46.862408" lon="10.511527"><ele>1424</ele></trkpt>
      <trkpt lat="46.862537" lon="10.511537"><ele>1424</ele></trkpt>
      <trkpt lat="46.862649" lon="10.511562"><ele>1424</ele></trkpt>
      <trkpt lat="46.862848" lon="10.511648"><ele>1422</ele></trkpt>
      <trkpt lat="46.862993" lon="10.511726"><ele>1422</ele></trkpt>
      <trkpt lat="46.863080" lon="10.511783"><ele>1422</ele></trkpt>
      <trkpt lat="46.863225" lon="10.511904"><ele>1422</ele></trkpt>
      <trkpt lat="46.863315" lon="10.512018"><ele>1421</ele></trkpt>
      <trkpt lat="46.863397" lon="10.512185"><ele>1422</ele></trkpt>
      <trkpt lat="46.863477" lon="10.512408"><ele>1421</ele></trkpt>
      <trkpt lat="46.863514" lon="10.512492"><ele>1421</ele></trkpt>
      <trkpt lat="46.863549" lon="10.512547"><ele>1422</ele></trkpt>
      <trkpt lat="46.863588" lon="10.512588"><ele>1422</ele></trkpt>
      <trkpt lat="46.863631" lon="10.512621"><ele>1421</ele></trkpt>
      <trkpt lat="46.863672" lon="10.512635"><ele>1422</ele></trkpt>
      <trkpt lat="46.863718" lon="10.512637"><ele>1422</ele></trkpt>
      <trkpt lat="46.863778" lon="10.512627"><ele>1422</ele></trkpt>
      <trkpt lat="46.864808" lon="10.512303"><ele>1422</ele></trkpt>
      <trkpt lat="46.864956" lon="10.512267"><ele>1422</ele></trkpt>
      <trkpt lat="46.865113" lon="10.512255"><ele>1422</ele></trkpt>
      <trkpt lat="46.865229" lon="10.512253"><ele>1422</ele></trkpt>
      <trkpt lat="46.865350" lon="10.512274"><ele>1422</ele></trkpt>
      <trkpt lat="46.865872" lon="10.512436"><ele>1420</ele></trkpt>
      <trkpt lat="46.866009" lon="10.512451"><ele>1420</ele></trkpt>
      <trkpt lat="46.866407" lon="10.512400"><ele>1421</ele></trkpt>
      <trkpt lat="46.866498" lon="10.512408"><ele>1420</ele></trkpt>
      <trkpt lat="46.866600" lon="10.512436"><ele>1420</ele></trkpt>
      <trkpt lat="46.866820" lon="10.512542"><ele>1420</ele></trkpt>
      <trkpt lat="46.866895" lon="10.512549"><ele>1420</ele></trkpt>
      <trkpt lat="46.866984" lon="10.512535"><ele>1420</ele></trkpt>
      <trkpt lat="46.867309" lon="10.512448"><ele>1420</ele></trkpt>
      <trkpt lat="46.867493" lon="10.512380"><ele>1419</ele></trkpt>
      <trkpt lat="46.867710" lon="10.512321"><ele>1420</ele></trkpt>
      <trkpt lat="46.868115" lon="10.512275"><ele>1419</ele></trkpt>
      <trkpt lat="46.868290" lon="10.512236"><ele>1420</ele></trkpt>
      <trkpt lat="46.868484" lon="10.512146"><ele>1420</ele></trkpt>
      <trkpt lat="46.869559" lon="10.511529"><ele>1424</ele></trkpt>
      <trkpt lat="46.870280" lon="10.511059"><ele>1424</ele></trkpt>
      <trkpt lat="46.870677" lon="10.510816"><ele>1423</ele></trkpt>
      <trkpt lat="46.871394" lon="10.510457"><ele>1422</ele></trkpt>
      <trkpt lat="46.871708" lon="10.510316"><ele>1420</ele></trkpt>
      <trkpt lat="46.871797" lon="10.510277"><ele>1420</ele></trkpt>
      <trkpt lat="46.872131" lon="10.510135"><ele>1420</ele></trkpt>
      <trkpt lat="46.872247" lon="10.510117"><ele>1419</ele></trkpt>
      <trkpt lat="46.872367" lon="10.510126"><ele>1420</ele></trkpt>
      <trkpt lat="46.872584" lon="10.510161"><ele>1420</ele></trkpt>
      <trkpt lat="46.872672" lon="10.510178"><ele>1420</ele></trkpt>
      <trkpt lat="46.872826" lon="10.510186"><ele>1420</ele></trkpt>
      <trkpt lat="46.873009" lon="10.510167"><ele>1420</ele></trkpt>
      <trkpt lat="46.873358" lon="10.510113"><ele>1418</ele></trkpt>
      <trkpt lat="46.873765" lon="10.510017"><ele>1416</ele></trkpt>
      <trkpt lat="46.874065" lon="10.509944"><ele>1416</ele></trkpt>
      <trkpt lat="46.874168" lon="10.509935"><ele>1416</ele></trkpt>
      <trkpt lat="46.874254" lon="10.509935"><ele>1416</ele></trkpt>
      <trkpt lat="46.874356" lon="10.509954"><ele>1416</ele></trkpt>
      <trkpt lat="46.874460" lon="10.509963"><ele>1416</ele></trkpt>
      <trkpt lat="46.874561" lon="10.509951"><ele>1416</ele></trkpt>
      <trkpt lat="46.874681" lon="10.509886"><ele>1415</ele></trkpt>
      <trkpt lat="46.875014" lon="10.509651"><ele>1412</ele></trkpt>
      <trkpt lat="46.875132" lon="10.509576"><ele>1412</ele></trkpt>
      <trkpt lat="46.875186" lon="10.509555"><ele>1411</ele></trkpt>
      <trkpt lat="46.875293" lon="10.509512"><ele>1410</ele></trkpt>
      <trkpt lat="46.875762" lon="10.509359"><ele>1407</ele></trkpt>
      <trkpt lat="46.876099" lon="10.509211"><ele>1404</ele></trkpt>
      <trkpt lat="46.876537" lon="10.508943"><ele>1400</ele></trkpt>
      <trkpt lat="46.876654" lon="10.508883"><ele>1399</ele></trkpt>
      <trkpt lat="46.876842" lon="10.508827"><ele>1398</ele></trkpt>
      <trkpt lat="46.877342" lon="10.508742"><ele>1395</ele></trkpt>
      <trkpt lat="46.878126" lon="10.508557"><ele>1392</ele></trkpt>
      <trkpt lat="46.878428" lon="10.508507"><ele>1390</ele></trkpt>
      <trkpt lat="46.878935" lon="10.508469"><ele>1387</ele></trkpt>
      <trkpt lat="46.879046" lon="10.508449"><ele>1387</ele></trkpt>
      <trkpt lat="46.879098" lon="10.508434"><ele>1387</ele></trkpt>
      <trkpt lat="46.879276" lon="10.508383"><ele>1388</ele></trkpt>
      <trkpt lat="46.879487" lon="10.508287"><ele>1388</ele></trkpt>
      <trkpt lat="46.879826" lon="10.508088"><ele>1389</ele></trkpt>
      <trkpt lat="46.880011" lon="10.508002"><ele>1389</ele></trkpt>
      <trkpt lat="46.880221" lon="10.507936"><ele>1390</ele></trkpt>
      <trkpt lat="46.880532" lon="10.507884"><ele>1390</ele></trkpt>
      <trkpt lat="46.880771" lon="10.507830"><ele>1390</ele></trkpt>
      <trkpt lat="46.881511" lon="10.507324"><ele>1388</ele></trkpt>
      <trkpt lat="46.881710" lon="10.507205"><ele>1386</ele></trkpt>
      <trkpt lat="46.882566" lon="10.506882"><ele>1384</ele></trkpt>
      <trkpt lat="46.883410" lon="10.506585"><ele>1382</ele></trkpt>
      <trkpt lat="46.883930" lon="10.506320"><ele>1380</ele></trkpt>
      <trkpt lat="46.884154" lon="10.506149"><ele>1378</ele></trkpt>
      <trkpt lat="46.884448" lon="10.505905"><ele>1377</ele></trkpt>
      <trkpt lat="46.884855" lon="10.505618"><ele>1374</ele></trkpt>
      <trkpt lat="46.885013" lon="10.505512"><ele>1374</ele></trkpt>
      <trkpt lat="46.885610" lon="10.505212"><ele>1372</ele></trkpt>
      <trkpt lat="46.885813" lon="10.505094"><ele>1371</ele></trkpt>
      <trkpt lat="46.886263" lon="10.504772"><ele>1368</ele></trkpt>
      <trkpt lat="46.886633" lon="10.504488"><ele>1362</ele></trkpt>
      <trkpt lat="46.886680" lon="10.504446"><ele>1362</ele></trkpt>
      <trkpt lat="46.886932" lon="10.504216"><ele>1360</ele></trkpt>
      <trkpt lat="46.887199" lon="10.504013"><ele>1356</ele></trkpt>
      <trkpt lat="46.887317" lon="10.503950"><ele>1354</ele></trkpt>
      <trkpt lat="46.887351" lon="10.503923"><ele>1353</ele></trkpt>
      <trkpt lat="46.888057" lon="10.503431"><ele>1346</ele></trkpt>
      <trkpt lat="46.888119" lon="10.503389"><ele>1347</ele></trkpt>
      <trkpt lat="46.888131" lon="10.503269"><ele>1346</ele></trkpt>
      <trkpt lat="46.888147" lon="10.503221"><ele>1346</ele></trkpt>
      <trkpt lat="46.888210" lon="10.503053"><ele>1346</ele></trkpt>
      <trkpt lat="46.888359" lon="10.502746"><ele>1346</ele></trkpt>
      <trkpt lat="46.888715" lon="10.502192"><ele>1345</ele></trkpt>
      <trkpt lat="46.888638" lon="10.502118"><ele>1344</ele></trkpt>
      <trkpt lat="46.888359" lon="10.501693"><ele>1341</ele></trkpt>
      <trkpt lat="46.888202" lon="10.501439"><ele>1340</ele></trkpt>
      <trkpt lat="46.888212" lon="10.501399"><ele>1340</ele></trkpt>
      <trkpt lat="46.888209" lon="10.501331"><ele>1340</ele></trkpt>
      <trkpt lat="46.888122" lon="10.500899"><ele>1339</ele></trkpt>
      <trkpt lat="46.888084" lon="10.500627"><ele>1338</ele></trkpt>
      <trkpt lat="46.888049" lon="10.500440"><ele>1336</ele></trkpt>
      <trkpt lat="46.887934" lon="10.500114"><ele>1334</ele></trkpt>
      <trkpt lat="46.887912" lon="10.500064"><ele>1334</ele></trkpt>
      <trkpt lat="46.887873" lon="10.499979"><ele>1334</ele></trkpt>
      <trkpt lat="46.887774" lon="10.499791"><ele>1335</ele></trkpt>
      <trkpt lat="46.887570" lon="10.499427"><ele>1339</ele></trkpt>
      <trkpt lat="46.887671" lon="10.499096"><ele>1340</ele></trkpt>
      <trkpt lat="46.887844" lon="10.498548"><ele>1340</ele></trkpt>
      <trkpt lat="46.887991" lon="10.498160"><ele>1343</ele></trkpt>
      <trkpt lat="46.888165" lon="10.497759"><ele>1342</ele></trkpt>
      <trkpt lat="46.888404" lon="10.497284"><ele>1343</ele></trkpt>
      <trkpt lat="46.888665" lon="10.496887"><ele>1345</ele></trkpt>
      <trkpt lat="46.888966" lon="10.496528"><ele>1346</ele></trkpt>
      <trkpt lat="46.889553" lon="10.495972"><ele>1347</ele></trkpt>
      <trkpt lat="46.889923" lon="10.495587"><ele>1348</ele></trkpt>
      <trkpt lat="46.890297" lon="10.495146"><ele>1348</ele></trkpt>
      <trkpt lat="46.890722" lon="10.494582"><ele>1349</ele></trkpt>
      <trkpt lat="46.891441" lon="10.493653"><ele>1355</ele></trkpt>
      <trkpt lat="46.891813" lon="10.493239"><ele>1360</ele></trkpt>
      <trkpt lat="46.892069" lon="10.492995"><ele>1362</ele></trkpt>
      <trkpt lat="46.892326" lon="10.492772"><ele>1363</ele></trkpt>
      <trkpt lat="46.892599" lon="10.492555"><ele>1365</ele></trkpt>
      <trkpt lat="46.893589" lon="10.491868"><ele>1370</ele></trkpt>
      <trkpt lat="46.893758" lon="10.491727"><ele>1370</ele></trkpt>
      <trkpt lat="46.893862" lon="10.491621"><ele>1371</ele></trkpt>
      <trkpt lat="46.893933" lon="10.491528"><ele>1372</ele></trkpt>
      <trkpt lat="46.894077" lon="10.491291"><ele>1374</ele></trkpt>
      <trkpt lat="46.894494" lon="10.490477"><ele>1380</ele></trkpt>
      <trkpt lat="46.894836" lon="10.489929"><ele>1384</ele></trkpt>
      <trkpt lat="46.894920" lon="10.489788"><ele>1386</ele></trkpt>
      <trkpt lat="46.894988" lon="10.489655"><ele>1386</ele></trkpt>
      <trkpt lat="46.895051" lon="10.489472"><ele>1386</ele></trkpt>
      <trkpt lat="46.895095" lon="10.489293"><ele>1387</ele></trkpt>
      <trkpt lat="46.895114" lon="10.489097"><ele>1388</ele></trkpt>
      <trkpt lat="46.895125" lon="10.488433"><ele>1391</ele></trkpt>
      <trkpt lat="46.895148" lon="10.488235"><ele>1392</ele></trkpt>
      <trkpt lat="46.895222" lon="10.487864"><ele>1396</ele></trkpt>
      <trkpt lat="46.895272" lon="10.487662"><ele>1396</ele></trkpt>
      <trkpt lat="46.895300" lon="10.487480"><ele>1396</ele></trkpt>
      <trkpt lat="46.895312" lon="10.487301"><ele>1397</ele></trkpt>
      <trkpt lat="46.895310" lon="10.487101"><ele>1398</ele></trkpt>
      <trkpt lat="46.895277" lon="10.486872"><ele>1399</ele></trkpt>
      <trkpt lat="46.895186" lon="10.486350"><ele>1402</ele></trkpt>
      <trkpt lat="46.895171" lon="10.486144"><ele>1403</ele></trkpt>
      <trkpt lat="46.895193" lon="10.485652"><ele>1407</ele></trkpt>
      <trkpt lat="46.895190" lon="10.485534"><ele>1408</ele></trkpt>
      <trkpt lat="46.895181" lon="10.485397"><ele>1409</ele></trkpt>
      <trkpt lat="46.895158" lon="10.485216"><ele>1410</ele></trkpt>
      <trkpt lat="46.895100" lon="10.484988"><ele>1409</ele></trkpt>
      <trkpt lat="46.895066" lon="10.484871"><ele>1408</ele></trkpt>
      <trkpt lat="46.894979" lon="10.484571"><ele>1407</ele></trkpt>
      <trkpt lat="46.894892" lon="10.484238"><ele>1405</ele></trkpt>
      <trkpt lat="46.894838" lon="10.483953"><ele>1402</ele></trkpt>
      <trkpt lat="46.894819" lon="10.483722"><ele>1401</ele></trkpt>
      <trkpt lat="46.894816" lon="10.483545"><ele>1401</ele></trkpt>
      <trkpt lat="46.894823" lon="10.483395"><ele>1401</ele></trkpt>
      <trkpt lat="46.894866" lon="10.483121"><ele>1401</ele></trkpt>
      <trkpt lat="46.894938" lon="10.482867"><ele>1399</ele></trkpt>
      <trkpt lat="46.895013" lon="10.482692"><ele>1397</ele></trkpt>
      <trkpt lat="46.895104" lon="10.482517"><ele>1396</ele></trkpt>
      <trkpt lat="46.895429" lon="10.482026"><ele>1391</ele></trkpt>
      <trkpt lat="46.895487" lon="10.481893"><ele>1390</ele></trkpt>
      <trkpt lat="46.895520" lon="10.481769"><ele>1389</ele></trkpt>
      <trkpt lat="46.895527" lon="10.481635"><ele>1388</ele></trkpt>
      <trkpt lat="46.895505" lon="10.481506"><ele>1388</ele></trkpt>
      <trkpt lat="46.895448" lon="10.481371"><ele>1387</ele></trkpt>
      <trkpt lat="46.895364" lon="10.481281"><ele>1385</ele></trkpt>
      <trkpt lat="46.895297" lon="10.481237"><ele>1384</ele></trkpt>
      <trkpt lat="46.895207" lon="10.481227"><ele>1384</ele></trkpt>
      <trkpt lat="46.895114" lon="10.481255"><ele>1384</ele></trkpt>
      <trkpt lat="46.895013" lon="10.481323"><ele>1384</ele></trkpt>
      <trkpt lat="46.894830" lon="10.481516"><ele>1382</ele></trkpt>
      <trkpt lat="46.894631" lon="10.481696"><ele>1379</ele></trkpt>
      <trkpt lat="46.894531" lon="10.481762"><ele>1378</ele></trkpt>
      <trkpt lat="46.894409" lon="10.481813"><ele>1378</ele></trkpt>
      <trkpt lat="46.894349" lon="10.481818"><ele>1377</ele></trkpt>
      <trkpt lat="46.894240" lon="10.481827"><ele>1375</ele></trkpt>
      <trkpt lat="46.894076" lon="10.481790"><ele>1373</ele></trkpt>
      <trkpt lat="46.893905" lon="10.481709"><ele>1372</ele></trkpt>
      <trkpt lat="46.893614" lon="10.481536"><ele>1371</ele></trkpt>
      <trkpt lat="46.893365" lon="10.481418"><ele>1368</ele></trkpt>
      <trkpt lat="46.893219" lon="10.481362"><ele>1366</ele></trkpt>
      <trkpt lat="46.893044" lon="10.481312"><ele>1365</ele></trkpt>
      <trkpt lat="46.892849" lon="10.481279"><ele>1362</ele></trkpt>
      <trkpt lat="46.892645" lon="10.481262"><ele>1361</ele></trkpt>
      <trkpt lat="46.892417" lon="10.481278"><ele>1360</ele></trkpt>
      <trkpt lat="46.892281" lon="10.481298"><ele>1359</ele></trkpt>
      <trkpt lat="46.892042" lon="10.481354"><ele>1356</ele></trkpt>
      <trkpt lat="46.891803" lon="10.481431"><ele>1354</ele></trkpt>
      <trkpt lat="46.891604" lon="10.481471"><ele>1351</ele></trkpt>
      <trkpt lat="46.891537" lon="10.481478"><ele>1350</ele></trkpt>
      <trkpt lat="46.891403" lon="10.481467"><ele>1348</ele></trkpt>
      <trkpt lat="46.891298" lon="10.481432"><ele>1349</ele></trkpt>
      <trkpt lat="46.891161" lon="10.481371"><ele>1348</ele></trkpt>
      <trkpt lat="46.891028" lon="10.481286"><ele>1348</ele></trkpt>
      <trkpt lat="46.890588" lon="10.480912"><ele>1343</ele></trkpt>
      <trkpt lat="46.890360" lon="10.480758"><ele>1340</ele></trkpt>
      <trkpt lat="46.890181" lon="10.480659"><ele>1338</ele></trkpt>
      <trkpt lat="46.890001" lon="10.480579"><ele>1338</ele></trkpt>
      <trkpt lat="46.889703" lon="10.480482"><ele>1337</ele></trkpt>
      <trkpt lat="46.889664" lon="10.480446"><ele>1336</ele></trkpt>
      <trkpt lat="46.889644" lon="10.480392"><ele>1336</ele></trkpt>
      <trkpt lat="46.889643" lon="10.480345"><ele>1335</ele></trkpt>
      <trkpt lat="46.889658" lon="10.480301"><ele>1334</ele></trkpt>
      <trkpt lat="46.889677" lon="10.480273"><ele>1334</ele></trkpt>
      <trkpt lat="46.889715" lon="10.480249"><ele>1334</ele></trkpt>
      <trkpt lat="46.889777" lon="10.480257"><ele>1333</ele></trkpt>
      <trkpt lat="46.889914" lon="10.480327"><ele>1332</ele></trkpt>
      <trkpt lat="46.890458" lon="10.480564"><ele>1330</ele></trkpt>
      <trkpt lat="46.890669" lon="10.480620"><ele>1330</ele></trkpt>
      <trkpt lat="46.890755" lon="10.480611"><ele>1329</ele></trkpt>
      <trkpt lat="46.890855" lon="10.480584"><ele>1328</ele></trkpt>
      <trkpt lat="46.890953" lon="10.480533"><ele>1327</ele></trkpt>
      <trkpt lat="46.891077" lon="10.480438"><ele>1326</ele></trkpt>
      <trkpt lat="46.891926" lon="10.479692"><ele>1318</ele></trkpt>
      <trkpt lat="46.892107" lon="10.479539"><ele>1316</ele></trkpt>
      <trkpt lat="46.892229" lon="10.479459"><ele>1314</ele></trkpt>
      <trkpt lat="46.892300" lon="10.479423"><ele>1313</ele></trkpt>
      <trkpt lat="46.892381" lon="10.479405"><ele>1312</ele></trkpt>
      <trkpt lat="46.892499" lon="10.479407"><ele>1312</ele></trkpt>
      <trkpt lat="46.892614" lon="10.479436"><ele>1312</ele></trkpt>
      <trkpt lat="46.892710" lon="10.479509"><ele>1315</ele></trkpt>
      <trkpt lat="46.892804" lon="10.479559"><ele>1317</ele></trkpt>
      <trkpt lat="46.892855" lon="10.479553"><ele>1317</ele></trkpt>
      <trkpt lat="46.892887" lon="10.479524"><ele>1316</ele></trkpt>
      <trkpt lat="46.892910" lon="10.479458"><ele>1312</ele></trkpt>
      <trkpt lat="46.892907" lon="10.479392"><ele>1311</ele></trkpt>
      <trkpt lat="46.892883" lon="10.479330"><ele>1309</ele></trkpt>
      <trkpt lat="46.892839" lon="10.479294"><ele>1308</ele></trkpt>
      <trkpt lat="46.892736" lon="10.479266"><ele>1307</ele></trkpt>
      <trkpt lat="46.892210" lon="10.479177"><ele>1304</ele></trkpt>
      <trkpt lat="46.892082" lon="10.479197"><ele>1304</ele></trkpt>
      <trkpt lat="46.891455" lon="10.479414"><ele>1300</ele></trkpt>
      <trkpt lat="46.891013" lon="10.479577"><ele>1297</ele></trkpt>
      <trkpt lat="46.890673" lon="10.479695"><ele>1293</ele></trkpt>
      <trkpt lat="46.890527" lon="10.479716"><ele>1292</ele></trkpt>
      <trkpt lat="46.890334" lon="10.479689"><ele>1290</ele></trkpt>
      <trkpt lat="46.890224" lon="10.479650"><ele>1290</ele></trkpt>
      <trkpt lat="46.890103" lon="10.479587"><ele>1290</ele></trkpt>
      <trkpt lat="46.889835" lon="10.479409"><ele>1289</ele></trkpt>
      <trkpt lat="46.889582" lon="10.479261"><ele>1287</ele></trkpt>
      <trkpt lat="46.889370" lon="10.479172"><ele>1286</ele></trkpt>
      <trkpt lat="46.889214" lon="10.479123"><ele>1286</ele></trkpt>
      <trkpt lat="46.889039" lon="10.479088"><ele>1285</ele></trkpt>
      <trkpt lat="46.888763" lon="10.479051"><ele>1284</ele></trkpt>
      <trkpt lat="46.888616" lon="10.479011"><ele>1283</ele></trkpt>
      <trkpt lat="46.888490" lon="10.478964"><ele>1284</ele></trkpt>
      <trkpt lat="46.888404" lon="10.478910"><ele>1283</ele></trkpt>
      <trkpt lat="46.888292" lon="10.478816"><ele>1282</ele></trkpt>
      <trkpt lat="46.887876" lon="10.478411"><ele>1278</ele></trkpt>
      <trkpt lat="46.887735" lon="10.478309"><ele>1278</ele></trkpt>
      <trkpt lat="46.887595" lon="10.478225"><ele>1277</ele></trkpt>
      <trkpt lat="46.887453" lon="10.478164"><ele>1278</ele></trkpt>
      <trkpt lat="46.887040" lon="10.478048"><ele>1275</ele></trkpt>
      <trkpt lat="46.886920" lon="10.478000"><ele>1274</ele></trkpt>
      <trkpt lat="46.886807" lon="10.477932"><ele>1273</ele></trkpt>
      <trkpt lat="46.886709" lon="10.477850"><ele>1273</ele></trkpt>
      <trkpt lat="46.886565" lon="10.477694"><ele>1273</ele></trkpt>
      <trkpt lat="46.886138" lon="10.477159"><ele>1270</ele></trkpt>
      <trkpt lat="46.885866" lon="10.476805"><ele>1270</ele></trkpt>
      <trkpt lat="46.885827" lon="10.476734"><ele>1270</ele></trkpt>
      <trkpt lat="46.885816" lon="10.476655"><ele>1268</ele></trkpt>
      <trkpt lat="46.885829" lon="10.476589"><ele>1267</ele></trkpt>
      <trkpt lat="46.885839" lon="10.476577"><ele>1267</ele></trkpt>
      <trkpt lat="46.885862" lon="10.476548"><ele>1265</ele></trkpt>
      <trkpt lat="46.885913" lon="10.476533"><ele>1263</ele></trkpt>
      <trkpt lat="46.885952" lon="10.476551"><ele>1262</ele></trkpt>
      <trkpt lat="46.885991" lon="10.476594"><ele>1261</ele></trkpt>
      <trkpt lat="46.886122" lon="10.476858"><ele>1264</ele></trkpt>
      <trkpt lat="46.886226" lon="10.477049"><ele>1264</ele></trkpt>
      <trkpt lat="46.886362" lon="10.477229"><ele>1264</ele></trkpt>
      <trkpt lat="46.886606" lon="10.477463"><ele>1262</ele></trkpt>
      <trkpt lat="46.886765" lon="10.477591"><ele>1261</ele></trkpt>
      <trkpt lat="46.886875" lon="10.477658"><ele>1260</ele></trkpt>
      <trkpt lat="46.886985" lon="10.477703"><ele>1258</ele></trkpt>
      <trkpt lat="46.887167" lon="10.477731"><ele>1258</ele></trkpt>
      <trkpt lat="46.887397" lon="10.477714"><ele>1255</ele></trkpt>
      <trkpt lat="46.887565" lon="10.477713"><ele>1254</ele></trkpt>
      <trkpt lat="46.887709" lon="10.477724"><ele>1253</ele></trkpt>
      <trkpt lat="46.887835" lon="10.477751"><ele>1253</ele></trkpt>
      <trkpt lat="46.887976" lon="10.477793"><ele>1253</ele></trkpt>
      <trkpt lat="46.888176" lon="10.477879"><ele>1252</ele></trkpt>
      <trkpt lat="46.888341" lon="10.477970"><ele>1250</ele></trkpt>
      <trkpt lat="46.888638" lon="10.478091"><ele>1247</ele></trkpt>
      <trkpt lat="46.889206" lon="10.478239"><ele>1242</ele></trkpt>
      <trkpt lat="46.889437" lon="10.478289"><ele>1240</ele></trkpt>
      <trkpt lat="46.889542" lon="10.478296"><ele>1240</ele></trkpt>
      <trkpt lat="46.889657" lon="10.478288"><ele>1239</ele></trkpt>
      <trkpt lat="46.889796" lon="10.478250"><ele>1238</ele></trkpt>
      <trkpt lat="46.890074" lon="10.478127"><ele>1236</ele></trkpt>
      <trkpt lat="46.890213" lon="10.478097"><ele>1235</ele></trkpt>
      <trkpt lat="46.890601" lon="10.478102"><ele>1234</ele></trkpt>
      <trkpt lat="46.890645" lon="10.478089"><ele>1234</ele></trkpt>
      <trkpt lat="46.890678" lon="10.478059"><ele>1234</ele></trkpt>
      <trkpt lat="46.890690" lon="10.477985"><ele>1233</ele></trkpt>
      <trkpt lat="46.890678" lon="10.477929"><ele>1231</ele></trkpt>
      <trkpt lat="46.890646" lon="10.477891"><ele>1230</ele></trkpt>
      <trkpt lat="46.890609" lon="10.477885"><ele>1230</ele></trkpt>
      <trkpt lat="46.890377" lon="10.477907"><ele>1230</ele></trkpt>
      <trkpt lat="46.890294" lon="10.477886"><ele>1229</ele></trkpt>
      <trkpt lat="46.890116" lon="10.477818"><ele>1228</ele></trkpt>
      <trkpt lat="46.890047" lon="10.477800"><ele>1227</ele></trkpt>
      <trkpt lat="46.889976" lon="10.477795"><ele>1227</ele></trkpt>
      <trkpt lat="46.889904" lon="10.477810"><ele>1227</ele></trkpt>
      <trkpt lat="46.889818" lon="10.477844"><ele>1226</ele></trkpt>
      <trkpt lat="46.889723" lon="10.477895"><ele>1227</ele></trkpt>
      <trkpt lat="46.889654" lon="10.477906"><ele>1227</ele></trkpt>
      <trkpt lat="46.889619" lon="10.477885"><ele>1227</ele></trkpt>
      <trkpt lat="46.889587" lon="10.477826"><ele>1225</ele></trkpt>
      <trkpt lat="46.889592" lon="10.477754"><ele>1223</ele></trkpt>
      <trkpt lat="46.889632" lon="10.477706"><ele>1222</ele></trkpt>
      <trkpt lat="46.889692" lon="10.477680"><ele>1221</ele></trkpt>
      <trkpt lat="46.890022" lon="10.477612"><ele>1222</ele></trkpt>
      <trkpt lat="46.890278" lon="10.477575"><ele>1220</ele></trkpt>
      <trkpt lat="46.890518" lon="10.477511"><ele>1216</ele></trkpt>
      <trkpt lat="46.890653" lon="10.477503"><ele>1215</ele></trkpt>
      <trkpt lat="46.890789" lon="10.477520"><ele>1215</ele></trkpt>
      <trkpt lat="46.891209" lon="10.477640"><ele>1217</ele></trkpt>
      <trkpt lat="46.891365" lon="10.477648"><ele>1213</ele></trkpt>
      <trkpt lat="46.891562" lon="10.477597"><ele>1211</ele></trkpt>
      <trkpt lat="46.892367" lon="10.477245"><ele>1203</ele></trkpt>
      <trkpt lat="46.892778" lon="10.477112"><ele>1200</ele></trkpt>
      <trkpt lat="46.893443" lon="10.476825"><ele>1198</ele></trkpt>
      <trkpt lat="46.893490" lon="10.476790"><ele>1198</ele></trkpt>
      <trkpt lat="46.893528" lon="10.476744"><ele>1198</ele></trkpt>
      <trkpt lat="46.893532" lon="10.476674"><ele>1195</ele></trkpt>
      <trkpt lat="46.893512" lon="10.476624"><ele>1194</ele></trkpt>
      <trkpt lat="46.893483" lon="10.476601"><ele>1192</ele></trkpt>
      <trkpt lat="46.893429" lon="10.476606"><ele>1192</ele></trkpt>
      <trkpt lat="46.893375" lon="10.476631"><ele>1192</ele></trkpt>
      <trkpt lat="46.893274" lon="10.476710"><ele>1192</ele></trkpt>
      <trkpt lat="46.893166" lon="10.476765"><ele>1192</ele></trkpt>
      <trkpt lat="46.893035" lon="10.476796"><ele>1190</ele></trkpt>
      <trkpt lat="46.892375" lon="10.476844"><ele>1186</ele></trkpt>
      <trkpt lat="46.891974" lon="10.476854"><ele>1182</ele></trkpt>
      <trkpt lat="46.891630" lon="10.476840"><ele>1180</ele></trkpt>
      <trkpt lat="46.891521" lon="10.476852"><ele>1179</ele></trkpt>
      <trkpt lat="46.891412" lon="10.476890"><ele>1178</ele></trkpt>
      <trkpt lat="46.891216" lon="10.476985"><ele>1180</ele></trkpt>
      <trkpt lat="46.891170" lon="10.476962"><ele>1179</ele></trkpt>
      <trkpt lat="46.891143" lon="10.476912"><ele>1177</ele></trkpt>
      <trkpt lat="46.891144" lon="10.476853"><ele>1176</ele></trkpt>
      <trkpt lat="46.891173" lon="10.476793"><ele>1174</ele></trkpt>
      <trkpt lat="46.891243" lon="10.476751"><ele>1173</ele></trkpt>
      <trkpt lat="46.891467" lon="10.476679"><ele>1173</ele></trkpt>
      <trkpt lat="46.891816" lon="10.476602"><ele>1172</ele></trkpt>
      <trkpt lat="46.892016" lon="10.476568"><ele>1170</ele></trkpt>
      <trkpt lat="46.892213" lon="10.476516"><ele>1169</ele></trkpt>
      <trkpt lat="46.892395" lon="10.476433"><ele>1167</ele></trkpt>
      <trkpt lat="46.892874" lon="10.476173"><ele>1163</ele></trkpt>
      <trkpt lat="46.893243" lon="10.476051"><ele>1165</ele></trkpt>
      <trkpt lat="46.893298" lon="10.476015"><ele>1164</ele></trkpt>
      <trkpt lat="46.893332" lon="10.475953"><ele>1163</ele></trkpt>
      <trkpt lat="46.893322" lon="10.475869"><ele>1161</ele></trkpt>
      <trkpt lat="46.893288" lon="10.475830"><ele>1159</ele></trkpt>
      <trkpt lat="46.893257" lon="10.475822"><ele>1159</ele></trkpt>
      <trkpt lat="46.893180" lon="10.475846"><ele>1158</ele></trkpt>
      <trkpt lat="46.892943" lon="10.475959"><ele>1158</ele></trkpt>
      <trkpt lat="46.892784" lon="10.476022"><ele>1157</ele></trkpt>
      <trkpt lat="46.892611" lon="10.476051"><ele>1156</ele></trkpt>
      <trkpt lat="46.892439" lon="10.476019"><ele>1154</ele></trkpt>
      <trkpt lat="46.892266" lon="10.475957"><ele>1153</ele></trkpt>
      <trkpt lat="46.892014" lon="10.475886"><ele>1152</ele></trkpt>
      <trkpt lat="46.891782" lon="10.475869"><ele>1150</ele></trkpt>
      <trkpt lat="46.891585" lon="10.475900"><ele>1149</ele></trkpt>
      <trkpt lat="46.891359" lon="10.475963"><ele>1148</ele></trkpt>
      <trkpt lat="46.891153" lon="10.475972"><ele>1144</ele></trkpt>
      <trkpt lat="46.891039" lon="10.475947"><ele>1142</ele></trkpt>
      <trkpt lat="46.890908" lon="10.475881"><ele>1142</ele></trkpt>
      <trkpt lat="46.890788" lon="10.475788"><ele>1141</ele></trkpt>
      <trkpt lat="46.890551" lon="10.475548"><ele>1139</ele></trkpt>
      <trkpt lat="46.890422" lon="10.475451"><ele>1138</ele></trkpt>
      <trkpt lat="46.890295" lon="10.475385"><ele>1138</ele></trkpt>
      <trkpt lat="46.890140" lon="10.475356"><ele>1136</ele></trkpt>
      <trkpt lat="46.889743" lon="10.475350"><ele>1131</ele></trkpt>
      <trkpt lat="46.889608" lon="10.475307"><ele>1130</ele></trkpt>
      <trkpt lat="46.889513" lon="10.475262"><ele>1129</ele></trkpt>
      <trkpt lat="46.889391" lon="10.475188"><ele>1128</ele></trkpt>
      <trkpt lat="46.889232" lon="10.474963"><ele>1128</ele></trkpt>
      <trkpt lat="46.889108" lon="10.474688"><ele>1126</ele></trkpt>
      <trkpt lat="46.888908" lon="10.474334"><ele>1122</ele></trkpt>
      <trkpt lat="46.888779" lon="10.474222"><ele>1120</ele></trkpt>
      <trkpt lat="46.888645" lon="10.474164"><ele>1119</ele></trkpt>
      <trkpt lat="46.888525" lon="10.474137"><ele>1118</ele></trkpt>
      <trkpt lat="46.888362" lon="10.474124"><ele>1116</ele></trkpt>
      <trkpt lat="46.888223" lon="10.474103"><ele>1114</ele></trkpt>
      <trkpt lat="46.888109" lon="10.474052"><ele>1113</ele></trkpt>
      <trkpt lat="46.888009" lon="10.473971"><ele>1112</ele></trkpt>
      <trkpt lat="46.887929" lon="10.473874"><ele>1113</ele></trkpt>
      <trkpt lat="46.887873" lon="10.473748"><ele>1111</ele></trkpt>
      <trkpt lat="46.887833" lon="10.473610"><ele>1109</ele></trkpt>
      <trkpt lat="46.887810" lon="10.473439"><ele>1108</ele></trkpt>
      <trkpt lat="46.887775" lon="10.473062"><ele>1107</ele></trkpt>
      <trkpt lat="46.887741" lon="10.472884"><ele>1108</ele></trkpt>
      <trkpt lat="46.887706" lon="10.472737"><ele>1108</ele></trkpt>
      <trkpt lat="46.887642" lon="10.472574"><ele>1106</ele></trkpt>
      <trkpt lat="46.887558" lon="10.472435"><ele>1103</ele></trkpt>
      <trkpt lat="46.887470" lon="10.472331"><ele>1102</ele></trkpt>
      <trkpt lat="46.887385" lon="10.472262"><ele>1102</ele></trkpt>
      <trkpt lat="46.887272" lon="10.472190"><ele>1100</ele></trkpt>
      <trkpt lat="46.887164" lon="10.472146"><ele>1098</ele></trkpt>
      <trkpt lat="46.886729" lon="10.472055"><ele>1094</ele></trkpt>
      <trkpt lat="46.886591" lon="10.472009"><ele>1094</ele></trkpt>
      <trkpt lat="46.886489" lon="10.471952"><ele>1093</ele></trkpt>
      <trkpt lat="46.886392" lon="10.471876"><ele>1091</ele></trkpt>
      <trkpt lat="46.886289" lon="10.471752"><ele>1090</ele></trkpt>
      <trkpt lat="46.886194" lon="10.471599"><ele>1088</ele></trkpt>
      <trkpt lat="46.886119" lon="10.471409"><ele>1089</ele></trkpt>
      <trkpt lat="46.886009" lon="10.471068"><ele>1088</ele></trkpt>
      <trkpt lat="46.885791" lon="10.470343"><ele>1084</ele></trkpt>
      <trkpt lat="46.885713" lon="10.470153"><ele>1083</ele></trkpt>
      <trkpt lat="46.885627" lon="10.469986"><ele>1081</ele></trkpt>
      <trkpt lat="46.885509" lon="10.469798"><ele>1082</ele></trkpt>
      <trkpt lat="46.885434" lon="10.469658"><ele>1084</ele></trkpt>
      <trkpt lat="46.885431" lon="10.469584"><ele>1084</ele></trkpt>
      <trkpt lat="46.885458" lon="10.469521"><ele>1082</ele></trkpt>
      <trkpt lat="46.885502" lon="10.469504"><ele>1080</ele></trkpt>
      <trkpt lat="46.885535" lon="10.469524"><ele>1078</ele></trkpt>
      <trkpt lat="46.885573" lon="10.469579"><ele>1076</ele></trkpt>
      <trkpt lat="46.885655" lon="10.469783"><ele>1075</ele></trkpt>
      <trkpt lat="46.885781" lon="10.470014"><ele>1075</ele></trkpt>
      <trkpt lat="46.885995" lon="10.470368"><ele>1073</ele></trkpt>
      <trkpt lat="46.886149" lon="10.470608"><ele>1072</ele></trkpt>
      <trkpt lat="46.886255" lon="10.470739"><ele>1072</ele></trkpt>
      <trkpt lat="46.886364" lon="10.470842"><ele>1071</ele></trkpt>
      <trkpt lat="46.886493" lon="10.470929"><ele>1070</ele></trkpt>
      <trkpt lat="46.886632" lon="10.470995"><ele>1069</ele></trkpt>
      <trkpt lat="46.886709" lon="10.471021"><ele>1068</ele></trkpt>
      <trkpt lat="46.886775" lon="10.471019"><ele>1068</ele></trkpt>
      <trkpt lat="46.886812" lon="10.470988"><ele>1067</ele></trkpt>
      <trkpt lat="46.886826" lon="10.470926"><ele>1066</ele></trkpt>
      <trkpt lat="46.886813" lon="10.470853"><ele>1065</ele></trkpt>
      <trkpt lat="46.886766" lon="10.470809"><ele>1065</ele></trkpt>
      <trkpt lat="46.886698" lon="10.470767"><ele>1065</ele></trkpt>
      <trkpt lat="46.886530" lon="10.470684"><ele>1065</ele></trkpt>
      <trkpt lat="46.886424" lon="10.470620"><ele>1064</ele></trkpt>
      <trkpt lat="46.886331" lon="10.470522"><ele>1064</ele></trkpt>
      <trkpt lat="46.886241" lon="10.470374"><ele>1064</ele></trkpt>
      <trkpt lat="46.886142" lon="10.470157"><ele>1062</ele></trkpt>
      <trkpt lat="46.886062" lon="10.469953"><ele>1060</ele></trkpt>
      <trkpt lat="46.885824" lon="10.469217"><ele>1056</ele></trkpt>
      <trkpt lat="46.885773" lon="10.469000"><ele>1056</ele></trkpt>
      <trkpt lat="46.885733" lon="10.468628"><ele>1054</ele></trkpt>
      <trkpt lat="46.885721" lon="10.468296"><ele>1052</ele></trkpt>
      <trkpt lat="46.885724" lon="10.467814"><ele>1049</ele></trkpt>
      <trkpt lat="46.885722" lon="10.467563"><ele>1048</ele></trkpt>
      <trkpt lat="46.885722" lon="10.467326"><ele>1048</ele></trkpt>
      <trkpt lat="46.885715" lon="10.467185"><ele>1047</ele></trkpt>
      <trkpt lat="46.885691" lon="10.467056"><ele>1046</ele></trkpt>
      <trkpt lat="46.885657" lon="10.466960"><ele>1046</ele></trkpt>
      <trkpt lat="46.885607" lon="10.466864"><ele>1045</ele></trkpt>
      <trkpt lat="46.885198" lon="10.466276"><ele>1043</ele></trkpt>
      <trkpt lat="46.884891" lon="10.465835"><ele>1041</ele></trkpt>
      <trkpt lat="46.884710" lon="10.465574"><ele>1037</ele></trkpt>
      <trkpt lat="46.884643" lon="10.465452"><ele>1038</ele></trkpt>
      <trkpt lat="46.884627" lon="10.465386"><ele>1036</ele></trkpt>
      <trkpt lat="46.884625" lon="10.465344"><ele>1035</ele></trkpt>
      <trkpt lat="46.884633" lon="10.465282"><ele>1035</ele></trkpt>
      <trkpt lat="46.884658" lon="10.465194"><ele>1034</ele></trkpt>
      <trkpt lat="46.884789" lon="10.464822"><ele>1033</ele></trkpt>
      <trkpt lat="46.884793" lon="10.464810"><ele>1032</ele></trkpt>
      <trkpt lat="46.884849" lon="10.464752"><ele>1033</ele></trkpt>
      <trkpt lat="46.884939" lon="10.464710"><ele>1034</ele></trkpt>
      <trkpt lat="46.884997" lon="10.464698"><ele>1035</ele></trkpt>
      <trkpt lat="46.885052" lon="10.464740"><ele>1034</ele></trkpt>
      <trkpt lat="46.885129" lon="10.464781"><ele>1034</ele></trkpt>
      <trkpt lat="46.885184" lon="10.464792"><ele>1034</ele></trkpt>
      <trkpt lat="46.885226" lon="10.464777"><ele>1034</ele></trkpt>
      <trkpt lat="46.885311" lon="10.464709"><ele>1034</ele></trkpt>
      <trkpt lat="46.885341" lon="10.464696"><ele>1034</ele></trkpt>
      <trkpt lat="46.885427" lon="10.464702"><ele>1034</ele></trkpt>
      <trkpt lat="46.885511" lon="10.464745"><ele>1034</ele></trkpt>
      <trkpt lat="46.885832" lon="10.465025"><ele>1033</ele></trkpt>
      <trkpt lat="46.886035" lon="10.465200"><ele>1034</ele></trkpt>
      <trkpt lat="46.886274" lon="10.465406"><ele>1033</ele></trkpt>
      <trkpt lat="46.886634" lon="10.465728"><ele>1032</ele></trkpt>
      <trkpt lat="46.887224" lon="10.466233"><ele>1032</ele></trkpt>
      <trkpt lat="46.887871" lon="10.466803"><ele>1032</ele></trkpt>
      <trkpt lat="46.888471" lon="10.467349"><ele>1032</ele></trkpt>
      <trkpt lat="46.888831" lon="10.467676"><ele>1032</ele></trkpt>
      <trkpt lat="46.888997" lon="10.467861"><ele>1032</ele></trkpt>
      <trkpt lat="46.889035" lon="10.467903"><ele>1032</ele></trkpt>
      <trkpt lat="46.889159" lon="10.468092"><ele>1031</ele></trkpt>
      <trkpt lat="46.889277" lon="10.468321"><ele>1034</ele></trkpt>
      <trkpt lat="46.889388" lon="10.468563"><ele>1034</ele></trkpt>
      <trkpt lat="46.889476" lon="10.468751"><ele>1034</ele></trkpt>
      <trkpt lat="46.889793" lon="10.469429"><ele>1035</ele></trkpt>
      <trkpt lat="46.889959" lon="10.469739"><ele>1032</ele></trkpt>
      <trkpt lat="46.890404" lon="10.470402"><ele>1034</ele></trkpt>
      <trkpt lat="46.890602" lon="10.470660"><ele>1032</ele></trkpt>
      <trkpt lat="46.891133" lon="10.471201"><ele>1033</ele></trkpt>
      <trkpt lat="46.891302" lon="10.471337"><ele>1033</ele></trkpt>
      <trkpt lat="46.891495" lon="10.471434"><ele>1033</ele></trkpt>
      <trkpt lat="46.892184" lon="10.471733"><ele>1034</ele></trkpt>
      <trkpt lat="46.892419" lon="10.471848"><ele>1034</ele></trkpt>
      <trkpt lat="46.892598" lon="10.471973"><ele>1034</ele></trkpt>
      <trkpt lat="46.892736" lon="10.472115"><ele>1034</ele></trkpt>
      <trkpt lat="46.892894" lon="10.472317"><ele>1034</ele></trkpt>
      <trkpt lat="46.893127" lon="10.472645"><ele>1034</ele></trkpt>
      <trkpt lat="46.893379" lon="10.473038"><ele>1035</ele></trkpt>
      <trkpt lat="46.893735" lon="10.473701"><ele>1035</ele></trkpt>
      <trkpt lat="46.893930" lon="10.474009"><ele>1035</ele></trkpt>
      <trkpt lat="46.894323" lon="10.474517"><ele>1035</ele></trkpt>
      <trkpt lat="46.894485" lon="10.474696"><ele>1035</ele></trkpt>
      <trkpt lat="46.894577" lon="10.474766"><ele>1034</ele></trkpt>
      <trkpt lat="46.894749" lon="10.474838"><ele>1034</ele></trkpt>
      <trkpt lat="46.894878" lon="10.474867"><ele>1034</ele></trkpt>
      <trkpt lat="46.895071" lon="10.474862"><ele>1034</ele></trkpt>
      <trkpt lat="46.895705" lon="10.474817"><ele>1034</ele></trkpt>
      <trkpt lat="46.895865" lon="10.474835"><ele>1034</ele></trkpt>
      <trkpt lat="46.896047" lon="10.474891"><ele>1034</ele></trkpt>
      <trkpt lat="46.896753" lon="10.475170"><ele>1034</ele></trkpt>
      <trkpt lat="46.897318" lon="10.475260"><ele>1032</ele></trkpt>
      <trkpt lat="46.897505" lon="10.475243"><ele>1032</ele></trkpt>
      <trkpt lat="46.897625" lon="10.475207"><ele>1032</ele></trkpt>
      <trkpt lat="46.897804" lon="10.475119"><ele>1031</ele></trkpt>
      <trkpt lat="46.897949" lon="10.475021"><ele>1031</ele></trkpt>
      <trkpt lat="46.898278" lon="10.474730"><ele>1030</ele></trkpt>
      <trkpt lat="46.898427" lon="10.474649"><ele>1031</ele></trkpt>
      <trkpt lat="46.898580" lon="10.474603"><ele>1030</ele></trkpt>
      <trkpt lat="46.898709" lon="10.474603"><ele>1030</ele></trkpt>
      <trkpt lat="46.900471" lon="10.474796"><ele>1032</ele></trkpt>
      <trkpt lat="46.901050" lon="10.474786"><ele>1031</ele></trkpt>
      <trkpt lat="46.901212" lon="10.474808"><ele>1032</ele></trkpt>
      <trkpt lat="46.901386" lon="10.474877"><ele>1033</ele></trkpt>
      <trkpt lat="46.901523" lon="10.474961"><ele>1033</ele></trkpt>
      <trkpt lat="46.901687" lon="10.475121"><ele>1033</ele></trkpt>
      <trkpt lat="46.901819" lon="10.475302"><ele>1039</ele></trkpt>
      <trkpt lat="46.901984" lon="10.475551"><ele>1037</ele></trkpt>
      <trkpt lat="46.902114" lon="10.475732"><ele>1038</ele></trkpt>
      <trkpt lat="46.903139" lon="10.476813"><ele>1034</ele></trkpt>
      <trkpt lat="46.903220" lon="10.476885"><ele>1034</ele></trkpt>
      <trkpt lat="46.903301" lon="10.477000"><ele>1033</ele></trkpt>
      <trkpt lat="46.903456" lon="10.476958"><ele>1035</ele></trkpt>
      <trkpt lat="46.903551" lon="10.476957"><ele>1036</ele></trkpt>
      <trkpt lat="46.903770" lon="10.476954"><ele>1037</ele></trkpt>
      <trkpt lat="46.903801" lon="10.477077"><ele>1034</ele></trkpt>
      <trkpt lat="46.903831" lon="10.477126"><ele>1034</ele></trkpt>
      <trkpt lat="46.904190" lon="10.477131"><ele>1031</ele></trkpt>
      <trkpt lat="46.904384" lon="10.477113"><ele>1030</ele></trkpt>
      <trkpt lat="46.904594" lon="10.477115"><ele>1030</ele></trkpt>
      <trkpt lat="46.904815" lon="10.477128"><ele>1029</ele></trkpt>
      <trkpt lat="46.905027" lon="10.477133"><ele>1030</ele></trkpt>
      <trkpt lat="46.905287" lon="10.477253"><ele>1029</ele></trkpt>
      <trkpt lat="46.905710" lon="10.477494"><ele>1025</ele></trkpt>
      <trkpt lat="46.905969" lon="10.477602"><ele>1027</ele></trkpt>
      <trkpt lat="46.906178" lon="10.477738"><ele>1025</ele></trkpt>
      <trkpt lat="46.907183" lon="10.478161"><ele>1027</ele></trkpt>
      <trkpt lat="46.907273" lon="10.478187"><ele>1027</ele></trkpt>
      <trkpt lat="46.907552" lon="10.478193"><ele>1029</ele></trkpt>
      <trkpt lat="46.907835" lon="10.478214"><ele>1029</ele></trkpt>
      <trkpt lat="46.908002" lon="10.478187"><ele>1030</ele></trkpt>
      <trkpt lat="46.908063" lon="10.478197"><ele>1030</ele></trkpt>
      <trkpt lat="46.908143" lon="10.478224"><ele>1029</ele></trkpt>
      <trkpt lat="46.908381" lon="10.478263"><ele>1026</ele></trkpt>
      <trkpt lat="46.908510" lon="10.478265"><ele>1026</ele></trkpt>
      <trkpt lat="46.908698" lon="10.478234"><ele>1026</ele></trkpt>
      <trkpt lat="46.908906" lon="10.478173"><ele>1027</ele></trkpt>
      <trkpt lat="46.909038" lon="10.478039"><ele>1030</ele></trkpt>
      <trkpt lat="46.909139" lon="10.477977"><ele>1029</ele></trkpt>
      <trkpt lat="46.909292" lon="10.477912"><ele>1029</ele></trkpt>
      <trkpt lat="46.909451" lon="10.477873"><ele>1028</ele></trkpt>
      <trkpt lat="46.909616" lon="10.477846"><ele>1027</ele></trkpt>
      <trkpt lat="46.909963" lon="10.477858"><ele>1025</ele></trkpt>
      <trkpt lat="46.910532" lon="10.477916"><ele>1026</ele></trkpt>
      <trkpt lat="46.910585" lon="10.477932"><ele>1026</ele></trkpt>
      <trkpt lat="46.910686" lon="10.477996"><ele>1026</ele></trkpt>
      <trkpt lat="46.910948" lon="10.478199"><ele>1026</ele></trkpt>
      <trkpt lat="46.911012" lon="10.478294"><ele>1025</ele></trkpt>
      <trkpt lat="46.911053" lon="10.478372"><ele>1024</ele></trkpt>
      <trkpt lat="46.911100" lon="10.478488"><ele>1024</ele></trkpt>
      <trkpt lat="46.911194" lon="10.478766"><ele>1024</ele></trkpt>
      <trkpt lat="46.911221" lon="10.478834"><ele>1024</ele></trkpt>
      <trkpt lat="46.911243" lon="10.478911"><ele>1024</ele></trkpt>
      <trkpt lat="46.911322" lon="10.479224"><ele>1023</ele></trkpt>
      <trkpt lat="46.911372" lon="10.479361"><ele>1023</ele></trkpt>
      <trkpt lat="46.911446" lon="10.479509"><ele>1023</ele></trkpt>
      <trkpt lat="46.911615" lon="10.479970"><ele>1025</ele></trkpt>
      <trkpt lat="46.911714" lon="10.480361"><ele>1025</ele></trkpt>
      <trkpt lat="46.911754" lon="10.480561"><ele>1025</ele></trkpt>
      <trkpt lat="46.911823" lon="10.480805"><ele>1022</ele></trkpt>
      <trkpt lat="46.911960" lon="10.481209"><ele>1024</ele></trkpt>
      <trkpt lat="46.912077" lon="10.481493"><ele>1024</ele></trkpt>
      <trkpt lat="46.912213" lon="10.481858"><ele>1024</ele></trkpt>
      <trkpt lat="46.912364" lon="10.482143"><ele>1024</ele></trkpt>
      <trkpt lat="46.912622" lon="10.482584"><ele>1027</ele></trkpt>
      <trkpt lat="46.912688" lon="10.482686"><ele>1027</ele></trkpt>
      <trkpt lat="46.912744" lon="10.482771"><ele>1027</ele></trkpt>
      <trkpt lat="46.912873" lon="10.482920"><ele>1027</ele></trkpt>
      <trkpt lat="46.912929" lon="10.482961"><ele>1027</ele></trkpt>
      <trkpt lat="46.912998" lon="10.482993"><ele>1028</ele></trkpt>
      <trkpt lat="46.913325" lon="10.483081"><ele>1033</ele></trkpt>
      <trkpt lat="46.913491" lon="10.483111"><ele>1036</ele></trkpt>
      <trkpt lat="46.913579" lon="10.483145"><ele>1037</ele></trkpt>
      <trkpt lat="46.913734" lon="10.483246"><ele>1038</ele></trkpt>
      <trkpt lat="46.913793" lon="10.483305"><ele>1040</ele></trkpt>
      <trkpt lat="46.913951" lon="10.483496"><ele>1041</ele></trkpt>
      <trkpt lat="46.914015" lon="10.483557"><ele>1041</ele></trkpt>
      <trkpt lat="46.914069" lon="10.483596"><ele>1042</ele></trkpt>
      <trkpt lat="46.914151" lon="10.483633"><ele>1044</ele></trkpt>
      <trkpt lat="46.914191" lon="10.483661"><ele>1045</ele></trkpt>
      <trkpt lat="46.914225" lon="10.483712"><ele>1046</ele></trkpt>
      <trkpt lat="46.914276" lon="10.483821"><ele>1046</ele></trkpt>
      <trkpt lat="46.914361" lon="10.483953"><ele>1047</ele></trkpt>
      <trkpt lat="46.914561" lon="10.484195"><ele>1048</ele></trkpt>
      <trkpt lat="46.914903" lon="10.484721"><ele>1049</ele></trkpt>
      <trkpt lat="46.914958" lon="10.484782"><ele>1050</ele></trkpt>
      <trkpt lat="46.915208" lon="10.484968"><ele>1052</ele></trkpt>
      <trkpt lat="46.915396" lon="10.485090"><ele>1053</ele></trkpt>
      <trkpt lat="46.915471" lon="10.485128"><ele>1053</ele></trkpt>
      <trkpt lat="46.915566" lon="10.485159"><ele>1053</ele></trkpt>
      <trkpt lat="46.915632" lon="10.485173"><ele>1052</ele></trkpt>
      <trkpt lat="46.915688" lon="10.485154"><ele>1053</ele></trkpt>
      <trkpt lat="46.915756" lon="10.485100"><ele>1054</ele></trkpt>
      <trkpt lat="46.915906" lon="10.485013"><ele>1055</ele></trkpt>
      <trkpt lat="46.916419" lon="10.484772"><ele>1056</ele></trkpt>
      <trkpt lat="46.916503" lon="10.484711"><ele>1056</ele></trkpt>
      <trkpt lat="46.916567" lon="10.484652"><ele>1056</ele></trkpt>
      <trkpt lat="46.916640" lon="10.484622"><ele>1057</ele></trkpt>
      <trkpt lat="46.916723" lon="10.484602"><ele>1058</ele></trkpt>
      <trkpt lat="46.916795" lon="10.484598"><ele>1060</ele></trkpt>
      <trkpt lat="46.916861" lon="10.484605"><ele>1060</ele></trkpt>
      <trkpt lat="46.917050" lon="10.484657"><ele>1062</ele></trkpt>
      <trkpt lat="46.917128" lon="10.484686"><ele>1062</ele></trkpt>
      <trkpt lat="46.917295" lon="10.484771"><ele>1062</ele></trkpt>
      <trkpt lat="46.917355" lon="10.484789"><ele>1062</ele></trkpt>
      <trkpt lat="46.917396" lon="10.484761"><ele>1064</ele></trkpt>
      <trkpt lat="46.917416" lon="10.484699"><ele>1066</ele></trkpt>
      <trkpt lat="46.917410" lon="10.484653"><ele>1066</ele></trkpt>
      <trkpt lat="46.917385" lon="10.484622"><ele>1067</ele></trkpt>
      <trkpt lat="46.917249" lon="10.484520"><ele>1067</ele></trkpt>
      <trkpt lat="46.917229" lon="10.484480"><ele>1067</ele></trkpt>
      <trkpt lat="46.917235" lon="10.484422"><ele>1068</ele></trkpt>
      <trkpt lat="46.917260" lon="10.484387"><ele>1070</ele></trkpt>
      <trkpt lat="46.917302" lon="10.484385"><ele>1070</ele></trkpt>
      <trkpt lat="46.917362" lon="10.484397"><ele>1072</ele></trkpt>
      <trkpt lat="46.917449" lon="10.484395"><ele>1073</ele></trkpt>
      <trkpt lat="46.917506" lon="10.484373"><ele>1074</ele></trkpt>
      <trkpt lat="46.917564" lon="10.484324"><ele>1074</ele></trkpt>
      <trkpt lat="46.917632" lon="10.484242"><ele>1074</ele></trkpt>
      <trkpt lat="46.917689" lon="10.484137"><ele>1075</ele></trkpt>
      <trkpt lat="46.917716" lon="10.484058"><ele>1075</ele></trkpt>
      <trkpt lat="46.917724" lon="10.483984"><ele>1076</ele></trkpt>
      <trkpt lat="46.917708" lon="10.483926"><ele>1076</ele></trkpt>
      <trkpt lat="46.917675" lon="10.483891"><ele>1076</ele></trkpt>
      <trkpt lat="46.917632" lon="10.483875"><ele>1076</ele></trkpt>
      <trkpt lat="46.917435" lon="10.483858"><ele>1075</ele></trkpt>
      <trkpt lat="46.917365" lon="10.483831"><ele>1076</ele></trkpt>
      <trkpt lat="46.917291" lon="10.483790"><ele>1076</ele></trkpt>
      <trkpt lat="46.917193" lon="10.483710"><ele>1077</ele></trkpt>
      <trkpt lat="46.916964" lon="10.483459"><ele>1078</ele></trkpt>
      <trkpt lat="46.916743" lon="10.483146"><ele>1080</ele></trkpt>
      <trkpt lat="46.916680" lon="10.483020"><ele>1081</ele></trkpt>
      <trkpt lat="46.916623" lon="10.482926"><ele>1082</ele></trkpt>
      <trkpt lat="46.916466" lon="10.482713"><ele>1084</ele></trkpt>
      <trkpt lat="46.916087" lon="10.482340"><ele>1084</ele></trkpt>
      <trkpt lat="46.916078" lon="10.482295"><ele>1084</ele></trkpt>
      <trkpt lat="46.916109" lon="10.482125"><ele>1088</ele></trkpt>
      <trkpt lat="46.916140" lon="10.482148"><ele>1088</ele></trkpt>
      <trkpt lat="46.916301" lon="10.482318"><ele>1088</ele></trkpt>
      <trkpt lat="46.916511" lon="10.482563"><ele>1087</ele></trkpt>
      <trkpt lat="46.917154" lon="10.483367"><ele>1086</ele></trkpt>
      <trkpt lat="46.917305" lon="10.483478"><ele>1088</ele></trkpt>
      <trkpt lat="46.917442" lon="10.483544"><ele>1089</ele></trkpt>
      <trkpt lat="46.917555" lon="10.483564"><ele>1089</ele></trkpt>
      <trkpt lat="46.917711" lon="10.483550"><ele>1088</ele></trkpt>
      <trkpt lat="46.917956" lon="10.483482"><ele>1088</ele></trkpt>
      <trkpt lat="46.918148" lon="10.483447"><ele>1087</ele></trkpt>
      <trkpt lat="46.918313" lon="10.483447"><ele>1086</ele></trkpt>
      <trkpt lat="46.918473" lon="10.483471"><ele>1085</ele></trkpt>
      <trkpt lat="46.918769" lon="10.483550"><ele>1086</ele></trkpt>
      <trkpt lat="46.918921" lon="10.483561"><ele>1088</ele></trkpt>
      <trkpt lat="46.919059" lon="10.483534"><ele>1089</ele></trkpt>
      <trkpt lat="46.919183" lon="10.483490"><ele>1091</ele></trkpt>
      <trkpt lat="46.919303" lon="10.483476"><ele>1090</ele></trkpt>
      <trkpt lat="46.919437" lon="10.483513"><ele>1086</ele></trkpt>
      <trkpt lat="46.919530" lon="10.483576"><ele>1087</ele></trkpt>
      <trkpt lat="46.919600" lon="10.483666"><ele>1087</ele></trkpt>
      <trkpt lat="46.919745" lon="10.483964"><ele>1089</ele></trkpt>
      <trkpt lat="46.919834" lon="10.484118"><ele>1084</ele></trkpt>
      <trkpt lat="46.919997" lon="10.484274"><ele>1083</ele></trkpt>
      <trkpt lat="46.920615" lon="10.484768"><ele>1084</ele></trkpt>
      <trkpt lat="46.920717" lon="10.484829"><ele>1084</ele></trkpt>
      <trkpt lat="46.920859" lon="10.484864"><ele>1086</ele></trkpt>
      <trkpt lat="46.920989" lon="10.484856"><ele>1085</ele></trkpt>
      <trkpt lat="46.921159" lon="10.484790"><ele>1085</ele></trkpt>
      <trkpt lat="46.922072" lon="10.484333"><ele>1088</ele></trkpt>
      <trkpt lat="46.922211" lon="10.484294"><ele>1088</ele></trkpt>
      <trkpt lat="46.922316" lon="10.484301"><ele>1088</ele></trkpt>
      <trkpt lat="46.922476" lon="10.484399"><ele>1087</ele></trkpt>
      <trkpt lat="46.922630" lon="10.484592"><ele>1086</ele></trkpt>
      <trkpt lat="46.922739" lon="10.484700"><ele>1085</ele></trkpt>
      <trkpt lat="46.922879" lon="10.484793"><ele>1085</ele></trkpt>
      <trkpt lat="46.922962" lon="10.484805"><ele>1087</ele></trkpt>
      <trkpt lat="46.923258" lon="10.484793"><ele>1088</ele></trkpt>
      <trkpt lat="46.923393" lon="10.484829"><ele>1088</ele></trkpt>
      <trkpt lat="46.923481" lon="10.484876"><ele>1087</ele></trkpt>
      <trkpt lat="46.923882" lon="10.485186"><ele>1086</ele></trkpt>
      <trkpt lat="46.924293" lon="10.485435"><ele>1088</ele></trkpt>
      <trkpt lat="46.924431" lon="10.485572"><ele>1086</ele></trkpt>
      <trkpt lat="46.924587" lon="10.485774"><ele>1084</ele></trkpt>
      <trkpt lat="46.924675" lon="10.485819"><ele>1086</ele></trkpt>
      <trkpt lat="46.924745" lon="10.485817"><ele>1088</ele></trkpt>
      <trkpt lat="46.924808" lon="10.485773"><ele>1087</ele></trkpt>
      <trkpt lat="46.924927" lon="10.485600"><ele>1088</ele></trkpt>
      <trkpt lat="46.925126" lon="10.485350"><ele>1085</ele></trkpt>
      <trkpt lat="46.925187" lon="10.485294"><ele>1085</ele></trkpt>
      <trkpt lat="46.925307" lon="10.485210"><ele>1084</ele></trkpt>
      <trkpt lat="46.925431" lon="10.485145"><ele>1083</ele></trkpt>
      <trkpt lat="46.925592" lon="10.485116"><ele>1082</ele></trkpt>
      <trkpt lat="46.925718" lon="10.485120"><ele>1081</ele></trkpt>
      <trkpt lat="46.925828" lon="10.485143"><ele>1080</ele></trkpt>
      <trkpt lat="46.926077" lon="10.485217"><ele>1081</ele></trkpt>
      <trkpt lat="46.926259" lon="10.485244"><ele>1080</ele></trkpt>
      <trkpt lat="46.926397" lon="10.485240"><ele>1079</ele></trkpt>
      <trkpt lat="46.926656" lon="10.485183"><ele>1077</ele></trkpt>
      <trkpt lat="46.926941" lon="10.485097"><ele>1075</ele></trkpt>
      <trkpt lat="46.927132" lon="10.485078"><ele>1074</ele></trkpt>
      <trkpt lat="46.927248" lon="10.485075"><ele>1074</ele></trkpt>
      <trkpt lat="46.927455" lon="10.485095"><ele>1074</ele></trkpt>
      <trkpt lat="46.927882" lon="10.485169"><ele>1069</ele></trkpt>
      <trkpt lat="46.928037" lon="10.485182"><ele>1069</ele></trkpt>
      <trkpt lat="46.928114" lon="10.485181"><ele>1068</ele></trkpt>
      <trkpt lat="46.928255" lon="10.485137"><ele>1068</ele></trkpt>
      <trkpt lat="46.928377" lon="10.485068"><ele>1067</ele></trkpt>
      <trkpt lat="46.928514" lon="10.484962"><ele>1066</ele></trkpt>
      <trkpt lat="46.928751" lon="10.484797"><ele>1065</ele></trkpt>
      <trkpt lat="46.929074" lon="10.484601"><ele>1064</ele></trkpt>
      <trkpt lat="46.929552" lon="10.484324"><ele>1061</ele></trkpt>
      <trkpt lat="46.929669" lon="10.484264"><ele>1062</ele></trkpt>
      <trkpt lat="46.929772" lon="10.484217"><ele>1064</ele></trkpt>
      <trkpt lat="46.929876" lon="10.484196"><ele>1065</ele></trkpt>
      <trkpt lat="46.930039" lon="10.484208"><ele>1063</ele></trkpt>
      <trkpt lat="46.930159" lon="10.484237"><ele>1062</ele></trkpt>
      <trkpt lat="46.930253" lon="10.484284"><ele>1060</ele></trkpt>
      <trkpt lat="46.930348" lon="10.484352"><ele>1057</ele></trkpt>
      <trkpt lat="46.930649" lon="10.484527"><ele>1050</ele></trkpt>
      <trkpt lat="46.930742" lon="10.484546"><ele>1049</ele></trkpt>
      <trkpt lat="46.930844" lon="10.484544"><ele>1048</ele></trkpt>
      <trkpt lat="46.931126" lon="10.484489"><ele>1046</ele></trkpt>
      <trkpt lat="46.931319" lon="10.484459"><ele>1047</ele></trkpt>
      <trkpt lat="46.931401" lon="10.484455"><ele>1046</ele></trkpt>
      <trkpt lat="46.931467" lon="10.484469"><ele>1046</ele></trkpt>
      <trkpt lat="46.931608" lon="10.484520"><ele>1045</ele></trkpt>
      <trkpt lat="46.931686" lon="10.484572"><ele>1045</ele></trkpt>
      <trkpt lat="46.931928" lon="10.484812"><ele>1044</ele></trkpt>
      <trkpt lat="46.932067" lon="10.484912"><ele>1042</ele></trkpt>
      <trkpt lat="46.932444" lon="10.485109"><ele>1040</ele></trkpt>
      <trkpt lat="46.932790" lon="10.485333"><ele>1038</ele></trkpt>
      <trkpt lat="46.933068" lon="10.485530"><ele>1036</ele></trkpt>
      <trkpt lat="46.933247" lon="10.485700"><ele>1036</ele></trkpt>
      <trkpt lat="46.933426" lon="10.485895"><ele>1037</ele></trkpt>
      <trkpt lat="46.934027" lon="10.486718"><ele>1032</ele></trkpt>
      <trkpt lat="46.934263" lon="10.487022"><ele>1030</ele></trkpt>
      <trkpt lat="46.934509" lon="10.487283"><ele>1028</ele></trkpt>
      <trkpt lat="46.935371" lon="10.488105"><ele>1025</ele></trkpt>
      <trkpt lat="46.935948" lon="10.488691"><ele>1020</ele></trkpt>
      <trkpt lat="46.936492" lon="10.489315"><ele>1020</ele></trkpt>
      <trkpt lat="46.936835" lon="10.489755"><ele>1017</ele></trkpt>
      <trkpt lat="46.936949" lon="10.489906"><ele>1013</ele></trkpt>
      <trkpt lat="46.937347" lon="10.490510"><ele>1012</ele></trkpt>
      <trkpt lat="46.937803" lon="10.491321"><ele>1013</ele></trkpt>
      <trkpt lat="46.938110" lon="10.491881"><ele>1011</ele></trkpt>
      <trkpt lat="46.938398" lon="10.492371"><ele>1010</ele></trkpt>
      <trkpt lat="46.938544" lon="10.492589"><ele>1009</ele></trkpt>
      <trkpt lat="46.938453" lon="10.492599"><ele>1005</ele></trkpt>
      <trkpt lat="46.938112" lon="10.492339"><ele>1000</ele></trkpt>
      <trkpt lat="46.938172" lon="10.492445"><ele>999</ele></trkpt>
      <trkpt lat="46.938555" lon="10.492762"><ele>1002</ele></trkpt>
      <trkpt lat="46.938796" lon="10.493081"><ele>1001</ele></trkpt>
      <trkpt lat="46.939042" lon="10.493365"><ele>1001</ele></trkpt>
      <trkpt lat="46.939386" lon="10.493815"><ele>999</ele></trkpt>
      <trkpt lat="46.939931" lon="10.494571"><ele>998</ele></trkpt>
      <trkpt lat="46.940347" lon="10.495313"><ele>994</ele></trkpt>
      <trkpt lat="46.940686" lon="10.495864"><ele>996</ele></trkpt>
      <trkpt lat="46.940935" lon="10.496181"><ele>997</ele></trkpt>
      <trkpt lat="46.941254" lon="10.496545"><ele>997</ele></trkpt>
      <trkpt lat="46.941397" lon="10.496682"><ele>999</ele></trkpt>
      <trkpt lat="46.941604" lon="10.496903"><ele>1001</ele></trkpt>
      <trkpt lat="46.941708" lon="10.497034"><ele>1000</ele></trkpt>
      <trkpt lat="46.941887" lon="10.497237"><ele>1000</ele></trkpt>
      <trkpt lat="46.942038" lon="10.497427"><ele>1001</ele></trkpt>
      <trkpt lat="46.942325" lon="10.497859"><ele>1000</ele></trkpt>
      <trkpt lat="46.942659" lon="10.498403"><ele>1000</ele></trkpt>
      <trkpt lat="46.942922" lon="10.498930"><ele>1000</ele></trkpt>
      <trkpt lat="46.943316" lon="10.499832"><ele>1000</ele></trkpt>
      <trkpt lat="46.943366" lon="10.499961"><ele>1000</ele></trkpt>
      <trkpt lat="46.943373" lon="10.500068"><ele>998</ele></trkpt>
      <trkpt lat="46.943407" lon="10.500191"><ele>996</ele></trkpt>
      <trkpt lat="46.943691" lon="10.500595"><ele>997</ele></trkpt>
      <trkpt lat="46.943830" lon="10.500861"><ele>996</ele></trkpt>
      <trkpt lat="46.943988" lon="10.501111"><ele>996</ele></trkpt>
      <trkpt lat="46.944360" lon="10.501747"><ele>996</ele></trkpt>
      <trkpt lat="46.944592" lon="10.502107"><ele>995</ele></trkpt>
      <trkpt lat="46.944823" lon="10.502453"><ele>995</ele></trkpt>
      <trkpt lat="46.945061" lon="10.502793"><ele>997</ele></trkpt>
      <trkpt lat="46.945215" lon="10.503035"><ele>995</ele></trkpt>
      <trkpt lat="46.945383" lon="10.503359"><ele>993</ele></trkpt>
      <trkpt lat="46.945478" lon="10.503584"><ele>993</ele></trkpt>
      <trkpt lat="46.945677" lon="10.504177"><ele>993</ele></trkpt>
      <trkpt lat="46.945882" lon="10.504714"><ele>997</ele></trkpt>
      <trkpt lat="46.946150" lon="10.505170"><ele>996</ele></trkpt>
      <trkpt lat="46.946401" lon="10.505446"><ele>996</ele></trkpt>
      <trkpt lat="46.946568" lon="10.505576"><ele>995</ele></trkpt>
      <trkpt lat="46.946860" lon="10.505753"><ele>994</ele></trkpt>
      <trkpt lat="46.947142" lon="10.505854"><ele>993</ele></trkpt>
      <trkpt lat="46.947367" lon="10.505907"><ele>990</ele></trkpt>
      <trkpt lat="46.947657" lon="10.505928"><ele>988</ele></trkpt>
      <trkpt lat="46.947934" lon="10.505979"><ele>986</ele></trkpt>
      <trkpt lat="46.948235" lon="10.506077"><ele>984</ele></trkpt>
      <trkpt lat="46.948437" lon="10.506232"><ele>982</ele></trkpt>
      <trkpt lat="46.948653" lon="10.506379"><ele>982</ele></trkpt>
      <trkpt lat="46.948861" lon="10.506602"><ele>983</ele></trkpt>
      <trkpt lat="46.949153" lon="10.506947"><ele>982</ele></trkpt>
      <trkpt lat="46.949229" lon="10.507048"><ele>984</ele></trkpt>
      <trkpt lat="46.949483" lon="10.507395"><ele>984</ele></trkpt>
      <trkpt lat="46.950338" lon="10.508311"><ele>981</ele></trkpt>
      <trkpt lat="46.951127" lon="10.509550"><ele>976</ele></trkpt>
      <trkpt lat="46.951844" lon="10.511131"><ele>978</ele></trkpt>
      <trkpt lat="46.952021" lon="10.511374"><ele>976</ele></trkpt>
      <trkpt lat="46.952118" lon="10.511401"><ele>977</ele></trkpt>
      <trkpt lat="46.952233" lon="10.511388"><ele>979</ele></trkpt>
      <trkpt lat="46.952367" lon="10.511388"><ele>978</ele></trkpt>
      <trkpt lat="46.952556" lon="10.511339"><ele>980</ele></trkpt>
      <trkpt lat="46.952635" lon="10.511358"><ele>980</ele></trkpt>
      <trkpt lat="46.952941" lon="10.511520"><ele>978</ele></trkpt>
      <trkpt lat="46.953340" lon="10.511398"><ele>979</ele></trkpt>
      <trkpt lat="46.953500" lon="10.511406"><ele>979</ele></trkpt>
      <trkpt lat="46.953661" lon="10.511458"><ele>978</ele></trkpt>
      <trkpt lat="46.953760" lon="10.511490"><ele>978</ele></trkpt>
      <trkpt lat="46.953999" lon="10.511606"><ele>978</ele></trkpt>
      <trkpt lat="46.954052" lon="10.511568"><ele>980</ele></trkpt>
      <trkpt lat="46.954140" lon="10.511605"><ele>980</ele></trkpt>
      <trkpt lat="46.954243" lon="10.511673"><ele>980</ele></trkpt>
      <trkpt lat="46.954815" lon="10.512252"><ele>979</ele></trkpt>
      <trkpt lat="46.955205" lon="10.512708"><ele>978</ele></trkpt>
      <trkpt lat="46.955238" lon="10.512925"><ele>975</ele></trkpt>
      <trkpt lat="46.955124" lon="10.513418"><ele>973</ele></trkpt>
      <trkpt lat="46.955019" lon="10.513757"><ele>972</ele></trkpt>
      <trkpt lat="46.954991" lon="10.513849"><ele>973</ele></trkpt>
      <trkpt lat="46.954916" lon="10.514101"><ele>972</ele></trkpt>
      <trkpt lat="46.954900" lon="10.514230"><ele>971</ele></trkpt>
      <trkpt lat="46.954897" lon="10.514255"><ele>970</ele></trkpt>
      <trkpt lat="46.954827" lon="10.515121"><ele>973</ele></trkpt>
      <trkpt lat="46.954836" lon="10.515179"><ele>975</ele></trkpt>
      <trkpt lat="46.954971" lon="10.515291"><ele>976</ele></trkpt>
      <trkpt lat="46.954975" lon="10.515331"><ele>976</ele></trkpt>
      <trkpt lat="46.954936" lon="10.515355"><ele>977</ele></trkpt>
      <trkpt lat="46.954856" lon="10.515481"><ele>979</ele></trkpt>
      <trkpt lat="46.954864" lon="10.515649"><ele>980</ele></trkpt>
      <trkpt lat="46.954929" lon="10.515907"><ele>981</ele></trkpt>
      <trkpt lat="46.955012" lon="10.516144"><ele>982</ele></trkpt>
      <trkpt lat="46.955090" lon="10.516440"><ele>982</ele></trkpt>
      <trkpt lat="46.955097" lon="10.516588"><ele>984</ele></trkpt>
      <trkpt lat="46.955295" lon="10.517039"><ele>984</ele></trkpt>
      <trkpt lat="46.955445" lon="10.517616"><ele>982</ele></trkpt>
      <trkpt lat="46.955488" lon="10.518141"><ele>984</ele></trkpt>
      <trkpt lat="46.955474" lon="10.518726"><ele>984</ele></trkpt>
      <trkpt lat="46.955573" lon="10.519174"><ele>984</ele></trkpt>
      <trkpt lat="46.955803" lon="10.519690"><ele>984</ele></trkpt>
      <trkpt lat="46.955891" lon="10.520151"><ele>984</ele></trkpt>
      <trkpt lat="46.956028" lon="10.520469"><ele>985</ele></trkpt>
      <trkpt lat="46.956250" lon="10.520743"><ele>986</ele></trkpt>
      <trkpt lat="46.956449" lon="10.521108"><ele>986</ele></trkpt>
      <trkpt lat="46.956608" lon="10.521495"><ele>990</ele></trkpt>
      <trkpt lat="46.956936" lon="10.522688"><ele>996</ele></trkpt>
      <trkpt lat="46.957069" lon="10.523065"><ele>994</ele></trkpt>
      <trkpt lat="46.957153" lon="10.523242"><ele>994</ele></trkpt>
      <trkpt lat="46.957212" lon="10.523448"><ele>994</ele></trkpt>
      <trkpt lat="46.957250" lon="10.523979"><ele>994</ele></trkpt>
      <trkpt lat="46.957273" lon="10.524139"><ele>993</ele></trkpt>
      <trkpt lat="46.957313" lon="10.524354"><ele>992</ele></trkpt>
      <trkpt lat="46.957394" lon="10.524636"><ele>993</ele></trkpt>
      <trkpt lat="46.957511" lon="10.524803"><ele>993</ele></trkpt>
      <trkpt lat="46.957802" lon="10.525027"><ele>989</ele></trkpt>
      <trkpt lat="46.958149" lon="10.525224"><ele>985</ele></trkpt>
      <trkpt lat="46.958277" lon="10.525235"><ele>983</ele></trkpt>
      <trkpt lat="46.958461" lon="10.525192"><ele>980</ele></trkpt>
      <trkpt lat="46.958626" lon="10.525140"><ele>980</ele></trkpt>
      <trkpt lat="46.958726" lon="10.525141"><ele>980</ele></trkpt>
      <trkpt lat="46.958822" lon="10.525213"><ele>980</ele></trkpt>
      <trkpt lat="46.958943" lon="10.525416"><ele>979</ele></trkpt>
      <trkpt lat="46.959036" lon="10.525615"><ele>979</ele></trkpt>
      <trkpt lat="46.959120" lon="10.525853"><ele>979</ele></trkpt>
      <trkpt lat="46.959180" lon="10.526152"><ele>979</ele></trkpt>
      <trkpt lat="46.959265" lon="10.526653"><ele>978</ele></trkpt>
      <trkpt lat="46.959398" lon="10.527496"><ele>978</ele></trkpt>
      <trkpt lat="46.959432" lon="10.527647"><ele>978</ele></trkpt>
      <trkpt lat="46.959515" lon="10.527897"><ele>978</ele></trkpt>
      <trkpt lat="46.959590" lon="10.528037"><ele>978</ele></trkpt>
      <trkpt lat="46.959690" lon="10.528170"><ele>978</ele></trkpt>
      <trkpt lat="46.959851" lon="10.528322"><ele>978</ele></trkpt>
      <trkpt lat="46.960165" lon="10.528538"><ele>978</ele></trkpt>
      <trkpt lat="46.960340" lon="10.528693"><ele>977</ele></trkpt>
      <trkpt lat="46.960548" lon="10.528968"><ele>977</ele></trkpt>
      <trkpt lat="46.960835" lon="10.529474"><ele>977</ele></trkpt>
      <trkpt lat="46.961481" lon="10.530709"><ele>976</ele></trkpt>
      <trkpt lat="46.961904" lon="10.531622"><ele>975</ele></trkpt>
      <trkpt lat="46.962209" lon="10.532503"><ele>974</ele></trkpt>
      <trkpt lat="46.962468" lon="10.533520"><ele>974</ele></trkpt>
      <trkpt lat="46.962717" lon="10.534437"><ele>974</ele></trkpt>
      <trkpt lat="46.962811" lon="10.534823"><ele>974</ele></trkpt>
      <trkpt lat="46.962897" lon="10.535009"><ele>974</ele></trkpt>
      <trkpt lat="46.962979" lon="10.535087"><ele>973</ele></trkpt>
      <trkpt lat="46.963325" lon="10.535359"><ele>971</ele></trkpt>
      <trkpt lat="46.963565" lon="10.535612"><ele>971</ele></trkpt>
      <trkpt lat="46.963752" lon="10.535884"><ele>970</ele></trkpt>
      <trkpt lat="46.963901" lon="10.536179"><ele>970</ele></trkpt>
      <trkpt lat="46.964007" lon="10.536484"><ele>969</ele></trkpt>
      <trkpt lat="46.964062" lon="10.536724"><ele>969</ele></trkpt>
      <trkpt lat="46.964113" lon="10.536864"><ele>968</ele></trkpt>
      <trkpt lat="46.964201" lon="10.537339"><ele>968</ele></trkpt>
      <trkpt lat="46.964313" lon="10.537769"><ele>968</ele></trkpt>
      <trkpt lat="46.964621" lon="10.538787"><ele>970</ele></trkpt>
      <trkpt lat="46.964653" lon="10.538856"><ele>970</ele></trkpt>
      <trkpt lat="46.964719" lon="10.538954"><ele>970</ele></trkpt>
      <trkpt lat="46.964996" lon="10.539244"><ele>972</ele></trkpt>
      <trkpt lat="46.965152" lon="10.539407"><ele>972</ele></trkpt>
      <trkpt lat="46.965218" lon="10.539479"><ele>972</ele></trkpt>
      <trkpt lat="46.965504" lon="10.539727"><ele>973</ele></trkpt>
      <trkpt lat="46.965833" lon="10.539845"><ele>971</ele></trkpt>
      <trkpt lat="46.965981" lon="10.539933"><ele>970</ele></trkpt>
      <trkpt lat="46.966168" lon="10.540154"><ele>971</ele></trkpt>
      <trkpt lat="46.966266" lon="10.540428"><ele>973</ele></trkpt>
      <trkpt lat="46.966488" lon="10.540929"><ele>973</ele></trkpt>
      <trkpt lat="46.966599" lon="10.541086"><ele>972</ele></trkpt>
      <trkpt lat="46.966789" lon="10.541405"><ele>972</ele></trkpt>
      <trkpt lat="46.966958" lon="10.541787"><ele>973</ele></trkpt>
      <trkpt lat="46.966975" lon="10.541815"><ele>973</ele></trkpt>
      <trkpt lat="46.967003" lon="10.541856"><ele>974</ele></trkpt>
      <trkpt lat="46.967067" lon="10.541936"><ele>974</ele></trkpt>
      <trkpt lat="46.967180" lon="10.542101"><ele>974</ele></trkpt>
      <trkpt lat="46.967276" lon="10.542386"><ele>974</ele></trkpt>
      <trkpt lat="46.967326" lon="10.542538"><ele>974</ele></trkpt>
      <trkpt lat="46.967367" lon="10.542665"><ele>974</ele></trkpt>
      <trkpt lat="46.967398" lon="10.542753"><ele>974</ele></trkpt>
      <trkpt lat="46.967628" lon="10.543021"><ele>974</ele></trkpt>
      <trkpt lat="46.967703" lon="10.543099"><ele>974</ele></trkpt>
      <trkpt lat="46.967885" lon="10.543287"><ele>974</ele></trkpt>
      <trkpt lat="46.967925" lon="10.543309"><ele>973</ele></trkpt>
      <trkpt lat="46.967961" lon="10.543339"><ele>973</ele></trkpt>
      <trkpt lat="46.967944" lon="10.543391"><ele>973</ele></trkpt>
      <trkpt lat="46.967947" lon="10.543449"><ele>973</ele></trkpt>
      <trkpt lat="46.967970" lon="10.543496"><ele>973</ele></trkpt>
      <trkpt lat="46.968006" lon="10.543520"><ele>973</ele></trkpt>
      <trkpt lat="46.967999" lon="10.543604"><ele>973</ele></trkpt>
      <trkpt lat="46.968025" lon="10.543804"><ele>973</ele></trkpt>
      <trkpt lat="46.968029" lon="10.543842"><ele>973</ele></trkpt>
      <trkpt lat="46.968107" lon="10.544004"><ele>972</ele></trkpt>
      <trkpt lat="46.968628" lon="10.544171"><ele>969</ele></trkpt>
      <trkpt lat="46.968967" lon="10.544135"><ele>966</ele></trkpt>
      <trkpt lat="46.969473" lon="10.544516"><ele>964</ele></trkpt>
      <trkpt lat="46.969977" lon="10.544863"><ele>960</ele></trkpt>
      <trkpt lat="46.970218" lon="10.545111"><ele>959</ele></trkpt>
      <trkpt lat="46.970620" lon="10.545574"><ele>957</ele></trkpt>
      <trkpt lat="46.970922" lon="10.545918"><ele>956</ele></trkpt>
      <trkpt lat="46.971056" lon="10.546161"><ele>955</ele></trkpt>
      <trkpt lat="46.971163" lon="10.546580"><ele>955</ele></trkpt>
      <trkpt lat="46.971513" lon="10.547733"><ele>954</ele></trkpt>
      <trkpt lat="46.971967" lon="10.549064"><ele>953</ele></trkpt>
      <trkpt lat="46.972418" lon="10.550121"><ele>952</ele></trkpt>
      <trkpt lat="46.973035" lon="10.551298"><ele>952</ele></trkpt>
      <trkpt lat="46.973194" lon="10.551525"><ele>952</ele></trkpt>
      <trkpt lat="46.973990" lon="10.552695"><ele>951</ele></trkpt>
      <trkpt lat="46.974679" lon="10.553673"><ele>951</ele></trkpt>
      <trkpt lat="46.975274" lon="10.554543"><ele>954</ele></trkpt>
      <trkpt lat="46.975539" lon="10.554881"><ele>952</ele></trkpt>
      <trkpt lat="46.975688" lon="10.555230"><ele>954</ele></trkpt>
      <trkpt lat="46.976079" lon="10.555711"><ele>954</ele></trkpt>
      <trkpt lat="46.976897" lon="10.556807"><ele>954</ele></trkpt>
      <trkpt lat="46.977370" lon="10.557605"><ele>962</ele></trkpt>
      <trkpt lat="46.978144" lon="10.559255"><ele>950</ele></trkpt>
      <trkpt lat="46.978179" lon="10.559450"><ele>953</ele></trkpt>
      <trkpt lat="46.978356" lon="10.559912"><ele>949</ele></trkpt>
      <trkpt lat="46.978599" lon="10.560162"><ele>948</ele></trkpt>
      <trkpt lat="46.978646" lon="10.560210"><ele>948</ele></trkpt>
      <trkpt lat="46.979369" lon="10.561675"><ele>947</ele></trkpt>
      <trkpt lat="46.979668" lon="10.562223"><ele>947</ele></trkpt>
      <trkpt lat="46.980418" lon="10.563075"><ele>946</ele></trkpt>
      <trkpt lat="46.980501" lon="10.563184"><ele>946</ele></trkpt>
      <trkpt lat="46.980571" lon="10.563300"><ele>947</ele></trkpt>
      <trkpt lat="46.980653" lon="10.563488"><ele>946</ele></trkpt>
      <trkpt lat="46.980724" lon="10.563683"><ele>946</ele></trkpt>
      <trkpt lat="46.981064" lon="10.564701"><ele>947</ele></trkpt>
      <trkpt lat="46.981118" lon="10.564905"><ele>948</ele></trkpt>
      <trkpt lat="46.981161" lon="10.565112"><ele>948</ele></trkpt>
      <trkpt lat="46.981372" lon="10.566884"><ele>946</ele></trkpt>
      <trkpt lat="46.981427" lon="10.567171"><ele>946</ele></trkpt>
      <trkpt lat="46.981590" lon="10.567437"><ele>946</ele></trkpt>
      <trkpt lat="46.981674" lon="10.567602"><ele>947</ele></trkpt>
      <trkpt lat="46.982102" lon="10.568264"><ele>947</ele></trkpt>
      <trkpt lat="46.982202" lon="10.568352"><ele>945</ele></trkpt>
      <trkpt lat="46.982573" lon="10.568525"><ele>945</ele></trkpt>
      <trkpt lat="46.983436" lon="10.569381"><ele>946</ele></trkpt>
      <trkpt lat="46.983742" lon="10.569765"><ele>944</ele></trkpt>
      <trkpt lat="46.983967" lon="10.569900"><ele>944</ele></trkpt>
      <trkpt lat="46.985148" lon="10.571502"><ele>951</ele></trkpt>
      <trkpt lat="46.985267" lon="10.571663"><ele>950</ele></trkpt>
      <trkpt lat="46.985778" lon="10.571956"><ele>951</ele></trkpt>
      <trkpt lat="46.986649" lon="10.572781"><ele>959</ele></trkpt>
      <trkpt lat="46.988124" lon="10.574591"><ele>954</ele></trkpt>
      <trkpt lat="46.988379" lon="10.574839"><ele>951</ele></trkpt>
      <trkpt lat="46.988605" lon="10.575008"><ele>947</ele></trkpt>
      <trkpt lat="46.988711" lon="10.575057"><ele>948</ele></trkpt>
      <trkpt lat="46.988826" lon="10.575060"><ele>948</ele></trkpt>
      <trkpt lat="46.989064" lon="10.575107"><ele>948</ele></trkpt>
      <trkpt lat="46.989169" lon="10.575107"><ele>948</ele></trkpt>
      <trkpt lat="46.989771" lon="10.575233"><ele>944</ele></trkpt>
      <trkpt lat="46.990219" lon="10.575401"><ele>942</ele></trkpt>
      <trkpt lat="46.990660" lon="10.575651"><ele>940</ele></trkpt>
      <trkpt lat="46.991901" lon="10.576505"><ele>938</ele></trkpt>
      <trkpt lat="46.992058" lon="10.576655"><ele>940</ele></trkpt>
      <trkpt lat="46.992229" lon="10.576855"><ele>940</ele></trkpt>
      <trkpt lat="46.992272" lon="10.576713"><ele>937</ele></trkpt>
      <trkpt lat="46.992480" lon="10.576115"><ele>936</ele></trkpt>
      <trkpt lat="46.992537" lon="10.575993"><ele>938</ele></trkpt>
      <trkpt lat="46.992669" lon="10.575624"><ele>940</ele></trkpt>
      <trkpt lat="46.992692" lon="10.575558"><ele>940</ele></trkpt>
      <trkpt lat="46.992809" lon="10.575422"><ele>940</ele></trkpt>
      <trkpt lat="46.992837" lon="10.575227"><ele>940</ele></trkpt>
      <trkpt lat="46.992923" lon="10.575176"><ele>940</ele></trkpt>
      <trkpt lat="46.993000" lon="10.575146"><ele>940</ele></trkpt>
      <trkpt lat="46.993150" lon="10.575145"><ele>942</ele></trkpt>
      <trkpt lat="46.993675" lon="10.575714"><ele>944</ele></trkpt>
      <trkpt lat="46.993854" lon="10.575974"><ele>944</ele></trkpt>
      <trkpt lat="46.993968" lon="10.576156"><ele>944</ele></trkpt>
      <trkpt lat="46.994843" lon="10.577675"><ele>947</ele></trkpt>
      <trkpt lat="46.995180" lon="10.578194"><ele>947</ele></trkpt>
      <trkpt lat="46.995841" lon="10.579052"><ele>945</ele></trkpt>
      <trkpt lat="46.995942" lon="10.579241"><ele>944</ele></trkpt>
      <trkpt lat="46.996175" lon="10.579739"><ele>945</ele></trkpt>
      <trkpt lat="46.996403" lon="10.580361"><ele>950</ele></trkpt>
      <trkpt lat="46.996459" lon="10.580495"><ele>951</ele></trkpt>
      <trkpt lat="46.996564" lon="10.580707"><ele>950</ele></trkpt>
      <trkpt lat="46.996675" lon="10.580910"><ele>949</ele></trkpt>
      <trkpt lat="46.996811" lon="10.581093"><ele>950</ele></trkpt>
      <trkpt lat="46.997406" lon="10.581655"><ele>952</ele></trkpt>
      <trkpt lat="46.997995" lon="10.582200"><ele>951</ele></trkpt>
      <trkpt lat="46.998046" lon="10.582259"><ele>951</ele></trkpt>
      <trkpt lat="46.998097" lon="10.582342"><ele>951</ele></trkpt>
      <trkpt lat="46.998351" lon="10.582899"><ele>950</ele></trkpt>
      <trkpt lat="46.998512" lon="10.583368"><ele>952</ele></trkpt>
      <trkpt lat="46.998533" lon="10.583450"><ele>952</ele></trkpt>
      <trkpt lat="46.998575" lon="10.583629"><ele>952</ele></trkpt>
      <trkpt lat="46.998628" lon="10.583795"><ele>952</ele></trkpt>
      <trkpt lat="46.998784" lon="10.584372"><ele>952</ele></trkpt>
      <trkpt lat="46.998846" lon="10.584562"><ele>952</ele></trkpt>
      <trkpt lat="46.998951" lon="10.584806"><ele>952</ele></trkpt>
      <trkpt lat="46.999059" lon="10.585027"><ele>953</ele></trkpt>
      <trkpt lat="46.999445" lon="10.585783"><ele>953</ele></trkpt>
      <trkpt lat="46.999529" lon="10.585909"><ele>952</ele></trkpt>
      <trkpt lat="46.999634" lon="10.586018"><ele>952</ele></trkpt>
      <trkpt lat="46.999827" lon="10.586166"><ele>953</ele></trkpt>
      <trkpt lat="46.999909" lon="10.586253"><ele>953</ele></trkpt>
      <trkpt lat="47.000160" lon="10.586606"><ele>951</ele></trkpt>
      <trkpt lat="47.000336" lon="10.586823"><ele>950</ele></trkpt>
      <trkpt lat="47.000358" lon="10.586841"><ele>950</ele></trkpt>
      <trkpt lat="47.000473" lon="10.586930"><ele>948</ele></trkpt>
      <trkpt lat="47.000806" lon="10.587156"><ele>945</ele></trkpt>
      <trkpt lat="47.000899" lon="10.587220"><ele>944</ele></trkpt>
      <trkpt lat="47.001523" lon="10.587502"><ele>941</ele></trkpt>
      <trkpt lat="47.001618" lon="10.587553"><ele>941</ele></trkpt>
      <trkpt lat="47.001759" lon="10.587628"><ele>943</ele></trkpt>
      <trkpt lat="47.001859" lon="10.587787"><ele>941</ele></trkpt>
      <trkpt lat="47.001878" lon="10.587819"><ele>941</ele></trkpt>
      <trkpt lat="47.001953" lon="10.588013"><ele>940</ele></trkpt>
      <trkpt lat="47.002095" lon="10.588332"><ele>940</ele></trkpt>
      <trkpt lat="47.002201" lon="10.588526"><ele>941</ele></trkpt>
      <trkpt lat="47.002478" lon="10.588897"><ele>942</ele></trkpt>
      <trkpt lat="47.002584" lon="10.589002"><ele>943</ele></trkpt>
      <trkpt lat="47.002768" lon="10.589182"><ele>942</ele></trkpt>
      <trkpt lat="47.003040" lon="10.589571"><ele>948</ele></trkpt>
      <trkpt lat="47.003271" lon="10.589916"><ele>946</ele></trkpt>
      <trkpt lat="47.003417" lon="10.590065"><ele>946</ele></trkpt>
      <trkpt lat="47.003520" lon="10.590131"><ele>947</ele></trkpt>
      <trkpt lat="47.004233" lon="10.590532"><ele>948</ele></trkpt>
      <trkpt lat="47.004358" lon="10.590588"><ele>948</ele></trkpt>
      <trkpt lat="47.004770" lon="10.590726"><ele>946</ele></trkpt>
      <trkpt lat="47.004940" lon="10.590822"><ele>946</ele></trkpt>
      <trkpt lat="47.005054" lon="10.590924"><ele>945</ele></trkpt>
      <trkpt lat="47.005597" lon="10.591581"><ele>942</ele></trkpt>
      <trkpt lat="47.005974" lon="10.591994"><ele>944</ele></trkpt>
      <trkpt lat="47.006118" lon="10.592224"><ele>942</ele></trkpt>
      <trkpt lat="47.006318" lon="10.592632"><ele>942</ele></trkpt>
      <trkpt lat="47.006487" lon="10.592932"><ele>941</ele></trkpt>
      <trkpt lat="47.006655" lon="10.593149"><ele>942</ele></trkpt>
      <trkpt lat="47.006860" lon="10.593358"><ele>942</ele></trkpt>
      <trkpt lat="47.007095" lon="10.593508"><ele>940</ele></trkpt>
      <trkpt lat="47.007483" lon="10.593651"><ele>941</ele></trkpt>
      <trkpt lat="47.007634" lon="10.593752"><ele>942</ele></trkpt>
      <trkpt lat="47.007811" lon="10.593979"><ele>943</ele></trkpt>
      <trkpt lat="47.007934" lon="10.594256"><ele>943</ele></trkpt>
      <trkpt lat="47.008068" lon="10.594640"><ele>942</ele></trkpt>
      <trkpt lat="47.008305" lon="10.595260"><ele>941</ele></trkpt>
      <trkpt lat="47.008400" lon="10.595482"><ele>942</ele></trkpt>
      <trkpt lat="47.008504" lon="10.595702"><ele>942</ele></trkpt>
      <trkpt lat="47.008634" lon="10.595922"><ele>941</ele></trkpt>
      <trkpt lat="47.009040" lon="10.596428"><ele>945</ele></trkpt>
      <trkpt lat="47.009272" lon="10.596706"><ele>946</ele></trkpt>
      <trkpt lat="47.009317" lon="10.596768"><ele>946</ele></trkpt>
      <trkpt lat="47.009484" lon="10.596994"><ele>946</ele></trkpt>
      <trkpt lat="47.009575" lon="10.597134"><ele>947</ele></trkpt>
      <trkpt lat="47.009729" lon="10.597323"><ele>947</ele></trkpt>
      <trkpt lat="47.010155" lon="10.597691"><ele>949</ele></trkpt>
      <trkpt lat="47.010248" lon="10.597775"><ele>949</ele></trkpt>
      <trkpt lat="47.010569" lon="10.598045"><ele>948</ele></trkpt>
      <trkpt lat="47.010700" lon="10.598086"><ele>947</ele></trkpt>
      <trkpt lat="47.010805" lon="10.598103"><ele>946</ele></trkpt>
      <trkpt lat="47.010953" lon="10.598098"><ele>945</ele></trkpt>
      <trkpt lat="47.011126" lon="10.598096"><ele>943</ele></trkpt>
      <trkpt lat="47.011458" lon="10.598116"><ele>946</ele></trkpt>
      <trkpt lat="47.011580" lon="10.598144"><ele>945</ele></trkpt>
      <trkpt lat="47.011988" lon="10.598287"><ele>944</ele></trkpt>
      <trkpt lat="47.012265" lon="10.598442"><ele>942</ele></trkpt>
      <trkpt lat="47.012851" lon="10.598905"><ele>940</ele></trkpt>
      <trkpt lat="47.013090" lon="10.599133"><ele>938</ele></trkpt>
      <trkpt lat="47.013386" lon="10.599505"><ele>938</ele></trkpt>
      <trkpt lat="47.013480" lon="10.599648"><ele>936</ele></trkpt>
      <trkpt lat="47.013517" lon="10.599770"><ele>932</ele></trkpt>
      <trkpt lat="47.013514" lon="10.599829"><ele>930</ele></trkpt>
      <trkpt lat="47.013419" lon="10.600350"><ele>926</ele></trkpt>
      <trkpt lat="47.013395" lon="10.600519"><ele>930</ele></trkpt>
      <trkpt lat="47.013429" lon="10.600711"><ele>931</ele></trkpt>
      <trkpt lat="47.013490" lon="10.600864"><ele>930</ele></trkpt>
      <trkpt lat="47.013836" lon="10.601360"><ele>931</ele></trkpt>
      <trkpt lat="47.014111" lon="10.601803"><ele>930</ele></trkpt>
      <trkpt lat="47.014662" lon="10.602784"><ele>930</ele></trkpt>
      <trkpt lat="47.015214" lon="10.603801"><ele>930</ele></trkpt>
      <trkpt lat="47.015320" lon="10.603960"><ele>930</ele></trkpt>
      <trkpt lat="47.015729" lon="10.604427"><ele>930</ele></trkpt>
      <trkpt lat="47.015784" lon="10.604514"><ele>930</ele></trkpt>
      <trkpt lat="47.015873" lon="10.604716"><ele>931</ele></trkpt>
      <trkpt lat="47.015971" lon="10.604819"><ele>930</ele></trkpt>
      <trkpt lat="47.016143" lon="10.604974"><ele>930</ele></trkpt>
      <trkpt lat="47.016902" lon="10.605656"><ele>931</ele></trkpt>
      <trkpt lat="47.017307" lon="10.606020"><ele>931</ele></trkpt>
      <trkpt lat="47.017510" lon="10.606210"><ele>930</ele></trkpt>
      <trkpt lat="47.017577" lon="10.606285"><ele>930</ele></trkpt>
      <trkpt lat="47.017758" lon="10.606571"><ele>930</ele></trkpt>
      <trkpt lat="47.017803" lon="10.606633"><ele>930</ele></trkpt>
      <trkpt lat="47.017823" lon="10.606661"><ele>930</ele></trkpt>
      <trkpt lat="47.017940" lon="10.606827"><ele>929</ele></trkpt>
      <trkpt lat="47.018069" lon="10.607016"><ele>928</ele></trkpt>
      <trkpt lat="47.018143" lon="10.607155"><ele>928</ele></trkpt>
      <trkpt lat="47.018314" lon="10.607483"><ele>928</ele></trkpt>
      <trkpt lat="47.018383" lon="10.607625"><ele>928</ele></trkpt>
      <trkpt lat="47.018497" lon="10.607829"><ele>927</ele></trkpt>
      <trkpt lat="47.018664" lon="10.608078"><ele>927</ele></trkpt>
      <trkpt lat="47.018872" lon="10.608323"><ele>927</ele></trkpt>
      <trkpt lat="47.019003" lon="10.608456"><ele>926</ele></trkpt>
      <trkpt lat="47.019165" lon="10.608591"><ele>926</ele></trkpt>
      <trkpt lat="47.019277" lon="10.608671"><ele>926</ele></trkpt>
      <trkpt lat="47.019657" lon="10.608932"><ele>926</ele></trkpt>
      <trkpt lat="47.020115" lon="10.609215"><ele>925</ele></trkpt>
      <trkpt lat="47.020399" lon="10.609407"><ele>924</ele></trkpt>
      <trkpt lat="47.020477" lon="10.609482"><ele>924</ele></trkpt>
      <trkpt lat="47.020608" lon="10.609634"><ele>923</ele></trkpt>
      <trkpt lat="47.020715" lon="10.609789"><ele>922</ele></trkpt>
      <trkpt lat="47.020810" lon="10.609983"><ele>924</ele></trkpt>
      <trkpt lat="47.020925" lon="10.610307"><ele>920</ele></trkpt>
      <trkpt lat="47.021109" lon="10.611057"><ele>923</ele></trkpt>
      <trkpt lat="47.021174" lon="10.611322"><ele>921</ele></trkpt>
      <trkpt lat="47.021269" lon="10.611614"><ele>921</ele></trkpt>
      <trkpt lat="47.021342" lon="10.611823"><ele>921</ele></trkpt>
      <trkpt lat="47.021406" lon="10.612019"><ele>920</ele></trkpt>
      <trkpt lat="47.021481" lon="10.612220"><ele>917</ele></trkpt>
      <trkpt lat="47.021621" lon="10.612613"><ele>918</ele></trkpt>
      <trkpt lat="47.021747" lon="10.612991"><ele>917</ele></trkpt>
      <trkpt lat="47.021798" lon="10.613287"><ele>916</ele></trkpt>
      <trkpt lat="47.021828" lon="10.613458"><ele>916</ele></trkpt>
      <trkpt lat="47.021952" lon="10.614154"><ele>918</ele></trkpt>
      <trkpt lat="47.022030" lon="10.614592"><ele>916</ele></trkpt>
      <trkpt lat="47.022215" lon="10.615390"><ele>917</ele></trkpt>
      <trkpt lat="47.022352" lon="10.615893"><ele>914</ele></trkpt>
      <trkpt lat="47.022430" lon="10.616188"><ele>916</ele></trkpt>
      <trkpt lat="47.022563" lon="10.616657"><ele>915</ele></trkpt>
      <trkpt lat="47.022932" lon="10.617696"><ele>914</ele></trkpt>
      <trkpt lat="47.023071" lon="10.618073"><ele>916</ele></trkpt>
      <trkpt lat="47.023359" lon="10.618646"><ele>917</ele></trkpt>
      <trkpt lat="47.023713" lon="10.619192"><ele>916</ele></trkpt>
      <trkpt lat="47.023832" lon="10.619369"><ele>917</ele></trkpt>
      <trkpt lat="47.024513" lon="10.620480"><ele>921</ele></trkpt>
      <trkpt lat="47.024555" lon="10.620524"><ele>922</ele></trkpt>
      <trkpt lat="47.024674" lon="10.620654"><ele>922</ele></trkpt>
      <trkpt lat="47.024810" lon="10.620828"><ele>922</ele></trkpt>
      <trkpt lat="47.024862" lon="10.620888"><ele>922</ele></trkpt>
      <trkpt lat="47.025090" lon="10.621184"><ele>920</ele></trkpt>
      <trkpt lat="47.025460" lon="10.621696"><ele>919</ele></trkpt>
      <trkpt lat="47.025550" lon="10.621875"><ele>918</ele></trkpt>
      <trkpt lat="47.025619" lon="10.622096"><ele>918</ele></trkpt>
      <trkpt lat="47.025663" lon="10.622293"><ele>918</ele></trkpt>
      <trkpt lat="47.025684" lon="10.622572"><ele>918</ele></trkpt>
      <trkpt lat="47.025762" lon="10.622700"><ele>917</ele></trkpt>
      <trkpt lat="47.025814" lon="10.622795"><ele>916</ele></trkpt>
      <trkpt lat="47.025926" lon="10.623009"><ele>917</ele></trkpt>
      <trkpt lat="47.025978" lon="10.623110"><ele>916</ele></trkpt>
      <trkpt lat="47.027442" lon="10.625929"><ele>911</ele></trkpt>
      <trkpt lat="47.027614" lon="10.626213"><ele>910</ele></trkpt>
      <trkpt lat="47.027751" lon="10.626378"><ele>910</ele></trkpt>
      <trkpt lat="47.027924" lon="10.626485"><ele>909</ele></trkpt>
      <trkpt lat="47.028079" lon="10.626555"><ele>908</ele></trkpt>
      <trkpt lat="47.029361" lon="10.626725"><ele>906</ele></trkpt>
      <trkpt lat="47.029578" lon="10.626754"><ele>906</ele></trkpt>
      <trkpt lat="47.029831" lon="10.626869"><ele>906</ele></trkpt>
      <trkpt lat="47.029968" lon="10.626991"><ele>906</ele></trkpt>
      <trkpt lat="47.030668" lon="10.627912"><ele>906</ele></trkpt>
      <trkpt lat="47.030689" lon="10.627947"><ele>905</ele></trkpt>
      <trkpt lat="47.030931" lon="10.628341"><ele>905</ele></trkpt>
      <trkpt lat="47.031033" lon="10.628563"><ele>905</ele></trkpt>
      <trkpt lat="47.031073" lon="10.628727"><ele>905</ele></trkpt>
      <trkpt lat="47.031079" lon="10.628753"><ele>905</ele></trkpt>
      <trkpt lat="47.031202" lon="10.629449"><ele>910</ele></trkpt>
      <trkpt lat="47.031231" lon="10.629621"><ele>909</ele></trkpt>
      <trkpt lat="47.031283" lon="10.629861"><ele>909</ele></trkpt>
      <trkpt lat="47.031310" lon="10.629846"><ele>909</ele></trkpt>
      <trkpt lat="47.031344" lon="10.629852"><ele>908</ele></trkpt>
      <trkpt lat="47.031478" lon="10.630064"><ele>907</ele></trkpt>
      <trkpt lat="47.031707" lon="10.630273"><ele>906</ele></trkpt>
      <trkpt lat="47.032358" lon="10.630671"><ele>902</ele></trkpt>
      <trkpt lat="47.032639" lon="10.630917"><ele>902</ele></trkpt>
      <trkpt lat="47.033519" lon="10.631322"><ele>900</ele></trkpt>
      <trkpt lat="47.034173" lon="10.631690"><ele>900</ele></trkpt>
      <trkpt lat="47.034780" lon="10.631954"><ele>900</ele></trkpt>
      <trkpt lat="47.034842" lon="10.631957"><ele>900</ele></trkpt>
      <trkpt lat="47.034897" lon="10.631923"><ele>899</ele></trkpt>
      <trkpt lat="47.035154" lon="10.631372"><ele>899</ele></trkpt>
      <trkpt lat="47.035342" lon="10.631013"><ele>898</ele></trkpt>
      <trkpt lat="47.035408" lon="10.630871"><ele>898</ele></trkpt>
      <trkpt lat="47.035497" lon="10.630737"><ele>899</ele></trkpt>
      <trkpt lat="47.035731" lon="10.630649"><ele>900</ele></trkpt>
      <trkpt lat="47.036433" lon="10.630628"><ele>898</ele></trkpt>
      <trkpt lat="47.036527" lon="10.630603"><ele>898</ele></trkpt>
      <trkpt lat="47.036557" lon="10.630516"><ele>900</ele></trkpt>
      <trkpt lat="47.036561" lon="10.629977"><ele>903</ele></trkpt>
      <trkpt lat="47.036547" lon="10.629865"><ele>900</ele></trkpt>
      <trkpt lat="47.036607" lon="10.629812"><ele>899</ele></trkpt>
      <trkpt lat="47.036898" lon="10.629818"><ele>899</ele></trkpt>
      <trkpt lat="47.037280" lon="10.629802"><ele>900</ele></trkpt>
      <trkpt lat="47.037603" lon="10.629846"><ele>900</ele></trkpt>
      <trkpt lat="47.037895" lon="10.629836"><ele>899</ele></trkpt>
      <trkpt lat="47.038363" lon="10.629963"><ele>898</ele></trkpt>
      <trkpt lat="47.038519" lon="10.630018"><ele>898</ele></trkpt>
      <trkpt lat="47.038796" lon="10.630131"><ele>899</ele></trkpt>
      <trkpt lat="47.039074" lon="10.630255"><ele>898</ele></trkpt>
      <trkpt lat="47.039276" lon="10.630355"><ele>898</ele></trkpt>
      <trkpt lat="47.039462" lon="10.630465"><ele>898</ele></trkpt>
      <trkpt lat="47.039830" lon="10.630704"><ele>897</ele></trkpt>
      <trkpt lat="47.040039" lon="10.630878"><ele>896</ele></trkpt>
      <trkpt lat="47.040264" lon="10.631096"><ele>896</ele></trkpt>
      <trkpt lat="47.040595" lon="10.631453"><ele>897</ele></trkpt>
      <trkpt lat="47.040759" lon="10.631657"><ele>897</ele></trkpt>
      <trkpt lat="47.040875" lon="10.631851"><ele>898</ele></trkpt>
      <trkpt lat="47.041049" lon="10.632298"><ele>898</ele></trkpt>
      <trkpt lat="47.041401" lon="10.632842"><ele>898</ele></trkpt>
      <trkpt lat="47.041746" lon="10.633454"><ele>896</ele></trkpt>
      <trkpt lat="47.041857" lon="10.633731"><ele>895</ele></trkpt>
      <trkpt lat="47.041893" lon="10.633860"><ele>896</ele></trkpt>
      <trkpt lat="47.041941" lon="10.633961"><ele>896</ele></trkpt>
      <trkpt lat="47.042079" lon="10.634258"><ele>894</ele></trkpt>
      <trkpt lat="47.043074" lon="10.636286"><ele>896</ele></trkpt>
      <trkpt lat="47.043947" lon="10.638007"><ele>896</ele></trkpt>
      <trkpt lat="47.044397" lon="10.638820"><ele>894</ele></trkpt>
      <trkpt lat="47.044924" lon="10.639591"><ele>892</ele></trkpt>
      <trkpt lat="47.045033" lon="10.639645"><ele>891</ele></trkpt>
      <trkpt lat="47.045081" lon="10.639677"><ele>891</ele></trkpt>
      <trkpt lat="47.045126" lon="10.639722"><ele>890</ele></trkpt>
      <trkpt lat="47.045196" lon="10.639822"><ele>890</ele></trkpt>
      <trkpt lat="47.045369" lon="10.639968"><ele>890</ele></trkpt>
      <trkpt lat="47.045441" lon="10.640043"><ele>889</ele></trkpt>
      <trkpt lat="47.045469" lon="10.640094"><ele>889</ele></trkpt>
      <trkpt lat="47.045456" lon="10.640168"><ele>890</ele></trkpt>
      <trkpt lat="47.045363" lon="10.640623"><ele>892</ele></trkpt>
      <trkpt lat="47.045392" lon="10.640718"><ele>893</ele></trkpt>
      <trkpt lat="47.045595" lon="10.640887"><ele>891</ele></trkpt>
      <trkpt lat="47.046938" lon="10.642010"><ele>894</ele></trkpt>
      <trkpt lat="47.047237" lon="10.642236"><ele>894</ele></trkpt>
      <trkpt lat="47.047485" lon="10.642450"><ele>894</ele></trkpt>
      <trkpt lat="47.047626" lon="10.642622"><ele>895</ele></trkpt>
      <trkpt lat="47.047651" lon="10.642683"><ele>895</ele></trkpt>
      <trkpt lat="47.047967" lon="10.643894"><ele>894</ele></trkpt>
      <trkpt lat="47.048393" lon="10.645110"><ele>892</ele></trkpt>
      <trkpt lat="47.048509" lon="10.645374"><ele>891</ele></trkpt>
      <trkpt lat="47.048724" lon="10.645775"><ele>890</ele></trkpt>
      <trkpt lat="47.049058" lon="10.646512"><ele>889</ele></trkpt>
      <trkpt lat="47.049318" lon="10.646929"><ele>889</ele></trkpt>
      <trkpt lat="47.049341" lon="10.647053"><ele>889</ele></trkpt>
      <trkpt lat="47.049453" lon="10.647146"><ele>888</ele></trkpt>
      <trkpt lat="47.049763" lon="10.647418"><ele>888</ele></trkpt>
      <trkpt lat="47.049874" lon="10.647551"><ele>888</ele></trkpt>
      <trkpt lat="47.049885" lon="10.647564"><ele>888</ele></trkpt>
      <trkpt lat="47.050022" lon="10.647728"><ele>887</ele></trkpt>
      <trkpt lat="47.050106" lon="10.647836"><ele>887</ele></trkpt>
      <trkpt lat="47.050164" lon="10.647930"><ele>886</ele></trkpt>
      <trkpt lat="47.050307" lon="10.648192"><ele>886</ele></trkpt>
      <trkpt lat="47.050621" lon="10.648765"><ele>884</ele></trkpt>
      <trkpt lat="47.050661" lon="10.648838"><ele>884</ele></trkpt>
      <trkpt lat="47.051212" lon="10.649628"><ele>884</ele></trkpt>
      <trkpt lat="47.051371" lon="10.649859"><ele>883</ele></trkpt>
      <trkpt lat="47.052061" lon="10.650867"><ele>883</ele></trkpt>
      <trkpt lat="47.052102" lon="10.650932"><ele>883</ele></trkpt>
      <trkpt lat="47.052135" lon="10.650984"><ele>882</ele></trkpt>
      <trkpt lat="47.052472" lon="10.651559"><ele>882</ele></trkpt>
      <trkpt lat="47.052621" lon="10.651826"><ele>882</ele></trkpt>
      <trkpt lat="47.052713" lon="10.651985"><ele>881</ele></trkpt>
      <trkpt lat="47.052924" lon="10.652224"><ele>880</ele></trkpt>
      <trkpt lat="47.053132" lon="10.652386"><ele>879</ele></trkpt>
      <trkpt lat="47.053351" lon="10.652525"><ele>877</ele></trkpt>
      <trkpt lat="47.053458" lon="10.652585"><ele>877</ele></trkpt>
      <trkpt lat="47.053504" lon="10.652610"><ele>877</ele></trkpt>
      <trkpt lat="47.053544" lon="10.652632"><ele>876</ele></trkpt>
      <trkpt lat="47.054263" lon="10.653031"><ele>876</ele></trkpt>
      <trkpt lat="47.054561" lon="10.653200"><ele>876</ele></trkpt>
      <trkpt lat="47.054639" lon="10.653264"><ele>876</ele></trkpt>
      <trkpt lat="47.054776" lon="10.653383"><ele>876</ele></trkpt>
      <trkpt lat="47.054841" lon="10.653445"><ele>876</ele></trkpt>
      <trkpt lat="47.054902" lon="10.653543"><ele>876</ele></trkpt>
      <trkpt lat="47.055048" lon="10.653770"><ele>875</ele></trkpt>
      <trkpt lat="47.055096" lon="10.653839"><ele>875</ele></trkpt>
      <trkpt lat="47.055218" lon="10.654017"><ele>875</ele></trkpt>
      <trkpt lat="47.055250" lon="10.654129"><ele>875</ele></trkpt>
      <trkpt lat="47.055253" lon="10.654338"><ele>875</ele></trkpt>
      <trkpt lat="47.055274" lon="10.654422"><ele>875</ele></trkpt>
      <trkpt lat="47.055310" lon="10.654482"><ele>875</ele></trkpt>
      <trkpt lat="47.055473" lon="10.654635"><ele>875</ele></trkpt>
      <trkpt lat="47.055498" lon="10.654687"><ele>875</ele></trkpt>
      <trkpt lat="47.055508" lon="10.654743"><ele>875</ele></trkpt>
      <trkpt lat="47.055512" lon="10.654934"><ele>875</ele></trkpt>
      <trkpt lat="47.055518" lon="10.655305"><ele>875</ele></trkpt>
      <trkpt lat="47.055508" lon="10.655654"><ele>874</ele></trkpt>
      <trkpt lat="47.055495" lon="10.655761"><ele>874</ele></trkpt>
      <trkpt lat="47.055481" lon="10.655867"><ele>874</ele></trkpt>
      <trkpt lat="47.055459" lon="10.655969"><ele>874</ele></trkpt>
      <trkpt lat="47.055752" lon="10.656271"><ele>874</ele></trkpt>
      <trkpt lat="47.055812" lon="10.656310"><ele>874</ele></trkpt>
      <trkpt lat="47.056081" lon="10.656446"><ele>875</ele></trkpt>
      <trkpt lat="47.056200" lon="10.656508"><ele>875</ele></trkpt>
      <trkpt lat="47.056293" lon="10.656572"><ele>875</ele></trkpt>
      <trkpt lat="47.056500" lon="10.656850"><ele>875</ele></trkpt>
      <trkpt lat="47.056540" lon="10.656904"><ele>875</ele></trkpt>
      <trkpt lat="47.056729" lon="10.657158"><ele>876</ele></trkpt>
      <trkpt lat="47.056926" lon="10.656765"><ele>875</ele></trkpt>
      <trkpt lat="47.057068" lon="10.656251"><ele>875</ele></trkpt>
      <trkpt lat="47.057535" lon="10.656600"><ele>874</ele></trkpt>
      <trkpt lat="47.057840" lon="10.656905"><ele>873</ele></trkpt>
      <trkpt lat="47.058014" lon="10.657130"><ele>873</ele></trkpt>
      <trkpt lat="47.058139" lon="10.657235"><ele>873</ele></trkpt>
      <trkpt lat="47.058667" lon="10.657470"><ele>873</ele></trkpt>
      <trkpt lat="47.058752" lon="10.657509"><ele>873</ele></trkpt>
      <trkpt lat="47.058951" lon="10.657221"><ele>875</ele></trkpt>
      <trkpt lat="47.059281" lon="10.657532"><ele>874</ele></trkpt>
      <trkpt lat="47.059965" lon="10.658036"><ele>873</ele></trkpt>
      <trkpt lat="47.060399" lon="10.658267"><ele>874</ele></trkpt>
      <trkpt lat="47.060695" lon="10.658424"><ele>873</ele></trkpt>
      <trkpt lat="47.060910" lon="10.658525"><ele>872</ele></trkpt>
      <trkpt lat="47.061147" lon="10.658630"><ele>873</ele></trkpt>
      <trkpt lat="47.061302" lon="10.658699"><ele>874</ele></trkpt>
      <trkpt lat="47.062544" lon="10.658993"><ele>873</ele></trkpt>
      <trkpt lat="47.062960" lon="10.659087"><ele>874</ele></trkpt>
      <trkpt lat="47.063357" lon="10.659151"><ele>871</ele></trkpt>
      <trkpt lat="47.063662" lon="10.659250"><ele>868</ele></trkpt>
      <trkpt lat="47.064010" lon="10.659447"><ele>873</ele></trkpt>
      <trkpt lat="47.064076" lon="10.659613"><ele>872</ele></trkpt>
      <trkpt lat="47.064142" lon="10.659784"><ele>870</ele></trkpt>
      <trkpt lat="47.064369" lon="10.659967"><ele>870</ele></trkpt>
      <trkpt lat="47.064863" lon="10.660333"><ele>869</ele></trkpt>
      <trkpt lat="47.065418" lon="10.660745"><ele>869</ele></trkpt>
      <trkpt lat="47.065697" lon="10.660919"><ele>869</ele></trkpt>
      <trkpt lat="47.066105" lon="10.661047"><ele>869</ele></trkpt>
      <trkpt lat="47.066452" lon="10.661121"><ele>869</ele></trkpt>
      <trkpt lat="47.066690" lon="10.661099"><ele>870</ele></trkpt>
      <trkpt lat="47.066782" lon="10.661144"><ele>872</ele></trkpt>
      <trkpt lat="47.067337" lon="10.661637"><ele>872</ele></trkpt>
      <trkpt lat="47.067604" lon="10.662013"><ele>871</ele></trkpt>
      <trkpt lat="47.068157" lon="10.662722"><ele>870</ele></trkpt>
      <trkpt lat="47.068242" lon="10.663000"><ele>871</ele></trkpt>
      <trkpt lat="47.068320" lon="10.663088"><ele>871</ele></trkpt>
      <trkpt lat="47.068517" lon="10.663304"><ele>870</ele></trkpt>
      <trkpt lat="47.068610" lon="10.663373"><ele>868</ele></trkpt>
      <trkpt lat="47.068820" lon="10.663531"><ele>868</ele></trkpt>
      <trkpt lat="47.069016" lon="10.663650"><ele>870</ele></trkpt>
      <trkpt lat="47.069449" lon="10.663746"><ele>870</ele></trkpt>
      <trkpt lat="47.069606" lon="10.663782"><ele>870</ele></trkpt>
      <trkpt lat="47.069942" lon="10.663819"><ele>869</ele></trkpt>
      <trkpt lat="47.070551" lon="10.663818"><ele>868</ele></trkpt>
      <trkpt lat="47.070629" lon="10.663836"><ele>868</ele></trkpt>
      <trkpt lat="47.070738" lon="10.663886"><ele>867</ele></trkpt>
      <trkpt lat="47.070859" lon="10.664057"><ele>867</ele></trkpt>
      <trkpt lat="47.070929" lon="10.664206"><ele>867</ele></trkpt>
      <trkpt lat="47.071023" lon="10.664789"><ele>867</ele></trkpt>
      <trkpt lat="47.071043" lon="10.664909"><ele>867</ele></trkpt>
      <trkpt lat="47.071060" lon="10.665047"><ele>867</ele></trkpt>
      <trkpt lat="47.071186" lon="10.666042"><ele>867</ele></trkpt>
      <trkpt lat="47.071228" lon="10.666274"><ele>867</ele></trkpt>
      <trkpt lat="47.071278" lon="10.666418"><ele>867</ele></trkpt>
      <trkpt lat="47.071331" lon="10.666524"><ele>867</ele></trkpt>
      <trkpt lat="47.071408" lon="10.666608"><ele>867</ele></trkpt>
      <trkpt lat="47.071476" lon="10.666655"><ele>867</ele></trkpt>
      <trkpt lat="47.071564" lon="10.666679"><ele>867</ele></trkpt>
      <trkpt lat="47.071642" lon="10.666678"><ele>867</ele></trkpt>
      <trkpt lat="47.071716" lon="10.666661"><ele>867</ele></trkpt>
      <trkpt lat="47.071798" lon="10.666623"><ele>867</ele></trkpt>
      <trkpt lat="47.071814" lon="10.666679"><ele>867</ele></trkpt>
      <trkpt lat="47.071909" lon="10.666606"><ele>867</ele></trkpt>
      <trkpt lat="47.072251" lon="10.666208"><ele>867</ele></trkpt>
      <trkpt lat="47.072433" lon="10.666052"><ele>867</ele></trkpt>
      <trkpt lat="47.072645" lon="10.665948"><ele>867</ele></trkpt>
      <trkpt lat="47.072929" lon="10.665809"><ele>867</ele></trkpt>
      <trkpt lat="47.072960" lon="10.665794"><ele>867</ele></trkpt>
      <trkpt lat="47.073286" lon="10.665622"><ele>866</ele></trkpt>
      <trkpt lat="47.073649" lon="10.665431"><ele>866</ele></trkpt>
      <trkpt lat="47.073990" lon="10.665252"><ele>866</ele></trkpt>
      <trkpt lat="47.074160" lon="10.665163"><ele>866</ele></trkpt>
      <trkpt lat="47.074452" lon="10.664882"><ele>866</ele></trkpt>
      <trkpt lat="47.074486" lon="10.664847"><ele>866</ele></trkpt>
      <trkpt lat="47.074671" lon="10.664656"><ele>866</ele></trkpt>
      <trkpt lat="47.074963" lon="10.664438"><ele>865</ele></trkpt>
      <trkpt lat="47.075055" lon="10.664370"><ele>865</ele></trkpt>
      <trkpt lat="47.075201" lon="10.664303"><ele>865</ele></trkpt>
      <trkpt lat="47.075377" lon="10.664223"><ele>865</ele></trkpt>
      <trkpt lat="47.075626" lon="10.664109"><ele>865</ele></trkpt>
      <trkpt lat="47.075819" lon="10.663988"><ele>865</ele></trkpt>
      <trkpt lat="47.075868" lon="10.663958"><ele>865</ele></trkpt>
      <trkpt lat="47.076174" lon="10.663757"><ele>865</ele></trkpt>
      <trkpt lat="47.076203" lon="10.663739"><ele>865</ele></trkpt>
      <trkpt lat="47.076253" lon="10.663707"><ele>864</ele></trkpt>
      <trkpt lat="47.076350" lon="10.663645"><ele>864</ele></trkpt>
      <trkpt lat="47.076543" lon="10.663572"><ele>864</ele></trkpt>
      <trkpt lat="47.076557" lon="10.663447"><ele>864</ele></trkpt>
      <trkpt lat="47.076602" lon="10.663308"><ele>864</ele></trkpt>
      <trkpt lat="47.076672" lon="10.663187"><ele>864</ele></trkpt>
      <trkpt lat="47.076855" lon="10.662911"><ele>864</ele></trkpt>
      <trkpt lat="47.076942" lon="10.662781"><ele>864</ele></trkpt>
      <trkpt lat="47.076982" lon="10.662720"><ele>864</ele></trkpt>
      <trkpt lat="47.076999" lon="10.662697"><ele>864</ele></trkpt>
      <trkpt lat="47.077049" lon="10.662624"><ele>864</ele></trkpt>
      <trkpt lat="47.077128" lon="10.662466"><ele>864</ele></trkpt>
      <trkpt lat="47.077198" lon="10.662280"><ele>865</ele></trkpt>
      <trkpt lat="47.077240" lon="10.662130"><ele>865</ele></trkpt>
      <trkpt lat="47.077254" lon="10.662076"><ele>865</ele></trkpt>
      <trkpt lat="47.077304" lon="10.661864"><ele>866</ele></trkpt>
      <trkpt lat="47.077328" lon="10.661859"><ele>866</ele></trkpt>
      <trkpt lat="47.077373" lon="10.661831"><ele>866</ele></trkpt>
      <trkpt lat="47.077408" lon="10.661781"><ele>866</ele></trkpt>
      <trkpt lat="47.077429" lon="10.661717"><ele>866</ele></trkpt>
      <trkpt lat="47.077434" lon="10.661656"><ele>867</ele></trkpt>
      <trkpt lat="47.077427" lon="10.661596"><ele>866</ele></trkpt>
      <trkpt lat="47.077407" lon="10.661542"><ele>866</ele></trkpt>
      <trkpt lat="47.077378" lon="10.661499"><ele>866</ele></trkpt>
      <trkpt lat="47.077346" lon="10.661474"><ele>866</ele></trkpt>
      <trkpt lat="47.077312" lon="10.661462"><ele>866</ele></trkpt>
      <trkpt lat="47.077277" lon="10.661463"><ele>866</ele></trkpt>
      <trkpt lat="47.077270" lon="10.661388"><ele>866</ele></trkpt>
      <trkpt lat="47.077207" lon="10.660603"><ele>865</ele></trkpt>
      <trkpt lat="47.077201" lon="10.660492"><ele>866</ele></trkpt>
      <trkpt lat="47.077215" lon="10.660444"><ele>867</ele></trkpt>
      <trkpt lat="47.077267" lon="10.660397"><ele>867</ele></trkpt>
      <trkpt lat="47.077524" lon="10.660230"><ele>867</ele></trkpt>
      <trkpt lat="47.077638" lon="10.660129"><ele>868</ele></trkpt>
      <trkpt lat="47.077932" lon="10.659794"><ele>867</ele></trkpt>
      <trkpt lat="47.078380" lon="10.659336"><ele>866</ele></trkpt>
      <trkpt lat="47.078725" lon="10.659109"><ele>868</ele></trkpt>
      <trkpt lat="47.078805" lon="10.659111"><ele>867</ele></trkpt>
      <trkpt lat="47.079402" lon="10.659134"><ele>866</ele></trkpt>
      <trkpt lat="47.080210" lon="10.659178"><ele>865</ele></trkpt>
      <trkpt lat="47.081151" lon="10.659348"><ele>866</ele></trkpt>
      <trkpt lat="47.081319" lon="10.659379"><ele>866</ele></trkpt>
      <trkpt lat="47.081436" lon="10.659446"><ele>866</ele></trkpt>
      <trkpt lat="47.081555" lon="10.659546"><ele>867</ele></trkpt>
      <trkpt lat="47.081968" lon="10.660055"><ele>866</ele></trkpt>
      <trkpt lat="47.082045" lon="10.660096"><ele>866</ele></trkpt>
      <trkpt lat="47.082373" lon="10.660163"><ele>868</ele></trkpt>
      <trkpt lat="47.082588" lon="10.660200"><ele>868</ele></trkpt>
      <trkpt lat="47.083046" lon="10.660254"><ele>870</ele></trkpt>
      <trkpt lat="47.083214" lon="10.660285"><ele>870</ele></trkpt>
      <trkpt lat="47.083298" lon="10.660330"><ele>870</ele></trkpt>
      <trkpt lat="47.083494" lon="10.660608"><ele>869</ele></trkpt>
      <trkpt lat="47.083612" lon="10.660678"><ele>870</ele></trkpt>
      <trkpt lat="47.083734" lon="10.660698"><ele>870</ele></trkpt>
      <trkpt lat="47.083817" lon="10.660691"><ele>870</ele></trkpt>
      <trkpt lat="47.083873" lon="10.660657"><ele>870</ele></trkpt>
      <trkpt lat="47.084239" lon="10.660352"><ele>874</ele></trkpt>
      <trkpt lat="47.084720" lon="10.660058"><ele>874</ele></trkpt>
      <trkpt lat="47.084834" lon="10.659996"><ele>874</ele></trkpt>
      <trkpt lat="47.085170" lon="10.660104"><ele>874</ele></trkpt>
      <trkpt lat="47.085228" lon="10.660134"><ele>874</ele></trkpt>
      <trkpt lat="47.085526" lon="10.660289"><ele>876</ele></trkpt>
      <trkpt lat="47.085680" lon="10.660416"><ele>876</ele></trkpt>
      <trkpt lat="47.085757" lon="10.660480"><ele>876</ele></trkpt>
      <trkpt lat="47.085790" lon="10.660507"><ele>877</ele></trkpt>
      <trkpt lat="47.085971" lon="10.660725"><ele>878</ele></trkpt>
      <trkpt lat="47.086037" lon="10.660875"><ele>878</ele></trkpt>
      <trkpt lat="47.086085" lon="10.660997"><ele>877</ele></trkpt>
      <trkpt lat="47.086180" lon="10.661201"><ele>876</ele></trkpt>
      <trkpt lat="47.086263" lon="10.661380"><ele>874</ele></trkpt>
      <trkpt lat="47.086505" lon="10.661639"><ele>874</ele></trkpt>
      <trkpt lat="47.087011" lon="10.662014"><ele>874</ele></trkpt>
      <trkpt lat="47.088152" lon="10.662675"><ele>871</ele></trkpt>
      <trkpt lat="47.088491" lon="10.662920"><ele>869</ele></trkpt>
      <trkpt lat="47.088700" lon="10.662954"><ele>869</ele></trkpt>
      <trkpt lat="47.089178" lon="10.662798"><ele>870</ele></trkpt>
      <trkpt lat="47.089447" lon="10.662784"><ele>869</ele></trkpt>
      <trkpt lat="47.089602" lon="10.662849"><ele>868</ele></trkpt>
      <trkpt lat="47.089758" lon="10.662913"><ele>867</ele></trkpt>
      <trkpt lat="47.090004" lon="10.662941"><ele>866</ele></trkpt>
      <trkpt lat="47.090645" lon="10.662716"><ele>865</ele></trkpt>
      <trkpt lat="47.091397" lon="10.662245"><ele>864</ele></trkpt>
      <trkpt lat="47.091712" lon="10.661986"><ele>864</ele></trkpt>
      <trkpt lat="47.092121" lon="10.661421"><ele>864</ele></trkpt>
      <trkpt lat="47.092538" lon="10.660964"><ele>863</ele></trkpt>
      <trkpt lat="47.092721" lon="10.660807"><ele>862</ele></trkpt>
      <trkpt lat="47.092876" lon="10.660752"><ele>862</ele></trkpt>
      <trkpt lat="47.093021" lon="10.660753"><ele>862</ele></trkpt>
      <trkpt lat="47.093253" lon="10.660848"><ele>862</ele></trkpt>
      <trkpt lat="47.093386" lon="10.660999"><ele>862</ele></trkpt>
      <trkpt lat="47.093449" lon="10.661126"><ele>862</ele></trkpt>
      <trkpt lat="47.093842" lon="10.662072"><ele>862</ele></trkpt>
      <trkpt lat="47.094042" lon="10.662329"><ele>861</ele></trkpt>
      <trkpt lat="47.094765" lon="10.662846"><ele>863</ele></trkpt>
      <trkpt lat="47.095107" lon="10.662924"><ele>864</ele></trkpt>
      <trkpt lat="47.095775" lon="10.663098"><ele>864</ele></trkpt>
      <trkpt lat="47.096485" lon="10.663031"><ele>864</ele></trkpt>
      <trkpt lat="47.096648" lon="10.663093"><ele>863</ele></trkpt>
      <trkpt lat="47.097177" lon="10.663154"><ele>863</ele></trkpt>
      <trkpt lat="47.097555" lon="10.663327"><ele>861</ele></trkpt>
      <trkpt lat="47.097878" lon="10.663403"><ele>862</ele></trkpt>
      <trkpt lat="47.098170" lon="10.663342"><ele>862</ele></trkpt>
      <trkpt lat="47.098399" lon="10.663275"><ele>861</ele></trkpt>
      <trkpt lat="47.098836" lon="10.662998"><ele>861</ele></trkpt>
      <trkpt lat="47.099817" lon="10.661963"><ele>862</ele></trkpt>
      <trkpt lat="47.100143" lon="10.661672"><ele>862</ele></trkpt>
      <trkpt lat="47.100427" lon="10.661592"><ele>862</ele></trkpt>
      <trkpt lat="47.101008" lon="10.661555"><ele>860</ele></trkpt>
      <trkpt lat="47.101238" lon="10.661496"><ele>860</ele></trkpt>
      <trkpt lat="47.101711" lon="10.661239"><ele>861</ele></trkpt>
      <trkpt lat="47.102212" lon="10.660925"><ele>860</ele></trkpt>
      <trkpt lat="47.102383" lon="10.660947"><ele>861</ele></trkpt>
      <trkpt lat="47.102549" lon="10.661014"><ele>861</ele></trkpt>
      <trkpt lat="47.102861" lon="10.661159"><ele>863</ele></trkpt>
      <trkpt lat="47.102990" lon="10.661176"><ele>864</ele></trkpt>
      <trkpt lat="47.103451" lon="10.661076"><ele>865</ele></trkpt>
      <trkpt lat="47.104257" lon="10.661083"><ele>863</ele></trkpt>
      <trkpt lat="47.104897" lon="10.660773"><ele>863</ele></trkpt>
      <trkpt lat="47.105039" lon="10.660705"><ele>862</ele></trkpt>
      <trkpt lat="47.105097" lon="10.660696"><ele>862</ele></trkpt>
      <trkpt lat="47.105148" lon="10.660709"><ele>862</ele></trkpt>
      <trkpt lat="47.105232" lon="10.660761"><ele>862</ele></trkpt>
      <trkpt lat="47.105297" lon="10.660831"><ele>860</ele></trkpt>
      <trkpt lat="47.105774" lon="10.661514"><ele>860</ele></trkpt>
      <trkpt lat="47.105818" lon="10.661571"><ele>861</ele></trkpt>
      <trkpt lat="47.106145" lon="10.661220"><ele>861</ele></trkpt>
      <trkpt lat="47.106463" lon="10.660847"><ele>859</ele></trkpt>
      <trkpt lat="47.106612" lon="10.660760"><ele>861</ele></trkpt>
      <trkpt lat="47.106908" lon="10.660626"><ele>862</ele></trkpt>
      <trkpt lat="47.107860" lon="10.660061"><ele>860</ele></trkpt>
      <trkpt lat="47.108255" lon="10.659937"><ele>860</ele></trkpt>
      <trkpt lat="47.108603" lon="10.659772"><ele>860</ele></trkpt>
      <trkpt lat="47.108839" lon="10.659624"><ele>861</ele></trkpt>
      <trkpt lat="47.109771" lon="10.658879"><ele>860</ele></trkpt>
      <trkpt lat="47.110361" lon="10.658388"><ele>860</ele></trkpt>
      <trkpt lat="47.110792" lon="10.657996"><ele>862</ele></trkpt>
      <trkpt lat="47.111127" lon="10.657534"><ele>861</ele></trkpt>
      <trkpt lat="47.111359" lon="10.657082"><ele>862</ele></trkpt>
      <trkpt lat="47.112236" lon="10.655366"><ele>860</ele></trkpt>
      <trkpt lat="47.112350" lon="10.655197"><ele>861</ele></trkpt>
      <trkpt lat="47.112448" lon="10.655072"><ele>862</ele></trkpt>
      <trkpt lat="47.112773" lon="10.654575"><ele>861</ele></trkpt>
      <trkpt lat="47.113132" lon="10.654008"><ele>862</ele></trkpt>
      <trkpt lat="47.113329" lon="10.653665"><ele>862</ele></trkpt>
      <trkpt lat="47.113538" lon="10.653234"><ele>862</ele></trkpt>
      <trkpt lat="47.113635" lon="10.652897"><ele>860</ele></trkpt>
      <trkpt lat="47.113641" lon="10.652859"><ele>860</ele></trkpt>
      <trkpt lat="47.113638" lon="10.652831"><ele>860</ele></trkpt>
      <trkpt lat="47.113621" lon="10.652797"><ele>859</ele></trkpt>
      <trkpt lat="47.113609" lon="10.652790"><ele>859</ele></trkpt>
      <trkpt lat="47.113421" lon="10.652819"><ele>859</ele></trkpt>
      <trkpt lat="47.113388" lon="10.652815"><ele>859</ele></trkpt>
      <trkpt lat="47.113381" lon="10.652796"><ele>859</ele></trkpt>
      <trkpt lat="47.113355" lon="10.652225"><ele>859</ele></trkpt>
      <trkpt lat="47.113340" lon="10.652168"><ele>858</ele></trkpt>
      <trkpt lat="47.113012" lon="10.652147"><ele>855</ele></trkpt>
      <trkpt lat="47.112837" lon="10.652099"><ele>860</ele></trkpt>
      <trkpt lat="47.112785" lon="10.652068"><ele>862</ele></trkpt>
      <trkpt lat="47.112806" lon="10.651837"><ele>863</ele></trkpt>
      <trkpt lat="47.112785" lon="10.651654"><ele>863</ele></trkpt>
      <trkpt lat="47.112611" lon="10.651298"><ele>867</ele></trkpt>
      <trkpt lat="47.112548" lon="10.650890"><ele>861</ele></trkpt>
      <trkpt lat="47.112572" lon="10.650423"><ele>859</ele></trkpt>
      <trkpt lat="47.112599" lon="10.649547"><ele>855</ele></trkpt>
      <trkpt lat="47.112372" lon="10.648954"><ele>858</ele></trkpt>
      <trkpt lat="47.112352" lon="10.648814"><ele>858</ele></trkpt>
      <trkpt lat="47.112355" lon="10.648617"><ele>858</ele></trkpt>
      <trkpt lat="47.112452" lon="10.648115"><ele>856</ele></trkpt>
      <trkpt lat="47.112272" lon="10.647111"><ele>856</ele></trkpt>
      <trkpt lat="47.112267" lon="10.646799"><ele>855</ele></trkpt>
      <trkpt lat="47.112308" lon="10.646512"><ele>857</ele></trkpt>
      <trkpt lat="47.112435" lon="10.645254"><ele>856</ele></trkpt>
      <trkpt lat="47.112650" lon="10.643508"><ele>855</ele></trkpt>
      <trkpt lat="47.112786" lon="10.642708"><ele>854</ele></trkpt>
      <trkpt lat="47.112985" lon="10.642073"><ele>852</ele></trkpt>
      <trkpt lat="47.113021" lon="10.641189"><ele>854</ele></trkpt>
      <trkpt lat="47.113072" lon="10.640886"><ele>853</ele></trkpt>
      <trkpt lat="47.113131" lon="10.640682"><ele>854</ele></trkpt>
      <trkpt lat="47.113248" lon="10.640432"><ele>852</ele></trkpt>
      <trkpt lat="47.113295" lon="10.640290"><ele>852</ele></trkpt>
      <trkpt lat="47.113333" lon="10.640079"><ele>852</ele></trkpt>
      <trkpt lat="47.113335" lon="10.639908"><ele>852</ele></trkpt>
      <trkpt lat="47.113349" lon="10.639786"><ele>852</ele></trkpt>
      <trkpt lat="47.113408" lon="10.639463"><ele>851</ele></trkpt>
      <trkpt lat="47.113503" lon="10.638996"><ele>850</ele></trkpt>
      <trkpt lat="47.113509" lon="10.638812"><ele>850</ele></trkpt>
      <trkpt lat="47.113528" lon="10.638253"><ele>850</ele></trkpt>
      <trkpt lat="47.113523" lon="10.637606"><ele>850</ele></trkpt>
      <trkpt lat="47.113518" lon="10.636919"><ele>850</ele></trkpt>
      <trkpt lat="47.113348" lon="10.636476"><ele>852</ele></trkpt>
      <trkpt lat="47.113530" lon="10.636383"><ele>848</ele></trkpt>
      <trkpt lat="47.114166" lon="10.636050"><ele>852</ele></trkpt>
      <trkpt lat="47.114305" lon="10.635923"><ele>856</ele></trkpt>
      <trkpt lat="47.114346" lon="10.635738"><ele>857</ele></trkpt>
      <trkpt lat="47.114283" lon="10.635510"><ele>858</ele></trkpt>
      <trkpt lat="47.114138" lon="10.635110"><ele>858</ele></trkpt>
      <trkpt lat="47.114177" lon="10.634975"><ele>859</ele></trkpt>
      <trkpt lat="47.114205" lon="10.634878"><ele>860</ele></trkpt>
      <trkpt lat="47.114298" lon="10.634735"><ele>861</ele></trkpt>
      <trkpt lat="47.114380" lon="10.634654"><ele>862</ele></trkpt>
      <trkpt lat="47.114252" lon="10.634372"><ele>863</ele></trkpt>
      <trkpt lat="47.114162" lon="10.634087"><ele>861</ele></trkpt>
      <trkpt lat="47.114111" lon="10.633891"><ele>862</ele></trkpt>
      <trkpt lat="47.114090" lon="10.633575"><ele>860</ele></trkpt>
      <trkpt lat="47.114108" lon="10.633245"><ele>858</ele></trkpt>
      <trkpt lat="47.114117" lon="10.633133"><ele>858</ele></trkpt>
      <trkpt lat="47.114150" lon="10.632930"><ele>859</ele></trkpt>
      <trkpt lat="47.114184" lon="10.632729"><ele>860</ele></trkpt>
      <trkpt lat="47.114304" lon="10.632071"><ele>862</ele></trkpt>
      <trkpt lat="47.114455" lon="10.631100"><ele>860</ele></trkpt>
      <trkpt lat="47.114536" lon="10.630057"><ele>858</ele></trkpt>
      <trkpt lat="47.114534" lon="10.629548"><ele>858</ele></trkpt>
      <trkpt lat="47.114513" lon="10.629194"><ele>856</ele></trkpt>
      <trkpt lat="47.114333" lon="10.627244"><ele>850</ele></trkpt>
      <trkpt lat="47.114296" lon="10.626523"><ele>851</ele></trkpt>
      <trkpt lat="47.114288" lon="10.625967"><ele>849</ele></trkpt>
      <trkpt lat="47.114313" lon="10.625133"><ele>848</ele></trkpt>
      <trkpt lat="47.114364" lon="10.624582"><ele>849</ele></trkpt>
      <trkpt lat="47.114450" lon="10.624127"><ele>846</ele></trkpt>
      <trkpt lat="47.114616" lon="10.623480"><ele>847</ele></trkpt>
      <trkpt lat="47.114678" lon="10.623033"><ele>845</ele></trkpt>
      <trkpt lat="47.114785" lon="10.622346"><ele>848</ele></trkpt>
      <trkpt lat="47.114823" lon="10.621951"><ele>846</ele></trkpt>
      <trkpt lat="47.114825" lon="10.621129"><ele>847</ele></trkpt>
      <trkpt lat="47.114836" lon="10.620821"><ele>847</ele></trkpt>
      <trkpt lat="47.114864" lon="10.620548"><ele>844</ele></trkpt>
      <trkpt lat="47.114918" lon="10.620276"><ele>840</ele></trkpt>
      <trkpt lat="47.115029" lon="10.619881"><ele>842</ele></trkpt>
      <trkpt lat="47.115179" lon="10.619382"><ele>841</ele></trkpt>
      <trkpt lat="47.115272" lon="10.619095"><ele>840</ele></trkpt>
      <trkpt lat="47.115362" lon="10.618853"><ele>841</ele></trkpt>
      <trkpt lat="47.115506" lon="10.618556"><ele>840</ele></trkpt>
      <trkpt lat="47.115604" lon="10.618378"><ele>839</ele></trkpt>
      <trkpt lat="47.115816" lon="10.618078"><ele>837</ele></trkpt>
      <trkpt lat="47.115941" lon="10.617902"><ele>837</ele></trkpt>
      <trkpt lat="47.116139" lon="10.617649"><ele>836</ele></trkpt>
      <trkpt lat="47.116208" lon="10.617560"><ele>836</ele></trkpt>
      <trkpt lat="47.116546" lon="10.617124"><ele>834</ele></trkpt>
      <trkpt lat="47.116862" lon="10.616703"><ele>833</ele></trkpt>
      <trkpt lat="47.117075" lon="10.616374"><ele>832</ele></trkpt>
      <trkpt lat="47.117173" lon="10.616176"><ele>832</ele></trkpt>
      <trkpt lat="47.117249" lon="10.615985"><ele>832</ele></trkpt>
      <trkpt lat="47.117315" lon="10.615781"><ele>831</ele></trkpt>
      <trkpt lat="47.117367" lon="10.615544"><ele>831</ele></trkpt>
      <trkpt lat="47.117396" lon="10.615359"><ele>831</ele></trkpt>
      <trkpt lat="47.117408" lon="10.615155"><ele>832</ele></trkpt>
      <trkpt lat="47.117406" lon="10.614994"><ele>832</ele></trkpt>
      <trkpt lat="47.117404" lon="10.614836"><ele>833</ele></trkpt>
      <trkpt lat="47.117353" lon="10.614835"><ele>833</ele></trkpt>
      <trkpt lat="47.117325" lon="10.613998"><ele>836</ele></trkpt>
      <trkpt lat="47.117317" lon="10.613890"><ele>836</ele></trkpt>
      <trkpt lat="47.117297" lon="10.613250"><ele>834</ele></trkpt>
      <trkpt lat="47.117309" lon="10.612679"><ele>834</ele></trkpt>
      <trkpt lat="47.117294" lon="10.612289"><ele>830</ele></trkpt>
      <trkpt lat="47.117370" lon="10.611504"><ele>830</ele></trkpt>
      <trkpt lat="47.117384" lon="10.611255"><ele>828</ele></trkpt>
      <trkpt lat="47.117388" lon="10.610870"><ele>829</ele></trkpt>
      <trkpt lat="47.117336" lon="10.609895"><ele>830</ele></trkpt>
      <trkpt lat="47.117336" lon="10.609649"><ele>829</ele></trkpt>
      <trkpt lat="47.117350" lon="10.609411"><ele>829</ele></trkpt>
      <trkpt lat="47.117334" lon="10.609410"><ele>828</ele></trkpt>
      <trkpt lat="47.116916" lon="10.609387"><ele>820</ele></trkpt>
      <trkpt lat="47.116837" lon="10.609391"><ele>821</ele></trkpt>
      <trkpt lat="47.116694" lon="10.609449"><ele>822</ele></trkpt>
      <trkpt lat="47.116654" lon="10.609449"><ele>823</ele></trkpt>
      <trkpt lat="47.116612" lon="10.609432"><ele>823</ele></trkpt>
      <trkpt lat="47.116647" lon="10.609226"><ele>823</ele></trkpt>
      <trkpt lat="47.116879" lon="10.606825"><ele>819</ele></trkpt>
      <trkpt lat="47.116873" lon="10.606694"><ele>820</ele></trkpt>
      <trkpt lat="47.116850" lon="10.606610"><ele>820</ele></trkpt>
      <trkpt lat="47.116813" lon="10.606551"><ele>821</ele></trkpt>
      <trkpt lat="47.116739" lon="10.606475"><ele>822</ele></trkpt>
      <trkpt lat="47.116725" lon="10.606350"><ele>824</ele></trkpt>
      <trkpt lat="47.116725" lon="10.606298"><ele>824</ele></trkpt>
      <trkpt lat="47.116722" lon="10.606092"><ele>826</ele></trkpt>
      <trkpt lat="47.116756" lon="10.605934"><ele>829</ele></trkpt>
      <trkpt lat="47.117003" lon="10.605350"><ele>831</ele></trkpt>
      <trkpt lat="47.117033" lon="10.605233"><ele>831</ele></trkpt>
      <trkpt lat="47.117024" lon="10.605150"><ele>832</ele></trkpt>
      <trkpt lat="47.117001" lon="10.605084"><ele>832</ele></trkpt>
      <trkpt lat="47.116989" lon="10.605047"><ele>833</ele></trkpt>
      <trkpt lat="47.116977" lon="10.604946"><ele>834</ele></trkpt>
      <trkpt lat="47.116996" lon="10.604747"><ele>835</ele></trkpt>
      <trkpt lat="47.117024" lon="10.604701"><ele>836</ele></trkpt>
      <trkpt lat="47.117067" lon="10.604676"><ele>838</ele></trkpt>
      <trkpt lat="47.117196" lon="10.604696"><ele>838</ele></trkpt>
      <trkpt lat="47.117273" lon="10.604679"><ele>836</ele></trkpt>
      <trkpt lat="47.117316" lon="10.604635"><ele>835</ele></trkpt>
      <trkpt lat="47.117435" lon="10.604414"><ele>837</ele></trkpt>
      <trkpt lat="47.117550" lon="10.604120"><ele>840</ele></trkpt>
      <trkpt lat="47.117585" lon="10.604046"><ele>839</ele></trkpt>
      <trkpt lat="47.117797" lon="10.603596"><ele>841</ele></trkpt>
      <trkpt lat="47.117862" lon="10.603432"><ele>840</ele></trkpt>
      <trkpt lat="47.117949" lon="10.602919"><ele>840</ele></trkpt>
      <trkpt lat="47.118177" lon="10.602428"><ele>836</ele></trkpt>
      <trkpt lat="47.118260" lon="10.602247"><ele>835</ele></trkpt>
      <trkpt lat="47.118529" lon="10.601483"><ele>830</ele></trkpt>
      <trkpt lat="47.118971" lon="10.600572"><ele>826</ele></trkpt>
      <trkpt lat="47.119418" lon="10.599604"><ele>820</ele></trkpt>
      <trkpt lat="47.119668" lon="10.599220"><ele>818</ele></trkpt>
      <trkpt lat="47.120173" lon="10.598599"><ele>816</ele></trkpt>
      <trkpt lat="47.120545" lon="10.598202"><ele>816</ele></trkpt>
      <trkpt lat="47.120628" lon="10.598146"><ele>815</ele></trkpt>
      <trkpt lat="47.120690" lon="10.598133"><ele>814</ele></trkpt>
      <trkpt lat="47.120749" lon="10.598159"><ele>813</ele></trkpt>
      <trkpt lat="47.121008" lon="10.598399"><ele>812</ele></trkpt>
      <trkpt lat="47.121138" lon="10.598554"><ele>813</ele></trkpt>
      <trkpt lat="47.121268" lon="10.598452"><ele>813</ele></trkpt>
      <trkpt lat="47.121368" lon="10.598310"><ele>813</ele></trkpt>
      <trkpt lat="47.121697" lon="10.597462"><ele>812</ele></trkpt>
      <trkpt lat="47.121810" lon="10.597156"><ele>812</ele></trkpt>
      <trkpt lat="47.121880" lon="10.596969"><ele>812</ele></trkpt>
      <trkpt lat="47.121940" lon="10.596807"><ele>811</ele></trkpt>
      <trkpt lat="47.122122" lon="10.596317"><ele>810</ele></trkpt>
      <trkpt lat="47.122890" lon="10.595698"><ele>808</ele></trkpt>
      <trkpt lat="47.123020" lon="10.595444"><ele>808</ele></trkpt>
      <trkpt lat="47.123071" lon="10.595248"><ele>808</ele></trkpt>
      <trkpt lat="47.123032" lon="10.595011"><ele>809</ele></trkpt>
      <trkpt lat="47.122725" lon="10.594380"><ele>810</ele></trkpt>
      <trkpt lat="47.122731" lon="10.593800"><ele>809</ele></trkpt>
      <trkpt lat="47.122894" lon="10.593270"><ele>809</ele></trkpt>
      <trkpt lat="47.123080" lon="10.592846"><ele>807</ele></trkpt>
      <trkpt lat="47.123213" lon="10.591785"><ele>808</ele></trkpt>
      <trkpt lat="47.123365" lon="10.591125"><ele>808</ele></trkpt>
      <trkpt lat="47.123486" lon="10.590857"><ele>810</ele></trkpt>
      <trkpt lat="47.123726" lon="10.590323"><ele>808</ele></trkpt>
      <trkpt lat="47.123811" lon="10.589730"><ele>812</ele></trkpt>
      <trkpt lat="47.123826" lon="10.589065"><ele>814</ele></trkpt>
      <trkpt lat="47.123805" lon="10.588879"><ele>814</ele></trkpt>
      <trkpt lat="47.123735" lon="10.588258"><ele>814</ele></trkpt>
      <trkpt lat="47.123680" lon="10.585874"><ele>816</ele></trkpt>
      <trkpt lat="47.123659" lon="10.584963"><ele>816</ele></trkpt>
      <trkpt lat="47.123581" lon="10.584568"><ele>816</ele></trkpt>
      <trkpt lat="47.123587" lon="10.584295"><ele>815</ele></trkpt>
      <trkpt lat="47.123750" lon="10.583871"><ele>812</ele></trkpt>
      <trkpt lat="47.123714" lon="10.583211"><ele>813</ele></trkpt>
      <trkpt lat="47.124023" lon="10.581356"><ele>806</ele></trkpt>
      <trkpt lat="47.124178" lon="10.580999"><ele>804</ele></trkpt>
      <trkpt lat="47.124794" lon="10.579505"><ele>802</ele></trkpt>
      <trkpt lat="47.124892" lon="10.578927"><ele>804</ele></trkpt>
      <trkpt lat="47.125061" lon="10.578714"><ele>804</ele></trkpt>
      <trkpt lat="47.125340" lon="10.578355"><ele>807</ele></trkpt>
      <trkpt lat="47.125473" lon="10.578280"><ele>808</ele></trkpt>
      <trkpt lat="47.126111" lon="10.578191"><ele>810</ele></trkpt>
      <trkpt lat="47.126587" lon="10.577811"><ele>814</ele></trkpt>
      <trkpt lat="47.126916" lon="10.577476"><ele>819</ele></trkpt>
      <trkpt lat="47.127081" lon="10.577218"><ele>820</ele></trkpt>
      <trkpt lat="47.127153" lon="10.576875"><ele>824</ele></trkpt>
      <trkpt lat="47.127252" lon="10.575895"><ele>831</ele></trkpt>
      <trkpt lat="47.127325" lon="10.575740"><ele>832</ele></trkpt>
      <trkpt lat="47.127470" lon="10.575575"><ele>832</ele></trkpt>
      <trkpt lat="47.127830" lon="10.575141"><ele>824</ele></trkpt>
      <trkpt lat="47.127901" lon="10.575040"><ele>824</ele></trkpt>
      <trkpt lat="47.127973" lon="10.574968"><ele>824</ele></trkpt>
      <trkpt lat="47.128086" lon="10.574761"><ele>826</ele></trkpt>
      <trkpt lat="47.128161" lon="10.574508"><ele>828</ele></trkpt>
      <trkpt lat="47.128199" lon="10.574358"><ele>830</ele></trkpt>
      <trkpt lat="47.128272" lon="10.574258"><ele>830</ele></trkpt>
      <trkpt lat="47.128923" lon="10.573855"><ele>828</ele></trkpt>
      <trkpt lat="47.129583" lon="10.573432"><ele>820</ele></trkpt>
      <trkpt lat="47.129697" lon="10.573314"><ele>820</ele></trkpt>
      <trkpt lat="47.129934" lon="10.573022"><ele>815</ele></trkpt>
      <trkpt lat="47.130201" lon="10.572442"><ele>812</ele></trkpt>
      <trkpt lat="47.130550" lon="10.571869"><ele>809</ele></trkpt>
      <trkpt lat="47.130763" lon="10.571724"><ele>804</ele></trkpt>
      <trkpt lat="47.131124" lon="10.571296"><ele>801</ele></trkpt>
      <trkpt lat="47.131368" lon="10.570782"><ele>802</ele></trkpt>
      <trkpt lat="47.131584" lon="10.570501"><ele>800</ele></trkpt>
      <trkpt lat="47.131643" lon="10.570390"><ele>798</ele></trkpt>
      <trkpt lat="47.131783" lon="10.570134"><ele>798</ele></trkpt>
      <trkpt lat="47.131882" lon="10.570052"><ele>799</ele></trkpt>
      <trkpt lat="47.132020" lon="10.569888"><ele>798</ele></trkpt>
      <trkpt lat="47.132263" lon="10.569599"><ele>795</ele></trkpt>
      <trkpt lat="47.132746" lon="10.568926"><ele>794</ele></trkpt>
      <trkpt lat="47.133060" lon="10.568593"><ele>792</ele></trkpt>
      <trkpt lat="47.133219" lon="10.568472"><ele>792</ele></trkpt>
      <trkpt lat="47.133708" lon="10.568242"><ele>791</ele></trkpt>
      <trkpt lat="47.134227" lon="10.568054"><ele>788</ele></trkpt>
      <trkpt lat="47.134344" lon="10.568001"><ele>788</ele></trkpt>
      <trkpt lat="47.134608" lon="10.567804"><ele>788</ele></trkpt>
      <trkpt lat="47.135249" lon="10.567174"><ele>787</ele></trkpt>
      <trkpt lat="47.135263" lon="10.567207"><ele>786</ele></trkpt>
      <trkpt lat="47.135430" lon="10.567508"><ele>787</ele></trkpt>
      <trkpt lat="47.135472" lon="10.567584"><ele>792</ele></trkpt>
      <trkpt lat="47.135543" lon="10.567530"><ele>793</ele></trkpt>
      <trkpt lat="47.135769" lon="10.567359"><ele>790</ele></trkpt>
      <trkpt lat="47.136088" lon="10.567214"><ele>791</ele></trkpt>
      <trkpt lat="47.136219" lon="10.567227"><ele>792</ele></trkpt>
      <trkpt lat="47.136442" lon="10.567188"><ele>792</ele></trkpt>
      <trkpt lat="47.136507" lon="10.567164"><ele>792</ele></trkpt>
      <trkpt lat="47.136542" lon="10.567152"><ele>792</ele></trkpt>
      <trkpt lat="47.136672" lon="10.567108"><ele>793</ele></trkpt>
      <trkpt lat="47.136787" lon="10.567069"><ele>793</ele></trkpt>
      <trkpt lat="47.136802" lon="10.567064"><ele>793</ele></trkpt>
      <trkpt lat="47.136842" lon="10.567051"><ele>793</ele></trkpt>
      <trkpt lat="47.137066" lon="10.566991"><ele>793</ele></trkpt>
      <trkpt lat="47.137176" lon="10.566960"><ele>793</ele></trkpt>
      <trkpt lat="47.137218" lon="10.566925"><ele>793</ele></trkpt>
      <trkpt lat="47.137278" lon="10.566944"><ele>793</ele></trkpt>
      <trkpt lat="47.137306" lon="10.566936"><ele>792</ele></trkpt>
      <trkpt lat="47.137547" lon="10.566872"><ele>792</ele></trkpt>
      <trkpt lat="47.137793" lon="10.566792"><ele>792</ele></trkpt>
      <trkpt lat="47.137885" lon="10.566763"><ele>792</ele></trkpt>
      <trkpt lat="47.137994" lon="10.566728"><ele>792</ele></trkpt>
      <trkpt lat="47.138039" lon="10.566713"><ele>792</ele></trkpt>
      <trkpt lat="47.138288" lon="10.566608"><ele>791</ele></trkpt>
      <trkpt lat="47.138523" lon="10.566467"><ele>791</ele></trkpt>
      <trkpt lat="47.138535" lon="10.566461"><ele>791</ele></trkpt>
      <trkpt lat="47.138930" lon="10.566297"><ele>790</ele></trkpt>
      <trkpt lat="47.139042" lon="10.566256"><ele>790</ele></trkpt>
      <trkpt lat="47.139042" lon="10.566256"><ele>790</ele></trkpt>
      <trkpt lat="47.139280" lon="10.566171"><ele>790</ele></trkpt>
      <trkpt lat="47.139442" lon="10.566159"><ele>790</ele></trkpt>
      <trkpt lat="47.139623" lon="10.566145"><ele>790</ele></trkpt>
      <trkpt lat="47.139882" lon="10.566180"><ele>791</ele></trkpt>
      <trkpt lat="47.140148" lon="10.566256"><ele>792</ele></trkpt>
      <trkpt lat="47.140272" lon="10.566268"><ele>792</ele></trkpt>
      <trkpt lat="47.140334" lon="10.566274"><ele>792</ele></trkpt>
      <trkpt lat="47.140449" lon="10.566195"><ele>791</ele></trkpt>
      <trkpt lat="47.140594" lon="10.566090"><ele>791</ele></trkpt>
      <trkpt lat="47.140630" lon="10.566059"><ele>791</ele></trkpt>
      <trkpt lat="47.140665" lon="10.566027"><ele>791</ele></trkpt>
      <trkpt lat="47.140686" lon="10.566062"><ele>791</ele></trkpt>
      <trkpt lat="47.140713" lon="10.566086"><ele>791</ele></trkpt>
      <trkpt lat="47.140743" lon="10.566099"><ele>791</ele></trkpt>
      <trkpt lat="47.140775" lon="10.566100"><ele>791</ele></trkpt>
      <trkpt lat="47.140815" lon="10.566080"><ele>791</ele></trkpt>
      <trkpt lat="47.140839" lon="10.566119"><ele>791</ele></trkpt>
      <trkpt lat="47.140898" lon="10.566216"><ele>791</ele></trkpt>
      <trkpt lat="47.141011" lon="10.566329"><ele>791</ele></trkpt>
      <trkpt lat="47.141140" lon="10.566459"><ele>791</ele></trkpt>
      <trkpt lat="47.141274" lon="10.566593"><ele>791</ele></trkpt>
      <trkpt lat="47.141390" lon="10.566709"><ele>791</ele></trkpt>
      <trkpt lat="47.141423" lon="10.566769"><ele>791</ele></trkpt>
      <trkpt lat="47.141453" lon="10.566855"><ele>791</ele></trkpt>
      <trkpt lat="47.141472" lon="10.567004"><ele>791</ele></trkpt>
      <trkpt lat="47.141500" lon="10.567082"><ele>791</ele></trkpt>
      <trkpt lat="47.141544" lon="10.567165"><ele>790</ele></trkpt>
      <trkpt lat="47.141607" lon="10.567235"><ele>790</ele></trkpt>
      <trkpt lat="47.141782" lon="10.567306"><ele>790</ele></trkpt>
      <trkpt lat="47.141928" lon="10.567390"><ele>790</ele></trkpt>
      <trkpt lat="47.142283" lon="10.567595"><ele>790</ele></trkpt>
      <trkpt lat="47.142644" lon="10.567863"><ele>790</ele></trkpt>
      <trkpt lat="47.142878" lon="10.568051"><ele>789</ele></trkpt>
      <trkpt lat="47.143188" lon="10.568318"><ele>788</ele></trkpt>
      <trkpt lat="47.143468" lon="10.568655"><ele>787</ele></trkpt>
      <trkpt lat="47.144189" lon="10.569232"><ele>788</ele></trkpt>
      <trkpt lat="47.144440" lon="10.569318"><ele>787</ele></trkpt>
      <trkpt lat="47.144564" lon="10.569415"><ele>787</ele></trkpt>
      <trkpt lat="47.144625" lon="10.569523"><ele>788</ele></trkpt>
      <trkpt lat="47.144715" lon="10.569604"><ele>789</ele></trkpt>
      <trkpt lat="47.144787" lon="10.569670"><ele>788</ele></trkpt>
      <trkpt lat="47.144852" lon="10.569698"><ele>788</ele></trkpt>
      <trkpt lat="47.145014" lon="10.569666"><ele>786</ele></trkpt>
      <trkpt lat="47.145107" lon="10.569624"><ele>785</ele></trkpt>
      <trkpt lat="47.145270" lon="10.569599"><ele>785</ele></trkpt>
      <trkpt lat="47.145346" lon="10.569596"><ele>785</ele></trkpt>
      <trkpt lat="47.145453" lon="10.569591"><ele>784</ele></trkpt>
      <trkpt lat="47.145473" lon="10.569607"><ele>784</ele></trkpt>
      <trkpt lat="47.145666" lon="10.569815"><ele>783</ele></trkpt>
      <trkpt lat="47.145761" lon="10.569958"><ele>783</ele></trkpt>
      <trkpt lat="47.145809" lon="10.570049"><ele>784</ele></trkpt>
      <trkpt lat="47.145911" lon="10.570224"><ele>781</ele></trkpt>
      <trkpt lat="47.146168" lon="10.570741"><ele>780</ele></trkpt>
      <trkpt lat="47.146326" lon="10.571121"><ele>782</ele></trkpt>
      <trkpt lat="47.146382" lon="10.571271"><ele>781</ele></trkpt>
      <trkpt lat="47.146448" lon="10.571448"><ele>779</ele></trkpt>
      <trkpt lat="47.146568" lon="10.571829"><ele>779</ele></trkpt>
      <trkpt lat="47.146581" lon="10.571868"><ele>779</ele></trkpt>
      <trkpt lat="47.146641" lon="10.572057"><ele>780</ele></trkpt>
      <trkpt lat="47.146740" lon="10.572006"><ele>779</ele></trkpt>
      <trkpt lat="47.146825" lon="10.571963"><ele>778</ele></trkpt>
      <trkpt lat="47.147045" lon="10.571877"><ele>778</ele></trkpt>
      <trkpt lat="47.147268" lon="10.571792"><ele>777</ele></trkpt>
      <trkpt lat="47.147336" lon="10.571782"><ele>777</ele></trkpt>
      <trkpt lat="47.147545" lon="10.571774"><ele>779</ele></trkpt>
      <trkpt lat="47.147816" lon="10.571654"><ele>781</ele></trkpt>
      <trkpt lat="47.147823" lon="10.571651"><ele>781</ele></trkpt>
      <trkpt lat="47.147896" lon="10.571610"><ele>781</ele></trkpt>
      <trkpt lat="47.148049" lon="10.571536"><ele>781</ele></trkpt>
      <trkpt lat="47.148625" lon="10.571225"><ele>781</ele></trkpt>
      <trkpt lat="47.148688" lon="10.571180"><ele>781</ele></trkpt>
      <trkpt lat="47.148767" lon="10.571117"><ele>781</ele></trkpt>
      <trkpt lat="47.148868" lon="10.571025"><ele>780</ele></trkpt>
      <trkpt lat="47.149257" lon="10.570902"><ele>780</ele></trkpt>
      <trkpt lat="47.149341" lon="10.570860"><ele>779</ele></trkpt>
      <trkpt lat="47.149416" lon="10.570802"><ele>779</ele></trkpt>
      <trkpt lat="47.149799" lon="10.570226"><ele>780</ele></trkpt>
      <trkpt lat="47.149940" lon="10.570075"><ele>779</ele></trkpt>
      <trkpt lat="47.150019" lon="10.570034"><ele>779</ele></trkpt>
      <trkpt lat="47.150100" lon="10.569993"><ele>779</ele></trkpt>
      <trkpt lat="47.150340" lon="10.569867"><ele>779</ele></trkpt>
      <trkpt lat="47.150456" lon="10.569897"><ele>778</ele></trkpt>
      <trkpt lat="47.150513" lon="10.569952"><ele>778</ele></trkpt>
      <trkpt lat="47.150706" lon="10.570133"><ele>778</ele></trkpt>
      <trkpt lat="47.150737" lon="10.570162"><ele>778</ele></trkpt>
      <trkpt lat="47.150833" lon="10.570251"><ele>778</ele></trkpt>
      <trkpt lat="47.150903" lon="10.570319"><ele>778</ele></trkpt>
      <trkpt lat="47.150929" lon="10.570344"><ele>778</ele></trkpt>
      <trkpt lat="47.150996" lon="10.570406"><ele>778</ele></trkpt>
      <trkpt lat="47.151041" lon="10.570450"><ele>778</ele></trkpt>
      <trkpt lat="47.151087" lon="10.570498"><ele>778</ele></trkpt>
      <trkpt lat="47.151303" lon="10.570711"><ele>778</ele></trkpt>
      <trkpt lat="47.151485" lon="10.570846"><ele>778</ele></trkpt>
      <trkpt lat="47.151522" lon="10.570863"><ele>778</ele></trkpt>
      <trkpt lat="47.151795" lon="10.570989"><ele>777</ele></trkpt>
      <trkpt lat="47.151945" lon="10.571033"><ele>777</ele></trkpt>
      <trkpt lat="47.152041" lon="10.571050"><ele>776</ele></trkpt>
      <trkpt lat="47.152126" lon="10.571030"><ele>775</ele></trkpt>
      <trkpt lat="47.152194" lon="10.570977"><ele>774</ele></trkpt>
      <trkpt lat="47.152328" lon="10.570775"><ele>775</ele></trkpt>
      <trkpt lat="47.152416" lon="10.570657"><ele>775</ele></trkpt>
      <trkpt lat="47.152485" lon="10.570582"><ele>775</ele></trkpt>
      <trkpt lat="47.152493" lon="10.570574"><ele>775</ele></trkpt>
      <trkpt lat="47.152632" lon="10.570477"><ele>776</ele></trkpt>
      <trkpt lat="47.152715" lon="10.570463"><ele>776</ele></trkpt>
      <trkpt lat="47.152808" lon="10.570502"><ele>775</ele></trkpt>
      <trkpt lat="47.152872" lon="10.570538"><ele>774</ele></trkpt>
      <trkpt lat="47.152999" lon="10.570583"><ele>773</ele></trkpt>
      <trkpt lat="47.153149" lon="10.570595"><ele>773</ele></trkpt>
      <trkpt lat="47.153382" lon="10.570613"><ele>772</ele></trkpt>
      <trkpt lat="47.153567" lon="10.570553"><ele>771</ele></trkpt>
      <trkpt lat="47.153659" lon="10.570568"><ele>772</ele></trkpt>
      <trkpt lat="47.153737" lon="10.570618"><ele>772</ele></trkpt>
      <trkpt lat="47.153804" lon="10.570692"><ele>772</ele></trkpt>
      <trkpt lat="47.153897" lon="10.570850"><ele>770</ele></trkpt>
      <trkpt lat="47.153932" lon="10.570971"><ele>770</ele></trkpt>
      <trkpt lat="47.153953" lon="10.571130"><ele>769</ele></trkpt>
      <trkpt lat="47.154208" lon="10.571404"><ele>770</ele></trkpt>
      <trkpt lat="47.154296" lon="10.571446"><ele>769</ele></trkpt>
      <trkpt lat="47.154367" lon="10.571449"><ele>768</ele></trkpt>
      <trkpt lat="47.154404" lon="10.571451"><ele>768</ele></trkpt>
      <trkpt lat="47.154474" lon="10.571426"><ele>768</ele></trkpt>
      <trkpt lat="47.154605" lon="10.571357"><ele>767</ele></trkpt>
      <trkpt lat="47.154875" lon="10.571255"><ele>768</ele></trkpt>
      <trkpt lat="47.154986" lon="10.571257"><ele>768</ele></trkpt>
      <trkpt lat="47.155121" lon="10.571295"><ele>770</ele></trkpt>
      <trkpt lat="47.155226" lon="10.571338"><ele>770</ele></trkpt>
      <trkpt lat="47.155336" lon="10.571421"><ele>769</ele></trkpt>
      <trkpt lat="47.155586" lon="10.571637"><ele>768</ele></trkpt>
      <trkpt lat="47.155857" lon="10.572009"><ele>766</ele></trkpt>
      <trkpt lat="47.155971" lon="10.572201"><ele>767</ele></trkpt>
      <trkpt lat="47.156083" lon="10.572446"><ele>767</ele></trkpt>
      <trkpt lat="47.156181" lon="10.572696"><ele>766</ele></trkpt>
      <trkpt lat="47.156439" lon="10.573276"><ele>768</ele></trkpt>
      <trkpt lat="47.156724" lon="10.573934"><ele>767</ele></trkpt>
      <trkpt lat="47.157095" lon="10.574640"><ele>768</ele></trkpt>
      <trkpt lat="47.157183" lon="10.574803"><ele>768</ele></trkpt>
      <trkpt lat="47.157498" lon="10.575376"><ele>765</ele></trkpt>
      <trkpt lat="47.157771" lon="10.575797"><ele>765</ele></trkpt>
      <trkpt lat="47.158094" lon="10.576267"><ele>764</ele></trkpt>
      <trkpt lat="47.159053" lon="10.577551"><ele>763</ele></trkpt>
      <trkpt lat="47.159151" lon="10.577674"><ele>764</ele></trkpt>
      <trkpt lat="47.159237" lon="10.577783"><ele>764</ele></trkpt>
      <trkpt lat="47.159283" lon="10.577839"><ele>764</ele></trkpt>
      <trkpt lat="47.159480" lon="10.578074"><ele>767</ele></trkpt>
      <trkpt lat="47.159708" lon="10.578332"><ele>768</ele></trkpt>
      <trkpt lat="47.160037" lon="10.579251"><ele>768</ele></trkpt>
      <trkpt lat="47.160221" lon="10.579821"><ele>768</ele></trkpt>
      <trkpt lat="47.160427" lon="10.580535"><ele>764</ele></trkpt>
      <trkpt lat="47.160596" lon="10.581005"><ele>765</ele></trkpt>
      <trkpt lat="47.160867" lon="10.581795"><ele>764</ele></trkpt>
      <trkpt lat="47.161024" lon="10.582265"><ele>764</ele></trkpt>
      <trkpt lat="47.161044" lon="10.582321"><ele>764</ele></trkpt>
      <trkpt lat="47.161210" lon="10.582840"><ele>762</ele></trkpt>
      <trkpt lat="47.161344" lon="10.583260"><ele>764</ele></trkpt>
      <trkpt lat="47.161508" lon="10.583863"><ele>762</ele></trkpt>
      <trkpt lat="47.161573" lon="10.584024"><ele>762</ele></trkpt>
      <trkpt lat="47.161760" lon="10.584381"><ele>762</ele></trkpt>
      <trkpt lat="47.161985" lon="10.584716"><ele>765</ele></trkpt>
      <trkpt lat="47.162000" lon="10.584738"><ele>765</ele></trkpt>
      <trkpt lat="47.161982" lon="10.584852"><ele>763</ele></trkpt>
      <trkpt lat="47.162001" lon="10.584937"><ele>762</ele></trkpt>
      <trkpt lat="47.162099" lon="10.585184"><ele>763</ele></trkpt>
      <trkpt lat="47.162141" lon="10.585375"><ele>763</ele></trkpt>
      <trkpt lat="47.162154" lon="10.585462"><ele>762</ele></trkpt>
      <trkpt lat="47.162520" lon="10.586614"><ele>760</ele></trkpt>
      <trkpt lat="47.162539" lon="10.586642"><ele>760</ele></trkpt>
      <trkpt lat="47.162622" lon="10.586709"><ele>760</ele></trkpt>
      <trkpt lat="47.162644" lon="10.586750"><ele>760</ele></trkpt>
      <trkpt lat="47.162657" lon="10.586795"><ele>760</ele></trkpt>
      <trkpt lat="47.162593" lon="10.586825"><ele>759</ele></trkpt>
      <trkpt lat="47.162098" lon="10.587175"><ele>759</ele></trkpt>
      <trkpt lat="47.162036" lon="10.587212"><ele>760</ele></trkpt>
      <trkpt lat="47.161983" lon="10.587094"><ele>760</ele></trkpt>
      <trkpt lat="47.161964" lon="10.587050"><ele>760</ele></trkpt>
      <trkpt lat="47.161948" lon="10.587034"><ele>761</ele></trkpt>
      <trkpt lat="47.161908" lon="10.587056"><ele>761</ele></trkpt>
      <trkpt lat="47.161590" lon="10.587408"><ele>761</ele></trkpt>
      <trkpt lat="47.161275" lon="10.587779"><ele>761</ele></trkpt>
      <trkpt lat="47.161067" lon="10.588031"><ele>761</ele></trkpt>
      <trkpt lat="47.161049" lon="10.588052"><ele>761</ele></trkpt>
      <trkpt lat="47.160864" lon="10.588277"><ele>762</ele></trkpt>
      <trkpt lat="47.160701" lon="10.588491"><ele>762</ele></trkpt>
      <trkpt lat="47.160759" lon="10.588534"><ele>762</ele></trkpt>
      <trkpt lat="47.160926" lon="10.588687"><ele>762</ele></trkpt>
      <trkpt lat="47.160942" lon="10.588701"><ele>762</ele></trkpt>
      <trkpt lat="47.160954" lon="10.588713"><ele>762</ele></trkpt>
      <trkpt lat="47.161021" lon="10.588774"><ele>762</ele></trkpt>
      <trkpt lat="47.161249" lon="10.588984"><ele>762</ele></trkpt>
      <trkpt lat="47.161326" lon="10.589055"><ele>762</ele></trkpt>
      <trkpt lat="47.161517" lon="10.589232"><ele>762</ele></trkpt>
      <trkpt lat="47.161533" lon="10.589246"><ele>762</ele></trkpt>
      <trkpt lat="47.161763" lon="10.589458"><ele>762</ele></trkpt>
      <trkpt lat="47.161822" lon="10.589512"><ele>762</ele></trkpt>
      <trkpt lat="47.161969" lon="10.589652"><ele>762</ele></trkpt>
      <trkpt lat="47.162332" lon="10.589995"><ele>762</ele></trkpt>
      <trkpt lat="47.162545" lon="10.590181"><ele>762</ele></trkpt>
      <trkpt lat="47.163032" lon="10.590616"><ele>761</ele></trkpt>
      <trkpt lat="47.163125" lon="10.590699"><ele>761</ele></trkpt>
      <trkpt lat="47.163452" lon="10.590991"><ele>760</ele></trkpt>
      <trkpt lat="47.163727" lon="10.591236"><ele>759</ele></trkpt>
      <trkpt lat="47.163780" lon="10.591284"><ele>759</ele></trkpt>
      <trkpt lat="47.164092" lon="10.591534"><ele>760</ele></trkpt>
      <trkpt lat="47.164468" lon="10.591747"><ele>761</ele></trkpt>
      <trkpt lat="47.164505" lon="10.591768"><ele>760</ele></trkpt>
      <trkpt lat="47.164515" lon="10.591881"><ele>761</ele></trkpt>
      <trkpt lat="47.164546" lon="10.591940"><ele>762</ele></trkpt>
      <trkpt lat="47.164605" lon="10.591970"><ele>762</ele></trkpt>
      <trkpt lat="47.164929" lon="10.592134"><ele>763</ele></trkpt>
      <trkpt lat="47.165184" lon="10.592264"><ele>762</ele></trkpt>
      <trkpt lat="47.165457" lon="10.592493"><ele>762</ele></trkpt>
      <trkpt lat="47.166207" lon="10.593183"><ele>764</ele></trkpt>
      <trkpt lat="47.166340" lon="10.593270"><ele>762</ele></trkpt>
      <trkpt lat="47.166441" lon="10.593284"><ele>761</ele></trkpt>
      <trkpt lat="47.166766" lon="10.593552"><ele>760</ele></trkpt>
      <trkpt lat="47.166825" lon="10.593567"><ele>760</ele></trkpt>
      <trkpt lat="47.167021" lon="10.593787"><ele>760</ele></trkpt>
      <trkpt lat="47.167108" lon="10.593883"><ele>760</ele></trkpt>
      <trkpt lat="47.167219" lon="10.594030"><ele>761</ele></trkpt>
      <trkpt lat="47.167404" lon="10.594251"><ele>765</ele></trkpt>
      <trkpt lat="47.167575" lon="10.594506"><ele>765</ele></trkpt>
      <trkpt lat="47.167770" lon="10.594870"><ele>761</ele></trkpt>
      <trkpt lat="47.168020" lon="10.595545"><ele>760</ele></trkpt>
      <trkpt lat="47.168089" lon="10.595663"><ele>758</ele></trkpt>
      <trkpt lat="47.168224" lon="10.596023"><ele>758</ele></trkpt>
      <trkpt lat="47.168574" lon="10.596879"><ele>758</ele></trkpt>
      <trkpt lat="47.168748" lon="10.597430"><ele>757</ele></trkpt>
      <trkpt lat="47.168791" lon="10.597654"><ele>757</ele></trkpt>
      <trkpt lat="47.168838" lon="10.598148"><ele>757</ele></trkpt>
      <trkpt lat="47.168820" lon="10.598624"><ele>758</ele></trkpt>
      <trkpt lat="47.168890" lon="10.599407"><ele>756</ele></trkpt>
      <trkpt lat="47.168882" lon="10.600043"><ele>760</ele></trkpt>
      <trkpt lat="47.168921" lon="10.600373"><ele>760</ele></trkpt>
      <trkpt lat="47.168973" lon="10.600757"><ele>762</ele></trkpt>
      <trkpt lat="47.169085" lon="10.601307"><ele>764</ele></trkpt>
      <trkpt lat="47.169159" lon="10.601616"><ele>759</ele></trkpt>
      <trkpt lat="47.169350" lon="10.602291"><ele>759</ele></trkpt>
      <trkpt lat="47.169387" lon="10.602399"><ele>758</ele></trkpt>
      <trkpt lat="47.169438" lon="10.602488"><ele>757</ele></trkpt>
      <trkpt lat="47.169555" lon="10.602836"><ele>758</ele></trkpt>
      <trkpt lat="47.169796" lon="10.603507"><ele>757</ele></trkpt>
      <trkpt lat="47.170136" lon="10.604320"><ele>756</ele></trkpt>
      <trkpt lat="47.170150" lon="10.604364"><ele>756</ele></trkpt>
      <trkpt lat="47.170166" lon="10.604493"><ele>756</ele></trkpt>
      <trkpt lat="47.170115" lon="10.604555"><ele>756</ele></trkpt>
      <trkpt lat="47.170036" lon="10.604687"><ele>756</ele></trkpt>
      <trkpt lat="47.170022" lon="10.604743"><ele>756</ele></trkpt>
      <trkpt lat="47.170020" lon="10.604870"><ele>757</ele></trkpt>
      <trkpt lat="47.170170" lon="10.605012"><ele>758</ele></trkpt>
      <trkpt lat="47.170242" lon="10.605104"><ele>758</ele></trkpt>
      <trkpt lat="47.170440" lon="10.605422"><ele>759</ele></trkpt>
      <trkpt lat="47.170952" lon="10.606359"><ele>760</ele></trkpt>
      <trkpt lat="47.171069" lon="10.606521"><ele>758</ele></trkpt>
      <trkpt lat="47.171185" lon="10.606742"><ele>756</ele></trkpt>
      <trkpt lat="47.171234" lon="10.606946"><ele>758</ele></trkpt>
      <trkpt lat="47.171301" lon="10.607054"><ele>759</ele></trkpt>
      <trkpt lat="47.171439" lon="10.607324"><ele>758</ele></trkpt>
      <trkpt lat="47.171512" lon="10.607448"><ele>759</ele></trkpt>
      <trkpt lat="47.171565" lon="10.607513"><ele>759</ele></trkpt>
      <trkpt lat="47.171620" lon="10.607600"><ele>758</ele></trkpt>
      <trkpt lat="47.171670" lon="10.607725"><ele>756</ele></trkpt>
      <trkpt lat="47.171687" lon="10.607822"><ele>756</ele></trkpt>
      <trkpt lat="47.171715" lon="10.607921"><ele>758</ele></trkpt>
      <trkpt lat="47.172203" lon="10.609001"><ele>755</ele></trkpt>
      <trkpt lat="47.172274" lon="10.609225"><ele>754</ele></trkpt>
      <trkpt lat="47.172437" lon="10.609689"><ele>755</ele></trkpt>
      <trkpt lat="47.172578" lon="10.610044"><ele>754</ele></trkpt>
      <trkpt lat="47.172764" lon="10.610426"><ele>754</ele></trkpt>
      <trkpt lat="47.172948" lon="10.610743"><ele>754</ele></trkpt>
      <trkpt lat="47.173277" lon="10.611261"><ele>753</ele></trkpt>
      <trkpt lat="47.173622" lon="10.611952"><ele>752</ele></trkpt>
      <trkpt lat="47.173687" lon="10.612100"><ele>752</ele></trkpt>
      <trkpt lat="47.173707" lon="10.612293"><ele>752</ele></trkpt>
      <trkpt lat="47.173675" lon="10.612508"><ele>752</ele></trkpt>
      <trkpt lat="47.173629" lon="10.612643"><ele>752</ele></trkpt>
      <trkpt lat="47.173540" lon="10.612813"><ele>752</ele></trkpt>
      <trkpt lat="47.173509" lon="10.612933"><ele>752</ele></trkpt>
      <trkpt lat="47.173486" lon="10.613079"><ele>752</ele></trkpt>
      <trkpt lat="47.173490" lon="10.613356"><ele>752</ele></trkpt>
      <trkpt lat="47.173528" lon="10.613918"><ele>752</ele></trkpt>
      <trkpt lat="47.173557" lon="10.614149"><ele>752</ele></trkpt>
      <trkpt lat="47.173609" lon="10.614461"><ele>752</ele></trkpt>
      <trkpt lat="47.173827" lon="10.615560"><ele>752</ele></trkpt>
      <trkpt lat="47.173890" lon="10.615888"><ele>753</ele></trkpt>
      <trkpt lat="47.174091" lon="10.616375"><ele>753</ele></trkpt>
      <trkpt lat="47.174184" lon="10.616574"><ele>752</ele></trkpt>
      <trkpt lat="47.174230" lon="10.616652"><ele>752</ele></trkpt>
      <trkpt lat="47.174289" lon="10.616713"><ele>753</ele></trkpt>
      <trkpt lat="47.174358" lon="10.616730"><ele>753</ele></trkpt>
      <trkpt lat="47.174426" lon="10.616709"><ele>752</ele></trkpt>
      <trkpt lat="47.174638" lon="10.616539"><ele>753</ele></trkpt>
      <trkpt lat="47.174836" lon="10.616436"><ele>752</ele></trkpt>
      <trkpt lat="47.174948" lon="10.616348"><ele>752</ele></trkpt>
      <trkpt lat="47.175128" lon="10.616258"><ele>753</ele></trkpt>
      <trkpt lat="47.175252" lon="10.616207"><ele>753</ele></trkpt>
      <trkpt lat="47.175351" lon="10.616136"><ele>752</ele></trkpt>
      <trkpt lat="47.175455" lon="10.616038"><ele>751</ele></trkpt>
      <trkpt lat="47.175672" lon="10.615792"><ele>752</ele></trkpt>
      <trkpt lat="47.175762" lon="10.615731"><ele>752</ele></trkpt>
      <trkpt lat="47.175868" lon="10.615716"><ele>753</ele></trkpt>
      <trkpt lat="47.176012" lon="10.615722"><ele>754</ele></trkpt>
      <trkpt lat="47.176109" lon="10.615754"><ele>754</ele></trkpt>
      <trkpt lat="47.176192" lon="10.615830"><ele>754</ele></trkpt>
      <trkpt lat="47.176827" lon="10.616597"><ele>756</ele></trkpt>
      <trkpt lat="47.176936" lon="10.616613"><ele>755</ele></trkpt>
      <trkpt lat="47.177060" lon="10.616724"><ele>754</ele></trkpt>
      <trkpt lat="47.177102" lon="10.616772"><ele>754</ele></trkpt>
      <trkpt lat="47.177414" lon="10.617141"><ele>754</ele></trkpt>
      <trkpt lat="47.177558" lon="10.617351"><ele>753</ele></trkpt>
      <trkpt lat="47.177583" lon="10.617430"><ele>754</ele></trkpt>
      <trkpt lat="47.177633" lon="10.617662"><ele>754</ele></trkpt>
      <trkpt lat="47.177779" lon="10.617956"><ele>754</ele></trkpt>
      <trkpt lat="47.177944" lon="10.618397"><ele>755</ele></trkpt>
      <trkpt lat="47.177996" lon="10.618482"><ele>756</ele></trkpt>
      <trkpt lat="47.178059" lon="10.618545"><ele>756</ele></trkpt>
      <trkpt lat="47.178132" lon="10.618589"><ele>756</ele></trkpt>
      <trkpt lat="47.178214" lon="10.618615"><ele>756</ele></trkpt>
      <trkpt lat="47.178400" lon="10.618626"><ele>756</ele></trkpt>
      <trkpt lat="47.178527" lon="10.618666"><ele>756</ele></trkpt>
      <trkpt lat="47.178615" lon="10.618725"><ele>757</ele></trkpt>
      <trkpt lat="47.178845" lon="10.618934"><ele>758</ele></trkpt>
      <trkpt lat="47.179025" lon="10.619142"><ele>757</ele></trkpt>
      <trkpt lat="47.179458" lon="10.619769"><ele>758</ele></trkpt>
      <trkpt lat="47.179582" lon="10.619909"><ele>760</ele></trkpt>
      <trkpt lat="47.179713" lon="10.620014"><ele>760</ele></trkpt>
      <trkpt lat="47.179791" lon="10.620055"><ele>761</ele></trkpt>
      <trkpt lat="47.179869" lon="10.620084"><ele>762</ele></trkpt>
      <trkpt lat="47.180294" lon="10.620202"><ele>763</ele></trkpt>
      <trkpt lat="47.180350" lon="10.620224"><ele>763</ele></trkpt>
      <trkpt lat="47.180395" lon="10.620256"><ele>764</ele></trkpt>
      <trkpt lat="47.180473" lon="10.620369"><ele>764</ele></trkpt>
      <trkpt lat="47.180559" lon="10.620530"><ele>764</ele></trkpt>
      <trkpt lat="47.181222" lon="10.621944"><ele>768</ele></trkpt>
      <trkpt lat="47.181603" lon="10.623025"><ele>766</ele></trkpt>
      <trkpt lat="47.181817" lon="10.623919"><ele>761</ele></trkpt>
      <trkpt lat="47.181980" lon="10.624893"><ele>762</ele></trkpt>
      <trkpt lat="47.182040" lon="10.625502"><ele>765</ele></trkpt>
      <trkpt lat="47.182137" lon="10.625559"><ele>762</ele></trkpt>
      <trkpt lat="47.182207" lon="10.625645"><ele>763</ele></trkpt>
      <trkpt lat="47.182262" lon="10.625765"><ele>765</ele></trkpt>
      <trkpt lat="47.182700" lon="10.627800"><ele>753</ele></trkpt>
      <trkpt lat="47.182896" lon="10.628407"><ele>752</ele></trkpt>
      <trkpt lat="47.183197" lon="10.629511"><ele>752</ele></trkpt>
      <trkpt lat="47.183471" lon="10.630910"><ele>757</ele></trkpt>
      <trkpt lat="47.183616" lon="10.631619"><ele>762</ele></trkpt>
      <trkpt lat="47.183776" lon="10.632236"><ele>761</ele></trkpt>
      <trkpt lat="47.183945" lon="10.632990"><ele>763</ele></trkpt>
      <trkpt lat="47.184012" lon="10.633227"><ele>761</ele></trkpt>
      <trkpt lat="47.184057" lon="10.633371"><ele>760</ele></trkpt>
      <trkpt lat="47.184123" lon="10.633660"><ele>761</ele></trkpt>
      <trkpt lat="47.184159" lon="10.633956"><ele>763</ele></trkpt>
      <trkpt lat="47.184187" lon="10.634417"><ele>765</ele></trkpt>
      <trkpt lat="47.184312" lon="10.635113"><ele>762</ele></trkpt>
      <trkpt lat="47.184320" lon="10.635249"><ele>762</ele></trkpt>
      <trkpt lat="47.184297" lon="10.635390"><ele>762</ele></trkpt>
      <trkpt lat="47.184229" lon="10.635548"><ele>764</ele></trkpt>
      <trkpt lat="47.184167" lon="10.635656"><ele>764</ele></trkpt>
      <trkpt lat="47.184052" lon="10.635823"><ele>763</ele></trkpt>
      <trkpt lat="47.183980" lon="10.635952"><ele>763</ele></trkpt>
      <trkpt lat="47.183921" lon="10.636085"><ele>762</ele></trkpt>
      <trkpt lat="47.183905" lon="10.636176"><ele>763</ele></trkpt>
      <trkpt lat="47.183917" lon="10.636281"><ele>763</ele></trkpt>
      <trkpt lat="47.183965" lon="10.636536"><ele>762</ele></trkpt>
      <trkpt lat="47.184078" lon="10.636907"><ele>762</ele></trkpt>
      <trkpt lat="47.184294" lon="10.637413"><ele>761</ele></trkpt>
      <trkpt lat="47.184416" lon="10.637666"><ele>760</ele></trkpt>
      <trkpt lat="47.184603" lon="10.638000"><ele>759</ele></trkpt>
      <trkpt lat="47.184640" lon="10.638082"><ele>759</ele></trkpt>
      <trkpt lat="47.184669" lon="10.638174"><ele>760</ele></trkpt>
      <trkpt lat="47.184821" lon="10.638467"><ele>758</ele></trkpt>
      <trkpt lat="47.184864" lon="10.638587"><ele>758</ele></trkpt>
      <trkpt lat="47.184941" lon="10.638907"><ele>757</ele></trkpt>
      <trkpt lat="47.185135" lon="10.639517"><ele>755</ele></trkpt>
      <trkpt lat="47.185178" lon="10.639690"><ele>754</ele></trkpt>
      <trkpt lat="47.185188" lon="10.639844"><ele>756</ele></trkpt>
      <trkpt lat="47.185302" lon="10.640428"><ele>758</ele></trkpt>
      <trkpt lat="47.185350" lon="10.640575"><ele>757</ele></trkpt>
      <trkpt lat="47.185494" lon="10.640962"><ele>755</ele></trkpt>
      <trkpt lat="47.185602" lon="10.641218"><ele>756</ele></trkpt>
      <trkpt lat="47.185682" lon="10.641396"><ele>755</ele></trkpt>
      <trkpt lat="47.185848" lon="10.641716"><ele>753</ele></trkpt>
      <trkpt lat="47.186056" lon="10.642010"><ele>752</ele></trkpt>
      <trkpt lat="47.186123" lon="10.642147"><ele>751</ele></trkpt>
      <trkpt lat="47.186209" lon="10.642293"><ele>752</ele></trkpt>
      <trkpt lat="47.186353" lon="10.642513"><ele>750</ele></trkpt>
      <trkpt lat="47.186449" lon="10.642623"><ele>751</ele></trkpt>
      <trkpt lat="47.186501" lon="10.642659"><ele>750</ele></trkpt>
      <trkpt lat="47.186547" lon="10.642683"><ele>750</ele></trkpt>
      <trkpt lat="47.186585" lon="10.642691"><ele>749</ele></trkpt>
      <trkpt lat="47.186756" lon="10.642665"><ele>746</ele></trkpt>
      <trkpt lat="47.186824" lon="10.642670"><ele>744</ele></trkpt>
      <trkpt lat="47.186866" lon="10.642698"><ele>744</ele></trkpt>
      <trkpt lat="47.186919" lon="10.642760"><ele>744</ele></trkpt>
      <trkpt lat="47.187050" lon="10.642944"><ele>745</ele></trkpt>
      <trkpt lat="47.187275" lon="10.643303"><ele>746</ele></trkpt>
      <trkpt lat="47.187511" lon="10.643553"><ele>746</ele></trkpt>
      <trkpt lat="47.187686" lon="10.643691"><ele>744</ele></trkpt>
      <trkpt lat="47.187784" lon="10.643802"><ele>744</ele></trkpt>
      <trkpt lat="47.187937" lon="10.643933"><ele>744</ele></trkpt>
      <trkpt lat="47.188136" lon="10.644068"><ele>743</ele></trkpt>
      <trkpt lat="47.188219" lon="10.644210"><ele>744</ele></trkpt>
      <trkpt lat="47.188639" lon="10.644620"><ele>743</ele></trkpt>
      <trkpt lat="47.188805" lon="10.644774"><ele>743</ele></trkpt>
      <trkpt lat="47.188905" lon="10.644849"><ele>742</ele></trkpt>
      <trkpt lat="47.189011" lon="10.644953"><ele>742</ele></trkpt>
      <trkpt lat="47.189130" lon="10.645107"><ele>742</ele></trkpt>
      <trkpt lat="47.189414" lon="10.645384"><ele>742</ele></trkpt>
      <trkpt lat="47.189668" lon="10.645610"><ele>741</ele></trkpt>
      <trkpt lat="47.190604" lon="10.646382"><ele>741</ele></trkpt>
      <trkpt lat="47.190766" lon="10.646567"><ele>743</ele></trkpt>
      <trkpt lat="47.190936" lon="10.646798"><ele>743</ele></trkpt>
      <trkpt lat="47.191193" lon="10.647109"><ele>744</ele></trkpt>
      <trkpt lat="47.191456" lon="10.647476"><ele>744</ele></trkpt>
      <trkpt lat="47.191790" lon="10.647984"><ele>743</ele></trkpt>
      <trkpt lat="47.192008" lon="10.648331"><ele>743</ele></trkpt>
      <trkpt lat="47.192208" lon="10.648710"><ele>743</ele></trkpt>
      <trkpt lat="47.192558" lon="10.649270"><ele>742</ele></trkpt>
      <trkpt lat="47.192769" lon="10.649610"><ele>742</ele></trkpt>
      <trkpt lat="47.192959" lon="10.649838"><ele>742</ele></trkpt>
      <trkpt lat="47.193172" lon="10.650001"><ele>742</ele></trkpt>
      <trkpt lat="47.193292" lon="10.650069"><ele>741</ele></trkpt>
      <trkpt lat="47.193366" lon="10.650111"><ele>741</ele></trkpt>
      <trkpt lat="47.193383" lon="10.650130"><ele>741</ele></trkpt>
      <trkpt lat="47.193537" lon="10.650297"><ele>741</ele></trkpt>
      <trkpt lat="47.193763" lon="10.650541"><ele>741</ele></trkpt>
      <trkpt lat="47.193878" lon="10.650649"><ele>741</ele></trkpt>
      <trkpt lat="47.194035" lon="10.650803"><ele>740</ele></trkpt>
      <trkpt lat="47.194084" lon="10.650851"><ele>740</ele></trkpt>
      <trkpt lat="47.194281" lon="10.651089"><ele>740</ele></trkpt>
      <trkpt lat="47.194342" lon="10.651190"><ele>740</ele></trkpt>
      <trkpt lat="47.194460" lon="10.651424"><ele>740</ele></trkpt>
      <trkpt lat="47.194594" lon="10.651672"><ele>739</ele></trkpt>
      <trkpt lat="47.194622" lon="10.651742"><ele>740</ele></trkpt>
      <trkpt lat="47.194785" lon="10.652147"><ele>740</ele></trkpt>
      <trkpt lat="47.194884" lon="10.652355"><ele>740</ele></trkpt>
      <trkpt lat="47.194939" lon="10.652448"><ele>740</ele></trkpt>
      <trkpt lat="47.195034" lon="10.652558"><ele>740</ele></trkpt>
      <trkpt lat="47.195187" lon="10.652759"><ele>739</ele></trkpt>
      <trkpt lat="47.195264" lon="10.652800"><ele>739</ele></trkpt>
      <trkpt lat="47.195336" lon="10.652793"><ele>739</ele></trkpt>
      <trkpt lat="47.195402" lon="10.652771"><ele>738</ele></trkpt>
      <trkpt lat="47.195583" lon="10.652667"><ele>738</ele></trkpt>
      <trkpt lat="47.195710" lon="10.652594"><ele>738</ele></trkpt>
      <trkpt lat="47.195821" lon="10.652575"><ele>738</ele></trkpt>
      <trkpt lat="47.196027" lon="10.652592"><ele>738</ele></trkpt>
      <trkpt lat="47.196008" lon="10.652924"><ele>738</ele></trkpt>
      <trkpt lat="47.195991" lon="10.653304"><ele>738</ele></trkpt>
      <trkpt lat="47.195983" lon="10.653508"><ele>738</ele></trkpt>
      <trkpt lat="47.195990" lon="10.653812"><ele>738</ele></trkpt>
      <trkpt lat="47.196012" lon="10.654117"><ele>738</ele></trkpt>
      <trkpt lat="47.196070" lon="10.654609"><ele>737</ele></trkpt>
      <trkpt lat="47.196218" lon="10.655245"><ele>737</ele></trkpt>
      <trkpt lat="47.196327" lon="10.655496"><ele>737</ele></trkpt>
      <trkpt lat="47.196444" lon="10.655696"><ele>737</ele></trkpt>
      <trkpt lat="47.196558" lon="10.655833"><ele>737</ele></trkpt>
      <trkpt lat="47.196706" lon="10.655940"><ele>737</ele></trkpt>
      <trkpt lat="47.196840" lon="10.656008"><ele>738</ele></trkpt>
      <trkpt lat="47.196923" lon="10.656084"><ele>738</ele></trkpt>
      <trkpt lat="47.196969" lon="10.656162"><ele>738</ele></trkpt>
      <trkpt lat="47.197084" lon="10.656398"><ele>737</ele></trkpt>
      <trkpt lat="47.197244" lon="10.656791"><ele>737</ele></trkpt>
      <trkpt lat="47.197324" lon="10.657079"><ele>737</ele></trkpt>
      <trkpt lat="47.197360" lon="10.657210"><ele>737</ele></trkpt>
      <trkpt lat="47.197409" lon="10.657623"><ele>736</ele></trkpt>
      <trkpt lat="47.197448" lon="10.657976"><ele>735</ele></trkpt>
      <trkpt lat="47.197490" lon="10.658341"><ele>735</ele></trkpt>
      <trkpt lat="47.197526" lon="10.658601"><ele>736</ele></trkpt>
      <trkpt lat="47.197565" lon="10.658822"><ele>736</ele></trkpt>
      <trkpt lat="47.197695" lon="10.659456"><ele>736</ele></trkpt>
      <trkpt lat="47.197835" lon="10.660262"><ele>736</ele></trkpt>
      <trkpt lat="47.197855" lon="10.660400"><ele>736</ele></trkpt>
      <trkpt lat="47.197861" lon="10.660448"><ele>736</ele></trkpt>
      <trkpt lat="47.197960" lon="10.660892"><ele>735</ele></trkpt>
      <trkpt lat="47.198076" lon="10.661322"><ele>735</ele></trkpt>
      <trkpt lat="47.198203" lon="10.661675"><ele>735</ele></trkpt>
      <trkpt lat="47.198317" lon="10.661931"><ele>735</ele></trkpt>
      <trkpt lat="47.198551" lon="10.662370"><ele>734</ele></trkpt>
      <trkpt lat="47.198833" lon="10.662833"><ele>734</ele></trkpt>
      <trkpt lat="47.199467" lon="10.663811"><ele>734</ele></trkpt>
      <trkpt lat="47.199506" lon="10.663891"><ele>734</ele></trkpt>
      <trkpt lat="47.199580" lon="10.664073"><ele>734</ele></trkpt>
      <trkpt lat="47.199656" lon="10.664286"><ele>733</ele></trkpt>
      <trkpt lat="47.199711" lon="10.664486"><ele>733</ele></trkpt>
      <trkpt lat="47.199897" lon="10.665110"><ele>734</ele></trkpt>
      <trkpt lat="47.199929" lon="10.665221"><ele>733</ele></trkpt>
      <trkpt lat="47.200106" lon="10.665628"><ele>733</ele></trkpt>
      <trkpt lat="47.200369" lon="10.666144"><ele>733</ele></trkpt>
      <trkpt lat="47.200371" lon="10.666440"><ele>733</ele></trkpt>
      <trkpt lat="47.200379" lon="10.666587"><ele>733</ele></trkpt>
      <trkpt lat="47.200405" lon="10.666698"><ele>733</ele></trkpt>
      <trkpt lat="47.200441" lon="10.666804"><ele>733</ele></trkpt>
      <trkpt lat="47.200516" lon="10.666990"><ele>733</ele></trkpt>
      <trkpt lat="47.200699" lon="10.667644"><ele>733</ele></trkpt>
      <trkpt lat="47.200802" lon="10.668021"><ele>733</ele></trkpt>
      <trkpt lat="47.200850" lon="10.668222"><ele>733</ele></trkpt>
      <trkpt lat="47.200886" lon="10.668482"><ele>733</ele></trkpt>
      <trkpt lat="47.200883" lon="10.668659"><ele>733</ele></trkpt>
      <trkpt lat="47.200841" lon="10.669358"><ele>733</ele></trkpt>
      <trkpt lat="47.200832" lon="10.669569"><ele>733</ele></trkpt>
      <trkpt lat="47.200816" lon="10.669697"><ele>733</ele></trkpt>
      <trkpt lat="47.200816" lon="10.669835"><ele>733</ele></trkpt>
      <trkpt lat="47.200903" lon="10.670471"><ele>732</ele></trkpt>
      <trkpt lat="47.200912" lon="10.671066"><ele>732</ele></trkpt>
      <trkpt lat="47.200930" lon="10.671246"><ele>732</ele></trkpt>
      <trkpt lat="47.200976" lon="10.671766"><ele>733</ele></trkpt>
      <trkpt lat="47.201000" lon="10.671843"><ele>733</ele></trkpt>
      <trkpt lat="47.201476" lon="10.672017"><ele>732</ele></trkpt>
      <trkpt lat="47.201590" lon="10.672059"><ele>732</ele></trkpt>
      <trkpt lat="47.201684" lon="10.672122"><ele>732</ele></trkpt>
      <trkpt lat="47.202004" lon="10.672450"><ele>732</ele></trkpt>
      <trkpt lat="47.202069" lon="10.672454"><ele>732</ele></trkpt>
      <trkpt lat="47.202080" lon="10.672547"><ele>732</ele></trkpt>
      <trkpt lat="47.202140" lon="10.672676"><ele>732</ele></trkpt>
      <trkpt lat="47.202205" lon="10.672944"><ele>732</ele></trkpt>
      <trkpt lat="47.202302" lon="10.673240"><ele>732</ele></trkpt>
      <trkpt lat="47.202423" lon="10.673510"><ele>732</ele></trkpt>
      <trkpt lat="47.202544" lon="10.673719"><ele>732</ele></trkpt>
      <trkpt lat="47.202691" lon="10.673937"><ele>733</ele></trkpt>
      <trkpt lat="47.202804" lon="10.674068"><ele>732</ele></trkpt>
      <trkpt lat="47.202950" lon="10.674227"><ele>731</ele></trkpt>
      <trkpt lat="47.203006" lon="10.674286"><ele>730</ele></trkpt>
      <trkpt lat="47.203560" lon="10.674944"><ele>732</ele></trkpt>
      <trkpt lat="47.203663" lon="10.675085"><ele>732</ele></trkpt>
      <trkpt lat="47.203705" lon="10.675187"><ele>732</ele></trkpt>
      <trkpt lat="47.203740" lon="10.675281"><ele>732</ele></trkpt>
      <trkpt lat="47.203788" lon="10.675331"><ele>732</ele></trkpt>
      <trkpt lat="47.203824" lon="10.675349"><ele>732</ele></trkpt>
      <trkpt lat="47.203881" lon="10.675378"><ele>732</ele></trkpt>
      <trkpt lat="47.203930" lon="10.675433"><ele>731</ele></trkpt>
      <trkpt lat="47.203956" lon="10.675500"><ele>731</ele></trkpt>
      <trkpt lat="47.203964" lon="10.675588"><ele>730</ele></trkpt>
      <trkpt lat="47.203976" lon="10.675630"><ele>730</ele></trkpt>
      <trkpt lat="47.203998" lon="10.675631"><ele>731</ele></trkpt>
      <trkpt lat="47.203913" lon="10.676329"><ele>730</ele></trkpt>
      <trkpt lat="47.203767" lon="10.677390"><ele>729</ele></trkpt>
      <trkpt lat="47.203768" lon="10.677568"><ele>729</ele></trkpt>
      <trkpt lat="47.203803" lon="10.677734"><ele>729</ele></trkpt>
      <trkpt lat="47.203860" lon="10.677934"><ele>729</ele></trkpt>
      <trkpt lat="47.204054" lon="10.678561"><ele>729</ele></trkpt>
      <trkpt lat="47.204148" lon="10.678837"><ele>728</ele></trkpt>
      <trkpt lat="47.204257" lon="10.679083"><ele>728</ele></trkpt>
      <trkpt lat="47.204513" lon="10.679622"><ele>728</ele></trkpt>
      <trkpt lat="47.204884" lon="10.680445"><ele>728</ele></trkpt>
      <trkpt lat="47.205905" lon="10.679834"><ele>728</ele></trkpt>
      <trkpt lat="47.205933" lon="10.679818"><ele>728</ele></trkpt>
      <trkpt lat="47.207298" lon="10.678984"><ele>728</ele></trkpt>
      <trkpt lat="47.207972" lon="10.681293"><ele>728</ele></trkpt>
      <trkpt lat="47.208004" lon="10.681403"><ele>728</ele></trkpt>
      <trkpt lat="47.208348" lon="10.682952"><ele>728</ele></trkpt>
      <trkpt lat="47.208495" lon="10.683468"><ele>727</ele></trkpt>
      <trkpt lat="47.208578" lon="10.683757"><ele>727</ele></trkpt>
      <trkpt lat="47.208817" lon="10.684536"><ele>727</ele></trkpt>
      <trkpt lat="47.209369" lon="10.686093"><ele>726</ele></trkpt>
      <trkpt lat="47.209747" lon="10.687120"><ele>726</ele></trkpt>
      <trkpt lat="47.211782" lon="10.691916"><ele>725</ele></trkpt>
      <trkpt lat="47.211935" lon="10.692252"><ele>725</ele></trkpt>
      <trkpt lat="47.212333" lon="10.692885"><ele>724</ele></trkpt>
      <trkpt lat="47.212511" lon="10.693425"><ele>724</ele></trkpt>
      <trkpt lat="47.212767" lon="10.693860"><ele>723</ele></trkpt>
      <trkpt lat="47.212799" lon="10.694017"><ele>724</ele></trkpt>
      <trkpt lat="47.212768" lon="10.694263"><ele>724</ele></trkpt>
      <trkpt lat="47.212441" lon="10.694881"><ele>725</ele></trkpt>
      <trkpt lat="47.212413" lon="10.695070"><ele>725</ele></trkpt>
      <trkpt lat="47.212413" lon="10.695278"><ele>725</ele></trkpt>
      <trkpt lat="47.212725" lon="10.696752"><ele>725</ele></trkpt>
      <trkpt lat="47.213039" lon="10.697986"><ele>724</ele></trkpt>
      <trkpt lat="47.213240" lon="10.699054"><ele>724</ele></trkpt>
      <trkpt lat="47.213267" lon="10.699173"><ele>724</ele></trkpt>
      <trkpt lat="47.213266" lon="10.699255"><ele>724</ele></trkpt>
      <trkpt lat="47.213254" lon="10.699309"><ele>724</ele></trkpt>
      <trkpt lat="47.213236" lon="10.699385"><ele>724</ele></trkpt>
      <trkpt lat="47.213228" lon="10.699497"><ele>724</ele></trkpt>
      <trkpt lat="47.213296" lon="10.700399"><ele>724</ele></trkpt>
      <trkpt lat="47.213307" lon="10.700450"><ele>724</ele></trkpt>
      <trkpt lat="47.213333" lon="10.700488"><ele>724</ele></trkpt>
      <trkpt lat="47.213369" lon="10.700508"><ele>724</ele></trkpt>
      <trkpt lat="47.213418" lon="10.700506"><ele>724</ele></trkpt>
      <trkpt lat="47.213793" lon="10.700441"><ele>723</ele></trkpt>
      <trkpt lat="47.214358" lon="10.700337"><ele>724</ele></trkpt>
      <trkpt lat="47.214412" lon="10.700346"><ele>724</ele></trkpt>
      <trkpt lat="47.214469" lon="10.700380"><ele>724</ele></trkpt>
      <trkpt lat="47.214504" lon="10.700448"><ele>724</ele></trkpt>
      <trkpt lat="47.214698" lon="10.701616"><ele>724</ele></trkpt>
      <trkpt lat="47.215025" lon="10.703778"><ele>722</ele></trkpt>
      <trkpt lat="47.214804" lon="10.704276"><ele>722</ele></trkpt>
      <trkpt lat="47.214813" lon="10.704343"><ele>721</ele></trkpt>
      <trkpt lat="47.214889" lon="10.704517"><ele>721</ele></trkpt>
      <trkpt lat="47.215063" lon="10.704918"><ele>721</ele></trkpt>
      <trkpt lat="47.215201" lon="10.705316"><ele>722</ele></trkpt>
      <trkpt lat="47.215297" lon="10.705796"><ele>722</ele></trkpt>
      <trkpt lat="47.215407" lon="10.706607"><ele>721</ele></trkpt>
      <trkpt lat="47.215768" lon="10.709432"><ele>722</ele></trkpt>
      <trkpt lat="47.215890" lon="10.710450"><ele>722</ele></trkpt>
      <trkpt lat="47.216281" lon="10.713881"><ele>720</ele></trkpt>
      <trkpt lat="47.216531" lon="10.716439"><ele>720</ele></trkpt>
      <trkpt lat="47.216615" lon="10.717681"><ele>721</ele></trkpt>
      <trkpt lat="47.216617" lon="10.717840"><ele>721</ele></trkpt>
      <trkpt lat="47.216567" lon="10.717965"><ele>720</ele></trkpt>
      <trkpt lat="47.216543" lon="10.717976"><ele>720</ele></trkpt>
      <trkpt lat="47.216402" lon="10.718081"><ele>720</ele></trkpt>
      <trkpt lat="47.216374" lon="10.718146"><ele>720</ele></trkpt>
      <trkpt lat="47.216372" lon="10.718263"><ele>720</ele></trkpt>
      <trkpt lat="47.216398" lon="10.718608"><ele>720</ele></trkpt>
      <trkpt lat="47.216418" lon="10.718791"><ele>719</ele></trkpt>
      <trkpt lat="47.216417" lon="10.718975"><ele>720</ele></trkpt>
      <trkpt lat="47.216400" lon="10.719061"><ele>720</ele></trkpt>
      <trkpt lat="47.216360" lon="10.719158"><ele>720</ele></trkpt>
      <trkpt lat="47.216332" lon="10.719255"><ele>720</ele></trkpt>
      <trkpt lat="47.216274" lon="10.719597"><ele>719</ele></trkpt>
      <trkpt lat="47.216276" lon="10.719847"><ele>719</ele></trkpt>
      <trkpt lat="47.216360" lon="10.720976"><ele>720</ele></trkpt>
      <trkpt lat="47.216397" lon="10.721579"><ele>719</ele></trkpt>
      <trkpt lat="47.216459" lon="10.722160"><ele>718</ele></trkpt>
      <trkpt lat="47.216557" lon="10.722582"><ele>719</ele></trkpt>
      <trkpt lat="47.216511" lon="10.723107"><ele>718</ele></trkpt>
      <trkpt lat="47.216505" lon="10.723595"><ele>717</ele></trkpt>
      <trkpt lat="47.216509" lon="10.723637"><ele>717</ele></trkpt>
      <trkpt lat="47.216514" lon="10.723698"><ele>717</ele></trkpt>
      <trkpt lat="47.216680" lon="10.724120"><ele>718</ele></trkpt>
      <trkpt lat="47.216843" lon="10.725343"><ele>719</ele></trkpt>
      <trkpt lat="47.216860" lon="10.725572"><ele>719</ele></trkpt>
      <trkpt lat="47.216862" lon="10.726025"><ele>719</ele></trkpt>
      <trkpt lat="47.216854" lon="10.726833"><ele>719</ele></trkpt>
      <trkpt lat="47.216785" lon="10.729040"><ele>719</ele></trkpt>
      <trkpt lat="47.216733" lon="10.730268"><ele>718</ele></trkpt>
      <trkpt lat="47.216638" lon="10.733941"><ele>718</ele></trkpt>
      <trkpt lat="47.216610" lon="10.735361"><ele>716</ele></trkpt>
      <trkpt lat="47.216597" lon="10.738027"><ele>716</ele></trkpt>
      <trkpt lat="47.216628" lon="10.741765"><ele>716</ele></trkpt>
      <trkpt lat="47.216715" lon="10.744887"><ele>715</ele></trkpt>
      <trkpt lat="47.216851" lon="10.746852"><ele>716</ele></trkpt>
      <trkpt lat="47.216851" lon="10.747624"><ele>716</ele></trkpt>
      <trkpt lat="47.216764" lon="10.748389"><ele>714</ele></trkpt>
      <trkpt lat="47.216793" lon="10.749068"><ele>714</ele></trkpt>
      <trkpt lat="47.216890" lon="10.749546"><ele>714</ele></trkpt>
      <trkpt lat="47.217228" lon="10.750260"><ele>715</ele></trkpt>
      <trkpt lat="47.217891" lon="10.752503"><ele>714</ele></trkpt>
      <trkpt lat="47.218023" lon="10.752854"><ele>713</ele></trkpt>
      <trkpt lat="47.218072" lon="10.752914"><ele>713</ele></trkpt>
      <trkpt lat="47.218332" lon="10.753135"><ele>714</ele></trkpt>
      <trkpt lat="47.218363" lon="10.753161"><ele>714</ele></trkpt>
      <trkpt lat="47.218538" lon="10.752881"><ele>713</ele></trkpt>
      <trkpt lat="47.218852" lon="10.752365"><ele>714</ele></trkpt>
      <trkpt lat="47.219307" lon="10.751739"><ele>715</ele></trkpt>
      <trkpt lat="47.219499" lon="10.751523"><ele>716</ele></trkpt>
      <trkpt lat="47.219725" lon="10.751361"><ele>716</ele></trkpt>
      <trkpt lat="47.219941" lon="10.751171"><ele>716</ele></trkpt>
      <trkpt lat="47.220040" lon="10.751192"><ele>716</ele></trkpt>
      <trkpt lat="47.220661" lon="10.750764"><ele>716</ele></trkpt>
      <trkpt lat="47.220786" lon="10.750599"><ele>716</ele></trkpt>
      <trkpt lat="47.221193" lon="10.750393"><ele>716</ele></trkpt>
      <trkpt lat="47.221502" lon="10.750248"><ele>716</ele></trkpt>
      <trkpt lat="47.221664" lon="10.750199"><ele>716</ele></trkpt>
      <trkpt lat="47.221828" lon="10.750173"><ele>716</ele></trkpt>
      <trkpt lat="47.222323" lon="10.750043"><ele>717</ele></trkpt>
      <trkpt lat="47.222656" lon="10.749968"><ele>718</ele></trkpt>
      <trkpt lat="47.223410" lon="10.749792"><ele>718</ele></trkpt>
      <trkpt lat="47.224311" lon="10.749718"><ele>720</ele></trkpt>
      <trkpt lat="47.224414" lon="10.749697"><ele>720</ele></trkpt>
      <trkpt lat="47.224523" lon="10.749632"><ele>720</ele></trkpt>
      <trkpt lat="47.224597" lon="10.749609"><ele>720</ele></trkpt>
      <trkpt lat="47.224635" lon="10.749614"><ele>720</ele></trkpt>
      <trkpt lat="47.224692" lon="10.749633"><ele>720</ele></trkpt>
      <trkpt lat="47.224851" lon="10.749657"><ele>720</ele></trkpt>
      <trkpt lat="47.225156" lon="10.749651"><ele>720</ele></trkpt>
      <trkpt lat="47.225543" lon="10.749624"><ele>720</ele></trkpt>
      <trkpt lat="47.226240" lon="10.749598"><ele>720</ele></trkpt>
      <trkpt lat="47.227060" lon="10.749550"><ele>722</ele></trkpt>
      <trkpt lat="47.227354" lon="10.749535"><ele>723</ele></trkpt>
      <trkpt lat="47.227511" lon="10.749528"><ele>723</ele></trkpt>
      <trkpt lat="47.227841" lon="10.749523"><ele>724</ele></trkpt>
      <trkpt lat="47.227949" lon="10.749529"><ele>724</ele></trkpt>
      <trkpt lat="47.228040" lon="10.749549"><ele>724</ele></trkpt>
      <trkpt lat="47.228151" lon="10.749594"><ele>724</ele></trkpt>
      <trkpt lat="47.228261" lon="10.749658"><ele>724</ele></trkpt>
      <trkpt lat="47.228532" lon="10.749883"><ele>724</ele></trkpt>
      <trkpt lat="47.229243" lon="10.750525"><ele>726</ele></trkpt>
      <trkpt lat="47.229409" lon="10.750634"><ele>727</ele></trkpt>
      <trkpt lat="47.229518" lon="10.750686"><ele>727</ele></trkpt>
      <trkpt lat="47.229626" lon="10.750726"><ele>727</ele></trkpt>
      <trkpt lat="47.229741" lon="10.750750"><ele>727</ele></trkpt>
      <trkpt lat="47.229861" lon="10.750764"><ele>727</ele></trkpt>
      <trkpt lat="47.230804" lon="10.750720"><ele>729</ele></trkpt>
      <trkpt lat="47.231030" lon="10.750707"><ele>729</ele></trkpt>
      <trkpt lat="47.231993" lon="10.750622"><ele>731</ele></trkpt>
      <trkpt lat="47.232171" lon="10.750623"><ele>732</ele></trkpt>
      <trkpt lat="47.233220" lon="10.750702"><ele>733</ele></trkpt>
      <trkpt lat="47.233520" lon="10.750722"><ele>733</ele></trkpt>
      <trkpt lat="47.233925" lon="10.750751"><ele>734</ele></trkpt>
      <trkpt lat="47.234008" lon="10.750708"><ele>734</ele></trkpt>
      <trkpt lat="47.234088" lon="10.750644"><ele>735</ele></trkpt>
      <trkpt lat="47.234353" lon="10.750404"><ele>736</ele></trkpt>
      <trkpt lat="47.234430" lon="10.750345"><ele>736</ele></trkpt>
      <trkpt lat="47.234498" lon="10.750301"><ele>737</ele></trkpt>
      <trkpt lat="47.234988" lon="10.750046"><ele>740</ele></trkpt>
      <trkpt lat="47.235115" lon="10.749983"><ele>740</ele></trkpt>
      <trkpt lat="47.235192" lon="10.749928"><ele>740</ele></trkpt>
      <trkpt lat="47.235264" lon="10.749856"><ele>741</ele></trkpt>
      <trkpt lat="47.235739" lon="10.749266"><ele>743</ele></trkpt>
      <trkpt lat="47.235965" lon="10.748867"><ele>744</ele></trkpt>
      <trkpt lat="47.236027" lon="10.748775"><ele>744</ele></trkpt>
      <trkpt lat="47.236203" lon="10.748515"><ele>745</ele></trkpt>
      <trkpt lat="47.236661" lon="10.747869"><ele>748</ele></trkpt>
      <trkpt lat="47.236834" lon="10.747752"><ele>748</ele></trkpt>
      <trkpt lat="47.236847" lon="10.747724"><ele>749</ele></trkpt>
      <trkpt lat="47.237193" lon="10.747027"><ele>751</ele></trkpt>
      <trkpt lat="47.237585" lon="10.746534"><ele>754</ele></trkpt>
      <trkpt lat="47.237716" lon="10.746257"><ele>754</ele></trkpt>
      <trkpt lat="47.237883" lon="10.746001"><ele>756</ele></trkpt>
      <trkpt lat="47.238504" lon="10.745174"><ele>760</ele></trkpt>
      <trkpt lat="47.238648" lon="10.744872"><ele>761</ele></trkpt>
      <trkpt lat="47.238737" lon="10.744685"><ele>762</ele></trkpt>
      <trkpt lat="47.238806" lon="10.744601"><ele>762</ele></trkpt>
      <trkpt lat="47.238883" lon="10.744566"><ele>762</ele></trkpt>
      <trkpt lat="47.238858" lon="10.744472"><ele>762</ele></trkpt>
      <trkpt lat="47.238834" lon="10.744262"><ele>762</ele></trkpt>
      <trkpt lat="47.238828" lon="10.744031"><ele>765</ele></trkpt>
      <trkpt lat="47.238854" lon="10.743956"><ele>765</ele></trkpt>
      <trkpt lat="47.239056" lon="10.743571"><ele>768</ele></trkpt>
      <trkpt lat="47.239337" lon="10.742898"><ele>776</ele></trkpt>
      <trkpt lat="47.239459" lon="10.742567"><ele>780</ele></trkpt>
      <trkpt lat="47.239375" lon="10.742449"><ele>782</ele></trkpt>
      <trkpt lat="47.239323" lon="10.742296"><ele>784</ele></trkpt>
      <trkpt lat="47.239307" lon="10.742210"><ele>784</ele></trkpt>
      <trkpt lat="47.239370" lon="10.742198"><ele>785</ele></trkpt>
      <trkpt lat="47.239447" lon="10.742155"><ele>785</ele></trkpt>
      <trkpt lat="47.239520" lon="10.742066"><ele>786</ele></trkpt>
      <trkpt lat="47.239603" lon="10.741814"><ele>787</ele></trkpt>
      <trkpt lat="47.239638" lon="10.741691"><ele>788</ele></trkpt>
      <trkpt lat="47.239656" lon="10.741626"><ele>788</ele></trkpt>
      <trkpt lat="47.239669" lon="10.741578"><ele>788</ele></trkpt>
      <trkpt lat="47.239710" lon="10.741428"><ele>790</ele></trkpt>
      <trkpt lat="47.239747" lon="10.741069"><ele>791</ele></trkpt>
      <trkpt lat="47.239783" lon="10.740919"><ele>792</ele></trkpt>
      <trkpt lat="47.239847" lon="10.740725"><ele>793</ele></trkpt>
      <trkpt lat="47.239903" lon="10.740560"><ele>794</ele></trkpt>
      <trkpt lat="47.240221" lon="10.739553"><ele>799</ele></trkpt>
      <trkpt lat="47.240107" lon="10.739552"><ele>798</ele></trkpt>
      <trkpt lat="47.239945" lon="10.739586"><ele>797</ele></trkpt>
      <trkpt lat="47.239802" lon="10.739549"><ele>796</ele></trkpt>
      <trkpt lat="47.239696" lon="10.739480"><ele>796</ele></trkpt>
      <trkpt lat="47.239610" lon="10.739423"><ele>795</ele></trkpt>
      <trkpt lat="47.239282" lon="10.739174"><ele>794</ele></trkpt>
      <trkpt lat="47.239256" lon="10.739153"><ele>794</ele></trkpt>
      <trkpt lat="47.239103" lon="10.739043"><ele>793</ele></trkpt>
      <trkpt lat="47.238772" lon="10.738805"><ele>790</ele></trkpt>
      <trkpt lat="47.238606" lon="10.738735"><ele>790</ele></trkpt>
      <trkpt lat="47.238595" lon="10.738734"><ele>789</ele></trkpt>
      <trkpt lat="47.238208" lon="10.738688"><ele>788</ele></trkpt>
      <trkpt lat="47.238226" lon="10.738512"><ele>788</ele></trkpt>
      <trkpt lat="47.238287" lon="10.738219"><ele>790</ele></trkpt>
      <trkpt lat="47.238350" lon="10.738231"><ele>790</ele></trkpt>
      <trkpt lat="47.238388" lon="10.738220"><ele>790</ele></trkpt>
      <trkpt lat="47.238435" lon="10.738188"><ele>791</ele></trkpt>
      <trkpt lat="47.238461" lon="10.738189"><ele>791</ele></trkpt>
      <trkpt lat="47.238803" lon="10.738468"><ele>792</ele></trkpt>
      <trkpt lat="47.238818" lon="10.738472"><ele>792</ele></trkpt>
      <trkpt lat="47.238899" lon="10.738242"><ele>793</ele></trkpt>
      <trkpt lat="47.238818" lon="10.738472"><ele>792</ele></trkpt>
      <trkpt lat="47.238803" lon="10.738468"><ele>792</ele></trkpt>
      <trkpt lat="47.238461" lon="10.738189"><ele>791</ele></trkpt>
      <trkpt lat="47.238435" lon="10.738188"><ele>791</ele></trkpt>
      <trkpt lat="47.238388" lon="10.738220"><ele>790</ele></trkpt>
      <trkpt lat="47.238350" lon="10.738231"><ele>790</ele></trkpt>
      <trkpt lat="47.238287" lon="10.738219"><ele>790</ele></trkpt>
      <trkpt lat="47.238226" lon="10.738512"><ele>788</ele></trkpt>
      <trkpt lat="47.238208" lon="10.738688"><ele>788</ele></trkpt>
      <trkpt lat="47.238595" lon="10.738734"><ele>789</ele></trkpt>
      <trkpt lat="47.238606" lon="10.738735"><ele>790</ele></trkpt>
      <trkpt lat="47.238772" lon="10.738805"><ele>790</ele></trkpt>
      <trkpt lat="47.239103" lon="10.739043"><ele>793</ele></trkpt>
      <trkpt lat="47.239256" lon="10.739153"><ele>794</ele></trkpt>
      <trkpt lat="47.239282" lon="10.739174"><ele>794</ele></trkpt>
      <trkpt lat="47.239610" lon="10.739423"><ele>795</ele></trkpt>
      <trkpt lat="47.239696" lon="10.739480"><ele>796</ele></trkpt>
      <trkpt lat="47.239802" lon="10.739549"><ele>796</ele></trkpt>
      <trkpt lat="47.239945" lon="10.739586"><ele>797</ele></trkpt>
      <trkpt lat="47.240107" lon="10.739552"><ele>798</ele></trkpt>
      <trkpt lat="47.240221" lon="10.739553"><ele>799</ele></trkpt>
      <trkpt lat="47.240362" lon="10.739531"><ele>799</ele></trkpt>
      <trkpt lat="47.240603" lon="10.739468"><ele>796</ele></trkpt>
      <trkpt lat="47.240674" lon="10.739426"><ele>796</ele></trkpt>
      <trkpt lat="47.241043" lon="10.739151"><ele>796</ele></trkpt>
      <trkpt lat="47.241390" lon="10.738795"><ele>794</ele></trkpt>
      <trkpt lat="47.241677" lon="10.738546"><ele>794</ele></trkpt>
      <trkpt lat="47.241741" lon="10.738516"><ele>794</ele></trkpt>
      <trkpt lat="47.241797" lon="10.738510"><ele>794</ele></trkpt>
      <trkpt lat="47.241882" lon="10.738533"><ele>794</ele></trkpt>
      <trkpt lat="47.241983" lon="10.738603"><ele>794</ele></trkpt>
      <trkpt lat="47.242026" lon="10.738658"><ele>794</ele></trkpt>
      <trkpt lat="47.242160" lon="10.738819"><ele>795</ele></trkpt>
      <trkpt lat="47.242205" lon="10.738849"><ele>796</ele></trkpt>
      <trkpt lat="47.242343" lon="10.738860"><ele>798</ele></trkpt>
      <trkpt lat="47.242648" lon="10.738783"><ele>800</ele></trkpt>
      <trkpt lat="47.242760" lon="10.738809"><ele>800</ele></trkpt>
      <trkpt lat="47.242940" lon="10.738897"><ele>802</ele></trkpt>
      <trkpt lat="47.242964" lon="10.738908"><ele>802</ele></trkpt>
      <trkpt lat="47.243571" lon="10.738939"><ele>808</ele></trkpt>
      <trkpt lat="47.243752" lon="10.738926"><ele>810</ele></trkpt>
      <trkpt lat="47.243812" lon="10.738928"><ele>810</ele></trkpt>
      <trkpt lat="47.243883" lon="10.738948"><ele>811</ele></trkpt>
      <trkpt lat="47.244252" lon="10.739185"><ele>814</ele></trkpt>
      <trkpt lat="47.244336" lon="10.739245"><ele>814</ele></trkpt>
      <trkpt lat="47.244411" lon="10.739326"><ele>814</ele></trkpt>
      <trkpt lat="47.244512" lon="10.739457"><ele>814</ele></trkpt>
      <trkpt lat="47.244596" lon="10.739601"><ele>816</ele></trkpt>
      <trkpt lat="47.244678" lon="10.739800"><ele>816</ele></trkpt>
      <trkpt lat="47.244743" lon="10.740042"><ele>818</ele></trkpt>
      <trkpt lat="47.244799" lon="10.740200"><ele>819</ele></trkpt>
      <trkpt lat="47.244868" lon="10.740356"><ele>819</ele></trkpt>
      <trkpt lat="47.244910" lon="10.740415"><ele>820</ele></trkpt>
      <trkpt lat="47.244996" lon="10.740485"><ele>820</ele></trkpt>
      <trkpt lat="47.245046" lon="10.740502"><ele>820</ele></trkpt>
      <trkpt lat="47.245117" lon="10.740509"><ele>821</ele></trkpt>
      <trkpt lat="47.245313" lon="10.740465"><ele>822</ele></trkpt>
      <trkpt lat="47.245367" lon="10.740468"><ele>822</ele></trkpt>
      <trkpt lat="47.245409" lon="10.740489"><ele>823</ele></trkpt>
      <trkpt lat="47.245439" lon="10.740512"><ele>823</ele></trkpt>
      <trkpt lat="47.245603" lon="10.740703"><ele>822</ele></trkpt>
      <trkpt lat="47.245688" lon="10.740823"><ele>822</ele></trkpt>
      <trkpt lat="47.245777" lon="10.740986"><ele>822</ele></trkpt>
      <trkpt lat="47.245841" lon="10.741098"><ele>823</ele></trkpt>
      <trkpt lat="47.245972" lon="10.741267"><ele>823</ele></trkpt>
      <trkpt lat="47.246095" lon="10.741385"><ele>824</ele></trkpt>
      <trkpt lat="47.246128" lon="10.741417"><ele>824</ele></trkpt>
      <trkpt lat="47.246132" lon="10.741480"><ele>824</ele></trkpt>
      <trkpt lat="47.246178" lon="10.741726"><ele>823</ele></trkpt>
      <trkpt lat="47.246255" lon="10.742099"><ele>822</ele></trkpt>
      <trkpt lat="47.246300" lon="10.742296"><ele>822</ele></trkpt>
      <trkpt lat="47.246385" lon="10.742630"><ele>822</ele></trkpt>
      <trkpt lat="47.246523" lon="10.743180"><ele>821</ele></trkpt>
      <trkpt lat="47.246492" lon="10.743201"><ele>820</ele></trkpt>
      <trkpt lat="47.246466" lon="10.743219"><ele>820</ele></trkpt>
      <trkpt lat="47.246438" lon="10.743257"><ele>820</ele></trkpt>
      <trkpt lat="47.246403" lon="10.743436"><ele>818</ele></trkpt>
      <trkpt lat="47.246269" lon="10.744105"><ele>814</ele></trkpt>
      <trkpt lat="47.246185" lon="10.744523"><ele>811</ele></trkpt>
      <trkpt lat="47.246183" lon="10.744593"><ele>811</ele></trkpt>
      <trkpt lat="47.246211" lon="10.744676"><ele>811</ele></trkpt>
      <trkpt lat="47.246299" lon="10.744779"><ele>811</ele></trkpt>
      <trkpt lat="47.246475" lon="10.744910"><ele>811</ele></trkpt>
      <trkpt lat="47.246540" lon="10.744980"><ele>810</ele></trkpt>
      <trkpt lat="47.246583" lon="10.745046"><ele>810</ele></trkpt>
      <trkpt lat="47.246613" lon="10.745115"><ele>810</ele></trkpt>
      <trkpt lat="47.246630" lon="10.745190"><ele>808</ele></trkpt>
      <trkpt lat="47.246638" lon="10.745286"><ele>807</ele></trkpt>
      <trkpt lat="47.246634" lon="10.745490"><ele>806</ele></trkpt>
      <trkpt lat="47.246618" lon="10.745549"><ele>805</ele></trkpt>
      <trkpt lat="47.246694" lon="10.745593"><ele>805</ele></trkpt>
      <trkpt lat="47.246856" lon="10.745590"><ele>806</ele></trkpt>
      <trkpt lat="47.247943" lon="10.745417"><ele>812</ele></trkpt>
      <trkpt lat="47.248171" lon="10.745382"><ele>813</ele></trkpt>
      <trkpt lat="47.248317" lon="10.745536"><ele>811</ele></trkpt>
      <trkpt lat="47.248714" lon="10.745958"><ele>808</ele></trkpt>
      <trkpt lat="47.248894" lon="10.746167"><ele>806</ele></trkpt>
      <trkpt lat="47.249053" lon="10.746374"><ele>805</ele></trkpt>
      <trkpt lat="47.249173" lon="10.746607"><ele>802</ele></trkpt>
      <trkpt lat="47.249316" lon="10.746943"><ele>801</ele></trkpt>
      <trkpt lat="47.249495" lon="10.747324"><ele>798</ele></trkpt>
      <trkpt lat="47.249687" lon="10.747680"><ele>796</ele></trkpt>
      <trkpt lat="47.249803" lon="10.747868"><ele>795</ele></trkpt>
      <trkpt lat="47.249993" lon="10.748135"><ele>793</ele></trkpt>
      <trkpt lat="47.250412" lon="10.748623"><ele>791</ele></trkpt>
      <trkpt lat="47.250597" lon="10.749268"><ele>791</ele></trkpt>
      <trkpt lat="47.250909" lon="10.749922"><ele>790</ele></trkpt>
      <trkpt lat="47.251204" lon="10.750219"><ele>790</ele></trkpt>
      <trkpt lat="47.251379" lon="10.750426"><ele>789</ele></trkpt>
      <trkpt lat="47.251854" lon="10.751315"><ele>792</ele></trkpt>
      <trkpt lat="47.251909" lon="10.751410"><ele>792</ele></trkpt>
      <trkpt lat="47.251972" lon="10.751499"><ele>792</ele></trkpt>
      <trkpt lat="47.252404" lon="10.752009"><ele>792</ele></trkpt>
      <trkpt lat="47.252748" lon="10.752462"><ele>791</ele></trkpt>
      <trkpt lat="47.253219" lon="10.752890"><ele>787</ele></trkpt>
      <trkpt lat="47.253261" lon="10.752979"><ele>787</ele></trkpt>
      <trkpt lat="47.253262" lon="10.753064"><ele>787</ele></trkpt>
      <trkpt lat="47.253212" lon="10.753269"><ele>787</ele></trkpt>
      <trkpt lat="47.253193" lon="10.753403"><ele>786</ele></trkpt>
      <trkpt lat="47.253212" lon="10.753526"><ele>786</ele></trkpt>
      <trkpt lat="47.253297" lon="10.753681"><ele>788</ele></trkpt>
      <trkpt lat="47.253455" lon="10.753901"><ele>788</ele></trkpt>
      <trkpt lat="47.253674" lon="10.754280"><ele>790</ele></trkpt>
      <trkpt lat="47.253907" lon="10.754584"><ele>789</ele></trkpt>
      <trkpt lat="47.253980" lon="10.754652"><ele>788</ele></trkpt>
      <trkpt lat="47.254057" lon="10.754706"><ele>787</ele></trkpt>
      <trkpt lat="47.254379" lon="10.754829"><ele>784</ele></trkpt>
      <trkpt lat="47.254483" lon="10.754891"><ele>784</ele></trkpt>
      <trkpt lat="47.254558" lon="10.754983"><ele>784</ele></trkpt>
      <trkpt lat="47.254591" lon="10.755070"><ele>784</ele></trkpt>
      <trkpt lat="47.254594" lon="10.755163"><ele>784</ele></trkpt>
      <trkpt lat="47.254545" lon="10.755490"><ele>785</ele></trkpt>
      <trkpt lat="47.254543" lon="10.755615"><ele>786</ele></trkpt>
      <trkpt lat="47.254560" lon="10.755751"><ele>786</ele></trkpt>
      <trkpt lat="47.254600" lon="10.755880"><ele>787</ele></trkpt>
      <trkpt lat="47.254684" lon="10.756027"><ele>788</ele></trkpt>
      <trkpt lat="47.255102" lon="10.756570"><ele>788</ele></trkpt>
      <trkpt lat="47.255357" lon="10.756916"><ele>789</ele></trkpt>
      <trkpt lat="47.255478" lon="10.757114"><ele>789</ele></trkpt>
      <trkpt lat="47.255660" lon="10.757449"><ele>789</ele></trkpt>
      <trkpt lat="47.255809" lon="10.757615"><ele>789</ele></trkpt>
      <trkpt lat="47.255985" lon="10.757774"><ele>789</ele></trkpt>
      <trkpt lat="47.256111" lon="10.757914"><ele>789</ele></trkpt>
      <trkpt lat="47.256162" lon="10.758089"><ele>789</ele></trkpt>
      <trkpt lat="47.256230" lon="10.758540"><ele>790</ele></trkpt>
      <trkpt lat="47.256291" lon="10.758782"><ele>789</ele></trkpt>
      <trkpt lat="47.256509" lon="10.759359"><ele>789</ele></trkpt>
      <trkpt lat="47.256530" lon="10.759557"><ele>788</ele></trkpt>
      <trkpt lat="47.256499" lon="10.759759"><ele>789</ele></trkpt>
      <trkpt lat="47.256509" lon="10.759856"><ele>789</ele></trkpt>
      <trkpt lat="47.256558" lon="10.759976"><ele>790</ele></trkpt>
      <trkpt lat="47.256700" lon="10.760379"><ele>790</ele></trkpt>
      <trkpt lat="47.257106" lon="10.761546"><ele>787</ele></trkpt>
      <trkpt lat="47.257217" lon="10.762010"><ele>785</ele></trkpt>
      <trkpt lat="47.257237" lon="10.762418"><ele>785</ele></trkpt>
      <trkpt lat="47.257167" lon="10.762703"><ele>784</ele></trkpt>
      <trkpt lat="47.257042" lon="10.763162"><ele>784</ele></trkpt>
      <trkpt lat="47.257258" lon="10.763494"><ele>784</ele></trkpt>
      <trkpt lat="47.257600" lon="10.764420"><ele>786</ele></trkpt>
      <trkpt lat="47.257691" lon="10.764695"><ele>786</ele></trkpt>
      <trkpt lat="47.257769" lon="10.764856"><ele>786</ele></trkpt>
      <trkpt lat="47.257824" lon="10.765012"><ele>786</ele></trkpt>
      <trkpt lat="47.257833" lon="10.765111"><ele>786</ele></trkpt>
      <trkpt lat="47.258073" lon="10.765888"><ele>787</ele></trkpt>
      <trkpt lat="47.258297" lon="10.766694"><ele>788</ele></trkpt>
      <trkpt lat="47.258357" lon="10.766830"><ele>787</ele></trkpt>
      <trkpt lat="47.258473" lon="10.766857"><ele>787</ele></trkpt>
      <trkpt lat="47.258717" lon="10.767071"><ele>786</ele></trkpt>
      <trkpt lat="47.258873" lon="10.767153"><ele>787</ele></trkpt>
      <trkpt lat="47.259590" lon="10.766738"><ele>789</ele></trkpt>
      <trkpt lat="47.260643" lon="10.766125"><ele>794</ele></trkpt>
      <trkpt lat="47.260958" lon="10.765932"><ele>795</ele></trkpt>
      <trkpt lat="47.261316" lon="10.765843"><ele>796</ele></trkpt>
      <trkpt lat="47.261448" lon="10.765791"><ele>797</ele></trkpt>
      <trkpt lat="47.261611" lon="10.765727"><ele>798</ele></trkpt>
      <trkpt lat="47.261832" lon="10.765504"><ele>800</ele></trkpt>
      <trkpt lat="47.261907" lon="10.765658"><ele>799</ele></trkpt>
      <trkpt lat="47.262140" lon="10.766063"><ele>799</ele></trkpt>
      <trkpt lat="47.262220" lon="10.766201"><ele>798</ele></trkpt>
      <trkpt lat="47.262276" lon="10.766286"><ele>798</ele></trkpt>
      <trkpt lat="47.262373" lon="10.766472"><ele>798</ele></trkpt>
      <trkpt lat="47.262407" lon="10.766496"><ele>798</ele></trkpt>
      <trkpt lat="47.262424" lon="10.766533"><ele>798</ele></trkpt>
      <trkpt lat="47.262441" lon="10.766663"><ele>799</ele></trkpt>
      <trkpt lat="47.262442" lon="10.766749"><ele>799</ele></trkpt>
      <trkpt lat="47.262357" lon="10.767585"><ele>798</ele></trkpt>
      <trkpt lat="47.262315" lon="10.767976"><ele>796</ele></trkpt>
      <trkpt lat="47.262244" lon="10.768425"><ele>794</ele></trkpt>
      <trkpt lat="47.261947" lon="10.771057"><ele>788</ele></trkpt>
      <trkpt lat="47.261442" lon="10.773753"><ele>788</ele></trkpt>
      <trkpt lat="47.261425" lon="10.773988"><ele>787</ele></trkpt>
      <trkpt lat="47.261535" lon="10.774239"><ele>785</ele></trkpt>
      <trkpt lat="47.262937" lon="10.777097"><ele>779</ele></trkpt>
      <trkpt lat="47.263119" lon="10.777132"><ele>779</ele></trkpt>
      <trkpt lat="47.263566" lon="10.777173"><ele>780</ele></trkpt>
      <trkpt lat="47.263884" lon="10.777341"><ele>780</ele></trkpt>
      <trkpt lat="47.264203" lon="10.777377"><ele>780</ele></trkpt>
      <trkpt lat="47.264592" lon="10.777490"><ele>780</ele></trkpt>
      <trkpt lat="47.264882" lon="10.777657"><ele>780</ele></trkpt>
      <trkpt lat="47.265206" lon="10.777595"><ele>780</ele></trkpt>
      <trkpt lat="47.265300" lon="10.777622"><ele>780</ele></trkpt>
      <trkpt lat="47.265454" lon="10.777738"><ele>780</ele></trkpt>
      <trkpt lat="47.265675" lon="10.777975"><ele>780</ele></trkpt>
      <trkpt lat="47.265709" lon="10.778072"><ele>780</ele></trkpt>
      <trkpt lat="47.265766" lon="10.778297"><ele>781</ele></trkpt>
      <trkpt lat="47.265799" lon="10.778395"><ele>780</ele></trkpt>
      <trkpt lat="47.265945" lon="10.778616"><ele>780</ele></trkpt>
      <trkpt lat="47.266180" lon="10.778814"><ele>781</ele></trkpt>
      <trkpt lat="47.266333" lon="10.778955"><ele>781</ele></trkpt>
      <trkpt lat="47.266754" lon="10.779615"><ele>781</ele></trkpt>
      <trkpt lat="47.266844" lon="10.779713"><ele>782</ele></trkpt>
      <trkpt lat="47.266816" lon="10.779764"><ele>782</ele></trkpt>
      <trkpt lat="47.266735" lon="10.779874"><ele>782</ele></trkpt>
      <trkpt lat="47.266427" lon="10.780258"><ele>782</ele></trkpt>
      <trkpt lat="47.266525" lon="10.780400"><ele>781</ele></trkpt>
      <trkpt lat="47.266726" lon="10.780593"><ele>781</ele></trkpt>
      <trkpt lat="47.267174" lon="10.780989"><ele>782</ele></trkpt>
      <trkpt lat="47.267319" lon="10.781158"><ele>782</ele></trkpt>
      <trkpt lat="47.267432" lon="10.781357"><ele>781</ele></trkpt>
      <trkpt lat="47.267539" lon="10.781563"><ele>782</ele></trkpt>
      <trkpt lat="47.267934" lon="10.782551"><ele>782</ele></trkpt>
      <trkpt lat="47.268494" lon="10.783855"><ele>782</ele></trkpt>
      <trkpt lat="47.269012" lon="10.785122"><ele>783</ele></trkpt>
      <trkpt lat="47.269312" lon="10.785780"><ele>782</ele></trkpt>
      <trkpt lat="47.269509" lon="10.786336"><ele>783</ele></trkpt>
      <trkpt lat="47.269579" lon="10.786479"><ele>782</ele></trkpt>
      <trkpt lat="47.269644" lon="10.786546"><ele>782</ele></trkpt>
      <trkpt lat="47.269701" lon="10.786620"><ele>783</ele></trkpt>
      <trkpt lat="47.269755" lon="10.786711"><ele>783</ele></trkpt>
      <trkpt lat="47.269796" lon="10.786802"><ele>783</ele></trkpt>
      <trkpt lat="47.270240" lon="10.788057"><ele>783</ele></trkpt>
      <trkpt lat="47.270361" lon="10.788309"><ele>784</ele></trkpt>
      <trkpt lat="47.270522" lon="10.788566"><ele>784</ele></trkpt>
      <trkpt lat="47.270633" lon="10.788773"><ele>784</ele></trkpt>
      <trkpt lat="47.270669" lon="10.788884"><ele>784</ele></trkpt>
      <trkpt lat="47.270807" lon="10.789375"><ele>784</ele></trkpt>
      <trkpt lat="47.270882" lon="10.789588"><ele>784</ele></trkpt>
      <trkpt lat="47.271276" lon="10.790498"><ele>784</ele></trkpt>
      <trkpt lat="47.271416" lon="10.790846"><ele>784</ele></trkpt>
      <trkpt lat="47.271518" lon="10.791073"><ele>784</ele></trkpt>
      <trkpt lat="47.271647" lon="10.791332"><ele>784</ele></trkpt>
      <trkpt lat="47.271809" lon="10.791632"><ele>784</ele></trkpt>
      <trkpt lat="47.271840" lon="10.791711"><ele>784</ele></trkpt>
      <trkpt lat="47.271884" lon="10.791870"><ele>784</ele></trkpt>
      <trkpt lat="47.271967" lon="10.792126"><ele>785</ele></trkpt>
      <trkpt lat="47.272022" lon="10.792275"><ele>785</ele></trkpt>
      <trkpt lat="47.272177" lon="10.792613"><ele>785</ele></trkpt>
      <trkpt lat="47.272292" lon="10.792842"><ele>785</ele></trkpt>
      <trkpt lat="47.272380" lon="10.793049"><ele>784</ele></trkpt>
      <trkpt lat="47.272555" lon="10.793496"><ele>785</ele></trkpt>
      <trkpt lat="47.272688" lon="10.793748"><ele>785</ele></trkpt>
      <trkpt lat="47.272775" lon="10.793962"><ele>785</ele></trkpt>
      <trkpt lat="47.272991" lon="10.794583"><ele>785</ele></trkpt>
      <trkpt lat="47.273041" lon="10.794703"><ele>785</ele></trkpt>
      <trkpt lat="47.273861" lon="10.796603"><ele>786</ele></trkpt>
      <trkpt lat="47.274003" lon="10.796919"><ele>787</ele></trkpt>
      <trkpt lat="47.274175" lon="10.797271"><ele>788</ele></trkpt>
      <trkpt lat="47.274260" lon="10.797426"><ele>786</ele></trkpt>
      <trkpt lat="47.274614" lon="10.798168"><ele>786</ele></trkpt>
      <trkpt lat="47.274987" lon="10.798869"><ele>787</ele></trkpt>
      <trkpt lat="47.275157" lon="10.799242"><ele>787</ele></trkpt>
      <trkpt lat="47.275789" lon="10.800531"><ele>787</ele></trkpt>
      <trkpt lat="47.276515" lon="10.802004"><ele>788</ele></trkpt>
      <trkpt lat="47.276687" lon="10.802381"><ele>788</ele></trkpt>
      <trkpt lat="47.276985" lon="10.803005"><ele>788</ele></trkpt>
      <trkpt lat="47.277198" lon="10.803380"><ele>788</ele></trkpt>
      <trkpt lat="47.277912" lon="10.804858"><ele>789</ele></trkpt>
      <trkpt lat="47.278742" lon="10.806543"><ele>790</ele></trkpt>
      <trkpt lat="47.279594" lon="10.808313"><ele>790</ele></trkpt>
      <trkpt lat="47.279913" lon="10.808852"><ele>790</ele></trkpt>
      <trkpt lat="47.280467" lon="10.810126"><ele>791</ele></trkpt>
      <trkpt lat="47.281150" lon="10.811480"><ele>792</ele></trkpt>
      <trkpt lat="47.281381" lon="10.811950"><ele>792</ele></trkpt>
      <trkpt lat="47.281560" lon="10.812407"><ele>792</ele></trkpt>
      <trkpt lat="47.281607" lon="10.812360"><ele>792</ele></trkpt>
      <trkpt lat="47.281686" lon="10.812280"><ele>792</ele></trkpt>
      <trkpt lat="47.281721" lon="10.812247"><ele>792</ele></trkpt>
      <trkpt lat="47.281923" lon="10.812761"><ele>792</ele></trkpt>
      <trkpt lat="47.282305" lon="10.813486"><ele>792</ele></trkpt>
      <trkpt lat="47.282486" lon="10.813880"><ele>793</ele></trkpt>
      <trkpt lat="47.282547" lon="10.813953"><ele>793</ele></trkpt>
      <trkpt lat="47.282605" lon="10.813986"><ele>793</ele></trkpt>
      <trkpt lat="47.282686" lon="10.814004"><ele>793</ele></trkpt>
      <trkpt lat="47.282849" lon="10.813960"><ele>793</ele></trkpt>
      <trkpt lat="47.282973" lon="10.813951"><ele>794</ele></trkpt>
      <trkpt lat="47.283103" lon="10.813958"><ele>794</ele></trkpt>
      <trkpt lat="47.283182" lon="10.814023"><ele>795</ele></trkpt>
      <trkpt lat="47.283291" lon="10.814216"><ele>794</ele></trkpt>
      <trkpt lat="47.283356" lon="10.814393"><ele>794</ele></trkpt>
      <trkpt lat="47.283399" lon="10.814469"><ele>794</ele></trkpt>
      <trkpt lat="47.283446" lon="10.814524"><ele>794</ele></trkpt>
      <trkpt lat="47.283497" lon="10.814526"><ele>795</ele></trkpt>
      <trkpt lat="47.283556" lon="10.814498"><ele>796</ele></trkpt>
      <trkpt lat="47.283843" lon="10.814163"><ele>800</ele></trkpt>
      <trkpt lat="47.284176" lon="10.813859"><ele>803</ele></trkpt>
      <trkpt lat="47.284316" lon="10.813756"><ele>804</ele></trkpt>
      <trkpt lat="47.284425" lon="10.813752"><ele>806</ele></trkpt>
      <trkpt lat="47.284522" lon="10.813837"><ele>809</ele></trkpt>
      <trkpt lat="47.284797" lon="10.814420"><ele>811</ele></trkpt>
      <trkpt lat="47.285179" lon="10.814876"><ele>814</ele></trkpt>
      <trkpt lat="47.285432" lon="10.815217"><ele>818</ele></trkpt>
      <trkpt lat="47.285634" lon="10.815530"><ele>819</ele></trkpt>
      <trkpt lat="47.285743" lon="10.815736"><ele>818</ele></trkpt>
      <trkpt lat="47.285810" lon="10.815909"><ele>816</ele></trkpt>
      <trkpt lat="47.285938" lon="10.816285"><ele>814</ele></trkpt>
      <trkpt lat="47.286143" lon="10.816753"><ele>812</ele></trkpt>
      <trkpt lat="47.286321" lon="10.817206"><ele>812</ele></trkpt>
      <trkpt lat="47.286515" lon="10.817499"><ele>812</ele></trkpt>
      <trkpt lat="47.286772" lon="10.817936"><ele>814</ele></trkpt>
      <trkpt lat="47.286986" lon="10.818387"><ele>813</ele></trkpt>
      <trkpt lat="47.287126" lon="10.818607"><ele>812</ele></trkpt>
      <trkpt lat="47.287340" lon="10.819071"><ele>812</ele></trkpt>
      <trkpt lat="47.287485" lon="10.819322"><ele>813</ele></trkpt>
      <trkpt lat="47.287726" lon="10.819793"><ele>814</ele></trkpt>
      <trkpt lat="47.287922" lon="10.820297"><ele>816</ele></trkpt>
      <trkpt lat="47.288224" lon="10.820624"><ele>816</ele></trkpt>
      <trkpt lat="47.288283" lon="10.820832"><ele>815</ele></trkpt>
      <trkpt lat="47.288577" lon="10.821429"><ele>813</ele></trkpt>
      <trkpt lat="47.288720" lon="10.821681"><ele>812</ele></trkpt>
      <trkpt lat="47.288773" lon="10.821775"><ele>812</ele></trkpt>
      <trkpt lat="47.288964" lon="10.822054"><ele>812</ele></trkpt>
      <trkpt lat="47.289056" lon="10.822236"><ele>812</ele></trkpt>
      <trkpt lat="47.289149" lon="10.822389"><ele>812</ele></trkpt>
      <trkpt lat="47.289777" lon="10.823379"><ele>812</ele></trkpt>
      <trkpt lat="47.290042" lon="10.823996"><ele>811</ele></trkpt>
      <trkpt lat="47.290095" lon="10.824103"><ele>811</ele></trkpt>
      <trkpt lat="47.290400" lon="10.824376"><ele>812</ele></trkpt>
      <trkpt lat="47.290479" lon="10.824508"><ele>812</ele></trkpt>
      <trkpt lat="47.290506" lon="10.824591"><ele>812</ele></trkpt>
      <trkpt lat="47.290610" lon="10.824765"><ele>812</ele></trkpt>
      <trkpt lat="47.290746" lon="10.824921"><ele>811</ele></trkpt>
      <trkpt lat="47.291117" lon="10.825132"><ele>810</ele></trkpt>
      <trkpt lat="47.291271" lon="10.825211"><ele>809</ele></trkpt>
      <trkpt lat="47.291441" lon="10.825331"><ele>808</ele></trkpt>
      <trkpt lat="47.291686" lon="10.825610"><ele>809</ele></trkpt>
      <trkpt lat="47.291933" lon="10.826031"><ele>810</ele></trkpt>
      <trkpt lat="47.292452" lon="10.827177"><ele>812</ele></trkpt>
      <trkpt lat="47.292544" lon="10.827291"><ele>812</ele></trkpt>
      <trkpt lat="47.292672" lon="10.827408"><ele>813</ele></trkpt>
      <trkpt lat="47.292779" lon="10.827630"><ele>814</ele></trkpt>
      <trkpt lat="47.292924" lon="10.828062"><ele>814</ele></trkpt>
      <trkpt lat="47.293177" lon="10.828644"><ele>816</ele></trkpt>
      <trkpt lat="47.293483" lon="10.829170"><ele>816</ele></trkpt>
      <trkpt lat="47.293941" lon="10.829454"><ele>816</ele></trkpt>
      <trkpt lat="47.294225" lon="10.829596"><ele>818</ele></trkpt>
      <trkpt lat="47.295062" lon="10.830047"><ele>818</ele></trkpt>
      <trkpt lat="47.295831" lon="10.830478"><ele>812</ele></trkpt>
      <trkpt lat="47.296466" lon="10.831010"><ele>814</ele></trkpt>
      <trkpt lat="47.297168" lon="10.831699"><ele>814</ele></trkpt>
      <trkpt lat="47.297314" lon="10.831814"><ele>813</ele></trkpt>
      <trkpt lat="47.297550" lon="10.831913"><ele>816</ele></trkpt>
      <trkpt lat="47.297861" lon="10.832182"><ele>818</ele></trkpt>
      <trkpt lat="47.298117" lon="10.832567"><ele>820</ele></trkpt>
      <trkpt lat="47.298132" lon="10.832589"><ele>820</ele></trkpt>
      <trkpt lat="47.298387" lon="10.833274"><ele>822</ele></trkpt>
      <trkpt lat="47.298478" lon="10.833656"><ele>821</ele></trkpt>
      <trkpt lat="47.298646" lon="10.833997"><ele>824</ele></trkpt>
      <trkpt lat="47.298802" lon="10.834146"><ele>825</ele></trkpt>
      <trkpt lat="47.298894" lon="10.834217"><ele>826</ele></trkpt>
      <trkpt lat="47.299297" lon="10.834525"><ele>827</ele></trkpt>
      <trkpt lat="47.299546" lon="10.834693"><ele>828</ele></trkpt>
      <trkpt lat="47.299782" lon="10.834865"><ele>828</ele></trkpt>
      <trkpt lat="47.300033" lon="10.835022"><ele>830</ele></trkpt>
      <trkpt lat="47.300351" lon="10.835073"><ele>830</ele></trkpt>
      <trkpt lat="47.300824" lon="10.834990"><ele>831</ele></trkpt>
      <trkpt lat="47.300949" lon="10.834960"><ele>832</ele></trkpt>
      <trkpt lat="47.301056" lon="10.834993"><ele>831</ele></trkpt>
      <trkpt lat="47.301093" lon="10.835057"><ele>830</ele></trkpt>
      <trkpt lat="47.301304" lon="10.835163"><ele>829</ele></trkpt>
      <trkpt lat="47.301404" lon="10.835176"><ele>828</ele></trkpt>
      <trkpt lat="47.301574" lon="10.835278"><ele>829</ele></trkpt>
      <trkpt lat="47.301697" lon="10.835399"><ele>828</ele></trkpt>
      <trkpt lat="47.301893" lon="10.835635"><ele>828</ele></trkpt>
      <trkpt lat="47.302044" lon="10.835715"><ele>829</ele></trkpt>
      <trkpt lat="47.302231" lon="10.835761"><ele>829</ele></trkpt>
      <trkpt lat="47.302536" lon="10.835781"><ele>831</ele></trkpt>
      <trkpt lat="47.302653" lon="10.835797"><ele>832</ele></trkpt>
      <trkpt lat="47.302839" lon="10.835874"><ele>833</ele></trkpt>
      <trkpt lat="47.302951" lon="10.835990"><ele>834</ele></trkpt>
      <trkpt lat="47.303038" lon="10.836111"><ele>834</ele></trkpt>
      <trkpt lat="47.303128" lon="10.836284"><ele>832</ele></trkpt>
      <trkpt lat="47.303250" lon="10.836667"><ele>830</ele></trkpt>
      <trkpt lat="47.303282" lon="10.836658"><ele>830</ele></trkpt>
      <trkpt lat="47.303496" lon="10.836564"><ele>832</ele></trkpt>
      <trkpt lat="47.303541" lon="10.836537"><ele>833</ele></trkpt>
      <trkpt lat="47.303619" lon="10.836566"><ele>834</ele></trkpt>
      <trkpt lat="47.303827" lon="10.836776"><ele>834</ele></trkpt>
      <trkpt lat="47.304050" lon="10.837023"><ele>836</ele></trkpt>
      <trkpt lat="47.304556" lon="10.837402"><ele>834</ele></trkpt>
      <trkpt lat="47.304566" lon="10.837512"><ele>832</ele></trkpt>
      <trkpt lat="47.305462" lon="10.838409"><ele>829</ele></trkpt>
      <trkpt lat="47.305642" lon="10.838496"><ele>830</ele></trkpt>
      <trkpt lat="47.305930" lon="10.838566"><ele>828</ele></trkpt>
      <trkpt lat="47.306034" lon="10.838574"><ele>828</ele></trkpt>
      <trkpt lat="47.306693" lon="10.838627"><ele>827</ele></trkpt>
      <trkpt lat="47.306725" lon="10.838630"><ele>828</ele></trkpt>
      <trkpt lat="47.306973" lon="10.838712"><ele>830</ele></trkpt>
      <trkpt lat="47.307163" lon="10.838884"><ele>829</ele></trkpt>
      <trkpt lat="47.307331" lon="10.839083"><ele>829</ele></trkpt>
      <trkpt lat="47.307456" lon="10.839309"><ele>828</ele></trkpt>
      <trkpt lat="47.307503" lon="10.839447"><ele>828</ele></trkpt>
      <trkpt lat="47.307549" lon="10.839578"><ele>828</ele></trkpt>
      <trkpt lat="47.307594" lon="10.839560"><ele>828</ele></trkpt>
      <trkpt lat="47.307752" lon="10.839553"><ele>828</ele></trkpt>
      <trkpt lat="47.307856" lon="10.839582"><ele>828</ele></trkpt>
      <trkpt lat="47.307955" lon="10.839525"><ele>828</ele></trkpt>
      <trkpt lat="47.308091" lon="10.839259"><ele>828</ele></trkpt>
      <trkpt lat="47.308165" lon="10.839197"><ele>828</ele></trkpt>
      <trkpt lat="47.308220" lon="10.839045"><ele>829</ele></trkpt>
      <trkpt lat="47.308414" lon="10.838699"><ele>828</ele></trkpt>
      <trkpt lat="47.308686" lon="10.838261"><ele>828</ele></trkpt>
      <trkpt lat="47.308998" lon="10.837970"><ele>829</ele></trkpt>
      <trkpt lat="47.309333" lon="10.837765"><ele>829</ele></trkpt>
      <trkpt lat="47.309604" lon="10.837505"><ele>829</ele></trkpt>
      <trkpt lat="47.309743" lon="10.837372"><ele>829</ele></trkpt>
      <trkpt lat="47.310383" lon="10.836676"><ele>831</ele></trkpt>
      <trkpt lat="47.310869" lon="10.836273"><ele>831</ele></trkpt>
      <trkpt lat="47.311148" lon="10.836054"><ele>832</ele></trkpt>
      <trkpt lat="47.311651" lon="10.835638"><ele>833</ele></trkpt>
      <trkpt lat="47.312133" lon="10.835381"><ele>833</ele></trkpt>
      <trkpt lat="47.313125" lon="10.834782"><ele>836</ele></trkpt>
      <trkpt lat="47.313257" lon="10.834645"><ele>836</ele></trkpt>
      <trkpt lat="47.313408" lon="10.834422"><ele>836</ele></trkpt>
      <trkpt lat="47.313522" lon="10.834270"><ele>836</ele></trkpt>
      <trkpt lat="47.313744" lon="10.834009"><ele>836</ele></trkpt>
      <trkpt lat="47.314208" lon="10.833303"><ele>838</ele></trkpt>
      <trkpt lat="47.314386" lon="10.833098"><ele>838</ele></trkpt>
      <trkpt lat="47.314491" lon="10.832917"><ele>838</ele></trkpt>
      <trkpt lat="47.314535" lon="10.832798"><ele>839</ele></trkpt>
      <trkpt lat="47.314568" lon="10.832465"><ele>838</ele></trkpt>
      <trkpt lat="47.314625" lon="10.832212"><ele>839</ele></trkpt>
      <trkpt lat="47.314707" lon="10.832070"><ele>839</ele></trkpt>
      <trkpt lat="47.314885" lon="10.831990"><ele>840</ele></trkpt>
      <trkpt lat="47.315324" lon="10.831738"><ele>840</ele></trkpt>
      <trkpt lat="47.315816" lon="10.831418"><ele>842</ele></trkpt>
      <trkpt lat="47.315990" lon="10.831326"><ele>842</ele></trkpt>
      <trkpt lat="47.316005" lon="10.831325"><ele>842</ele></trkpt>
      <trkpt lat="47.316203" lon="10.831324"><ele>842</ele></trkpt>
      <trkpt lat="47.316465" lon="10.831297"><ele>842</ele></trkpt>
      <trkpt lat="47.316824" lon="10.831181"><ele>844</ele></trkpt>
      <trkpt lat="47.317157" lon="10.831058"><ele>844</ele></trkpt>
      <trkpt lat="47.317147" lon="10.831121"><ele>844</ele></trkpt>
      <trkpt lat="47.317114" lon="10.831390"><ele>844</ele></trkpt>
      <trkpt lat="47.317148" lon="10.832024"><ele>843</ele></trkpt>
      <trkpt lat="47.317186" lon="10.832248"><ele>844</ele></trkpt>
      <trkpt lat="47.317216" lon="10.832417"><ele>843</ele></trkpt>
      <trkpt lat="47.317331" lon="10.832683"><ele>843</ele></trkpt>
      <trkpt lat="47.317622" lon="10.832366"><ele>844</ele></trkpt>
      <trkpt lat="47.318256" lon="10.831624"><ele>847</ele></trkpt>
      <trkpt lat="47.318452" lon="10.831399"><ele>846</ele></trkpt>
      <trkpt lat="47.318742" lon="10.831066"><ele>847</ele></trkpt>
      <trkpt lat="47.318907" lon="10.830895"><ele>848</ele></trkpt>
      <trkpt lat="47.319098" lon="10.830691"><ele>848</ele></trkpt>
      <trkpt lat="47.319190" lon="10.830584"><ele>848</ele></trkpt>
      <trkpt lat="47.319807" lon="10.829856"><ele>850</ele></trkpt>
      <trkpt lat="47.320399" lon="10.829147"><ele>852</ele></trkpt>
      <trkpt lat="47.320984" lon="10.828528"><ele>854</ele></trkpt>
      <trkpt lat="47.321215" lon="10.828259"><ele>854</ele></trkpt>
      <trkpt lat="47.321379" lon="10.828016"><ele>854</ele></trkpt>
      <trkpt lat="47.321512" lon="10.827778"><ele>856</ele></trkpt>
      <trkpt lat="47.321847" lon="10.827049"><ele>857</ele></trkpt>
      <trkpt lat="47.321954" lon="10.826843"><ele>857</ele></trkpt>
      <trkpt lat="47.322185" lon="10.826447"><ele>858</ele></trkpt>
      <trkpt lat="47.322298" lon="10.826237"><ele>859</ele></trkpt>
      <trkpt lat="47.322365" lon="10.826049"><ele>859</ele></trkpt>
      <trkpt lat="47.322392" lon="10.825823"><ele>860</ele></trkpt>
      <trkpt lat="47.322429" lon="10.825832"><ele>860</ele></trkpt>
      <trkpt lat="47.322480" lon="10.825813"><ele>861</ele></trkpt>
      <trkpt lat="47.322529" lon="10.825674"><ele>862</ele></trkpt>
      <trkpt lat="47.322586" lon="10.825553"><ele>862</ele></trkpt>
      <trkpt lat="47.322849" lon="10.825319"><ele>861</ele></trkpt>
      <trkpt lat="47.322966" lon="10.825247"><ele>863</ele></trkpt>
      <trkpt lat="47.323087" lon="10.825207"><ele>864</ele></trkpt>
      <trkpt lat="47.323253" lon="10.825186"><ele>864</ele></trkpt>
      <trkpt lat="47.323383" lon="10.825103"><ele>863</ele></trkpt>
      <trkpt lat="47.324041" lon="10.824728"><ele>866</ele></trkpt>
      <trkpt lat="47.324235" lon="10.824657"><ele>868</ele></trkpt>
      <trkpt lat="47.324454" lon="10.824500"><ele>870</ele></trkpt>
      <trkpt lat="47.324597" lon="10.824379"><ele>872</ele></trkpt>
      <trkpt lat="47.324886" lon="10.824108"><ele>874</ele></trkpt>
      <trkpt lat="47.325103" lon="10.823920"><ele>874</ele></trkpt>
      <trkpt lat="47.325414" lon="10.823632"><ele>874</ele></trkpt>
      <trkpt lat="47.325669" lon="10.823374"><ele>874</ele></trkpt>
      <trkpt lat="47.325824" lon="10.823275"><ele>874</ele></trkpt>
      <trkpt lat="47.326039" lon="10.823223"><ele>876</ele></trkpt>
      <trkpt lat="47.326191" lon="10.823082"><ele>876</ele></trkpt>
      <trkpt lat="47.326430" lon="10.822822"><ele>875</ele></trkpt>
      <trkpt lat="47.326704" lon="10.822607"><ele>875</ele></trkpt>
      <trkpt lat="47.327214" lon="10.822107"><ele>876</ele></trkpt>
      <trkpt lat="47.327415" lon="10.821919"><ele>878</ele></trkpt>
      <trkpt lat="47.327495" lon="10.821780"><ele>878</ele></trkpt>
      <trkpt lat="47.327584" lon="10.821576"><ele>878</ele></trkpt>
      <trkpt lat="47.327791" lon="10.821216"><ele>880</ele></trkpt>
      <trkpt lat="47.327998" lon="10.820903"><ele>882</ele></trkpt>
      <trkpt lat="47.328251" lon="10.820616"><ele>884</ele></trkpt>
      <trkpt lat="47.328577" lon="10.820178"><ele>886</ele></trkpt>
      <trkpt lat="47.328839" lon="10.819886"><ele>888</ele></trkpt>
      <trkpt lat="47.329398" lon="10.819445"><ele>893</ele></trkpt>
      <trkpt lat="47.329639" lon="10.819278"><ele>895</ele></trkpt>
      <trkpt lat="47.329863" lon="10.819158"><ele>897</ele></trkpt>
      <trkpt lat="47.330171" lon="10.819073"><ele>899</ele></trkpt>
      <trkpt lat="47.330548" lon="10.819031"><ele>901</ele></trkpt>
      <trkpt lat="47.330925" lon="10.819001"><ele>901</ele></trkpt>
      <trkpt lat="47.331377" lon="10.819025"><ele>904</ele></trkpt>
      <trkpt lat="47.331553" lon="10.819048"><ele>904</ele></trkpt>
      <trkpt lat="47.332091" lon="10.819135"><ele>908</ele></trkpt>
      <trkpt lat="47.332450" lon="10.819213"><ele>912</ele></trkpt>
      <trkpt lat="47.332724" lon="10.819289"><ele>916</ele></trkpt>
      <trkpt lat="47.333347" lon="10.819697"><ele>916</ele></trkpt>
      <trkpt lat="47.333661" lon="10.819946"><ele>916</ele></trkpt>
      <trkpt lat="47.333959" lon="10.820202"><ele>912</ele></trkpt>
      <trkpt lat="47.334199" lon="10.820181"><ele>910</ele></trkpt>
      <trkpt lat="47.334536" lon="10.820234"><ele>908</ele></trkpt>
      <trkpt lat="47.334865" lon="10.820198"><ele>907</ele></trkpt>
      <trkpt lat="47.334915" lon="10.820192"><ele>907</ele></trkpt>
      <trkpt lat="47.335144" lon="10.820075"><ele>907</ele></trkpt>
      <trkpt lat="47.335616" lon="10.819757"><ele>908</ele></trkpt>
      <trkpt lat="47.335972" lon="10.819479"><ele>906</ele></trkpt>
      <trkpt lat="47.336413" lon="10.819157"><ele>906</ele></trkpt>
      <trkpt lat="47.336483" lon="10.819054"><ele>907</ele></trkpt>
      <trkpt lat="47.336719" lon="10.818996"><ele>908</ele></trkpt>
      <trkpt lat="47.337021" lon="10.818876"><ele>908</ele></trkpt>
      <trkpt lat="47.337172" lon="10.818850"><ele>909</ele></trkpt>
      <trkpt lat="47.337295" lon="10.818812"><ele>911</ele></trkpt>
      <trkpt lat="47.337372" lon="10.818745"><ele>912</ele></trkpt>
      <trkpt lat="47.337519" lon="10.818499"><ele>909</ele></trkpt>
      <trkpt lat="47.337557" lon="10.818475"><ele>909</ele></trkpt>
      <trkpt lat="47.338516" lon="10.817875"><ele>913</ele></trkpt>
      <trkpt lat="47.338834" lon="10.817692"><ele>915</ele></trkpt>
      <trkpt lat="47.338972" lon="10.817625"><ele>916</ele></trkpt>
      <trkpt lat="47.339111" lon="10.817586"><ele>918</ele></trkpt>
      <trkpt lat="47.339285" lon="10.817568"><ele>918</ele></trkpt>
      <trkpt lat="47.339461" lon="10.817606"><ele>919</ele></trkpt>
      <trkpt lat="47.339571" lon="10.817666"><ele>920</ele></trkpt>
      <trkpt lat="47.339657" lon="10.817734"><ele>920</ele></trkpt>
      <trkpt lat="47.339755" lon="10.817854"><ele>924</ele></trkpt>
      <trkpt lat="47.339822" lon="10.817955"><ele>926</ele></trkpt>
      <trkpt lat="47.339927" lon="10.818136"><ele>926</ele></trkpt>
      <trkpt lat="47.340057" lon="10.818441"><ele>926</ele></trkpt>
      <trkpt lat="47.340138" lon="10.818574"><ele>928</ele></trkpt>
      <trkpt lat="47.340221" lon="10.818670"><ele>928</ele></trkpt>
      <trkpt lat="47.340730" lon="10.819153"><ele>930</ele></trkpt>
      <trkpt lat="47.341341" lon="10.819885"><ele>934</ele></trkpt>
      <trkpt lat="47.341460" lon="10.819971"><ele>934</ele></trkpt>
      <trkpt lat="47.341593" lon="10.820035"><ele>936</ele></trkpt>
      <trkpt lat="47.341735" lon="10.820047"><ele>936</ele></trkpt>
      <trkpt lat="47.341892" lon="10.820016"><ele>937</ele></trkpt>
      <trkpt lat="47.342358" lon="10.819876"><ele>937</ele></trkpt>
      <trkpt lat="47.342499" lon="10.819834"><ele>938</ele></trkpt>
      <trkpt lat="47.342758" lon="10.819738"><ele>941</ele></trkpt>
      <trkpt lat="47.342851" lon="10.819674"><ele>942</ele></trkpt>
      <trkpt lat="47.342996" lon="10.819518"><ele>942</ele></trkpt>
      <trkpt lat="47.343157" lon="10.819280"><ele>945</ele></trkpt>
      <trkpt lat="47.343331" lon="10.819002"><ele>947</ele></trkpt>
      <trkpt lat="47.343338" lon="10.818991"><ele>947</ele></trkpt>
      <trkpt lat="47.343440" lon="10.818842"><ele>947</ele></trkpt>
      <trkpt lat="47.343602" lon="10.818726"><ele>946</ele></trkpt>
      <trkpt lat="47.343661" lon="10.818701"><ele>946</ele></trkpt>
      <trkpt lat="47.343823" lon="10.818681"><ele>946</ele></trkpt>
      <trkpt lat="47.344076" lon="10.818670"><ele>946</ele></trkpt>
      <trkpt lat="47.344347" lon="10.818672"><ele>947</ele></trkpt>
      <trkpt lat="47.344479" lon="10.818707"><ele>946</ele></trkpt>
      <trkpt lat="47.344614" lon="10.818811"><ele>946</ele></trkpt>
      <trkpt lat="47.344697" lon="10.818891"><ele>947</ele></trkpt>
      <trkpt lat="47.344807" lon="10.818981"><ele>946</ele></trkpt>
      <trkpt lat="47.344846" lon="10.819002"><ele>945</ele></trkpt>
      <trkpt lat="47.344915" lon="10.819035"><ele>944</ele></trkpt>
      <trkpt lat="47.344978" lon="10.819052"><ele>943</ele></trkpt>
      <trkpt lat="47.345049" lon="10.819059"><ele>941</ele></trkpt>
      <trkpt lat="47.345120" lon="10.819044"><ele>942</ele></trkpt>
      <trkpt lat="47.345213" lon="10.819014"><ele>942</ele></trkpt>
      <trkpt lat="47.345478" lon="10.818902"><ele>943</ele></trkpt>
      <trkpt lat="47.345577" lon="10.818884"><ele>943</ele></trkpt>
      <trkpt lat="47.345669" lon="10.818908"><ele>948</ele></trkpt>
      <trkpt lat="47.345724" lon="10.818945"><ele>950</ele></trkpt>
      <trkpt lat="47.345778" lon="10.819012"><ele>951</ele></trkpt>
      <trkpt lat="47.345837" lon="10.819127"><ele>951</ele></trkpt>
      <trkpt lat="47.346021" lon="10.819577"><ele>957</ele></trkpt>
      <trkpt lat="47.346172" lon="10.819937"><ele>956</ele></trkpt>
      <trkpt lat="47.346261" lon="10.820090"><ele>957</ele></trkpt>
      <trkpt lat="47.346494" lon="10.820341"><ele>960</ele></trkpt>
      <trkpt lat="47.346633" lon="10.820561"><ele>958</ele></trkpt>
      <trkpt lat="47.346816" lon="10.820889"><ele>961</ele></trkpt>
      <trkpt lat="47.347156" lon="10.821533"><ele>964</ele></trkpt>
      <trkpt lat="47.347440" lon="10.822054"><ele>966</ele></trkpt>
      <trkpt lat="47.347536" lon="10.822266"><ele>968</ele></trkpt>
      <trkpt lat="47.347819" lon="10.822931"><ele>972</ele></trkpt>
      <trkpt lat="47.348043" lon="10.823485"><ele>976</ele></trkpt>
      <trkpt lat="47.348064" lon="10.823672"><ele>974</ele></trkpt>
      <trkpt lat="47.348126" lon="10.823794"><ele>974</ele></trkpt>
      <trkpt lat="47.348187" lon="10.823884"><ele>974</ele></trkpt>
      <trkpt lat="47.348246" lon="10.823940"><ele>974</ele></trkpt>
      <trkpt lat="47.348340" lon="10.823990"><ele>974</ele></trkpt>
      <trkpt lat="47.348469" lon="10.823938"><ele>977</ele></trkpt>
      <trkpt lat="47.348591" lon="10.823966"><ele>977</ele></trkpt>
      <trkpt lat="47.348705" lon="10.824015"><ele>984</ele></trkpt>
      <trkpt lat="47.348800" lon="10.824086"><ele>986</ele></trkpt>
      <trkpt lat="47.349007" lon="10.824312"><ele>984</ele></trkpt>
      <trkpt lat="47.349109" lon="10.824399"><ele>984</ele></trkpt>
      <trkpt lat="47.349207" lon="10.824452"><ele>983</ele></trkpt>
      <trkpt lat="47.349329" lon="10.824463"><ele>983</ele></trkpt>
      <trkpt lat="47.349425" lon="10.824450"><ele>984</ele></trkpt>
      <trkpt lat="47.349687" lon="10.824353"><ele>988</ele></trkpt>
      <trkpt lat="47.349796" lon="10.824356"><ele>988</ele></trkpt>
      <trkpt lat="47.349916" lon="10.824397"><ele>988</ele></trkpt>
      <trkpt lat="47.350697" lon="10.824829"><ele>994</ele></trkpt>
      <trkpt lat="47.350938" lon="10.825019"><ele>996</ele></trkpt>
      <trkpt lat="47.351144" lon="10.825214"><ele>998</ele></trkpt>
      <trkpt lat="47.351303" lon="10.825437"><ele>1000</ele></trkpt>
      <trkpt lat="47.351708" lon="10.826090"><ele>1002</ele></trkpt>
      <trkpt lat="47.351865" lon="10.826331"><ele>1004</ele></trkpt>
      <trkpt lat="47.352001" lon="10.826526"><ele>1004</ele></trkpt>
      <trkpt lat="47.352106" lon="10.826652"><ele>1005</ele></trkpt>
      <trkpt lat="47.352413" lon="10.827071"><ele>1008</ele></trkpt>
      <trkpt lat="47.352657" lon="10.827455"><ele>1008</ele></trkpt>
      <trkpt lat="47.352818" lon="10.827725"><ele>1010</ele></trkpt>
      <trkpt lat="47.352935" lon="10.827937"><ele>1012</ele></trkpt>
      <trkpt lat="47.352900" lon="10.828044"><ele>1009</ele></trkpt>
      <trkpt lat="47.352888" lon="10.828203"><ele>1009</ele></trkpt>
      <trkpt lat="47.352990" lon="10.828487"><ele>1013</ele></trkpt>
      <trkpt lat="47.353038" lon="10.828587"><ele>1014</ele></trkpt>
      <trkpt lat="47.353013" lon="10.828724"><ele>1014</ele></trkpt>
      <trkpt lat="47.352909" lon="10.828881"><ele>1013</ele></trkpt>
      <trkpt lat="47.352713" lon="10.829058"><ele>1008</ele></trkpt>
      <trkpt lat="47.352440" lon="10.829226"><ele>1001</ele></trkpt>
      <trkpt lat="47.352275" lon="10.829314"><ele>997</ele></trkpt>
      <trkpt lat="47.352072" lon="10.829518"><ele>991</ele></trkpt>
      <trkpt lat="47.352184" lon="10.829858"><ele>990</ele></trkpt>
      <trkpt lat="47.352296" lon="10.830090"><ele>990</ele></trkpt>
      <trkpt lat="47.352491" lon="10.830315"><ele>990</ele></trkpt>
      <trkpt lat="47.352858" lon="10.830491"><ele>992</ele></trkpt>
      <trkpt lat="47.352921" lon="10.830553"><ele>992</ele></trkpt>
      <trkpt lat="47.352961" lon="10.830661"><ele>992</ele></trkpt>
      <trkpt lat="47.352972" lon="10.830818"><ele>992</ele></trkpt>
      <trkpt lat="47.352959" lon="10.831109"><ele>995</ele></trkpt>
      <trkpt lat="47.352900" lon="10.831332"><ele>993</ele></trkpt>
      <trkpt lat="47.352817" lon="10.831511"><ele>992</ele></trkpt>
      <trkpt lat="47.352730" lon="10.831570"><ele>991</ele></trkpt>
      <trkpt lat="47.352635" lon="10.831693"><ele>990</ele></trkpt>
      <trkpt lat="47.352578" lon="10.832007"><ele>988</ele></trkpt>
      <trkpt lat="47.352561" lon="10.832231"><ele>987</ele></trkpt>
      <trkpt lat="47.352649" lon="10.832887"><ele>986</ele></trkpt>
      <trkpt lat="47.352881" lon="10.833001"><ele>984</ele></trkpt>
      <trkpt lat="47.353549" lon="10.833780"><ele>983</ele></trkpt>
      <trkpt lat="47.353735" lon="10.834593"><ele>988</ele></trkpt>
      <trkpt lat="47.353681" lon="10.836071"><ele>982</ele></trkpt>
      <trkpt lat="47.353564" lon="10.836827"><ele>978</ele></trkpt>
      <trkpt lat="47.353487" lon="10.837044"><ele>978</ele></trkpt>
      <trkpt lat="47.353223" lon="10.837617"><ele>984</ele></trkpt>
      <trkpt lat="47.352788" lon="10.838213"><ele>982</ele></trkpt>
      <trkpt lat="47.352649" lon="10.838224"><ele>981</ele></trkpt>
      <trkpt lat="47.352361" lon="10.837800"><ele>978</ele></trkpt>
      <trkpt lat="47.352129" lon="10.837617"><ele>978</ele></trkpt>
      <trkpt lat="47.351873" lon="10.837365"><ele>981</ele></trkpt>
      <trkpt lat="47.351694" lon="10.837583"><ele>981</ele></trkpt>
      <trkpt lat="47.351873" lon="10.837365"><ele>981</ele></trkpt>
      <trkpt lat="47.352129" lon="10.837617"><ele>978</ele></trkpt>
      <trkpt lat="47.352361" lon="10.837800"><ele>978</ele></trkpt>
      <trkpt lat="47.352649" lon="10.838224"><ele>981</ele></trkpt>
      <trkpt lat="47.352788" lon="10.838213"><ele>982</ele></trkpt>
      <trkpt lat="47.353223" lon="10.837617"><ele>984</ele></trkpt>
      <trkpt lat="47.353487" lon="10.837044"><ele>978</ele></trkpt>
      <trkpt lat="47.353564" lon="10.836827"><ele>978</ele></trkpt>
      <trkpt lat="47.353681" lon="10.836071"><ele>982</ele></trkpt>
      <trkpt lat="47.353735" lon="10.834593"><ele>988</ele></trkpt>
      <trkpt lat="47.353549" lon="10.833780"><ele>983</ele></trkpt>
      <trkpt lat="47.352881" lon="10.833001"><ele>984</ele></trkpt>
      <trkpt lat="47.352649" lon="10.832887"><ele>986</ele></trkpt>
      <trkpt lat="47.352561" lon="10.832231"><ele>987</ele></trkpt>
      <trkpt lat="47.352578" lon="10.832007"><ele>988</ele></trkpt>
      <trkpt lat="47.352635" lon="10.831693"><ele>990</ele></trkpt>
      <trkpt lat="47.352730" lon="10.831570"><ele>991</ele></trkpt>
      <trkpt lat="47.352817" lon="10.831511"><ele>992</ele></trkpt>
      <trkpt lat="47.352900" lon="10.831332"><ele>993</ele></trkpt>
      <trkpt lat="47.352959" lon="10.831109"><ele>995</ele></trkpt>
      <trkpt lat="47.352972" lon="10.830818"><ele>992</ele></trkpt>
      <trkpt lat="47.352961" lon="10.830661"><ele>992</ele></trkpt>
      <trkpt lat="47.352921" lon="10.830553"><ele>992</ele></trkpt>
      <trkpt lat="47.352858" lon="10.830491"><ele>992</ele></trkpt>
      <trkpt lat="47.352491" lon="10.830315"><ele>990</ele></trkpt>
      <trkpt lat="47.352296" lon="10.830090"><ele>990</ele></trkpt>
      <trkpt lat="47.352184" lon="10.829858"><ele>990</ele></trkpt>
      <trkpt lat="47.352072" lon="10.829518"><ele>991</ele></trkpt>
      <trkpt lat="47.352275" lon="10.829314"><ele>997</ele></trkpt>
      <trkpt lat="47.352440" lon="10.829226"><ele>1001</ele></trkpt>
      <trkpt lat="47.352713" lon="10.829058"><ele>1008</ele></trkpt>
      <trkpt lat="47.352909" lon="10.828881"><ele>1013</ele></trkpt>
      <trkpt lat="47.353094" lon="10.828917"><ele>1016</ele></trkpt>
      <trkpt lat="47.353175" lon="10.829173"><ele>1016</ele></trkpt>
      <trkpt lat="47.353302" lon="10.829375"><ele>1018</ele></trkpt>
      <trkpt lat="47.353467" lon="10.829484"><ele>1018</ele></trkpt>
      <trkpt lat="47.353534" lon="10.829485"><ele>1018</ele></trkpt>
      <trkpt lat="47.353614" lon="10.829532"><ele>1018</ele></trkpt>
      <trkpt lat="47.353688" lon="10.829551"><ele>1017</ele></trkpt>
      <trkpt lat="47.353757" lon="10.829492"><ele>1018</ele></trkpt>
      <trkpt lat="47.353822" lon="10.829459"><ele>1017</ele></trkpt>
      <trkpt lat="47.353869" lon="10.829359"><ele>1019</ele></trkpt>
      <trkpt lat="47.354065" lon="10.829233"><ele>1024</ele></trkpt>
      <trkpt lat="47.354276" lon="10.828935"><ele>1037</ele></trkpt>
      <trkpt lat="47.354301" lon="10.828821"><ele>1042</ele></trkpt>
      <trkpt lat="47.354366" lon="10.828703"><ele>1049</ele></trkpt>
      <trkpt lat="47.354499" lon="10.828543"><ele>1060</ele></trkpt>
      <trkpt lat="47.354567" lon="10.828491"><ele>1065</ele></trkpt>
      <trkpt lat="47.354632" lon="10.828456"><ele>1068</ele></trkpt>
      <trkpt lat="47.354791" lon="10.828524"><ele>1069</ele></trkpt>
      <trkpt lat="47.354868" lon="10.828495"><ele>1072</ele></trkpt>
      <trkpt lat="47.354997" lon="10.828407"><ele>1077</ele></trkpt>
      <trkpt lat="47.355096" lon="10.828350"><ele>1080</ele></trkpt>
      <trkpt lat="47.355375" lon="10.827845"><ele>1093</ele></trkpt>
      <trkpt lat="47.355407" lon="10.827653"><ele>1096</ele></trkpt>
      <trkpt lat="47.355406" lon="10.827345"><ele>1104</ele></trkpt>
      <trkpt lat="47.355481" lon="10.827217"><ele>1104</ele></trkpt>
      <trkpt lat="47.355542" lon="10.826960"><ele>1108</ele></trkpt>
      <trkpt lat="47.355567" lon="10.826772"><ele>1111</ele></trkpt>
      <trkpt lat="47.355637" lon="10.826416"><ele>1119</ele></trkpt>
      <trkpt lat="47.355736" lon="10.826352"><ele>1120</ele></trkpt>
      <trkpt lat="47.355813" lon="10.825920"><ele>1122</ele></trkpt>
      <trkpt lat="47.355815" lon="10.825854"><ele>1123</ele></trkpt>
      <trkpt lat="47.355830" lon="10.825795"><ele>1123</ele></trkpt>
      <trkpt lat="47.355681" lon="10.825878"><ele>1125</ele></trkpt>
      <trkpt lat="47.355673" lon="10.826031"><ele>1123</ele></trkpt>
      <trkpt lat="47.355575" lon="10.826251"><ele>1122</ele></trkpt>
      <trkpt lat="47.355532" lon="10.826311"><ele>1123</ele></trkpt>
      <trkpt lat="47.355555" lon="10.826218"><ele>1122</ele></trkpt>
      <trkpt lat="47.355581" lon="10.825937"><ele>1126</ele></trkpt>
      <trkpt lat="47.355631" lon="10.825704"><ele>1126</ele></trkpt>
      <trkpt lat="47.355606" lon="10.825557"><ele>1126</ele></trkpt>
      <trkpt lat="47.355602" lon="10.825225"><ele>1123</ele></trkpt>
      <trkpt lat="47.355573" lon="10.825075"><ele>1122</ele></trkpt>
      <trkpt lat="47.355561" lon="10.824884"><ele>1122</ele></trkpt>
      <trkpt lat="47.355632" lon="10.824204"><ele>1125</ele></trkpt>
      <trkpt lat="47.355716" lon="10.823698"><ele>1130</ele></trkpt>
      <trkpt lat="47.355781" lon="10.823525"><ele>1131</ele></trkpt>
      <trkpt lat="47.355874" lon="10.823367"><ele>1132</ele></trkpt>
      <trkpt lat="47.355905" lon="10.823267"><ele>1133</ele></trkpt>
      <trkpt lat="47.355980" lon="10.822950"><ele>1136</ele></trkpt>
      <trkpt lat="47.356099" lon="10.822645"><ele>1140</ele></trkpt>
      <trkpt lat="47.356126" lon="10.822504"><ele>1141</ele></trkpt>
      <trkpt lat="47.356117" lon="10.822154"><ele>1143</ele></trkpt>
      <trkpt lat="47.356115" lon="10.821862"><ele>1146</ele></trkpt>
      <trkpt lat="47.356135" lon="10.821790"><ele>1148</ele></trkpt>
      <trkpt lat="47.356258" lon="10.821653"><ele>1151</ele></trkpt>
      <trkpt lat="47.356260" lon="10.821607"><ele>1152</ele></trkpt>
      <trkpt lat="47.356238" lon="10.821569"><ele>1152</ele></trkpt>
      <trkpt lat="47.356094" lon="10.821397"><ele>1154</ele></trkpt>
      <trkpt lat="47.356092" lon="10.821300"><ele>1155</ele></trkpt>
      <trkpt lat="47.356119" lon="10.821202"><ele>1156</ele></trkpt>
      <trkpt lat="47.356150" lon="10.821169"><ele>1157</ele></trkpt>
      <trkpt lat="47.356290" lon="10.821148"><ele>1160</ele></trkpt>
      <trkpt lat="47.356406" lon="10.821118"><ele>1162</ele></trkpt>
      <trkpt lat="47.356457" lon="10.821086"><ele>1162</ele></trkpt>
      <trkpt lat="47.356531" lon="10.820989"><ele>1162</ele></trkpt>
      <trkpt lat="47.356532" lon="10.820960"><ele>1163</ele></trkpt>
      <trkpt lat="47.356453" lon="10.820848"><ele>1165</ele></trkpt>
      <trkpt lat="47.356434" lon="10.820764"><ele>1166</ele></trkpt>
      <trkpt lat="47.356440" lon="10.820722"><ele>1166</ele></trkpt>
      <trkpt lat="47.356501" lon="10.820686"><ele>1167</ele></trkpt>
      <trkpt lat="47.356597" lon="10.820613"><ele>1168</ele></trkpt>
      <trkpt lat="47.356674" lon="10.820530"><ele>1170</ele></trkpt>
      <trkpt lat="47.356739" lon="10.820492"><ele>1172</ele></trkpt>
      <trkpt lat="47.357082" lon="10.820876"><ele>1172</ele></trkpt>
      <trkpt lat="47.357150" lon="10.820991"><ele>1172</ele></trkpt>
      <trkpt lat="47.357262" lon="10.821301"><ele>1170</ele></trkpt>
      <trkpt lat="47.357487" lon="10.821587"><ele>1170</ele></trkpt>
      <trkpt lat="47.357591" lon="10.821825"><ele>1169</ele></trkpt>
      <trkpt lat="47.357639" lon="10.822070"><ele>1168</ele></trkpt>
      <trkpt lat="47.357694" lon="10.822206"><ele>1168</ele></trkpt>
      <trkpt lat="47.357746" lon="10.822240"><ele>1168</ele></trkpt>
      <trkpt lat="47.358050" lon="10.822326"><ele>1167</ele></trkpt>
      <trkpt lat="47.358180" lon="10.822577"><ele>1166</ele></trkpt>
      <trkpt lat="47.358222" lon="10.822633"><ele>1166</ele></trkpt>
      <trkpt lat="47.358284" lon="10.822666"><ele>1166</ele></trkpt>
      <trkpt lat="47.358358" lon="10.822646"><ele>1166</ele></trkpt>
      <trkpt lat="47.358533" lon="10.822388"><ele>1164</ele></trkpt>
      <trkpt lat="47.358567" lon="10.822148"><ele>1164</ele></trkpt>
      <trkpt lat="47.358865" lon="10.821886"><ele>1161</ele></trkpt>
      <trkpt lat="47.358948" lon="10.821876"><ele>1160</ele></trkpt>
      <trkpt lat="47.359016" lon="10.821903"><ele>1160</ele></trkpt>
      <trkpt lat="47.359076" lon="10.821801"><ele>1161</ele></trkpt>
      <trkpt lat="47.359331" lon="10.821588"><ele>1162</ele></trkpt>
      <trkpt lat="47.359448" lon="10.821609"><ele>1162</ele></trkpt>
      <trkpt lat="47.359519" lon="10.821698"><ele>1162</ele></trkpt>
      <trkpt lat="47.359571" lon="10.821815"><ele>1162</ele></trkpt>
      <trkpt lat="47.359662" lon="10.822114"><ele>1161</ele></trkpt>
      <trkpt lat="47.359996" lon="10.822424"><ele>1162</ele></trkpt>
      <trkpt lat="47.360134" lon="10.822502"><ele>1162</ele></trkpt>
      <trkpt lat="47.360301" lon="10.822456"><ele>1162</ele></trkpt>
      <trkpt lat="47.360640" lon="10.822424"><ele>1163</ele></trkpt>
      <trkpt lat="47.361122" lon="10.822333"><ele>1165</ele></trkpt>
      <trkpt lat="47.361289" lon="10.822322"><ele>1165</ele></trkpt>
      <trkpt lat="47.361426" lon="10.822338"><ele>1165</ele></trkpt>
      <trkpt lat="47.361867" lon="10.822447"><ele>1167</ele></trkpt>
      <trkpt lat="47.362172" lon="10.822438"><ele>1169</ele></trkpt>
      <trkpt lat="47.362533" lon="10.822580"><ele>1169</ele></trkpt>
      <trkpt lat="47.363150" lon="10.822887"><ele>1173</ele></trkpt>
      <trkpt lat="47.363214" lon="10.823067"><ele>1174</ele></trkpt>
      <trkpt lat="47.363265" lon="10.823259"><ele>1174</ele></trkpt>
      <trkpt lat="47.363189" lon="10.823521"><ele>1175</ele></trkpt>
      <trkpt lat="47.363115" lon="10.823749"><ele>1176</ele></trkpt>
      <trkpt lat="47.362938" lon="10.824443"><ele>1178</ele></trkpt>
      <trkpt lat="47.362931" lon="10.826191"><ele>1192</ele></trkpt>
      <trkpt lat="47.362915" lon="10.827950"><ele>1201</ele></trkpt>
      <trkpt lat="47.362966" lon="10.828544"><ele>1202</ele></trkpt>
      <trkpt lat="47.363049" lon="10.828880"><ele>1204</ele></trkpt>
      <trkpt lat="47.363092" lon="10.829216"><ele>1206</ele></trkpt>
      <trkpt lat="47.363006" lon="10.830056"><ele>1208</ele></trkpt>
      <trkpt lat="47.362903" lon="10.830607"><ele>1210</ele></trkpt>
      <trkpt lat="47.362783" lon="10.830899"><ele>1210</ele></trkpt>
      <trkpt lat="47.362902" lon="10.830807"><ele>1212</ele></trkpt>
      <trkpt lat="47.363041" lon="10.830780"><ele>1214</ele></trkpt>
      <trkpt lat="47.363085" lon="10.830804"><ele>1216</ele></trkpt>
      <trkpt lat="47.363161" lon="10.831055"><ele>1219</ele></trkpt>
      <trkpt lat="47.363219" lon="10.831216"><ele>1220</ele></trkpt>
      <trkpt lat="47.363286" lon="10.831327"><ele>1220</ele></trkpt>
      <trkpt lat="47.363315" lon="10.831431"><ele>1220</ele></trkpt>
      <trkpt lat="47.363402" lon="10.831743"><ele>1223</ele></trkpt>
      <trkpt lat="47.363424" lon="10.831970"><ele>1222</ele></trkpt>
      <trkpt lat="47.363438" lon="10.832077"><ele>1222</ele></trkpt>
      <trkpt lat="47.363490" lon="10.832222"><ele>1222</ele></trkpt>
      <trkpt lat="47.363511" lon="10.832345"><ele>1222</ele></trkpt>
      <trkpt lat="47.363508" lon="10.832444"><ele>1221</ele></trkpt>
      <trkpt lat="47.363415" lon="10.832644"><ele>1218</ele></trkpt>
      <trkpt lat="47.363347" lon="10.832724"><ele>1215</ele></trkpt>
      <trkpt lat="47.363218" lon="10.832845"><ele>1210</ele></trkpt>
      <trkpt lat="47.363189" lon="10.832868"><ele>1208</ele></trkpt>
      <trkpt lat="47.363118" lon="10.832874"><ele>1206</ele></trkpt>
      <trkpt lat="47.363063" lon="10.832851"><ele>1204</ele></trkpt>
      <trkpt lat="47.363016" lon="10.832782"><ele>1204</ele></trkpt>
      <trkpt lat="47.362978" lon="10.832631"><ele>1205</ele></trkpt>
      <trkpt lat="47.362886" lon="10.832367"><ele>1206</ele></trkpt>
      <trkpt lat="47.362814" lon="10.832226"><ele>1207</ele></trkpt>
      <trkpt lat="47.362737" lon="10.832114"><ele>1208</ele></trkpt>
      <trkpt lat="47.362529" lon="10.832008"><ele>1207</ele></trkpt>
      <trkpt lat="47.362431" lon="10.832017"><ele>1208</ele></trkpt>
      <trkpt lat="47.362337" lon="10.832007"><ele>1210</ele></trkpt>
      <trkpt lat="47.362315" lon="10.831952"><ele>1211</ele></trkpt>
      <trkpt lat="47.362315" lon="10.831893"><ele>1211</ele></trkpt>
      <trkpt lat="47.362326" lon="10.831814"><ele>1212</ele></trkpt>
      <trkpt lat="47.362258" lon="10.831996"><ele>1211</ele></trkpt>
      <trkpt lat="47.362236" lon="10.832057"><ele>1211</ele></trkpt>
      <trkpt lat="47.362138" lon="10.832324"><ele>1214</ele></trkpt>
      <trkpt lat="47.362047" lon="10.832825"><ele>1218</ele></trkpt>
      <trkpt lat="47.361872" lon="10.833282"><ele>1221</ele></trkpt>
      <trkpt lat="47.361808" lon="10.833641"><ele>1223</ele></trkpt>
      <trkpt lat="47.361770" lon="10.833697"><ele>1224</ele></trkpt>
      <trkpt lat="47.361746" lon="10.833623"><ele>1225</ele></trkpt>
      <trkpt lat="47.361714" lon="10.833317"><ele>1226</ele></trkpt>
      <trkpt lat="47.361667" lon="10.833162"><ele>1228</ele></trkpt>
      <trkpt lat="47.361638" lon="10.832950"><ele>1230</ele></trkpt>
      <trkpt lat="47.361483" lon="10.832497"><ele>1234</ele></trkpt>
      <trkpt lat="47.361363" lon="10.832393"><ele>1237</ele></trkpt>
      <trkpt lat="47.361188" lon="10.832315"><ele>1240</ele></trkpt>
      <trkpt lat="47.360986" lon="10.832138"><ele>1241</ele></trkpt>
      <trkpt lat="47.360659" lon="10.831983"><ele>1240</ele></trkpt>
      <trkpt lat="47.360518" lon="10.832061"><ele>1242</ele></trkpt>
      <trkpt lat="47.360141" lon="10.832160"><ele>1245</ele></trkpt>
      <trkpt lat="47.359941" lon="10.832413"><ele>1250</ele></trkpt>
      <trkpt lat="47.359857" lon="10.832376"><ele>1251</ele></trkpt>
      <trkpt lat="47.359717" lon="10.832272"><ele>1251</ele></trkpt>
      <trkpt lat="47.359606" lon="10.832264"><ele>1249</ele></trkpt>
      <trkpt lat="47.359491" lon="10.832370"><ele>1251</ele></trkpt>
      <trkpt lat="47.359366" lon="10.832527"><ele>1252</ele></trkpt>
      <trkpt lat="47.359337" lon="10.832734"><ele>1254</ele></trkpt>
      <trkpt lat="47.359319" lon="10.833114"><ele>1254</ele></trkpt>
      <trkpt lat="47.359284" lon="10.833213"><ele>1253</ele></trkpt>
      <trkpt lat="47.359111" lon="10.833442"><ele>1250</ele></trkpt>
      <trkpt lat="47.359062" lon="10.833468"><ele>1249</ele></trkpt>
      <trkpt lat="47.358971" lon="10.833447"><ele>1248</ele></trkpt>
      <trkpt lat="47.358711" lon="10.833360"><ele>1244</ele></trkpt>
      <trkpt lat="47.358560" lon="10.833422"><ele>1243</ele></trkpt>
      <trkpt lat="47.358413" lon="10.833580"><ele>1243</ele></trkpt>
      <trkpt lat="47.358342" lon="10.833576"><ele>1242</ele></trkpt>
      <trkpt lat="47.358161" lon="10.833494"><ele>1240</ele></trkpt>
      <trkpt lat="47.358073" lon="10.833377"><ele>1238</ele></trkpt>
      <trkpt lat="47.357974" lon="10.833222"><ele>1236</ele></trkpt>
      <trkpt lat="47.357801" lon="10.833058"><ele>1234</ele></trkpt>
      <trkpt lat="47.357632" lon="10.833056"><ele>1232</ele></trkpt>
      <trkpt lat="47.357487" lon="10.833094"><ele>1232</ele></trkpt>
      <trkpt lat="47.357325" lon="10.833244"><ele>1230</ele></trkpt>
      <trkpt lat="47.357217" lon="10.833416"><ele>1229</ele></trkpt>
      <trkpt lat="47.357144" lon="10.833615"><ele>1228</ele></trkpt>
      <trkpt lat="47.357000" lon="10.833852"><ele>1226</ele></trkpt>
      <trkpt lat="47.356977" lon="10.833939"><ele>1224</ele></trkpt>
      <trkpt lat="47.357009" lon="10.834129"><ele>1224</ele></trkpt>
      <trkpt lat="47.356977" lon="10.834183"><ele>1222</ele></trkpt>
      <trkpt lat="47.357038" lon="10.834333"><ele>1224</ele></trkpt>
      <trkpt lat="47.357069" lon="10.834503"><ele>1225</ele></trkpt>
      <trkpt lat="47.357058" lon="10.834666"><ele>1224</ele></trkpt>
      <trkpt lat="47.356980" lon="10.834942"><ele>1224</ele></trkpt>
      <trkpt lat="47.356924" lon="10.835773"><ele>1224</ele></trkpt>
      <trkpt lat="47.356877" lon="10.836323"><ele>1224</ele></trkpt>
      <trkpt lat="47.356907" lon="10.836821"><ele>1222</ele></trkpt>
      <trkpt lat="47.356864" lon="10.837289"><ele>1220</ele></trkpt>
      <trkpt lat="47.356864" lon="10.837594"><ele>1218</ele></trkpt>
      <trkpt lat="47.357040" lon="10.837979"><ele>1220</ele></trkpt>
      <trkpt lat="47.357095" lon="10.838348"><ele>1222</ele></trkpt>
      <trkpt lat="47.357078" lon="10.838692"><ele>1222</ele></trkpt>
      <trkpt lat="47.356954" lon="10.838987"><ele>1221</ele></trkpt>
      <trkpt lat="47.356789" lon="10.839065"><ele>1223</ele></trkpt>
      <trkpt lat="47.356595" lon="10.839017"><ele>1222</ele></trkpt>
      <trkpt lat="47.356515" lon="10.839087"><ele>1221</ele></trkpt>
      <trkpt lat="47.356430" lon="10.839296"><ele>1222</ele></trkpt>
      <trkpt lat="47.356403" lon="10.839496"><ele>1223</ele></trkpt>
      <trkpt lat="47.356473" lon="10.839761"><ele>1224</ele></trkpt>
      <trkpt lat="47.356511" lon="10.840048"><ele>1228</ele></trkpt>
      <trkpt lat="47.356495" lon="10.840638"><ele>1229</ele></trkpt>
      <trkpt lat="47.356481" lon="10.840801"><ele>1230</ele></trkpt>
      <trkpt lat="47.356356" lon="10.840874"><ele>1230</ele></trkpt>
      <trkpt lat="47.356198" lon="10.840941"><ele>1230</ele></trkpt>
      <trkpt lat="47.356161" lon="10.841011"><ele>1230</ele></trkpt>
      <trkpt lat="47.356134" lon="10.841342"><ele>1232</ele></trkpt>
      <trkpt lat="47.355965" lon="10.842142"><ele>1236</ele></trkpt>
      <trkpt lat="47.355447" lon="10.843773"><ele>1246</ele></trkpt>
      <trkpt lat="47.355331" lon="10.843979"><ele>1246</ele></trkpt>
      <trkpt lat="47.355265" lon="10.844074"><ele>1247</ele></trkpt>
      <trkpt lat="47.355195" lon="10.844101"><ele>1249</ele></trkpt>
      <trkpt lat="47.355114" lon="10.844065"><ele>1250</ele></trkpt>
      <trkpt lat="47.354957" lon="10.843819"><ele>1247</ele></trkpt>
      <trkpt lat="47.354892" lon="10.843813"><ele>1246</ele></trkpt>
      <trkpt lat="47.354864" lon="10.843852"><ele>1247</ele></trkpt>
      <trkpt lat="47.354710" lon="10.844070"><ele>1251</ele></trkpt>
      <trkpt lat="47.354374" lon="10.844461"><ele>1253</ele></trkpt>
      <trkpt lat="47.354094" lon="10.845088"><ele>1258</ele></trkpt>
      <trkpt lat="47.353935" lon="10.845304"><ele>1260</ele></trkpt>
      <trkpt lat="47.353687" lon="10.845538"><ele>1262</ele></trkpt>
      <trkpt lat="47.353264" lon="10.845956"><ele>1263</ele></trkpt>
      <trkpt lat="47.353053" lon="10.846224"><ele>1266</ele></trkpt>
      <trkpt lat="47.352563" lon="10.846906"><ele>1267</ele></trkpt>
      <trkpt lat="47.352464" lon="10.846947"><ele>1266</ele></trkpt>
      <trkpt lat="47.352348" lon="10.846908"><ele>1266</ele></trkpt>
      <trkpt lat="47.352263" lon="10.846873"><ele>1266</ele></trkpt>
      <trkpt lat="47.352180" lon="10.846815"><ele>1267</ele></trkpt>
      <trkpt lat="47.352104" lon="10.846785"><ele>1267</ele></trkpt>
      <trkpt lat="47.352045" lon="10.846778"><ele>1267</ele></trkpt>
      <trkpt lat="47.352010" lon="10.846815"><ele>1267</ele></trkpt>
      <trkpt lat="47.352017" lon="10.846913"><ele>1268</ele></trkpt>
      <trkpt lat="47.352042" lon="10.846976"><ele>1267</ele></trkpt>
      <trkpt lat="47.352076" lon="10.847023"><ele>1266</ele></trkpt>
      <trkpt lat="47.352172" lon="10.847018"><ele>1264</ele></trkpt>
      <trkpt lat="47.352422" lon="10.847181"><ele>1260</ele></trkpt>
      <trkpt lat="47.352609" lon="10.847238"><ele>1262</ele></trkpt>
      <trkpt lat="47.352652" lon="10.847321"><ele>1262</ele></trkpt>
      <trkpt lat="47.352661" lon="10.847444"><ele>1259</ele></trkpt>
      <trkpt lat="47.352636" lon="10.847508"><ele>1257</ele></trkpt>
      <trkpt lat="47.352586" lon="10.847522"><ele>1256</ele></trkpt>
      <trkpt lat="47.352502" lon="10.847473"><ele>1254</ele></trkpt>
      <trkpt lat="47.352364" lon="10.847394"><ele>1255</ele></trkpt>
      <trkpt lat="47.352278" lon="10.847443"><ele>1254</ele></trkpt>
      <trkpt lat="47.352258" lon="10.847476"><ele>1253</ele></trkpt>
      <trkpt lat="47.352234" lon="10.847515"><ele>1252</ele></trkpt>
      <trkpt lat="47.352228" lon="10.847632"><ele>1252</ele></trkpt>
      <trkpt lat="47.352276" lon="10.847751"><ele>1251</ele></trkpt>
      <trkpt lat="47.352406" lon="10.847764"><ele>1249</ele></trkpt>
      <trkpt lat="47.352564" lon="10.847805"><ele>1248</ele></trkpt>
      <trkpt lat="47.352624" lon="10.847867"><ele>1248</ele></trkpt>
      <trkpt lat="47.352720" lon="10.848021"><ele>1246</ele></trkpt>
      <trkpt lat="47.352820" lon="10.848198"><ele>1245</ele></trkpt>
      <trkpt lat="47.352922" lon="10.848295"><ele>1244</ele></trkpt>
      <trkpt lat="47.353214" lon="10.848399"><ele>1241</ele></trkpt>
      <trkpt lat="47.353541" lon="10.848563"><ele>1238</ele></trkpt>
      <trkpt lat="47.353611" lon="10.848637"><ele>1238</ele></trkpt>
      <trkpt lat="47.353624" lon="10.848764"><ele>1237</ele></trkpt>
      <trkpt lat="47.353595" lon="10.848865"><ele>1236</ele></trkpt>
      <trkpt lat="47.353484" lon="10.848975"><ele>1235</ele></trkpt>
      <trkpt lat="47.353311" lon="10.849102"><ele>1233</ele></trkpt>
      <trkpt lat="47.353212" lon="10.849349"><ele>1231</ele></trkpt>
      <trkpt lat="47.353166" lon="10.849629"><ele>1228</ele></trkpt>
      <trkpt lat="47.353166" lon="10.849960"><ele>1227</ele></trkpt>
      <trkpt lat="47.353190" lon="10.850242"><ele>1230</ele></trkpt>
      <trkpt lat="47.353234" lon="10.850577"><ele>1228</ele></trkpt>
      <trkpt lat="47.353322" lon="10.851017"><ele>1222</ele></trkpt>
      <trkpt lat="47.353408" lon="10.851252"><ele>1220</ele></trkpt>
      <trkpt lat="47.353587" lon="10.851464"><ele>1216</ele></trkpt>
      <trkpt lat="47.353698" lon="10.851650"><ele>1215</ele></trkpt>
      <trkpt lat="47.353743" lon="10.851687"><ele>1214</ele></trkpt>
      <trkpt lat="47.354142" lon="10.851864"><ele>1208</ele></trkpt>
      <trkpt lat="47.354199" lon="10.851925"><ele>1206</ele></trkpt>
      <trkpt lat="47.354317" lon="10.852051"><ele>1204</ele></trkpt>
      <trkpt lat="47.354418" lon="10.852158"><ele>1203</ele></trkpt>
      <trkpt lat="47.354557" lon="10.852407"><ele>1201</ele></trkpt>
      <trkpt lat="47.354589" lon="10.852539"><ele>1200</ele></trkpt>
      <trkpt lat="47.354567" lon="10.852636"><ele>1199</ele></trkpt>
      <trkpt lat="47.354459" lon="10.852811"><ele>1198</ele></trkpt>
      <trkpt lat="47.354449" lon="10.852872"><ele>1198</ele></trkpt>
      <trkpt lat="47.354458" lon="10.852934"><ele>1198</ele></trkpt>
      <trkpt lat="47.354481" lon="10.852971"><ele>1197</ele></trkpt>
      <trkpt lat="47.354528" lon="10.853002"><ele>1195</ele></trkpt>
      <trkpt lat="47.354567" lon="10.852982"><ele>1194</ele></trkpt>
      <trkpt lat="47.354610" lon="10.852933"><ele>1194</ele></trkpt>
      <trkpt lat="47.354771" lon="10.852694"><ele>1194</ele></trkpt>
      <trkpt lat="47.354815" lon="10.852556"><ele>1194</ele></trkpt>
      <trkpt lat="47.354815" lon="10.852447"><ele>1194</ele></trkpt>
      <trkpt lat="47.354795" lon="10.852272"><ele>1192</ele></trkpt>
      <trkpt lat="47.354817" lon="10.852119"><ele>1191</ele></trkpt>
      <trkpt lat="47.354915" lon="10.851965"><ele>1188</ele></trkpt>
      <trkpt lat="47.355028" lon="10.851849"><ele>1187</ele></trkpt>
      <trkpt lat="47.355193" lon="10.851798"><ele>1187</ele></trkpt>
      <trkpt lat="47.355267" lon="10.851871"><ele>1184</ele></trkpt>
      <trkpt lat="47.355430" lon="10.852124"><ele>1182</ele></trkpt>
      <trkpt lat="47.355610" lon="10.852382"><ele>1178</ele></trkpt>
      <trkpt lat="47.355692" lon="10.852681"><ele>1175</ele></trkpt>
      <trkpt lat="47.355677" lon="10.852922"><ele>1173</ele></trkpt>
      <trkpt lat="47.355621" lon="10.853085"><ele>1172</ele></trkpt>
      <trkpt lat="47.355505" lon="10.853240"><ele>1172</ele></trkpt>
      <trkpt lat="47.355336" lon="10.853663"><ele>1168</ele></trkpt>
      <trkpt lat="47.355191" lon="10.854004"><ele>1166</ele></trkpt>
      <trkpt lat="47.355058" lon="10.854463"><ele>1164</ele></trkpt>
      <trkpt lat="47.355069" lon="10.854733"><ele>1163</ele></trkpt>
      <trkpt lat="47.355109" lon="10.854851"><ele>1162</ele></trkpt>
      <trkpt lat="47.355176" lon="10.854886"><ele>1161</ele></trkpt>
      <trkpt lat="47.355224" lon="10.854870"><ele>1160</ele></trkpt>
      <trkpt lat="47.355303" lon="10.855055"><ele>1159</ele></trkpt>
      <trkpt lat="47.355338" lon="10.855173"><ele>1159</ele></trkpt>
      <trkpt lat="47.355371" lon="10.855333"><ele>1160</ele></trkpt>
      <trkpt lat="47.355393" lon="10.855585"><ele>1161</ele></trkpt>
      <trkpt lat="47.355419" lon="10.855695"><ele>1162</ele></trkpt>
      <trkpt lat="47.355465" lon="10.855761"><ele>1162</ele></trkpt>
      <trkpt lat="47.355486" lon="10.855779"><ele>1162</ele></trkpt>
      <trkpt lat="47.355543" lon="10.855796"><ele>1162</ele></trkpt>
      <trkpt lat="47.355646" lon="10.855760"><ele>1164</ele></trkpt>
      <trkpt lat="47.355831" lon="10.855657"><ele>1166</ele></trkpt>
      <trkpt lat="47.355924" lon="10.855630"><ele>1165</ele></trkpt>
      <trkpt lat="47.356001" lon="10.855645"><ele>1166</ele></trkpt>
      <trkpt lat="47.356077" lon="10.855713"><ele>1168</ele></trkpt>
      <trkpt lat="47.356162" lon="10.855813"><ele>1169</ele></trkpt>
      <trkpt lat="47.356350" lon="10.856161"><ele>1170</ele></trkpt>
      <trkpt lat="47.356469" lon="10.856335"><ele>1171</ele></trkpt>
      <trkpt lat="47.356652" lon="10.856643"><ele>1170</ele></trkpt>
      <trkpt lat="47.356719" lon="10.856701"><ele>1171</ele></trkpt>
      <trkpt lat="47.356776" lon="10.856721"><ele>1172</ele></trkpt>
      <trkpt lat="47.357001" lon="10.856688"><ele>1172</ele></trkpt>
      <trkpt lat="47.357210" lon="10.856705"><ele>1174</ele></trkpt>
      <trkpt lat="47.357445" lon="10.856645"><ele>1174</ele></trkpt>
      <trkpt lat="47.357680" lon="10.856621"><ele>1174</ele></trkpt>
      <trkpt lat="47.357931" lon="10.856638"><ele>1175</ele></trkpt>
      <trkpt lat="47.358090" lon="10.856702"><ele>1175</ele></trkpt>
      <trkpt lat="47.358184" lon="10.856698"><ele>1174</ele></trkpt>
      <trkpt lat="47.358543" lon="10.856540"><ele>1174</ele></trkpt>
      <trkpt lat="47.358956" lon="10.856222"><ele>1177</ele></trkpt>
      <trkpt lat="47.359081" lon="10.856160"><ele>1178</ele></trkpt>
      <trkpt lat="47.359228" lon="10.856148"><ele>1178</ele></trkpt>
      <trkpt lat="47.359312" lon="10.856191"><ele>1177</ele></trkpt>
      <trkpt lat="47.359364" lon="10.856249"><ele>1178</ele></trkpt>
      <trkpt lat="47.359442" lon="10.856385"><ele>1178</ele></trkpt>
      <trkpt lat="47.359554" lon="10.856716"><ele>1176</ele></trkpt>
      <trkpt lat="47.359617" lon="10.856992"><ele>1175</ele></trkpt>
      <trkpt lat="47.359667" lon="10.857368"><ele>1176</ele></trkpt>
      <trkpt lat="47.359654" lon="10.857760"><ele>1178</ele></trkpt>
      <trkpt lat="47.359693" lon="10.857962"><ele>1180</ele></trkpt>
      <trkpt lat="47.359809" lon="10.858061"><ele>1178</ele></trkpt>
      <trkpt lat="47.359831" lon="10.858192"><ele>1177</ele></trkpt>
      <trkpt lat="47.359833" lon="10.858378"><ele>1178</ele></trkpt>
      <trkpt lat="47.359803" lon="10.858550"><ele>1178</ele></trkpt>
      <trkpt lat="47.359744" lon="10.858653"><ele>1178</ele></trkpt>
      <trkpt lat="47.359697" lon="10.858799"><ele>1177</ele></trkpt>
      <trkpt lat="47.359665" lon="10.858983"><ele>1176</ele></trkpt>
      <trkpt lat="47.359667" lon="10.859297"><ele>1176</ele></trkpt>
      <trkpt lat="47.359628" lon="10.859372"><ele>1176</ele></trkpt>
      <trkpt lat="47.359383" lon="10.859638"><ele>1175</ele></trkpt>
      <trkpt lat="47.359255" lon="10.859812"><ele>1174</ele></trkpt>
      <trkpt lat="47.359154" lon="10.859991"><ele>1173</ele></trkpt>
      <trkpt lat="47.359129" lon="10.860152"><ele>1172</ele></trkpt>
      <trkpt lat="47.359129" lon="10.860360"><ele>1170</ele></trkpt>
      <trkpt lat="47.359106" lon="10.860802"><ele>1167</ele></trkpt>
      <trkpt lat="47.359128" lon="10.861297"><ele>1165</ele></trkpt>
      <trkpt lat="47.359176" lon="10.861451"><ele>1164</ele></trkpt>
      <trkpt lat="47.359251" lon="10.861534"><ele>1162</ele></trkpt>
      <trkpt lat="47.359392" lon="10.861588"><ele>1160</ele></trkpt>
      <trkpt lat="47.359607" lon="10.861590"><ele>1159</ele></trkpt>
      <trkpt lat="47.359829" lon="10.861695"><ele>1156</ele></trkpt>
      <trkpt lat="47.360004" lon="10.861794"><ele>1154</ele></trkpt>
      <trkpt lat="47.360085" lon="10.861900"><ele>1152</ele></trkpt>
      <trkpt lat="47.360118" lon="10.862039"><ele>1151</ele></trkpt>
      <trkpt lat="47.360135" lon="10.862390"><ele>1148</ele></trkpt>
      <trkpt lat="47.360166" lon="10.862550"><ele>1148</ele></trkpt>
      <trkpt lat="47.360206" lon="10.862687"><ele>1146</ele></trkpt>
      <trkpt lat="47.360304" lon="10.862832"><ele>1145</ele></trkpt>
      <trkpt lat="47.360364" lon="10.862881"><ele>1145</ele></trkpt>
      <trkpt lat="47.360455" lon="10.862895"><ele>1144</ele></trkpt>
      <trkpt lat="47.360630" lon="10.862982"><ele>1143</ele></trkpt>
      <trkpt lat="47.360765" lon="10.862972"><ele>1140</ele></trkpt>
      <trkpt lat="47.360957" lon="10.862846"><ele>1137</ele></trkpt>
      <trkpt lat="47.361098" lon="10.862789"><ele>1138</ele></trkpt>
      <trkpt lat="47.361239" lon="10.862801"><ele>1137</ele></trkpt>
      <trkpt lat="47.361291" lon="10.862839"><ele>1136</ele></trkpt>
      <trkpt lat="47.361321" lon="10.862931"><ele>1136</ele></trkpt>
      <trkpt lat="47.361330" lon="10.862973"><ele>1136</ele></trkpt>
      <trkpt lat="47.361335" lon="10.863080"><ele>1135</ele></trkpt>
      <trkpt lat="47.361324" lon="10.863153"><ele>1134</ele></trkpt>
      <trkpt lat="47.361298" lon="10.863230"><ele>1134</ele></trkpt>
      <trkpt lat="47.361082" lon="10.863628"><ele>1134</ele></trkpt>
      <trkpt lat="47.360899" lon="10.863751"><ele>1132</ele></trkpt>
      <trkpt lat="47.360782" lon="10.863853"><ele>1130</ele></trkpt>
      <trkpt lat="47.360679" lon="10.863888"><ele>1128</ele></trkpt>
      <trkpt lat="47.360478" lon="10.863873"><ele>1128</ele></trkpt>
      <trkpt lat="47.360380" lon="10.863916"><ele>1127</ele></trkpt>
      <trkpt lat="47.360353" lon="10.863961"><ele>1127</ele></trkpt>
      <trkpt lat="47.360331" lon="10.864046"><ele>1127</ele></trkpt>
      <trkpt lat="47.360304" lon="10.864280"><ele>1124</ele></trkpt>
      <trkpt lat="47.360267" lon="10.864357"><ele>1123</ele></trkpt>
      <trkpt lat="47.360039" lon="10.864528"><ele>1122</ele></trkpt>
      <trkpt lat="47.359987" lon="10.864614"><ele>1122</ele></trkpt>
      <trkpt lat="47.359986" lon="10.864729"><ele>1121</ele></trkpt>
      <trkpt lat="47.360061" lon="10.865108"><ele>1117</ele></trkpt>
      <trkpt lat="47.360064" lon="10.865216"><ele>1116</ele></trkpt>
      <trkpt lat="47.360049" lon="10.865368"><ele>1114</ele></trkpt>
      <trkpt lat="47.359954" lon="10.865534"><ele>1114</ele></trkpt>
      <trkpt lat="47.359850" lon="10.865664"><ele>1111</ele></trkpt>
      <trkpt lat="47.359801" lon="10.865745"><ele>1110</ele></trkpt>
      <trkpt lat="47.359794" lon="10.865872"><ele>1109</ele></trkpt>
      <trkpt lat="47.359848" lon="10.866212"><ele>1106</ele></trkpt>
      <trkpt lat="47.359907" lon="10.866420"><ele>1104</ele></trkpt>
      <trkpt lat="47.360003" lon="10.866572"><ele>1100</ele></trkpt>
      <trkpt lat="47.360080" lon="10.866644"><ele>1099</ele></trkpt>
      <trkpt lat="47.360322" lon="10.866748"><ele>1097</ele></trkpt>
      <trkpt lat="47.360451" lon="10.866881"><ele>1096</ele></trkpt>
      <trkpt lat="47.360599" lon="10.867099"><ele>1094</ele></trkpt>
      <trkpt lat="47.360697" lon="10.867310"><ele>1093</ele></trkpt>
      <trkpt lat="47.360770" lon="10.867541"><ele>1092</ele></trkpt>
      <trkpt lat="47.360859" lon="10.867861"><ele>1090</ele></trkpt>
      <trkpt lat="47.360929" lon="10.868024"><ele>1088</ele></trkpt>
      <trkpt lat="47.361042" lon="10.868214"><ele>1088</ele></trkpt>
      <trkpt lat="47.361584" lon="10.869582"><ele>1087</ele></trkpt>
      <trkpt lat="47.361770" lon="10.869867"><ele>1085</ele></trkpt>
      <trkpt lat="47.361899" lon="10.870301"><ele>1084</ele></trkpt>
      <trkpt lat="47.361947" lon="10.870531"><ele>1084</ele></trkpt>
      <trkpt lat="47.362016" lon="10.870785"><ele>1085</ele></trkpt>
      <trkpt lat="47.362086" lon="10.870942"><ele>1086</ele></trkpt>
      <trkpt lat="47.362147" lon="10.871111"><ele>1086</ele></trkpt>
      <trkpt lat="47.362262" lon="10.871579"><ele>1085</ele></trkpt>
      <trkpt lat="47.362353" lon="10.871917"><ele>1088</ele></trkpt>
      <trkpt lat="47.362395" lon="10.872071"><ele>1087</ele></trkpt>
      <trkpt lat="47.362482" lon="10.872444"><ele>1085</ele></trkpt>
      <trkpt lat="47.362579" lon="10.872712"><ele>1087</ele></trkpt>
      <trkpt lat="47.362679" lon="10.872920"><ele>1086</ele></trkpt>
      <trkpt lat="47.362775" lon="10.873276"><ele>1084</ele></trkpt>
      <trkpt lat="47.362893" lon="10.873505"><ele>1086</ele></trkpt>
      <trkpt lat="47.363027" lon="10.873810"><ele>1085</ele></trkpt>
      <trkpt lat="47.363113" lon="10.873983"><ele>1084</ele></trkpt>
      <trkpt lat="47.363161" lon="10.874051"><ele>1085</ele></trkpt>
      <trkpt lat="47.363427" lon="10.874252"><ele>1085</ele></trkpt>
      <trkpt lat="47.363583" lon="10.874406"><ele>1085</ele></trkpt>
      <trkpt lat="47.363781" lon="10.874636"><ele>1084</ele></trkpt>
      <trkpt lat="47.364099" lon="10.874909"><ele>1083</ele></trkpt>
      <trkpt lat="47.364314" lon="10.875246"><ele>1085</ele></trkpt>
      <trkpt lat="47.364426" lon="10.875401"><ele>1084</ele></trkpt>
      <trkpt lat="47.364589" lon="10.875837"><ele>1085</ele></trkpt>
      <trkpt lat="47.364801" lon="10.876205"><ele>1085</ele></trkpt>
      <trkpt lat="47.364837" lon="10.876249"><ele>1086</ele></trkpt>
      <trkpt lat="47.364923" lon="10.876279"><ele>1086</ele></trkpt>
      <trkpt lat="47.365156" lon="10.876388"><ele>1085</ele></trkpt>
      <trkpt lat="47.365335" lon="10.876828"><ele>1085</ele></trkpt>
      <trkpt lat="47.365855" lon="10.877974"><ele>1085</ele></trkpt>
      <trkpt lat="47.366020" lon="10.878601"><ele>1085</ele></trkpt>
      <trkpt lat="47.366087" lon="10.878956"><ele>1085</ele></trkpt>
      <trkpt lat="47.366147" lon="10.879228"><ele>1085</ele></trkpt>
      <trkpt lat="47.366216" lon="10.879452"><ele>1084</ele></trkpt>
      <trkpt lat="47.366387" lon="10.879894"><ele>1084</ele></trkpt>
      <trkpt lat="47.366536" lon="10.880184"><ele>1084</ele></trkpt>
      <trkpt lat="47.366612" lon="10.880325"><ele>1084</ele></trkpt>
      <trkpt lat="47.366649" lon="10.880376"><ele>1084</ele></trkpt>
      <trkpt lat="47.366844" lon="10.880638"><ele>1084</ele></trkpt>
      <trkpt lat="47.367536" lon="10.881393"><ele>1082</ele></trkpt>
      <trkpt lat="47.367863" lon="10.881721"><ele>1079</ele></trkpt>
      <trkpt lat="47.368190" lon="10.882011"><ele>1078</ele></trkpt>
      <trkpt lat="47.368937" lon="10.882611"><ele>1072</ele></trkpt>
      <trkpt lat="47.369211" lon="10.882799"><ele>1070</ele></trkpt>
      <trkpt lat="47.369916" lon="10.883076"><ele>1062</ele></trkpt>
      <trkpt lat="47.370151" lon="10.883312"><ele>1060</ele></trkpt>
      <trkpt lat="47.370392" lon="10.883735"><ele>1056</ele></trkpt>
      <trkpt lat="47.370519" lon="10.884051"><ele>1054</ele></trkpt>
      <trkpt lat="47.370611" lon="10.884335"><ele>1052</ele></trkpt>
      <trkpt lat="47.370815" lon="10.885199"><ele>1050</ele></trkpt>
      <trkpt lat="47.370907" lon="10.885525"><ele>1047</ele></trkpt>
      <trkpt lat="47.371095" lon="10.885916"><ele>1047</ele></trkpt>
      <trkpt lat="47.371375" lon="10.886450"><ele>1044</ele></trkpt>
      <trkpt lat="47.371625" lon="10.886884"><ele>1042</ele></trkpt>
      <trkpt lat="47.372007" lon="10.887324"><ele>1038</ele></trkpt>
      <trkpt lat="47.372550" lon="10.887815"><ele>1033</ele></trkpt>
      <trkpt lat="47.372533" lon="10.887859"><ele>1034</ele></trkpt>
      <trkpt lat="47.372504" lon="10.887912"><ele>1034</ele></trkpt>
      <trkpt lat="47.372457" lon="10.888294"><ele>1034</ele></trkpt>
      <trkpt lat="47.372431" lon="10.888360"><ele>1034</ele></trkpt>
      <trkpt lat="47.372573" lon="10.888481"><ele>1032</ele></trkpt>
      <trkpt lat="47.372733" lon="10.888594"><ele>1030</ele></trkpt>
      <trkpt lat="47.372883" lon="10.888703"><ele>1027</ele></trkpt>
      <trkpt lat="47.372965" lon="10.888784"><ele>1026</ele></trkpt>
      <trkpt lat="47.373075" lon="10.889162"><ele>1024</ele></trkpt>
      <trkpt lat="47.373120" lon="10.889352"><ele>1022</ele></trkpt>
      <trkpt lat="47.373207" lon="10.890164"><ele>1021</ele></trkpt>
      <trkpt lat="47.373239" lon="10.890277"><ele>1021</ele></trkpt>
      <trkpt lat="47.373609" lon="10.890557"><ele>1016</ele></trkpt>
      <trkpt lat="47.373800" lon="10.890660"><ele>1014</ele></trkpt>
      <trkpt lat="47.373942" lon="10.890712"><ele>1012</ele></trkpt>
      <trkpt lat="47.374260" lon="10.890869"><ele>1010</ele></trkpt>
      <trkpt lat="47.374399" lon="10.890967"><ele>1009</ele></trkpt>
      <trkpt lat="47.374533" lon="10.891115"><ele>1007</ele></trkpt>
      <trkpt lat="47.374619" lon="10.891263"><ele>1006</ele></trkpt>
      <trkpt lat="47.374660" lon="10.891300"><ele>1006</ele></trkpt>
      <trkpt lat="47.374780" lon="10.891314"><ele>1006</ele></trkpt>
      <trkpt lat="47.374890" lon="10.891356"><ele>1004</ele></trkpt>
      <trkpt lat="47.374923" lon="10.891394"><ele>1004</ele></trkpt>
      <trkpt lat="47.374956" lon="10.891431"><ele>1004</ele></trkpt>
      <trkpt lat="47.375207" lon="10.891589"><ele>1004</ele></trkpt>
      <trkpt lat="47.375306" lon="10.891631"><ele>1003</ele></trkpt>
      <trkpt lat="47.375367" lon="10.891645"><ele>1002</ele></trkpt>
      <trkpt lat="47.375394" lon="10.891668"><ele>1001</ele></trkpt>
      <trkpt lat="47.375412" lon="10.891741"><ele>1001</ele></trkpt>
      <trkpt lat="47.375433" lon="10.891789"><ele>1000</ele></trkpt>
      <trkpt lat="47.375462" lon="10.891877"><ele>1000</ele></trkpt>
      <trkpt lat="47.375554" lon="10.892040"><ele>1000</ele></trkpt>
      <trkpt lat="47.375822" lon="10.892272"><ele>1001</ele></trkpt>
      <trkpt lat="47.375963" lon="10.892367"><ele>1000</ele></trkpt>
      <trkpt lat="47.376005" lon="10.892416"><ele>1000</ele></trkpt>
      <trkpt lat="47.376025" lon="10.892483"><ele>1002</ele></trkpt>
      <trkpt lat="47.376039" lon="10.892590"><ele>1003</ele></trkpt>
      <trkpt lat="47.376045" lon="10.892704"><ele>1005</ele></trkpt>
      <trkpt lat="47.376079" lon="10.892767"><ele>1005</ele></trkpt>
      <trkpt lat="47.376719" lon="10.893390"><ele>1005</ele></trkpt>
      <trkpt lat="47.377084" lon="10.893704"><ele>1004</ele></trkpt>
      <trkpt lat="47.377333" lon="10.893919"><ele>1004</ele></trkpt>
      <trkpt lat="47.377778" lon="10.894198"><ele>1002</ele></trkpt>
      <trkpt lat="47.377938" lon="10.894331"><ele>1000</ele></trkpt>
      <trkpt lat="47.378270" lon="10.894755"><ele>995</ele></trkpt>
      <trkpt lat="47.378488" lon="10.894651"><ele>992</ele></trkpt>
      <trkpt lat="47.378734" lon="10.894414"><ele>988</ele></trkpt>
      <trkpt lat="47.378842" lon="10.894254"><ele>988</ele></trkpt>
      <trkpt lat="47.378888" lon="10.894214"><ele>988</ele></trkpt>
      <trkpt lat="47.378969" lon="10.894187"><ele>988</ele></trkpt>
      <trkpt lat="47.379146" lon="10.894183"><ele>987</ele></trkpt>
      <trkpt lat="47.379407" lon="10.894207"><ele>987</ele></trkpt>
      <trkpt lat="47.379644" lon="10.894214"><ele>987</ele></trkpt>
      <trkpt lat="47.379743" lon="10.894252"><ele>988</ele></trkpt>
      <trkpt lat="47.380055" lon="10.894435"><ele>987</ele></trkpt>
      <trkpt lat="47.380133" lon="10.894459"><ele>987</ele></trkpt>
      <trkpt lat="47.380226" lon="10.894460"><ele>987</ele></trkpt>
      <trkpt lat="47.380368" lon="10.894434"><ele>986</ele></trkpt>
      <trkpt lat="47.380451" lon="10.894408"><ele>986</ele></trkpt>
      <trkpt lat="47.380523" lon="10.894359"><ele>986</ele></trkpt>
      <trkpt lat="47.380712" lon="10.894086"><ele>984</ele></trkpt>
      <trkpt lat="47.380764" lon="10.894004"><ele>984</ele></trkpt>
      <trkpt lat="47.380877" lon="10.893871"><ele>984</ele></trkpt>
      <trkpt lat="47.380889" lon="10.893928"><ele>984</ele></trkpt>
      <trkpt lat="47.380994" lon="10.894163"><ele>983</ele></trkpt>
      <trkpt lat="47.381144" lon="10.894405"><ele>984</ele></trkpt>
      <trkpt lat="47.381228" lon="10.894580"><ele>984</ele></trkpt>
      <trkpt lat="47.381428" lon="10.894796"><ele>984</ele></trkpt>
      <trkpt lat="47.381696" lon="10.895399"><ele>984</ele></trkpt>
      <trkpt lat="47.381776" lon="10.895547"><ele>984</ele></trkpt>
      <trkpt lat="47.381829" lon="10.895671"><ele>984</ele></trkpt>
      <trkpt lat="47.381853" lon="10.895756"><ele>983</ele></trkpt>
      <trkpt lat="47.381940" lon="10.896082"><ele>982</ele></trkpt>
      <trkpt lat="47.382108" lon="10.896738"><ele>983</ele></trkpt>
      <trkpt lat="47.382378" lon="10.897489"><ele>982</ele></trkpt>
      <trkpt lat="47.382426" lon="10.897705"><ele>981</ele></trkpt>
      <trkpt lat="47.382454" lon="10.897992"><ele>981</ele></trkpt>
      <trkpt lat="47.382442" lon="10.898453"><ele>980</ele></trkpt>
      <trkpt lat="47.382460" lon="10.898627"><ele>980</ele></trkpt>
      <trkpt lat="47.382462" lon="10.898700"><ele>979</ele></trkpt>
      <trkpt lat="47.382457" lon="10.898760"><ele>979</ele></trkpt>
      <trkpt lat="47.382438" lon="10.898878"><ele>978</ele></trkpt>
      <trkpt lat="47.382210" lon="10.899628"><ele>979</ele></trkpt>
      <trkpt lat="47.382126" lon="10.900023"><ele>979</ele></trkpt>
      <trkpt lat="47.382069" lon="10.900449"><ele>978</ele></trkpt>
      <trkpt lat="47.382042" lon="10.901004"><ele>976</ele></trkpt>
      <trkpt lat="47.382037" lon="10.901112"><ele>976</ele></trkpt>
      <trkpt lat="47.382005" lon="10.901245"><ele>976</ele></trkpt>
      <trkpt lat="47.382034" lon="10.901283"><ele>975</ele></trkpt>
      <trkpt lat="47.382143" lon="10.901366"><ele>975</ele></trkpt>
      <trkpt lat="47.382198" lon="10.901433"><ele>975</ele></trkpt>
      <trkpt lat="47.382240" lon="10.901509"><ele>975</ele></trkpt>
      <trkpt lat="47.382275" lon="10.901613"><ele>975</ele></trkpt>
      <trkpt lat="47.382443" lon="10.901793"><ele>975</ele></trkpt>
      <trkpt lat="47.382457" lon="10.901859"><ele>975</ele></trkpt>
      <trkpt lat="47.382448" lon="10.901916"><ele>975</ele></trkpt>
      <trkpt lat="47.382390" lon="10.902061"><ele>975</ele></trkpt>
      <trkpt lat="47.382394" lon="10.902263"><ele>974</ele></trkpt>
      <trkpt lat="47.382461" lon="10.902414"><ele>973</ele></trkpt>
      <trkpt lat="47.382454" lon="10.902542"><ele>973</ele></trkpt>
      <trkpt lat="47.382365" lon="10.903034"><ele>972</ele></trkpt>
      <trkpt lat="47.382363" lon="10.903178"><ele>972</ele></trkpt>
      <trkpt lat="47.382376" lon="10.903252"><ele>972</ele></trkpt>
      <trkpt lat="47.382405" lon="10.903318"><ele>972</ele></trkpt>
      <trkpt lat="47.382461" lon="10.903390"><ele>972</ele></trkpt>
      <trkpt lat="47.382803" lon="10.903621"><ele>972</ele></trkpt>
      <trkpt lat="47.383017" lon="10.903823"><ele>970</ele></trkpt>
      <trkpt lat="47.383078" lon="10.903900"><ele>970</ele></trkpt>
      <trkpt lat="47.383113" lon="10.903956"><ele>970</ele></trkpt>
      <trkpt lat="47.383154" lon="10.904020"><ele>970</ele></trkpt>
      <trkpt lat="47.383179" lon="10.904094"><ele>970</ele></trkpt>
      <trkpt lat="47.383256" lon="10.904398"><ele>969</ele></trkpt>
      <trkpt lat="47.383267" lon="10.904468"><ele>968</ele></trkpt>
      <trkpt lat="47.383280" lon="10.904520"><ele>968</ele></trkpt>
      <trkpt lat="47.383391" lon="10.904686"><ele>968</ele></trkpt>
      <trkpt lat="47.383435" lon="10.904751"><ele>968</ele></trkpt>
      <trkpt lat="47.383529" lon="10.904784"><ele>968</ele></trkpt>
      <trkpt lat="47.383745" lon="10.904925"><ele>968</ele></trkpt>
      <trkpt lat="47.383821" lon="10.904876"><ele>968</ele></trkpt>
      <trkpt lat="47.383916" lon="10.904779"><ele>967</ele></trkpt>
      <trkpt lat="47.384109" lon="10.904634"><ele>967</ele></trkpt>
      <trkpt lat="47.384174" lon="10.904466"><ele>967</ele></trkpt>
      <trkpt lat="47.384222" lon="10.904429"><ele>966</ele></trkpt>
      <trkpt lat="47.384471" lon="10.904353"><ele>965</ele></trkpt>
      <trkpt lat="47.384575" lon="10.904359"><ele>966</ele></trkpt>
      <trkpt lat="47.384630" lon="10.904390"><ele>966</ele></trkpt>
      <trkpt lat="47.384885" lon="10.904642"><ele>965</ele></trkpt>
      <trkpt lat="47.385041" lon="10.904746"><ele>965</ele></trkpt>
      <trkpt lat="47.385286" lon="10.904851"><ele>964</ele></trkpt>
      <trkpt lat="47.386012" lon="10.905239"><ele>964</ele></trkpt>
      <trkpt lat="47.386276" lon="10.905420"><ele>964</ele></trkpt>
      <trkpt lat="47.386340" lon="10.905477"><ele>965</ele></trkpt>
      <trkpt lat="47.386468" lon="10.905651"><ele>964</ele></trkpt>
      <trkpt lat="47.386662" lon="10.905848"><ele>964</ele></trkpt>
      <trkpt lat="47.386833" lon="10.905918"><ele>964</ele></trkpt>
      <trkpt lat="47.387066" lon="10.905915"><ele>964</ele></trkpt>
      <trkpt lat="47.387362" lon="10.905830"><ele>964</ele></trkpt>
      <trkpt lat="47.387536" lon="10.905835"><ele>964</ele></trkpt>
      <trkpt lat="47.387640" lon="10.905855"><ele>964</ele></trkpt>
      <trkpt lat="47.387847" lon="10.905965"><ele>964</ele></trkpt>
      <trkpt lat="47.388117" lon="10.906170"><ele>963</ele></trkpt>
      <trkpt lat="47.388630" lon="10.906391"><ele>963</ele></trkpt>
      <trkpt lat="47.389022" lon="10.906715"><ele>963</ele></trkpt>
      <trkpt lat="47.389155" lon="10.906759"><ele>962</ele></trkpt>
      <trkpt lat="47.389337" lon="10.906768"><ele>963</ele></trkpt>
      <trkpt lat="47.389585" lon="10.906716"><ele>963</ele></trkpt>
      <trkpt lat="47.389746" lon="10.906760"><ele>962</ele></trkpt>
      <trkpt lat="47.389957" lon="10.906841"><ele>962</ele></trkpt>
      <trkpt lat="47.390072" lon="10.906836"><ele>962</ele></trkpt>
      <trkpt lat="47.390208" lon="10.906795"><ele>962</ele></trkpt>
      <trkpt lat="47.390308" lon="10.906712"><ele>963</ele></trkpt>
      <trkpt lat="47.390769" lon="10.906379"><ele>963</ele></trkpt>
      <trkpt lat="47.391571" lon="10.906348"><ele>963</ele></trkpt>
      <trkpt lat="47.391801" lon="10.906262"><ele>962</ele></trkpt>
      <trkpt lat="47.392121" lon="10.905992"><ele>962</ele></trkpt>
      <trkpt lat="47.392262" lon="10.905925"><ele>962</ele></trkpt>
      <trkpt lat="47.392601" lon="10.905973"><ele>962</ele></trkpt>
      <trkpt lat="47.392748" lon="10.905960"><ele>962</ele></trkpt>
      <trkpt lat="47.393464" lon="10.905635"><ele>962</ele></trkpt>
      <trkpt lat="47.393571" lon="10.905546"><ele>963</ele></trkpt>
      <trkpt lat="47.393985" lon="10.905324"><ele>962</ele></trkpt>
      <trkpt lat="47.394226" lon="10.905165"><ele>962</ele></trkpt>
      <trkpt lat="47.394335" lon="10.905052"><ele>962</ele></trkpt>
      <trkpt lat="47.394411" lon="10.904905"><ele>962</ele></trkpt>
      <trkpt lat="47.394482" lon="10.904690"><ele>963</ele></trkpt>
      <trkpt lat="47.394574" lon="10.904446"><ele>962</ele></trkpt>
      <trkpt lat="47.394728" lon="10.904125"><ele>963</ele></trkpt>
      <trkpt lat="47.394816" lon="10.903985"><ele>962</ele></trkpt>
      <trkpt lat="47.394915" lon="10.903854"><ele>962</ele></trkpt>
      <trkpt lat="47.395265" lon="10.903648"><ele>963</ele></trkpt>
      <trkpt lat="47.395468" lon="10.903613"><ele>963</ele></trkpt>
      <trkpt lat="47.395590" lon="10.903608"><ele>963</ele></trkpt>
      <trkpt lat="47.395947" lon="10.903698"><ele>962</ele></trkpt>
      <trkpt lat="47.396866" lon="10.903991"><ele>962</ele></trkpt>
      <trkpt lat="47.397635" lon="10.904062"><ele>962</ele></trkpt>
      <trkpt lat="47.397833" lon="10.904137"><ele>962</ele></trkpt>
      <trkpt lat="47.397997" lon="10.904229"><ele>962</ele></trkpt>
      <trkpt lat="47.398217" lon="10.904379"><ele>963</ele></trkpt>
      <trkpt lat="47.398413" lon="10.904607"><ele>962</ele></trkpt>
      <trkpt lat="47.398508" lon="10.904688"><ele>962</ele></trkpt>
      <trkpt lat="47.398599" lon="10.904729"><ele>963</ele></trkpt>
      <trkpt lat="47.398683" lon="10.904748"><ele>962</ele></trkpt>
      <trkpt lat="47.398778" lon="10.904731"><ele>962</ele></trkpt>
      <trkpt lat="47.398870" lon="10.904677"><ele>962</ele></trkpt>
      <trkpt lat="47.398962" lon="10.904601"><ele>963</ele></trkpt>
      <trkpt lat="47.399124" lon="10.904388"><ele>962</ele></trkpt>
      <trkpt lat="47.399312" lon="10.904176"><ele>962</ele></trkpt>
      <trkpt lat="47.399494" lon="10.904033"><ele>962</ele></trkpt>
      <trkpt lat="47.399532" lon="10.903987"><ele>962</ele></trkpt>
      <trkpt lat="47.399638" lon="10.903978"><ele>962</ele></trkpt>
      <trkpt lat="47.399747" lon="10.903943"><ele>962</ele></trkpt>
      <trkpt lat="47.399825" lon="10.903940"><ele>962</ele></trkpt>
      <trkpt lat="47.399910" lon="10.903968"><ele>962</ele></trkpt>
      <trkpt lat="47.400039" lon="10.904051"><ele>962</ele></trkpt>
      <trkpt lat="47.400183" lon="10.904175"><ele>962</ele></trkpt>
      <trkpt lat="47.401125" lon="10.905054"><ele>962</ele></trkpt>
      <trkpt lat="47.401195" lon="10.904871"><ele>963</ele></trkpt>
      <trkpt lat="47.401232" lon="10.904714"><ele>964</ele></trkpt>
      <trkpt lat="47.401221" lon="10.904474"><ele>964</ele></trkpt>
      <trkpt lat="47.401188" lon="10.904268"><ele>964</ele></trkpt>
      <trkpt lat="47.401159" lon="10.903878"><ele>964</ele></trkpt>
      <trkpt lat="47.401198" lon="10.903702"><ele>964</ele></trkpt>
      <trkpt lat="47.401258" lon="10.903565"><ele>964</ele></trkpt>
      <trkpt lat="47.401503" lon="10.903254"><ele>964</ele></trkpt>
      <trkpt lat="47.401549" lon="10.903141"><ele>964</ele></trkpt>
      <trkpt lat="47.401580" lon="10.903022"><ele>964</ele></trkpt>
      <trkpt lat="47.401802" lon="10.901529"><ele>964</ele></trkpt>
      <trkpt lat="47.401818" lon="10.901307"><ele>964</ele></trkpt>
      <trkpt lat="47.401783" lon="10.899911"><ele>964</ele></trkpt>
      <trkpt lat="47.401741" lon="10.898527"><ele>965</ele></trkpt>
      <trkpt lat="47.401692" lon="10.897675"><ele>965</ele></trkpt>
      <trkpt lat="47.401683" lon="10.896125"><ele>965</ele></trkpt>
      <trkpt lat="47.401676" lon="10.895850"><ele>966</ele></trkpt>
      <trkpt lat="47.401650" lon="10.895607"><ele>965</ele></trkpt>
      <trkpt lat="47.401619" lon="10.895220"><ele>966</ele></trkpt>
      <trkpt lat="47.401736" lon="10.892943"><ele>967</ele></trkpt>
      <trkpt lat="47.401658" lon="10.891964"><ele>967</ele></trkpt>
      <trkpt lat="47.401648" lon="10.891755"><ele>967</ele></trkpt>
      <trkpt lat="47.401677" lon="10.891572"><ele>967</ele></trkpt>
      <trkpt lat="47.401760" lon="10.891328"><ele>968</ele></trkpt>
      <trkpt lat="47.402035" lon="10.890643"><ele>968</ele></trkpt>
      <trkpt lat="47.402101" lon="10.890406"><ele>968</ele></trkpt>
      <trkpt lat="47.402219" lon="10.889325"><ele>968</ele></trkpt>
      <trkpt lat="47.402227" lon="10.889260"><ele>968</ele></trkpt>
      <trkpt lat="47.402246" lon="10.889221"><ele>969</ele></trkpt>
      <trkpt lat="47.402276" lon="10.889240"><ele>969</ele></trkpt>
      <trkpt lat="47.402327" lon="10.889318"><ele>968</ele></trkpt>
      <trkpt lat="47.402378" lon="10.889396"><ele>968</ele></trkpt>
      <trkpt lat="47.402530" lon="10.889330"><ele>969</ele></trkpt>
      <trkpt lat="47.402683" lon="10.889240"><ele>970</ele></trkpt>
      <trkpt lat="47.402763" lon="10.889238"><ele>970</ele></trkpt>
      <trkpt lat="47.402835" lon="10.889270"><ele>970</ele></trkpt>
      <trkpt lat="47.402945" lon="10.889340"><ele>970</ele></trkpt>
      <trkpt lat="47.403061" lon="10.889397"><ele>971</ele></trkpt>
      <trkpt lat="47.403124" lon="10.889408"><ele>971</ele></trkpt>
      <trkpt lat="47.403169" lon="10.889398"><ele>971</ele></trkpt>
      <trkpt lat="47.403247" lon="10.889331"><ele>971</ele></trkpt>
      <trkpt lat="47.403301" lon="10.889234"><ele>971</ele></trkpt>
      <trkpt lat="47.403373" lon="10.889053"><ele>971</ele></trkpt>
      <trkpt lat="47.403492" lon="10.888679"><ele>972</ele></trkpt>
      <trkpt lat="47.403558" lon="10.888550"><ele>972</ele></trkpt>
      <trkpt lat="47.403612" lon="10.888526"><ele>973</ele></trkpt>
      <trkpt lat="47.403662" lon="10.888535"><ele>974</ele></trkpt>
      <trkpt lat="47.403790" lon="10.888612"><ele>975</ele></trkpt>
      <trkpt lat="47.404027" lon="10.888811"><ele>978</ele></trkpt>
      <trkpt lat="47.404143" lon="10.888920"><ele>980</ele></trkpt>
      <trkpt lat="47.404318" lon="10.889122"><ele>984</ele></trkpt>
      <trkpt lat="47.404371" lon="10.889145"><ele>984</ele></trkpt>
      <trkpt lat="47.404401" lon="10.889139"><ele>985</ele></trkpt>
      <trkpt lat="47.404418" lon="10.889111"><ele>986</ele></trkpt>
      <trkpt lat="47.404439" lon="10.889065"><ele>986</ele></trkpt>
      <trkpt lat="47.404552" lon="10.888118"><ele>986</ele></trkpt>
      <trkpt lat="47.404568" lon="10.887121"><ele>988</ele></trkpt>
      <trkpt lat="47.404534" lon="10.886566"><ele>989</ele></trkpt>
      <trkpt lat="47.404467" lon="10.885997"><ele>988</ele></trkpt>
      <trkpt lat="47.404465" lon="10.885950"><ele>988</ele></trkpt>
      <trkpt lat="47.404436" lon="10.884437"><ele>988</ele></trkpt>
      <trkpt lat="47.404362" lon="10.883770"><ele>989</ele></trkpt>
      <trkpt lat="47.404364" lon="10.883355"><ele>991</ele></trkpt>
      <trkpt lat="47.404396" lon="10.882635"><ele>991</ele></trkpt>
      <trkpt lat="47.404375" lon="10.882572"><ele>991</ele></trkpt>
      <trkpt lat="47.404344" lon="10.882531"><ele>990</ele></trkpt>
      <trkpt lat="47.404207" lon="10.882527"><ele>988</ele></trkpt>
      <trkpt lat="47.404163" lon="10.882658"><ele>987</ele></trkpt>
      <trkpt lat="47.404094" lon="10.882718"><ele>986</ele></trkpt>
      <trkpt lat="47.404019" lon="10.882759"><ele>985</ele></trkpt>
      <trkpt lat="47.403912" lon="10.882745"><ele>984</ele></trkpt>
      <trkpt lat="47.403818" lon="10.882706"><ele>983</ele></trkpt>
      <trkpt lat="47.403760" lon="10.882672"><ele>982</ele></trkpt>
      <trkpt lat="47.403659" lon="10.882566"><ele>982</ele></trkpt>
      <trkpt lat="47.403582" lon="10.882502"><ele>981</ele></trkpt>
      <trkpt lat="47.403464" lon="10.882467"><ele>980</ele></trkpt>
      <trkpt lat="47.403459" lon="10.882121"><ele>981</ele></trkpt>
      <trkpt lat="47.403452" lon="10.882017"><ele>981</ele></trkpt>
      <trkpt lat="47.403438" lon="10.881883"><ele>982</ele></trkpt>
      <trkpt lat="47.403373" lon="10.881427"><ele>982</ele></trkpt>
      <trkpt lat="47.403313" lon="10.881078"><ele>982</ele></trkpt>
      <trkpt lat="47.403257" lon="10.880593"><ele>984</ele></trkpt>
      <trkpt lat="47.403249" lon="10.880457"><ele>984</ele></trkpt>
      <trkpt lat="47.403212" lon="10.880462"><ele>984</ele></trkpt>
      <trkpt lat="47.403126" lon="10.880478"><ele>984</ele></trkpt>
      <trkpt lat="47.402936" lon="10.880503"><ele>983</ele></trkpt>
      <trkpt lat="47.402727" lon="10.880505"><ele>981</ele></trkpt>
      <trkpt lat="47.402314" lon="10.880493"><ele>979</ele></trkpt>
      <trkpt lat="47.402287" lon="10.880477"><ele>979</ele></trkpt>
      <trkpt lat="47.402249" lon="10.880403"><ele>980</ele></trkpt>
      <trkpt lat="47.402131" lon="10.880530"><ele>979</ele></trkpt>
      <trkpt lat="47.402074" lon="10.880606"><ele>978</ele></trkpt>
      <trkpt lat="47.402020" lon="10.880365"><ele>979</ele></trkpt>
      <trkpt lat="47.402000" lon="10.880228"><ele>979</ele></trkpt>
      <trkpt lat="47.402013" lon="10.880131"><ele>980</ele></trkpt>
      <trkpt lat="47.402032" lon="10.880072"><ele>980</ele></trkpt>
      <trkpt lat="47.402052" lon="10.879956"><ele>980</ele></trkpt>
      <trkpt lat="47.402061" lon="10.879842"><ele>980</ele></trkpt>
      <trkpt lat="47.402061" lon="10.879739"><ele>981</ele></trkpt>
      <trkpt lat="47.402059" lon="10.879572"><ele>981</ele></trkpt>
      <trkpt lat="47.402137" lon="10.879068"><ele>983</ele></trkpt>
      <trkpt lat="47.402140" lon="10.879034"><ele>985</ele></trkpt>
      <trkpt lat="47.402137" lon="10.879068"><ele>983</ele></trkpt>
      <trkpt lat="47.402059" lon="10.879572"><ele>981</ele></trkpt>
      <trkpt lat="47.402061" lon="10.879739"><ele>981</ele></trkpt>
      <trkpt lat="47.402061" lon="10.879842"><ele>980</ele></trkpt>
      <trkpt lat="47.402052" lon="10.879956"><ele>980</ele></trkpt>
      <trkpt lat="47.402032" lon="10.880072"><ele>980</ele></trkpt>
      <trkpt lat="47.402013" lon="10.880131"><ele>980</ele></trkpt>
      <trkpt lat="47.402000" lon="10.880228"><ele>979</ele></trkpt>
      <trkpt lat="47.402020" lon="10.880365"><ele>979</ele></trkpt>
      <trkpt lat="47.402074" lon="10.880606"><ele>978</ele></trkpt>
      <trkpt lat="47.402131" lon="10.880530"><ele>979</ele></trkpt>
      <trkpt lat="47.402249" lon="10.880403"><ele>980</ele></trkpt>
      <trkpt lat="47.402287" lon="10.880477"><ele>979</ele></trkpt>
      <trkpt lat="47.402314" lon="10.880493"><ele>979</ele></trkpt>
      <trkpt lat="47.402727" lon="10.880505"><ele>981</ele></trkpt>
      <trkpt lat="47.402936" lon="10.880503"><ele>983</ele></trkpt>
      <trkpt lat="47.403126" lon="10.880478"><ele>984</ele></trkpt>
      <trkpt lat="47.403212" lon="10.880462"><ele>984</ele></trkpt>
      <trkpt lat="47.403249" lon="10.880457"><ele>984</ele></trkpt>
      <trkpt lat="47.403419" lon="10.880445"><ele>985</ele></trkpt>
      <trkpt lat="47.403658" lon="10.880465"><ele>987</ele></trkpt>
      <trkpt lat="47.403893" lon="10.880492"><ele>989</ele></trkpt>
      <trkpt lat="47.403945" lon="10.880498"><ele>990</ele></trkpt>
      <trkpt lat="47.404125" lon="10.880520"><ele>991</ele></trkpt>
      <trkpt lat="47.404498" lon="10.880545"><ele>994</ele></trkpt>
      <trkpt lat="47.404624" lon="10.880550"><ele>996</ele></trkpt>
      <trkpt lat="47.404678" lon="10.880535"><ele>996</ele></trkpt>
      <trkpt lat="47.404730" lon="10.880503"><ele>997</ele></trkpt>
      <trkpt lat="47.404808" lon="10.880430"><ele>998</ele></trkpt>
      <trkpt lat="47.404867" lon="10.880362"><ele>998</ele></trkpt>
      <trkpt lat="47.404919" lon="10.880207"><ele>999</ele></trkpt>
      <trkpt lat="47.404948" lon="10.879974"><ele>1000</ele></trkpt>
      <trkpt lat="47.405040" lon="10.879242"><ele>1002</ele></trkpt>
      <trkpt lat="47.405066" lon="10.879171"><ele>1002</ele></trkpt>
      <trkpt lat="47.405092" lon="10.879130"><ele>1003</ele></trkpt>
      <trkpt lat="47.405194" lon="10.879053"><ele>1004</ele></trkpt>
      <trkpt lat="47.405244" lon="10.878988"><ele>1004</ele></trkpt>
      <trkpt lat="47.405266" lon="10.878923"><ele>1005</ele></trkpt>
      <trkpt lat="47.405283" lon="10.878756"><ele>1005</ele></trkpt>
      <trkpt lat="47.405303" lon="10.878500"><ele>1005</ele></trkpt>
      <trkpt lat="47.405324" lon="10.878321"><ele>1005</ele></trkpt>
      <trkpt lat="47.405360" lon="10.877812"><ele>1005</ele></trkpt>
      <trkpt lat="47.405360" lon="10.877726"><ele>1005</ele></trkpt>
      <trkpt lat="47.405335" lon="10.877600"><ele>1004</ele></trkpt>
      <trkpt lat="47.405330" lon="10.877480"><ele>1004</ele></trkpt>
      <trkpt lat="47.405367" lon="10.877218"><ele>1002</ele></trkpt>
      <trkpt lat="47.405391" lon="10.876720"><ele>1000</ele></trkpt>
      <trkpt lat="47.405386" lon="10.876512"><ele>1000</ele></trkpt>
      <trkpt lat="47.405363" lon="10.876333"><ele>1000</ele></trkpt>
      <trkpt lat="47.405341" lon="10.876295"><ele>1000</ele></trkpt>
      <trkpt lat="47.405258" lon="10.876250"><ele>998</ele></trkpt>
      <trkpt lat="47.405299" lon="10.876048"><ele>1000</ele></trkpt>
      <trkpt lat="47.405335" lon="10.875815"><ele>1001</ele></trkpt>
      <trkpt lat="47.405354" lon="10.875627"><ele>1002</ele></trkpt>
      <trkpt lat="47.405365" lon="10.875433"><ele>1002</ele></trkpt>
      <trkpt lat="47.405369" lon="10.875079"><ele>1004</ele></trkpt>
      <trkpt lat="47.405359" lon="10.874177"><ele>1006</ele></trkpt>
      <trkpt lat="47.405346" lon="10.873812"><ele>1008</ele></trkpt>
      <trkpt lat="47.405339" lon="10.873639"><ele>1009</ele></trkpt>
      <trkpt lat="47.405409" lon="10.873606"><ele>1010</ele></trkpt>
      <trkpt lat="47.405425" lon="10.873456"><ele>1010</ele></trkpt>
      <trkpt lat="47.405442" lon="10.873164"><ele>1012</ele></trkpt>
      <trkpt lat="47.405453" lon="10.873082"><ele>1012</ele></trkpt>
      <trkpt lat="47.405461" lon="10.873043"><ele>1012</ele></trkpt>
      <trkpt lat="47.405512" lon="10.872821"><ele>1012</ele></trkpt>
      <trkpt lat="47.405525" lon="10.872725"><ele>1012</ele></trkpt>
      <trkpt lat="47.405549" lon="10.872587"><ele>1014</ele></trkpt>
      <trkpt lat="47.405560" lon="10.872394"><ele>1013</ele></trkpt>
      <trkpt lat="47.405609" lon="10.872177"><ele>1013</ele></trkpt>
      <trkpt lat="47.405776" lon="10.871708"><ele>1014</ele></trkpt>
      <trkpt lat="47.405843" lon="10.871519"><ele>1013</ele></trkpt>
      <trkpt lat="47.405993" lon="10.871151"><ele>1013</ele></trkpt>
      <trkpt lat="47.406019" lon="10.871088"><ele>1013</ele></trkpt>
      <trkpt lat="47.406133" lon="10.870671"><ele>1012</ele></trkpt>
      <trkpt lat="47.406089" lon="10.870613"><ele>1011</ele></trkpt>
      <trkpt lat="47.406242" lon="10.870234"><ele>1010</ele></trkpt>
      <trkpt lat="47.406403" lon="10.869832"><ele>1010</ele></trkpt>
      <trkpt lat="47.406552" lon="10.869472"><ele>1010</ele></trkpt>
      <trkpt lat="47.406876" lon="10.868713"><ele>1011</ele></trkpt>
      <trkpt lat="47.406909" lon="10.868633"><ele>1011</ele></trkpt>
      <trkpt lat="47.407004" lon="10.868407"><ele>1012</ele></trkpt>
      <trkpt lat="47.407151" lon="10.868097"><ele>1012</ele></trkpt>
      <trkpt lat="47.407215" lon="10.867972"><ele>1013</ele></trkpt>
      <trkpt lat="47.407071" lon="10.867727"><ele>1013</ele></trkpt>
      <trkpt lat="47.406980" lon="10.867599"><ele>1014</ele></trkpt>
      <trkpt lat="47.406848" lon="10.867455"><ele>1014</ele></trkpt>
      <trkpt lat="47.406673" lon="10.867331"><ele>1014</ele></trkpt>
      <trkpt lat="47.406537" lon="10.867225"><ele>1015</ele></trkpt>
      <trkpt lat="47.406499" lon="10.867173"><ele>1015</ele></trkpt>
      <trkpt lat="47.406476" lon="10.867109"><ele>1015</ele></trkpt>
      <trkpt lat="47.406463" lon="10.866998"><ele>1015</ele></trkpt>
      <trkpt lat="47.406469" lon="10.866887"><ele>1016</ele></trkpt>
      <trkpt lat="47.406543" lon="10.866609"><ele>1016</ele></trkpt>
      <trkpt lat="47.406826" lon="10.866177"><ele>1018</ele></trkpt>
      <trkpt lat="47.407102" lon="10.865840"><ele>1019</ele></trkpt>
      <trkpt lat="47.407485" lon="10.865291"><ele>1020</ele></trkpt>
      <trkpt lat="47.407559" lon="10.865176"><ele>1020</ele></trkpt>
      <trkpt lat="47.407654" lon="10.864963"><ele>1021</ele></trkpt>
      <trkpt lat="47.407799" lon="10.864526"><ele>1020</ele></trkpt>
      <trkpt lat="47.408017" lon="10.864025"><ele>1022</ele></trkpt>
      <trkpt lat="47.408295" lon="10.863569"><ele>1023</ele></trkpt>
      <trkpt lat="47.408673" lon="10.863099"><ele>1026</ele></trkpt>
      <trkpt lat="47.409080" lon="10.862764"><ele>1028</ele></trkpt>
      <trkpt lat="47.409438" lon="10.862573"><ele>1030</ele></trkpt>
      <trkpt lat="47.409614" lon="10.862426"><ele>1031</ele></trkpt>
      <trkpt lat="47.409739" lon="10.862279"><ele>1032</ele></trkpt>
      <trkpt lat="47.409808" lon="10.862117"><ele>1033</ele></trkpt>
      <trkpt lat="47.409857" lon="10.862075"><ele>1034</ele></trkpt>
      <trkpt lat="47.409951" lon="10.861968"><ele>1034</ele></trkpt>
      <trkpt lat="47.409983" lon="10.861938"><ele>1035</ele></trkpt>
      <trkpt lat="47.410049" lon="10.861877"><ele>1035</ele></trkpt>
      <trkpt lat="47.410188" lon="10.861786"><ele>1035</ele></trkpt>
      <trkpt lat="47.410283" lon="10.861769"><ele>1034</ele></trkpt>
      <trkpt lat="47.410455" lon="10.861769"><ele>1034</ele></trkpt>
      <trkpt lat="47.410555" lon="10.861750"><ele>1033</ele></trkpt>
      <trkpt lat="47.410649" lon="10.861740"><ele>1033</ele></trkpt>
      <trkpt lat="47.410711" lon="10.861747"><ele>1033</ele></trkpt>
      <trkpt lat="47.410795" lon="10.861774"><ele>1033</ele></trkpt>
      <trkpt lat="47.410822" lon="10.861781"><ele>1033</ele></trkpt>
      <trkpt lat="47.410829" lon="10.861698"><ele>1033</ele></trkpt>
      <trkpt lat="47.410827" lon="10.861600"><ele>1033</ele></trkpt>
      <trkpt lat="47.410812" lon="10.861480"><ele>1033</ele></trkpt>
      <trkpt lat="47.410820" lon="10.861324"><ele>1033</ele></trkpt>
      <trkpt lat="47.410908" lon="10.861191"><ele>1034</ele></trkpt>
      <trkpt lat="47.411162" lon="10.860647"><ele>1034</ele></trkpt>
      <trkpt lat="47.411464" lon="10.859909"><ele>1036</ele></trkpt>
      <trkpt lat="47.411752" lon="10.859032"><ele>1039</ele></trkpt>
      <trkpt lat="47.411858" lon="10.858825"><ele>1040</ele></trkpt>
      <trkpt lat="47.411938" lon="10.858559"><ele>1039</ele></trkpt>
      <trkpt lat="47.412040" lon="10.858336"><ele>1040</ele></trkpt>
      <trkpt lat="47.412115" lon="10.857969"><ele>1044</ele></trkpt>
      <trkpt lat="47.412208" lon="10.857634"><ele>1042</ele></trkpt>
      <trkpt lat="47.412298" lon="10.857228"><ele>1044</ele></trkpt>
      <trkpt lat="47.412382" lon="10.856787"><ele>1048</ele></trkpt>
      <trkpt lat="47.412461" lon="10.856305"><ele>1046</ele></trkpt>
      <trkpt lat="47.412512" lon="10.855959"><ele>1046</ele></trkpt>
      <trkpt lat="47.412568" lon="10.855703"><ele>1048</ele></trkpt>
      <trkpt lat="47.412765" lon="10.855317"><ele>1048</ele></trkpt>
      <trkpt lat="47.413080" lon="10.854787"><ele>1052</ele></trkpt>
      <trkpt lat="47.413173" lon="10.854523"><ele>1054</ele></trkpt>
      <trkpt lat="47.413224" lon="10.854274"><ele>1054</ele></trkpt>
      <trkpt lat="47.413410" lon="10.854215"><ele>1052</ele></trkpt>
      <trkpt lat="47.413462" lon="10.854201"><ele>1052</ele></trkpt>
      <trkpt lat="47.413604" lon="10.854221"><ele>1051</ele></trkpt>
      <trkpt lat="47.413735" lon="10.854287"><ele>1051</ele></trkpt>
      <trkpt lat="47.413811" lon="10.853923"><ele>1054</ele></trkpt>
      <trkpt lat="47.413974" lon="10.853504"><ele>1058</ele></trkpt>
      <trkpt lat="47.414087" lon="10.853055"><ele>1060</ele></trkpt>
      <trkpt lat="47.414253" lon="10.852538"><ele>1062</ele></trkpt>
      <trkpt lat="47.414544" lon="10.851938"><ele>1064</ele></trkpt>
      <trkpt lat="47.414671" lon="10.851467"><ele>1068</ele></trkpt>
      <trkpt lat="47.414712" lon="10.851021"><ele>1070</ele></trkpt>
      <trkpt lat="47.414844" lon="10.850339"><ele>1071</ele></trkpt>
      <trkpt lat="47.415036" lon="10.849566"><ele>1075</ele></trkpt>
      <trkpt lat="47.415328" lon="10.848575"><ele>1079</ele></trkpt>
      <trkpt lat="47.415432" lon="10.848107"><ele>1081</ele></trkpt>
      <trkpt lat="47.415538" lon="10.847555"><ele>1084</ele></trkpt>
      <trkpt lat="47.415744" lon="10.846590"><ele>1088</ele></trkpt>
      <trkpt lat="47.415890" lon="10.846210"><ele>1090</ele></trkpt>
      <trkpt lat="47.416031" lon="10.845911"><ele>1092</ele></trkpt>
      <trkpt lat="47.416121" lon="10.845661"><ele>1092</ele></trkpt>
      <trkpt lat="47.416382" lon="10.845099"><ele>1097</ele></trkpt>
      <trkpt lat="47.416532" lon="10.844889"><ele>1099</ele></trkpt>
      <trkpt lat="47.416757" lon="10.844646"><ele>1099</ele></trkpt>
      <trkpt lat="47.416819" lon="10.844553"><ele>1099</ele></trkpt>
      <trkpt lat="47.416925" lon="10.844343"><ele>1098</ele></trkpt>
      <trkpt lat="47.416995" lon="10.844073"><ele>1099</ele></trkpt>
      <trkpt lat="47.417114" lon="10.843383"><ele>1100</ele></trkpt>
      <trkpt lat="47.417174" lon="10.843237"><ele>1100</ele></trkpt>
      <trkpt lat="47.417314" lon="10.842815"><ele>1102</ele></trkpt>
      <trkpt lat="47.417353" lon="10.842730"><ele>1102</ele></trkpt>
      <trkpt lat="47.417401" lon="10.842617"><ele>1103</ele></trkpt>
      <trkpt lat="47.417483" lon="10.842351"><ele>1103</ele></trkpt>
      <trkpt lat="47.417552" lon="10.842082"><ele>1103</ele></trkpt>
      <trkpt lat="47.417595" lon="10.841809"><ele>1104</ele></trkpt>
      <trkpt lat="47.417605" lon="10.841592"><ele>1106</ele></trkpt>
      <trkpt lat="47.417590" lon="10.841385"><ele>1106</ele></trkpt>
      <trkpt lat="47.417596" lon="10.841055"><ele>1108</ele></trkpt>
      <trkpt lat="47.417568" lon="10.840812"><ele>1108</ele></trkpt>
      <trkpt lat="47.417617" lon="10.840036"><ele>1111</ele></trkpt>
      <trkpt lat="47.417638" lon="10.839475"><ele>1113</ele></trkpt>
      <trkpt lat="47.417598" lon="10.839066"><ele>1114</ele></trkpt>
      <trkpt lat="47.417571" lon="10.838903"><ele>1115</ele></trkpt>
      <trkpt lat="47.417560" lon="10.838654"><ele>1116</ele></trkpt>
      <trkpt lat="47.417552" lon="10.838391"><ele>1118</ele></trkpt>
      <trkpt lat="47.417553" lon="10.837454"><ele>1123</ele></trkpt>
      <trkpt lat="47.417519" lon="10.836765"><ele>1128</ele></trkpt>
      <trkpt lat="47.417528" lon="10.836456"><ele>1128</ele></trkpt>
      <trkpt lat="47.417568" lon="10.835602"><ele>1125</ele></trkpt>
      <trkpt lat="47.417559" lon="10.835024"><ele>1121</ele></trkpt>
      <trkpt lat="47.417551" lon="10.834640"><ele>1121</ele></trkpt>
      <trkpt lat="47.417528" lon="10.834318"><ele>1122</ele></trkpt>
      <trkpt lat="47.417490" lon="10.833700"><ele>1121</ele></trkpt>
      <trkpt lat="47.417505" lon="10.833104"><ele>1119</ele></trkpt>
      <trkpt lat="47.417563" lon="10.832495"><ele>1114</ele></trkpt>
      <trkpt lat="47.417650" lon="10.831765"><ele>1110</ele></trkpt>
      <trkpt lat="47.417760" lon="10.831175"><ele>1106</ele></trkpt>
      <trkpt lat="47.417813" lon="10.830676"><ele>1104</ele></trkpt>
      <trkpt lat="47.417808" lon="10.830550"><ele>1103</ele></trkpt>
      <trkpt lat="47.417744" lon="10.830235"><ele>1102</ele></trkpt>
      <trkpt lat="47.417729" lon="10.830067"><ele>1100</ele></trkpt>
      <trkpt lat="47.417770" lon="10.829845"><ele>1099</ele></trkpt>
      <trkpt lat="47.417875" lon="10.829364"><ele>1099</ele></trkpt>
      <trkpt lat="47.417921" lon="10.828954"><ele>1098</ele></trkpt>
      <trkpt lat="47.417953" lon="10.828550"><ele>1096</ele></trkpt>
      <trkpt lat="47.417956" lon="10.828166"><ele>1095</ele></trkpt>
      <trkpt lat="47.417980" lon="10.827148"><ele>1092</ele></trkpt>
      <trkpt lat="47.418004" lon="10.826349"><ele>1090</ele></trkpt>
      <trkpt lat="47.418023" lon="10.826159"><ele>1089</ele></trkpt>
      <trkpt lat="47.418106" lon="10.825980"><ele>1089</ele></trkpt>
      <trkpt lat="47.418165" lon="10.825779"><ele>1090</ele></trkpt>
      <trkpt lat="47.418176" lon="10.825577"><ele>1089</ele></trkpt>
      <trkpt lat="47.418205" lon="10.824171"><ele>1086</ele></trkpt>
      <trkpt lat="47.418234" lon="10.823428"><ele>1086</ele></trkpt>
      <trkpt lat="47.418262" lon="10.822696"><ele>1086</ele></trkpt>
      <trkpt lat="47.418240" lon="10.822441"><ele>1086</ele></trkpt>
      <trkpt lat="47.418232" lon="10.822359"><ele>1086</ele></trkpt>
      <trkpt lat="47.418232" lon="10.822351"><ele>1086</ele></trkpt>
      <trkpt lat="47.418341" lon="10.821270"><ele>1080</ele></trkpt>
      <trkpt lat="47.418371" lon="10.820391"><ele>1079</ele></trkpt>
      <trkpt lat="47.418371" lon="10.820222"><ele>1079</ele></trkpt>
      <trkpt lat="47.418370" lon="10.819689"><ele>1078</ele></trkpt>
      <trkpt lat="47.418354" lon="10.818909"><ele>1078</ele></trkpt>
      <trkpt lat="47.418372" lon="10.818695"><ele>1078</ele></trkpt>
      <trkpt lat="47.418306" lon="10.818178"><ele>1078</ele></trkpt>
      <trkpt lat="47.418201" lon="10.817431"><ele>1080</ele></trkpt>
      <trkpt lat="47.418079" lon="10.816633"><ele>1081</ele></trkpt>
      <trkpt lat="47.417980" lon="10.816120"><ele>1080</ele></trkpt>
      <trkpt lat="47.417869" lon="10.815926"><ele>1081</ele></trkpt>
      <trkpt lat="47.417717" lon="10.815692"><ele>1082</ele></trkpt>
      <trkpt lat="47.417672" lon="10.815606"><ele>1082</ele></trkpt>
      <trkpt lat="47.417643" lon="10.815497"><ele>1081</ele></trkpt>
      <trkpt lat="47.417619" lon="10.815166"><ele>1082</ele></trkpt>
      <trkpt lat="47.417625" lon="10.814711"><ele>1082</ele></trkpt>
      <trkpt lat="47.417590" lon="10.813561"><ele>1086</ele></trkpt>
      <trkpt lat="47.417581" lon="10.812987"><ele>1089</ele></trkpt>
      <trkpt lat="47.417667" lon="10.812221"><ele>1091</ele></trkpt>
      <trkpt lat="47.417712" lon="10.811477"><ele>1092</ele></trkpt>
      <trkpt lat="47.417761" lon="10.810725"><ele>1094</ele></trkpt>
      <trkpt lat="47.417766" lon="10.810651"><ele>1094</ele></trkpt>
      <trkpt lat="47.417856" lon="10.810133"><ele>1094</ele></trkpt>
      <trkpt lat="47.417893" lon="10.809428"><ele>1095</ele></trkpt>
      <trkpt lat="47.417925" lon="10.808646"><ele>1094</ele></trkpt>
      <trkpt lat="47.417918" lon="10.808162"><ele>1094</ele></trkpt>
      <trkpt lat="47.417881" lon="10.807333"><ele>1091</ele></trkpt>
      <trkpt lat="47.417811" lon="10.806744"><ele>1090</ele></trkpt>
      <trkpt lat="47.417708" lon="10.806106"><ele>1088</ele></trkpt>
      <trkpt lat="47.417625" lon="10.805546"><ele>1088</ele></trkpt>
      <trkpt lat="47.417586" lon="10.805349"><ele>1087</ele></trkpt>
      <trkpt lat="47.417466" lon="10.804889"><ele>1084</ele></trkpt>
      <trkpt lat="47.417165" lon="10.803646"><ele>1079</ele></trkpt>
      <trkpt lat="47.417105" lon="10.803384"><ele>1078</ele></trkpt>
      <trkpt lat="47.417042" lon="10.803072"><ele>1077</ele></trkpt>
      <trkpt lat="47.416995" lon="10.802777"><ele>1076</ele></trkpt>
      <trkpt lat="47.416983" lon="10.802653"><ele>1076</ele></trkpt>
      <trkpt lat="47.416969" lon="10.802475"><ele>1076</ele></trkpt>
      <trkpt lat="47.416935" lon="10.801984"><ele>1074</ele></trkpt>
      <trkpt lat="47.416930" lon="10.801363"><ele>1073</ele></trkpt>
      <trkpt lat="47.416955" lon="10.800921"><ele>1073</ele></trkpt>
      <trkpt lat="47.417008" lon="10.800431"><ele>1073</ele></trkpt>
      <trkpt lat="47.417078" lon="10.800033"><ele>1073</ele></trkpt>
      <trkpt lat="47.417099" lon="10.799527"><ele>1074</ele></trkpt>
      <trkpt lat="47.417119" lon="10.799346"><ele>1074</ele></trkpt>
      <trkpt lat="47.417096" lon="10.799220"><ele>1074</ele></trkpt>
      <trkpt lat="47.417087" lon="10.798780"><ele>1074</ele></trkpt>
      <trkpt lat="47.417088" lon="10.798192"><ele>1075</ele></trkpt>
      <trkpt lat="47.417102" lon="10.797623"><ele>1076</ele></trkpt>
      <trkpt lat="47.417130" lon="10.797327"><ele>1076</ele></trkpt>
      <trkpt lat="47.417167" lon="10.797055"><ele>1077</ele></trkpt>
      <trkpt lat="47.417271" lon="10.796574"><ele>1078</ele></trkpt>
      <trkpt lat="47.417416" lon="10.796107"><ele>1078</ele></trkpt>
      <trkpt lat="47.417902" lon="10.794670"><ele>1081</ele></trkpt>
      <trkpt lat="47.417910" lon="10.794646"><ele>1081</ele></trkpt>
      <trkpt lat="47.418144" lon="10.793966"><ele>1082</ele></trkpt>
      <trkpt lat="47.418231" lon="10.793723"><ele>1082</ele></trkpt>
      <trkpt lat="47.418315" lon="10.793524"><ele>1082</ele></trkpt>
      <trkpt lat="47.418815" lon="10.792414"><ele>1083</ele></trkpt>
      <trkpt lat="47.418922" lon="10.792226"><ele>1083</ele></trkpt>
      <trkpt lat="47.419031" lon="10.792087"><ele>1082</ele></trkpt>
      <trkpt lat="47.419221" lon="10.791824"><ele>1082</ele></trkpt>
      <trkpt lat="47.419394" lon="10.791672"><ele>1082</ele></trkpt>
      <trkpt lat="47.419800" lon="10.791336"><ele>1080</ele></trkpt>
      <trkpt lat="47.419832" lon="10.791309"><ele>1080</ele></trkpt>
      <trkpt lat="47.419970" lon="10.791165"><ele>1079</ele></trkpt>
      <trkpt lat="47.420098" lon="10.790994"><ele>1080</ele></trkpt>
      <trkpt lat="47.420162" lon="10.790826"><ele>1080</ele></trkpt>
      <trkpt lat="47.420222" lon="10.790611"><ele>1079</ele></trkpt>
      <trkpt lat="47.420262" lon="10.790393"><ele>1078</ele></trkpt>
      <trkpt lat="47.420297" lon="10.790087"><ele>1078</ele></trkpt>
      <trkpt lat="47.420321" lon="10.789866"><ele>1078</ele></trkpt>
      <trkpt lat="47.420324" lon="10.789796"><ele>1078</ele></trkpt>
      <trkpt lat="47.420302" lon="10.789591"><ele>1079</ele></trkpt>
      <trkpt lat="47.420265" lon="10.789404"><ele>1079</ele></trkpt>
      <trkpt lat="47.420253" lon="10.789267"><ele>1079</ele></trkpt>
      <trkpt lat="47.420246" lon="10.789052"><ele>1079</ele></trkpt>
      <trkpt lat="47.420245" lon="10.789022"><ele>1079</ele></trkpt>
      <trkpt lat="47.420239" lon="10.788466"><ele>1079</ele></trkpt>
      <trkpt lat="47.420176" lon="10.788256"><ele>1079</ele></trkpt>
      <trkpt lat="47.420224" lon="10.788164"><ele>1079</ele></trkpt>
      <trkpt lat="47.420256" lon="10.788080"><ele>1079</ele></trkpt>
      <trkpt lat="47.420320" lon="10.787871"><ele>1079</ele></trkpt>
      <trkpt lat="47.420373" lon="10.787749"><ele>1078</ele></trkpt>
      <trkpt lat="47.420436" lon="10.787651"><ele>1078</ele></trkpt>
      <trkpt lat="47.420518" lon="10.787543"><ele>1078</ele></trkpt>
      <trkpt lat="47.420811" lon="10.787164"><ele>1077</ele></trkpt>
      <trkpt lat="47.420874" lon="10.787082"><ele>1077</ele></trkpt>
      <trkpt lat="47.421101" lon="10.786786"><ele>1076</ele></trkpt>
      <trkpt lat="47.421278" lon="10.786524"><ele>1076</ele></trkpt>
      <trkpt lat="47.421375" lon="10.786254"><ele>1074</ele></trkpt>
      <trkpt lat="47.421642" lon="10.785831"><ele>1073</ele></trkpt>
      <trkpt lat="47.421695" lon="10.785725"><ele>1072</ele></trkpt>
      <trkpt lat="47.421795" lon="10.785371"><ele>1072</ele></trkpt>
      <trkpt lat="47.421859" lon="10.785169"><ele>1072</ele></trkpt>
      <trkpt lat="47.421923" lon="10.784967"><ele>1071</ele></trkpt>
      <trkpt lat="47.422221" lon="10.784024"><ele>1068</ele></trkpt>
      <trkpt lat="47.422351" lon="10.783683"><ele>1068</ele></trkpt>
      <trkpt lat="47.422405" lon="10.783538"><ele>1068</ele></trkpt>
      <trkpt lat="47.422491" lon="10.783231"><ele>1067</ele></trkpt>
      <trkpt lat="47.422557" lon="10.783156"><ele>1066</ele></trkpt>
      <trkpt lat="47.422632" lon="10.783119"><ele>1066</ele></trkpt>
      <trkpt lat="47.422631" lon="10.783026"><ele>1066</ele></trkpt>
      <trkpt lat="47.422633" lon="10.782988"><ele>1066</ele></trkpt>
      <trkpt lat="47.422664" lon="10.782841"><ele>1066</ele></trkpt>
      <trkpt lat="47.422843" lon="10.782441"><ele>1064</ele></trkpt>
      <trkpt lat="47.423395" lon="10.781177"><ele>1061</ele></trkpt>
      <trkpt lat="47.423477" lon="10.780942"><ele>1060</ele></trkpt>
      <trkpt lat="47.423521" lon="10.780851"><ele>1060</ele></trkpt>
      <trkpt lat="47.423568" lon="10.780780"><ele>1060</ele></trkpt>
      <trkpt lat="47.423944" lon="10.780402"><ele>1058</ele></trkpt>
      <trkpt lat="47.424272" lon="10.779969"><ele>1056</ele></trkpt>
      <trkpt lat="47.424436" lon="10.779610"><ele>1055</ele></trkpt>
      <trkpt lat="47.424573" lon="10.779392"><ele>1055</ele></trkpt>
      <trkpt lat="47.424734" lon="10.779111"><ele>1053</ele></trkpt>
      <trkpt lat="47.425681" lon="10.778332"><ele>1051</ele></trkpt>
      <trkpt lat="47.426450" lon="10.777678"><ele>1049</ele></trkpt>
      <trkpt lat="47.427046" lon="10.777378"><ele>1046</ele></trkpt>
      <trkpt lat="47.427397" lon="10.777258"><ele>1045</ele></trkpt>
      <trkpt lat="47.427498" lon="10.777247"><ele>1044</ele></trkpt>
      <trkpt lat="47.427601" lon="10.777244"><ele>1044</ele></trkpt>
      <trkpt lat="47.427629" lon="10.777249"><ele>1044</ele></trkpt>
      <trkpt lat="47.427667" lon="10.777255"><ele>1044</ele></trkpt>
      <trkpt lat="47.427698" lon="10.777252"><ele>1043</ele></trkpt>
      <trkpt lat="47.427778" lon="10.777238"><ele>1043</ele></trkpt>
      <trkpt lat="47.427834" lon="10.777210"><ele>1043</ele></trkpt>
      <trkpt lat="47.428126" lon="10.776993"><ele>1042</ele></trkpt>
      <trkpt lat="47.428050" lon="10.776350"><ele>1042</ele></trkpt>
      <trkpt lat="47.428055" lon="10.775591"><ele>1039</ele></trkpt>
      <trkpt lat="47.428090" lon="10.775083"><ele>1039</ele></trkpt>
      <trkpt lat="47.428155" lon="10.774705"><ele>1038</ele></trkpt>
      <trkpt lat="47.428270" lon="10.774266"><ele>1037</ele></trkpt>
      <trkpt lat="47.428747" lon="10.773129"><ele>1036</ele></trkpt>
      <trkpt lat="47.428853" lon="10.772700"><ele>1036</ele></trkpt>
      <trkpt lat="47.429073" lon="10.772321"><ele>1037</ele></trkpt>
      <trkpt lat="47.429210" lon="10.771965"><ele>1035</ele></trkpt>
      <trkpt lat="47.429749" lon="10.770280"><ele>1034</ele></trkpt>
      <trkpt lat="47.429851" lon="10.770059"><ele>1033</ele></trkpt>
      <trkpt lat="47.429969" lon="10.769861"><ele>1032</ele></trkpt>
      <trkpt lat="47.430110" lon="10.769672"><ele>1033</ele></trkpt>
      <trkpt lat="47.430714" lon="10.768956"><ele>1031</ele></trkpt>
      <trkpt lat="47.430779" lon="10.768878"><ele>1030</ele></trkpt>
      <trkpt lat="47.431526" lon="10.767949"><ele>1026</ele></trkpt>
      <trkpt lat="47.432487" lon="10.766696"><ele>1027</ele></trkpt>
      <trkpt lat="47.432602" lon="10.766616"><ele>1025</ele></trkpt>
      <trkpt lat="47.432705" lon="10.766605"><ele>1024</ele></trkpt>
      <trkpt lat="47.432908" lon="10.766705"><ele>1022</ele></trkpt>
      <trkpt lat="47.433030" lon="10.766720"><ele>1021</ele></trkpt>
      <trkpt lat="47.433276" lon="10.766619"><ele>1021</ele></trkpt>
      <trkpt lat="47.433323" lon="10.766552"><ele>1021</ele></trkpt>
      <trkpt lat="47.433317" lon="10.766401"><ele>1021</ele></trkpt>
      <trkpt lat="47.433324" lon="10.766070"><ele>1022</ele></trkpt>
      <trkpt lat="47.433361" lon="10.765909"><ele>1023</ele></trkpt>
      <trkpt lat="47.433439" lon="10.765766"><ele>1024</ele></trkpt>
      <trkpt lat="47.433461" lon="10.765743"><ele>1024</ele></trkpt>
      <trkpt lat="47.433528" lon="10.765674"><ele>1024</ele></trkpt>
      <trkpt lat="47.433727" lon="10.765516"><ele>1025</ele></trkpt>
      <trkpt lat="47.433876" lon="10.765280"><ele>1026</ele></trkpt>
      <trkpt lat="47.434063" lon="10.764778"><ele>1026</ele></trkpt>
      <trkpt lat="47.434138" lon="10.764491"><ele>1025</ele></trkpt>
      <trkpt lat="47.434205" lon="10.764357"><ele>1024</ele></trkpt>
      <trkpt lat="47.434303" lon="10.764256"><ele>1023</ele></trkpt>
      <trkpt lat="47.434438" lon="10.764091"><ele>1020</ele></trkpt>
      <trkpt lat="47.434615" lon="10.763780"><ele>1020</ele></trkpt>
      <trkpt lat="47.434676" lon="10.763727"><ele>1019</ele></trkpt>
      <trkpt lat="47.434766" lon="10.763648"><ele>1018</ele></trkpt>
      <trkpt lat="47.434892" lon="10.763483"><ele>1018</ele></trkpt>
      <trkpt lat="47.435031" lon="10.763221"><ele>1018</ele></trkpt>
      <trkpt lat="47.435285" lon="10.762924"><ele>1016</ele></trkpt>
      <trkpt lat="47.435453" lon="10.762814"><ele>1017</ele></trkpt>
      <trkpt lat="47.435935" lon="10.762661"><ele>1016</ele></trkpt>
      <trkpt lat="47.436075" lon="10.762552"><ele>1016</ele></trkpt>
      <trkpt lat="47.436128" lon="10.762396"><ele>1017</ele></trkpt>
      <trkpt lat="47.436193" lon="10.762262"><ele>1017</ele></trkpt>
      <trkpt lat="47.436259" lon="10.762225"><ele>1016</ele></trkpt>
      <trkpt lat="47.436414" lon="10.762230"><ele>1016</ele></trkpt>
      <trkpt lat="47.436516" lon="10.762207"><ele>1016</ele></trkpt>
      <trkpt lat="47.436707" lon="10.762031"><ele>1016</ele></trkpt>
      <trkpt lat="47.436825" lon="10.761830"><ele>1016</ele></trkpt>
      <trkpt lat="47.436976" lon="10.761611"><ele>1016</ele></trkpt>
      <trkpt lat="47.437221" lon="10.761324"><ele>1015</ele></trkpt>
      <trkpt lat="47.437615" lon="10.760774"><ele>1013</ele></trkpt>
      <trkpt lat="47.437884" lon="10.760461"><ele>1012</ele></trkpt>
      <trkpt lat="47.438187" lon="10.759987"><ele>1012</ele></trkpt>
      <trkpt lat="47.438934" lon="10.758592"><ele>1010</ele></trkpt>
      <trkpt lat="47.439366" lon="10.757831"><ele>1008</ele></trkpt>
      <trkpt lat="47.439903" lon="10.757062"><ele>1007</ele></trkpt>
      <trkpt lat="47.440465" lon="10.756091"><ele>1006</ele></trkpt>
      <trkpt lat="47.440749" lon="10.755512"><ele>1004</ele></trkpt>
      <trkpt lat="47.441047" lon="10.755029"><ele>1003</ele></trkpt>
      <trkpt lat="47.441522" lon="10.754329"><ele>1000</ele></trkpt>
      <trkpt lat="47.442505" lon="10.752955"><ele>998</ele></trkpt>
      <trkpt lat="47.442809" lon="10.752175"><ele>998</ele></trkpt>
      <trkpt lat="47.442977" lon="10.751641"><ele>998</ele></trkpt>
      <trkpt lat="47.443088" lon="10.751438"><ele>998</ele></trkpt>
      <trkpt lat="47.443185" lon="10.751260"><ele>998</ele></trkpt>
      <trkpt lat="47.443477" lon="10.750804"><ele>997</ele></trkpt>
      <trkpt lat="47.443690" lon="10.750537"><ele>996</ele></trkpt>
      <trkpt lat="47.443813" lon="10.750400"><ele>996</ele></trkpt>
      <trkpt lat="47.444008" lon="10.750214"><ele>995</ele></trkpt>
      <trkpt lat="47.444079" lon="10.750118"><ele>995</ele></trkpt>
      <trkpt lat="47.444123" lon="10.750040"><ele>995</ele></trkpt>
      <trkpt lat="47.444169" lon="10.749902"><ele>995</ele></trkpt>
      <trkpt lat="47.444252" lon="10.749429"><ele>994</ele></trkpt>
      <trkpt lat="47.444293" lon="10.749332"><ele>994</ele></trkpt>
      <trkpt lat="47.444679" lon="10.749571"><ele>991</ele></trkpt>
      <trkpt lat="47.444894" lon="10.749688"><ele>990</ele></trkpt>
      <trkpt lat="47.445014" lon="10.749673"><ele>990</ele></trkpt>
      <trkpt lat="47.445094" lon="10.749448"><ele>990</ele></trkpt>
      <trkpt lat="47.445187" lon="10.749336"><ele>989</ele></trkpt>
      <trkpt lat="47.445342" lon="10.749319"><ele>989</ele></trkpt>
      <trkpt lat="47.445432" lon="10.749404"><ele>989</ele></trkpt>
      <trkpt lat="47.445513" lon="10.749544"><ele>989</ele></trkpt>
      <trkpt lat="47.445698" lon="10.750055"><ele>989</ele></trkpt>
      <trkpt lat="47.445976" lon="10.750671"><ele>988</ele></trkpt>
      <trkpt lat="47.446051" lon="10.750840"><ele>988</ele></trkpt>
      <trkpt lat="47.446148" lon="10.750995"><ele>988</ele></trkpt>
      <trkpt lat="47.446243" lon="10.751164"><ele>988</ele></trkpt>
      <trkpt lat="47.446380" lon="10.751363"><ele>988</ele></trkpt>
      <trkpt lat="47.446602" lon="10.751635"><ele>988</ele></trkpt>
      <trkpt lat="47.446805" lon="10.751903"><ele>988</ele></trkpt>
      <trkpt lat="47.446924" lon="10.752101"><ele>987</ele></trkpt>
      <trkpt lat="47.446999" lon="10.752267"><ele>987</ele></trkpt>
      <trkpt lat="47.447138" lon="10.752623"><ele>987</ele></trkpt>
      <trkpt lat="47.447209" lon="10.752784"><ele>987</ele></trkpt>
      <trkpt lat="47.447274" lon="10.752909"><ele>987</ele></trkpt>
      <trkpt lat="47.447457" lon="10.753119"><ele>986</ele></trkpt>
      <trkpt lat="47.447961" lon="10.753502"><ele>986</ele></trkpt>
      <trkpt lat="47.448193" lon="10.753704"><ele>986</ele></trkpt>
      <trkpt lat="47.449151" lon="10.754766"><ele>985</ele></trkpt>
      <trkpt lat="47.449297" lon="10.754900"><ele>986</ele></trkpt>
      <trkpt lat="47.449676" lon="10.755159"><ele>986</ele></trkpt>
      <trkpt lat="47.449889" lon="10.755277"><ele>985</ele></trkpt>
      <trkpt lat="47.450427" lon="10.755454"><ele>984</ele></trkpt>
      <trkpt lat="47.451005" lon="10.755737"><ele>983</ele></trkpt>
      <trkpt lat="47.451266" lon="10.755819"><ele>983</ele></trkpt>
      <trkpt lat="47.451713" lon="10.755914"><ele>982</ele></trkpt>
      <trkpt lat="47.451919" lon="10.755973"><ele>982</ele></trkpt>
      <trkpt lat="47.452063" lon="10.756024"><ele>982</ele></trkpt>
      <trkpt lat="47.452333" lon="10.756170"><ele>982</ele></trkpt>
      <trkpt lat="47.452527" lon="10.756313"><ele>981</ele></trkpt>
      <trkpt lat="47.452847" lon="10.756677"><ele>981</ele></trkpt>
      <trkpt lat="47.453006" lon="10.756823"><ele>980</ele></trkpt>
      <trkpt lat="47.454382" lon="10.757917"><ele>979</ele></trkpt>
      <trkpt lat="47.454650" lon="10.758131"><ele>978</ele></trkpt>
      <trkpt lat="47.454738" lon="10.758254"><ele>978</ele></trkpt>
      <trkpt lat="47.454893" lon="10.758474"><ele>978</ele></trkpt>
      <trkpt lat="47.455365" lon="10.759353"><ele>978</ele></trkpt>
      <trkpt lat="47.455571" lon="10.759550"><ele>977</ele></trkpt>
      <trkpt lat="47.455670" lon="10.759591"><ele>977</ele></trkpt>
      <trkpt lat="47.455829" lon="10.759608"><ele>976</ele></trkpt>
      <trkpt lat="47.455921" lon="10.759608"><ele>976</ele></trkpt>
      <trkpt lat="47.455994" lon="10.759582"><ele>976</ele></trkpt>
      <trkpt lat="47.456160" lon="10.759491"><ele>976</ele></trkpt>
      <trkpt lat="47.456291" lon="10.759446"><ele>976</ele></trkpt>
      <trkpt lat="47.456406" lon="10.759426"><ele>976</ele></trkpt>
      <trkpt lat="47.456467" lon="10.759416"><ele>976</ele></trkpt>
      <trkpt lat="47.456569" lon="10.759397"><ele>976</ele></trkpt>
      <trkpt lat="47.457010" lon="10.759320"><ele>979</ele></trkpt>
      <trkpt lat="47.457273" lon="10.759295"><ele>984</ele></trkpt>
      <trkpt lat="47.458037" lon="10.759468"><ele>1002</ele></trkpt>
      <trkpt lat="47.458193" lon="10.759690"><ele>1007</ele></trkpt>
      <trkpt lat="47.458356" lon="10.759734"><ele>1012</ele></trkpt>
      <trkpt lat="47.458475" lon="10.759803"><ele>1016</ele></trkpt>
      <trkpt lat="47.458633" lon="10.759658"><ele>1022</ele></trkpt>
      <trkpt lat="47.458794" lon="10.759481"><ele>1030</ele></trkpt>
      <trkpt lat="47.458829" lon="10.759429"><ele>1031</ele></trkpt>
      <trkpt lat="47.458859" lon="10.759447"><ele>1032</ele></trkpt>
      <trkpt lat="47.458889" lon="10.759420"><ele>1034</ele></trkpt>
      <trkpt lat="47.458900" lon="10.759273"><ele>1035</ele></trkpt>
      <trkpt lat="47.458955" lon="10.759077"><ele>1039</ele></trkpt>
      <trkpt lat="47.459054" lon="10.759213"><ele>1044</ele></trkpt>
      <trkpt lat="47.459094" lon="10.759126"><ele>1046</ele></trkpt>
      <trkpt lat="47.459069" lon="10.758996"><ele>1047</ele></trkpt>
      <trkpt lat="47.459124" lon="10.758985"><ele>1050</ele></trkpt>
      <trkpt lat="47.459274" lon="10.759159"><ele>1055</ele></trkpt>
      <trkpt lat="47.459399" lon="10.758942"><ele>1065</ele></trkpt>
      <trkpt lat="47.459300" lon="10.758567"><ele>1068</ele></trkpt>
      <trkpt lat="47.459326" lon="10.758388"><ele>1075</ele></trkpt>
      <trkpt lat="47.459282" lon="10.758170"><ele>1081</ele></trkpt>
      <trkpt lat="47.459293" lon="10.757937"><ele>1088</ele></trkpt>
      <trkpt lat="47.459329" lon="10.757785"><ele>1093</ele></trkpt>
      <trkpt lat="47.459403" lon="10.757806"><ele>1096</ele></trkpt>
      <trkpt lat="47.459520" lon="10.757719"><ele>1104</ele></trkpt>
      <trkpt lat="47.459561" lon="10.757600"><ele>1107</ele></trkpt>
      <trkpt lat="47.459531" lon="10.757556"><ele>1106</ele></trkpt>
      <trkpt lat="47.459501" lon="10.757360"><ele>1106</ele></trkpt>
      <trkpt lat="47.459462" lon="10.755664"><ele>1115</ele></trkpt>
      <trkpt lat="47.459431" lon="10.755390"><ele>1115</ele></trkpt>
      <trkpt lat="47.459397" lon="10.755261"><ele>1115</ele></trkpt>
      <trkpt lat="47.459360" lon="10.755154"><ele>1116</ele></trkpt>
      <trkpt lat="47.459312" lon="10.755083"><ele>1116</ele></trkpt>
      <trkpt lat="47.459245" lon="10.755063"><ele>1116</ele></trkpt>
      <trkpt lat="47.459100" lon="10.755108"><ele>1114</ele></trkpt>
      <trkpt lat="47.458936" lon="10.755103"><ele>1113</ele></trkpt>
      <trkpt lat="47.458806" lon="10.755056"><ele>1114</ele></trkpt>
      <trkpt lat="47.458686" lon="10.754977"><ele>1115</ele></trkpt>
      <trkpt lat="47.458628" lon="10.754904"><ele>1114</ele></trkpt>
      <trkpt lat="47.458686" lon="10.754977"><ele>1115</ele></trkpt>
      <trkpt lat="47.458806" lon="10.755056"><ele>1114</ele></trkpt>
      <trkpt lat="47.458936" lon="10.755103"><ele>1113</ele></trkpt>
      <trkpt lat="47.459100" lon="10.755108"><ele>1114</ele></trkpt>
      <trkpt lat="47.459245" lon="10.755063"><ele>1116</ele></trkpt>
      <trkpt lat="47.459312" lon="10.755083"><ele>1116</ele></trkpt>
      <trkpt lat="47.459360" lon="10.755154"><ele>1116</ele></trkpt>
      <trkpt lat="47.459397" lon="10.755261"><ele>1115</ele></trkpt>
      <trkpt lat="47.459431" lon="10.755390"><ele>1115</ele></trkpt>
      <trkpt lat="47.459462" lon="10.755664"><ele>1115</ele></trkpt>
      <trkpt lat="47.459501" lon="10.757360"><ele>1106</ele></trkpt>
      <trkpt lat="47.459531" lon="10.757556"><ele>1106</ele></trkpt>
      <trkpt lat="47.459561" lon="10.757600"><ele>1107</ele></trkpt>
      <trkpt lat="47.459520" lon="10.757719"><ele>1104</ele></trkpt>
      <trkpt lat="47.459403" lon="10.757806"><ele>1096</ele></trkpt>
      <trkpt lat="47.459329" lon="10.757785"><ele>1093</ele></trkpt>
      <trkpt lat="47.459293" lon="10.757937"><ele>1088</ele></trkpt>
      <trkpt lat="47.459282" lon="10.758170"><ele>1081</ele></trkpt>
      <trkpt lat="47.459326" lon="10.758388"><ele>1075</ele></trkpt>
      <trkpt lat="47.459300" lon="10.758567"><ele>1068</ele></trkpt>
      <trkpt lat="47.459399" lon="10.758942"><ele>1065</ele></trkpt>
      <trkpt lat="47.459274" lon="10.759159"><ele>1055</ele></trkpt>
      <trkpt lat="47.459124" lon="10.758985"><ele>1050</ele></trkpt>
      <trkpt lat="47.459069" lon="10.758996"><ele>1047</ele></trkpt>
      <trkpt lat="47.459094" lon="10.759126"><ele>1046</ele></trkpt>
      <trkpt lat="47.459054" lon="10.759213"><ele>1044</ele></trkpt>
      <trkpt lat="47.458955" lon="10.759077"><ele>1039</ele></trkpt>
      <trkpt lat="47.458900" lon="10.759273"><ele>1035</ele></trkpt>
      <trkpt lat="47.458889" lon="10.759420"><ele>1034</ele></trkpt>
      <trkpt lat="47.458859" lon="10.759447"><ele>1032</ele></trkpt>
      <trkpt lat="47.458829" lon="10.759429"><ele>1031</ele></trkpt>
      <trkpt lat="47.458794" lon="10.759481"><ele>1030</ele></trkpt>
      <trkpt lat="47.458633" lon="10.759658"><ele>1022</ele></trkpt>
      <trkpt lat="47.458475" lon="10.759803"><ele>1016</ele></trkpt>
      <trkpt lat="47.458356" lon="10.759734"><ele>1012</ele></trkpt>
      <trkpt lat="47.458193" lon="10.759690"><ele>1007</ele></trkpt>
      <trkpt lat="47.458037" lon="10.759468"><ele>1002</ele></trkpt>
      <trkpt lat="47.457273" lon="10.759295"><ele>984</ele></trkpt>
      <trkpt lat="47.457010" lon="10.759320"><ele>979</ele></trkpt>
      <trkpt lat="47.456569" lon="10.759397"><ele>976</ele></trkpt>
      <trkpt lat="47.456467" lon="10.759416"><ele>976</ele></trkpt>
      <trkpt lat="47.456406" lon="10.759426"><ele>976</ele></trkpt>
      <trkpt lat="47.456291" lon="10.759446"><ele>976</ele></trkpt>
      <trkpt lat="47.456160" lon="10.759491"><ele>976</ele></trkpt>
      <trkpt lat="47.455994" lon="10.759582"><ele>976</ele></trkpt>
      <trkpt lat="47.455921" lon="10.759608"><ele>976</ele></trkpt>
      <trkpt lat="47.455829" lon="10.759608"><ele>976</ele></trkpt>
      <trkpt lat="47.455670" lon="10.759591"><ele>977</ele></trkpt>
      <trkpt lat="47.455571" lon="10.759550"><ele>977</ele></trkpt>
      <trkpt lat="47.455365" lon="10.759353"><ele>978</ele></trkpt>
      <trkpt lat="47.454893" lon="10.758474"><ele>978</ele></trkpt>
      <trkpt lat="47.454738" lon="10.758254"><ele>978</ele></trkpt>
      <trkpt lat="47.454650" lon="10.758131"><ele>978</ele></trkpt>
      <trkpt lat="47.454382" lon="10.757917"><ele>979</ele></trkpt>
      <trkpt lat="47.453006" lon="10.756823"><ele>980</ele></trkpt>
      <trkpt lat="47.452847" lon="10.756677"><ele>981</ele></trkpt>
      <trkpt lat="47.452527" lon="10.756313"><ele>981</ele></trkpt>
      <trkpt lat="47.452333" lon="10.756170"><ele>982</ele></trkpt>
      <trkpt lat="47.452063" lon="10.756024"><ele>982</ele></trkpt>
      <trkpt lat="47.451919" lon="10.755973"><ele>982</ele></trkpt>
      <trkpt lat="47.451713" lon="10.755914"><ele>982</ele></trkpt>
      <trkpt lat="47.451266" lon="10.755819"><ele>983</ele></trkpt>
      <trkpt lat="47.451005" lon="10.755737"><ele>983</ele></trkpt>
      <trkpt lat="47.450427" lon="10.755454"><ele>984</ele></trkpt>
      <trkpt lat="47.449889" lon="10.755277"><ele>985</ele></trkpt>
      <trkpt lat="47.449244" lon="10.754362"><ele>984</ele></trkpt>
      <trkpt lat="47.448927" lon="10.753844"><ele>984</ele></trkpt>
      <trkpt lat="47.448603" lon="10.753224"><ele>984</ele></trkpt>
      <trkpt lat="47.448468" lon="10.752943"><ele>984</ele></trkpt>
      <trkpt lat="47.448295" lon="10.752490"><ele>985</ele></trkpt>
      <trkpt lat="47.448150" lon="10.752066"><ele>985</ele></trkpt>
      <trkpt lat="47.447835" lon="10.751060"><ele>985</ele></trkpt>
      <trkpt lat="47.447762" lon="10.750768"><ele>985</ele></trkpt>
      <trkpt lat="47.447692" lon="10.750532"><ele>985</ele></trkpt>
      <trkpt lat="47.447633" lon="10.750288"><ele>985</ele></trkpt>
      <trkpt lat="47.447610" lon="10.750073"><ele>985</ele></trkpt>
      <trkpt lat="47.447572" lon="10.749595"><ele>986</ele></trkpt>
      <trkpt lat="47.447545" lon="10.749076"><ele>985</ele></trkpt>
      <trkpt lat="47.447538" lon="10.749025"><ele>985</ele></trkpt>
      <trkpt lat="47.447494" lon="10.748725"><ele>985</ele></trkpt>
      <trkpt lat="47.447362" lon="10.747928"><ele>984</ele></trkpt>
      <trkpt lat="47.447363" lon="10.747725"><ele>984</ele></trkpt>
      <trkpt lat="47.447365" lon="10.747596"><ele>984</ele></trkpt>
      <trkpt lat="47.447354" lon="10.747446"><ele>984</ele></trkpt>
      <trkpt lat="47.447313" lon="10.747341"><ele>984</ele></trkpt>
      <trkpt lat="47.447253" lon="10.747234"><ele>984</ele></trkpt>
      <trkpt lat="47.447004" lon="10.746977"><ele>985</ele></trkpt>
      <trkpt lat="47.447294" lon="10.746176"><ele>984</ele></trkpt>
      <trkpt lat="47.447376" lon="10.745947"><ele>984</ele></trkpt>
      <trkpt lat="47.447423" lon="10.745646"><ele>984</ele></trkpt>
      <trkpt lat="47.447430" lon="10.745274"><ele>984</ele></trkpt>
      <trkpt lat="47.447428" lon="10.745122"><ele>984</ele></trkpt>
      <trkpt lat="47.447452" lon="10.744864"><ele>984</ele></trkpt>
      <trkpt lat="47.447501" lon="10.744537"><ele>984</ele></trkpt>
      <trkpt lat="47.447541" lon="10.744412"><ele>984</ele></trkpt>
      <trkpt lat="47.447523" lon="10.744102"><ele>985</ele></trkpt>
      <trkpt lat="47.447578" lon="10.743938"><ele>986</ele></trkpt>
      <trkpt lat="47.447482" lon="10.743847"><ele>986</ele></trkpt>
      <trkpt lat="47.447516" lon="10.743737"><ele>986</ele></trkpt>
      <trkpt lat="47.447693" lon="10.743500"><ele>986</ele></trkpt>
      <trkpt lat="47.447862" lon="10.743174"><ele>987</ele></trkpt>
      <trkpt lat="47.447954" lon="10.743043"><ele>987</ele></trkpt>
      <trkpt lat="47.447986" lon="10.742989"><ele>987</ele></trkpt>
      <trkpt lat="47.448163" lon="10.742587"><ele>989</ele></trkpt>
      <trkpt lat="47.448246" lon="10.742411"><ele>990</ele></trkpt>
      <trkpt lat="47.448309" lon="10.742236"><ele>990</ele></trkpt>
      <trkpt lat="47.448382" lon="10.741997"><ele>991</ele></trkpt>
      <trkpt lat="47.448421" lon="10.741811"><ele>991</ele></trkpt>
      <trkpt lat="47.448454" lon="10.741603"><ele>992</ele></trkpt>
      <trkpt lat="47.448482" lon="10.741194"><ele>994</ele></trkpt>
      <trkpt lat="47.448496" lon="10.740965"><ele>994</ele></trkpt>
      <trkpt lat="47.448518" lon="10.740592"><ele>995</ele></trkpt>
      <trkpt lat="47.448558" lon="10.740071"><ele>997</ele></trkpt>
      <trkpt lat="47.448599" lon="10.739756"><ele>999</ele></trkpt>
      <trkpt lat="47.448708" lon="10.739207"><ele>1001</ele></trkpt>
      <trkpt lat="47.448793" lon="10.738892"><ele>1003</ele></trkpt>
      <trkpt lat="47.448795" lon="10.738651"><ele>1004</ele></trkpt>
      <trkpt lat="47.448866" lon="10.738474"><ele>1004</ele></trkpt>
      <trkpt lat="47.449038" lon="10.737882"><ele>1007</ele></trkpt>
      <trkpt lat="47.449803" lon="10.735211"><ele>1019</ele></trkpt>
      <trkpt lat="47.449938" lon="10.734809"><ele>1022</ele></trkpt>
      <trkpt lat="47.450008" lon="10.734583"><ele>1023</ele></trkpt>
      <trkpt lat="47.450037" lon="10.734460"><ele>1024</ele></trkpt>
      <trkpt lat="47.450101" lon="10.734298"><ele>1024</ele></trkpt>
      <trkpt lat="47.450157" lon="10.734202"><ele>1025</ele></trkpt>
      <trkpt lat="47.450320" lon="10.734018"><ele>1025</ele></trkpt>
      <trkpt lat="47.450595" lon="10.733558"><ele>1028</ele></trkpt>
      <trkpt lat="47.450625" lon="10.733482"><ele>1028</ele></trkpt>
      <trkpt lat="47.450647" lon="10.733380"><ele>1028</ele></trkpt>
      <trkpt lat="47.450665" lon="10.733223"><ele>1029</ele></trkpt>
      <trkpt lat="47.450665" lon="10.733162"><ele>1030</ele></trkpt>
      <trkpt lat="47.450662" lon="10.733087"><ele>1030</ele></trkpt>
      <trkpt lat="47.450696" lon="10.733024"><ele>1031</ele></trkpt>
      <trkpt lat="47.450686" lon="10.732926"><ele>1032</ele></trkpt>
      <trkpt lat="47.450657" lon="10.732709"><ele>1033</ele></trkpt>
      <trkpt lat="47.450640" lon="10.732598"><ele>1033</ele></trkpt>
      <trkpt lat="47.450631" lon="10.732541"><ele>1034</ele></trkpt>
      <trkpt lat="47.450565" lon="10.731747"><ele>1038</ele></trkpt>
      <trkpt lat="47.450451" lon="10.731488"><ele>1042</ele></trkpt>
      <trkpt lat="47.450161" lon="10.731141"><ele>1044</ele></trkpt>
      <trkpt lat="47.449886" lon="10.730849"><ele>1045</ele></trkpt>
      <trkpt lat="47.449887" lon="10.730765"><ele>1046</ele></trkpt>
      <trkpt lat="47.449929" lon="10.730710"><ele>1046</ele></trkpt>
      <trkpt lat="47.450011" lon="10.730729"><ele>1046</ele></trkpt>
      <trkpt lat="47.450176" lon="10.730847"><ele>1046</ele></trkpt>
      <trkpt lat="47.450527" lon="10.731252"><ele>1045</ele></trkpt>
      <trkpt lat="47.450688" lon="10.731345"><ele>1045</ele></trkpt>
      <trkpt lat="47.450921" lon="10.731338"><ele>1046</ele></trkpt>
      <trkpt lat="47.450985" lon="10.731319"><ele>1046</ele></trkpt>
      <trkpt lat="47.451184" lon="10.731410"><ele>1046</ele></trkpt>
      <trkpt lat="47.451271" lon="10.731418"><ele>1045</ele></trkpt>
      <trkpt lat="47.451597" lon="10.731252"><ele>1045</ele></trkpt>
      <trkpt lat="47.451929" lon="10.731020"><ele>1046</ele></trkpt>
      <trkpt lat="47.452801" lon="10.730364"><ele>1047</ele></trkpt>
      <trkpt lat="47.453012" lon="10.730138"><ele>1048</ele></trkpt>
      <trkpt lat="47.453115" lon="10.729990"><ele>1048</ele></trkpt>
      <trkpt lat="47.453198" lon="10.729836"><ele>1048</ele></trkpt>
      <trkpt lat="47.453347" lon="10.729476"><ele>1046</ele></trkpt>
      <trkpt lat="47.453464" lon="10.729120"><ele>1044</ele></trkpt>
      <trkpt lat="47.453728" lon="10.728469"><ele>1037</ele></trkpt>
      <trkpt lat="47.453878" lon="10.727897"><ele>1032</ele></trkpt>
      <trkpt lat="47.454045" lon="10.727475"><ele>1028</ele></trkpt>
      <trkpt lat="47.454926" lon="10.724965"><ele>1017</ele></trkpt>
      <trkpt lat="47.455108" lon="10.724786"><ele>1014</ele></trkpt>
      <trkpt lat="47.455558" lon="10.723605"><ele>1009</ele></trkpt>
      <trkpt lat="47.455602" lon="10.723097"><ele>1009</ele></trkpt>
      <trkpt lat="47.455579" lon="10.722697"><ele>1009</ele></trkpt>
      <trkpt lat="47.455663" lon="10.722273"><ele>1008</ele></trkpt>
      <trkpt lat="47.455707" lon="10.721406"><ele>1008</ele></trkpt>
      <trkpt lat="47.456035" lon="10.720831"><ele>1010</ele></trkpt>
      <trkpt lat="47.456812" lon="10.720366"><ele>1005</ele></trkpt>
      <trkpt lat="47.456927" lon="10.720073"><ele>1003</ele></trkpt>
      <trkpt lat="47.457096" lon="10.719607"><ele>1002</ele></trkpt>
      <trkpt lat="47.457175" lon="10.719476"><ele>1002</ele></trkpt>
      <trkpt lat="47.457558" lon="10.719640"><ele>1002</ele></trkpt>
      <trkpt lat="47.458036" lon="10.719939"><ele>1002</ele></trkpt>
      <trkpt lat="47.458133" lon="10.720025"><ele>1002</ele></trkpt>
      <trkpt lat="47.458328" lon="10.720089"><ele>1002</ele></trkpt>
      <trkpt lat="47.458471" lon="10.720169"><ele>1003</ele></trkpt>
      <trkpt lat="47.458720" lon="10.720351"><ele>1004</ele></trkpt>
      <trkpt lat="47.458915" lon="10.720425"><ele>1008</ele></trkpt>
      <trkpt lat="47.459131" lon="10.720492"><ele>1006</ele></trkpt>
      <trkpt lat="47.459271" lon="10.720503"><ele>1004</ele></trkpt>
      <trkpt lat="47.459295" lon="10.720443"><ele>1004</ele></trkpt>
      <trkpt lat="47.459301" lon="10.720301"><ele>1004</ele></trkpt>
      <trkpt lat="47.459215" lon="10.719531"><ele>1002</ele></trkpt>
      <trkpt lat="47.459206" lon="10.719303"><ele>1000</ele></trkpt>
      <trkpt lat="47.459195" lon="10.719073"><ele>995</ele></trkpt>
      <trkpt lat="47.459220" lon="10.718795"><ele>990</ele></trkpt>
      <trkpt lat="47.459175" lon="10.718737"><ele>988</ele></trkpt>
      <trkpt lat="47.459148" lon="10.718687"><ele>988</ele></trkpt>
      <trkpt lat="47.459128" lon="10.718628"><ele>988</ele></trkpt>
      <trkpt lat="47.459114" lon="10.718562"><ele>988</ele></trkpt>
      <trkpt lat="47.459112" lon="10.718498"><ele>987</ele></trkpt>
      <trkpt lat="47.459117" lon="10.718422"><ele>986</ele></trkpt>
      <trkpt lat="47.459161" lon="10.718214"><ele>982</ele></trkpt>
      <trkpt lat="47.459187" lon="10.717997"><ele>981</ele></trkpt>
      <trkpt lat="47.459193" lon="10.717852"><ele>979</ele></trkpt>
      <trkpt lat="47.459223" lon="10.717552"><ele>979</ele></trkpt>
      <trkpt lat="47.459226" lon="10.717466"><ele>978</ele></trkpt>
      <trkpt lat="47.459220" lon="10.717320"><ele>977</ele></trkpt>
      <trkpt lat="47.459164" lon="10.717014"><ele>969</ele></trkpt>
      <trkpt lat="47.459161" lon="10.716895"><ele>968</ele></trkpt>
      <trkpt lat="47.459178" lon="10.716603"><ele>964</ele></trkpt>
      <trkpt lat="47.459188" lon="10.716217"><ele>960</ele></trkpt>
      <trkpt lat="47.459227" lon="10.716045"><ele>958</ele></trkpt>
      <trkpt lat="47.459266" lon="10.715934"><ele>957</ele></trkpt>
      <trkpt lat="47.459329" lon="10.715835"><ele>956</ele></trkpt>
      <trkpt lat="47.459396" lon="10.715777"><ele>954</ele></trkpt>
      <trkpt lat="47.459475" lon="10.715765"><ele>953</ele></trkpt>
      <trkpt lat="47.459548" lon="10.715765"><ele>952</ele></trkpt>
      <trkpt lat="47.459738" lon="10.715778"><ele>950</ele></trkpt>
      <trkpt lat="47.459934" lon="10.715767"><ele>949</ele></trkpt>
      <trkpt lat="47.460022" lon="10.715764"><ele>948</ele></trkpt>
      <trkpt lat="47.460117" lon="10.715736"><ele>948</ele></trkpt>
      <trkpt lat="47.460903" lon="10.715350"><ele>947</ele></trkpt>
      <trkpt lat="47.461095" lon="10.715302"><ele>947</ele></trkpt>
      <trkpt lat="47.461144" lon="10.715297"><ele>947</ele></trkpt>
      <trkpt lat="47.461250" lon="10.715294"><ele>948</ele></trkpt>
      <trkpt lat="47.461366" lon="10.715313"><ele>948</ele></trkpt>
      <trkpt lat="47.461464" lon="10.715362"><ele>949</ele></trkpt>
      <trkpt lat="47.461725" lon="10.715583"><ele>950</ele></trkpt>
      <trkpt lat="47.461751" lon="10.715618"><ele>950</ele></trkpt>
      <trkpt lat="47.462385" lon="10.716448"><ele>949</ele></trkpt>
      <trkpt lat="47.462703" lon="10.716906"><ele>949</ele></trkpt>
      <trkpt lat="47.462907" lon="10.717177"><ele>948</ele></trkpt>
      <trkpt lat="47.463299" lon="10.717579"><ele>945</ele></trkpt>
      <trkpt lat="47.463636" lon="10.717984"><ele>946</ele></trkpt>
      <trkpt lat="47.463679" lon="10.718040"><ele>946</ele></trkpt>
      <trkpt lat="47.463801" lon="10.718201"><ele>946</ele></trkpt>
      <trkpt lat="47.463839" lon="10.718250"><ele>946</ele></trkpt>
      <trkpt lat="47.463914" lon="10.718400"><ele>946</ele></trkpt>
      <trkpt lat="47.463983" lon="10.718536"><ele>946</ele></trkpt>
      <trkpt lat="47.464006" lon="10.718582"><ele>946</ele></trkpt>
      <trkpt lat="47.464041" lon="10.718654"><ele>946</ele></trkpt>
      <trkpt lat="47.464120" lon="10.718820"><ele>945</ele></trkpt>
      <trkpt lat="47.464155" lon="10.718893"><ele>945</ele></trkpt>
      <trkpt lat="47.464171" lon="10.718930"><ele>945</ele></trkpt>
      <trkpt lat="47.464193" lon="10.718974"><ele>945</ele></trkpt>
      <trkpt lat="47.464254" lon="10.719099"><ele>945</ele></trkpt>
      <trkpt lat="47.464366" lon="10.719335"><ele>944</ele></trkpt>
      <trkpt lat="47.464396" lon="10.719383"><ele>944</ele></trkpt>
      <trkpt lat="47.464437" lon="10.719450"><ele>943</ele></trkpt>
      <trkpt lat="47.464480" lon="10.719521"><ele>944</ele></trkpt>
      <trkpt lat="47.464529" lon="10.719601"><ele>944</ele></trkpt>
      <trkpt lat="47.464571" lon="10.719670"><ele>944</ele></trkpt>
      <trkpt lat="47.464664" lon="10.719822"><ele>944</ele></trkpt>
      <trkpt lat="47.464786" lon="10.720021"><ele>944</ele></trkpt>
      <trkpt lat="47.464771" lon="10.720049"><ele>943</ele></trkpt>
      <trkpt lat="47.464763" lon="10.720083"><ele>943</ele></trkpt>
      <trkpt lat="47.464764" lon="10.720118"><ele>943</ele></trkpt>
      <trkpt lat="47.464773" lon="10.720151"><ele>943</ele></trkpt>
      <trkpt lat="47.464789" lon="10.720178"><ele>943</ele></trkpt>
      <trkpt lat="47.464810" lon="10.720195"><ele>943</ele></trkpt>
      <trkpt lat="47.464833" lon="10.720201"><ele>943</ele></trkpt>
      <trkpt lat="47.464857" lon="10.720195"><ele>943</ele></trkpt>
      <trkpt lat="47.464878" lon="10.720177"><ele>943</ele></trkpt>
      <trkpt lat="47.465028" lon="10.720397"><ele>943</ele></trkpt>
      <trkpt lat="47.465438" lon="10.721014"><ele>942</ele></trkpt>
      <trkpt lat="47.465886" lon="10.721751"><ele>942</ele></trkpt>
      <trkpt lat="47.465941" lon="10.721720"><ele>943</ele></trkpt>
      <trkpt lat="47.465979" lon="10.721736"><ele>943</ele></trkpt>
      <trkpt lat="47.466115" lon="10.721893"><ele>940</ele></trkpt>
      <trkpt lat="47.466161" lon="10.721934"><ele>940</ele></trkpt>
      <trkpt lat="47.466327" lon="10.722034"><ele>938</ele></trkpt>
      <trkpt lat="47.466519" lon="10.722114"><ele>938</ele></trkpt>
      <trkpt lat="47.466591" lon="10.722165"><ele>936</ele></trkpt>
      <trkpt lat="47.467135" lon="10.722495"><ele>931</ele></trkpt>
      <trkpt lat="47.467326" lon="10.722587"><ele>930</ele></trkpt>
      <trkpt lat="47.467542" lon="10.722660"><ele>928</ele></trkpt>
      <trkpt lat="47.467750" lon="10.722702"><ele>927</ele></trkpt>
      <trkpt lat="47.468007" lon="10.722717"><ele>927</ele></trkpt>
      <trkpt lat="47.468431" lon="10.722860"><ele>926</ele></trkpt>
      <trkpt lat="47.468712" lon="10.723139"><ele>924</ele></trkpt>
      <trkpt lat="47.470269" lon="10.724070"><ele>907</ele></trkpt>
      <trkpt lat="47.470845" lon="10.724315"><ele>900</ele></trkpt>
      <trkpt lat="47.470919" lon="10.724308"><ele>900</ele></trkpt>
      <trkpt lat="47.471151" lon="10.724145"><ele>895</ele></trkpt>
      <trkpt lat="47.471228" lon="10.724085"><ele>894</ele></trkpt>
      <trkpt lat="47.471437" lon="10.723933"><ele>889</ele></trkpt>
      <trkpt lat="47.471558" lon="10.723811"><ele>886</ele></trkpt>
      <trkpt lat="47.471719" lon="10.723633"><ele>882</ele></trkpt>
      <trkpt lat="47.471950" lon="10.723308"><ele>876</ele></trkpt>
      <trkpt lat="47.472013" lon="10.723137"><ele>873</ele></trkpt>
      <trkpt lat="47.472033" lon="10.722929"><ele>872</ele></trkpt>
      <trkpt lat="47.472076" lon="10.722688"><ele>870</ele></trkpt>
      <trkpt lat="47.472091" lon="10.722415"><ele>866</ele></trkpt>
      <trkpt lat="47.472095" lon="10.722086"><ele>864</ele></trkpt>
      <trkpt lat="47.472121" lon="10.721601"><ele>862</ele></trkpt>
      <trkpt lat="47.472145" lon="10.721488"><ele>861</ele></trkpt>
      <trkpt lat="47.472188" lon="10.721386"><ele>860</ele></trkpt>
      <trkpt lat="47.472232" lon="10.721310"><ele>858</ele></trkpt>
      <trkpt lat="47.472291" lon="10.721231"><ele>858</ele></trkpt>
      <trkpt lat="47.472364" lon="10.721159"><ele>857</ele></trkpt>
      <trkpt lat="47.472454" lon="10.721089"><ele>857</ele></trkpt>
      <trkpt lat="47.472530" lon="10.721051"><ele>856</ele></trkpt>
      <trkpt lat="47.472633" lon="10.721021"><ele>856</ele></trkpt>
      <trkpt lat="47.472773" lon="10.720998"><ele>856</ele></trkpt>
      <trkpt lat="47.472928" lon="10.720992"><ele>856</ele></trkpt>
      <trkpt lat="47.473063" lon="10.721003"><ele>856</ele></trkpt>
      <trkpt lat="47.473199" lon="10.721047"><ele>857</ele></trkpt>
      <trkpt lat="47.473298" lon="10.721126"><ele>857</ele></trkpt>
      <trkpt lat="47.473371" lon="10.721129"><ele>858</ele></trkpt>
      <trkpt lat="47.473440" lon="10.721229"><ele>858</ele></trkpt>
      <trkpt lat="47.473502" lon="10.721345"><ele>858</ele></trkpt>
      <trkpt lat="47.473786" lon="10.722080"><ele>859</ele></trkpt>
      <trkpt lat="47.473988" lon="10.722162"><ele>860</ele></trkpt>
      <trkpt lat="47.474679" lon="10.722906"><ele>863</ele></trkpt>
      <trkpt lat="47.475064" lon="10.723246"><ele>861</ele></trkpt>
      <trkpt lat="47.475412" lon="10.723419"><ele>860</ele></trkpt>
      <trkpt lat="47.475884" lon="10.723433"><ele>860</ele></trkpt>
      <trkpt lat="47.476605" lon="10.723274"><ele>858</ele></trkpt>
      <trkpt lat="47.476722" lon="10.723253"><ele>857</ele></trkpt>
      <trkpt lat="47.476839" lon="10.723222"><ele>856</ele></trkpt>
      <trkpt lat="47.476926" lon="10.723221"><ele>854</ele></trkpt>
      <trkpt lat="47.476980" lon="10.723207"><ele>854</ele></trkpt>
      <trkpt lat="47.477163" lon="10.723108"><ele>854</ele></trkpt>
      <trkpt lat="47.477335" lon="10.722981"><ele>854</ele></trkpt>
      <trkpt lat="47.478174" lon="10.722210"><ele>853</ele></trkpt>
      <trkpt lat="47.478918" lon="10.721529"><ele>853</ele></trkpt>
      <trkpt lat="47.478946" lon="10.721584"><ele>853</ele></trkpt>
      <trkpt lat="47.479319" lon="10.721294"><ele>853</ele></trkpt>
      <trkpt lat="47.479560" lon="10.721123"><ele>853</ele></trkpt>
      <trkpt lat="47.479711" lon="10.721035"><ele>853</ele></trkpt>
      <trkpt lat="47.479819" lon="10.720984"><ele>853</ele></trkpt>
      <trkpt lat="47.480191" lon="10.720853"><ele>852</ele></trkpt>
      <trkpt lat="47.480205" lon="10.720848"><ele>852</ele></trkpt>
      <trkpt lat="47.480408" lon="10.720778"><ele>852</ele></trkpt>
      <trkpt lat="47.480427" lon="10.720772"><ele>852</ele></trkpt>
      <trkpt lat="47.480588" lon="10.720725"><ele>852</ele></trkpt>
      <trkpt lat="47.480831" lon="10.720672"><ele>852</ele></trkpt>
      <trkpt lat="47.480918" lon="10.720656"><ele>852</ele></trkpt>
      <trkpt lat="47.481176" lon="10.720606"><ele>853</ele></trkpt>
      <trkpt lat="47.481458" lon="10.720554"><ele>853</ele></trkpt>
      <trkpt lat="47.481735" lon="10.720532"><ele>853</ele></trkpt>
      <trkpt lat="47.481773" lon="10.720532"><ele>853</ele></trkpt>
      <trkpt lat="47.481931" lon="10.720529"><ele>853</ele></trkpt>
      <trkpt lat="47.481960" lon="10.720529"><ele>853</ele></trkpt>
      <trkpt lat="47.482205" lon="10.720541"><ele>853</ele></trkpt>
      <trkpt lat="47.482440" lon="10.720578"><ele>853</ele></trkpt>
      <trkpt lat="47.482490" lon="10.720588"><ele>853</ele></trkpt>
      <trkpt lat="47.482579" lon="10.720610"><ele>853</ele></trkpt>
      <trkpt lat="47.482635" lon="10.720623"><ele>853</ele></trkpt>
      <trkpt lat="47.482931" lon="10.720718"><ele>852</ele></trkpt>
      <trkpt lat="47.483138" lon="10.720794"><ele>852</ele></trkpt>
      <trkpt lat="47.483281" lon="10.720850"><ele>852</ele></trkpt>
      <trkpt lat="47.483563" lon="10.720975"><ele>852</ele></trkpt>
      <trkpt lat="47.483672" lon="10.721023"><ele>852</ele></trkpt>
      <trkpt lat="47.483934" lon="10.721144"><ele>852</ele></trkpt>
      <trkpt lat="47.484026" lon="10.721206"><ele>852</ele></trkpt>
      <trkpt lat="47.484076" lon="10.721265"><ele>852</ele></trkpt>
      <trkpt lat="47.484115" lon="10.721313"><ele>852</ele></trkpt>
      <trkpt lat="47.484210" lon="10.721178"><ele>852</ele></trkpt>
      <trkpt lat="47.484318" lon="10.721060"><ele>852</ele></trkpt>
      <trkpt lat="47.484440" lon="10.720954"><ele>852</ele></trkpt>
      <trkpt lat="47.484604" lon="10.720840"><ele>852</ele></trkpt>
      <trkpt lat="47.484713" lon="10.720778"><ele>852</ele></trkpt>
      <trkpt lat="47.484761" lon="10.720758"><ele>852</ele></trkpt>
      <trkpt lat="47.484809" lon="10.720754"><ele>852</ele></trkpt>
      <trkpt lat="47.484884" lon="10.720761"><ele>852</ele></trkpt>
      <trkpt lat="47.484957" lon="10.720769"><ele>853</ele></trkpt>
      <trkpt lat="47.485212" lon="10.720856"><ele>853</ele></trkpt>
      <trkpt lat="47.485268" lon="10.720864"><ele>853</ele></trkpt>
      <trkpt lat="47.485327" lon="10.720855"><ele>853</ele></trkpt>
      <trkpt lat="47.485421" lon="10.720797"><ele>853</ele></trkpt>
      <trkpt lat="47.485741" lon="10.720434"><ele>853</ele></trkpt>
      <trkpt lat="47.486020" lon="10.720100"><ele>853</ele></trkpt>
      <trkpt lat="47.486254" lon="10.719883"><ele>853</ele></trkpt>
      <trkpt lat="47.486427" lon="10.719757"><ele>853</ele></trkpt>
      <trkpt lat="47.486379" lon="10.719598"><ele>853</ele></trkpt>
      <trkpt lat="47.486247" lon="10.719180"><ele>853</ele></trkpt>
      <trkpt lat="47.486106" lon="10.718751"><ele>853</ele></trkpt>
      <trkpt lat="47.486099" lon="10.718737"><ele>853</ele></trkpt>
      <trkpt lat="47.486048" lon="10.718587"><ele>853</ele></trkpt>
      <trkpt lat="47.486045" lon="10.718577"><ele>853</ele></trkpt>
      <trkpt lat="47.485987" lon="10.718414"><ele>853</ele></trkpt>
      <trkpt lat="47.485900" lon="10.718163"><ele>853</ele></trkpt>
      <trkpt lat="47.486014" lon="10.718085"><ele>853</ele></trkpt>
      <trkpt lat="47.486024" lon="10.718077"><ele>853</ele></trkpt>
      <trkpt lat="47.486024" lon="10.718077"><ele>853</ele></trkpt>
      <trkpt lat="47.486414" lon="10.717813"><ele>853</ele></trkpt>
      <trkpt lat="47.486522" lon="10.717739"><ele>853</ele></trkpt>
      <trkpt lat="47.486629" lon="10.717716"><ele>853</ele></trkpt>
      <trkpt lat="47.486685" lon="10.717729"><ele>853</ele></trkpt>
      <trkpt lat="47.486771" lon="10.717784"><ele>853</ele></trkpt>
      <trkpt lat="47.486808" lon="10.717793"><ele>853</ele></trkpt>
      <trkpt lat="47.486874" lon="10.717756"><ele>853</ele></trkpt>
      <trkpt lat="47.487036" lon="10.717625"><ele>852</ele></trkpt>
      <trkpt lat="47.487018" lon="10.717467"><ele>852</ele></trkpt>
      <trkpt lat="47.486984" lon="10.717228"><ele>852</ele></trkpt>
      <trkpt lat="47.486995" lon="10.717224"><ele>852</ele></trkpt>
      <trkpt lat="47.487115" lon="10.717179"><ele>851</ele></trkpt>
      <trkpt lat="47.487196" lon="10.716784"><ele>851</ele></trkpt>
      <trkpt lat="47.487202" lon="10.716646"><ele>851</ele></trkpt>
      <trkpt lat="47.487250" lon="10.716249"><ele>852</ele></trkpt>
      <trkpt lat="47.487388" lon="10.715895"><ele>853</ele></trkpt>
      <trkpt lat="47.487548" lon="10.715356"><ele>854</ele></trkpt>
      <trkpt lat="47.487621" lon="10.715066"><ele>854</ele></trkpt>
      <trkpt lat="47.487769" lon="10.714368"><ele>854</ele></trkpt>
      <trkpt lat="47.487848" lon="10.714127"><ele>853</ele></trkpt>
      <trkpt lat="47.487895" lon="10.714078"><ele>853</ele></trkpt>
      <trkpt lat="47.488221" lon="10.713977"><ele>854</ele></trkpt>
      <trkpt lat="47.488192" lon="10.713472"><ele>854</ele></trkpt>
      <trkpt lat="47.488164" lon="10.713005"><ele>855</ele></trkpt>
      <trkpt lat="47.488164" lon="10.712874"><ele>854</ele></trkpt>
      <trkpt lat="47.488179" lon="10.712723"><ele>854</ele></trkpt>
      <trkpt lat="47.488214" lon="10.712564"><ele>853</ele></trkpt>
      <trkpt lat="47.488269" lon="10.712427"><ele>852</ele></trkpt>
      <trkpt lat="47.488374" lon="10.712250"><ele>852</ele></trkpt>
      <trkpt lat="47.488364" lon="10.712179"><ele>852</ele></trkpt>
      <trkpt lat="47.488779" lon="10.711654"><ele>848</ele></trkpt>
      <trkpt lat="47.488805" lon="10.711575"><ele>848</ele></trkpt>
      <trkpt lat="47.488797" lon="10.711421"><ele>848</ele></trkpt>
      <trkpt lat="47.488822" lon="10.711327"><ele>847</ele></trkpt>
      <trkpt lat="47.488837" lon="10.711283"><ele>847</ele></trkpt>
      <trkpt lat="47.488893" lon="10.711239"><ele>847</ele></trkpt>
      <trkpt lat="47.488944" lon="10.711185"><ele>846</ele></trkpt>
      <trkpt lat="47.488960" lon="10.711141"><ele>846</ele></trkpt>
      <trkpt lat="47.488979" lon="10.710945"><ele>844</ele></trkpt>
      <trkpt lat="47.488975" lon="10.710825"><ele>844</ele></trkpt>
      <trkpt lat="47.488961" lon="10.710596"><ele>844</ele></trkpt>
      <trkpt lat="47.488750" lon="10.709082"><ele>846</ele></trkpt>
      <trkpt lat="47.488679" lon="10.708547"><ele>846</ele></trkpt>
      <trkpt lat="47.488573" lon="10.708567"><ele>846</ele></trkpt>
      <trkpt lat="47.488354" lon="10.708611"><ele>845</ele></trkpt>
      <trkpt lat="47.488304" lon="10.708698"><ele>845</ele></trkpt>
      <trkpt lat="47.488289" lon="10.708788"><ele>844</ele></trkpt>
      <trkpt lat="47.488393" lon="10.708940"><ele>844</ele></trkpt>
      <trkpt lat="47.488516" lon="10.709066"><ele>843</ele></trkpt>
      <trkpt lat="47.488638" lon="10.709130"><ele>842</ele></trkpt>
      <trkpt lat="47.488904" lon="10.709201"><ele>843</ele></trkpt>
      <trkpt lat="47.489295" lon="10.709266"><ele>843</ele></trkpt>
      <trkpt lat="47.490394" lon="10.709373"><ele>842</ele></trkpt>
      <trkpt lat="47.492434" lon="10.709505"><ele>842</ele></trkpt>
      <trkpt lat="47.492720" lon="10.709471"><ele>842</ele></trkpt>
      <trkpt lat="47.493186" lon="10.709469"><ele>842</ele></trkpt>
      <trkpt lat="47.493494" lon="10.709497"><ele>842</ele></trkpt>
      <trkpt lat="47.494165" lon="10.709487"><ele>842</ele></trkpt>
      <trkpt lat="47.494579" lon="10.709481"><ele>842</ele></trkpt>
      <trkpt lat="47.496655" lon="10.709600"><ele>839</ele></trkpt>
      <trkpt lat="47.496979" lon="10.709584"><ele>840</ele></trkpt>
      <trkpt lat="47.497062" lon="10.709587"><ele>840</ele></trkpt>
      <trkpt lat="47.497286" lon="10.709615"><ele>840</ele></trkpt>
      <trkpt lat="47.497855" lon="10.709670"><ele>840</ele></trkpt>
      <trkpt lat="47.498176" lon="10.709728"><ele>840</ele></trkpt>
      <trkpt lat="47.498602" lon="10.709862"><ele>838</ele></trkpt>
      <trkpt lat="47.498707" lon="10.709895"><ele>838</ele></trkpt>
      <trkpt lat="47.499037" lon="10.709958"><ele>839</ele></trkpt>
      <trkpt lat="47.499378" lon="10.710045"><ele>839</ele></trkpt>
      <trkpt lat="47.499644" lon="10.710129"><ele>838</ele></trkpt>
      <trkpt lat="47.499743" lon="10.710150"><ele>838</ele></trkpt>
      <trkpt lat="47.499833" lon="10.710158"><ele>838</ele></trkpt>
      <trkpt lat="47.499905" lon="10.710141"><ele>838</ele></trkpt>
      <trkpt lat="47.499968" lon="10.710101"><ele>838</ele></trkpt>
      <trkpt lat="47.500043" lon="10.710028"><ele>839</ele></trkpt>
      <trkpt lat="47.500157" lon="10.709882"><ele>838</ele></trkpt>
      <trkpt lat="47.500181" lon="10.709829"><ele>839</ele></trkpt>
      <trkpt lat="47.500179" lon="10.709764"><ele>839</ele></trkpt>
      <trkpt lat="47.500166" lon="10.709703"><ele>839</ele></trkpt>
      <trkpt lat="47.500159" lon="10.709617"><ele>839</ele></trkpt>
      <trkpt lat="47.500167" lon="10.709546"><ele>838</ele></trkpt>
      <trkpt lat="47.500214" lon="10.709428"><ele>838</ele></trkpt>
      <trkpt lat="47.500302" lon="10.709157"><ele>838</ele></trkpt>
      <trkpt lat="47.500281" lon="10.709077"><ele>838</ele></trkpt>
      <trkpt lat="47.500212" lon="10.709067"><ele>838</ele></trkpt>
      <trkpt lat="47.500130" lon="10.708868"><ele>838</ele></trkpt>
      <trkpt lat="47.500096" lon="10.708786"><ele>839</ele></trkpt>
      <trkpt lat="47.500077" lon="10.708740"><ele>839</ele></trkpt>
      <trkpt lat="47.499910" lon="10.708127"><ele>838</ele></trkpt>
      <trkpt lat="47.499835" lon="10.707998"><ele>838</ele></trkpt>
      <trkpt lat="47.499771" lon="10.707861"><ele>838</ele></trkpt>
      <trkpt lat="47.499726" lon="10.707774"><ele>838</ele></trkpt>
      <trkpt lat="47.499561" lon="10.707508"><ele>839</ele></trkpt>
      <trkpt lat="47.499414" lon="10.707317"><ele>839</ele></trkpt>
      <trkpt lat="47.499346" lon="10.707209"><ele>839</ele></trkpt>
      <trkpt lat="47.499271" lon="10.707037"><ele>839</ele></trkpt>
      <trkpt lat="47.499262" lon="10.706952"><ele>840</ele></trkpt>
      <trkpt lat="47.499389" lon="10.706885"><ele>840</ele></trkpt>
      <trkpt lat="47.499453" lon="10.706901"><ele>839</ele></trkpt>
      <trkpt lat="47.499601" lon="10.706889"><ele>839</ele></trkpt>
      <trkpt lat="47.500309" lon="10.706526"><ele>838</ele></trkpt>
      <trkpt lat="47.501043" lon="10.705953"><ele>838</ele></trkpt>
      <trkpt lat="47.501996" lon="10.705097"><ele>838</ele></trkpt>
      <trkpt lat="47.502052" lon="10.705065"><ele>838</ele></trkpt>
      <trkpt lat="47.502197" lon="10.705015"><ele>838</ele></trkpt>
      <trkpt lat="47.502271" lon="10.705022"><ele>839</ele></trkpt>
      <trkpt lat="47.502344" lon="10.705056"><ele>840</ele></trkpt>
      <trkpt lat="47.502430" lon="10.705120"><ele>840</ele></trkpt>
      <trkpt lat="47.502587" lon="10.705295"><ele>840</ele></trkpt>
      <trkpt lat="47.502636" lon="10.705408"><ele>840</ele></trkpt>
      <trkpt lat="47.502676" lon="10.705475"><ele>839</ele></trkpt>
      <trkpt lat="47.502774" lon="10.705575"><ele>839</ele></trkpt>
      <trkpt lat="47.502854" lon="10.705640"><ele>840</ele></trkpt>
      <trkpt lat="47.502968" lon="10.705707"><ele>840</ele></trkpt>
      <trkpt lat="47.503500" lon="10.705985"><ele>842</ele></trkpt>
      <trkpt lat="47.503646" lon="10.706062"><ele>842</ele></trkpt>
      <trkpt lat="47.503821" lon="10.706155"><ele>843</ele></trkpt>
      <trkpt lat="47.504668" lon="10.706868"><ele>848</ele></trkpt>
      <trkpt lat="47.505401" lon="10.707370"><ele>839</ele></trkpt>
      <trkpt lat="47.505424" lon="10.707379"><ele>839</ele></trkpt>
      <trkpt lat="47.505507" lon="10.707409"><ele>839</ele></trkpt>
      <trkpt lat="47.505522" lon="10.707414"><ele>839</ele></trkpt>
      <trkpt lat="47.505606" lon="10.707499"><ele>842</ele></trkpt>
      <trkpt lat="47.505665" lon="10.707639"><ele>841</ele></trkpt>
      <trkpt lat="47.505777" lon="10.707771"><ele>840</ele></trkpt>
      <trkpt lat="47.506025" lon="10.707930"><ele>840</ele></trkpt>
      <trkpt lat="47.506384" lon="10.708190"><ele>838</ele></trkpt>
      <trkpt lat="47.506504" lon="10.708343"><ele>838</ele></trkpt>
      <trkpt lat="47.506703" lon="10.708634"><ele>837</ele></trkpt>
      <trkpt lat="47.506804" lon="10.708947"><ele>842</ele></trkpt>
      <trkpt lat="47.506859" lon="10.709479"><ele>840</ele></trkpt>
      <trkpt lat="47.506775" lon="10.709735"><ele>839</ele></trkpt>
      <trkpt lat="47.506764" lon="10.709864"><ele>838</ele></trkpt>
      <trkpt lat="47.506810" lon="10.710027"><ele>837</ele></trkpt>
      <trkpt lat="47.506872" lon="10.710086"><ele>838</ele></trkpt>
      <trkpt lat="47.507335" lon="10.710129"><ele>840</ele></trkpt>
      <trkpt lat="47.507469" lon="10.710240"><ele>838</ele></trkpt>
      <trkpt lat="47.507569" lon="10.710563"><ele>838</ele></trkpt>
      <trkpt lat="47.507650" lon="10.710610"><ele>838</ele></trkpt>
      <trkpt lat="47.507833" lon="10.710550"><ele>839</ele></trkpt>
      <trkpt lat="47.508164" lon="10.710490"><ele>837</ele></trkpt>
      <trkpt lat="47.508720" lon="10.710095"><ele>836</ele></trkpt>
      <trkpt lat="47.509410" lon="10.709322"><ele>836</ele></trkpt>
      <trkpt lat="47.509926" lon="10.708610"><ele>836</ele></trkpt>
      <trkpt lat="47.510118" lon="10.708378"><ele>836</ele></trkpt>
      <trkpt lat="47.510280" lon="10.708069"><ele>836</ele></trkpt>
      <trkpt lat="47.510338" lon="10.707820"><ele>838</ele></trkpt>
      <trkpt lat="47.510405" lon="10.707459"><ele>840</ele></trkpt>
      <trkpt lat="47.510436" lon="10.707391"><ele>840</ele></trkpt>
      <trkpt lat="47.510593" lon="10.707219"><ele>840</ele></trkpt>
      <trkpt lat="47.511072" lon="10.707016"><ele>840</ele></trkpt>
      <trkpt lat="47.511233" lon="10.706861"><ele>841</ele></trkpt>
      <trkpt lat="47.511347" lon="10.706745"><ele>840</ele></trkpt>
      <trkpt lat="47.511544" lon="10.706620"><ele>840</ele></trkpt>
      <trkpt lat="47.511661" lon="10.706443"><ele>840</ele></trkpt>
      <trkpt lat="47.511821" lon="10.706257"><ele>840</ele></trkpt>
      <trkpt lat="47.511915" lon="10.706157"><ele>840</ele></trkpt>
      <trkpt lat="47.513602" lon="10.704384"><ele>839</ele></trkpt>
      <trkpt lat="47.513848" lon="10.704101"><ele>839</ele></trkpt>
      <trkpt lat="47.514052" lon="10.703740"><ele>839</ele></trkpt>
      <trkpt lat="47.514477" lon="10.702791"><ele>839</ele></trkpt>
      <trkpt lat="47.514616" lon="10.702138"><ele>848</ele></trkpt>
      <trkpt lat="47.514678" lon="10.701282"><ele>841</ele></trkpt>
      <trkpt lat="47.514684" lon="10.700864"><ele>840</ele></trkpt>
      <trkpt lat="47.514714" lon="10.700451"><ele>840</ele></trkpt>
      <trkpt lat="47.514725" lon="10.700018"><ele>840</ele></trkpt>
      <trkpt lat="47.514639" lon="10.698977"><ele>841</ele></trkpt>
      <trkpt lat="47.514535" lon="10.697642"><ele>841</ele></trkpt>
      <trkpt lat="47.514410" lon="10.696343"><ele>841</ele></trkpt>
      <trkpt lat="47.514310" lon="10.695133"><ele>842</ele></trkpt>
      <trkpt lat="47.514309" lon="10.694715"><ele>842</ele></trkpt>
      <trkpt lat="47.514324" lon="10.694379"><ele>842</ele></trkpt>
      <trkpt lat="47.514364" lon="10.694143"><ele>842</ele></trkpt>
      <trkpt lat="47.514450" lon="10.693931"><ele>843</ele></trkpt>
      <trkpt lat="47.514734" lon="10.693544"><ele>844</ele></trkpt>
      <trkpt lat="47.515376" lon="10.692772"><ele>845</ele></trkpt>
      <trkpt lat="47.515709" lon="10.692383"><ele>847</ele></trkpt>
      <trkpt lat="47.515848" lon="10.692193"><ele>846</ele></trkpt>
      <trkpt lat="47.516314" lon="10.691630"><ele>846</ele></trkpt>
      <trkpt lat="47.516503" lon="10.691380"><ele>847</ele></trkpt>
      <trkpt lat="47.516684" lon="10.691100"><ele>847</ele></trkpt>
      <trkpt lat="47.516785" lon="10.690958"><ele>847</ele></trkpt>
      <trkpt lat="47.516842" lon="10.690878"><ele>847</ele></trkpt>
      <trkpt lat="47.517015" lon="10.690644"><ele>846</ele></trkpt>
      <trkpt lat="47.517316" lon="10.690186"><ele>846</ele></trkpt>
      <trkpt lat="47.517556" lon="10.689794"><ele>845</ele></trkpt>
      <trkpt lat="47.517770" lon="10.689365"><ele>844</ele></trkpt>
      <trkpt lat="47.518131" lon="10.688700"><ele>842</ele></trkpt>
      <trkpt lat="47.518668" lon="10.687838"><ele>841</ele></trkpt>
      <trkpt lat="47.519796" lon="10.686053"><ele>841</ele></trkpt>
      <trkpt lat="47.520192" lon="10.685547"><ele>841</ele></trkpt>
      <trkpt lat="47.520372" lon="10.685281"><ele>842</ele></trkpt>
      <trkpt lat="47.520608" lon="10.684806"><ele>842</ele></trkpt>
      <trkpt lat="47.520952" lon="10.684060"><ele>844</ele></trkpt>
      <trkpt lat="47.521173" lon="10.683631"><ele>844</ele></trkpt>
      <trkpt lat="47.521532" lon="10.683058"><ele>844</ele></trkpt>
      <trkpt lat="47.522559" lon="10.681585"><ele>844</ele></trkpt>
      <trkpt lat="47.523055" lon="10.680876"><ele>844</ele></trkpt>
      <trkpt lat="47.523457" lon="10.680294"><ele>843</ele></trkpt>
      <trkpt lat="47.523488" lon="10.680344"><ele>843</ele></trkpt>
      <trkpt lat="47.523546" lon="10.680258"><ele>843</ele></trkpt>
      <trkpt lat="47.523700" lon="10.680020"><ele>842</ele></trkpt>
      <trkpt lat="47.523895" lon="10.680332"><ele>842</ele></trkpt>
      <trkpt lat="47.524146" lon="10.680545"><ele>840</ele></trkpt>
      <trkpt lat="47.524227" lon="10.680615"><ele>840</ele></trkpt>
      <trkpt lat="47.524308" lon="10.680656"><ele>839</ele></trkpt>
      <trkpt lat="47.524576" lon="10.680677"><ele>839</ele></trkpt>
      <trkpt lat="47.525016" lon="10.680904"><ele>837</ele></trkpt>
      <trkpt lat="47.525253" lon="10.680910"><ele>836</ele></trkpt>
      <trkpt lat="47.525455" lon="10.680992"><ele>836</ele></trkpt>
      <trkpt lat="47.525666" lon="10.681144"><ele>834</ele></trkpt>
      <trkpt lat="47.526004" lon="10.681261"><ele>833</ele></trkpt>
      <trkpt lat="47.526424" lon="10.681340"><ele>832</ele></trkpt>
      <trkpt lat="47.527058" lon="10.681397"><ele>830</ele></trkpt>
      <trkpt lat="47.527485" lon="10.681397"><ele>830</ele></trkpt>
      <trkpt lat="47.527829" lon="10.681380"><ele>828</ele></trkpt>
      <trkpt lat="47.528126" lon="10.681549"><ele>828</ele></trkpt>
      <trkpt lat="47.528283" lon="10.681410"><ele>826</ele></trkpt>
      <trkpt lat="47.528359" lon="10.681179"><ele>824</ele></trkpt>
      <trkpt lat="47.528486" lon="10.680772"><ele>822</ele></trkpt>
      <trkpt lat="47.528531" lon="10.680638"><ele>822</ele></trkpt>
      <trkpt lat="47.528583" lon="10.680520"><ele>823</ele></trkpt>
      <trkpt lat="47.528784" lon="10.680302"><ele>821</ele></trkpt>
      <trkpt lat="47.528855" lon="10.680218"><ele>821</ele></trkpt>
      <trkpt lat="47.529056" lon="10.679645"><ele>821</ele></trkpt>
      <trkpt lat="47.529376" lon="10.678675"><ele>819</ele></trkpt>
      <trkpt lat="47.529582" lon="10.677996"><ele>821</ele></trkpt>
      <trkpt lat="47.529685" lon="10.677627"><ele>821</ele></trkpt>
      <trkpt lat="47.529766" lon="10.677227"><ele>823</ele></trkpt>
      <trkpt lat="47.529801" lon="10.676940"><ele>822</ele></trkpt>
      <trkpt lat="47.529842" lon="10.676789"><ele>822</ele></trkpt>
      <trkpt lat="47.530111" lon="10.676114"><ele>821</ele></trkpt>
      <trkpt lat="47.530416" lon="10.675424"><ele>821</ele></trkpt>
      <trkpt lat="47.530572" lon="10.674933"><ele>823</ele></trkpt>
      <trkpt lat="47.530630" lon="10.674790"><ele>822</ele></trkpt>
      <trkpt lat="47.530926" lon="10.674453"><ele>822</ele></trkpt>
      <trkpt lat="47.531089" lon="10.674203"><ele>822</ele></trkpt>
      <trkpt lat="47.531539" lon="10.673479"><ele>822</ele></trkpt>
      <trkpt lat="47.531967" lon="10.672790"><ele>821</ele></trkpt>
      <trkpt lat="47.532018" lon="10.672709"><ele>821</ele></trkpt>
      <trkpt lat="47.532358" lon="10.672471"><ele>821</ele></trkpt>
      <trkpt lat="47.532809" lon="10.672173"><ele>821</ele></trkpt>
      <trkpt lat="47.533663" lon="10.671592"><ele>821</ele></trkpt>
      <trkpt lat="47.533786" lon="10.671534"><ele>821</ele></trkpt>
      <trkpt lat="47.533906" lon="10.671499"><ele>821</ele></trkpt>
      <trkpt lat="47.533996" lon="10.671488"><ele>821</ele></trkpt>
      <trkpt lat="47.534030" lon="10.671484"><ele>821</ele></trkpt>
      <trkpt lat="47.534139" lon="10.671478"><ele>821</ele></trkpt>
      <trkpt lat="47.534431" lon="10.671506"><ele>821</ele></trkpt>
      <trkpt lat="47.534633" lon="10.671520"><ele>821</ele></trkpt>
      <trkpt lat="47.534742" lon="10.671526"><ele>821</ele></trkpt>
      <trkpt lat="47.534991" lon="10.671532"><ele>821</ele></trkpt>
      <trkpt lat="47.535285" lon="10.671505"><ele>821</ele></trkpt>
      <trkpt lat="47.535475" lon="10.671474"><ele>821</ele></trkpt>
      <trkpt lat="47.535595" lon="10.671473"><ele>821</ele></trkpt>
      <trkpt lat="47.535648" lon="10.671490"><ele>821</ele></trkpt>
      <trkpt lat="47.535706" lon="10.671526"><ele>821</ele></trkpt>
      <trkpt lat="47.535857" lon="10.671715"><ele>821</ele></trkpt>
      <trkpt lat="47.535892" lon="10.671747"><ele>821</ele></trkpt>
      <trkpt lat="47.535925" lon="10.671768"><ele>821</ele></trkpt>
      <trkpt lat="47.535973" lon="10.671782"><ele>821</ele></trkpt>
      <trkpt lat="47.536002" lon="10.671781"><ele>821</ele></trkpt>
      <trkpt lat="47.536057" lon="10.671752"><ele>821</ele></trkpt>
      <trkpt lat="47.536095" lon="10.671714"><ele>821</ele></trkpt>
      <trkpt lat="47.536131" lon="10.671650"><ele>821</ele></trkpt>
      <trkpt lat="47.536152" lon="10.671587"><ele>821</ele></trkpt>
      <trkpt lat="47.536160" lon="10.671511"><ele>821</ele></trkpt>
      <trkpt lat="47.536064" lon="10.670338"><ele>821</ele></trkpt>
      <trkpt lat="47.536041" lon="10.670181"><ele>821</ele></trkpt>
      <trkpt lat="47.536010" lon="10.670074"><ele>821</ele></trkpt>
      <trkpt lat="47.535954" lon="10.669895"><ele>821</ele></trkpt>
      <trkpt lat="47.535941" lon="10.669846"><ele>821</ele></trkpt>
      <trkpt lat="47.535861" lon="10.669473"><ele>820</ele></trkpt>
      <trkpt lat="47.535853" lon="10.669433"><ele>820</ele></trkpt>
      <trkpt lat="47.535745" lon="10.668856"><ele>822</ele></trkpt>
      <trkpt lat="47.535711" lon="10.668752"><ele>822</ele></trkpt>
      <trkpt lat="47.535663" lon="10.668681"><ele>822</ele></trkpt>
      <trkpt lat="47.535512" lon="10.668537"><ele>822</ele></trkpt>
      <trkpt lat="47.535434" lon="10.668408"><ele>822</ele></trkpt>
      <trkpt lat="47.535417" lon="10.668239"><ele>822</ele></trkpt>
      <trkpt lat="47.535399" lon="10.667776"><ele>824</ele></trkpt>
      <trkpt lat="47.535542" lon="10.667620"><ele>824</ele></trkpt>
      <trkpt lat="47.535673" lon="10.667488"><ele>823</ele></trkpt>
      <trkpt lat="47.536033" lon="10.667090"><ele>823</ele></trkpt>
      <trkpt lat="47.536333" lon="10.666818"><ele>824</ele></trkpt>
      <trkpt lat="47.536579" lon="10.666655"><ele>825</ele></trkpt>
      <trkpt lat="47.536935" lon="10.666548"><ele>824</ele></trkpt>
      <trkpt lat="47.537173" lon="10.666534"><ele>827</ele></trkpt>
      <trkpt lat="47.537464" lon="10.666554"><ele>828</ele></trkpt>
      <trkpt lat="47.537945" lon="10.666693"><ele>826</ele></trkpt>
      <trkpt lat="47.538224" lon="10.666740"><ele>825</ele></trkpt>
      <trkpt lat="47.538446" lon="10.666727"><ele>824</ele></trkpt>
      <trkpt lat="47.538592" lon="10.666704"><ele>823</ele></trkpt>
      <trkpt lat="47.538759" lon="10.666646"><ele>823</ele></trkpt>
      <trkpt lat="47.538969" lon="10.666560"><ele>822</ele></trkpt>
      <trkpt lat="47.539068" lon="10.666510"><ele>822</ele></trkpt>
      <trkpt lat="47.539106" lon="10.666473"><ele>822</ele></trkpt>
      <trkpt lat="47.539430" lon="10.666250"><ele>820</ele></trkpt>
      <trkpt lat="47.539761" lon="10.665982"><ele>820</ele></trkpt>
      <trkpt lat="47.540084" lon="10.665695"><ele>820</ele></trkpt>
      <trkpt lat="47.540583" lon="10.665287"><ele>818</ele></trkpt>
      <trkpt lat="47.540826" lon="10.665124"><ele>818</ele></trkpt>
      <trkpt lat="47.541104" lon="10.664986"><ele>818</ele></trkpt>
      <trkpt lat="47.541366" lon="10.664916"><ele>818</ele></trkpt>
      <trkpt lat="47.541635" lon="10.664871"><ele>818</ele></trkpt>
      <trkpt lat="47.541928" lon="10.664803"><ele>820</ele></trkpt>
      <trkpt lat="47.542180" lon="10.664708"><ele>821</ele></trkpt>
      <trkpt lat="47.542558" lon="10.664502"><ele>820</ele></trkpt>
      <trkpt lat="47.542593" lon="10.664599"><ele>818</ele></trkpt>
      <trkpt lat="47.542770" lon="10.665091"><ele>818</ele></trkpt>
      <trkpt lat="47.542812" lon="10.665100"><ele>818</ele></trkpt>
      <trkpt lat="47.542923" lon="10.665022"><ele>818</ele></trkpt>
      <trkpt lat="47.542984" lon="10.664990"><ele>818</ele></trkpt>
      <trkpt lat="47.543032" lon="10.664989"><ele>818</ele></trkpt>
      <trkpt lat="47.543087" lon="10.664971"><ele>817</ele></trkpt>
      <trkpt lat="47.543147" lon="10.664900"><ele>816</ele></trkpt>
      <trkpt lat="47.543182" lon="10.664795"><ele>816</ele></trkpt>
      <trkpt lat="47.543238" lon="10.664682"><ele>816</ele></trkpt>
      <trkpt lat="47.543313" lon="10.664607"><ele>816</ele></trkpt>
      <trkpt lat="47.544109" lon="10.663671"><ele>813</ele></trkpt>
      <trkpt lat="47.544377" lon="10.663375"><ele>813</ele></trkpt>
      <trkpt lat="47.544581" lon="10.663187"><ele>813</ele></trkpt>
      <trkpt lat="47.544870" lon="10.662967"><ele>812</ele></trkpt>
      <trkpt lat="47.545900" lon="10.662255"><ele>815</ele></trkpt>
      <trkpt lat="47.545954" lon="10.662254"><ele>814</ele></trkpt>
      <trkpt lat="47.545988" lon="10.662285"><ele>814</ele></trkpt>
      <trkpt lat="47.546030" lon="10.662404"><ele>814</ele></trkpt>
      <trkpt lat="47.546053" lon="10.662476"><ele>813</ele></trkpt>
      <trkpt lat="47.546215" lon="10.662998"><ele>811</ele></trkpt>
      <trkpt lat="47.546224" lon="10.663087"><ele>813</ele></trkpt>
      <trkpt lat="47.546289" lon="10.663167"><ele>814</ele></trkpt>
      <trkpt lat="47.546496" lon="10.663541"><ele>818</ele></trkpt>
      <trkpt lat="47.546569" lon="10.663626"><ele>817</ele></trkpt>
      <trkpt lat="47.546690" lon="10.663688"><ele>815</ele></trkpt>
      <trkpt lat="47.546778" lon="10.663691"><ele>816</ele></trkpt>
      <trkpt lat="47.546867" lon="10.663660"><ele>815</ele></trkpt>
      <trkpt lat="47.546965" lon="10.663585"><ele>815</ele></trkpt>
      <trkpt lat="47.547240" lon="10.663203"><ele>816</ele></trkpt>
      <trkpt lat="47.547435" lon="10.662887"><ele>818</ele></trkpt>
      <trkpt lat="47.547553" lon="10.662625"><ele>820</ele></trkpt>
      <trkpt lat="47.547668" lon="10.662333"><ele>824</ele></trkpt>
      <trkpt lat="47.547761" lon="10.662076"><ele>820</ele></trkpt>
      <trkpt lat="47.547875" lon="10.661861"><ele>818</ele></trkpt>
      <trkpt lat="47.547866" lon="10.661784"><ele>815</ele></trkpt>
      <trkpt lat="47.547977" lon="10.661672"><ele>814</ele></trkpt>
      <trkpt lat="47.548251" lon="10.661503"><ele>812</ele></trkpt>
      <trkpt lat="47.548394" lon="10.661514"><ele>812</ele></trkpt>
      <trkpt lat="47.548586" lon="10.661584"><ele>812</ele></trkpt>
      <trkpt lat="47.548718" lon="10.661644"><ele>812</ele></trkpt>
      <trkpt lat="47.548823" lon="10.661725"><ele>813</ele></trkpt>
      <trkpt lat="47.548997" lon="10.661736"><ele>811</ele></trkpt>
      <trkpt lat="47.549285" lon="10.661897"><ele>810</ele></trkpt>
      <trkpt lat="47.549548" lon="10.662350"><ele>808</ele></trkpt>
      <trkpt lat="47.549572" lon="10.662516"><ele>808</ele></trkpt>
      <trkpt lat="47.549588" lon="10.662683"><ele>809</ele></trkpt>
      <trkpt lat="47.549695" lon="10.662956"><ele>807</ele></trkpt>
      <trkpt lat="47.549865" lon="10.663232"><ele>807</ele></trkpt>
      <trkpt lat="47.550208" lon="10.663640"><ele>806</ele></trkpt>
      <trkpt lat="47.550506" lon="10.664328"><ele>806</ele></trkpt>
      <trkpt lat="47.550665" lon="10.664711"><ele>806</ele></trkpt>
      <trkpt lat="47.550926" lon="10.665040"><ele>806</ele></trkpt>
      <trkpt lat="47.551036" lon="10.665425"><ele>806</ele></trkpt>
      <trkpt lat="47.550988" lon="10.666073"><ele>805</ele></trkpt>
      <trkpt lat="47.551026" lon="10.666306"><ele>805</ele></trkpt>
      <trkpt lat="47.551145" lon="10.666751"><ele>805</ele></trkpt>
      <trkpt lat="47.551305" lon="10.667657"><ele>804</ele></trkpt>
      <trkpt lat="47.551404" lon="10.668383"><ele>804</ele></trkpt>
      <trkpt lat="47.551400" lon="10.668416"><ele>804</ele></trkpt>
      <trkpt lat="47.551293" lon="10.668686"><ele>805</ele></trkpt>
      <trkpt lat="47.551157" lon="10.669004"><ele>804</ele></trkpt>
      <trkpt lat="47.551012" lon="10.669314"><ele>805</ele></trkpt>
      <trkpt lat="47.550950" lon="10.669410"><ele>805</ele></trkpt>
      <trkpt lat="47.550898" lon="10.669511"><ele>806</ele></trkpt>
      <trkpt lat="47.550895" lon="10.669646"><ele>806</ele></trkpt>
      <trkpt lat="47.550914" lon="10.669964"><ele>806</ele></trkpt>
      <trkpt lat="47.550939" lon="10.670153"><ele>806</ele></trkpt>
      <trkpt lat="47.551005" lon="10.670632"><ele>807</ele></trkpt>
      <trkpt lat="47.551380" lon="10.672727"><ele>806</ele></trkpt>
      <trkpt lat="47.551606" lon="10.673637"><ele>808</ele></trkpt>
      <trkpt lat="47.552070" lon="10.675207"><ele>810</ele></trkpt>
      <trkpt lat="47.553367" lon="10.679459"><ele>808</ele></trkpt>
      <trkpt lat="47.553476" lon="10.679791"><ele>808</ele></trkpt>
      <trkpt lat="47.553616" lon="10.680219"><ele>808</ele></trkpt>
      <trkpt lat="47.553635" lon="10.680398"><ele>807</ele></trkpt>
      <trkpt lat="47.553684" lon="10.680595"><ele>804</ele></trkpt>
      <trkpt lat="47.553777" lon="10.680889"><ele>801</ele></trkpt>
      <trkpt lat="47.553893" lon="10.681164"><ele>807</ele></trkpt>
      <trkpt lat="47.553928" lon="10.681225"><ele>807</ele></trkpt>
      <trkpt lat="47.554006" lon="10.681301"><ele>806</ele></trkpt>
      <trkpt lat="47.554174" lon="10.681565"><ele>806</ele></trkpt>
      <trkpt lat="47.554397" lon="10.681913"><ele>806</ele></trkpt>
      <trkpt lat="47.554634" lon="10.682198"><ele>805</ele></trkpt>
      <trkpt lat="47.555149" lon="10.682936"><ele>803</ele></trkpt>
      <trkpt lat="47.555581" lon="10.684136"><ele>804</ele></trkpt>
      <trkpt lat="47.555673" lon="10.685176"><ele>804</ele></trkpt>
      <trkpt lat="47.555697" lon="10.685681"><ele>803</ele></trkpt>
      <trkpt lat="47.555865" lon="10.686097"><ele>804</ele></trkpt>
      <trkpt lat="47.555865" lon="10.686244"><ele>805</ele></trkpt>
      <trkpt lat="47.555954" lon="10.686405"><ele>805</ele></trkpt>
      <trkpt lat="47.556145" lon="10.686746"><ele>806</ele></trkpt>
      <trkpt lat="47.556481" lon="10.687342"><ele>806</ele></trkpt>
      <trkpt lat="47.556510" lon="10.687443"><ele>806</ele></trkpt>
      <trkpt lat="47.556574" lon="10.687662"><ele>806</ele></trkpt>
      <trkpt lat="47.556629" lon="10.687825"><ele>806</ele></trkpt>
      <trkpt lat="47.556923" lon="10.688623"><ele>807</ele></trkpt>
      <trkpt lat="47.556967" lon="10.688657"><ele>807</ele></trkpt>
      <trkpt lat="47.556995" lon="10.688739"><ele>807</ele></trkpt>
      <trkpt lat="47.557081" lon="10.689051"><ele>809</ele></trkpt>
      <trkpt lat="47.557229" lon="10.689585"><ele>808</ele></trkpt>
      <trkpt lat="47.557457" lon="10.690070"><ele>806</ele></trkpt>
      <trkpt lat="47.557494" lon="10.690199"><ele>805</ele></trkpt>
      <trkpt lat="47.557508" lon="10.690321"><ele>805</ele></trkpt>
      <trkpt lat="47.557525" lon="10.690766"><ele>804</ele></trkpt>
      <trkpt lat="47.557480" lon="10.691222"><ele>805</ele></trkpt>
      <trkpt lat="47.557466" lon="10.691534"><ele>804</ele></trkpt>
      <trkpt lat="47.557414" lon="10.691793"><ele>804</ele></trkpt>
      <trkpt lat="47.557387" lon="10.691843"><ele>805</ele></trkpt>
      <trkpt lat="47.557404" lon="10.691934"><ele>804</ele></trkpt>
      <trkpt lat="47.557476" lon="10.692170"><ele>806</ele></trkpt>
      <trkpt lat="47.557673" lon="10.692754"><ele>806</ele></trkpt>
      <trkpt lat="47.557813" lon="10.693144"><ele>806</ele></trkpt>
      <trkpt lat="47.558061" lon="10.693811"><ele>806</ele></trkpt>
      <trkpt lat="47.558149" lon="10.693961"><ele>805</ele></trkpt>
      <trkpt lat="47.558254" lon="10.694381"><ele>804</ele></trkpt>
      <trkpt lat="47.558385" lon="10.694659"><ele>805</ele></trkpt>
      <trkpt lat="47.558422" lon="10.694695"><ele>805</ele></trkpt>
      <trkpt lat="47.558701" lon="10.694835"><ele>803</ele></trkpt>
      <trkpt lat="47.558911" lon="10.695032"><ele>803</ele></trkpt>
      <trkpt lat="47.559600" lon="10.695924"><ele>802</ele></trkpt>
      <trkpt lat="47.559700" lon="10.696018"><ele>802</ele></trkpt>
      <trkpt lat="47.559764" lon="10.696078"><ele>802</ele></trkpt>
      <trkpt lat="47.559988" lon="10.696250"><ele>800</ele></trkpt>
      <trkpt lat="47.560237" lon="10.696387"><ele>801</ele></trkpt>
      <trkpt lat="47.560432" lon="10.696462"><ele>801</ele></trkpt>
      <trkpt lat="47.560577" lon="10.696477"><ele>801</ele></trkpt>
      <trkpt lat="47.560690" lon="10.696438"><ele>802</ele></trkpt>
      <trkpt lat="47.560838" lon="10.696202"><ele>802</ele></trkpt>
      <trkpt lat="47.560965" lon="10.695881"><ele>804</ele></trkpt>
      <trkpt lat="47.561108" lon="10.695707"><ele>803</ele></trkpt>
      <trkpt lat="47.561566" lon="10.695620"><ele>808</ele></trkpt>
      <trkpt lat="47.561822" lon="10.695456"><ele>808</ele></trkpt>
      <trkpt lat="47.561860" lon="10.695413"><ele>808</ele></trkpt>
      <trkpt lat="47.561887" lon="10.695345"><ele>808</ele></trkpt>
      <trkpt lat="47.561916" lon="10.695270"><ele>808</ele></trkpt>
      <trkpt lat="47.561934" lon="10.695240"><ele>808</ele></trkpt>
      <trkpt lat="47.561962" lon="10.695225"><ele>808</ele></trkpt>
      <trkpt lat="47.562058" lon="10.695199"><ele>806</ele></trkpt>
      <trkpt lat="47.562103" lon="10.695208"><ele>806</ele></trkpt>
      <trkpt lat="47.562162" lon="10.695231"><ele>806</ele></trkpt>
      <trkpt lat="47.562227" lon="10.695220"><ele>805</ele></trkpt>
      <trkpt lat="47.562414" lon="10.695132"><ele>806</ele></trkpt>
      <trkpt lat="47.562429" lon="10.695109"><ele>806</ele></trkpt>
      <trkpt lat="47.562449" lon="10.695037"><ele>804</ele></trkpt>
      <trkpt lat="47.562461" lon="10.695013"><ele>804</ele></trkpt>
      <trkpt lat="47.562476" lon="10.695002"><ele>805</ele></trkpt>
      <trkpt lat="47.562547" lon="10.694977"><ele>806</ele></trkpt>
      <trkpt lat="47.562571" lon="10.694978"><ele>806</ele></trkpt>
      <trkpt lat="47.562622" lon="10.694998"><ele>808</ele></trkpt>
      <trkpt lat="47.562751" lon="10.695044"><ele>810</ele></trkpt>
      <trkpt lat="47.562775" lon="10.695060"><ele>810</ele></trkpt>
      <trkpt lat="47.562816" lon="10.695131"><ele>807</ele></trkpt>
      <trkpt lat="47.562838" lon="10.695164"><ele>806</ele></trkpt>
      <trkpt lat="47.562863" lon="10.695186"><ele>805</ele></trkpt>
      <trkpt lat="47.562923" lon="10.695238"><ele>803</ele></trkpt>
      <trkpt lat="47.562974" lon="10.695296"><ele>802</ele></trkpt>
      <trkpt lat="47.563023" lon="10.695390"><ele>803</ele></trkpt>
      <trkpt lat="47.563055" lon="10.695508"><ele>804</ele></trkpt>
      <trkpt lat="47.563064" lon="10.695610"><ele>804</ele></trkpt>
      <trkpt lat="47.563062" lon="10.695678"><ele>804</ele></trkpt>
      <trkpt lat="47.563010" lon="10.696109"><ele>803</ele></trkpt>
      <trkpt lat="47.563005" lon="10.696198"><ele>804</ele></trkpt>
      <trkpt lat="47.563023" lon="10.696341"><ele>803</ele></trkpt>
      <trkpt lat="47.563043" lon="10.696400"><ele>802</ele></trkpt>
      <trkpt lat="47.563068" lon="10.696457"><ele>802</ele></trkpt>
      <trkpt lat="47.563314" lon="10.696911"><ele>802</ele></trkpt>
      <trkpt lat="47.563623" lon="10.697483"><ele>801</ele></trkpt>
      <trkpt lat="47.563713" lon="10.697665"><ele>801</ele></trkpt>
      <trkpt lat="47.563911" lon="10.698122"><ele>801</ele></trkpt>
      <trkpt lat="47.564015" lon="10.698340"><ele>799</ele></trkpt>
      <trkpt lat="47.564248" lon="10.698729"><ele>798</ele></trkpt>
      <trkpt lat="47.564733" lon="10.699405"><ele>794</ele></trkpt>
      <trkpt lat="47.564870" lon="10.699616"><ele>795</ele></trkpt>
      <trkpt lat="47.565048" lon="10.699931"><ele>793</ele></trkpt>
      <trkpt lat="47.565261" lon="10.700262"><ele>793</ele></trkpt>
      <trkpt lat="47.565321" lon="10.700435"><ele>792</ele></trkpt>
      <trkpt lat="47.565369" lon="10.700413"><ele>792</ele></trkpt>
      <trkpt lat="47.565900" lon="10.700191"><ele>794</ele></trkpt>
      <trkpt lat="47.565984" lon="10.700171"><ele>794</ele></trkpt>
      <trkpt lat="47.566092" lon="10.700163"><ele>794</ele></trkpt>
      <trkpt lat="47.566279" lon="10.700180"><ele>794</ele></trkpt>
      <trkpt lat="47.566405" lon="10.700214"><ele>794</ele></trkpt>
      <trkpt lat="47.566463" lon="10.700453"><ele>794</ele></trkpt>
      <trkpt lat="47.566498" lon="10.700560"><ele>794</ele></trkpt>
      <trkpt lat="47.566848" lon="10.701036"><ele>794</ele></trkpt>
      <trkpt lat="47.566930" lon="10.701186"><ele>793</ele></trkpt>
      <trkpt lat="47.567034" lon="10.701428"><ele>794</ele></trkpt>
      <trkpt lat="47.567239" lon="10.701950"><ele>793</ele></trkpt>
      <trkpt lat="47.567294" lon="10.702004"><ele>794</ele></trkpt>
      <trkpt lat="47.567443" lon="10.702451"><ele>798</ele></trkpt>
      <trkpt lat="47.567524" lon="10.702628"><ele>800</ele></trkpt>
      <trkpt lat="47.567545" lon="10.702608"><ele>799</ele></trkpt>
      <trkpt lat="47.567580" lon="10.702599"><ele>800</ele></trkpt>
      <trkpt lat="47.567979" lon="10.702654"><ele>800</ele></trkpt>
      <trkpt lat="47.568252" lon="10.702760"><ele>800</ele></trkpt>
      <trkpt lat="47.568387" lon="10.702832"><ele>800</ele></trkpt>
      <trkpt lat="47.568613" lon="10.702952"><ele>799</ele></trkpt>
      <trkpt lat="47.568630" lon="10.702960"><ele>799</ele></trkpt>
      <trkpt lat="47.568759" lon="10.703022"><ele>799</ele></trkpt>
      <trkpt lat="47.569305" lon="10.702972"><ele>799</ele></trkpt>
      <trkpt lat="47.569315" lon="10.702733"><ele>799</ele></trkpt>
      <trkpt lat="47.569376" lon="10.701820"><ele>800</ele></trkpt>
      <trkpt lat="47.569367" lon="10.701740"><ele>800</ele></trkpt>
      <trkpt lat="47.569394" lon="10.701609"><ele>800</ele></trkpt>
      <trkpt lat="47.569408" lon="10.701573"><ele>800</ele></trkpt>
      <trkpt lat="47.569479" lon="10.701631"><ele>800</ele></trkpt>
      <trkpt lat="47.569645" lon="10.701039"><ele>800</ele></trkpt>
      <trkpt lat="47.569657" lon="10.700990"><ele>800</ele></trkpt>
      <trkpt lat="47.569650" lon="10.700967"><ele>800</ele></trkpt>
      <trkpt lat="47.569635" lon="10.700948"><ele>800</ele></trkpt>
      <trkpt lat="47.569647" lon="10.700852"><ele>800</ele></trkpt>
      <trkpt lat="47.569672" lon="10.700814"><ele>800</ele></trkpt>
      <trkpt lat="47.569698" lon="10.700803"><ele>800</ele></trkpt>
      <trkpt lat="47.569749" lon="10.700589"><ele>799</ele></trkpt>
      <trkpt lat="47.569764" lon="10.700517"><ele>799</ele></trkpt>
      <trkpt lat="47.569799" lon="10.700537"><ele>799</ele></trkpt>
      <trkpt lat="47.570816" lon="10.701091"><ele>799</ele></trkpt>
      <trkpt lat="47.570959" lon="10.701165"><ele>799</ele></trkpt>
      <trkpt lat="47.570816" lon="10.701091"><ele>799</ele></trkpt>
      <trkpt lat="47.569799" lon="10.700537"><ele>799</ele></trkpt>
      <trkpt lat="47.569764" lon="10.700517"><ele>799</ele></trkpt>
      <trkpt lat="47.569737" lon="10.700500"><ele>799</ele></trkpt>
      <trkpt lat="47.569697" lon="10.700476"><ele>799</ele></trkpt>
      <trkpt lat="47.569653" lon="10.700449"><ele>799</ele></trkpt>
      <trkpt lat="47.569654" lon="10.700241"><ele>799</ele></trkpt>
      <trkpt lat="47.569659" lon="10.700193"><ele>799</ele></trkpt>
      <trkpt lat="47.569705" lon="10.699885"><ele>799</ele></trkpt>
      <trkpt lat="47.569742" lon="10.699678"><ele>799</ele></trkpt>
      <trkpt lat="47.569752" lon="10.699633"><ele>799</ele></trkpt>
      <trkpt lat="47.569770" lon="10.699608"><ele>799</ele></trkpt>
      <trkpt lat="47.569784" lon="10.699556"><ele>799</ele></trkpt>
      <trkpt lat="47.569835" lon="10.699464"><ele>799</ele></trkpt>
      <trkpt lat="47.569862" lon="10.699377"><ele>799</ele></trkpt>
      <trkpt lat="47.569874" lon="10.699306"><ele>799</ele></trkpt>
      <trkpt lat="47.570061" lon="10.698479"><ele>798</ele></trkpt>
      <trkpt lat="47.570093" lon="10.698430"><ele>798</ele></trkpt>
      <trkpt lat="47.570128" lon="10.698406"><ele>798</ele></trkpt>
      <trkpt lat="47.570071" lon="10.698268"><ele>798</ele></trkpt>
      <trkpt lat="47.569927" lon="10.698186"><ele>798</ele></trkpt>
      <trkpt lat="47.569838" lon="10.698136"><ele>798</ele></trkpt>
      <trkpt lat="47.569608" lon="10.697655"><ele>798</ele></trkpt>
      <trkpt lat="47.569496" lon="10.697564"><ele>798</ele></trkpt>
      <trkpt lat="47.569330" lon="10.697446"><ele>798</ele></trkpt>
      <trkpt lat="47.569327" lon="10.697413"><ele>798</ele></trkpt>
      <trkpt lat="47.569310" lon="10.697360"><ele>798</ele></trkpt>
      <trkpt lat="47.569269" lon="10.697314"><ele>798</ele></trkpt>
      <trkpt lat="47.569248" lon="10.697305"><ele>798</ele></trkpt>
      <trkpt lat="47.569204" lon="10.697309"><ele>798</ele></trkpt>
      <trkpt lat="47.569166" lon="10.697342"><ele>798</ele></trkpt>
      <trkpt lat="47.569151" lon="10.697368"><ele>798</ele></trkpt>
      <trkpt lat="47.569133" lon="10.697346"><ele>798</ele></trkpt>
      <trkpt lat="47.569067" lon="10.697237"><ele>798</ele></trkpt>
      <trkpt lat="47.568499" lon="10.695915"><ele>797</ele></trkpt>
      <trkpt lat="47.568429" lon="10.695604"><ele>798</ele></trkpt>
      <trkpt lat="47.568377" lon="10.695412"><ele>797</ele></trkpt>
      <trkpt lat="47.568329" lon="10.695322"><ele>797</ele></trkpt>
      <trkpt lat="47.568269" lon="10.695257"><ele>797</ele></trkpt>
      <trkpt lat="47.568117" lon="10.695164"><ele>798</ele></trkpt>
      <trkpt lat="47.568066" lon="10.695099"><ele>798</ele></trkpt>
      <trkpt lat="47.567993" lon="10.695007"><ele>798</ele></trkpt>
      <trkpt lat="47.567977" lon="10.694953"><ele>798</ele></trkpt>
      <trkpt lat="47.567961" lon="10.694926"><ele>798</ele></trkpt>
      <trkpt lat="47.567941" lon="10.694905"><ele>798</ele></trkpt>
      <trkpt lat="47.567903" lon="10.694888"><ele>798</ele></trkpt>
      <trkpt lat="47.567859" lon="10.694829"><ele>797</ele></trkpt>
      <trkpt lat="47.567809" lon="10.694688"><ele>797</ele></trkpt>
      <trkpt lat="47.567821" lon="10.694278"><ele>797</ele></trkpt>
      <trkpt lat="47.567871" lon="10.694284"><ele>797</ele></trkpt>
      <trkpt lat="47.567923" lon="10.693616"><ele>796</ele></trkpt>
      <trkpt lat="47.568005" lon="10.692917"><ele>796</ele></trkpt>
      <trkpt lat="47.568133" lon="10.691788"><ele>795</ele></trkpt>
      <trkpt lat="47.568238" lon="10.690634"><ele>795</ele></trkpt>
      <trkpt lat="47.568306" lon="10.690090"><ele>795</ele></trkpt>
      <trkpt lat="47.568365" lon="10.689012"><ele>795</ele></trkpt>
      <trkpt lat="47.568393" lon="10.688395"><ele>795</ele></trkpt>
      <trkpt lat="47.568405" lon="10.687799"><ele>794</ele></trkpt>
      <trkpt lat="47.568333" lon="10.686468"><ele>793</ele></trkpt>
      <trkpt lat="47.568271" lon="10.685019"><ele>793</ele></trkpt>
      <trkpt lat="47.568252" lon="10.684449"><ele>793</ele></trkpt>
      <trkpt lat="47.568239" lon="10.684066"><ele>793</ele></trkpt>
      <trkpt lat="47.568228" lon="10.683730"><ele>793</ele></trkpt>
      <trkpt lat="47.568223" lon="10.683575"><ele>793</ele></trkpt>
      <trkpt lat="47.568216" lon="10.683360"><ele>793</ele></trkpt>
      <trkpt lat="47.568215" lon="10.681981"><ele>792</ele></trkpt>
      <trkpt lat="47.568370" lon="10.676111"><ele>790</ele></trkpt>
      <trkpt lat="47.568464" lon="10.675358"><ele>790</ele></trkpt>
      <trkpt lat="47.568492" lon="10.675231"><ele>790</ele></trkpt>
      <trkpt lat="47.568499" lon="10.675048"><ele>789</ele></trkpt>
      <trkpt lat="47.568503" lon="10.674909"><ele>789</ele></trkpt>
      <trkpt lat="47.568640" lon="10.674298"><ele>789</ele></trkpt>
      <trkpt lat="47.568759" lon="10.673436"><ele>789</ele></trkpt>
      <trkpt lat="47.568823" lon="10.672836"><ele>789</ele></trkpt>
      <trkpt lat="47.568956" lon="10.671269"><ele>789</ele></trkpt>
      <trkpt lat="47.569024" lon="10.670390"><ele>788</ele></trkpt>
      <trkpt lat="47.569052" lon="10.669466"><ele>788</ele></trkpt>
      <trkpt lat="47.569057" lon="10.669265"><ele>788</ele></trkpt>
      <trkpt lat="47.569109" lon="10.668621"><ele>788</ele></trkpt>
      <trkpt lat="47.569166" lon="10.668318"><ele>788</ele></trkpt>
      <trkpt lat="47.569326" lon="10.667595"><ele>788</ele></trkpt>
      <trkpt lat="47.569497" lon="10.667096"><ele>788</ele></trkpt>
      <trkpt lat="47.569712" lon="10.666638"><ele>789</ele></trkpt>
      <trkpt lat="47.569775" lon="10.666625"><ele>789</ele></trkpt>
      <trkpt lat="47.569999" lon="10.666554"><ele>788</ele></trkpt>
      <trkpt lat="47.570016" lon="10.666468"><ele>788</ele></trkpt>
      <trkpt lat="47.570033" lon="10.666415"><ele>789</ele></trkpt>
      <trkpt lat="47.570057" lon="10.666358"><ele>789</ele></trkpt>
      <trkpt lat="47.570054" lon="10.666274"><ele>789</ele></trkpt>
      <trkpt lat="47.570034" lon="10.666199"><ele>789</ele></trkpt>
      <trkpt lat="47.570050" lon="10.666119"><ele>789</ele></trkpt>
      <trkpt lat="47.570139" lon="10.665990"><ele>789</ele></trkpt>
      <trkpt lat="47.570216" lon="10.665993"><ele>789</ele></trkpt>
      <trkpt lat="47.570387" lon="10.665713"><ele>789</ele></trkpt>
      <trkpt lat="47.570510" lon="10.665581"><ele>789</ele></trkpt>
      <trkpt lat="47.570871" lon="10.665347"><ele>789</ele></trkpt>
      <trkpt lat="47.571199" lon="10.665184"><ele>788</ele></trkpt>
      <trkpt lat="47.571327" lon="10.665140"><ele>788</ele></trkpt>
      <trkpt lat="47.571295" lon="10.665008"><ele>790</ele></trkpt>
      <trkpt lat="47.571254" lon="10.664836"><ele>789</ele></trkpt>
      <trkpt lat="47.571225" lon="10.664719"><ele>788</ele></trkpt>
      <trkpt lat="47.571743" lon="10.664508"><ele>789</ele></trkpt>
      <trkpt lat="47.573608" lon="10.663515"><ele>792</ele></trkpt>
      <trkpt lat="47.573822" lon="10.663371"><ele>792</ele></trkpt>
      <trkpt lat="47.573886" lon="10.663279"><ele>793</ele></trkpt>
      <trkpt lat="47.573903" lon="10.663191"><ele>793</ele></trkpt>
      <trkpt lat="47.573898" lon="10.662969"><ele>794</ele></trkpt>
      <trkpt lat="47.573784" lon="10.661843"><ele>792</ele></trkpt>
      <trkpt lat="47.573640" lon="10.660464"><ele>792</ele></trkpt>
      <trkpt lat="47.573539" lon="10.659428"><ele>793</ele></trkpt>
      <trkpt lat="47.573460" lon="10.658045"><ele>790</ele></trkpt>
      <trkpt lat="47.573379" lon="10.656887"><ele>789</ele></trkpt>
      <trkpt lat="47.573256" lon="10.655973"><ele>789</ele></trkpt>
      <trkpt lat="47.573226" lon="10.655595"><ele>788</ele></trkpt>
      <trkpt lat="47.573228" lon="10.655465"><ele>788</ele></trkpt>
      <trkpt lat="47.572480" lon="10.655458"><ele>788</ele></trkpt>
      <trkpt lat="47.572122" lon="10.655427"><ele>788</ele></trkpt>
      <trkpt lat="47.572109" lon="10.655151"><ele>787</ele></trkpt>
      <trkpt lat="47.572097" lon="10.655071"><ele>787</ele></trkpt>
      <trkpt lat="47.572012" lon="10.654772"><ele>788</ele></trkpt>
      <trkpt lat="47.571979" lon="10.654436"><ele>787</ele></trkpt>
      <trkpt lat="47.571920" lon="10.653707"><ele>788</ele></trkpt>
      <trkpt lat="47.571736" lon="10.652856"><ele>787</ele></trkpt>
      <trkpt lat="47.571740" lon="10.652786"><ele>787</ele></trkpt>
      <trkpt lat="47.571763" lon="10.652732"><ele>787</ele></trkpt>
      <trkpt lat="47.571896" lon="10.652620"><ele>788</ele></trkpt>
      <trkpt lat="47.572063" lon="10.652427"><ele>788</ele></trkpt>
      <trkpt lat="47.572222" lon="10.652259"><ele>788</ele></trkpt>
      <trkpt lat="47.572261" lon="10.652191"><ele>788</ele></trkpt>
      <trkpt lat="47.572275" lon="10.652102"><ele>788</ele></trkpt>
      <trkpt lat="47.572230" lon="10.651676"><ele>788</ele></trkpt>
      <trkpt lat="47.572205" lon="10.651336"><ele>788</ele></trkpt>
      <trkpt lat="47.572164" lon="10.650967"><ele>788</ele></trkpt>
      <trkpt lat="47.572159" lon="10.650744"><ele>788</ele></trkpt>
      <trkpt lat="47.572179" lon="10.650595"><ele>788</ele></trkpt>
      <trkpt lat="47.572232" lon="10.650465"><ele>788</ele></trkpt>
      <trkpt lat="47.572284" lon="10.650373"><ele>788</ele></trkpt>
      <trkpt lat="47.572409" lon="10.649963"><ele>788</ele></trkpt>
      <trkpt lat="47.572478" lon="10.649803"><ele>788</ele></trkpt>
      <trkpt lat="47.572565" lon="10.649656"><ele>788</ele></trkpt>
      <trkpt lat="47.572613" lon="10.649533"><ele>788</ele></trkpt>
      <trkpt lat="47.572640" lon="10.649379"><ele>788</ele></trkpt>
      <trkpt lat="47.572655" lon="10.649162"><ele>788</ele></trkpt>
      <trkpt lat="47.572656" lon="10.648910"><ele>788</ele></trkpt>
      <trkpt lat="47.572640" lon="10.648670"><ele>788</ele></trkpt>
      <trkpt lat="47.572552" lon="10.647726"><ele>788</ele></trkpt>
      <trkpt lat="47.572549" lon="10.647289"><ele>788</ele></trkpt>
      <trkpt lat="47.572554" lon="10.647057"><ele>788</ele></trkpt>
      <trkpt lat="47.572579" lon="10.646885"><ele>788</ele></trkpt>
      <trkpt lat="47.572619" lon="10.646710"><ele>788</ele></trkpt>
      <trkpt lat="47.572694" lon="10.646578"><ele>788</ele></trkpt>
      <trkpt lat="47.572793" lon="10.646457"><ele>788</ele></trkpt>
      <trkpt lat="47.572855" lon="10.646338"><ele>788</ele></trkpt>
      <trkpt lat="47.572947" lon="10.646229"><ele>788</ele></trkpt>
      <trkpt lat="47.573045" lon="10.646158"><ele>788</ele></trkpt>
      <trkpt lat="47.573189" lon="10.646079"><ele>788</ele></trkpt>
      <trkpt lat="47.573337" lon="10.645918"><ele>788</ele></trkpt>
      <trkpt lat="47.573849" lon="10.645295"><ele>789</ele></trkpt>
      <trkpt lat="47.574025" lon="10.645061"><ele>789</ele></trkpt>
      <trkpt lat="47.574113" lon="10.644749"><ele>788</ele></trkpt>
      <trkpt lat="47.574221" lon="10.644510"><ele>788</ele></trkpt>
      <trkpt lat="47.574283" lon="10.644309"><ele>788</ele></trkpt>
      <trkpt lat="47.574282" lon="10.643781"><ele>788</ele></trkpt>
      <trkpt lat="47.574282" lon="10.643682"><ele>788</ele></trkpt>
      <trkpt lat="47.574281" lon="10.643274"><ele>788</ele></trkpt>
      <trkpt lat="47.574304" lon="10.643120"><ele>788</ele></trkpt>
      <trkpt lat="47.574410" lon="10.642681"><ele>788</ele></trkpt>
      <trkpt lat="47.574448" lon="10.642389"><ele>788</ele></trkpt>
      <trkpt lat="47.574456" lon="10.642167"><ele>788</ele></trkpt>
      <trkpt lat="47.574456" lon="10.641901"><ele>788</ele></trkpt>
      <trkpt lat="47.574437" lon="10.641617"><ele>788</ele></trkpt>
      <trkpt lat="47.574395" lon="10.641311"><ele>789</ele></trkpt>
      <trkpt lat="47.574307" lon="10.641012"><ele>790</ele></trkpt>
      <trkpt lat="47.574216" lon="10.640778"><ele>790</ele></trkpt>
      <trkpt lat="47.574172" lon="10.640695"><ele>790</ele></trkpt>
      <trkpt lat="47.573978" lon="10.640441"><ele>790</ele></trkpt>
      <trkpt lat="47.573879" lon="10.640325"><ele>790</ele></trkpt>
      <trkpt lat="47.573755" lon="10.640270"><ele>790</ele></trkpt>
      <trkpt lat="47.573688" lon="10.640220"><ele>790</ele></trkpt>
      <trkpt lat="47.573606" lon="10.640112"><ele>790</ele></trkpt>
      <trkpt lat="47.573540" lon="10.640047"><ele>790</ele></trkpt>
      <trkpt lat="47.573429" lon="10.640029"><ele>790</ele></trkpt>
      <trkpt lat="47.573118" lon="10.640032"><ele>789</ele></trkpt>
      <trkpt lat="47.573076" lon="10.640020"><ele>789</ele></trkpt>
      <trkpt lat="47.573045" lon="10.639988"><ele>789</ele></trkpt>
      <trkpt lat="47.573019" lon="10.639882"><ele>789</ele></trkpt>
      <trkpt lat="47.573012" lon="10.639714"><ele>790</ele></trkpt>
      <trkpt lat="47.573084" lon="10.639075"><ele>790</ele></trkpt>
      <trkpt lat="47.573189" lon="10.638520"><ele>790</ele></trkpt>
      <trkpt lat="47.573274" lon="10.638026"><ele>789</ele></trkpt>
      <trkpt lat="47.573299" lon="10.637645"><ele>789</ele></trkpt>
      <trkpt lat="47.573345" lon="10.637296"><ele>788</ele></trkpt>
      <trkpt lat="47.573440" lon="10.636962"><ele>789</ele></trkpt>
      <trkpt lat="47.573535" lon="10.636669"><ele>789</ele></trkpt>
      <trkpt lat="47.573592" lon="10.636550"><ele>789</ele></trkpt>
      <trkpt lat="47.573714" lon="10.636356"><ele>790</ele></trkpt>
      <trkpt lat="47.573778" lon="10.636200"><ele>789</ele></trkpt>
      <trkpt lat="47.573912" lon="10.636004"><ele>788</ele></trkpt>
      <trkpt lat="47.574152" lon="10.635695"><ele>789</ele></trkpt>
      <trkpt lat="47.574386" lon="10.635471"><ele>788</ele></trkpt>
      <trkpt lat="47.574574" lon="10.635348"><ele>789</ele></trkpt>
      <trkpt lat="47.574633" lon="10.635291"><ele>788</ele></trkpt>
      <trkpt lat="47.574715" lon="10.635148"><ele>788</ele></trkpt>
      <trkpt lat="47.574947" lon="10.634841"><ele>788</ele></trkpt>
      <trkpt lat="47.575105" lon="10.634613"><ele>789</ele></trkpt>
      <trkpt lat="47.575263" lon="10.634365"><ele>788</ele></trkpt>
      <trkpt lat="47.575331" lon="10.634239"><ele>788</ele></trkpt>
      <trkpt lat="47.575419" lon="10.634009"><ele>788</ele></trkpt>
      <trkpt lat="47.575500" lon="10.633861"><ele>788</ele></trkpt>
      <trkpt lat="47.575567" lon="10.633757"><ele>788</ele></trkpt>
      <trkpt lat="47.575627" lon="10.633702"><ele>788</ele></trkpt>
      <trkpt lat="47.575732" lon="10.633625"><ele>788</ele></trkpt>
      <trkpt lat="47.576015" lon="10.633282"><ele>788</ele></trkpt>
      <trkpt lat="47.576072" lon="10.633169"><ele>788</ele></trkpt>
      <trkpt lat="47.576094" lon="10.633051"><ele>788</ele></trkpt>
      <trkpt lat="47.576100" lon="10.632934"><ele>788</ele></trkpt>
      <trkpt lat="47.576096" lon="10.632765"><ele>788</ele></trkpt>
      <trkpt lat="47.576062" lon="10.632566"><ele>788</ele></trkpt>
      <trkpt lat="47.576034" lon="10.632320"><ele>788</ele></trkpt>
      <trkpt lat="47.576025" lon="10.632172"><ele>788</ele></trkpt>
      <trkpt lat="47.576043" lon="10.632052"><ele>788</ele></trkpt>
      <trkpt lat="47.576208" lon="10.631443"><ele>788</ele></trkpt>
      <trkpt lat="47.576229" lon="10.631154"><ele>788</ele></trkpt>
      <trkpt lat="47.576225" lon="10.630997"><ele>788</ele></trkpt>
      <trkpt lat="47.576208" lon="10.630856"><ele>788</ele></trkpt>
      <trkpt lat="47.576194" lon="10.630658"><ele>788</ele></trkpt>
      <trkpt lat="47.576200" lon="10.630460"><ele>788</ele></trkpt>
      <trkpt lat="47.576230" lon="10.630320"><ele>788</ele></trkpt>
      <trkpt lat="47.576261" lon="10.630235"><ele>788</ele></trkpt>
      <trkpt lat="47.576292" lon="10.630174"><ele>788</ele></trkpt>
      <trkpt lat="47.576389" lon="10.630043"><ele>788</ele></trkpt>
      <trkpt lat="47.576423" lon="10.629968"><ele>788</ele></trkpt>
      <trkpt lat="47.576443" lon="10.629842"><ele>788</ele></trkpt>
      <trkpt lat="47.576444" lon="10.629731"><ele>788</ele></trkpt>
      <trkpt lat="47.576426" lon="10.629645"><ele>788</ele></trkpt>
      <trkpt lat="47.576308" lon="10.629394"><ele>788</ele></trkpt>
      <trkpt lat="47.576289" lon="10.629310"><ele>788</ele></trkpt>
      <trkpt lat="47.576284" lon="10.629230"><ele>788</ele></trkpt>
      <trkpt lat="47.576305" lon="10.629124"><ele>788</ele></trkpt>
      <trkpt lat="47.576337" lon="10.629030"><ele>788</ele></trkpt>
      <trkpt lat="47.576487" lon="10.628750"><ele>788</ele></trkpt>
      <trkpt lat="47.576557" lon="10.628538"><ele>788</ele></trkpt>
      <trkpt lat="47.576619" lon="10.628324"><ele>788</ele></trkpt>
      <trkpt lat="47.576693" lon="10.628191"><ele>788</ele></trkpt>
      <trkpt lat="47.576895" lon="10.627988"><ele>788</ele></trkpt>
      <trkpt lat="47.576920" lon="10.627946"><ele>788</ele></trkpt>
      <trkpt lat="47.576965" lon="10.627832"><ele>788</ele></trkpt>
      <trkpt lat="47.576979" lon="10.627760"><ele>788</ele></trkpt>
      <trkpt lat="47.576972" lon="10.627652"><ele>788</ele></trkpt>
      <trkpt lat="47.576917" lon="10.627460"><ele>788</ele></trkpt>
      <trkpt lat="47.576910" lon="10.627388"><ele>788</ele></trkpt>
      <trkpt lat="47.576916" lon="10.627328"><ele>788</ele></trkpt>
      <trkpt lat="47.576967" lon="10.627235"><ele>788</ele></trkpt>
      <trkpt lat="47.577040" lon="10.627078"><ele>788</ele></trkpt>
      <trkpt lat="47.577091" lon="10.627001"><ele>788</ele></trkpt>
      <trkpt lat="47.577114" lon="10.626854"><ele>788</ele></trkpt>
      <trkpt lat="47.577154" lon="10.626725"><ele>788</ele></trkpt>
      <trkpt lat="47.577090" lon="10.626677"><ele>788</ele></trkpt>
      <trkpt lat="47.577036" lon="10.626629"><ele>788</ele></trkpt>
      <trkpt lat="47.576952" lon="10.626519"><ele>788</ele></trkpt>
      <trkpt lat="47.576986" lon="10.626492"><ele>788</ele></trkpt>
      <trkpt lat="47.577346" lon="10.626111"><ele>789</ele></trkpt>
      <trkpt lat="47.577444" lon="10.626038"><ele>790</ele></trkpt>
      <trkpt lat="47.577366" lon="10.625768"><ele>789</ele></trkpt>
      <trkpt lat="47.577410" lon="10.625737"><ele>789</ele></trkpt>
      <trkpt lat="47.577245" lon="10.625136"><ele>791</ele></trkpt>
      <trkpt lat="47.577214" lon="10.624968"><ele>792</ele></trkpt>
      <trkpt lat="47.577162" lon="10.624673"><ele>792</ele></trkpt>
      <trkpt lat="47.576991" lon="10.624002"><ele>797</ele></trkpt>
      <trkpt lat="47.576912" lon="10.623967"><ele>797</ele></trkpt>
      <trkpt lat="47.576905" lon="10.623825"><ele>798</ele></trkpt>
      <trkpt lat="47.576886" lon="10.623714"><ele>799</ele></trkpt>
      <trkpt lat="47.576759" lon="10.623377"><ele>802</ele></trkpt>
      <trkpt lat="47.576721" lon="10.623273"><ele>803</ele></trkpt>
      <trkpt lat="47.576581" lon="10.622915"><ele>808</ele></trkpt>
      <trkpt lat="47.576446" lon="10.622585"><ele>813</ele></trkpt>
      <trkpt lat="47.576411" lon="10.622242"><ele>816</ele></trkpt>
      <trkpt lat="47.576430" lon="10.621607"><ele>820</ele></trkpt>
      <trkpt lat="47.576383" lon="10.621472"><ele>820</ele></trkpt>
      <trkpt lat="47.576286" lon="10.621351"><ele>821</ele></trkpt>
      <trkpt lat="47.576420" lon="10.620876"><ele>821</ele></trkpt>
      <trkpt lat="47.576794" lon="10.619549"><ele>825</ele></trkpt>
      <trkpt lat="47.577044" lon="10.618617"><ele>829</ele></trkpt>
      <trkpt lat="47.577274" lon="10.617695"><ele>838</ele></trkpt>
      <trkpt lat="47.577292" lon="10.617584"><ele>839</ele></trkpt>
      <trkpt lat="47.577291" lon="10.617475"><ele>840</ele></trkpt>
      <trkpt lat="47.577210" lon="10.617220"><ele>844</ele></trkpt>
      <trkpt lat="47.577030" lon="10.616813"><ele>850</ele></trkpt>
      <trkpt lat="47.576967" lon="10.616596"><ele>852</ele></trkpt>
      <trkpt lat="47.576938" lon="10.616465"><ele>853</ele></trkpt>
      <trkpt lat="47.576923" lon="10.616323"><ele>854</ele></trkpt>
      <trkpt lat="47.576930" lon="10.616222"><ele>856</ele></trkpt>
      <trkpt lat="47.576963" lon="10.616130"><ele>856</ele></trkpt>
      <trkpt lat="47.577061" lon="10.615935"><ele>859</ele></trkpt>
      <trkpt lat="47.577201" lon="10.615752"><ele>862</ele></trkpt>
      <trkpt lat="47.577334" lon="10.615533"><ele>863</ele></trkpt>
      <trkpt lat="47.577418" lon="10.615368"><ele>864</ele></trkpt>
      <trkpt lat="47.577479" lon="10.615161"><ele>864</ele></trkpt>
      <trkpt lat="47.577578" lon="10.614743"><ele>866</ele></trkpt>
      <trkpt lat="47.577650" lon="10.614296"><ele>868</ele></trkpt>
      <trkpt lat="47.577704" lon="10.614164"><ele>868</ele></trkpt>
      <trkpt lat="47.577769" lon="10.614033"><ele>868</ele></trkpt>
      <trkpt lat="47.577831" lon="10.613934"><ele>868</ele></trkpt>
      <trkpt lat="47.577912" lon="10.613869"><ele>868</ele></trkpt>
      <trkpt lat="47.578146" lon="10.613592"><ele>868</ele></trkpt>
      <trkpt lat="47.578205" lon="10.613476"><ele>868</ele></trkpt>
      <trkpt lat="47.578350" lon="10.613160"><ele>866</ele></trkpt>
      <trkpt lat="47.578686" lon="10.612518"><ele>864</ele></trkpt>
      <trkpt lat="47.579027" lon="10.611733"><ele>864</ele></trkpt>
      <trkpt lat="47.579304" lon="10.611028"><ele>865</ele></trkpt>
      <trkpt lat="47.579627" lon="10.610418"><ele>865</ele></trkpt>
      <trkpt lat="47.579710" lon="10.610243"><ele>866</ele></trkpt>
      <trkpt lat="47.579847" lon="10.609922"><ele>866</ele></trkpt>
      <trkpt lat="47.579971" lon="10.609422"><ele>868</ele></trkpt>
      <trkpt lat="47.580051" lon="10.608840"><ele>869</ele></trkpt>
      <trkpt lat="47.580065" lon="10.608157"><ele>870</ele></trkpt>
      <trkpt lat="47.580069" lon="10.607559"><ele>869</ele></trkpt>
      <trkpt lat="47.580038" lon="10.607273"><ele>870</ele></trkpt>
      <trkpt lat="47.580021" lon="10.606938"><ele>872</ele></trkpt>
      <trkpt lat="47.579953" lon="10.606719"><ele>871</ele></trkpt>
      <trkpt lat="47.579869" lon="10.606526"><ele>872</ele></trkpt>
      <trkpt lat="47.579826" lon="10.606474"><ele>872</ele></trkpt>
      <trkpt lat="47.579940" lon="10.606201"><ele>873</ele></trkpt>
      <trkpt lat="47.579962" lon="10.606113"><ele>872</ele></trkpt>
      <trkpt lat="47.579956" lon="10.605984"><ele>874</ele></trkpt>
      <trkpt lat="47.579916" lon="10.605699"><ele>874</ele></trkpt>
      <trkpt lat="47.579950" lon="10.605593"><ele>875</ele></trkpt>
      <trkpt lat="47.580033" lon="10.605899"><ele>875</ele></trkpt>
      <trkpt lat="47.580153" lon="10.605730"><ele>876</ele></trkpt>
      <trkpt lat="47.580285" lon="10.605487"><ele>877</ele></trkpt>
      <trkpt lat="47.580966" lon="10.603723"><ele>884</ele></trkpt>
      <trkpt lat="47.581778" lon="10.601240"><ele>893</ele></trkpt>
      <trkpt lat="47.581993" lon="10.600531"><ele>894</ele></trkpt>
      <trkpt lat="47.582042" lon="10.600335"><ele>894</ele></trkpt>
      <trkpt lat="47.582281" lon="10.599378"><ele>894</ele></trkpt>
      <trkpt lat="47.582348" lon="10.599055"><ele>894</ele></trkpt>
      <trkpt lat="47.582347" lon="10.598945"><ele>895</ele></trkpt>
      <trkpt lat="47.582381" lon="10.598522"><ele>895</ele></trkpt>
      <trkpt lat="47.582433" lon="10.598352"><ele>896</ele></trkpt>
      <trkpt lat="47.582571" lon="10.598014"><ele>895</ele></trkpt>
      <trkpt lat="47.582657" lon="10.597625"><ele>896</ele></trkpt>
      <trkpt lat="47.582661" lon="10.597585"><ele>896</ele></trkpt>
      <trkpt lat="47.582675" lon="10.597420"><ele>897</ele></trkpt>
      <trkpt lat="47.582723" lon="10.597256"><ele>898</ele></trkpt>
      <trkpt lat="47.582855" lon="10.596694"><ele>898</ele></trkpt>
      <trkpt lat="47.583091" lon="10.595616"><ele>898</ele></trkpt>
      <trkpt lat="47.583307" lon="10.594795"><ele>897</ele></trkpt>
      <trkpt lat="47.583864" lon="10.592880"><ele>895</ele></trkpt>
      <trkpt lat="47.584930" lon="10.589120"><ele>893</ele></trkpt>
      <trkpt lat="47.584988" lon="10.588919"><ele>894</ele></trkpt>
      <trkpt lat="47.585087" lon="10.588320"><ele>894</ele></trkpt>
      <trkpt lat="47.585408" lon="10.587505"><ele>892</ele></trkpt>
      <trkpt lat="47.585621" lon="10.586885"><ele>892</ele></trkpt>
      <trkpt lat="47.585759" lon="10.586591"><ele>892</ele></trkpt>
      <trkpt lat="47.586116" lon="10.585578"><ele>893</ele></trkpt>
      <trkpt lat="47.586764" lon="10.583737"><ele>895</ele></trkpt>
      <trkpt lat="47.586848" lon="10.583437"><ele>895</ele></trkpt>
      <trkpt lat="47.587038" lon="10.583033"><ele>894</ele></trkpt>
      <trkpt lat="47.587270" lon="10.582378"><ele>894</ele></trkpt>
      <trkpt lat="47.587596" lon="10.581364"><ele>892</ele></trkpt>
      <trkpt lat="47.587677" lon="10.581034"><ele>892</ele></trkpt>
      <trkpt lat="47.587719" lon="10.580772"><ele>891</ele></trkpt>
      <trkpt lat="47.587745" lon="10.580556"><ele>891</ele></trkpt>
      <trkpt lat="47.587875" lon="10.580159"><ele>891</ele></trkpt>
      <trkpt lat="47.588008" lon="10.579545"><ele>892</ele></trkpt>
      <trkpt lat="47.588078" lon="10.579029"><ele>893</ele></trkpt>
      <trkpt lat="47.588255" lon="10.578369"><ele>893</ele></trkpt>
      <trkpt lat="47.588531" lon="10.577561"><ele>896</ele></trkpt>
      <trkpt lat="47.588623" lon="10.577220"><ele>897</ele></trkpt>
      <trkpt lat="47.588706" lon="10.577052"><ele>896</ele></trkpt>
      <trkpt lat="47.588961" lon="10.576832"><ele>895</ele></trkpt>
      <trkpt lat="47.589446" lon="10.576339"><ele>897</ele></trkpt>
      <trkpt lat="47.589477" lon="10.576264"><ele>897</ele></trkpt>
      <trkpt lat="47.589471" lon="10.576214"><ele>897</ele></trkpt>
      <trkpt lat="47.589104" lon="10.576498"><ele>896</ele></trkpt>
      <trkpt lat="47.588945" lon="10.576595"><ele>896</ele></trkpt>
      <trkpt lat="47.588930" lon="10.576645"><ele>895</ele></trkpt>
      <trkpt lat="47.588964" lon="10.576764"><ele>895</ele></trkpt>
      <trkpt lat="47.589097" lon="10.577013"><ele>893</ele></trkpt>
      <trkpt lat="47.589120" lon="10.577050"><ele>892</ele></trkpt>
      <trkpt lat="47.589158" lon="10.577076"><ele>892</ele></trkpt>
      <trkpt lat="47.589213" lon="10.577053"><ele>892</ele></trkpt>
      <trkpt lat="47.589490" lon="10.576761"><ele>895</ele></trkpt>
      <trkpt lat="47.589607" lon="10.576690"><ele>896</ele></trkpt>
      <trkpt lat="47.589771" lon="10.576720"><ele>896</ele></trkpt>
      <trkpt lat="47.589919" lon="10.576700"><ele>897</ele></trkpt>
      <trkpt lat="47.589942" lon="10.576683"><ele>897</ele></trkpt>
      <trkpt lat="47.589966" lon="10.576636"><ele>897</ele></trkpt>
      <trkpt lat="47.589995" lon="10.576576"><ele>897</ele></trkpt>
      <trkpt lat="47.590047" lon="10.576497"><ele>897</ele></trkpt>
      <trkpt lat="47.590293" lon="10.576759"><ele>897</ele></trkpt>
      <trkpt lat="47.590769" lon="10.577197"><ele>896</ele></trkpt>
      <trkpt lat="47.591264" lon="10.577586"><ele>896</ele></trkpt>
      <trkpt lat="47.591846" lon="10.578024"><ele>895</ele></trkpt>
      <trkpt lat="47.592288" lon="10.578341"><ele>894</ele></trkpt>
      <trkpt lat="47.593262" lon="10.578962"><ele>893</ele></trkpt>
      <trkpt lat="47.593871" lon="10.579321"><ele>893</ele></trkpt>
      <trkpt lat="47.594627" lon="10.579699"><ele>896</ele></trkpt>
      <trkpt lat="47.594689" lon="10.579731"><ele>896</ele></trkpt>
      <trkpt lat="47.595249" lon="10.580067"><ele>898</ele></trkpt>
      <trkpt lat="47.596106" lon="10.580501"><ele>905</ele></trkpt>
      <trkpt lat="47.596567" lon="10.580711"><ele>906</ele></trkpt>
      <trkpt lat="47.596893" lon="10.580846"><ele>905</ele></trkpt>
      <trkpt lat="47.597296" lon="10.580998"><ele>906</ele></trkpt>
      <trkpt lat="47.597610" lon="10.581088"><ele>904</ele></trkpt>
      <trkpt lat="47.597908" lon="10.581161"><ele>903</ele></trkpt>
      <trkpt lat="47.598318" lon="10.581203"><ele>902</ele></trkpt>
      <trkpt lat="47.598894" lon="10.581198"><ele>902</ele></trkpt>
      <trkpt lat="47.599205" lon="10.581169"><ele>899</ele></trkpt>
      <trkpt lat="47.600186" lon="10.580982"><ele>890</ele></trkpt>
      <trkpt lat="47.600489" lon="10.580959"><ele>888</ele></trkpt>
      <trkpt lat="47.600776" lon="10.580989"><ele>885</ele></trkpt>
      <trkpt lat="47.600892" lon="10.581016"><ele>885</ele></trkpt>
      <trkpt lat="47.601030" lon="10.581049"><ele>884</ele></trkpt>
      <trkpt lat="47.601086" lon="10.581036"><ele>884</ele></trkpt>
      <trkpt lat="47.601186" lon="10.581073"><ele>883</ele></trkpt>
      <trkpt lat="47.601256" lon="10.580760"><ele>883</ele></trkpt>
      <trkpt lat="47.601295" lon="10.580564"><ele>882</ele></trkpt>
      <trkpt lat="47.601345" lon="10.580252"><ele>882</ele></trkpt>
      <trkpt lat="47.601418" lon="10.579860"><ele>882</ele></trkpt>
      <trkpt lat="47.601634" lon="10.578461"><ele>882</ele></trkpt>
      <trkpt lat="47.601720" lon="10.578078"><ele>882</ele></trkpt>
      <trkpt lat="47.601928" lon="10.577517"><ele>880</ele></trkpt>
      <trkpt lat="47.602464" lon="10.576159"><ele>878</ele></trkpt>
      <trkpt lat="47.602593" lon="10.575697"><ele>878</ele></trkpt>
      <trkpt lat="47.602671" lon="10.575210"><ele>878</ele></trkpt>
      <trkpt lat="47.602700" lon="10.574795"><ele>878</ele></trkpt>
      <trkpt lat="47.602686" lon="10.574299"><ele>879</ele></trkpt>
      <trkpt lat="47.602612" lon="10.573506"><ele>883</ele></trkpt>
      <trkpt lat="47.602552" lon="10.572596"><ele>885</ele></trkpt>
      <trkpt lat="47.602460" lon="10.571333"><ele>885</ele></trkpt>
      <trkpt lat="47.602443" lon="10.570884"><ele>884</ele></trkpt>
      <trkpt lat="47.602459" lon="10.570455"><ele>884</ele></trkpt>
      <trkpt lat="47.602533" lon="10.569926"><ele>884</ele></trkpt>
      <trkpt lat="47.602637" lon="10.569490"><ele>884</ele></trkpt>
      <trkpt lat="47.602839" lon="10.568663"><ele>884</ele></trkpt>
      <trkpt lat="47.602860" lon="10.568415"><ele>884</ele></trkpt>
      <trkpt lat="47.602844" lon="10.568174"><ele>884</ele></trkpt>
      <trkpt lat="47.602774" lon="10.567922"><ele>884</ele></trkpt>
      <trkpt lat="47.602495" lon="10.567209"><ele>884</ele></trkpt>
      <trkpt lat="47.602321" lon="10.566871"><ele>884</ele></trkpt>
      <trkpt lat="47.602174" lon="10.566716"><ele>883</ele></trkpt>
      <trkpt lat="47.601996" lon="10.566589"><ele>882</ele></trkpt>
      <trkpt lat="47.601841" lon="10.566542"><ele>881</ele></trkpt>
      <trkpt lat="47.601620" lon="10.566539"><ele>880</ele></trkpt>
      <trkpt lat="47.601348" lon="10.566589"><ele>879</ele></trkpt>
      <trkpt lat="47.601176" lon="10.566582"><ele>878</ele></trkpt>
      <trkpt lat="47.600958" lon="10.566542"><ele>877</ele></trkpt>
      <trkpt lat="47.600735" lon="10.566427"><ele>876</ele></trkpt>
      <trkpt lat="47.600364" lon="10.566193"><ele>874</ele></trkpt>
      <trkpt lat="47.600212" lon="10.566164"><ele>874</ele></trkpt>
      <trkpt lat="47.600327" lon="10.565978"><ele>873</ele></trkpt>
      <trkpt lat="47.600735" lon="10.565587"><ele>872</ele></trkpt>
      <trkpt lat="47.600877" lon="10.565509"><ele>871</ele></trkpt>
      <trkpt lat="47.601039" lon="10.565460"><ele>870</ele></trkpt>
      <trkpt lat="47.601161" lon="10.565443"><ele>870</ele></trkpt>
      <trkpt lat="47.601295" lon="10.565467"><ele>869</ele></trkpt>
      <trkpt lat="47.601592" lon="10.565570"><ele>868</ele></trkpt>
      <trkpt lat="47.601713" lon="10.565561"><ele>868</ele></trkpt>
      <trkpt lat="47.601860" lon="10.565513"><ele>868</ele></trkpt>
      <trkpt lat="47.602027" lon="10.565408"><ele>869</ele></trkpt>
      <trkpt lat="47.602151" lon="10.565232"><ele>869</ele></trkpt>
      <trkpt lat="47.602222" lon="10.565075"><ele>868</ele></trkpt>
      <trkpt lat="47.602302" lon="10.564932"><ele>868</ele></trkpt>
      <trkpt lat="47.602443" lon="10.564807"><ele>867</ele></trkpt>
      <trkpt lat="47.602523" lon="10.564754"><ele>867</ele></trkpt>
      <trkpt lat="47.602573" lon="10.564669"><ele>866</ele></trkpt>
      <trkpt lat="47.602726" lon="10.564451"><ele>865</ele></trkpt>
      <trkpt lat="47.603130" lon="10.563601"><ele>864</ele></trkpt>
      <trkpt lat="47.603264" lon="10.563265"><ele>865</ele></trkpt>
      <trkpt lat="47.603312" lon="10.563191"><ele>865</ele></trkpt>
      <trkpt lat="47.603381" lon="10.563124"><ele>866</ele></trkpt>
      <trkpt lat="47.603451" lon="10.563098"><ele>866</ele></trkpt>
      <trkpt lat="47.603536" lon="10.563115"><ele>866</ele></trkpt>
      <trkpt lat="47.603672" lon="10.563207"><ele>868</ele></trkpt>
      <trkpt lat="47.603796" lon="10.563311"><ele>868</ele></trkpt>
      <trkpt lat="47.603933" lon="10.563379"><ele>869</ele></trkpt>
      <trkpt lat="47.604077" lon="10.563378"><ele>869</ele></trkpt>
      <trkpt lat="47.604258" lon="10.563323"><ele>871</ele></trkpt>
      <trkpt lat="47.604490" lon="10.563204"><ele>873</ele></trkpt>
      <trkpt lat="47.604680" lon="10.563145"><ele>874</ele></trkpt>
      <trkpt lat="47.604793" lon="10.563083"><ele>875</ele></trkpt>
      <trkpt lat="47.604937" lon="10.562970"><ele>877</ele></trkpt>
      <trkpt lat="47.605042" lon="10.562835"><ele>879</ele></trkpt>
      <trkpt lat="47.605062" lon="10.562790"><ele>879</ele></trkpt>
      <trkpt lat="47.605552" lon="10.561835"><ele>883</ele></trkpt>
      <trkpt lat="47.605625" lon="10.561694"><ele>883</ele></trkpt>
      <trkpt lat="47.605761" lon="10.561434"><ele>883</ele></trkpt>
      <trkpt lat="47.605824" lon="10.560888"><ele>883</ele></trkpt>
      <trkpt lat="47.605792" lon="10.560758"><ele>883</ele></trkpt>
      <trkpt lat="47.605729" lon="10.560443"><ele>883</ele></trkpt>
      <trkpt lat="47.605716" lon="10.560303"><ele>883</ele></trkpt>
      <trkpt lat="47.605706" lon="10.560200"><ele>883</ele></trkpt>
      <trkpt lat="47.605730" lon="10.559921"><ele>883</ele></trkpt>
      <trkpt lat="47.605780" lon="10.559719"><ele>883</ele></trkpt>
      <trkpt lat="47.605820" lon="10.559663"><ele>883</ele></trkpt>
      <trkpt lat="47.605864" lon="10.559604"><ele>883</ele></trkpt>
      <trkpt lat="47.605930" lon="10.559470"><ele>884</ele></trkpt>
      <trkpt lat="47.605965" lon="10.559287"><ele>883</ele></trkpt>
      <trkpt lat="47.605976" lon="10.558987"><ele>882</ele></trkpt>
      <trkpt lat="47.606224" lon="10.558647"><ele>881</ele></trkpt>
      <trkpt lat="47.606267" lon="10.558559"><ele>881</ele></trkpt>
      <trkpt lat="47.606287" lon="10.558470"><ele>881</ele></trkpt>
      <trkpt lat="47.606301" lon="10.558294"><ele>881</ele></trkpt>
      <trkpt lat="47.606291" lon="10.558147"><ele>881</ele></trkpt>
      <trkpt lat="47.606231" lon="10.557750"><ele>880</ele></trkpt>
      <trkpt lat="47.606202" lon="10.557541"><ele>880</ele></trkpt>
      <trkpt lat="47.606120" lon="10.557178"><ele>878</ele></trkpt>
      <trkpt lat="47.606014" lon="10.556783"><ele>878</ele></trkpt>
      <trkpt lat="47.606049" lon="10.556342"><ele>878</ele></trkpt>
      <trkpt lat="47.606192" lon="10.555382"><ele>876</ele></trkpt>
      <trkpt lat="47.606250" lon="10.555146"><ele>876</ele></trkpt>
      <trkpt lat="47.606323" lon="10.554945"><ele>876</ele></trkpt>
      <trkpt lat="47.606554" lon="10.554656"><ele>876</ele></trkpt>
      <trkpt lat="47.606799" lon="10.554309"><ele>876</ele></trkpt>
      <trkpt lat="47.606883" lon="10.553873"><ele>876</ele></trkpt>
      <trkpt lat="47.606920" lon="10.553484"><ele>876</ele></trkpt>
      <trkpt lat="47.606933" lon="10.553080"><ele>876</ele></trkpt>
      <trkpt lat="47.606830" lon="10.552552"><ele>875</ele></trkpt>
      <trkpt lat="47.606825" lon="10.552048"><ele>874</ele></trkpt>
      <trkpt lat="47.607005" lon="10.550802"><ele>873</ele></trkpt>
      <trkpt lat="47.607005" lon="10.550282"><ele>871</ele></trkpt>
      <trkpt lat="47.606939" lon="10.550070"><ele>869</ele></trkpt>
      <trkpt lat="47.606874" lon="10.549923"><ele>868</ele></trkpt>
      <trkpt lat="47.606852" lon="10.549722"><ele>866</ele></trkpt>
      <trkpt lat="47.606911" lon="10.549515"><ele>867</ele></trkpt>
      <trkpt lat="47.607126" lon="10.549372"><ele>868</ele></trkpt>
      <trkpt lat="47.607340" lon="10.549208"><ele>869</ele></trkpt>
      <trkpt lat="47.607443" lon="10.549062"><ele>869</ele></trkpt>
      <trkpt lat="47.607516" lon="10.548905"><ele>869</ele></trkpt>
      <trkpt lat="47.607586" lon="10.548649"><ele>868</ele></trkpt>
      <trkpt lat="47.607626" lon="10.548400"><ele>867</ele></trkpt>
      <trkpt lat="47.607657" lon="10.547893"><ele>865</ele></trkpt>
      <trkpt lat="47.607778" lon="10.547437"><ele>865</ele></trkpt>
      <trkpt lat="47.607789" lon="10.547330"><ele>865</ele></trkpt>
      <trkpt lat="47.607713" lon="10.547078"><ele>865</ele></trkpt>
      <trkpt lat="47.607653" lon="10.547019"><ele>865</ele></trkpt>
      <trkpt lat="47.607395" lon="10.546874"><ele>866</ele></trkpt>
      <trkpt lat="47.607341" lon="10.546793"><ele>866</ele></trkpt>
      <trkpt lat="47.607307" lon="10.546705"><ele>866</ele></trkpt>
      <trkpt lat="47.607300" lon="10.546536"><ele>866</ele></trkpt>
      <trkpt lat="47.607320" lon="10.546264"><ele>866</ele></trkpt>
      <trkpt lat="47.607330" lon="10.545930"><ele>866</ele></trkpt>
      <trkpt lat="47.607334" lon="10.545558"><ele>866</ele></trkpt>
      <trkpt lat="47.607330" lon="10.544926"><ele>866</ele></trkpt>
      <trkpt lat="47.607300" lon="10.544660"><ele>867</ele></trkpt>
      <trkpt lat="47.607204" lon="10.544259"><ele>867</ele></trkpt>
      <trkpt lat="47.607119" lon="10.543990"><ele>867</ele></trkpt>
      <trkpt lat="47.607099" lon="10.543808"><ele>867</ele></trkpt>
      <trkpt lat="47.607127" lon="10.543611"><ele>868</ele></trkpt>
      <trkpt lat="47.607178" lon="10.543414"><ele>868</ele></trkpt>
      <trkpt lat="47.607293" lon="10.543106"><ele>868</ele></trkpt>
      <trkpt lat="47.607422" lon="10.542596"><ele>869</ele></trkpt>
      <trkpt lat="47.607696" lon="10.541601"><ele>871</ele></trkpt>
      <trkpt lat="47.607733" lon="10.541401"><ele>872</ele></trkpt>
      <trkpt lat="47.607756" lon="10.541129"><ele>872</ele></trkpt>
      <trkpt lat="47.607788" lon="10.540600"><ele>873</ele></trkpt>
      <trkpt lat="47.607863" lon="10.540099"><ele>874</ele></trkpt>
      <trkpt lat="47.607940" lon="10.539663"><ele>874</ele></trkpt>
      <trkpt lat="47.607935" lon="10.539501"><ele>874</ele></trkpt>
      <trkpt lat="47.607910" lon="10.539170"><ele>876</ele></trkpt>
      <trkpt lat="47.607868" lon="10.538782"><ele>876</ele></trkpt>
      <trkpt lat="47.607824" lon="10.538293"><ele>877</ele></trkpt>
      <trkpt lat="47.607784" lon="10.537696"><ele>877</ele></trkpt>
      <trkpt lat="47.607737" lon="10.537301"><ele>878</ele></trkpt>
      <trkpt lat="47.607608" lon="10.536374"><ele>884</ele></trkpt>
      <trkpt lat="47.607484" lon="10.535561"><ele>887</ele></trkpt>
      <trkpt lat="47.607446" lon="10.535306"><ele>889</ele></trkpt>
      <trkpt lat="47.607431" lon="10.535200"><ele>889</ele></trkpt>
      <trkpt lat="47.607397" lon="10.535052"><ele>890</ele></trkpt>
      <trkpt lat="47.607360" lon="10.534893"><ele>891</ele></trkpt>
      <trkpt lat="47.607330" lon="10.534805"><ele>891</ele></trkpt>
      <trkpt lat="47.607220" lon="10.534481"><ele>894</ele></trkpt>
      <trkpt lat="47.607014" lon="10.534011"><ele>895</ele></trkpt>
      <trkpt lat="47.607246" lon="10.533722"><ele>894</ele></trkpt>
      <trkpt lat="47.607414" lon="10.533444"><ele>893</ele></trkpt>
      <trkpt lat="47.607533" lon="10.533089"><ele>894</ele></trkpt>
      <trkpt lat="47.607700" lon="10.532655"><ele>892</ele></trkpt>
      <trkpt lat="47.607796" lon="10.532389"><ele>892</ele></trkpt>
      <trkpt lat="47.607922" lon="10.532094"><ele>891</ele></trkpt>
      <trkpt lat="47.608212" lon="10.531577"><ele>890</ele></trkpt>
      <trkpt lat="47.608790" lon="10.530534"><ele>887</ele></trkpt>
      <trkpt lat="47.609450" lon="10.529411"><ele>885</ele></trkpt>
      <trkpt lat="47.609526" lon="10.529328"><ele>885</ele></trkpt>
      <trkpt lat="47.609536" lon="10.529263"><ele>885</ele></trkpt>
      <trkpt lat="47.609691" lon="10.528629"><ele>885</ele></trkpt>
      <trkpt lat="47.609763" lon="10.528381"><ele>884</ele></trkpt>
      <trkpt lat="47.609898" lon="10.527825"><ele>885</ele></trkpt>
      <trkpt lat="47.610067" lon="10.527272"><ele>884</ele></trkpt>
      <trkpt lat="47.610163" lon="10.527012"><ele>885</ele></trkpt>
      <trkpt lat="47.610263" lon="10.526812"><ele>884</ele></trkpt>
      <trkpt lat="47.610381" lon="10.526604"><ele>884</ele></trkpt>
      <trkpt lat="47.610416" lon="10.526477"><ele>884</ele></trkpt>
      <trkpt lat="47.610462" lon="10.526354"><ele>884</ele></trkpt>
      <trkpt lat="47.610684" lon="10.525892"><ele>885</ele></trkpt>
      <trkpt lat="47.611004" lon="10.525266"><ele>885</ele></trkpt>
      <trkpt lat="47.611840" lon="10.523673"><ele>887</ele></trkpt>
      <trkpt lat="47.612801" lon="10.521877"><ele>888</ele></trkpt>
      <trkpt lat="47.613171" lon="10.521199"><ele>888</ele></trkpt>
      <trkpt lat="47.613553" lon="10.520476"><ele>889</ele></trkpt>
      <trkpt lat="47.613914" lon="10.519752"><ele>889</ele></trkpt>
      <trkpt lat="47.614124" lon="10.519296"><ele>888</ele></trkpt>
      <trkpt lat="47.614422" lon="10.518649"><ele>886</ele></trkpt>
      <trkpt lat="47.614427" lon="10.518553"><ele>886</ele></trkpt>
      <trkpt lat="47.614375" lon="10.518390"><ele>887</ele></trkpt>
      <trkpt lat="47.614353" lon="10.518347"><ele>888</ele></trkpt>
      <trkpt lat="47.614319" lon="10.518214"><ele>888</ele></trkpt>
      <trkpt lat="47.614300" lon="10.517980"><ele>888</ele></trkpt>
      <trkpt lat="47.614305" lon="10.517846"><ele>889</ele></trkpt>
      <trkpt lat="47.614346" lon="10.517679"><ele>889</ele></trkpt>
      <trkpt lat="47.614407" lon="10.517517"><ele>889</ele></trkpt>
      <trkpt lat="47.614485" lon="10.517400"><ele>889</ele></trkpt>
      <trkpt lat="47.614544" lon="10.517328"><ele>889</ele></trkpt>
      <trkpt lat="47.614645" lon="10.517250"><ele>888</ele></trkpt>
      <trkpt lat="47.614717" lon="10.517221"><ele>888</ele></trkpt>
      <trkpt lat="47.614823" lon="10.517201"><ele>887</ele></trkpt>
      <trkpt lat="47.614928" lon="10.517210"><ele>886</ele></trkpt>
      <trkpt lat="47.615022" lon="10.517233"><ele>885</ele></trkpt>
      <trkpt lat="47.615076" lon="10.517214"><ele>884</ele></trkpt>
      <trkpt lat="47.615114" lon="10.517173"><ele>884</ele></trkpt>
      <trkpt lat="47.615433" lon="10.516532"><ele>883</ele></trkpt>
      <trkpt lat="47.615695" lon="10.516123"><ele>882</ele></trkpt>
      <trkpt lat="47.615994" lon="10.515717"><ele>880</ele></trkpt>
      <trkpt lat="47.616804" lon="10.514693"><ele>876</ele></trkpt>
      <trkpt lat="47.616988" lon="10.514411"><ele>876</ele></trkpt>
      <trkpt lat="47.617111" lon="10.514147"><ele>876</ele></trkpt>
      <trkpt lat="47.617176" lon="10.513932"><ele>876</ele></trkpt>
      <trkpt lat="47.617220" lon="10.513711"><ele>876</ele></trkpt>
      <trkpt lat="47.617224" lon="10.513543"><ele>876</ele></trkpt>
      <trkpt lat="47.617190" lon="10.513291"><ele>876</ele></trkpt>
      <trkpt lat="47.617410" lon="10.513354"><ele>876</ele></trkpt>
      <trkpt lat="47.617475" lon="10.513299"><ele>877</ele></trkpt>
      <trkpt lat="47.617655" lon="10.513265"><ele>876</ele></trkpt>
      <trkpt lat="47.617806" lon="10.513213"><ele>875</ele></trkpt>
      <trkpt lat="47.617883" lon="10.513176"><ele>875</ele></trkpt>
      <trkpt lat="47.618020" lon="10.513082"><ele>875</ele></trkpt>
      <trkpt lat="47.618157" lon="10.512922"><ele>874</ele></trkpt>
      <trkpt lat="47.618281" lon="10.512690"><ele>874</ele></trkpt>
      <trkpt lat="47.618362" lon="10.512491"><ele>875</ele></trkpt>
      <trkpt lat="47.618418" lon="10.512296"><ele>874</ele></trkpt>
      <trkpt lat="47.618457" lon="10.512136"><ele>875</ele></trkpt>
      <trkpt lat="47.618501" lon="10.511879"><ele>876</ele></trkpt>
      <trkpt lat="47.618590" lon="10.510972"><ele>877</ele></trkpt>
      <trkpt lat="47.618680" lon="10.510306"><ele>878</ele></trkpt>
      <trkpt lat="47.618765" lon="10.509786"><ele>879</ele></trkpt>
      <trkpt lat="47.618822" lon="10.509528"><ele>879</ele></trkpt>
      <trkpt lat="47.618873" lon="10.509360"><ele>879</ele></trkpt>
      <trkpt lat="47.618941" lon="10.509171"><ele>878</ele></trkpt>
      <trkpt lat="47.619166" lon="10.508650"><ele>879</ele></trkpt>
      <trkpt lat="47.619274" lon="10.508388"><ele>878</ele></trkpt>
      <trkpt lat="47.619359" lon="10.508179"><ele>878</ele></trkpt>
      <trkpt lat="47.619535" lon="10.507799"><ele>879</ele></trkpt>
      <trkpt lat="47.619646" lon="10.507759"><ele>879</ele></trkpt>
      <trkpt lat="47.619668" lon="10.507711"><ele>879</ele></trkpt>
      <trkpt lat="47.619711" lon="10.507617"><ele>878</ele></trkpt>
      <trkpt lat="47.619771" lon="10.507633"><ele>878</ele></trkpt>
      <trkpt lat="47.619916" lon="10.507674"><ele>878</ele></trkpt>
      <trkpt lat="47.620066" lon="10.507680"><ele>878</ele></trkpt>
      <trkpt lat="47.620590" lon="10.507743"><ele>876</ele></trkpt>
      <trkpt lat="47.620932" lon="10.507694"><ele>873</ele></trkpt>
      <trkpt lat="47.621225" lon="10.507633"><ele>872</ele></trkpt>
      <trkpt lat="47.621213" lon="10.507561"><ele>872</ele></trkpt>
      <trkpt lat="47.621196" lon="10.507419"><ele>872</ele></trkpt>
      <trkpt lat="47.621188" lon="10.507359"><ele>871</ele></trkpt>
      <trkpt lat="47.621163" lon="10.507130"><ele>870</ele></trkpt>
      <trkpt lat="47.621206" lon="10.506750"><ele>869</ele></trkpt>
      <trkpt lat="47.621929" lon="10.506545"><ele>866</ele></trkpt>
      <trkpt lat="47.622518" lon="10.506331"><ele>864</ele></trkpt>
      <trkpt lat="47.622756" lon="10.506193"><ele>863</ele></trkpt>
      <trkpt lat="47.622828" lon="10.506132"><ele>863</ele></trkpt>
      <trkpt lat="47.622881" lon="10.506008"><ele>863</ele></trkpt>
      <trkpt lat="47.622929" lon="10.505770"><ele>863</ele></trkpt>
      <trkpt lat="47.622990" lon="10.505310"><ele>862</ele></trkpt>
      <trkpt lat="47.623042" lon="10.505008"><ele>861</ele></trkpt>
      <trkpt lat="47.623131" lon="10.504498"><ele>861</ele></trkpt>
      <trkpt lat="47.623209" lon="10.504078"><ele>860</ele></trkpt>
      <trkpt lat="47.623315" lon="10.503165"><ele>858</ele></trkpt>
      <trkpt lat="47.623341" lon="10.502938"><ele>858</ele></trkpt>
      <trkpt lat="47.623358" lon="10.502789"><ele>858</ele></trkpt>
      <trkpt lat="47.623368" lon="10.502581"><ele>858</ele></trkpt>
      <trkpt lat="47.623445" lon="10.501631"><ele>858</ele></trkpt>
      <trkpt lat="47.623462" lon="10.501321"><ele>859</ele></trkpt>
      <trkpt lat="47.623661" lon="10.501196"><ele>859</ele></trkpt>
      <trkpt lat="47.623747" lon="10.501106"><ele>860</ele></trkpt>
      <trkpt lat="47.623853" lon="10.501011"><ele>860</ele></trkpt>
      <trkpt lat="47.623648" lon="10.500661"><ele>860</ele></trkpt>
      <trkpt lat="47.623527" lon="10.500482"><ele>861</ele></trkpt>
      <trkpt lat="47.623671" lon="10.500238"><ele>861</ele></trkpt>
      <trkpt lat="47.623575" lon="10.500034"><ele>862</ele></trkpt>
      <trkpt lat="47.623502" lon="10.499917"><ele>862</ele></trkpt>
      <trkpt lat="47.623282" lon="10.499694"><ele>863</ele></trkpt>
      <trkpt lat="47.623217" lon="10.499635"><ele>863</ele></trkpt>
      <trkpt lat="47.622859" lon="10.499296"><ele>865</ele></trkpt>
      <trkpt lat="47.622793" lon="10.499234"><ele>865</ele></trkpt>
      <trkpt lat="47.622758" lon="10.499200"><ele>866</ele></trkpt>
      <trkpt lat="47.622458" lon="10.498926"><ele>868</ele></trkpt>
      <trkpt lat="47.622247" lon="10.498812"><ele>868</ele></trkpt>
      <trkpt lat="47.622292" lon="10.498669"><ele>869</ele></trkpt>
      <trkpt lat="47.622309" lon="10.498611"><ele>869</ele></trkpt>
      <trkpt lat="47.622339" lon="10.498508"><ele>869</ele></trkpt>
      <trkpt lat="47.622361" lon="10.498444"><ele>869</ele></trkpt>
      <trkpt lat="47.622395" lon="10.498343"><ele>869</ele></trkpt>
      <trkpt lat="47.622468" lon="10.498206"><ele>870</ele></trkpt>
      <trkpt lat="47.622563" lon="10.498088"><ele>870</ele></trkpt>
      <trkpt lat="47.622827" lon="10.497799"><ele>870</ele></trkpt>
      <trkpt lat="47.622879" lon="10.497737"><ele>870</ele></trkpt>
      <trkpt lat="47.623032" lon="10.497586"><ele>870</ele></trkpt>
      <trkpt lat="47.623141" lon="10.497477"><ele>871</ele></trkpt>
      <trkpt lat="47.623120" lon="10.497349"><ele>872</ele></trkpt>
      <trkpt lat="47.623117" lon="10.497087"><ele>874</ele></trkpt>
      <trkpt lat="47.623093" lon="10.496907"><ele>874</ele></trkpt>
      <trkpt lat="47.623032" lon="10.496669"><ele>875</ele></trkpt>
      <trkpt lat="47.622911" lon="10.496242"><ele>879</ele></trkpt>
      <trkpt lat="47.622735" lon="10.495780"><ele>881</ele></trkpt>
      <trkpt lat="47.622693" lon="10.495611"><ele>884</ele></trkpt>
      <trkpt lat="47.622665" lon="10.495424"><ele>886</ele></trkpt>
      <trkpt lat="47.622658" lon="10.495252"><ele>888</ele></trkpt>
      <trkpt lat="47.622673" lon="10.495080"><ele>889</ele></trkpt>
      <trkpt lat="47.622778" lon="10.494641"><ele>890</ele></trkpt>
      <trkpt lat="47.622785" lon="10.494615"><ele>890</ele></trkpt>
      <trkpt lat="47.622861" lon="10.494346"><ele>895</ele></trkpt>
      <trkpt lat="47.622887" lon="10.494177"><ele>896</ele></trkpt>
      <trkpt lat="47.622879" lon="10.494012"><ele>898</ele></trkpt>
      <trkpt lat="47.622856" lon="10.493883"><ele>898</ele></trkpt>
      <trkpt lat="47.622764" lon="10.493510"><ele>900</ele></trkpt>
      <trkpt lat="47.622638" lon="10.493505"><ele>900</ele></trkpt>
      <trkpt lat="47.622639" lon="10.493442"><ele>901</ele></trkpt>
      <trkpt lat="47.622639" lon="10.493341"><ele>901</ele></trkpt>
      <trkpt lat="47.622891" lon="10.493331"><ele>901</ele></trkpt>
      <trkpt lat="47.622975" lon="10.493281"><ele>901</ele></trkpt>
      <trkpt lat="47.623013" lon="10.493211"><ele>901</ele></trkpt>
      <trkpt lat="47.623075" lon="10.492795"><ele>903</ele></trkpt>
      <trkpt lat="47.623142" lon="10.492450"><ele>902</ele></trkpt>
      <trkpt lat="47.623215" lon="10.492195"><ele>902</ele></trkpt>
      <trkpt lat="47.623306" lon="10.491929"><ele>902</ele></trkpt>
      <trkpt lat="47.623399" lon="10.491707"><ele>902</ele></trkpt>
      <trkpt lat="47.623598" lon="10.491369"><ele>901</ele></trkpt>
      <trkpt lat="47.623850" lon="10.490977"><ele>901</ele></trkpt>
      <trkpt lat="47.623986" lon="10.490734"><ele>900</ele></trkpt>
      <trkpt lat="47.624187" lon="10.490286"><ele>900</ele></trkpt>
      <trkpt lat="47.624394" lon="10.489819"><ele>900</ele></trkpt>
      <trkpt lat="47.624546" lon="10.489522"><ele>900</ele></trkpt>
      <trkpt lat="47.624684" lon="10.489272"><ele>899</ele></trkpt>
      <trkpt lat="47.624998" lon="10.488832"><ele>899</ele></trkpt>
      <trkpt lat="47.625559" lon="10.488201"><ele>898</ele></trkpt>
      <trkpt lat="47.625789" lon="10.487919"><ele>897</ele></trkpt>
      <trkpt lat="47.626833" lon="10.486535"><ele>894</ele></trkpt>
      <trkpt lat="47.627103" lon="10.486003"><ele>895</ele></trkpt>
      <trkpt lat="47.627228" lon="10.485777"><ele>895</ele></trkpt>
      <trkpt lat="47.627297" lon="10.485718"><ele>895</ele></trkpt>
      <trkpt lat="47.627635" lon="10.485056"><ele>896</ele></trkpt>
      <trkpt lat="47.627653" lon="10.485191"><ele>895</ele></trkpt>
      <trkpt lat="47.627644" lon="10.485303"><ele>895</ele></trkpt>
      <trkpt lat="47.627590" lon="10.485421"><ele>894</ele></trkpt>
      <trkpt lat="47.627639" lon="10.485477"><ele>894</ele></trkpt>
      <trkpt lat="47.627712" lon="10.485510"><ele>894</ele></trkpt>
      <trkpt lat="47.627775" lon="10.485504"><ele>894</ele></trkpt>
      <trkpt lat="47.627871" lon="10.485462"><ele>894</ele></trkpt>
      <trkpt lat="47.628295" lon="10.485085"><ele>894</ele></trkpt>
      <trkpt lat="47.628610" lon="10.484771"><ele>894</ele></trkpt>
      <trkpt lat="47.628914" lon="10.484482"><ele>893</ele></trkpt>
      <trkpt lat="47.629025" lon="10.484328"><ele>893</ele></trkpt>
      <trkpt lat="47.629119" lon="10.484245"><ele>893</ele></trkpt>
      <trkpt lat="47.629251" lon="10.484218"><ele>893</ele></trkpt>
      <trkpt lat="47.629764" lon="10.483764"><ele>894</ele></trkpt>
      <trkpt lat="47.630318" lon="10.483259"><ele>892</ele></trkpt>
      <trkpt lat="47.630859" lon="10.482800"><ele>892</ele></trkpt>
      <trkpt lat="47.631180" lon="10.482468"><ele>892</ele></trkpt>
      <trkpt lat="47.631728" lon="10.481813"><ele>891</ele></trkpt>
      <trkpt lat="47.631985" lon="10.481432"><ele>891</ele></trkpt>
      <trkpt lat="47.632189" lon="10.481068"><ele>890</ele></trkpt>
      <trkpt lat="47.632387" lon="10.480612"><ele>890</ele></trkpt>
      <trkpt lat="47.632739" lon="10.479721"><ele>890</ele></trkpt>
      <trkpt lat="47.632855" lon="10.479353"><ele>890</ele></trkpt>
      <trkpt lat="47.632937" lon="10.479007"><ele>890</ele></trkpt>
      <trkpt lat="47.632941" lon="10.478918"><ele>890</ele></trkpt>
      <trkpt lat="47.632935" lon="10.478792"><ele>890</ele></trkpt>
      <trkpt lat="47.632930" lon="10.478699"><ele>890</ele></trkpt>
      <trkpt lat="47.632924" lon="10.478587"><ele>890</ele></trkpt>
      <trkpt lat="47.632925" lon="10.478511"><ele>890</ele></trkpt>
      <trkpt lat="47.632933" lon="10.478444"><ele>890</ele></trkpt>
      <trkpt lat="47.633074" lon="10.477824"><ele>892</ele></trkpt>
      <trkpt lat="47.633077" lon="10.477756"><ele>892</ele></trkpt>
      <trkpt lat="47.633070" lon="10.477687"><ele>892</ele></trkpt>
      <trkpt lat="47.633055" lon="10.477623"><ele>891</ele></trkpt>
      <trkpt lat="47.633031" lon="10.477581"><ele>891</ele></trkpt>
      <trkpt lat="47.632989" lon="10.477551"><ele>890</ele></trkpt>
      <trkpt lat="47.633022" lon="10.477416"><ele>890</ele></trkpt>
      <trkpt lat="47.633036" lon="10.477329"><ele>891</ele></trkpt>
      <trkpt lat="47.633045" lon="10.477214"><ele>891</ele></trkpt>
      <trkpt lat="47.633013" lon="10.475547"><ele>891</ele></trkpt>
      <trkpt lat="47.632954" lon="10.474798"><ele>891</ele></trkpt>
      <trkpt lat="47.632858" lon="10.474218"><ele>888</ele></trkpt>
      <trkpt lat="47.632825" lon="10.473836"><ele>887</ele></trkpt>
      <trkpt lat="47.632831" lon="10.473103"><ele>886</ele></trkpt>
      <trkpt lat="47.632793" lon="10.472864"><ele>888</ele></trkpt>
      <trkpt lat="47.632753" lon="10.472772"><ele>888</ele></trkpt>
      <trkpt lat="47.632832" lon="10.472605"><ele>888</ele></trkpt>
      <trkpt lat="47.632921" lon="10.472436"><ele>889</ele></trkpt>
      <trkpt lat="47.632929" lon="10.472293"><ele>890</ele></trkpt>
      <trkpt lat="47.632919" lon="10.472060"><ele>890</ele></trkpt>
      <trkpt lat="47.632741" lon="10.471216"><ele>894</ele></trkpt>
      <trkpt lat="47.632700" lon="10.470820"><ele>895</ele></trkpt>
      <trkpt lat="47.632770" lon="10.470544"><ele>897</ele></trkpt>
      <trkpt lat="47.632904" lon="10.470315"><ele>898</ele></trkpt>
      <trkpt lat="47.633076" lon="10.470221"><ele>899</ele></trkpt>
      <trkpt lat="47.633245" lon="10.470212"><ele>900</ele></trkpt>
      <trkpt lat="47.633391" lon="10.470307"><ele>900</ele></trkpt>
      <trkpt lat="47.633515" lon="10.470477"><ele>902</ele></trkpt>
      <trkpt lat="47.633606" lon="10.470723"><ele>903</ele></trkpt>
      <trkpt lat="47.633762" lon="10.471286"><ele>904</ele></trkpt>
      <trkpt lat="47.633874" lon="10.471352"><ele>906</ele></trkpt>
      <trkpt lat="47.634012" lon="10.471454"><ele>907</ele></trkpt>
      <trkpt lat="47.634080" lon="10.471449"><ele>908</ele></trkpt>
      <trkpt lat="47.634148" lon="10.471408"><ele>908</ele></trkpt>
      <trkpt lat="47.634263" lon="10.471233"><ele>910</ele></trkpt>
      <trkpt lat="47.634437" lon="10.470994"><ele>912</ele></trkpt>
      <trkpt lat="47.634860" lon="10.470525"><ele>912</ele></trkpt>
      <trkpt lat="47.635045" lon="10.470304"><ele>911</ele></trkpt>
      <trkpt lat="47.635189" lon="10.470067"><ele>910</ele></trkpt>
      <trkpt lat="47.635403" lon="10.469694"><ele>910</ele></trkpt>
      <trkpt lat="47.635548" lon="10.469375"><ele>909</ele></trkpt>
      <trkpt lat="47.635731" lon="10.468798"><ele>908</ele></trkpt>
      <trkpt lat="47.635939" lon="10.468048"><ele>908</ele></trkpt>
      <trkpt lat="47.635949" lon="10.467966"><ele>908</ele></trkpt>
      <trkpt lat="47.635906" lon="10.467738"><ele>908</ele></trkpt>
      <trkpt lat="47.635908" lon="10.467649"><ele>908</ele></trkpt>
      <trkpt lat="47.635945" lon="10.467553"><ele>907</ele></trkpt>
      <trkpt lat="47.635979" lon="10.467467"><ele>906</ele></trkpt>
      <trkpt lat="47.636032" lon="10.467393"><ele>906</ele></trkpt>
      <trkpt lat="47.636052" lon="10.467370"><ele>906</ele></trkpt>
      <trkpt lat="47.636121" lon="10.467368"><ele>906</ele></trkpt>
      <trkpt lat="47.636192" lon="10.467325"><ele>906</ele></trkpt>
      <trkpt lat="47.636257" lon="10.467222"><ele>906</ele></trkpt>
      <trkpt lat="47.636325" lon="10.467224"><ele>906</ele></trkpt>
      <trkpt lat="47.636359" lon="10.467182"><ele>906</ele></trkpt>
      <trkpt lat="47.636432" lon="10.466955"><ele>906</ele></trkpt>
      <trkpt lat="47.637360" lon="10.464068"><ele>910</ele></trkpt>
      <trkpt lat="47.637444" lon="10.463819"><ele>911</ele></trkpt>
      <trkpt lat="47.638078" lon="10.461881"><ele>918</ele></trkpt>
      <trkpt lat="47.638257" lon="10.461383"><ele>921</ele></trkpt>
      <trkpt lat="47.638417" lon="10.461027"><ele>923</ele></trkpt>
      <trkpt lat="47.638645" lon="10.460599"><ele>925</ele></trkpt>
      <trkpt lat="47.638899" lon="10.460177"><ele>925</ele></trkpt>
      <trkpt lat="47.639266" lon="10.459655"><ele>925</ele></trkpt>
      <trkpt lat="47.639477" lon="10.459331"><ele>925</ele></trkpt>
      <trkpt lat="47.640210" lon="10.458656"><ele>930</ele></trkpt>
      <trkpt lat="47.641040" lon="10.457858"><ele>934</ele></trkpt>
      <trkpt lat="47.641291" lon="10.457594"><ele>934</ele></trkpt>
      <trkpt lat="47.641500" lon="10.457364"><ele>934</ele></trkpt>
      <trkpt lat="47.641663" lon="10.457142"><ele>935</ele></trkpt>
      <trkpt lat="47.641834" lon="10.456886"><ele>935</ele></trkpt>
      <trkpt lat="47.642458" lon="10.455815"><ele>935</ele></trkpt>
      <trkpt lat="47.642505" lon="10.455737"><ele>935</ele></trkpt>
      <trkpt lat="47.642782" lon="10.455421"><ele>935</ele></trkpt>
      <trkpt lat="47.642849" lon="10.455344"><ele>936</ele></trkpt>
      <trkpt lat="47.642929" lon="10.455253"><ele>936</ele></trkpt>
      <trkpt lat="47.643141" lon="10.455053"><ele>937</ele></trkpt>
      <trkpt lat="47.643249" lon="10.454847"><ele>938</ele></trkpt>
      <trkpt lat="47.643315" lon="10.454664"><ele>938</ele></trkpt>
      <trkpt lat="47.643332" lon="10.454468"><ele>938</ele></trkpt>
      <trkpt lat="47.643334" lon="10.454197"><ele>939</ele></trkpt>
      <trkpt lat="47.643306" lon="10.453878"><ele>940</ele></trkpt>
      <trkpt lat="47.643363" lon="10.453817"><ele>940</ele></trkpt>
      <trkpt lat="47.643665" lon="10.453552"><ele>941</ele></trkpt>
      <trkpt lat="47.643878" lon="10.453250"><ele>940</ele></trkpt>
      <trkpt lat="47.644032" lon="10.452951"><ele>939</ele></trkpt>
      <trkpt lat="47.644149" lon="10.452616"><ele>940</ele></trkpt>
      <trkpt lat="47.644478" lon="10.452139"><ele>942</ele></trkpt>
      <trkpt lat="47.644406" lon="10.451994"><ele>944</ele></trkpt>
      <trkpt lat="47.644363" lon="10.451919"><ele>944</ele></trkpt>
      <trkpt lat="47.644311" lon="10.451846"><ele>945</ele></trkpt>
      <trkpt lat="47.643823" lon="10.451498"><ele>950</ele></trkpt>
      <trkpt lat="47.643420" lon="10.451155"><ele>954</ele></trkpt>
      <trkpt lat="47.643362" lon="10.451070"><ele>956</ele></trkpt>
      <trkpt lat="47.643322" lon="10.450973"><ele>957</ele></trkpt>
      <trkpt lat="47.643310" lon="10.450894"><ele>957</ele></trkpt>
      <trkpt lat="47.643312" lon="10.450749"><ele>958</ele></trkpt>
      <trkpt lat="47.643337" lon="10.450589"><ele>960</ele></trkpt>
      <trkpt lat="47.643475" lon="10.450083"><ele>964</ele></trkpt>
      <trkpt lat="47.643554" lon="10.449831"><ele>965</ele></trkpt>
      <trkpt lat="47.643711" lon="10.449471"><ele>968</ele></trkpt>
      <trkpt lat="47.643734" lon="10.449274"><ele>968</ele></trkpt>
      <trkpt lat="47.643741" lon="10.449056"><ele>969</ele></trkpt>
      <trkpt lat="47.643736" lon="10.448742"><ele>970</ele></trkpt>
      <trkpt lat="47.643679" lon="10.448127"><ele>972</ele></trkpt>
      <trkpt lat="47.643664" lon="10.447744"><ele>975</ele></trkpt>
      <trkpt lat="47.643650" lon="10.447147"><ele>977</ele></trkpt>
      <trkpt lat="47.643637" lon="10.446869"><ele>978</ele></trkpt>
      <trkpt lat="47.643589" lon="10.446558"><ele>978</ele></trkpt>
      <trkpt lat="47.643521" lon="10.446246"><ele>979</ele></trkpt>
      <trkpt lat="47.643351" lon="10.445659"><ele>979</ele></trkpt>
      <trkpt lat="47.643218" lon="10.445127"><ele>979</ele></trkpt>
      <trkpt lat="47.643017" lon="10.444610"><ele>978</ele></trkpt>
      <trkpt lat="47.642882" lon="10.444292"><ele>978</ele></trkpt>
      <trkpt lat="47.642759" lon="10.443906"><ele>980</ele></trkpt>
      <trkpt lat="47.642627" lon="10.443323"><ele>983</ele></trkpt>
      <trkpt lat="47.642597" lon="10.443160"><ele>984</ele></trkpt>
    </trkseg></trk>
</gpx>
