<?xml version="1.0" encoding="UTF-8"?>
<gpx version="1.1" creator="radtour" xmlns="http://www.topografix.com/GPX/1/1">
  <metadata><name>Rueckweg B Reschen (Vinschgau)</name></metadata>
  <trk><name>Rueckweg B Reschen (Vinschgau)</name><trkseg>
      <trkpt lat="46.671018" lon="11.161826"><ele>312</ele></trkpt>
      <trkpt lat="46.670762" lon="11.161766"><ele>312</ele></trkpt>
      <trkpt lat="46.670773" lon="11.161638"><ele>312</ele></trkpt>
      <trkpt lat="46.670783" lon="11.161519"><ele>312</ele></trkpt>
      <trkpt lat="46.670792" lon="11.160946"><ele>311</ele></trkpt>
      <trkpt lat="46.670788" lon="11.160525"><ele>311</ele></trkpt>
      <trkpt lat="46.670787" lon="11.160382"><ele>311</ele></trkpt>
      <trkpt lat="46.670787" lon="11.160347"><ele>311</ele></trkpt>
      <trkpt lat="46.670776" lon="11.160075"><ele>310</ele></trkpt>
      <trkpt lat="46.670762" lon="11.159653"><ele>310</ele></trkpt>
      <trkpt lat="46.670766" lon="11.159498"><ele>310</ele></trkpt>
      <trkpt lat="46.670733" lon="11.159330"><ele>310</ele></trkpt>
      <trkpt lat="46.670749" lon="11.159320"><ele>310</ele></trkpt>
      <trkpt lat="46.670759" lon="11.159297"><ele>310</ele></trkpt>
      <trkpt lat="46.670760" lon="11.159278"><ele>310</ele></trkpt>
      <trkpt lat="46.670745" lon="11.159246"><ele>310</ele></trkpt>
      <trkpt lat="46.670716" lon="11.159245"><ele>310</ele></trkpt>
      <trkpt lat="46.670707" lon="11.159254"><ele>310</ele></trkpt>
      <trkpt lat="46.670699" lon="11.159280"><ele>310</ele></trkpt>
      <trkpt lat="46.670662" lon="11.159271"><ele>310</ele></trkpt>
      <trkpt lat="46.670587" lon="11.159253"><ele>310</ele></trkpt>
      <trkpt lat="46.670534" lon="11.159255"><ele>310</ele></trkpt>
      <trkpt lat="46.670464" lon="11.159268"><ele>310</ele></trkpt>
      <trkpt lat="46.670428" lon="11.159103"><ele>310</ele></trkpt>
      <trkpt lat="46.670372" lon="11.158895"><ele>310</ele></trkpt>
      <trkpt lat="46.670256" lon="11.158473"><ele>309</ele></trkpt>
      <trkpt lat="46.670130" lon="11.158047"><ele>309</ele></trkpt>
      <trkpt lat="46.670074" lon="11.157764"><ele>308</ele></trkpt>
      <trkpt lat="46.670042" lon="11.157539"><ele>309</ele></trkpt>
      <trkpt lat="46.670019" lon="11.157314"><ele>308</ele></trkpt>
      <trkpt lat="46.670002" lon="11.156869"><ele>308</ele></trkpt>
      <trkpt lat="46.670011" lon="11.156475"><ele>307</ele></trkpt>
      <trkpt lat="46.670026" lon="11.156258"><ele>307</ele></trkpt>
      <trkpt lat="46.670030" lon="11.156194"><ele>307</ele></trkpt>
      <trkpt lat="46.670033" lon="11.156143"><ele>307</ele></trkpt>
      <trkpt lat="46.670042" lon="11.156074"><ele>307</ele></trkpt>
      <trkpt lat="46.670078" lon="11.155846"><ele>307</ele></trkpt>
      <trkpt lat="46.670140" lon="11.155230"><ele>306</ele></trkpt>
      <trkpt lat="46.670178" lon="11.154770"><ele>306</ele></trkpt>
      <trkpt lat="46.670184" lon="11.154699"><ele>306</ele></trkpt>
      <trkpt lat="46.670180" lon="11.154626"><ele>306</ele></trkpt>
      <trkpt lat="46.670131" lon="11.154171"><ele>304</ele></trkpt>
      <trkpt lat="46.670096" lon="11.153857"><ele>305</ele></trkpt>
      <trkpt lat="46.670091" lon="11.153817"><ele>305</ele></trkpt>
      <trkpt lat="46.670045" lon="11.153413"><ele>304</ele></trkpt>
      <trkpt lat="46.669981" lon="11.152847"><ele>304</ele></trkpt>
      <trkpt lat="46.669972" lon="11.152763"><ele>304</ele></trkpt>
      <trkpt lat="46.669965" lon="11.152703"><ele>304</ele></trkpt>
      <trkpt lat="46.669830" lon="11.151503"><ele>303</ele></trkpt>
      <trkpt lat="46.669817" lon="11.151387"><ele>303</ele></trkpt>
      <trkpt lat="46.669682" lon="11.151395"><ele>303</ele></trkpt>
      <trkpt lat="46.669620" lon="11.151399"><ele>303</ele></trkpt>
      <trkpt lat="46.669512" lon="11.151346"><ele>303</ele></trkpt>
      <trkpt lat="46.669315" lon="11.151118"><ele>303</ele></trkpt>
      <trkpt lat="46.668342" lon="11.149912"><ele>304</ele></trkpt>
      <trkpt lat="46.668285" lon="11.149872"><ele>304</ele></trkpt>
      <trkpt lat="46.668242" lon="11.149866"><ele>304</ele></trkpt>
      <trkpt lat="46.668155" lon="11.149873"><ele>304</ele></trkpt>
      <trkpt lat="46.668030" lon="11.149908"><ele>304</ele></trkpt>
      <trkpt lat="46.667885" lon="11.149966"><ele>302</ele></trkpt>
      <trkpt lat="46.667873" lon="11.149931"><ele>302</ele></trkpt>
      <trkpt lat="46.667860" lon="11.149884"><ele>302</ele></trkpt>
      <trkpt lat="46.667850" lon="11.149857"><ele>302</ele></trkpt>
      <trkpt lat="46.667841" lon="11.149830"><ele>303</ele></trkpt>
      <trkpt lat="46.667796" lon="11.149752"><ele>304</ele></trkpt>
      <trkpt lat="46.667711" lon="11.149513"><ele>302</ele></trkpt>
      <trkpt lat="46.667399" lon="11.148751"><ele>301</ele></trkpt>
      <trkpt lat="46.667360" lon="11.148585"><ele>300</ele></trkpt>
      <trkpt lat="46.666979" lon="11.147798"><ele>301</ele></trkpt>
      <trkpt lat="46.666555" lon="11.146942"><ele>298</ele></trkpt>
      <trkpt lat="46.666220" lon="11.146303"><ele>299</ele></trkpt>
      <trkpt lat="46.666205" lon="11.146267"><ele>299</ele></trkpt>
      <trkpt lat="46.666051" lon="11.145928"><ele>300</ele></trkpt>
      <trkpt lat="46.665948" lon="11.145653"><ele>299</ele></trkpt>
      <trkpt lat="46.665683" lon="11.144781"><ele>298</ele></trkpt>
      <trkpt lat="46.665537" lon="11.144124"><ele>300</ele></trkpt>
      <trkpt lat="46.665459" lon="11.143663"><ele>299</ele></trkpt>
      <trkpt lat="46.665474" lon="11.143393"><ele>299</ele></trkpt>
      <trkpt lat="46.665464" lon="11.143046"><ele>300</ele></trkpt>
      <trkpt lat="46.665356" lon="11.142869"><ele>301</ele></trkpt>
      <trkpt lat="46.665243" lon="11.142661"><ele>300</ele></trkpt>
      <trkpt lat="46.665217" lon="11.142613"><ele>300</ele></trkpt>
      <trkpt lat="46.665209" lon="11.142569"><ele>300</ele></trkpt>
      <trkpt lat="46.665212" lon="11.142535"><ele>299</ele></trkpt>
      <trkpt lat="46.665228" lon="11.142495"><ele>299</ele></trkpt>
      <trkpt lat="46.665288" lon="11.142432"><ele>300</ele></trkpt>
      <trkpt lat="46.665374" lon="11.142368"><ele>300</ele></trkpt>
      <trkpt lat="46.665507" lon="11.142223"><ele>301</ele></trkpt>
      <trkpt lat="46.665662" lon="11.142095"><ele>300</ele></trkpt>
      <trkpt lat="46.666073" lon="11.141513"><ele>301</ele></trkpt>
      <trkpt lat="46.666262" lon="11.141223"><ele>302</ele></trkpt>
      <trkpt lat="46.666400" lon="11.141002"><ele>302</ele></trkpt>
      <trkpt lat="46.666535" lon="11.140737"><ele>301</ele></trkpt>
      <trkpt lat="46.666950" lon="11.140072"><ele>300</ele></trkpt>
      <trkpt lat="46.667198" lon="11.139714"><ele>302</ele></trkpt>
      <trkpt lat="46.667476" lon="11.139383"><ele>303</ele></trkpt>
      <trkpt lat="46.667632" lon="11.139211"><ele>303</ele></trkpt>
      <trkpt lat="46.667979" lon="11.138884"><ele>303</ele></trkpt>
      <trkpt lat="46.668119" lon="11.138773"><ele>304</ele></trkpt>
      <trkpt lat="46.668300" lon="11.138648"><ele>303</ele></trkpt>
      <trkpt lat="46.668549" lon="11.138500"><ele>304</ele></trkpt>
      <trkpt lat="46.668817" lon="11.138329"><ele>306</ele></trkpt>
      <trkpt lat="46.668928" lon="11.138250"><ele>306</ele></trkpt>
      <trkpt lat="46.669253" lon="11.137975"><ele>307</ele></trkpt>
      <trkpt lat="46.669407" lon="11.137829"><ele>307</ele></trkpt>
      <trkpt lat="46.669761" lon="11.137442"><ele>308</ele></trkpt>
      <trkpt lat="46.669913" lon="11.137246"><ele>309</ele></trkpt>
      <trkpt lat="46.670107" lon="11.136977"><ele>308</ele></trkpt>
      <trkpt lat="46.670220" lon="11.136805"><ele>309</ele></trkpt>
      <trkpt lat="46.670707" lon="11.136035"><ele>310</ele></trkpt>
      <trkpt lat="46.671132" lon="11.135283"><ele>313</ele></trkpt>
      <trkpt lat="46.671247" lon="11.135101"><ele>312</ele></trkpt>
      <trkpt lat="46.671363" lon="11.134937"><ele>313</ele></trkpt>
      <trkpt lat="46.671543" lon="11.134721"><ele>314</ele></trkpt>
      <trkpt lat="46.671750" lon="11.134491"><ele>315</ele></trkpt>
      <trkpt lat="46.671839" lon="11.134404"><ele>315</ele></trkpt>
      <trkpt lat="46.671988" lon="11.134243"><ele>315</ele></trkpt>
      <trkpt lat="46.672842" lon="11.133504"><ele>316</ele></trkpt>
      <trkpt lat="46.672969" lon="11.133382"><ele>316</ele></trkpt>
      <trkpt lat="46.673185" lon="11.133157"><ele>317</ele></trkpt>
      <trkpt lat="46.673481" lon="11.132816"><ele>318</ele></trkpt>
      <trkpt lat="46.673733" lon="11.132469"><ele>318</ele></trkpt>
      <trkpt lat="46.673886" lon="11.132215"><ele>319</ele></trkpt>
      <trkpt lat="46.674340" lon="11.131401"><ele>320</ele></trkpt>
      <trkpt lat="46.674642" lon="11.130919"><ele>321</ele></trkpt>
      <trkpt lat="46.675080" lon="11.130352"><ele>322</ele></trkpt>
      <trkpt lat="46.675941" lon="11.129270"><ele>325</ele></trkpt>
      <trkpt lat="46.676202" lon="11.128884"><ele>326</ele></trkpt>
      <trkpt lat="46.676234" lon="11.128822"><ele>326</ele></trkpt>
      <trkpt lat="46.676250" lon="11.128749"><ele>326</ele></trkpt>
      <trkpt lat="46.676284" lon="11.128616"><ele>326</ele></trkpt>
      <trkpt lat="46.676549" lon="11.127986"><ele>327</ele></trkpt>
      <trkpt lat="46.676632" lon="11.127723"><ele>328</ele></trkpt>
      <trkpt lat="46.676738" lon="11.127339"><ele>328</ele></trkpt>
      <trkpt lat="46.676916" lon="11.126549"><ele>332</ele></trkpt>
      <trkpt lat="46.677127" lon="11.125885"><ele>334</ele></trkpt>
      <trkpt lat="46.677354" lon="11.125379"><ele>334</ele></trkpt>
      <trkpt lat="46.677493" lon="11.125116"><ele>335</ele></trkpt>
      <trkpt lat="46.677984" lon="11.124331"><ele>336</ele></trkpt>
      <trkpt lat="46.678201" lon="11.123861"><ele>338</ele></trkpt>
      <trkpt lat="46.678366" lon="11.123474"><ele>338</ele></trkpt>
      <trkpt lat="46.678622" lon="11.122859"><ele>340</ele></trkpt>
      <trkpt lat="46.678707" lon="11.122738"><ele>341</ele></trkpt>
      <trkpt lat="46.678726" lon="11.122663"><ele>341</ele></trkpt>
      <trkpt lat="46.678826" lon="11.122461"><ele>342</ele></trkpt>
      <trkpt lat="46.678843" lon="11.122427"><ele>342</ele></trkpt>
      <trkpt lat="46.678961" lon="11.122066"><ele>341</ele></trkpt>
      <trkpt lat="46.679188" lon="11.121342"><ele>345</ele></trkpt>
      <trkpt lat="46.679325" lon="11.120877"><ele>345</ele></trkpt>
      <trkpt lat="46.679354" lon="11.120756"><ele>346</ele></trkpt>
      <trkpt lat="46.679389" lon="11.120603"><ele>346</ele></trkpt>
      <trkpt lat="46.679764" lon="11.118443"><ele>351</ele></trkpt>
      <trkpt lat="46.679778" lon="11.118339"><ele>352</ele></trkpt>
      <trkpt lat="46.679803" lon="11.118305"><ele>352</ele></trkpt>
      <trkpt lat="46.679831" lon="11.118296"><ele>352</ele></trkpt>
      <trkpt lat="46.679882" lon="11.118315"><ele>352</ele></trkpt>
      <trkpt lat="46.680080" lon="11.118424"><ele>353</ele></trkpt>
      <trkpt lat="46.680116" lon="11.118424"><ele>353</ele></trkpt>
      <trkpt lat="46.680155" lon="11.118395"><ele>354</ele></trkpt>
      <trkpt lat="46.680175" lon="11.118358"><ele>354</ele></trkpt>
      <trkpt lat="46.680281" lon="11.117991"><ele>355</ele></trkpt>
      <trkpt lat="46.680388" lon="11.117680"><ele>356</ele></trkpt>
      <trkpt lat="46.680415" lon="11.117557"><ele>356</ele></trkpt>
      <trkpt lat="46.680442" lon="11.117469"><ele>356</ele></trkpt>
      <trkpt lat="46.680458" lon="11.117418"><ele>356</ele></trkpt>
      <trkpt lat="46.680441" lon="11.117391"><ele>356</ele></trkpt>
      <trkpt lat="46.680427" lon="11.117347"><ele>357</ele></trkpt>
      <trkpt lat="46.680394" lon="11.117184"><ele>357</ele></trkpt>
      <trkpt lat="46.680387" lon="11.117032"><ele>358</ele></trkpt>
      <trkpt lat="46.680395" lon="11.116712"><ele>358</ele></trkpt>
      <trkpt lat="46.680390" lon="11.116671"><ele>358</ele></trkpt>
      <trkpt lat="46.680220" lon="11.116622"><ele>358</ele></trkpt>
      <trkpt lat="46.680152" lon="11.116583"><ele>357</ele></trkpt>
      <trkpt lat="46.680130" lon="11.116559"><ele>357</ele></trkpt>
      <trkpt lat="46.680070" lon="11.116507"><ele>357</ele></trkpt>
      <trkpt lat="46.680047" lon="11.116473"><ele>357</ele></trkpt>
      <trkpt lat="46.680032" lon="11.116420"><ele>357</ele></trkpt>
      <trkpt lat="46.680036" lon="11.116357"><ele>357</ele></trkpt>
      <trkpt lat="46.680051" lon="11.116301"><ele>357</ele></trkpt>
      <trkpt lat="46.680055" lon="11.116257"><ele>357</ele></trkpt>
      <trkpt lat="46.680055" lon="11.116148"><ele>356</ele></trkpt>
      <trkpt lat="46.680063" lon="11.116062"><ele>356</ele></trkpt>
      <trkpt lat="46.680143" lon="11.115543"><ele>358</ele></trkpt>
      <trkpt lat="46.680238" lon="11.115057"><ele>361</ele></trkpt>
      <trkpt lat="46.680324" lon="11.114556"><ele>360</ele></trkpt>
      <trkpt lat="46.680386" lon="11.113950"><ele>362</ele></trkpt>
      <trkpt lat="46.680422" lon="11.113479"><ele>364</ele></trkpt>
      <trkpt lat="46.680447" lon="11.113015"><ele>366</ele></trkpt>
      <trkpt lat="46.680452" lon="11.112760"><ele>367</ele></trkpt>
      <trkpt lat="46.680445" lon="11.112536"><ele>368</ele></trkpt>
      <trkpt lat="46.680388" lon="11.111519"><ele>370</ele></trkpt>
      <trkpt lat="46.680406" lon="11.111282"><ele>371</ele></trkpt>
      <trkpt lat="46.680477" lon="11.110649"><ele>374</ele></trkpt>
      <trkpt lat="46.680507" lon="11.110080"><ele>377</ele></trkpt>
      <trkpt lat="46.680512" lon="11.109599"><ele>379</ele></trkpt>
      <trkpt lat="46.680504" lon="11.109387"><ele>380</ele></trkpt>
      <trkpt lat="46.680486" lon="11.109181"><ele>380</ele></trkpt>
      <trkpt lat="46.680450" lon="11.108910"><ele>380</ele></trkpt>
      <trkpt lat="46.680389" lon="11.108606"><ele>381</ele></trkpt>
      <trkpt lat="46.680329" lon="11.108390"><ele>383</ele></trkpt>
      <trkpt lat="46.680142" lon="11.107845"><ele>385</ele></trkpt>
      <trkpt lat="46.680068" lon="11.107573"><ele>387</ele></trkpt>
      <trkpt lat="46.680006" lon="11.107254"><ele>392</ele></trkpt>
      <trkpt lat="46.679978" lon="11.106836"><ele>394</ele></trkpt>
      <trkpt lat="46.679979" lon="11.106490"><ele>395</ele></trkpt>
      <trkpt lat="46.679996" lon="11.106144"><ele>397</ele></trkpt>
      <trkpt lat="46.680082" lon="11.105239"><ele>400</ele></trkpt>
      <trkpt lat="46.680125" lon="11.104184"><ele>405</ele></trkpt>
      <trkpt lat="46.680145" lon="11.104095"><ele>406</ele></trkpt>
      <trkpt lat="46.680154" lon="11.104012"><ele>406</ele></trkpt>
      <trkpt lat="46.680157" lon="11.103956"><ele>407</ele></trkpt>
      <trkpt lat="46.680146" lon="11.103765"><ele>408</ele></trkpt>
      <trkpt lat="46.680232" lon="11.103214"><ele>412</ele></trkpt>
      <trkpt lat="46.680265" lon="11.103117"><ele>413</ele></trkpt>
      <trkpt lat="46.680287" lon="11.103069"><ele>413</ele></trkpt>
      <trkpt lat="46.680323" lon="11.103028"><ele>413</ele></trkpt>
      <trkpt lat="46.680394" lon="11.102974"><ele>414</ele></trkpt>
      <trkpt lat="46.680475" lon="11.102925"><ele>415</ele></trkpt>
      <trkpt lat="46.680501" lon="11.102904"><ele>416</ele></trkpt>
      <trkpt lat="46.680522" lon="11.102874"><ele>416</ele></trkpt>
      <trkpt lat="46.680641" lon="11.102544"><ele>418</ele></trkpt>
      <trkpt lat="46.680731" lon="11.102266"><ele>419</ele></trkpt>
      <trkpt lat="46.680848" lon="11.102059"><ele>421</ele></trkpt>
      <trkpt lat="46.681110" lon="11.101635"><ele>427</ele></trkpt>
      <trkpt lat="46.681150" lon="11.101561"><ele>428</ele></trkpt>
      <trkpt lat="46.681178" lon="11.101501"><ele>428</ele></trkpt>
      <trkpt lat="46.681198" lon="11.101428"><ele>428</ele></trkpt>
      <trkpt lat="46.681220" lon="11.101127"><ele>430</ele></trkpt>
      <trkpt lat="46.681227" lon="11.101084"><ele>430</ele></trkpt>
      <trkpt lat="46.681247" lon="11.101041"><ele>431</ele></trkpt>
      <trkpt lat="46.681277" lon="11.101011"><ele>432</ele></trkpt>
      <trkpt lat="46.681302" lon="11.101003"><ele>433</ele></trkpt>
      <trkpt lat="46.681355" lon="11.101013"><ele>434</ele></trkpt>
      <trkpt lat="46.681382" lon="11.101033"><ele>435</ele></trkpt>
      <trkpt lat="46.681405" lon="11.101061"><ele>435</ele></trkpt>
      <trkpt lat="46.681421" lon="11.101101"><ele>435</ele></trkpt>
      <trkpt lat="46.681479" lon="11.101280"><ele>436</ele></trkpt>
      <trkpt lat="46.681530" lon="11.101581"><ele>439</ele></trkpt>
      <trkpt lat="46.681522" lon="11.101729"><ele>438</ele></trkpt>
      <trkpt lat="46.681541" lon="11.101767"><ele>439</ele></trkpt>
      <trkpt lat="46.681556" lon="11.101770"><ele>440</ele></trkpt>
      <trkpt lat="46.681573" lon="11.101763"><ele>441</ele></trkpt>
      <trkpt lat="46.681589" lon="11.101738"><ele>442</ele></trkpt>
      <trkpt lat="46.681603" lon="11.101684"><ele>443</ele></trkpt>
      <trkpt lat="46.681618" lon="11.101408"><ele>444</ele></trkpt>
      <trkpt lat="46.681646" lon="11.101294"><ele>443</ele></trkpt>
      <trkpt lat="46.681685" lon="11.101181"><ele>443</ele></trkpt>
      <trkpt lat="46.681807" lon="11.100900"><ele>446</ele></trkpt>
      <trkpt lat="46.681891" lon="11.100630"><ele>446</ele></trkpt>
      <trkpt lat="46.681895" lon="11.100583"><ele>446</ele></trkpt>
      <trkpt lat="46.681867" lon="11.100437"><ele>444</ele></trkpt>
      <trkpt lat="46.681829" lon="11.100301"><ele>444</ele></trkpt>
      <trkpt lat="46.681757" lon="11.100165"><ele>446</ele></trkpt>
      <trkpt lat="46.681704" lon="11.100074"><ele>446</ele></trkpt>
      <trkpt lat="46.681693" lon="11.100042"><ele>446</ele></trkpt>
      <trkpt lat="46.681691" lon="11.100009"><ele>447</ele></trkpt>
      <trkpt lat="46.681710" lon="11.099951"><ele>448</ele></trkpt>
      <trkpt lat="46.681751" lon="11.099924"><ele>448</ele></trkpt>
      <trkpt lat="46.681787" lon="11.099933"><ele>448</ele></trkpt>
      <trkpt lat="46.681884" lon="11.099993"><ele>448</ele></trkpt>
      <trkpt lat="46.682111" lon="11.100162"><ele>448</ele></trkpt>
      <trkpt lat="46.682188" lon="11.100237"><ele>450</ele></trkpt>
      <trkpt lat="46.682194" lon="11.100286"><ele>450</ele></trkpt>
      <trkpt lat="46.682190" lon="11.100310"><ele>451</ele></trkpt>
      <trkpt lat="46.682136" lon="11.100415"><ele>452</ele></trkpt>
      <trkpt lat="46.682085" lon="11.100547"><ele>452</ele></trkpt>
      <trkpt lat="46.681860" lon="11.101383"><ele>458</ele></trkpt>
      <trkpt lat="46.681847" lon="11.101467"><ele>458</ele></trkpt>
      <trkpt lat="46.681843" lon="11.101661"><ele>458</ele></trkpt>
      <trkpt lat="46.681854" lon="11.101785"><ele>458</ele></trkpt>
      <trkpt lat="46.681863" lon="11.101811"><ele>459</ele></trkpt>
      <trkpt lat="46.681895" lon="11.101835"><ele>460</ele></trkpt>
      <trkpt lat="46.681923" lon="11.101819"><ele>462</ele></trkpt>
      <trkpt lat="46.681931" lon="11.101790"><ele>463</ele></trkpt>
      <trkpt lat="46.681931" lon="11.101755"><ele>463</ele></trkpt>
      <trkpt lat="46.681916" lon="11.101651"><ele>463</ele></trkpt>
      <trkpt lat="46.681915" lon="11.101575"><ele>462</ele></trkpt>
      <trkpt lat="46.681916" lon="11.101517"><ele>462</ele></trkpt>
      <trkpt lat="46.681926" lon="11.101462"><ele>462</ele></trkpt>
      <trkpt lat="46.681987" lon="11.101302"><ele>463</ele></trkpt>
      <trkpt lat="46.682176" lon="11.100857"><ele>465</ele></trkpt>
      <trkpt lat="46.682217" lon="11.100744"><ele>464</ele></trkpt>
      <trkpt lat="46.682237" lon="11.100720"><ele>464</ele></trkpt>
      <trkpt lat="46.682260" lon="11.100715"><ele>465</ele></trkpt>
      <trkpt lat="46.682282" lon="11.100726"><ele>466</ele></trkpt>
      <trkpt lat="46.682297" lon="11.100756"><ele>467</ele></trkpt>
      <trkpt lat="46.682301" lon="11.100788"><ele>468</ele></trkpt>
      <trkpt lat="46.682298" lon="11.100834"><ele>469</ele></trkpt>
      <trkpt lat="46.682287" lon="11.100859"><ele>469</ele></trkpt>
      <trkpt lat="46.682272" lon="11.100869"><ele>468</ele></trkpt>
      <trkpt lat="46.682239" lon="11.100879"><ele>468</ele></trkpt>
      <trkpt lat="46.682170" lon="11.101012"><ele>467</ele></trkpt>
      <trkpt lat="46.682139" lon="11.101112"><ele>467</ele></trkpt>
      <trkpt lat="46.682067" lon="11.101439"><ele>467</ele></trkpt>
      <trkpt lat="46.682034" lon="11.101628"><ele>467</ele></trkpt>
      <trkpt lat="46.682034" lon="11.101662"><ele>467</ele></trkpt>
      <trkpt lat="46.682048" lon="11.101692"><ele>467</ele></trkpt>
      <trkpt lat="46.682082" lon="11.101724"><ele>467</ele></trkpt>
      <trkpt lat="46.682138" lon="11.101730"><ele>468</ele></trkpt>
      <trkpt lat="46.682196" lon="11.101721"><ele>470</ele></trkpt>
      <trkpt lat="46.682251" lon="11.101699"><ele>471</ele></trkpt>
      <trkpt lat="46.682270" lon="11.101682"><ele>471</ele></trkpt>
      <trkpt lat="46.682293" lon="11.101646"><ele>472</ele></trkpt>
      <trkpt lat="46.682335" lon="11.101540"><ele>472</ele></trkpt>
      <trkpt lat="46.682403" lon="11.101326"><ele>473</ele></trkpt>
      <trkpt lat="46.682449" lon="11.101158"><ele>473</ele></trkpt>
      <trkpt lat="46.682517" lon="11.100769"><ele>474</ele></trkpt>
      <trkpt lat="46.682571" lon="11.100452"><ele>473</ele></trkpt>
      <trkpt lat="46.682628" lon="11.100249"><ele>473</ele></trkpt>
      <trkpt lat="46.682774" lon="11.099813"><ele>475</ele></trkpt>
      <trkpt lat="46.682794" lon="11.099738"><ele>476</ele></trkpt>
      <trkpt lat="46.682859" lon="11.099492"><ele>476</ele></trkpt>
      <trkpt lat="46.682944" lon="11.099045"><ele>478</ele></trkpt>
      <trkpt lat="46.683020" lon="11.098573"><ele>480</ele></trkpt>
      <trkpt lat="46.683074" lon="11.098152"><ele>480</ele></trkpt>
      <trkpt lat="46.683126" lon="11.097762"><ele>484</ele></trkpt>
      <trkpt lat="46.683142" lon="11.097065"><ele>489</ele></trkpt>
      <trkpt lat="46.683155" lon="11.096645"><ele>491</ele></trkpt>
      <trkpt lat="46.683157" lon="11.096529"><ele>491</ele></trkpt>
      <trkpt lat="46.683154" lon="11.096303"><ele>492</ele></trkpt>
      <trkpt lat="46.683170" lon="11.096219"><ele>492</ele></trkpt>
      <trkpt lat="46.683251" lon="11.096034"><ele>494</ele></trkpt>
      <trkpt lat="46.683256" lon="11.095987"><ele>495</ele></trkpt>
      <trkpt lat="46.683247" lon="11.095905"><ele>495</ele></trkpt>
      <trkpt lat="46.683218" lon="11.095810"><ele>495</ele></trkpt>
      <trkpt lat="46.683151" lon="11.095652"><ele>495</ele></trkpt>
      <trkpt lat="46.683076" lon="11.095527"><ele>494</ele></trkpt>
      <trkpt lat="46.683058" lon="11.095474"><ele>494</ele></trkpt>
      <trkpt lat="46.683053" lon="11.095434"><ele>494</ele></trkpt>
      <trkpt lat="46.683052" lon="11.095392"><ele>494</ele></trkpt>
      <trkpt lat="46.683115" lon="11.095034"><ele>498</ele></trkpt>
      <trkpt lat="46.683121" lon="11.094953"><ele>499</ele></trkpt>
      <trkpt lat="46.683114" lon="11.094870"><ele>500</ele></trkpt>
      <trkpt lat="46.683075" lon="11.094665"><ele>502</ele></trkpt>
      <trkpt lat="46.683060" lon="11.094638"><ele>502</ele></trkpt>
      <trkpt lat="46.683025" lon="11.094612"><ele>502</ele></trkpt>
      <trkpt lat="46.682679" lon="11.094652"><ele>504</ele></trkpt>
      <trkpt lat="46.682613" lon="11.094707"><ele>504</ele></trkpt>
      <trkpt lat="46.682564" lon="11.094769"><ele>504</ele></trkpt>
      <trkpt lat="46.682529" lon="11.094834"><ele>504</ele></trkpt>
      <trkpt lat="46.682503" lon="11.094907"><ele>503</ele></trkpt>
      <trkpt lat="46.682444" lon="11.095244"><ele>499</ele></trkpt>
      <trkpt lat="46.682428" lon="11.095276"><ele>498</ele></trkpt>
      <trkpt lat="46.682402" lon="11.095294"><ele>498</ele></trkpt>
      <trkpt lat="46.682376" lon="11.095294"><ele>498</ele></trkpt>
      <trkpt lat="46.682230" lon="11.095263"><ele>497</ele></trkpt>
      <trkpt lat="46.682174" lon="11.095226"><ele>498</ele></trkpt>
      <trkpt lat="46.682112" lon="11.095131"><ele>499</ele></trkpt>
      <trkpt lat="46.681955" lon="11.094873"><ele>501</ele></trkpt>
      <trkpt lat="46.681759" lon="11.094529"><ele>502</ele></trkpt>
      <trkpt lat="46.681714" lon="11.094309"><ele>502</ele></trkpt>
      <trkpt lat="46.681750" lon="11.093303"><ele>502</ele></trkpt>
      <trkpt lat="46.681739" lon="11.093018"><ele>502</ele></trkpt>
      <trkpt lat="46.681693" lon="11.092787"><ele>501</ele></trkpt>
      <trkpt lat="46.681621" lon="11.092569"><ele>500</ele></trkpt>
      <trkpt lat="46.681546" lon="11.092421"><ele>500</ele></trkpt>
      <trkpt lat="46.681421" lon="11.092285"><ele>501</ele></trkpt>
      <trkpt lat="46.681252" lon="11.092135"><ele>501</ele></trkpt>
      <trkpt lat="46.681098" lon="11.092034"><ele>501</ele></trkpt>
      <trkpt lat="46.681061" lon="11.092081"><ele>500</ele></trkpt>
      <trkpt lat="46.681021" lon="11.092132"><ele>498</ele></trkpt>
      <trkpt lat="46.680784" lon="11.092037"><ele>498</ele></trkpt>
      <trkpt lat="46.680765" lon="11.092052"><ele>498</ele></trkpt>
      <trkpt lat="46.680702" lon="11.092609"><ele>496</ele></trkpt>
      <trkpt lat="46.680681" lon="11.092633"><ele>497</ele></trkpt>
      <trkpt lat="46.680527" lon="11.092624"><ele>500</ele></trkpt>
      <trkpt lat="46.680369" lon="11.092615"><ele>504</ele></trkpt>
      <trkpt lat="46.680306" lon="11.092591"><ele>504</ele></trkpt>
      <trkpt lat="46.680093" lon="11.092416"><ele>503</ele></trkpt>
      <trkpt lat="46.680058" lon="11.092375"><ele>503</ele></trkpt>
      <trkpt lat="46.680040" lon="11.092334"><ele>502</ele></trkpt>
      <trkpt lat="46.680024" lon="11.092299"><ele>502</ele></trkpt>
      <trkpt lat="46.680013" lon="11.092251"><ele>502</ele></trkpt>
      <trkpt lat="46.680007" lon="11.092184"><ele>501</ele></trkpt>
      <trkpt lat="46.680018" lon="11.091931"><ele>498</ele></trkpt>
      <trkpt lat="46.680025" lon="11.091824"><ele>502</ele></trkpt>
      <trkpt lat="46.680021" lon="11.091722"><ele>504</ele></trkpt>
      <trkpt lat="46.679925" lon="11.091396"><ele>506</ele></trkpt>
      <trkpt lat="46.679855" lon="11.091104"><ele>507</ele></trkpt>
      <trkpt lat="46.679702" lon="11.090462"><ele>507</ele></trkpt>
      <trkpt lat="46.679598" lon="11.090112"><ele>508</ele></trkpt>
      <trkpt lat="46.679514" lon="11.089917"><ele>508</ele></trkpt>
      <trkpt lat="46.679408" lon="11.089706"><ele>508</ele></trkpt>
      <trkpt lat="46.679289" lon="11.089493"><ele>508</ele></trkpt>
      <trkpt lat="46.679123" lon="11.089136"><ele>509</ele></trkpt>
      <trkpt lat="46.678986" lon="11.088800"><ele>508</ele></trkpt>
      <trkpt lat="46.678848" lon="11.088615"><ele>509</ele></trkpt>
      <trkpt lat="46.678615" lon="11.088342"><ele>507</ele></trkpt>
      <trkpt lat="46.678256" lon="11.087949"><ele>507</ele></trkpt>
      <trkpt lat="46.678190" lon="11.087838"><ele>507</ele></trkpt>
      <trkpt lat="46.678117" lon="11.087677"><ele>506</ele></trkpt>
      <trkpt lat="46.678056" lon="11.087492"><ele>507</ele></trkpt>
      <trkpt lat="46.678021" lon="11.087321"><ele>508</ele></trkpt>
      <trkpt lat="46.678006" lon="11.087165"><ele>508</ele></trkpt>
      <trkpt lat="46.677978" lon="11.087095"><ele>508</ele></trkpt>
      <trkpt lat="46.677907" lon="11.086970"><ele>507</ele></trkpt>
      <trkpt lat="46.677825" lon="11.086756"><ele>508</ele></trkpt>
      <trkpt lat="46.677538" lon="11.086176"><ele>508</ele></trkpt>
      <trkpt lat="46.677390" lon="11.085618"><ele>508</ele></trkpt>
      <trkpt lat="46.677333" lon="11.085432"><ele>507</ele></trkpt>
      <trkpt lat="46.677228" lon="11.085133"><ele>508</ele></trkpt>
      <trkpt lat="46.677058" lon="11.084793"><ele>508</ele></trkpt>
      <trkpt lat="46.676939" lon="11.084594"><ele>508</ele></trkpt>
      <trkpt lat="46.676661" lon="11.084230"><ele>508</ele></trkpt>
      <trkpt lat="46.676444" lon="11.084058"><ele>508</ele></trkpt>
      <trkpt lat="46.676131" lon="11.083831"><ele>508</ele></trkpt>
      <trkpt lat="46.675638" lon="11.083453"><ele>508</ele></trkpt>
      <trkpt lat="46.675319" lon="11.083230"><ele>508</ele></trkpt>
      <trkpt lat="46.675070" lon="11.083068"><ele>509</ele></trkpt>
      <trkpt lat="46.674746" lon="11.082811"><ele>510</ele></trkpt>
      <trkpt lat="46.674182" lon="11.082272"><ele>510</ele></trkpt>
      <trkpt lat="46.673761" lon="11.081680"><ele>510</ele></trkpt>
      <trkpt lat="46.671633" lon="11.078959"><ele>510</ele></trkpt>
      <trkpt lat="46.671337" lon="11.078604"><ele>510</ele></trkpt>
      <trkpt lat="46.671240" lon="11.078473"><ele>509</ele></trkpt>
      <trkpt lat="46.670181" lon="11.077119"><ele>510</ele></trkpt>
      <trkpt lat="46.669553" lon="11.076189"><ele>511</ele></trkpt>
      <trkpt lat="46.669227" lon="11.075630"><ele>511</ele></trkpt>
      <trkpt lat="46.668937" lon="11.075067"><ele>511</ele></trkpt>
      <trkpt lat="46.668687" lon="11.074604"><ele>510</ele></trkpt>
      <trkpt lat="46.668365" lon="11.073837"><ele>513</ele></trkpt>
      <trkpt lat="46.666888" lon="11.070371"><ele>513</ele></trkpt>
      <trkpt lat="46.666565" lon="11.069542"><ele>513</ele></trkpt>
      <trkpt lat="46.666239" lon="11.068763"><ele>513</ele></trkpt>
      <trkpt lat="46.666230" lon="11.068740"><ele>513</ele></trkpt>
      <trkpt lat="46.666067" lon="11.068339"><ele>514</ele></trkpt>
      <trkpt lat="46.665489" lon="11.066972"><ele>514</ele></trkpt>
      <trkpt lat="46.665158" lon="11.066164"><ele>513</ele></trkpt>
      <trkpt lat="46.665112" lon="11.066051"><ele>513</ele></trkpt>
      <trkpt lat="46.665089" lon="11.065997"><ele>513</ele></trkpt>
      <trkpt lat="46.662777" lon="11.060474"><ele>515</ele></trkpt>
      <trkpt lat="46.662599" lon="11.060028"><ele>514</ele></trkpt>
      <trkpt lat="46.662386" lon="11.059427"><ele>514</ele></trkpt>
      <trkpt lat="46.662129" lon="11.058553"><ele>516</ele></trkpt>
      <trkpt lat="46.661906" lon="11.057683"><ele>516</ele></trkpt>
      <trkpt lat="46.661815" lon="11.057224"><ele>514</ele></trkpt>
      <trkpt lat="46.661755" lon="11.056836"><ele>514</ele></trkpt>
      <trkpt lat="46.661582" lon="11.055442"><ele>515</ele></trkpt>
      <trkpt lat="46.661557" lon="11.055099"><ele>515</ele></trkpt>
      <trkpt lat="46.661511" lon="11.053814"><ele>515</ele></trkpt>
      <trkpt lat="46.661505" lon="11.053550"><ele>515</ele></trkpt>
      <trkpt lat="46.661508" lon="11.052750"><ele>515</ele></trkpt>
      <trkpt lat="46.661476" lon="11.051826"><ele>515</ele></trkpt>
      <trkpt lat="46.661467" lon="11.050865"><ele>516</ele></trkpt>
      <trkpt lat="46.661459" lon="11.050718"><ele>516</ele></trkpt>
      <trkpt lat="46.661432" lon="11.050491"><ele>517</ele></trkpt>
      <trkpt lat="46.661404" lon="11.049577"><ele>517</ele></trkpt>
      <trkpt lat="46.661383" lon="11.049257"><ele>517</ele></trkpt>
      <trkpt lat="46.661350" lon="11.048877"><ele>516</ele></trkpt>
      <trkpt lat="46.661267" lon="11.048170"><ele>516</ele></trkpt>
      <trkpt lat="46.661219" lon="11.047832"><ele>516</ele></trkpt>
      <trkpt lat="46.661076" lon="11.047064"><ele>518</ele></trkpt>
      <trkpt lat="46.660942" lon="11.046413"><ele>517</ele></trkpt>
      <trkpt lat="46.660679" lon="11.045468"><ele>517</ele></trkpt>
      <trkpt lat="46.660528" lon="11.044982"><ele>518</ele></trkpt>
      <trkpt lat="46.660415" lon="11.044660"><ele>517</ele></trkpt>
      <trkpt lat="46.660241" lon="11.044206"><ele>518</ele></trkpt>
      <trkpt lat="46.659988" lon="11.043575"><ele>519</ele></trkpt>
      <trkpt lat="46.659414" lon="11.042176"><ele>519</ele></trkpt>
      <trkpt lat="46.658543" lon="11.040048"><ele>519</ele></trkpt>
      <trkpt lat="46.657946" lon="11.038623"><ele>518</ele></trkpt>
      <trkpt lat="46.657283" lon="11.037010"><ele>520</ele></trkpt>
      <trkpt lat="46.656404" lon="11.034860"><ele>520</ele></trkpt>
      <trkpt lat="46.656172" lon="11.034257"><ele>521</ele></trkpt>
      <trkpt lat="46.655936" lon="11.033710"><ele>520</ele></trkpt>
      <trkpt lat="46.655823" lon="11.033453"><ele>521</ele></trkpt>
      <trkpt lat="46.655307" lon="11.032192"><ele>520</ele></trkpt>
      <trkpt lat="46.654785" lon="11.030922"><ele>521</ele></trkpt>
      <trkpt lat="46.654273" lon="11.029647"><ele>520</ele></trkpt>
      <trkpt lat="46.653319" lon="11.027330"><ele>521</ele></trkpt>
      <trkpt lat="46.651572" lon="11.023048"><ele>522</ele></trkpt>
      <trkpt lat="46.651169" lon="11.022120"><ele>524</ele></trkpt>
      <trkpt lat="46.650547" lon="11.020868"><ele>526</ele></trkpt>
      <trkpt lat="46.649812" lon="11.019537"><ele>525</ele></trkpt>
      <trkpt lat="46.648463" lon="11.017299"><ele>525</ele></trkpt>
      <trkpt lat="46.647863" lon="11.016274"><ele>525</ele></trkpt>
      <trkpt lat="46.647680" lon="11.015936"><ele>526</ele></trkpt>
      <trkpt lat="46.647590" lon="11.015739"><ele>526</ele></trkpt>
      <trkpt lat="46.647516" lon="11.015633"><ele>526</ele></trkpt>
      <trkpt lat="46.647436" lon="11.015472"><ele>526</ele></trkpt>
      <trkpt lat="46.647280" lon="11.015142"><ele>526</ele></trkpt>
      <trkpt lat="46.647065" lon="11.014656"><ele>526</ele></trkpt>
      <trkpt lat="46.646731" lon="11.013789"><ele>526</ele></trkpt>
      <trkpt lat="46.646469" lon="11.012997"><ele>526</ele></trkpt>
      <trkpt lat="46.646212" lon="11.012086"><ele>526</ele></trkpt>
      <trkpt lat="46.646007" lon="11.011202"><ele>527</ele></trkpt>
      <trkpt lat="46.645839" lon="11.010274"><ele>529</ele></trkpt>
      <trkpt lat="46.645713" lon="11.009390"><ele>527</ele></trkpt>
      <trkpt lat="46.645654" lon="11.008820"><ele>527</ele></trkpt>
      <trkpt lat="46.645618" lon="11.008326"><ele>528</ele></trkpt>
      <trkpt lat="46.645579" lon="11.007670"><ele>529</ele></trkpt>
      <trkpt lat="46.645518" lon="11.006083"><ele>530</ele></trkpt>
      <trkpt lat="46.645515" lon="11.005567"><ele>530</ele></trkpt>
      <trkpt lat="46.645550" lon="11.004911"><ele>532</ele></trkpt>
      <trkpt lat="46.645566" lon="11.004909"><ele>532</ele></trkpt>
      <trkpt lat="46.645566" lon="11.004864"><ele>532</ele></trkpt>
      <trkpt lat="46.645565" lon="11.004778"><ele>532</ele></trkpt>
      <trkpt lat="46.645594" lon="11.004756"><ele>532</ele></trkpt>
      <trkpt lat="46.645616" lon="11.004536"><ele>530</ele></trkpt>
      <trkpt lat="46.645631" lon="11.004297"><ele>530</ele></trkpt>
      <trkpt lat="46.645701" lon="11.003556"><ele>530</ele></trkpt>
      <trkpt lat="46.645822" lon="11.002680"><ele>530</ele></trkpt>
      <trkpt lat="46.645919" lon="11.001994"><ele>530</ele></trkpt>
      <trkpt lat="46.646026" lon="11.001313"><ele>530</ele></trkpt>
      <trkpt lat="46.646139" lon="11.000730"><ele>532</ele></trkpt>
      <trkpt lat="46.646236" lon="11.000316"><ele>532</ele></trkpt>
      <trkpt lat="46.646326" lon="10.999980"><ele>531</ele></trkpt>
      <trkpt lat="46.646800" lon="10.998426"><ele>532</ele></trkpt>
      <trkpt lat="46.647198" lon="10.997151"><ele>533</ele></trkpt>
      <trkpt lat="46.647966" lon="10.994744"><ele>534</ele></trkpt>
      <trkpt lat="46.648157" lon="10.994119"><ele>535</ele></trkpt>
      <trkpt lat="46.648314" lon="10.993619"><ele>536</ele></trkpt>
      <trkpt lat="46.648505" lon="10.992981"><ele>535</ele></trkpt>
      <trkpt lat="46.648528" lon="10.992831"><ele>535</ele></trkpt>
      <trkpt lat="46.648529" lon="10.992695"><ele>535</ele></trkpt>
      <trkpt lat="46.648537" lon="10.992620"><ele>536</ele></trkpt>
      <trkpt lat="46.648608" lon="10.992267"><ele>538</ele></trkpt>
      <trkpt lat="46.648584" lon="10.992114"><ele>538</ele></trkpt>
      <trkpt lat="46.648589" lon="10.992050"><ele>538</ele></trkpt>
      <trkpt lat="46.648570" lon="10.992048"><ele>538</ele></trkpt>
      <trkpt lat="46.648218" lon="10.991999"><ele>536</ele></trkpt>
      <trkpt lat="46.648212" lon="10.991608"><ele>536</ele></trkpt>
      <trkpt lat="46.648202" lon="10.991481"><ele>536</ele></trkpt>
      <trkpt lat="46.648069" lon="10.990400"><ele>538</ele></trkpt>
      <trkpt lat="46.648026" lon="10.990125"><ele>538</ele></trkpt>
      <trkpt lat="46.648002" lon="10.990029"><ele>537</ele></trkpt>
      <trkpt lat="46.647897" lon="10.989511"><ele>538</ele></trkpt>
      <trkpt lat="46.647822" lon="10.988981"><ele>538</ele></trkpt>
      <trkpt lat="46.647797" lon="10.988736"><ele>539</ele></trkpt>
      <trkpt lat="46.647777" lon="10.988361"><ele>539</ele></trkpt>
      <trkpt lat="46.647772" lon="10.988124"><ele>540</ele></trkpt>
      <trkpt lat="46.647778" lon="10.987795"><ele>540</ele></trkpt>
      <trkpt lat="46.647801" lon="10.987351"><ele>541</ele></trkpt>
      <trkpt lat="46.647920" lon="10.986042"><ele>541</ele></trkpt>
      <trkpt lat="46.648005" lon="10.985065"><ele>542</ele></trkpt>
      <trkpt lat="46.648046" lon="10.984304"><ele>542</ele></trkpt>
      <trkpt lat="46.648049" lon="10.984094"><ele>543</ele></trkpt>
      <trkpt lat="46.648039" lon="10.983916"><ele>542</ele></trkpt>
      <trkpt lat="46.648014" lon="10.983706"><ele>543</ele></trkpt>
      <trkpt lat="46.647969" lon="10.983470"><ele>544</ele></trkpt>
      <trkpt lat="46.647873" lon="10.983106"><ele>546</ele></trkpt>
      <trkpt lat="46.647723" lon="10.982622"><ele>546</ele></trkpt>
      <trkpt lat="46.647626" lon="10.982361"><ele>546</ele></trkpt>
      <trkpt lat="46.647349" lon="10.981770"><ele>548</ele></trkpt>
      <trkpt lat="46.647172" lon="10.981373"><ele>547</ele></trkpt>
      <trkpt lat="46.647030" lon="10.981021"><ele>548</ele></trkpt>
      <trkpt lat="46.646963" lon="10.980817"><ele>548</ele></trkpt>
      <trkpt lat="46.646915" lon="10.980642"><ele>547</ele></trkpt>
      <trkpt lat="46.646850" lon="10.980350"><ele>548</ele></trkpt>
      <trkpt lat="46.646832" lon="10.980216"><ele>548</ele></trkpt>
      <trkpt lat="46.646805" lon="10.979861"><ele>549</ele></trkpt>
      <trkpt lat="46.646803" lon="10.979631"><ele>549</ele></trkpt>
      <trkpt lat="46.646812" lon="10.979399"><ele>549</ele></trkpt>
      <trkpt lat="46.646838" lon="10.979052"><ele>549</ele></trkpt>
      <trkpt lat="46.646952" lon="10.977775"><ele>552</ele></trkpt>
      <trkpt lat="46.647048" lon="10.976782"><ele>551</ele></trkpt>
      <trkpt lat="46.647052" lon="10.976718"><ele>551</ele></trkpt>
      <trkpt lat="46.647069" lon="10.976483"><ele>551</ele></trkpt>
      <trkpt lat="46.647066" lon="10.974870"><ele>550</ele></trkpt>
      <trkpt lat="46.647052" lon="10.974443"><ele>550</ele></trkpt>
      <trkpt lat="46.647010" lon="10.973998"><ele>551</ele></trkpt>
      <trkpt lat="46.646940" lon="10.973584"><ele>551</ele></trkpt>
      <trkpt lat="46.646842" lon="10.973125"><ele>550</ele></trkpt>
      <trkpt lat="46.646779" lon="10.972646"><ele>551</ele></trkpt>
      <trkpt lat="46.646748" lon="10.972179"><ele>552</ele></trkpt>
      <trkpt lat="46.646755" lon="10.971318"><ele>550</ele></trkpt>
      <trkpt lat="46.646747" lon="10.971061"><ele>551</ele></trkpt>
      <trkpt lat="46.646627" lon="10.969775"><ele>550</ele></trkpt>
      <trkpt lat="46.646599" lon="10.969621"><ele>550</ele></trkpt>
      <trkpt lat="46.646564" lon="10.969482"><ele>550</ele></trkpt>
      <trkpt lat="46.646518" lon="10.969342"><ele>551</ele></trkpt>
      <trkpt lat="46.646451" lon="10.969175"><ele>551</ele></trkpt>
      <trkpt lat="46.646301" lon="10.968851"><ele>550</ele></trkpt>
      <trkpt lat="46.646087" lon="10.968458"><ele>551</ele></trkpt>
      <trkpt lat="46.645888" lon="10.968135"><ele>552</ele></trkpt>
      <trkpt lat="46.645741" lon="10.967822"><ele>552</ele></trkpt>
      <trkpt lat="46.645672" lon="10.967661"><ele>552</ele></trkpt>
      <trkpt lat="46.645615" lon="10.967507"><ele>552</ele></trkpt>
      <trkpt lat="46.645519" lon="10.967174"><ele>552</ele></trkpt>
      <trkpt lat="46.645480" lon="10.966995"><ele>551</ele></trkpt>
      <trkpt lat="46.645390" lon="10.966430"><ele>553</ele></trkpt>
      <trkpt lat="46.645348" lon="10.966072"><ele>553</ele></trkpt>
      <trkpt lat="46.645359" lon="10.966068"><ele>553</ele></trkpt>
      <trkpt lat="46.645566" lon="10.966027"><ele>552</ele></trkpt>
      <trkpt lat="46.645589" lon="10.966024"><ele>552</ele></trkpt>
      <trkpt lat="46.645582" lon="10.965969"><ele>552</ele></trkpt>
      <trkpt lat="46.645577" lon="10.965917"><ele>552</ele></trkpt>
      <trkpt lat="46.645539" lon="10.965359"><ele>552</ele></trkpt>
      <trkpt lat="46.645517" lon="10.965040"><ele>552</ele></trkpt>
      <trkpt lat="46.645469" lon="10.964719"><ele>552</ele></trkpt>
      <trkpt lat="46.645412" lon="10.964427"><ele>552</ele></trkpt>
      <trkpt lat="46.645333" lon="10.964119"><ele>552</ele></trkpt>
      <trkpt lat="46.645234" lon="10.963828"><ele>552</ele></trkpt>
      <trkpt lat="46.645029" lon="10.963372"><ele>552</ele></trkpt>
      <trkpt lat="46.644462" lon="10.961922"><ele>553</ele></trkpt>
      <trkpt lat="46.644277" lon="10.961468"><ele>552</ele></trkpt>
      <trkpt lat="46.644240" lon="10.961381"><ele>552</ele></trkpt>
      <trkpt lat="46.644122" lon="10.961150"><ele>553</ele></trkpt>
      <trkpt lat="46.643796" lon="10.960380"><ele>553</ele></trkpt>
      <trkpt lat="46.643257" lon="10.959023"><ele>553</ele></trkpt>
      <trkpt lat="46.643198" lon="10.958828"><ele>552</ele></trkpt>
      <trkpt lat="46.641904" lon="10.955686"><ele>554</ele></trkpt>
      <trkpt lat="46.641324" lon="10.954239"><ele>554</ele></trkpt>
      <trkpt lat="46.640463" lon="10.952134"><ele>554</ele></trkpt>
      <trkpt lat="46.640212" lon="10.951494"><ele>556</ele></trkpt>
      <trkpt lat="46.640208" lon="10.951471"><ele>556</ele></trkpt>
      <trkpt lat="46.640137" lon="10.951308"><ele>555</ele></trkpt>
      <trkpt lat="46.640104" lon="10.951264"><ele>555</ele></trkpt>
      <trkpt lat="46.639942" lon="10.950873"><ele>556</ele></trkpt>
      <trkpt lat="46.638911" lon="10.948380"><ele>555</ele></trkpt>
      <trkpt lat="46.637213" lon="10.944188"><ele>558</ele></trkpt>
      <trkpt lat="46.636563" lon="10.942599"><ele>558</ele></trkpt>
      <trkpt lat="46.636078" lon="10.941391"><ele>558</ele></trkpt>
      <trkpt lat="46.635660" lon="10.940386"><ele>559</ele></trkpt>
      <trkpt lat="46.635541" lon="10.940085"><ele>560</ele></trkpt>
      <trkpt lat="46.635290" lon="10.939336"><ele>560</ele></trkpt>
      <trkpt lat="46.635154" lon="10.939114"><ele>560</ele></trkpt>
      <trkpt lat="46.634862" lon="10.938355"><ele>560</ele></trkpt>
      <trkpt lat="46.634797" lon="10.938195"><ele>560</ele></trkpt>
      <trkpt lat="46.634646" lon="10.937851"><ele>560</ele></trkpt>
      <trkpt lat="46.634279" lon="10.936954"><ele>560</ele></trkpt>
      <trkpt lat="46.633917" lon="10.936048"><ele>562</ele></trkpt>
      <trkpt lat="46.633259" lon="10.934436"><ele>561</ele></trkpt>
      <trkpt lat="46.632644" lon="10.932978"><ele>562</ele></trkpt>
      <trkpt lat="46.632526" lon="10.932685"><ele>563</ele></trkpt>
      <trkpt lat="46.631343" lon="10.929795"><ele>564</ele></trkpt>
      <trkpt lat="46.630996" lon="10.928992"><ele>564</ele></trkpt>
      <trkpt lat="46.630902" lon="10.928743"><ele>564</ele></trkpt>
      <trkpt lat="46.630600" lon="10.928014"><ele>564</ele></trkpt>
      <trkpt lat="46.630222" lon="10.927083"><ele>565</ele></trkpt>
      <trkpt lat="46.629949" lon="10.926411"><ele>566</ele></trkpt>
      <trkpt lat="46.629376" lon="10.925026"><ele>564</ele></trkpt>
      <trkpt lat="46.628261" lon="10.922316"><ele>566</ele></trkpt>
      <trkpt lat="46.627607" lon="10.920704"><ele>567</ele></trkpt>
      <trkpt lat="46.627310" lon="10.919947"><ele>567</ele></trkpt>
      <trkpt lat="46.627184" lon="10.919651"><ele>568</ele></trkpt>
      <trkpt lat="46.626648" lon="10.918332"><ele>568</ele></trkpt>
      <trkpt lat="46.626434" lon="10.917821"><ele>568</ele></trkpt>
      <trkpt lat="46.626247" lon="10.917332"><ele>569</ele></trkpt>
      <trkpt lat="46.626067" lon="10.916769"><ele>569</ele></trkpt>
      <trkpt lat="46.625974" lon="10.916444"><ele>568</ele></trkpt>
      <trkpt lat="46.625863" lon="10.915965"><ele>570</ele></trkpt>
      <trkpt lat="46.625781" lon="10.915523"><ele>570</ele></trkpt>
      <trkpt lat="46.625729" lon="10.915271"><ele>569</ele></trkpt>
      <trkpt lat="46.625679" lon="10.914976"><ele>568</ele></trkpt>
      <trkpt lat="46.625629" lon="10.914429"><ele>570</ele></trkpt>
      <trkpt lat="46.625597" lon="10.913896"><ele>570</ele></trkpt>
      <trkpt lat="46.625589" lon="10.913125"><ele>571</ele></trkpt>
      <trkpt lat="46.625679" lon="10.912008"><ele>570</ele></trkpt>
      <trkpt lat="46.625763" lon="10.911285"><ele>571</ele></trkpt>
      <trkpt lat="46.625843" lon="10.910676"><ele>572</ele></trkpt>
      <trkpt lat="46.625942" lon="10.910106"><ele>571</ele></trkpt>
      <trkpt lat="46.626076" lon="10.909534"><ele>572</ele></trkpt>
      <trkpt lat="46.626273" lon="10.908861"><ele>572</ele></trkpt>
      <trkpt lat="46.626362" lon="10.908605"><ele>574</ele></trkpt>
      <trkpt lat="46.626607" lon="10.907901"><ele>573</ele></trkpt>
      <trkpt lat="46.626884" lon="10.907146"><ele>574</ele></trkpt>
      <trkpt lat="46.627127" lon="10.906447"><ele>574</ele></trkpt>
      <trkpt lat="46.627384" lon="10.905687"><ele>573</ele></trkpt>
      <trkpt lat="46.627556" lon="10.905092"><ele>574</ele></trkpt>
      <trkpt lat="46.627623" lon="10.904798"><ele>574</ele></trkpt>
      <trkpt lat="46.627825" lon="10.903622"><ele>576</ele></trkpt>
      <trkpt lat="46.627896" lon="10.902821"><ele>576</ele></trkpt>
      <trkpt lat="46.627913" lon="10.902535"><ele>577</ele></trkpt>
      <trkpt lat="46.627991" lon="10.901715"><ele>579</ele></trkpt>
      <trkpt lat="46.628053" lon="10.901398"><ele>581</ele></trkpt>
      <trkpt lat="46.628047" lon="10.901376"><ele>581</ele></trkpt>
      <trkpt lat="46.628035" lon="10.901342"><ele>581</ele></trkpt>
      <trkpt lat="46.628010" lon="10.901303"><ele>581</ele></trkpt>
      <trkpt lat="46.627910" lon="10.901296"><ele>580</ele></trkpt>
      <trkpt lat="46.627893" lon="10.901252"><ele>580</ele></trkpt>
      <trkpt lat="46.627878" lon="10.901083"><ele>580</ele></trkpt>
      <trkpt lat="46.627859" lon="10.901034"><ele>581</ele></trkpt>
      <trkpt lat="46.627822" lon="10.900921"><ele>581</ele></trkpt>
      <trkpt lat="46.627824" lon="10.900727"><ele>582</ele></trkpt>
      <trkpt lat="46.627814" lon="10.900598"><ele>582</ele></trkpt>
      <trkpt lat="46.627739" lon="10.899913"><ele>584</ele></trkpt>
      <trkpt lat="46.627711" lon="10.899811"><ele>583</ele></trkpt>
      <trkpt lat="46.627681" lon="10.899727"><ele>583</ele></trkpt>
      <trkpt lat="46.627636" lon="10.899583"><ele>582</ele></trkpt>
      <trkpt lat="46.627598" lon="10.899458"><ele>581</ele></trkpt>
      <trkpt lat="46.627531" lon="10.899232"><ele>581</ele></trkpt>
      <trkpt lat="46.627464" lon="10.898957"><ele>582</ele></trkpt>
      <trkpt lat="46.627438" lon="10.898785"><ele>581</ele></trkpt>
      <trkpt lat="46.627412" lon="10.898409"><ele>581</ele></trkpt>
      <trkpt lat="46.627414" lon="10.897832"><ele>581</ele></trkpt>
      <trkpt lat="46.627440" lon="10.897408"><ele>582</ele></trkpt>
      <trkpt lat="46.627450" lon="10.897031"><ele>584</ele></trkpt>
      <trkpt lat="46.627453" lon="10.896500"><ele>587</ele></trkpt>
      <trkpt lat="46.627444" lon="10.896154"><ele>587</ele></trkpt>
      <trkpt lat="46.627430" lon="10.896014"><ele>588</ele></trkpt>
      <trkpt lat="46.627354" lon="10.895581"><ele>587</ele></trkpt>
      <trkpt lat="46.627277" lon="10.895264"><ele>586</ele></trkpt>
      <trkpt lat="46.627208" lon="10.895036"><ele>584</ele></trkpt>
      <trkpt lat="46.626937" lon="10.894195"><ele>585</ele></trkpt>
      <trkpt lat="46.626695" lon="10.893479"><ele>586</ele></trkpt>
      <trkpt lat="46.626661" lon="10.893348"><ele>586</ele></trkpt>
      <trkpt lat="46.626605" lon="10.893054"><ele>586</ele></trkpt>
      <trkpt lat="46.626561" lon="10.892902"><ele>589</ele></trkpt>
      <trkpt lat="46.626492" lon="10.892746"><ele>590</ele></trkpt>
      <trkpt lat="46.626289" lon="10.892446"><ele>589</ele></trkpt>
      <trkpt lat="46.626254" lon="10.892365"><ele>590</ele></trkpt>
      <trkpt lat="46.626192" lon="10.892092"><ele>590</ele></trkpt>
      <trkpt lat="46.626017" lon="10.890930"><ele>590</ele></trkpt>
      <trkpt lat="46.626013" lon="10.890823"><ele>590</ele></trkpt>
      <trkpt lat="46.626022" lon="10.890717"><ele>590</ele></trkpt>
      <trkpt lat="46.626047" lon="10.890587"><ele>590</ele></trkpt>
      <trkpt lat="46.626208" lon="10.890068"><ele>594</ele></trkpt>
      <trkpt lat="46.626243" lon="10.889919"><ele>595</ele></trkpt>
      <trkpt lat="46.626303" lon="10.889528"><ele>597</ele></trkpt>
      <trkpt lat="46.626317" lon="10.889291"><ele>596</ele></trkpt>
      <trkpt lat="46.626319" lon="10.889039"><ele>596</ele></trkpt>
      <trkpt lat="46.626302" lon="10.888760"><ele>596</ele></trkpt>
      <trkpt lat="46.626274" lon="10.888468"><ele>596</ele></trkpt>
      <trkpt lat="46.626207" lon="10.888036"><ele>596</ele></trkpt>
      <trkpt lat="46.626165" lon="10.887829"><ele>596</ele></trkpt>
      <trkpt lat="46.626082" lon="10.887503"><ele>598</ele></trkpt>
      <trkpt lat="46.625967" lon="10.887163"><ele>600</ele></trkpt>
      <trkpt lat="46.625646" lon="10.886306"><ele>602</ele></trkpt>
      <trkpt lat="46.625388" lon="10.885688"><ele>605</ele></trkpt>
      <trkpt lat="46.625071" lon="10.885071"><ele>603</ele></trkpt>
      <trkpt lat="46.624792" lon="10.884514"><ele>606</ele></trkpt>
      <trkpt lat="46.624740" lon="10.884391"><ele>604</ele></trkpt>
      <trkpt lat="46.624702" lon="10.884271"><ele>606</ele></trkpt>
      <trkpt lat="46.624418" lon="10.883135"><ele>610</ele></trkpt>
      <trkpt lat="46.624339" lon="10.882792"><ele>614</ele></trkpt>
      <trkpt lat="46.624184" lon="10.881929"><ele>612</ele></trkpt>
      <trkpt lat="46.624059" lon="10.881324"><ele>617</ele></trkpt>
      <trkpt lat="46.624022" lon="10.881148"><ele>616</ele></trkpt>
      <trkpt lat="46.624005" lon="10.880992"><ele>615</ele></trkpt>
      <trkpt lat="46.623980" lon="10.880415"><ele>616</ele></trkpt>
      <trkpt lat="46.623968" lon="10.880261"><ele>616</ele></trkpt>
      <trkpt lat="46.623928" lon="10.880001"><ele>616</ele></trkpt>
      <trkpt lat="46.623878" lon="10.879723"><ele>617</ele></trkpt>
      <trkpt lat="46.623856" lon="10.879644"><ele>617</ele></trkpt>
      <trkpt lat="46.623719" lon="10.879317"><ele>616</ele></trkpt>
      <trkpt lat="46.623688" lon="10.879219"><ele>615</ele></trkpt>
      <trkpt lat="46.623640" lon="10.878926"><ele>615</ele></trkpt>
      <trkpt lat="46.623616" lon="10.878676"><ele>615</ele></trkpt>
      <trkpt lat="46.623612" lon="10.878485"><ele>615</ele></trkpt>
      <trkpt lat="46.623615" lon="10.878152"><ele>616</ele></trkpt>
      <trkpt lat="46.623659" lon="10.877589"><ele>616</ele></trkpt>
      <trkpt lat="46.623725" lon="10.876855"><ele>617</ele></trkpt>
      <trkpt lat="46.623761" lon="10.876281"><ele>619</ele></trkpt>
      <trkpt lat="46.623799" lon="10.875824"><ele>623</ele></trkpt>
      <trkpt lat="46.623814" lon="10.875480"><ele>624</ele></trkpt>
      <trkpt lat="46.623846" lon="10.875176"><ele>623</ele></trkpt>
      <trkpt lat="46.623850" lon="10.874970"><ele>625</ele></trkpt>
      <trkpt lat="46.623837" lon="10.874871"><ele>626</ele></trkpt>
      <trkpt lat="46.623805" lon="10.874720"><ele>626</ele></trkpt>
      <trkpt lat="46.623714" lon="10.874455"><ele>626</ele></trkpt>
      <trkpt lat="46.623670" lon="10.874360"><ele>624</ele></trkpt>
      <trkpt lat="46.623530" lon="10.874099"><ele>624</ele></trkpt>
      <trkpt lat="46.623478" lon="10.873985"><ele>624</ele></trkpt>
      <trkpt lat="46.623336" lon="10.873519"><ele>620</ele></trkpt>
      <trkpt lat="46.623146" lon="10.872990"><ele>621</ele></trkpt>
      <trkpt lat="46.622844" lon="10.872214"><ele>621</ele></trkpt>
      <trkpt lat="46.622828" lon="10.872129"><ele>621</ele></trkpt>
      <trkpt lat="46.622819" lon="10.872019"><ele>621</ele></trkpt>
      <trkpt lat="46.622827" lon="10.871879"><ele>621</ele></trkpt>
      <trkpt lat="46.622877" lon="10.871588"><ele>622</ele></trkpt>
      <trkpt lat="46.622938" lon="10.871314"><ele>624</ele></trkpt>
      <trkpt lat="46.622960" lon="10.871181"><ele>625</ele></trkpt>
      <trkpt lat="46.622973" lon="10.870920"><ele>626</ele></trkpt>
      <trkpt lat="46.622964" lon="10.870570"><ele>626</ele></trkpt>
      <trkpt lat="46.622944" lon="10.870322"><ele>625</ele></trkpt>
      <trkpt lat="46.622910" lon="10.870069"><ele>626</ele></trkpt>
      <trkpt lat="46.622864" lon="10.869855"><ele>626</ele></trkpt>
      <trkpt lat="46.622795" lon="10.869620"><ele>626</ele></trkpt>
      <trkpt lat="46.622738" lon="10.869465"><ele>628</ele></trkpt>
      <trkpt lat="46.622716" lon="10.869423"><ele>628</ele></trkpt>
      <trkpt lat="46.622684" lon="10.869406"><ele>627</ele></trkpt>
      <trkpt lat="46.622638" lon="10.869427"><ele>626</ele></trkpt>
      <trkpt lat="46.622366" lon="10.869620"><ele>626</ele></trkpt>
      <trkpt lat="46.622317" lon="10.869643"><ele>628</ele></trkpt>
      <trkpt lat="46.622292" lon="10.869628"><ele>628</ele></trkpt>
      <trkpt lat="46.622259" lon="10.869593"><ele>629</ele></trkpt>
      <trkpt lat="46.622151" lon="10.869403"><ele>630</ele></trkpt>
      <trkpt lat="46.622056" lon="10.869184"><ele>629</ele></trkpt>
      <trkpt lat="46.621513" lon="10.867850"><ele>633</ele></trkpt>
      <trkpt lat="46.621109" lon="10.866883"><ele>632</ele></trkpt>
      <trkpt lat="46.621105" lon="10.866853"><ele>632</ele></trkpt>
      <trkpt lat="46.621117" lon="10.866817"><ele>632</ele></trkpt>
      <trkpt lat="46.621114" lon="10.866793"><ele>632</ele></trkpt>
      <trkpt lat="46.621105" lon="10.866780"><ele>632</ele></trkpt>
      <trkpt lat="46.621034" lon="10.866715"><ele>632</ele></trkpt>
      <trkpt lat="46.620981" lon="10.866618"><ele>632</ele></trkpt>
      <trkpt lat="46.620960" lon="10.866556"><ele>632</ele></trkpt>
      <trkpt lat="46.620943" lon="10.866503"><ele>632</ele></trkpt>
      <trkpt lat="46.620936" lon="10.866454"><ele>631</ele></trkpt>
      <trkpt lat="46.620859" lon="10.866305"><ele>631</ele></trkpt>
      <trkpt lat="46.620850" lon="10.866253"><ele>631</ele></trkpt>
      <trkpt lat="46.620858" lon="10.866194"><ele>630</ele></trkpt>
      <trkpt lat="46.620872" lon="10.866158"><ele>630</ele></trkpt>
      <trkpt lat="46.620890" lon="10.866081"><ele>628</ele></trkpt>
      <trkpt lat="46.620900" lon="10.865976"><ele>627</ele></trkpt>
      <trkpt lat="46.620895" lon="10.865731"><ele>626</ele></trkpt>
      <trkpt lat="46.620895" lon="10.865671"><ele>626</ele></trkpt>
      <trkpt lat="46.620888" lon="10.865596"><ele>627</ele></trkpt>
      <trkpt lat="46.620818" lon="10.865238"><ele>628</ele></trkpt>
      <trkpt lat="46.620802" lon="10.865099"><ele>627</ele></trkpt>
      <trkpt lat="46.620803" lon="10.864975"><ele>627</ele></trkpt>
      <trkpt lat="46.620821" lon="10.864832"><ele>628</ele></trkpt>
      <trkpt lat="46.620861" lon="10.864617"><ele>628</ele></trkpt>
      <trkpt lat="46.620963" lon="10.864207"><ele>626</ele></trkpt>
      <trkpt lat="46.621021" lon="10.864021"><ele>626</ele></trkpt>
      <trkpt lat="46.621159" lon="10.863749"><ele>627</ele></trkpt>
      <trkpt lat="46.621482" lon="10.863154"><ele>628</ele></trkpt>
      <trkpt lat="46.621499" lon="10.863159"><ele>628</ele></trkpt>
      <trkpt lat="46.621751" lon="10.863267"><ele>630</ele></trkpt>
      <trkpt lat="46.621775" lon="10.863264"><ele>630</ele></trkpt>
      <trkpt lat="46.621803" lon="10.863231"><ele>630</ele></trkpt>
      <trkpt lat="46.621984" lon="10.862917"><ele>630</ele></trkpt>
      <trkpt lat="46.622132" lon="10.862603"><ele>632</ele></trkpt>
      <trkpt lat="46.622338" lon="10.862218"><ele>631</ele></trkpt>
      <trkpt lat="46.622456" lon="10.861949"><ele>631</ele></trkpt>
      <trkpt lat="46.622517" lon="10.861738"><ele>631</ele></trkpt>
      <trkpt lat="46.622612" lon="10.861095"><ele>632</ele></trkpt>
      <trkpt lat="46.622665" lon="10.860594"><ele>634</ele></trkpt>
      <trkpt lat="46.622667" lon="10.860061"><ele>635</ele></trkpt>
      <trkpt lat="46.622609" lon="10.859461"><ele>636</ele></trkpt>
      <trkpt lat="46.622452" lon="10.858802"><ele>638</ele></trkpt>
      <trkpt lat="46.622262" lon="10.857836"><ele>635</ele></trkpt>
      <trkpt lat="46.622063" lon="10.857067"><ele>636</ele></trkpt>
      <trkpt lat="46.621856" lon="10.856325"><ele>638</ele></trkpt>
      <trkpt lat="46.621747" lon="10.855357"><ele>637</ele></trkpt>
      <trkpt lat="46.621503" lon="10.855161"><ele>634</ele></trkpt>
      <trkpt lat="46.621444" lon="10.855012"><ele>633</ele></trkpt>
      <trkpt lat="46.621358" lon="10.854704"><ele>635</ele></trkpt>
      <trkpt lat="46.621305" lon="10.854464"><ele>634</ele></trkpt>
      <trkpt lat="46.621265" lon="10.853850"><ele>634</ele></trkpt>
      <trkpt lat="46.621277" lon="10.853279"><ele>635</ele></trkpt>
      <trkpt lat="46.621350" lon="10.852837"><ele>636</ele></trkpt>
      <trkpt lat="46.621530" lon="10.851946"><ele>638</ele></trkpt>
      <trkpt lat="46.621597" lon="10.851406"><ele>640</ele></trkpt>
      <trkpt lat="46.621603" lon="10.850938"><ele>640</ele></trkpt>
      <trkpt lat="46.621583" lon="10.850366"><ele>640</ele></trkpt>
      <trkpt lat="46.621555" lon="10.849802"><ele>641</ele></trkpt>
      <trkpt lat="46.621551" lon="10.849742"><ele>641</ele></trkpt>
      <trkpt lat="46.621552" lon="10.849615"><ele>641</ele></trkpt>
      <trkpt lat="46.621544" lon="10.849196"><ele>641</ele></trkpt>
      <trkpt lat="46.621511" lon="10.848934"><ele>641</ele></trkpt>
      <trkpt lat="46.621424" lon="10.848573"><ele>642</ele></trkpt>
      <trkpt lat="46.621240" lon="10.848002"><ele>641</ele></trkpt>
      <trkpt lat="46.621075" lon="10.847552"><ele>642</ele></trkpt>
      <trkpt lat="46.620815" lon="10.846848"><ele>642</ele></trkpt>
      <trkpt lat="46.620352" lon="10.845195"><ele>643</ele></trkpt>
      <trkpt lat="46.620278" lon="10.844971"><ele>643</ele></trkpt>
      <trkpt lat="46.619889" lon="10.843997"><ele>644</ele></trkpt>
      <trkpt lat="46.619568" lon="10.842748"><ele>646</ele></trkpt>
      <trkpt lat="46.619536" lon="10.842580"><ele>646</ele></trkpt>
      <trkpt lat="46.619415" lon="10.842176"><ele>648</ele></trkpt>
      <trkpt lat="46.619295" lon="10.841798"><ele>649</ele></trkpt>
      <trkpt lat="46.619185" lon="10.841592"><ele>650</ele></trkpt>
      <trkpt lat="46.619035" lon="10.841397"><ele>650</ele></trkpt>
      <trkpt lat="46.618950" lon="10.841329"><ele>649</ele></trkpt>
      <trkpt lat="46.618822" lon="10.841272"><ele>648</ele></trkpt>
      <trkpt lat="46.618702" lon="10.841116"><ele>648</ele></trkpt>
      <trkpt lat="46.618321" lon="10.840741"><ele>650</ele></trkpt>
      <trkpt lat="46.618246" lon="10.840373"><ele>650</ele></trkpt>
      <trkpt lat="46.618239" lon="10.840248"><ele>650</ele></trkpt>
      <trkpt lat="46.618246" lon="10.840156"><ele>650</ele></trkpt>
      <trkpt lat="46.618270" lon="10.840064"><ele>650</ele></trkpt>
      <trkpt lat="46.618326" lon="10.839925"><ele>650</ele></trkpt>
      <trkpt lat="46.618363" lon="10.839819"><ele>650</ele></trkpt>
      <trkpt lat="46.618452" lon="10.839624"><ele>651</ele></trkpt>
      <trkpt lat="46.618722" lon="10.838864"><ele>653</ele></trkpt>
      <trkpt lat="46.618927" lon="10.838252"><ele>655</ele></trkpt>
      <trkpt lat="46.619015" lon="10.837915"><ele>655</ele></trkpt>
      <trkpt lat="46.619059" lon="10.837809"><ele>656</ele></trkpt>
      <trkpt lat="46.619252" lon="10.837283"><ele>658</ele></trkpt>
      <trkpt lat="46.619461" lon="10.836759"><ele>658</ele></trkpt>
      <trkpt lat="46.620384" lon="10.834376"><ele>656</ele></trkpt>
      <trkpt lat="46.620423" lon="10.834240"><ele>656</ele></trkpt>
      <trkpt lat="46.620421" lon="10.834131"><ele>656</ele></trkpt>
      <trkpt lat="46.620370" lon="10.834026"><ele>656</ele></trkpt>
      <trkpt lat="46.620212" lon="10.833865"><ele>655</ele></trkpt>
      <trkpt lat="46.620155" lon="10.833753"><ele>654</ele></trkpt>
      <trkpt lat="46.620165" lon="10.833691"><ele>654</ele></trkpt>
      <trkpt lat="46.620142" lon="10.833674"><ele>654</ele></trkpt>
      <trkpt lat="46.619942" lon="10.833562"><ele>652</ele></trkpt>
      <trkpt lat="46.619921" lon="10.833553"><ele>653</ele></trkpt>
      <trkpt lat="46.620052" lon="10.833034"><ele>655</ele></trkpt>
      <trkpt lat="46.620198" lon="10.832489"><ele>654</ele></trkpt>
      <trkpt lat="46.620439" lon="10.831619"><ele>653</ele></trkpt>
      <trkpt lat="46.620628" lon="10.830917"><ele>655</ele></trkpt>
      <trkpt lat="46.620680" lon="10.830543"><ele>654</ele></trkpt>
      <trkpt lat="46.620692" lon="10.830224"><ele>654</ele></trkpt>
      <trkpt lat="46.620689" lon="10.829931"><ele>655</ele></trkpt>
      <trkpt lat="46.620678" lon="10.829456"><ele>655</ele></trkpt>
      <trkpt lat="46.620651" lon="10.828938"><ele>656</ele></trkpt>
      <trkpt lat="46.620537" lon="10.827905"><ele>656</ele></trkpt>
      <trkpt lat="46.620440" lon="10.827476"><ele>656</ele></trkpt>
      <trkpt lat="46.620438" lon="10.827310"><ele>656</ele></trkpt>
      <trkpt lat="46.620409" lon="10.827192"><ele>656</ele></trkpt>
      <trkpt lat="46.620375" lon="10.827103"><ele>656</ele></trkpt>
      <trkpt lat="46.620341" lon="10.826995"><ele>656</ele></trkpt>
      <trkpt lat="46.620233" lon="10.826657"><ele>657</ele></trkpt>
      <trkpt lat="46.620212" lon="10.826533"><ele>657</ele></trkpt>
      <trkpt lat="46.620188" lon="10.826187"><ele>657</ele></trkpt>
      <trkpt lat="46.620153" lon="10.825994"><ele>658</ele></trkpt>
      <trkpt lat="46.620109" lon="10.825858"><ele>658</ele></trkpt>
      <trkpt lat="46.620000" lon="10.825724"><ele>657</ele></trkpt>
      <trkpt lat="46.619992" lon="10.825625"><ele>658</ele></trkpt>
      <trkpt lat="46.619994" lon="10.825369"><ele>658</ele></trkpt>
      <trkpt lat="46.619993" lon="10.825232"><ele>658</ele></trkpt>
      <trkpt lat="46.619992" lon="10.825081"><ele>658</ele></trkpt>
      <trkpt lat="46.619963" lon="10.824877"><ele>658</ele></trkpt>
      <trkpt lat="46.619969" lon="10.824809"><ele>658</ele></trkpt>
      <trkpt lat="46.619993" lon="10.824709"><ele>659</ele></trkpt>
      <trkpt lat="46.620031" lon="10.824646"><ele>659</ele></trkpt>
      <trkpt lat="46.620099" lon="10.824538"><ele>658</ele></trkpt>
      <trkpt lat="46.620128" lon="10.824431"><ele>658</ele></trkpt>
      <trkpt lat="46.620115" lon="10.824246"><ele>658</ele></trkpt>
      <trkpt lat="46.620141" lon="10.824105"><ele>658</ele></trkpt>
      <trkpt lat="46.620030" lon="10.823000"><ele>659</ele></trkpt>
      <trkpt lat="46.619650" lon="10.820497"><ele>659</ele></trkpt>
      <trkpt lat="46.619551" lon="10.819723"><ele>661</ele></trkpt>
      <trkpt lat="46.619529" lon="10.819396"><ele>661</ele></trkpt>
      <trkpt lat="46.619531" lon="10.819085"><ele>662</ele></trkpt>
      <trkpt lat="46.619577" lon="10.818681"><ele>661</ele></trkpt>
      <trkpt lat="46.619657" lon="10.818246"><ele>661</ele></trkpt>
      <trkpt lat="46.619762" lon="10.817815"><ele>662</ele></trkpt>
      <trkpt lat="46.619830" lon="10.817451"><ele>662</ele></trkpt>
      <trkpt lat="46.619857" lon="10.817137"><ele>662</ele></trkpt>
      <trkpt lat="46.619866" lon="10.816826"><ele>662</ele></trkpt>
      <trkpt lat="46.619857" lon="10.816522"><ele>663</ele></trkpt>
      <trkpt lat="46.619812" lon="10.816223"><ele>664</ele></trkpt>
      <trkpt lat="46.619754" lon="10.815620"><ele>664</ele></trkpt>
      <trkpt lat="46.619715" lon="10.815329"><ele>663</ele></trkpt>
      <trkpt lat="46.619640" lon="10.814859"><ele>663</ele></trkpt>
      <trkpt lat="46.619431" lon="10.813884"><ele>664</ele></trkpt>
      <trkpt lat="46.619236" lon="10.813019"><ele>665</ele></trkpt>
      <trkpt lat="46.619019" lon="10.812119"><ele>664</ele></trkpt>
      <trkpt lat="46.618965" lon="10.812012"><ele>665</ele></trkpt>
      <trkpt lat="46.618878" lon="10.811769"><ele>666</ele></trkpt>
      <trkpt lat="46.618843" lon="10.811609"><ele>666</ele></trkpt>
      <trkpt lat="46.618810" lon="10.811258"><ele>664</ele></trkpt>
      <trkpt lat="46.618830" lon="10.811092"><ele>664</ele></trkpt>
      <trkpt lat="46.618819" lon="10.810652"><ele>665</ele></trkpt>
      <trkpt lat="46.618900" lon="10.809770"><ele>666</ele></trkpt>
      <trkpt lat="46.618920" lon="10.809270"><ele>667</ele></trkpt>
      <trkpt lat="46.618908" lon="10.808884"><ele>667</ele></trkpt>
      <trkpt lat="46.618857" lon="10.807997"><ele>667</ele></trkpt>
      <trkpt lat="46.618827" lon="10.807529"><ele>667</ele></trkpt>
      <trkpt lat="46.618757" lon="10.806706"><ele>667</ele></trkpt>
      <trkpt lat="46.618686" lon="10.806230"><ele>668</ele></trkpt>
      <trkpt lat="46.618474" lon="10.805033"><ele>668</ele></trkpt>
      <trkpt lat="46.618337" lon="10.804202"><ele>670</ele></trkpt>
      <trkpt lat="46.618264" lon="10.803654"><ele>669</ele></trkpt>
      <trkpt lat="46.618055" lon="10.801470"><ele>671</ele></trkpt>
      <trkpt lat="46.617992" lon="10.800268"><ele>672</ele></trkpt>
      <trkpt lat="46.617945" lon="10.799711"><ele>672</ele></trkpt>
      <trkpt lat="46.617889" lon="10.799231"><ele>673</ele></trkpt>
      <trkpt lat="46.617795" lon="10.798534"><ele>674</ele></trkpt>
      <trkpt lat="46.617613" lon="10.796889"><ele>674</ele></trkpt>
      <trkpt lat="46.617534" lon="10.795998"><ele>676</ele></trkpt>
      <trkpt lat="46.617490" lon="10.795401"><ele>676</ele></trkpt>
      <trkpt lat="46.617431" lon="10.794924"><ele>676</ele></trkpt>
      <trkpt lat="46.617362" lon="10.794536"><ele>677</ele></trkpt>
      <trkpt lat="46.617259" lon="10.794111"><ele>677</ele></trkpt>
      <trkpt lat="46.616799" lon="10.792433"><ele>679</ele></trkpt>
      <trkpt lat="46.616651" lon="10.791856"><ele>680</ele></trkpt>
      <trkpt lat="46.616613" lon="10.791591"><ele>680</ele></trkpt>
      <trkpt lat="46.616604" lon="10.791248"><ele>680</ele></trkpt>
      <trkpt lat="46.616637" lon="10.790706"><ele>681</ele></trkpt>
      <trkpt lat="46.616627" lon="10.790484"><ele>681</ele></trkpt>
      <trkpt lat="46.616608" lon="10.790289"><ele>682</ele></trkpt>
      <trkpt lat="46.616537" lon="10.789895"><ele>682</ele></trkpt>
      <trkpt lat="46.616535" lon="10.789778"><ele>682</ele></trkpt>
      <trkpt lat="46.616536" lon="10.789699"><ele>682</ele></trkpt>
      <trkpt lat="46.616549" lon="10.789368"><ele>682</ele></trkpt>
      <trkpt lat="46.616525" lon="10.788859"><ele>683</ele></trkpt>
      <trkpt lat="46.616485" lon="10.788428"><ele>684</ele></trkpt>
      <trkpt lat="46.616445" lon="10.788119"><ele>684</ele></trkpt>
      <trkpt lat="46.616405" lon="10.787923"><ele>684</ele></trkpt>
      <trkpt lat="46.616356" lon="10.787786"><ele>685</ele></trkpt>
      <trkpt lat="46.616281" lon="10.787303"><ele>685</ele></trkpt>
      <trkpt lat="46.616212" lon="10.786984"><ele>686</ele></trkpt>
      <trkpt lat="46.616143" lon="10.786738"><ele>685</ele></trkpt>
      <trkpt lat="46.616092" lon="10.786496"><ele>685</ele></trkpt>
      <trkpt lat="46.616061" lon="10.786282"><ele>686</ele></trkpt>
      <trkpt lat="46.616041" lon="10.786059"><ele>686</ele></trkpt>
      <trkpt lat="46.616014" lon="10.785291"><ele>686</ele></trkpt>
      <trkpt lat="46.616007" lon="10.785059"><ele>687</ele></trkpt>
      <trkpt lat="46.616021" lon="10.784648"><ele>687</ele></trkpt>
      <trkpt lat="46.616047" lon="10.784348"><ele>688</ele></trkpt>
      <trkpt lat="46.616146" lon="10.783569"><ele>691</ele></trkpt>
      <trkpt lat="46.616150" lon="10.783464"><ele>691</ele></trkpt>
      <trkpt lat="46.616136" lon="10.783279"><ele>691</ele></trkpt>
      <trkpt lat="46.616115" lon="10.782721"><ele>691</ele></trkpt>
      <trkpt lat="46.616114" lon="10.782374"><ele>692</ele></trkpt>
      <trkpt lat="46.616128" lon="10.781808"><ele>694</ele></trkpt>
      <trkpt lat="46.616161" lon="10.781273"><ele>694</ele></trkpt>
      <trkpt lat="46.616225" lon="10.780456"><ele>694</ele></trkpt>
      <trkpt lat="46.616242" lon="10.780156"><ele>694</ele></trkpt>
      <trkpt lat="46.616256" lon="10.779685"><ele>695</ele></trkpt>
      <trkpt lat="46.616251" lon="10.779410"><ele>695</ele></trkpt>
      <trkpt lat="46.616204" lon="10.778032"><ele>696</ele></trkpt>
      <trkpt lat="46.616179" lon="10.777753"><ele>698</ele></trkpt>
      <trkpt lat="46.616176" lon="10.777576"><ele>698</ele></trkpt>
      <trkpt lat="46.616188" lon="10.777434"><ele>699</ele></trkpt>
      <trkpt lat="46.616279" lon="10.776821"><ele>700</ele></trkpt>
      <trkpt lat="46.616326" lon="10.776645"><ele>699</ele></trkpt>
      <trkpt lat="46.616357" lon="10.776482"><ele>698</ele></trkpt>
      <trkpt lat="46.616576" lon="10.775516"><ele>701</ele></trkpt>
      <trkpt lat="46.616658" lon="10.775266"><ele>700</ele></trkpt>
      <trkpt lat="46.616836" lon="10.774870"><ele>700</ele></trkpt>
      <trkpt lat="46.616905" lon="10.774752"><ele>699</ele></trkpt>
      <trkpt lat="46.617300" lon="10.774176"><ele>698</ele></trkpt>
      <trkpt lat="46.617391" lon="10.774020"><ele>699</ele></trkpt>
      <trkpt lat="46.617659" lon="10.773476"><ele>700</ele></trkpt>
      <trkpt lat="46.617777" lon="10.773205"><ele>700</ele></trkpt>
      <trkpt lat="46.617841" lon="10.773011"><ele>701</ele></trkpt>
      <trkpt lat="46.617891" lon="10.772834"><ele>701</ele></trkpt>
      <trkpt lat="46.617931" lon="10.772647"><ele>701</ele></trkpt>
      <trkpt lat="46.617955" lon="10.772401"><ele>702</ele></trkpt>
      <trkpt lat="46.617980" lon="10.772321"><ele>702</ele></trkpt>
      <trkpt lat="46.618008" lon="10.772269"><ele>702</ele></trkpt>
      <trkpt lat="46.618057" lon="10.772204"><ele>703</ele></trkpt>
      <trkpt lat="46.618399" lon="10.771882"><ele>703</ele></trkpt>
      <trkpt lat="46.618653" lon="10.771618"><ele>703</ele></trkpt>
      <trkpt lat="46.618944" lon="10.771336"><ele>704</ele></trkpt>
      <trkpt lat="46.619135" lon="10.771112"><ele>705</ele></trkpt>
      <trkpt lat="46.619243" lon="10.770943"><ele>705</ele></trkpt>
      <trkpt lat="46.619383" lon="10.770676"><ele>705</ele></trkpt>
      <trkpt lat="46.619464" lon="10.770518"><ele>706</ele></trkpt>
      <trkpt lat="46.619502" lon="10.770410"><ele>706</ele></trkpt>
      <trkpt lat="46.619529" lon="10.770284"><ele>706</ele></trkpt>
      <trkpt lat="46.619556" lon="10.770066"><ele>707</ele></trkpt>
      <trkpt lat="46.619597" lon="10.769623"><ele>707</ele></trkpt>
      <trkpt lat="46.619642" lon="10.768771"><ele>709</ele></trkpt>
      <trkpt lat="46.619674" lon="10.768435"><ele>710</ele></trkpt>
      <trkpt lat="46.619694" lon="10.768087"><ele>711</ele></trkpt>
      <trkpt lat="46.619738" lon="10.767598"><ele>712</ele></trkpt>
      <trkpt lat="46.619755" lon="10.767523"><ele>712</ele></trkpt>
      <trkpt lat="46.619774" lon="10.767486"><ele>712</ele></trkpt>
      <trkpt lat="46.619801" lon="10.767463"><ele>712</ele></trkpt>
      <trkpt lat="46.620009" lon="10.767383"><ele>712</ele></trkpt>
      <trkpt lat="46.620032" lon="10.767366"><ele>712</ele></trkpt>
      <trkpt lat="46.620066" lon="10.767278"><ele>712</ele></trkpt>
      <trkpt lat="46.620132" lon="10.766930"><ele>713</ele></trkpt>
      <trkpt lat="46.620229" lon="10.766596"><ele>715</ele></trkpt>
      <trkpt lat="46.620476" lon="10.765673"><ele>716</ele></trkpt>
      <trkpt lat="46.620687" lon="10.765015"><ele>716</ele></trkpt>
      <trkpt lat="46.620724" lon="10.764918"><ele>717</ele></trkpt>
      <trkpt lat="46.620742" lon="10.764826"><ele>717</ele></trkpt>
      <trkpt lat="46.620782" lon="10.764292"><ele>720</ele></trkpt>
      <trkpt lat="46.620832" lon="10.763819"><ele>720</ele></trkpt>
      <trkpt lat="46.620807" lon="10.763832"><ele>720</ele></trkpt>
      <trkpt lat="46.620640" lon="10.763898"><ele>721</ele></trkpt>
      <trkpt lat="46.620600" lon="10.763870"><ele>722</ele></trkpt>
      <trkpt lat="46.620451" lon="10.763331"><ele>723</ele></trkpt>
      <trkpt lat="46.620409" lon="10.763215"><ele>724</ele></trkpt>
      <trkpt lat="46.620357" lon="10.763165"><ele>724</ele></trkpt>
      <trkpt lat="46.620270" lon="10.762873"><ele>724</ele></trkpt>
      <trkpt lat="46.620184" lon="10.762467"><ele>725</ele></trkpt>
      <trkpt lat="46.620072" lon="10.762222"><ele>724</ele></trkpt>
      <trkpt lat="46.619986" lon="10.762198"><ele>726</ele></trkpt>
      <trkpt lat="46.619740" lon="10.761790"><ele>729</ele></trkpt>
      <trkpt lat="46.619365" lon="10.760685"><ele>729</ele></trkpt>
      <trkpt lat="46.619141" lon="10.759600"><ele>729</ele></trkpt>
      <trkpt lat="46.618841" lon="10.758853"><ele>732</ele></trkpt>
      <trkpt lat="46.618631" lon="10.758143"><ele>732</ele></trkpt>
      <trkpt lat="46.618505" lon="10.757561"><ele>732</ele></trkpt>
      <trkpt lat="46.618375" lon="10.757019"><ele>733</ele></trkpt>
      <trkpt lat="46.618235" lon="10.756072"><ele>735</ele></trkpt>
      <trkpt lat="46.618251" lon="10.755551"><ele>736</ele></trkpt>
      <trkpt lat="46.618246" lon="10.755150"><ele>740</ele></trkpt>
      <trkpt lat="46.618204" lon="10.754269"><ele>744</ele></trkpt>
      <trkpt lat="46.618193" lon="10.754120"><ele>745</ele></trkpt>
      <trkpt lat="46.618191" lon="10.753926"><ele>746</ele></trkpt>
      <trkpt lat="46.618217" lon="10.753485"><ele>750</ele></trkpt>
      <trkpt lat="46.618233" lon="10.753377"><ele>751</ele></trkpt>
      <trkpt lat="46.618261" lon="10.753259"><ele>751</ele></trkpt>
      <trkpt lat="46.618283" lon="10.753039"><ele>753</ele></trkpt>
      <trkpt lat="46.618274" lon="10.752571"><ele>754</ele></trkpt>
      <trkpt lat="46.618271" lon="10.752431"><ele>754</ele></trkpt>
      <trkpt lat="46.618249" lon="10.752247"><ele>754</ele></trkpt>
      <trkpt lat="46.618126" lon="10.751843"><ele>756</ele></trkpt>
      <trkpt lat="46.618100" lon="10.751520"><ele>757</ele></trkpt>
      <trkpt lat="46.618043" lon="10.751210"><ele>758</ele></trkpt>
      <trkpt lat="46.617881" lon="10.750463"><ele>755</ele></trkpt>
      <trkpt lat="46.617848" lon="10.750365"><ele>756</ele></trkpt>
      <trkpt lat="46.617741" lon="10.750276"><ele>757</ele></trkpt>
      <trkpt lat="46.617491" lon="10.750171"><ele>757</ele></trkpt>
      <trkpt lat="46.617455" lon="10.750149"><ele>758</ele></trkpt>
      <trkpt lat="46.617419" lon="10.750109"><ele>758</ele></trkpt>
      <trkpt lat="46.617378" lon="10.750040"><ele>758</ele></trkpt>
      <trkpt lat="46.617345" lon="10.749951"><ele>758</ele></trkpt>
      <trkpt lat="46.617313" lon="10.749815"><ele>758</ele></trkpt>
      <trkpt lat="46.617260" lon="10.749466"><ele>756</ele></trkpt>
      <trkpt lat="46.617231" lon="10.749370"><ele>756</ele></trkpt>
      <trkpt lat="46.617206" lon="10.749309"><ele>757</ele></trkpt>
      <trkpt lat="46.617124" lon="10.749148"><ele>758</ele></trkpt>
      <trkpt lat="46.616968" lon="10.748781"><ele>756</ele></trkpt>
      <trkpt lat="46.616702" lon="10.748362"><ele>758</ele></trkpt>
      <trkpt lat="46.616620" lon="10.748258"><ele>759</ele></trkpt>
      <trkpt lat="46.616491" lon="10.748171"><ele>761</ele></trkpt>
      <trkpt lat="46.616284" lon="10.748104"><ele>762</ele></trkpt>
      <trkpt lat="46.616218" lon="10.748052"><ele>762</ele></trkpt>
      <trkpt lat="46.615973" lon="10.747847"><ele>762</ele></trkpt>
      <trkpt lat="46.615637" lon="10.747598"><ele>762</ele></trkpt>
      <trkpt lat="46.615401" lon="10.747257"><ele>761</ele></trkpt>
      <trkpt lat="46.615175" lon="10.746993"><ele>762</ele></trkpt>
      <trkpt lat="46.615076" lon="10.746829"><ele>763</ele></trkpt>
      <trkpt lat="46.615023" lon="10.746442"><ele>764</ele></trkpt>
      <trkpt lat="46.615023" lon="10.746106"><ele>764</ele></trkpt>
      <trkpt lat="46.614978" lon="10.745862"><ele>765</ele></trkpt>
      <trkpt lat="46.614980" lon="10.745178"><ele>766</ele></trkpt>
      <trkpt lat="46.614916" lon="10.744959"><ele>766</ele></trkpt>
      <trkpt lat="46.614878" lon="10.744892"><ele>767</ele></trkpt>
      <trkpt lat="46.614652" lon="10.744596"><ele>769</ele></trkpt>
      <trkpt lat="46.614312" lon="10.743943"><ele>772</ele></trkpt>
      <trkpt lat="46.614095" lon="10.743581"><ele>775</ele></trkpt>
      <trkpt lat="46.613968" lon="10.743116"><ele>776</ele></trkpt>
      <trkpt lat="46.613905" lon="10.742830"><ele>777</ele></trkpt>
      <trkpt lat="46.613879" lon="10.742657"><ele>777</ele></trkpt>
      <trkpt lat="46.613828" lon="10.741711"><ele>780</ele></trkpt>
      <trkpt lat="46.613826" lon="10.741406"><ele>780</ele></trkpt>
      <trkpt lat="46.613745" lon="10.741081"><ele>779</ele></trkpt>
      <trkpt lat="46.613711" lon="10.741001"><ele>780</ele></trkpt>
      <trkpt lat="46.613455" lon="10.740387"><ele>783</ele></trkpt>
      <trkpt lat="46.613419" lon="10.740323"><ele>783</ele></trkpt>
      <trkpt lat="46.613431" lon="10.740269"><ele>782</ele></trkpt>
      <trkpt lat="46.613445" lon="10.740250"><ele>782</ele></trkpt>
      <trkpt lat="46.613685" lon="10.739923"><ele>782</ele></trkpt>
      <trkpt lat="46.613720" lon="10.739864"><ele>784</ele></trkpt>
      <trkpt lat="46.613735" lon="10.739798"><ele>785</ele></trkpt>
      <trkpt lat="46.613720" lon="10.739565"><ele>786</ele></trkpt>
      <trkpt lat="46.613759" lon="10.739308"><ele>786</ele></trkpt>
      <trkpt lat="46.613907" lon="10.738784"><ele>787</ele></trkpt>
      <trkpt lat="46.613962" lon="10.737797"><ele>790</ele></trkpt>
      <trkpt lat="46.613985" lon="10.737592"><ele>791</ele></trkpt>
      <trkpt lat="46.613999" lon="10.737389"><ele>792</ele></trkpt>
      <trkpt lat="46.613976" lon="10.737107"><ele>793</ele></trkpt>
      <trkpt lat="46.613918" lon="10.736636"><ele>794</ele></trkpt>
      <trkpt lat="46.613823" lon="10.736300"><ele>794</ele></trkpt>
      <trkpt lat="46.613744" lon="10.735896"><ele>796</ele></trkpt>
      <trkpt lat="46.613729" lon="10.735507"><ele>799</ele></trkpt>
      <trkpt lat="46.613649" lon="10.734968"><ele>798</ele></trkpt>
      <trkpt lat="46.613631" lon="10.734457"><ele>799</ele></trkpt>
      <trkpt lat="46.613603" lon="10.734156"><ele>800</ele></trkpt>
      <trkpt lat="46.613605" lon="10.733702"><ele>800</ele></trkpt>
      <trkpt lat="46.613619" lon="10.733251"><ele>800</ele></trkpt>
      <trkpt lat="46.613522" lon="10.732837"><ele>800</ele></trkpt>
      <trkpt lat="46.613251" lon="10.732120"><ele>803</ele></trkpt>
      <trkpt lat="46.613194" lon="10.731549"><ele>808</ele></trkpt>
      <trkpt lat="46.613144" lon="10.731413"><ele>809</ele></trkpt>
      <trkpt lat="46.612934" lon="10.730925"><ele>809</ele></trkpt>
      <trkpt lat="46.612824" lon="10.730790"><ele>810</ele></trkpt>
      <trkpt lat="46.612742" lon="10.730718"><ele>810</ele></trkpt>
      <trkpt lat="46.612636" lon="10.730697"><ele>809</ele></trkpt>
      <trkpt lat="46.612563" lon="10.730762"><ele>807</ele></trkpt>
      <trkpt lat="46.612402" lon="10.730888"><ele>807</ele></trkpt>
      <trkpt lat="46.612357" lon="10.730891"><ele>808</ele></trkpt>
      <trkpt lat="46.612300" lon="10.730875"><ele>810</ele></trkpt>
      <trkpt lat="46.612245" lon="10.730816"><ele>810</ele></trkpt>
      <trkpt lat="46.612159" lon="10.730672"><ele>812</ele></trkpt>
      <trkpt lat="46.611807" lon="10.729935"><ele>814</ele></trkpt>
      <trkpt lat="46.611605" lon="10.729196"><ele>815</ele></trkpt>
      <trkpt lat="46.611529" lon="10.729045"><ele>817</ele></trkpt>
      <trkpt lat="46.611431" lon="10.728850"><ele>816</ele></trkpt>
      <trkpt lat="46.611377" lon="10.728415"><ele>818</ele></trkpt>
      <trkpt lat="46.611358" lon="10.727826"><ele>819</ele></trkpt>
      <trkpt lat="46.611335" lon="10.727711"><ele>819</ele></trkpt>
      <trkpt lat="46.611296" lon="10.727607"><ele>819</ele></trkpt>
      <trkpt lat="46.610638" lon="10.726744"><ele>823</ele></trkpt>
      <trkpt lat="46.610424" lon="10.726358"><ele>824</ele></trkpt>
      <trkpt lat="46.610276" lon="10.725773"><ele>823</ele></trkpt>
      <trkpt lat="46.610235" lon="10.725529"><ele>825</ele></trkpt>
      <trkpt lat="46.610216" lon="10.725308"><ele>826</ele></trkpt>
      <trkpt lat="46.610363" lon="10.724699"><ele>825</ele></trkpt>
      <trkpt lat="46.610403" lon="10.724252"><ele>826</ele></trkpt>
      <trkpt lat="46.610401" lon="10.724035"><ele>826</ele></trkpt>
      <trkpt lat="46.610314" lon="10.723847"><ele>826</ele></trkpt>
      <trkpt lat="46.610273" lon="10.723583"><ele>826</ele></trkpt>
      <trkpt lat="46.610241" lon="10.723257"><ele>829</ele></trkpt>
      <trkpt lat="46.610262" lon="10.722710"><ele>829</ele></trkpt>
      <trkpt lat="46.610238" lon="10.722526"><ele>830</ele></trkpt>
      <trkpt lat="46.610185" lon="10.722308"><ele>833</ele></trkpt>
      <trkpt lat="46.610172" lon="10.721999"><ele>834</ele></trkpt>
      <trkpt lat="46.610183" lon="10.721353"><ele>836</ele></trkpt>
      <trkpt lat="46.610220" lon="10.721089"><ele>836</ele></trkpt>
      <trkpt lat="46.610221" lon="10.721018"><ele>836</ele></trkpt>
      <trkpt lat="46.610219" lon="10.720811"><ele>838</ele></trkpt>
      <trkpt lat="46.610142" lon="10.720088"><ele>842</ele></trkpt>
      <trkpt lat="46.610122" lon="10.719972"><ele>842</ele></trkpt>
      <trkpt lat="46.610051" lon="10.719742"><ele>843</ele></trkpt>
      <trkpt lat="46.609983" lon="10.719381"><ele>843</ele></trkpt>
      <trkpt lat="46.609977" lon="10.719151"><ele>842</ele></trkpt>
      <trkpt lat="46.609991" lon="10.718915"><ele>842</ele></trkpt>
      <trkpt lat="46.610062" lon="10.718430"><ele>846</ele></trkpt>
      <trkpt lat="46.610161" lon="10.717957"><ele>846</ele></trkpt>
      <trkpt lat="46.610178" lon="10.717765"><ele>846</ele></trkpt>
      <trkpt lat="46.610102" lon="10.717359"><ele>848</ele></trkpt>
      <trkpt lat="46.610084" lon="10.717088"><ele>850</ele></trkpt>
      <trkpt lat="46.610020" lon="10.716778"><ele>854</ele></trkpt>
      <trkpt lat="46.609908" lon="10.716085"><ele>856</ele></trkpt>
      <trkpt lat="46.609920" lon="10.715125"><ele>859</ele></trkpt>
      <trkpt lat="46.609956" lon="10.714970"><ele>859</ele></trkpt>
      <trkpt lat="46.609962" lon="10.714741"><ele>861</ele></trkpt>
      <trkpt lat="46.610009" lon="10.714501"><ele>860</ele></trkpt>
      <trkpt lat="46.610017" lon="10.714049"><ele>862</ele></trkpt>
      <trkpt lat="46.609958" lon="10.713602"><ele>863</ele></trkpt>
      <trkpt lat="46.609948" lon="10.713308"><ele>863</ele></trkpt>
      <trkpt lat="46.609912" lon="10.713007"><ele>864</ele></trkpt>
      <trkpt lat="46.609962" lon="10.712756"><ele>864</ele></trkpt>
      <trkpt lat="46.610031" lon="10.712577"><ele>862</ele></trkpt>
      <trkpt lat="46.610056" lon="10.712408"><ele>864</ele></trkpt>
      <trkpt lat="46.610323" lon="10.711733"><ele>857</ele></trkpt>
      <trkpt lat="46.610404" lon="10.711500"><ele>858</ele></trkpt>
      <trkpt lat="46.610487" lon="10.711200"><ele>859</ele></trkpt>
      <trkpt lat="46.610670" lon="10.710756"><ele>858</ele></trkpt>
      <trkpt lat="46.610746" lon="10.710145"><ele>862</ele></trkpt>
      <trkpt lat="46.610865" lon="10.709882"><ele>862</ele></trkpt>
      <trkpt lat="46.610946" lon="10.709815"><ele>862</ele></trkpt>
      <trkpt lat="46.611076" lon="10.709754"><ele>863</ele></trkpt>
      <trkpt lat="46.611101" lon="10.709742"><ele>863</ele></trkpt>
      <trkpt lat="46.611256" lon="10.709608"><ele>864</ele></trkpt>
      <trkpt lat="46.611835" lon="10.709283"><ele>864</ele></trkpt>
      <trkpt lat="46.611964" lon="10.709196"><ele>864</ele></trkpt>
      <trkpt lat="46.612062" lon="10.709083"><ele>862</ele></trkpt>
      <trkpt lat="46.612144" lon="10.708974"><ele>862</ele></trkpt>
      <trkpt lat="46.612203" lon="10.708852"><ele>863</ele></trkpt>
      <trkpt lat="46.612229" lon="10.708792"><ele>863</ele></trkpt>
      <trkpt lat="46.612239" lon="10.708683"><ele>863</ele></trkpt>
      <trkpt lat="46.612255" lon="10.708266"><ele>864</ele></trkpt>
      <trkpt lat="46.612255" lon="10.707980"><ele>865</ele></trkpt>
      <trkpt lat="46.612247" lon="10.707563"><ele>868</ele></trkpt>
      <trkpt lat="46.612153" lon="10.707086"><ele>870</ele></trkpt>
      <trkpt lat="46.612213" lon="10.707024"><ele>870</ele></trkpt>
      <trkpt lat="46.612319" lon="10.706932"><ele>870</ele></trkpt>
      <trkpt lat="46.612394" lon="10.706852"><ele>871</ele></trkpt>
      <trkpt lat="46.612593" lon="10.706637"><ele>872</ele></trkpt>
      <trkpt lat="46.612875" lon="10.706432"><ele>872</ele></trkpt>
      <trkpt lat="46.613039" lon="10.706292"><ele>872</ele></trkpt>
      <trkpt lat="46.613678" lon="10.705449"><ele>870</ele></trkpt>
      <trkpt lat="46.613764" lon="10.705330"><ele>870</ele></trkpt>
      <trkpt lat="46.613882" lon="10.705130"><ele>870</ele></trkpt>
      <trkpt lat="46.614025" lon="10.704748"><ele>869</ele></trkpt>
      <trkpt lat="46.614170" lon="10.704371"><ele>869</ele></trkpt>
      <trkpt lat="46.614288" lon="10.703877"><ele>869</ele></trkpt>
      <trkpt lat="46.614401" lon="10.703369"><ele>871</ele></trkpt>
      <trkpt lat="46.614462" lon="10.703102"><ele>871</ele></trkpt>
      <trkpt lat="46.614623" lon="10.702595"><ele>870</ele></trkpt>
      <trkpt lat="46.614793" lon="10.702120"><ele>870</ele></trkpt>
      <trkpt lat="46.614838" lon="10.701923"><ele>870</ele></trkpt>
      <trkpt lat="46.614956" lon="10.701413"><ele>868</ele></trkpt>
      <trkpt lat="46.615096" lon="10.701002"><ele>867</ele></trkpt>
      <trkpt lat="46.615331" lon="10.700521"><ele>866</ele></trkpt>
      <trkpt lat="46.615383" lon="10.700414"><ele>866</ele></trkpt>
      <trkpt lat="46.615427" lon="10.700266"><ele>866</ele></trkpt>
      <trkpt lat="46.615439" lon="10.700226"><ele>866</ele></trkpt>
      <trkpt lat="46.615510" lon="10.700114"><ele>866</ele></trkpt>
      <trkpt lat="46.615459" lon="10.699999"><ele>866</ele></trkpt>
      <trkpt lat="46.615435" lon="10.699897"><ele>866</ele></trkpt>
      <trkpt lat="46.615431" lon="10.699771"><ele>866</ele></trkpt>
      <trkpt lat="46.615421" lon="10.699296"><ele>867</ele></trkpt>
      <trkpt lat="46.615427" lon="10.699148"><ele>867</ele></trkpt>
      <trkpt lat="46.615435" lon="10.698910"><ele>868</ele></trkpt>
      <trkpt lat="46.615417" lon="10.698723"><ele>868</ele></trkpt>
      <trkpt lat="46.615417" lon="10.698636"><ele>868</ele></trkpt>
      <trkpt lat="46.615484" lon="10.698043"><ele>867</ele></trkpt>
      <trkpt lat="46.615513" lon="10.697756"><ele>867</ele></trkpt>
      <trkpt lat="46.615513" lon="10.697458"><ele>868</ele></trkpt>
      <trkpt lat="46.615434" lon="10.696700"><ele>868</ele></trkpt>
      <trkpt lat="46.615422" lon="10.696583"><ele>868</ele></trkpt>
      <trkpt lat="46.615369" lon="10.696105"><ele>868</ele></trkpt>
      <trkpt lat="46.615353" lon="10.696003"><ele>868</ele></trkpt>
      <trkpt lat="46.615374" lon="10.695932"><ele>868</ele></trkpt>
      <trkpt lat="46.615381" lon="10.695875"><ele>868</ele></trkpt>
      <trkpt lat="46.615404" lon="10.695695"><ele>868</ele></trkpt>
      <trkpt lat="46.615458" lon="10.695379"><ele>868</ele></trkpt>
      <trkpt lat="46.615511" lon="10.695255"><ele>868</ele></trkpt>
      <trkpt lat="46.615521" lon="10.695233"><ele>868</ele></trkpt>
      <trkpt lat="46.615616" lon="10.695011"><ele>867</ele></trkpt>
      <trkpt lat="46.615693" lon="10.694832"><ele>866</ele></trkpt>
      <trkpt lat="46.615970" lon="10.694395"><ele>866</ele></trkpt>
      <trkpt lat="46.616208" lon="10.694091"><ele>866</ele></trkpt>
      <trkpt lat="46.616261" lon="10.694013"><ele>866</ele></trkpt>
      <trkpt lat="46.616279" lon="10.693987"><ele>866</ele></trkpt>
      <trkpt lat="46.616377" lon="10.693843"><ele>866</ele></trkpt>
      <trkpt lat="46.616535" lon="10.693649"><ele>865</ele></trkpt>
      <trkpt lat="46.616588" lon="10.693569"><ele>865</ele></trkpt>
      <trkpt lat="46.616602" lon="10.693419"><ele>865</ele></trkpt>
      <trkpt lat="46.616584" lon="10.693120"><ele>865</ele></trkpt>
      <trkpt lat="46.616594" lon="10.693015"><ele>865</ele></trkpt>
      <trkpt lat="46.616632" lon="10.692973"><ele>865</ele></trkpt>
      <trkpt lat="46.616707" lon="10.692863"><ele>866</ele></trkpt>
      <trkpt lat="46.616762" lon="10.692773"><ele>866</ele></trkpt>
      <trkpt lat="46.616829" lon="10.692664"><ele>865</ele></trkpt>
      <trkpt lat="46.616911" lon="10.692619"><ele>865</ele></trkpt>
      <trkpt lat="46.617162" lon="10.692628"><ele>866</ele></trkpt>
      <trkpt lat="46.617230" lon="10.692592"><ele>866</ele></trkpt>
      <trkpt lat="46.617274" lon="10.692495"><ele>866</ele></trkpt>
      <trkpt lat="46.617324" lon="10.692226"><ele>865</ele></trkpt>
      <trkpt lat="46.617356" lon="10.691383"><ele>865</ele></trkpt>
      <trkpt lat="46.617406" lon="10.691287"><ele>865</ele></trkpt>
      <trkpt lat="46.617436" lon="10.691249"><ele>865</ele></trkpt>
      <trkpt lat="46.617444" lon="10.691108"><ele>866</ele></trkpt>
      <trkpt lat="46.617508" lon="10.690761"><ele>867</ele></trkpt>
      <trkpt lat="46.617538" lon="10.690489"><ele>867</ele></trkpt>
      <trkpt lat="46.617558" lon="10.690084"><ele>866</ele></trkpt>
      <trkpt lat="46.617678" lon="10.688859"><ele>866</ele></trkpt>
      <trkpt lat="46.617783" lon="10.688037"><ele>867</ele></trkpt>
      <trkpt lat="46.618067" lon="10.685365"><ele>868</ele></trkpt>
      <trkpt lat="46.618321" lon="10.682829"><ele>868</ele></trkpt>
      <trkpt lat="46.618492" lon="10.681279"><ele>866</ele></trkpt>
      <trkpt lat="46.618654" lon="10.679760"><ele>868</ele></trkpt>
      <trkpt lat="46.618675" lon="10.679520"><ele>868</ele></trkpt>
      <trkpt lat="46.618738" lon="10.679097"><ele>867</ele></trkpt>
      <trkpt lat="46.618756" lon="10.678850"><ele>866</ele></trkpt>
      <trkpt lat="46.618811" lon="10.678360"><ele>867</ele></trkpt>
      <trkpt lat="46.618837" lon="10.678023"><ele>867</ele></trkpt>
      <trkpt lat="46.618997" lon="10.676601"><ele>868</ele></trkpt>
      <trkpt lat="46.619008" lon="10.676461"><ele>868</ele></trkpt>
      <trkpt lat="46.619138" lon="10.675268"><ele>868</ele></trkpt>
      <trkpt lat="46.619215" lon="10.674397"><ele>869</ele></trkpt>
      <trkpt lat="46.619266" lon="10.673975"><ele>868</ele></trkpt>
      <trkpt lat="46.619335" lon="10.673717"><ele>867</ele></trkpt>
      <trkpt lat="46.619308" lon="10.673334"><ele>868</ele></trkpt>
      <trkpt lat="46.619333" lon="10.673120"><ele>868</ele></trkpt>
      <trkpt lat="46.619382" lon="10.673004"><ele>869</ele></trkpt>
      <trkpt lat="46.619370" lon="10.672794"><ele>868</ele></trkpt>
      <trkpt lat="46.619449" lon="10.671955"><ele>870</ele></trkpt>
      <trkpt lat="46.619652" lon="10.670266"><ele>869</ele></trkpt>
      <trkpt lat="46.619657" lon="10.670038"><ele>870</ele></trkpt>
      <trkpt lat="46.619876" lon="10.668015"><ele>869</ele></trkpt>
      <trkpt lat="46.620051" lon="10.666472"><ele>870</ele></trkpt>
      <trkpt lat="46.620051" lon="10.666240"><ele>870</ele></trkpt>
      <trkpt lat="46.620117" lon="10.665692"><ele>870</ele></trkpt>
      <trkpt lat="46.620166" lon="10.665122"><ele>870</ele></trkpt>
      <trkpt lat="46.620204" lon="10.664931"><ele>870</ele></trkpt>
      <trkpt lat="46.620233" lon="10.664529"><ele>871</ele></trkpt>
      <trkpt lat="46.620314" lon="10.663729"><ele>871</ele></trkpt>
      <trkpt lat="46.620352" lon="10.663294"><ele>870</ele></trkpt>
      <trkpt lat="46.620392" lon="10.663093"><ele>870</ele></trkpt>
      <trkpt lat="46.620408" lon="10.662742"><ele>870</ele></trkpt>
      <trkpt lat="46.620482" lon="10.662433"><ele>871</ele></trkpt>
      <trkpt lat="46.620606" lon="10.661600"><ele>871</ele></trkpt>
      <trkpt lat="46.620606" lon="10.661362"><ele>870</ele></trkpt>
      <trkpt lat="46.620694" lon="10.660788"><ele>870</ele></trkpt>
      <trkpt lat="46.620784" lon="10.659604"><ele>870</ele></trkpt>
      <trkpt lat="46.620743" lon="10.659359"><ele>870</ele></trkpt>
      <trkpt lat="46.620733" lon="10.659245"><ele>871</ele></trkpt>
      <trkpt lat="46.620741" lon="10.659170"><ele>872</ele></trkpt>
      <trkpt lat="46.620882" lon="10.658555"><ele>872</ele></trkpt>
      <trkpt lat="46.620985" lon="10.657986"><ele>870</ele></trkpt>
      <trkpt lat="46.621071" lon="10.657290"><ele>871</ele></trkpt>
      <trkpt lat="46.621084" lon="10.656885"><ele>871</ele></trkpt>
      <trkpt lat="46.621182" lon="10.656055"><ele>872</ele></trkpt>
      <trkpt lat="46.621247" lon="10.655379"><ele>872</ele></trkpt>
      <trkpt lat="46.621346" lon="10.654559"><ele>872</ele></trkpt>
      <trkpt lat="46.621359" lon="10.654298"><ele>872</ele></trkpt>
      <trkpt lat="46.621530" lon="10.652708"><ele>871</ele></trkpt>
      <trkpt lat="46.621703" lon="10.650988"><ele>873</ele></trkpt>
      <trkpt lat="46.621773" lon="10.650590"><ele>872</ele></trkpt>
      <trkpt lat="46.621785" lon="10.650190"><ele>872</ele></trkpt>
      <trkpt lat="46.621999" lon="10.648503"><ele>873</ele></trkpt>
      <trkpt lat="46.622014" lon="10.648223"><ele>874</ele></trkpt>
      <trkpt lat="46.622023" lon="10.648191"><ele>874</ele></trkpt>
      <trkpt lat="46.622026" lon="10.648136"><ele>874</ele></trkpt>
      <trkpt lat="46.622038" lon="10.648113"><ele>874</ele></trkpt>
      <trkpt lat="46.622041" lon="10.648055"><ele>874</ele></trkpt>
      <trkpt lat="46.622040" lon="10.648002"><ele>873</ele></trkpt>
      <trkpt lat="46.622011" lon="10.647965"><ele>873</ele></trkpt>
      <trkpt lat="46.621524" lon="10.647919"><ele>874</ele></trkpt>
      <trkpt lat="46.621325" lon="10.647892"><ele>874</ele></trkpt>
      <trkpt lat="46.621156" lon="10.647853"><ele>874</ele></trkpt>
      <trkpt lat="46.620946" lon="10.647790"><ele>874</ele></trkpt>
      <trkpt lat="46.620816" lon="10.647733"><ele>874</ele></trkpt>
      <trkpt lat="46.620697" lon="10.647662"><ele>874</ele></trkpt>
      <trkpt lat="46.620509" lon="10.647491"><ele>874</ele></trkpt>
      <trkpt lat="46.620401" lon="10.647369"><ele>874</ele></trkpt>
      <trkpt lat="46.619670" lon="10.646667"><ele>874</ele></trkpt>
      <trkpt lat="46.619148" lon="10.646166"><ele>874</ele></trkpt>
      <trkpt lat="46.618999" lon="10.646013"><ele>874</ele></trkpt>
      <trkpt lat="46.618713" lon="10.645750"><ele>874</ele></trkpt>
      <trkpt lat="46.618652" lon="10.645711"><ele>874</ele></trkpt>
      <trkpt lat="46.618607" lon="10.645660"><ele>874</ele></trkpt>
      <trkpt lat="46.617806" lon="10.644979"><ele>875</ele></trkpt>
      <trkpt lat="46.617328" lon="10.644563"><ele>876</ele></trkpt>
      <trkpt lat="46.617048" lon="10.644314"><ele>877</ele></trkpt>
      <trkpt lat="46.616923" lon="10.644176"><ele>878</ele></trkpt>
      <trkpt lat="46.616885" lon="10.644111"><ele>878</ele></trkpt>
      <trkpt lat="46.616832" lon="10.643991"><ele>879</ele></trkpt>
      <trkpt lat="46.616751" lon="10.643514"><ele>881</ele></trkpt>
      <trkpt lat="46.616714" lon="10.643194"><ele>882</ele></trkpt>
      <trkpt lat="46.616613" lon="10.642039"><ele>884</ele></trkpt>
      <trkpt lat="46.616598" lon="10.641816"><ele>885</ele></trkpt>
      <trkpt lat="46.616595" lon="10.641591"><ele>886</ele></trkpt>
      <trkpt lat="46.616662" lon="10.641165"><ele>887</ele></trkpt>
      <trkpt lat="46.616721" lon="10.640948"><ele>886</ele></trkpt>
      <trkpt lat="46.616980" lon="10.640282"><ele>888</ele></trkpt>
      <trkpt lat="46.617058" lon="10.640097"><ele>889</ele></trkpt>
      <trkpt lat="46.617149" lon="10.639836"><ele>889</ele></trkpt>
      <trkpt lat="46.617184" lon="10.639668"><ele>889</ele></trkpt>
      <trkpt lat="46.617224" lon="10.639273"><ele>890</ele></trkpt>
      <trkpt lat="46.617235" lon="10.639222"><ele>891</ele></trkpt>
      <trkpt lat="46.617255" lon="10.639188"><ele>891</ele></trkpt>
      <trkpt lat="46.617535" lon="10.638866"><ele>891</ele></trkpt>
      <trkpt lat="46.617681" lon="10.638736"><ele>891</ele></trkpt>
      <trkpt lat="46.617706" lon="10.638695"><ele>891</ele></trkpt>
      <trkpt lat="46.617779" lon="10.638442"><ele>892</ele></trkpt>
      <trkpt lat="46.617991" lon="10.637287"><ele>893</ele></trkpt>
      <trkpt lat="46.618103" lon="10.636875"><ele>894</ele></trkpt>
      <trkpt lat="46.618221" lon="10.636489"><ele>893</ele></trkpt>
      <trkpt lat="46.618233" lon="10.636427"><ele>894</ele></trkpt>
      <trkpt lat="46.618238" lon="10.636347"><ele>894</ele></trkpt>
      <trkpt lat="46.618221" lon="10.636108"><ele>894</ele></trkpt>
      <trkpt lat="46.618214" lon="10.635995"><ele>894</ele></trkpt>
      <trkpt lat="46.618174" lon="10.635498"><ele>894</ele></trkpt>
      <trkpt lat="46.618142" lon="10.635274"><ele>893</ele></trkpt>
      <trkpt lat="46.618043" lon="10.634746"><ele>892</ele></trkpt>
      <trkpt lat="46.617930" lon="10.634318"><ele>892</ele></trkpt>
      <trkpt lat="46.617831" lon="10.633955"><ele>892</ele></trkpt>
      <trkpt lat="46.617766" lon="10.633411"><ele>890</ele></trkpt>
      <trkpt lat="46.617561" lon="10.632603"><ele>889</ele></trkpt>
      <trkpt lat="46.617457" lon="10.632256"><ele>888</ele></trkpt>
      <trkpt lat="46.617421" lon="10.632047"><ele>888</ele></trkpt>
      <trkpt lat="46.617328" lon="10.631360"><ele>886</ele></trkpt>
      <trkpt lat="46.617171" lon="10.631049"><ele>886</ele></trkpt>
      <trkpt lat="46.617061" lon="10.630826"><ele>886</ele></trkpt>
      <trkpt lat="46.616923" lon="10.630521"><ele>885</ele></trkpt>
      <trkpt lat="46.616862" lon="10.630428"><ele>884</ele></trkpt>
      <trkpt lat="46.616841" lon="10.630396"><ele>884</ele></trkpt>
      <trkpt lat="46.617337" lon="10.629988"><ele>883</ele></trkpt>
      <trkpt lat="46.617672" lon="10.629759"><ele>882</ele></trkpt>
      <trkpt lat="46.617728" lon="10.629728"><ele>882</ele></trkpt>
      <trkpt lat="46.618541" lon="10.629279"><ele>880</ele></trkpt>
      <trkpt lat="46.618892" lon="10.628890"><ele>881</ele></trkpt>
      <trkpt lat="46.619189" lon="10.628440"><ele>880</ele></trkpt>
      <trkpt lat="46.619406" lon="10.627946"><ele>880</ele></trkpt>
      <trkpt lat="46.619609" lon="10.627430"><ele>879</ele></trkpt>
      <trkpt lat="46.619763" lon="10.627128"><ele>880</ele></trkpt>
      <trkpt lat="46.619975" lon="10.626891"><ele>880</ele></trkpt>
      <trkpt lat="46.620047" lon="10.626864"><ele>880</ele></trkpt>
      <trkpt lat="46.620538" lon="10.626543"><ele>879</ele></trkpt>
      <trkpt lat="46.620857" lon="10.626377"><ele>880</ele></trkpt>
      <trkpt lat="46.621383" lon="10.626232"><ele>880</ele></trkpt>
      <trkpt lat="46.621469" lon="10.626208"><ele>880</ele></trkpt>
      <trkpt lat="46.621857" lon="10.626037"><ele>880</ele></trkpt>
      <trkpt lat="46.622136" lon="10.625862"><ele>880</ele></trkpt>
      <trkpt lat="46.622655" lon="10.625454"><ele>879</ele></trkpt>
      <trkpt lat="46.622864" lon="10.625300"><ele>879</ele></trkpt>
      <trkpt lat="46.623241" lon="10.624974"><ele>880</ele></trkpt>
      <trkpt lat="46.623664" lon="10.624499"><ele>880</ele></trkpt>
      <trkpt lat="46.624132" lon="10.624018"><ele>880</ele></trkpt>
      <trkpt lat="46.624432" lon="10.623782"><ele>880</ele></trkpt>
      <trkpt lat="46.624644" lon="10.623528"><ele>880</ele></trkpt>
      <trkpt lat="46.624840" lon="10.623120"><ele>881</ele></trkpt>
      <trkpt lat="46.625085" lon="10.622394"><ele>881</ele></trkpt>
      <trkpt lat="46.625246" lon="10.621852"><ele>881</ele></trkpt>
      <trkpt lat="46.625283" lon="10.621778"><ele>882</ele></trkpt>
      <trkpt lat="46.625348" lon="10.621721"><ele>882</ele></trkpt>
      <trkpt lat="46.626734" lon="10.621171"><ele>881</ele></trkpt>
      <trkpt lat="46.626914" lon="10.621060"><ele>881</ele></trkpt>
      <trkpt lat="46.627034" lon="10.620912"><ele>880</ele></trkpt>
      <trkpt lat="46.627096" lon="10.620802"><ele>880</ele></trkpt>
      <trkpt lat="46.627463" lon="10.619548"><ele>881</ele></trkpt>
      <trkpt lat="46.627513" lon="10.619383"><ele>881</ele></trkpt>
      <trkpt lat="46.627709" lon="10.618653"><ele>881</ele></trkpt>
      <trkpt lat="46.627796" lon="10.618414"><ele>881</ele></trkpt>
      <trkpt lat="46.628059" lon="10.617844"><ele>882</ele></trkpt>
      <trkpt lat="46.628529" lon="10.616854"><ele>882</ele></trkpt>
      <trkpt lat="46.628932" lon="10.615989"><ele>883</ele></trkpt>
      <trkpt lat="46.629393" lon="10.615075"><ele>884</ele></trkpt>
      <trkpt lat="46.629793" lon="10.614233"><ele>884</ele></trkpt>
      <trkpt lat="46.631210" lon="10.613108"><ele>884</ele></trkpt>
      <trkpt lat="46.631922" lon="10.612561"><ele>884</ele></trkpt>
      <trkpt lat="46.631985" lon="10.612466"><ele>884</ele></trkpt>
      <trkpt lat="46.632029" lon="10.612349"><ele>885</ele></trkpt>
      <trkpt lat="46.632060" lon="10.612290"><ele>885</ele></trkpt>
      <trkpt lat="46.632312" lon="10.612587"><ele>885</ele></trkpt>
      <trkpt lat="46.632738" lon="10.613086"><ele>881</ele></trkpt>
      <trkpt lat="46.632923" lon="10.613306"><ele>882</ele></trkpt>
      <trkpt lat="46.633037" lon="10.613440"><ele>884</ele></trkpt>
      <trkpt lat="46.633140" lon="10.613593"><ele>884</ele></trkpt>
      <trkpt lat="46.633196" lon="10.613688"><ele>884</ele></trkpt>
      <trkpt lat="46.633250" lon="10.613802"><ele>884</ele></trkpt>
      <trkpt lat="46.633296" lon="10.613910"><ele>885</ele></trkpt>
      <trkpt lat="46.633319" lon="10.613984"><ele>885</ele></trkpt>
      <trkpt lat="46.633345" lon="10.614072"><ele>884</ele></trkpt>
      <trkpt lat="46.633356" lon="10.614149"><ele>883</ele></trkpt>
      <trkpt lat="46.633363" lon="10.614267"><ele>883</ele></trkpt>
      <trkpt lat="46.633380" lon="10.614377"><ele>884</ele></trkpt>
      <trkpt lat="46.633409" lon="10.614467"><ele>885</ele></trkpt>
      <trkpt lat="46.633407" lon="10.614510"><ele>885</ele></trkpt>
      <trkpt lat="46.633418" lon="10.614577"><ele>886</ele></trkpt>
      <trkpt lat="46.633436" lon="10.614617"><ele>887</ele></trkpt>
      <trkpt lat="46.633459" lon="10.614648"><ele>888</ele></trkpt>
      <trkpt lat="46.633488" lon="10.614669"><ele>889</ele></trkpt>
      <trkpt lat="46.633520" lon="10.614678"><ele>890</ele></trkpt>
      <trkpt lat="46.633552" lon="10.614674"><ele>892</ele></trkpt>
      <trkpt lat="46.633582" lon="10.614659"><ele>892</ele></trkpt>
      <trkpt lat="46.633612" lon="10.614627"><ele>893</ele></trkpt>
      <trkpt lat="46.633634" lon="10.614583"><ele>893</ele></trkpt>
      <trkpt lat="46.633646" lon="10.614531"><ele>892</ele></trkpt>
      <trkpt lat="46.633646" lon="10.614476"><ele>892</ele></trkpt>
      <trkpt lat="46.633652" lon="10.614353"><ele>890</ele></trkpt>
      <trkpt lat="46.633694" lon="10.614097"><ele>890</ele></trkpt>
      <trkpt lat="46.633755" lon="10.613833"><ele>889</ele></trkpt>
      <trkpt lat="46.633847" lon="10.613534"><ele>888</ele></trkpt>
      <trkpt lat="46.633905" lon="10.613283"><ele>886</ele></trkpt>
      <trkpt lat="46.633942" lon="10.613064"><ele>886</ele></trkpt>
      <trkpt lat="46.634394" lon="10.611752"><ele>886</ele></trkpt>
      <trkpt lat="46.634447" lon="10.611592"><ele>886</ele></trkpt>
      <trkpt lat="46.634564" lon="10.611259"><ele>888</ele></trkpt>
      <trkpt lat="46.634497" lon="10.611211"><ele>887</ele></trkpt>
      <trkpt lat="46.634426" lon="10.611157"><ele>886</ele></trkpt>
      <trkpt lat="46.634486" lon="10.610922"><ele>886</ele></trkpt>
      <trkpt lat="46.634493" lon="10.610900"><ele>886</ele></trkpt>
      <trkpt lat="46.634507" lon="10.610852"><ele>886</ele></trkpt>
      <trkpt lat="46.634678" lon="10.610467"><ele>886</ele></trkpt>
      <trkpt lat="46.634911" lon="10.609942"><ele>886</ele></trkpt>
      <trkpt lat="46.635193" lon="10.609272"><ele>888</ele></trkpt>
      <trkpt lat="46.635218" lon="10.609114"><ele>887</ele></trkpt>
      <trkpt lat="46.635293" lon="10.608931"><ele>887</ele></trkpt>
      <trkpt lat="46.635688" lon="10.607882"><ele>889</ele></trkpt>
      <trkpt lat="46.635729" lon="10.607750"><ele>890</ele></trkpt>
      <trkpt lat="46.635762" lon="10.607522"><ele>892</ele></trkpt>
      <trkpt lat="46.635955" lon="10.606664"><ele>888</ele></trkpt>
      <trkpt lat="46.636116" lon="10.605850"><ele>886</ele></trkpt>
      <trkpt lat="46.636162" lon="10.605633"><ele>886</ele></trkpt>
      <trkpt lat="46.636207" lon="10.605458"><ele>886</ele></trkpt>
      <trkpt lat="46.636403" lon="10.604836"><ele>885</ele></trkpt>
      <trkpt lat="46.636552" lon="10.604385"><ele>884</ele></trkpt>
      <trkpt lat="46.636561" lon="10.604348"><ele>884</ele></trkpt>
      <trkpt lat="46.636547" lon="10.604265"><ele>884</ele></trkpt>
      <trkpt lat="46.636523" lon="10.604234"><ele>884</ele></trkpt>
      <trkpt lat="46.636516" lon="10.604204"><ele>884</ele></trkpt>
      <trkpt lat="46.636517" lon="10.604165"><ele>883</ele></trkpt>
      <trkpt lat="46.636766" lon="10.603600"><ele>885</ele></trkpt>
      <trkpt lat="46.636698" lon="10.603485"><ele>884</ele></trkpt>
      <trkpt lat="46.636554" lon="10.603323"><ele>883</ele></trkpt>
      <trkpt lat="46.636377" lon="10.603034"><ele>885</ele></trkpt>
      <trkpt lat="46.636289" lon="10.602962"><ele>885</ele></trkpt>
      <trkpt lat="46.636211" lon="10.602922"><ele>885</ele></trkpt>
      <trkpt lat="46.636187" lon="10.602907"><ele>885</ele></trkpt>
      <trkpt lat="46.636574" lon="10.601531"><ele>885</ele></trkpt>
      <trkpt lat="46.636650" lon="10.601235"><ele>885</ele></trkpt>
      <trkpt lat="46.636933" lon="10.600196"><ele>885</ele></trkpt>
      <trkpt lat="46.636955" lon="10.600213"><ele>885</ele></trkpt>
      <trkpt lat="46.637025" lon="10.600249"><ele>885</ele></trkpt>
      <trkpt lat="46.637060" lon="10.600268"><ele>885</ele></trkpt>
      <trkpt lat="46.637089" lon="10.600248"><ele>885</ele></trkpt>
      <trkpt lat="46.637179" lon="10.600100"><ele>885</ele></trkpt>
      <trkpt lat="46.637398" lon="10.599689"><ele>885</ele></trkpt>
      <trkpt lat="46.638172" lon="10.598391"><ele>885</ele></trkpt>
      <trkpt lat="46.638405" lon="10.598167"><ele>884</ele></trkpt>
      <trkpt lat="46.638629" lon="10.597804"><ele>885</ele></trkpt>
      <trkpt lat="46.640058" lon="10.593974"><ele>886</ele></trkpt>
      <trkpt lat="46.640193" lon="10.593636"><ele>886</ele></trkpt>
      <trkpt lat="46.640874" lon="10.591852"><ele>887</ele></trkpt>
      <trkpt lat="46.641289" lon="10.590775"><ele>886</ele></trkpt>
      <trkpt lat="46.641335" lon="10.590715"><ele>886</ele></trkpt>
      <trkpt lat="46.643184" lon="10.585926"><ele>888</ele></trkpt>
      <trkpt lat="46.643609" lon="10.584789"><ele>889</ele></trkpt>
      <trkpt lat="46.643814" lon="10.584304"><ele>888</ele></trkpt>
      <trkpt lat="46.644507" lon="10.582547"><ele>889</ele></trkpt>
      <trkpt lat="46.645439" lon="10.580142"><ele>890</ele></trkpt>
      <trkpt lat="46.645597" lon="10.579778"><ele>890</ele></trkpt>
      <trkpt lat="46.645937" lon="10.579064"><ele>890</ele></trkpt>
      <trkpt lat="46.646140" lon="10.578714"><ele>890</ele></trkpt>
      <trkpt lat="46.646434" lon="10.578232"><ele>891</ele></trkpt>
      <trkpt lat="46.646677" lon="10.577887"><ele>890</ele></trkpt>
      <trkpt lat="46.646983" lon="10.577483"><ele>892</ele></trkpt>
      <trkpt lat="46.647307" lon="10.577078"><ele>891</ele></trkpt>
      <trkpt lat="46.647589" lon="10.576755"><ele>892</ele></trkpt>
      <trkpt lat="46.647866" lon="10.576475"><ele>891</ele></trkpt>
      <trkpt lat="46.651030" lon="10.573646"><ele>893</ele></trkpt>
      <trkpt lat="46.651574" lon="10.573175"><ele>893</ele></trkpt>
      <trkpt lat="46.652167" lon="10.572636"><ele>893</ele></trkpt>
      <trkpt lat="46.652308" lon="10.572487"><ele>894</ele></trkpt>
      <trkpt lat="46.652776" lon="10.572058"><ele>894</ele></trkpt>
      <trkpt lat="46.653934" lon="10.571054"><ele>895</ele></trkpt>
      <trkpt lat="46.654724" lon="10.570347"><ele>896</ele></trkpt>
      <trkpt lat="46.655808" lon="10.569408"><ele>897</ele></trkpt>
      <trkpt lat="46.656589" lon="10.568732"><ele>897</ele></trkpt>
      <trkpt lat="46.657959" lon="10.567437"><ele>900</ele></trkpt>
      <trkpt lat="46.659684" lon="10.565917"><ele>902</ele></trkpt>
      <trkpt lat="46.660358" lon="10.565300"><ele>901</ele></trkpt>
      <trkpt lat="46.660442" lon="10.565224"><ele>900</ele></trkpt>
      <trkpt lat="46.660644" lon="10.565066"><ele>900</ele></trkpt>
      <trkpt lat="46.661812" lon="10.564024"><ele>901</ele></trkpt>
      <trkpt lat="46.662770" lon="10.563192"><ele>902</ele></trkpt>
      <trkpt lat="46.663533" lon="10.562545"><ele>904</ele></trkpt>
      <trkpt lat="46.663973" lon="10.562176"><ele>904</ele></trkpt>
      <trkpt lat="46.664556" lon="10.561735"><ele>904</ele></trkpt>
      <trkpt lat="46.665211" lon="10.561199"><ele>904</ele></trkpt>
      <trkpt lat="46.665576" lon="10.560793"><ele>905</ele></trkpt>
      <trkpt lat="46.665854" lon="10.560297"><ele>906</ele></trkpt>
      <trkpt lat="46.666614" lon="10.558856"><ele>906</ele></trkpt>
      <trkpt lat="46.666666" lon="10.558748"><ele>908</ele></trkpt>
      <trkpt lat="46.666709" lon="10.558721"><ele>908</ele></trkpt>
      <trkpt lat="46.666851" lon="10.558875"><ele>906</ele></trkpt>
      <trkpt lat="46.667874" lon="10.556821"><ele>908</ele></trkpt>
      <trkpt lat="46.668091" lon="10.556410"><ele>909</ele></trkpt>
      <trkpt lat="46.668335" lon="10.555982"><ele>909</ele></trkpt>
      <trkpt lat="46.668669" lon="10.555355"><ele>910</ele></trkpt>
      <trkpt lat="46.668892" lon="10.554933"><ele>910</ele></trkpt>
      <trkpt lat="46.669329" lon="10.554143"><ele>911</ele></trkpt>
      <trkpt lat="46.669618" lon="10.553671"><ele>911</ele></trkpt>
      <trkpt lat="46.669745" lon="10.553463"><ele>911</ele></trkpt>
      <trkpt lat="46.669897" lon="10.553256"><ele>911</ele></trkpt>
      <trkpt lat="46.670002" lon="10.553039"><ele>913</ele></trkpt>
      <trkpt lat="46.670021" lon="10.552998"><ele>912</ele></trkpt>
      <trkpt lat="46.670148" lon="10.553034"><ele>912</ele></trkpt>
      <trkpt lat="46.670201" lon="10.553025"><ele>912</ele></trkpt>
      <trkpt lat="46.670250" lon="10.552988"><ele>912</ele></trkpt>
      <trkpt lat="46.670284" lon="10.552975"><ele>912</ele></trkpt>
      <trkpt lat="46.670369" lon="10.552948"><ele>911</ele></trkpt>
      <trkpt lat="46.670603" lon="10.552952"><ele>910</ele></trkpt>
      <trkpt lat="46.670684" lon="10.552949"><ele>910</ele></trkpt>
      <trkpt lat="46.671018" lon="10.552992"><ele>910</ele></trkpt>
      <trkpt lat="46.671223" lon="10.553018"><ele>910</ele></trkpt>
      <trkpt lat="46.671251" lon="10.553019"><ele>910</ele></trkpt>
      <trkpt lat="46.671547" lon="10.553042"><ele>912</ele></trkpt>
      <trkpt lat="46.671669" lon="10.553043"><ele>913</ele></trkpt>
      <trkpt lat="46.671677" lon="10.553043"><ele>913</ele></trkpt>
      <trkpt lat="46.671688" lon="10.553043"><ele>913</ele></trkpt>
      <trkpt lat="46.671780" lon="10.553037"><ele>913</ele></trkpt>
      <trkpt lat="46.671790" lon="10.553034"><ele>913</ele></trkpt>
      <trkpt lat="46.671948" lon="10.552993"><ele>913</ele></trkpt>
      <trkpt lat="46.672139" lon="10.552925"><ele>914</ele></trkpt>
      <trkpt lat="46.672196" lon="10.552904"><ele>914</ele></trkpt>
      <trkpt lat="46.672290" lon="10.552866"><ele>914</ele></trkpt>
      <trkpt lat="46.672721" lon="10.552680"><ele>916</ele></trkpt>
      <trkpt lat="46.672881" lon="10.552590"><ele>916</ele></trkpt>
      <trkpt lat="46.673032" lon="10.552494"><ele>917</ele></trkpt>
      <trkpt lat="46.673128" lon="10.552450"><ele>917</ele></trkpt>
      <trkpt lat="46.673311" lon="10.552381"><ele>917</ele></trkpt>
      <trkpt lat="46.673463" lon="10.552361"><ele>918</ele></trkpt>
      <trkpt lat="46.673672" lon="10.552358"><ele>919</ele></trkpt>
      <trkpt lat="46.673789" lon="10.552356"><ele>920</ele></trkpt>
      <trkpt lat="46.673878" lon="10.552351"><ele>920</ele></trkpt>
      <trkpt lat="46.673915" lon="10.552352"><ele>920</ele></trkpt>
      <trkpt lat="46.674015" lon="10.552349"><ele>921</ele></trkpt>
      <trkpt lat="46.674115" lon="10.552330"><ele>921</ele></trkpt>
      <trkpt lat="46.674229" lon="10.552309"><ele>922</ele></trkpt>
      <trkpt lat="46.674552" lon="10.552214"><ele>923</ele></trkpt>
      <trkpt lat="46.674984" lon="10.552070"><ele>926</ele></trkpt>
      <trkpt lat="46.675412" lon="10.551934"><ele>928</ele></trkpt>
      <trkpt lat="46.675902" lon="10.551780"><ele>932</ele></trkpt>
      <trkpt lat="46.676147" lon="10.551751"><ele>934</ele></trkpt>
      <trkpt lat="46.676661" lon="10.551739"><ele>936</ele></trkpt>
      <trkpt lat="46.676851" lon="10.551712"><ele>937</ele></trkpt>
      <trkpt lat="46.677234" lon="10.551629"><ele>940</ele></trkpt>
      <trkpt lat="46.677809" lon="10.551542"><ele>944</ele></trkpt>
      <trkpt lat="46.678034" lon="10.551458"><ele>946</ele></trkpt>
      <trkpt lat="46.678243" lon="10.551313"><ele>948</ele></trkpt>
      <trkpt lat="46.678398" lon="10.551143"><ele>949</ele></trkpt>
      <trkpt lat="46.678659" lon="10.550836"><ele>951</ele></trkpt>
      <trkpt lat="46.678890" lon="10.550629"><ele>954</ele></trkpt>
      <trkpt lat="46.679264" lon="10.550344"><ele>957</ele></trkpt>
      <trkpt lat="46.679636" lon="10.550045"><ele>960</ele></trkpt>
      <trkpt lat="46.679826" lon="10.549903"><ele>962</ele></trkpt>
      <trkpt lat="46.680065" lon="10.549763"><ele>964</ele></trkpt>
      <trkpt lat="46.680307" lon="10.549646"><ele>965</ele></trkpt>
      <trkpt lat="46.680411" lon="10.549607"><ele>966</ele></trkpt>
      <trkpt lat="46.680591" lon="10.549543"><ele>967</ele></trkpt>
      <trkpt lat="46.680872" lon="10.549480"><ele>970</ele></trkpt>
      <trkpt lat="46.681054" lon="10.549457"><ele>972</ele></trkpt>
      <trkpt lat="46.681411" lon="10.549438"><ele>974</ele></trkpt>
      <trkpt lat="46.681663" lon="10.549425"><ele>977</ele></trkpt>
      <trkpt lat="46.681804" lon="10.549408"><ele>978</ele></trkpt>
      <trkpt lat="46.681895" lon="10.549379"><ele>978</ele></trkpt>
      <trkpt lat="46.681910" lon="10.549374"><ele>978</ele></trkpt>
      <trkpt lat="46.681956" lon="10.549351"><ele>979</ele></trkpt>
      <trkpt lat="46.682017" lon="10.549301"><ele>980</ele></trkpt>
      <trkpt lat="46.682064" lon="10.549234"><ele>980</ele></trkpt>
      <trkpt lat="46.682111" lon="10.549121"><ele>981</ele></trkpt>
      <trkpt lat="46.682401" lon="10.548294"><ele>984</ele></trkpt>
      <trkpt lat="46.682440" lon="10.548296"><ele>984</ele></trkpt>
      <trkpt lat="46.682469" lon="10.548270"><ele>985</ele></trkpt>
      <trkpt lat="46.682611" lon="10.547866"><ele>987</ele></trkpt>
      <trkpt lat="46.682648" lon="10.547804"><ele>987</ele></trkpt>
      <trkpt lat="46.682691" lon="10.547663"><ele>988</ele></trkpt>
      <trkpt lat="46.682769" lon="10.547582"><ele>988</ele></trkpt>
      <trkpt lat="46.682857" lon="10.547553"><ele>989</ele></trkpt>
      <trkpt lat="46.682845" lon="10.547335"><ele>990</ele></trkpt>
      <trkpt lat="46.682853" lon="10.547285"><ele>990</ele></trkpt>
      <trkpt lat="46.683022" lon="10.546810"><ele>993</ele></trkpt>
      <trkpt lat="46.683058" lon="10.546769"><ele>993</ele></trkpt>
      <trkpt lat="46.683104" lon="10.546760"><ele>993</ele></trkpt>
      <trkpt lat="46.683143" lon="10.546796"><ele>993</ele></trkpt>
      <trkpt lat="46.683375" lon="10.547216"><ele>997</ele></trkpt>
      <trkpt lat="46.683412" lon="10.547329"><ele>996</ele></trkpt>
      <trkpt lat="46.683424" lon="10.547374"><ele>995</ele></trkpt>
      <trkpt lat="46.683435" lon="10.547407"><ele>995</ele></trkpt>
      <trkpt lat="46.683498" lon="10.547440"><ele>996</ele></trkpt>
      <trkpt lat="46.683572" lon="10.547481"><ele>996</ele></trkpt>
      <trkpt lat="46.684233" lon="10.548032"><ele>998</ele></trkpt>
      <trkpt lat="46.684239" lon="10.548038"><ele>998</ele></trkpt>
      <trkpt lat="46.684251" lon="10.548113"><ele>998</ele></trkpt>
      <trkpt lat="46.684292" lon="10.548133"><ele>999</ele></trkpt>
      <trkpt lat="46.684311" lon="10.548138"><ele>999</ele></trkpt>
      <trkpt lat="46.684384" lon="10.548144"><ele>999</ele></trkpt>
      <trkpt lat="46.684382" lon="10.548212"><ele>999</ele></trkpt>
      <trkpt lat="46.684401" lon="10.548385"><ele>999</ele></trkpt>
      <trkpt lat="46.684399" lon="10.548452"><ele>999</ele></trkpt>
      <trkpt lat="46.684389" lon="10.548530"><ele>999</ele></trkpt>
      <trkpt lat="46.684333" lon="10.548813"><ele>1000</ele></trkpt>
      <trkpt lat="46.684690" lon="10.549395"><ele>1005</ele></trkpt>
      <trkpt lat="46.684718" lon="10.549463"><ele>1005</ele></trkpt>
      <trkpt lat="46.684772" lon="10.549440"><ele>1006</ele></trkpt>
      <trkpt lat="46.684866" lon="10.549248"><ele>1007</ele></trkpt>
      <trkpt lat="46.684939" lon="10.549216"><ele>1008</ele></trkpt>
      <trkpt lat="46.684982" lon="10.549298"><ele>1008</ele></trkpt>
      <trkpt lat="46.685120" lon="10.549521"><ele>1009</ele></trkpt>
      <trkpt lat="46.685231" lon="10.549780"><ele>1011</ele></trkpt>
      <trkpt lat="46.685258" lon="10.549801"><ele>1012</ele></trkpt>
      <trkpt lat="46.685314" lon="10.549778"><ele>1013</ele></trkpt>
      <trkpt lat="46.685497" lon="10.549654"><ele>1016</ele></trkpt>
      <trkpt lat="46.685611" lon="10.549542"><ele>1017</ele></trkpt>
      <trkpt lat="46.685697" lon="10.549430"><ele>1018</ele></trkpt>
      <trkpt lat="46.685828" lon="10.549307"><ele>1020</ele></trkpt>
      <trkpt lat="46.686049" lon="10.549178"><ele>1024</ele></trkpt>
      <trkpt lat="46.686049" lon="10.549178"><ele>1022</ele></trkpt>
      <trkpt lat="46.686163" lon="10.549113"><ele>1024</ele></trkpt>
      <trkpt lat="46.686205" lon="10.549144"><ele>1025</ele></trkpt>
      <trkpt lat="46.686306" lon="10.549102"><ele>1027</ele></trkpt>
      <trkpt lat="46.686414" lon="10.549102"><ele>1028</ele></trkpt>
      <trkpt lat="46.686445" lon="10.549101"><ele>1029</ele></trkpt>
      <trkpt lat="46.686659" lon="10.549184"><ele>1031</ele></trkpt>
      <trkpt lat="46.686691" lon="10.549195"><ele>1032</ele></trkpt>
      <trkpt lat="46.686776" lon="10.548622"><ele>1030</ele></trkpt>
      <trkpt lat="46.686999" lon="10.547042"><ele>1023</ele></trkpt>
      <trkpt lat="46.687036" lon="10.546550"><ele>1022</ele></trkpt>
      <trkpt lat="46.687046" lon="10.546207"><ele>1024</ele></trkpt>
      <trkpt lat="46.687017" lon="10.546192"><ele>1024</ele></trkpt>
      <trkpt lat="46.687029" lon="10.546077"><ele>1024</ele></trkpt>
      <trkpt lat="46.687104" lon="10.546034"><ele>1025</ele></trkpt>
      <trkpt lat="46.687272" lon="10.545907"><ele>1026</ele></trkpt>
      <trkpt lat="46.687374" lon="10.545872"><ele>1028</ele></trkpt>
      <trkpt lat="46.687693" lon="10.545761"><ele>1031</ele></trkpt>
      <trkpt lat="46.687790" lon="10.545731"><ele>1032</ele></trkpt>
      <trkpt lat="46.688002" lon="10.545665"><ele>1034</ele></trkpt>
      <trkpt lat="46.688043" lon="10.545652"><ele>1034</ele></trkpt>
      <trkpt lat="46.688171" lon="10.545613"><ele>1036</ele></trkpt>
      <trkpt lat="46.688434" lon="10.545478"><ele>1038</ele></trkpt>
      <trkpt lat="46.688497" lon="10.545428"><ele>1038</ele></trkpt>
      <trkpt lat="46.688598" lon="10.545358"><ele>1039</ele></trkpt>
      <trkpt lat="46.688646" lon="10.545324"><ele>1040</ele></trkpt>
      <trkpt lat="46.688704" lon="10.545286"><ele>1040</ele></trkpt>
      <trkpt lat="46.688973" lon="10.545127"><ele>1044</ele></trkpt>
      <trkpt lat="46.689047" lon="10.545077"><ele>1044</ele></trkpt>
      <trkpt lat="46.689286" lon="10.544965"><ele>1046</ele></trkpt>
      <trkpt lat="46.689359" lon="10.544939"><ele>1048</ele></trkpt>
      <trkpt lat="46.689508" lon="10.544884"><ele>1049</ele></trkpt>
      <trkpt lat="46.689536" lon="10.544831"><ele>1049</ele></trkpt>
      <trkpt lat="46.689541" lon="10.544761"><ele>1049</ele></trkpt>
      <trkpt lat="46.689538" lon="10.544685"><ele>1049</ele></trkpt>
      <trkpt lat="46.689548" lon="10.544599"><ele>1049</ele></trkpt>
      <trkpt lat="46.689565" lon="10.544516"><ele>1049</ele></trkpt>
      <trkpt lat="46.689595" lon="10.544454"><ele>1050</ele></trkpt>
      <trkpt lat="46.689737" lon="10.544276"><ele>1052</ele></trkpt>
      <trkpt lat="46.689808" lon="10.544197"><ele>1052</ele></trkpt>
      <trkpt lat="46.689834" lon="10.544169"><ele>1053</ele></trkpt>
      <trkpt lat="46.689885" lon="10.544111"><ele>1053</ele></trkpt>
      <trkpt lat="46.690177" lon="10.543873"><ele>1056</ele></trkpt>
      <trkpt lat="46.690257" lon="10.543812"><ele>1056</ele></trkpt>
      <trkpt lat="46.690487" lon="10.543783"><ele>1058</ele></trkpt>
      <trkpt lat="46.690511" lon="10.543780"><ele>1058</ele></trkpt>
      <trkpt lat="46.690529" lon="10.543779"><ele>1059</ele></trkpt>
      <trkpt lat="46.690658" lon="10.543782"><ele>1060</ele></trkpt>
      <trkpt lat="46.690746" lon="10.543798"><ele>1061</ele></trkpt>
      <trkpt lat="46.690800" lon="10.543364"><ele>1062</ele></trkpt>
      <trkpt lat="46.690825" lon="10.543261"><ele>1062</ele></trkpt>
      <trkpt lat="46.690869" lon="10.543119"><ele>1062</ele></trkpt>
      <trkpt lat="46.690904" lon="10.543067"><ele>1063</ele></trkpt>
      <trkpt lat="46.691034" lon="10.542836"><ele>1064</ele></trkpt>
      <trkpt lat="46.691032" lon="10.542660"><ele>1064</ele></trkpt>
      <trkpt lat="46.691038" lon="10.542450"><ele>1065</ele></trkpt>
      <trkpt lat="46.691121" lon="10.542137"><ele>1066</ele></trkpt>
      <trkpt lat="46.691259" lon="10.542062"><ele>1067</ele></trkpt>
      <trkpt lat="46.691304" lon="10.542047"><ele>1067</ele></trkpt>
      <trkpt lat="46.691376" lon="10.542025"><ele>1067</ele></trkpt>
      <trkpt lat="46.691525" lon="10.541944"><ele>1069</ele></trkpt>
      <trkpt lat="46.691564" lon="10.541933"><ele>1070</ele></trkpt>
      <trkpt lat="46.691582" lon="10.541802"><ele>1070</ele></trkpt>
      <trkpt lat="46.691659" lon="10.541500"><ele>1071</ele></trkpt>
      <trkpt lat="46.691725" lon="10.541197"><ele>1072</ele></trkpt>
      <trkpt lat="46.691729" lon="10.541143"><ele>1072</ele></trkpt>
      <trkpt lat="46.691737" lon="10.541048"><ele>1072</ele></trkpt>
      <trkpt lat="46.691750" lon="10.540884"><ele>1073</ele></trkpt>
      <trkpt lat="46.691914" lon="10.540891"><ele>1074</ele></trkpt>
      <trkpt lat="46.692062" lon="10.540885"><ele>1076</ele></trkpt>
      <trkpt lat="46.692100" lon="10.540884"><ele>1076</ele></trkpt>
      <trkpt lat="46.692168" lon="10.540630"><ele>1078</ele></trkpt>
      <trkpt lat="46.692540" lon="10.539497"><ele>1082</ele></trkpt>
      <trkpt lat="46.692725" lon="10.539146"><ele>1085</ele></trkpt>
      <trkpt lat="46.693177" lon="10.538104"><ele>1090</ele></trkpt>
      <trkpt lat="46.693210" lon="10.537854"><ele>1091</ele></trkpt>
      <trkpt lat="46.693424" lon="10.537185"><ele>1092</ele></trkpt>
      <trkpt lat="46.693515" lon="10.536993"><ele>1093</ele></trkpt>
      <trkpt lat="46.693627" lon="10.536837"><ele>1094</ele></trkpt>
      <trkpt lat="46.693765" lon="10.536673"><ele>1096</ele></trkpt>
      <trkpt lat="46.693816" lon="10.536579"><ele>1096</ele></trkpt>
      <trkpt lat="46.693928" lon="10.536299"><ele>1097</ele></trkpt>
      <trkpt lat="46.694384" lon="10.535592"><ele>1102</ele></trkpt>
      <trkpt lat="46.694446" lon="10.535471"><ele>1103</ele></trkpt>
      <trkpt lat="46.694479" lon="10.535359"><ele>1103</ele></trkpt>
      <trkpt lat="46.694501" lon="10.535237"><ele>1103</ele></trkpt>
      <trkpt lat="46.694552" lon="10.535049"><ele>1103</ele></trkpt>
      <trkpt lat="46.694611" lon="10.534910"><ele>1104</ele></trkpt>
      <trkpt lat="46.694701" lon="10.534756"><ele>1104</ele></trkpt>
      <trkpt lat="46.695133" lon="10.534214"><ele>1108</ele></trkpt>
      <trkpt lat="46.695277" lon="10.534059"><ele>1108</ele></trkpt>
      <trkpt lat="46.695321" lon="10.533991"><ele>1108</ele></trkpt>
      <trkpt lat="46.695339" lon="10.533887"><ele>1107</ele></trkpt>
      <trkpt lat="46.695359" lon="10.533580"><ele>1106</ele></trkpt>
      <trkpt lat="46.695385" lon="10.533397"><ele>1106</ele></trkpt>
      <trkpt lat="46.695435" lon="10.533233"><ele>1106</ele></trkpt>
      <trkpt lat="46.695504" lon="10.533118"><ele>1106</ele></trkpt>
      <trkpt lat="46.695596" lon="10.533019"><ele>1106</ele></trkpt>
      <trkpt lat="46.695715" lon="10.532938"><ele>1107</ele></trkpt>
      <trkpt lat="46.695863" lon="10.532894"><ele>1108</ele></trkpt>
      <trkpt lat="46.696006" lon="10.532839"><ele>1109</ele></trkpt>
      <trkpt lat="46.696113" lon="10.532776"><ele>1110</ele></trkpt>
      <trkpt lat="46.696297" lon="10.532540"><ele>1111</ele></trkpt>
      <trkpt lat="46.696452" lon="10.532366"><ele>1112</ele></trkpt>
      <trkpt lat="46.696726" lon="10.532121"><ele>1113</ele></trkpt>
      <trkpt lat="46.697118" lon="10.531675"><ele>1117</ele></trkpt>
      <trkpt lat="46.697262" lon="10.531560"><ele>1118</ele></trkpt>
      <trkpt lat="46.697437" lon="10.531453"><ele>1119</ele></trkpt>
      <trkpt lat="46.697656" lon="10.531356"><ele>1120</ele></trkpt>
      <trkpt lat="46.697701" lon="10.531323"><ele>1121</ele></trkpt>
      <trkpt lat="46.698125" lon="10.530722"><ele>1124</ele></trkpt>
      <trkpt lat="46.698154" lon="10.530658"><ele>1124</ele></trkpt>
      <trkpt lat="46.698221" lon="10.530462"><ele>1126</ele></trkpt>
      <trkpt lat="46.698426" lon="10.530060"><ele>1127</ele></trkpt>
      <trkpt lat="46.698511" lon="10.529930"><ele>1128</ele></trkpt>
      <trkpt lat="46.698661" lon="10.529801"><ele>1129</ele></trkpt>
      <trkpt lat="46.698826" lon="10.529688"><ele>1130</ele></trkpt>
      <trkpt lat="46.698995" lon="10.529622"><ele>1131</ele></trkpt>
      <trkpt lat="46.699221" lon="10.529605"><ele>1133</ele></trkpt>
      <trkpt lat="46.699418" lon="10.529615"><ele>1135</ele></trkpt>
      <trkpt lat="46.699574" lon="10.529647"><ele>1136</ele></trkpt>
      <trkpt lat="46.699755" lon="10.529720"><ele>1138</ele></trkpt>
      <trkpt lat="46.699919" lon="10.529835"><ele>1140</ele></trkpt>
      <trkpt lat="46.700177" lon="10.530049"><ele>1142</ele></trkpt>
      <trkpt lat="46.700333" lon="10.530192"><ele>1144</ele></trkpt>
      <trkpt lat="46.700411" lon="10.530286"><ele>1145</ele></trkpt>
      <trkpt lat="46.700521" lon="10.530463"><ele>1146</ele></trkpt>
      <trkpt lat="46.700629" lon="10.530616"><ele>1148</ele></trkpt>
      <trkpt lat="46.700744" lon="10.530693"><ele>1148</ele></trkpt>
      <trkpt lat="46.701410" lon="10.530898"><ele>1154</ele></trkpt>
      <trkpt lat="46.701537" lon="10.530905"><ele>1155</ele></trkpt>
      <trkpt lat="46.701661" lon="10.530887"><ele>1156</ele></trkpt>
      <trkpt lat="46.701814" lon="10.530818"><ele>1157</ele></trkpt>
      <trkpt lat="46.701904" lon="10.530773"><ele>1158</ele></trkpt>
      <trkpt lat="46.701971" lon="10.530677"><ele>1158</ele></trkpt>
      <trkpt lat="46.702070" lon="10.530467"><ele>1157</ele></trkpt>
      <trkpt lat="46.702137" lon="10.530355"><ele>1157</ele></trkpt>
      <trkpt lat="46.702228" lon="10.530228"><ele>1158</ele></trkpt>
      <trkpt lat="46.702365" lon="10.530083"><ele>1158</ele></trkpt>
      <trkpt lat="46.702883" lon="10.529680"><ele>1161</ele></trkpt>
      <trkpt lat="46.703007" lon="10.529615"><ele>1161</ele></trkpt>
      <trkpt lat="46.703242" lon="10.529527"><ele>1162</ele></trkpt>
      <trkpt lat="46.703479" lon="10.529420"><ele>1164</ele></trkpt>
      <trkpt lat="46.703827" lon="10.529190"><ele>1167</ele></trkpt>
      <trkpt lat="46.703931" lon="10.529108"><ele>1168</ele></trkpt>
      <trkpt lat="46.704053" lon="10.529050"><ele>1168</ele></trkpt>
      <trkpt lat="46.704166" lon="10.529025"><ele>1169</ele></trkpt>
      <trkpt lat="46.704279" lon="10.529024"><ele>1171</ele></trkpt>
      <trkpt lat="46.704368" lon="10.529037"><ele>1172</ele></trkpt>
      <trkpt lat="46.704471" lon="10.529093"><ele>1173</ele></trkpt>
      <trkpt lat="46.704622" lon="10.529238"><ele>1175</ele></trkpt>
      <trkpt lat="46.704751" lon="10.529329"><ele>1176</ele></trkpt>
      <trkpt lat="46.704859" lon="10.529362"><ele>1178</ele></trkpt>
      <trkpt lat="46.704974" lon="10.529372"><ele>1179</ele></trkpt>
      <trkpt lat="46.705161" lon="10.529342"><ele>1181</ele></trkpt>
      <trkpt lat="46.705254" lon="10.529299"><ele>1182</ele></trkpt>
      <trkpt lat="46.705365" lon="10.529202"><ele>1183</ele></trkpt>
      <trkpt lat="46.705442" lon="10.529167"><ele>1183</ele></trkpt>
      <trkpt lat="46.705497" lon="10.529169"><ele>1184</ele></trkpt>
      <trkpt lat="46.705699" lon="10.529235"><ele>1185</ele></trkpt>
      <trkpt lat="46.705795" lon="10.529245"><ele>1186</ele></trkpt>
      <trkpt lat="46.705918" lon="10.529207"><ele>1187</ele></trkpt>
      <trkpt lat="46.706052" lon="10.529113"><ele>1188</ele></trkpt>
      <trkpt lat="46.706201" lon="10.529051"><ele>1190</ele></trkpt>
      <trkpt lat="46.706296" lon="10.529030"><ele>1190</ele></trkpt>
      <trkpt lat="46.706421" lon="10.529027"><ele>1192</ele></trkpt>
      <trkpt lat="46.706612" lon="10.529080"><ele>1194</ele></trkpt>
      <trkpt lat="46.706892" lon="10.529200"><ele>1197</ele></trkpt>
      <trkpt lat="46.706966" lon="10.529249"><ele>1198</ele></trkpt>
      <trkpt lat="46.707346" lon="10.529085"><ele>1199</ele></trkpt>
      <trkpt lat="46.708037" lon="10.528755"><ele>1202</ele></trkpt>
      <trkpt lat="46.708438" lon="10.528578"><ele>1202</ele></trkpt>
      <trkpt lat="46.708542" lon="10.528538"><ele>1202</ele></trkpt>
      <trkpt lat="46.708594" lon="10.528535"><ele>1201</ele></trkpt>
      <trkpt lat="46.708620" lon="10.528533"><ele>1201</ele></trkpt>
      <trkpt lat="46.708703" lon="10.528557"><ele>1201</ele></trkpt>
      <trkpt lat="46.708898" lon="10.528573"><ele>1200</ele></trkpt>
      <trkpt lat="46.709173" lon="10.528508"><ele>1200</ele></trkpt>
      <trkpt lat="46.709287" lon="10.528496"><ele>1200</ele></trkpt>
      <trkpt lat="46.709289" lon="10.528495"><ele>1200</ele></trkpt>
      <trkpt lat="46.709390" lon="10.528483"><ele>1200</ele></trkpt>
      <trkpt lat="46.709484" lon="10.528483"><ele>1200</ele></trkpt>
      <trkpt lat="46.709538" lon="10.528477"><ele>1200</ele></trkpt>
      <trkpt lat="46.709588" lon="10.528438"><ele>1200</ele></trkpt>
      <trkpt lat="46.709676" lon="10.528297"><ele>1201</ele></trkpt>
      <trkpt lat="46.709732" lon="10.528166"><ele>1202</ele></trkpt>
      <trkpt lat="46.709807" lon="10.527983"><ele>1202</ele></trkpt>
      <trkpt lat="46.709837" lon="10.527891"><ele>1203</ele></trkpt>
      <trkpt lat="46.709853" lon="10.527796"><ele>1203</ele></trkpt>
      <trkpt lat="46.709862" lon="10.527602"><ele>1204</ele></trkpt>
      <trkpt lat="46.709867" lon="10.527543"><ele>1205</ele></trkpt>
      <trkpt lat="46.709882" lon="10.527308"><ele>1206</ele></trkpt>
      <trkpt lat="46.709915" lon="10.527094"><ele>1207</ele></trkpt>
      <trkpt lat="46.709947" lon="10.527027"><ele>1207</ele></trkpt>
      <trkpt lat="46.710049" lon="10.527045"><ele>1209</ele></trkpt>
      <trkpt lat="46.710194" lon="10.527111"><ele>1211</ele></trkpt>
      <trkpt lat="46.710400" lon="10.527155"><ele>1213</ele></trkpt>
      <trkpt lat="46.710623" lon="10.527264"><ele>1214</ele></trkpt>
      <trkpt lat="46.710673" lon="10.527285"><ele>1215</ele></trkpt>
      <trkpt lat="46.710727" lon="10.527327"><ele>1216</ele></trkpt>
      <trkpt lat="46.710783" lon="10.527371"><ele>1216</ele></trkpt>
      <trkpt lat="46.710846" lon="10.527461"><ele>1217</ele></trkpt>
      <trkpt lat="46.710965" lon="10.527858"><ele>1219</ele></trkpt>
      <trkpt lat="46.711033" lon="10.528159"><ele>1220</ele></trkpt>
      <trkpt lat="46.711082" lon="10.528321"><ele>1220</ele></trkpt>
      <trkpt lat="46.711101" lon="10.528357"><ele>1221</ele></trkpt>
      <trkpt lat="46.711114" lon="10.528394"><ele>1221</ele></trkpt>
      <trkpt lat="46.711130" lon="10.528446"><ele>1222</ele></trkpt>
      <trkpt lat="46.711204" lon="10.528833"><ele>1224</ele></trkpt>
      <trkpt lat="46.711222" lon="10.528966"><ele>1224</ele></trkpt>
      <trkpt lat="46.711334" lon="10.529214"><ele>1227</ele></trkpt>
      <trkpt lat="46.711498" lon="10.529449"><ele>1228</ele></trkpt>
      <trkpt lat="46.711596" lon="10.529554"><ele>1230</ele></trkpt>
      <trkpt lat="46.711874" lon="10.529731"><ele>1234</ele></trkpt>
      <trkpt lat="46.711952" lon="10.529801"><ele>1235</ele></trkpt>
      <trkpt lat="46.712014" lon="10.529922"><ele>1235</ele></trkpt>
      <trkpt lat="46.712124" lon="10.530026"><ele>1236</ele></trkpt>
      <trkpt lat="46.712149" lon="10.530079"><ele>1236</ele></trkpt>
      <trkpt lat="46.712174" lon="10.530137"><ele>1236</ele></trkpt>
      <trkpt lat="46.712233" lon="10.530260"><ele>1235</ele></trkpt>
      <trkpt lat="46.712325" lon="10.530336"><ele>1236</ele></trkpt>
      <trkpt lat="46.712400" lon="10.530364"><ele>1238</ele></trkpt>
      <trkpt lat="46.712645" lon="10.530468"><ele>1240</ele></trkpt>
      <trkpt lat="46.712754" lon="10.530694"><ele>1240</ele></trkpt>
      <trkpt lat="46.712840" lon="10.530761"><ele>1241</ele></trkpt>
      <trkpt lat="46.712931" lon="10.530816"><ele>1242</ele></trkpt>
      <trkpt lat="46.713202" lon="10.530916"><ele>1244</ele></trkpt>
      <trkpt lat="46.713414" lon="10.531005"><ele>1246</ele></trkpt>
      <trkpt lat="46.713635" lon="10.531056"><ele>1248</ele></trkpt>
      <trkpt lat="46.714146" lon="10.531121"><ele>1252</ele></trkpt>
      <trkpt lat="46.714280" lon="10.531117"><ele>1254</ele></trkpt>
      <trkpt lat="46.714407" lon="10.531096"><ele>1256</ele></trkpt>
      <trkpt lat="46.714680" lon="10.531007"><ele>1260</ele></trkpt>
      <trkpt lat="46.714788" lon="10.530949"><ele>1262</ele></trkpt>
      <trkpt lat="46.714868" lon="10.530871"><ele>1264</ele></trkpt>
      <trkpt lat="46.714986" lon="10.530722"><ele>1265</ele></trkpt>
      <trkpt lat="46.715176" lon="10.530481"><ele>1267</ele></trkpt>
      <trkpt lat="46.715271" lon="10.530329"><ele>1268</ele></trkpt>
      <trkpt lat="46.715339" lon="10.530190"><ele>1270</ele></trkpt>
      <trkpt lat="46.715411" lon="10.530079"><ele>1272</ele></trkpt>
      <trkpt lat="46.715500" lon="10.530022"><ele>1271</ele></trkpt>
      <trkpt lat="46.715804" lon="10.529918"><ele>1273</ele></trkpt>
      <trkpt lat="46.716096" lon="10.529812"><ele>1275</ele></trkpt>
      <trkpt lat="46.716828" lon="10.529519"><ele>1282</ele></trkpt>
      <trkpt lat="46.716931" lon="10.529502"><ele>1284</ele></trkpt>
      <trkpt lat="46.717031" lon="10.529504"><ele>1284</ele></trkpt>
      <trkpt lat="46.717580" lon="10.529583"><ele>1289</ele></trkpt>
      <trkpt lat="46.717734" lon="10.529594"><ele>1291</ele></trkpt>
      <trkpt lat="46.717818" lon="10.529558"><ele>1292</ele></trkpt>
      <trkpt lat="46.717855" lon="10.529550"><ele>1292</ele></trkpt>
      <trkpt lat="46.717896" lon="10.529532"><ele>1292</ele></trkpt>
      <trkpt lat="46.718031" lon="10.529508"><ele>1293</ele></trkpt>
      <trkpt lat="46.718493" lon="10.529457"><ele>1296</ele></trkpt>
      <trkpt lat="46.718658" lon="10.529454"><ele>1298</ele></trkpt>
      <trkpt lat="46.718961" lon="10.529454"><ele>1300</ele></trkpt>
      <trkpt lat="46.719204" lon="10.529466"><ele>1302</ele></trkpt>
      <trkpt lat="46.719847" lon="10.529429"><ele>1308</ele></trkpt>
      <trkpt lat="46.720021" lon="10.529373"><ele>1311</ele></trkpt>
      <trkpt lat="46.720178" lon="10.529291"><ele>1314</ele></trkpt>
      <trkpt lat="46.720626" lon="10.529154"><ele>1319</ele></trkpt>
      <trkpt lat="46.720838" lon="10.529112"><ele>1322</ele></trkpt>
      <trkpt lat="46.721311" lon="10.529084"><ele>1326</ele></trkpt>
      <trkpt lat="46.721600" lon="10.529126"><ele>1328</ele></trkpt>
      <trkpt lat="46.722017" lon="10.529334"><ele>1330</ele></trkpt>
      <trkpt lat="46.722308" lon="10.529347"><ele>1333</ele></trkpt>
      <trkpt lat="46.722463" lon="10.529366"><ele>1334</ele></trkpt>
      <trkpt lat="46.722884" lon="10.529521"><ele>1337</ele></trkpt>
      <trkpt lat="46.723068" lon="10.529623"><ele>1339</ele></trkpt>
      <trkpt lat="46.723254" lon="10.529738"><ele>1340</ele></trkpt>
      <trkpt lat="46.723589" lon="10.529910"><ele>1342</ele></trkpt>
      <trkpt lat="46.723729" lon="10.530007"><ele>1343</ele></trkpt>
      <trkpt lat="46.723826" lon="10.530060"><ele>1344</ele></trkpt>
      <trkpt lat="46.724162" lon="10.530169"><ele>1346</ele></trkpt>
      <trkpt lat="46.724307" lon="10.530231"><ele>1346</ele></trkpt>
      <trkpt lat="46.724432" lon="10.530264"><ele>1346</ele></trkpt>
      <trkpt lat="46.724558" lon="10.530272"><ele>1347</ele></trkpt>
      <trkpt lat="46.724689" lon="10.530268"><ele>1348</ele></trkpt>
      <trkpt lat="46.724832" lon="10.530251"><ele>1350</ele></trkpt>
      <trkpt lat="46.725003" lon="10.530196"><ele>1353</ele></trkpt>
      <trkpt lat="46.725406" lon="10.530041"><ele>1355</ele></trkpt>
      <trkpt lat="46.725632" lon="10.529930"><ele>1357</ele></trkpt>
      <trkpt lat="46.725860" lon="10.529785"><ele>1358</ele></trkpt>
      <trkpt lat="46.726095" lon="10.529677"><ele>1358</ele></trkpt>
      <trkpt lat="46.726325" lon="10.529617"><ele>1360</ele></trkpt>
      <trkpt lat="46.726611" lon="10.529557"><ele>1362</ele></trkpt>
      <trkpt lat="46.726781" lon="10.529562"><ele>1363</ele></trkpt>
      <trkpt lat="46.727023" lon="10.529644"><ele>1364</ele></trkpt>
      <trkpt lat="46.727248" lon="10.529682"><ele>1365</ele></trkpt>
      <trkpt lat="46.727459" lon="10.529695"><ele>1367</ele></trkpt>
      <trkpt lat="46.727746" lon="10.529655"><ele>1371</ele></trkpt>
      <trkpt lat="46.727900" lon="10.529653"><ele>1372</ele></trkpt>
      <trkpt lat="46.728085" lon="10.529665"><ele>1373</ele></trkpt>
      <trkpt lat="46.728192" lon="10.529701"><ele>1375</ele></trkpt>
      <trkpt lat="46.728489" lon="10.529855"><ele>1377</ele></trkpt>
      <trkpt lat="46.728946" lon="10.530111"><ele>1381</ele></trkpt>
      <trkpt lat="46.729079" lon="10.530197"><ele>1381</ele></trkpt>
      <trkpt lat="46.729379" lon="10.530372"><ele>1384</ele></trkpt>
      <trkpt lat="46.729508" lon="10.530433"><ele>1386</ele></trkpt>
      <trkpt lat="46.729735" lon="10.530504"><ele>1388</ele></trkpt>
      <trkpt lat="46.729920" lon="10.530583"><ele>1390</ele></trkpt>
      <trkpt lat="46.730278" lon="10.530765"><ele>1394</ele></trkpt>
      <trkpt lat="46.730489" lon="10.530863"><ele>1397</ele></trkpt>
      <trkpt lat="46.730776" lon="10.531022"><ele>1398</ele></trkpt>
      <trkpt lat="46.731061" lon="10.531212"><ele>1402</ele></trkpt>
      <trkpt lat="46.731265" lon="10.531353"><ele>1403</ele></trkpt>
      <trkpt lat="46.731358" lon="10.531394"><ele>1403</ele></trkpt>
      <trkpt lat="46.731568" lon="10.531414"><ele>1405</ele></trkpt>
      <trkpt lat="46.731673" lon="10.531448"><ele>1406</ele></trkpt>
      <trkpt lat="46.732253" lon="10.531491"><ele>1409</ele></trkpt>
      <trkpt lat="46.732418" lon="10.531522"><ele>1411</ele></trkpt>
      <trkpt lat="46.732593" lon="10.531574"><ele>1411</ele></trkpt>
      <trkpt lat="46.732944" lon="10.531727"><ele>1411</ele></trkpt>
      <trkpt lat="46.733141" lon="10.531871"><ele>1412</ele></trkpt>
      <trkpt lat="46.733363" lon="10.532108"><ele>1414</ele></trkpt>
      <trkpt lat="46.733458" lon="10.532197"><ele>1415</ele></trkpt>
      <trkpt lat="46.733698" lon="10.532317"><ele>1418</ele></trkpt>
      <trkpt lat="46.733801" lon="10.532337"><ele>1418</ele></trkpt>
      <trkpt lat="46.734075" lon="10.532315"><ele>1421</ele></trkpt>
      <trkpt lat="46.734205" lon="10.532328"><ele>1422</ele></trkpt>
      <trkpt lat="46.734322" lon="10.532380"><ele>1423</ele></trkpt>
      <trkpt lat="46.734418" lon="10.532451"><ele>1422</ele></trkpt>
      <trkpt lat="46.734509" lon="10.532494"><ele>1422</ele></trkpt>
      <trkpt lat="46.734843" lon="10.532532"><ele>1426</ele></trkpt>
      <trkpt lat="46.734994" lon="10.532590"><ele>1426</ele></trkpt>
      <trkpt lat="46.735133" lon="10.532700"><ele>1426</ele></trkpt>
      <trkpt lat="46.735251" lon="10.532757"><ele>1425</ele></trkpt>
      <trkpt lat="46.735954" lon="10.532901"><ele>1431</ele></trkpt>
      <trkpt lat="46.736289" lon="10.533013"><ele>1433</ele></trkpt>
      <trkpt lat="46.736618" lon="10.533187"><ele>1435</ele></trkpt>
      <trkpt lat="46.736702" lon="10.533200"><ele>1435</ele></trkpt>
      <trkpt lat="46.736787" lon="10.533178"><ele>1436</ele></trkpt>
      <trkpt lat="46.737377" lon="10.532958"><ele>1440</ele></trkpt>
      <trkpt lat="46.737638" lon="10.532945"><ele>1440</ele></trkpt>
      <trkpt lat="46.738208" lon="10.532846"><ele>1444</ele></trkpt>
      <trkpt lat="46.738575" lon="10.532717"><ele>1445</ele></trkpt>
      <trkpt lat="46.738708" lon="10.532685"><ele>1445</ele></trkpt>
      <trkpt lat="46.738877" lon="10.532679"><ele>1446</ele></trkpt>
      <trkpt lat="46.738976" lon="10.532701"><ele>1446</ele></trkpt>
      <trkpt lat="46.739112" lon="10.532749"><ele>1446</ele></trkpt>
      <trkpt lat="46.739193" lon="10.532769"><ele>1446</ele></trkpt>
      <trkpt lat="46.739306" lon="10.532764"><ele>1446</ele></trkpt>
      <trkpt lat="46.739445" lon="10.532717"><ele>1448</ele></trkpt>
      <trkpt lat="46.739585" lon="10.532604"><ele>1448</ele></trkpt>
      <trkpt lat="46.739865" lon="10.532291"><ele>1450</ele></trkpt>
      <trkpt lat="46.739987" lon="10.532183"><ele>1449</ele></trkpt>
      <trkpt lat="46.740123" lon="10.532099"><ele>1450</ele></trkpt>
      <trkpt lat="46.740203" lon="10.532046"><ele>1450</ele></trkpt>
      <trkpt lat="46.740976" lon="10.531660"><ele>1452</ele></trkpt>
      <trkpt lat="46.741122" lon="10.531630"><ele>1452</ele></trkpt>
      <trkpt lat="46.741260" lon="10.531624"><ele>1451</ele></trkpt>
      <trkpt lat="46.741372" lon="10.531585"><ele>1452</ele></trkpt>
      <trkpt lat="46.741444" lon="10.531546"><ele>1452</ele></trkpt>
      <trkpt lat="46.741742" lon="10.531314"><ele>1456</ele></trkpt>
      <trkpt lat="46.742363" lon="10.530721"><ele>1457</ele></trkpt>
      <trkpt lat="46.743374" lon="10.529790"><ele>1457</ele></trkpt>
      <trkpt lat="46.743547" lon="10.529664"><ele>1458</ele></trkpt>
      <trkpt lat="46.743683" lon="10.529526"><ele>1460</ele></trkpt>
      <trkpt lat="46.743740" lon="10.529502"><ele>1461</ele></trkpt>
      <trkpt lat="46.743823" lon="10.529490"><ele>1461</ele></trkpt>
      <trkpt lat="46.743952" lon="10.529500"><ele>1461</ele></trkpt>
      <trkpt lat="46.744266" lon="10.529415"><ele>1464</ele></trkpt>
      <trkpt lat="46.744464" lon="10.529422"><ele>1462</ele></trkpt>
      <trkpt lat="46.744847" lon="10.529386"><ele>1460</ele></trkpt>
      <trkpt lat="46.745239" lon="10.529317"><ele>1459</ele></trkpt>
      <trkpt lat="46.745360" lon="10.529286"><ele>1458</ele></trkpt>
      <trkpt lat="46.745490" lon="10.529237"><ele>1458</ele></trkpt>
      <trkpt lat="46.745864" lon="10.529028"><ele>1455</ele></trkpt>
      <trkpt lat="46.745905" lon="10.528989"><ele>1455</ele></trkpt>
      <trkpt lat="46.746070" lon="10.528728"><ele>1457</ele></trkpt>
      <trkpt lat="46.746434" lon="10.528445"><ele>1459</ele></trkpt>
      <trkpt lat="46.746536" lon="10.528418"><ele>1460</ele></trkpt>
      <trkpt lat="46.746722" lon="10.528408"><ele>1461</ele></trkpt>
      <trkpt lat="46.747037" lon="10.528408"><ele>1462</ele></trkpt>
      <trkpt lat="46.747135" lon="10.528396"><ele>1462</ele></trkpt>
      <trkpt lat="46.747387" lon="10.528212"><ele>1466</ele></trkpt>
      <trkpt lat="46.747839" lon="10.527967"><ele>1468</ele></trkpt>
      <trkpt lat="46.747972" lon="10.527929"><ele>1469</ele></trkpt>
      <trkpt lat="46.748085" lon="10.527929"><ele>1468</ele></trkpt>
      <trkpt lat="46.748699" lon="10.528084"><ele>1466</ele></trkpt>
      <trkpt lat="46.748803" lon="10.528095"><ele>1466</ele></trkpt>
      <trkpt lat="46.749082" lon="10.528053"><ele>1465</ele></trkpt>
      <trkpt lat="46.749391" lon="10.528030"><ele>1461</ele></trkpt>
      <trkpt lat="46.749607" lon="10.527972"><ele>1459</ele></trkpt>
      <trkpt lat="46.749812" lon="10.527829"><ele>1458</ele></trkpt>
      <trkpt lat="46.750068" lon="10.527683"><ele>1457</ele></trkpt>
      <trkpt lat="46.750338" lon="10.527544"><ele>1457</ele></trkpt>
      <trkpt lat="46.750674" lon="10.527320"><ele>1457</ele></trkpt>
      <trkpt lat="46.751093" lon="10.527085"><ele>1454</ele></trkpt>
      <trkpt lat="46.751147" lon="10.527039"><ele>1454</ele></trkpt>
      <trkpt lat="46.751298" lon="10.526864"><ele>1457</ele></trkpt>
      <trkpt lat="46.751354" lon="10.526809"><ele>1457</ele></trkpt>
      <trkpt lat="46.751433" lon="10.526793"><ele>1456</ele></trkpt>
      <trkpt lat="46.751660" lon="10.526734"><ele>1455</ele></trkpt>
      <trkpt lat="46.751898" lon="10.526704"><ele>1454</ele></trkpt>
      <trkpt lat="46.752105" lon="10.526696"><ele>1454</ele></trkpt>
      <trkpt lat="46.752186" lon="10.526698"><ele>1454</ele></trkpt>
      <trkpt lat="46.752392" lon="10.526783"><ele>1453</ele></trkpt>
      <trkpt lat="46.752541" lon="10.526813"><ele>1452</ele></trkpt>
      <trkpt lat="46.752651" lon="10.526813"><ele>1452</ele></trkpt>
      <trkpt lat="46.752767" lon="10.526796"><ele>1452</ele></trkpt>
      <trkpt lat="46.752914" lon="10.526760"><ele>1452</ele></trkpt>
      <trkpt lat="46.753184" lon="10.526659"><ele>1456</ele></trkpt>
      <trkpt lat="46.753224" lon="10.526655"><ele>1456</ele></trkpt>
      <trkpt lat="46.753252" lon="10.526663"><ele>1456</ele></trkpt>
      <trkpt lat="46.753307" lon="10.526733"><ele>1456</ele></trkpt>
      <trkpt lat="46.753380" lon="10.526860"><ele>1457</ele></trkpt>
      <trkpt lat="46.753452" lon="10.527022"><ele>1458</ele></trkpt>
      <trkpt lat="46.753605" lon="10.527198"><ele>1456</ele></trkpt>
      <trkpt lat="46.753853" lon="10.527533"><ele>1460</ele></trkpt>
      <trkpt lat="46.754015" lon="10.527843"><ele>1460</ele></trkpt>
      <trkpt lat="46.754095" lon="10.528026"><ele>1459</ele></trkpt>
      <trkpt lat="46.754162" lon="10.528117"><ele>1459</ele></trkpt>
      <trkpt lat="46.754526" lon="10.528394"><ele>1460</ele></trkpt>
      <trkpt lat="46.754627" lon="10.528432"><ele>1460</ele></trkpt>
      <trkpt lat="46.754706" lon="10.528423"><ele>1462</ele></trkpt>
      <trkpt lat="46.754781" lon="10.528452"><ele>1462</ele></trkpt>
      <trkpt lat="46.754844" lon="10.528490"><ele>1462</ele></trkpt>
      <trkpt lat="46.755052" lon="10.528677"><ele>1458</ele></trkpt>
      <trkpt lat="46.755109" lon="10.528690"><ele>1457</ele></trkpt>
      <trkpt lat="46.755164" lon="10.528679"><ele>1456</ele></trkpt>
      <trkpt lat="46.755212" lon="10.528642"><ele>1456</ele></trkpt>
      <trkpt lat="46.755256" lon="10.528575"><ele>1458</ele></trkpt>
      <trkpt lat="46.755313" lon="10.528459"><ele>1459</ele></trkpt>
      <trkpt lat="46.755466" lon="10.528006"><ele>1458</ele></trkpt>
      <trkpt lat="46.755510" lon="10.527928"><ele>1456</ele></trkpt>
      <trkpt lat="46.755535" lon="10.527891"><ele>1456</ele></trkpt>
      <trkpt lat="46.755567" lon="10.527868"><ele>1455</ele></trkpt>
      <trkpt lat="46.755598" lon="10.527845"><ele>1455</ele></trkpt>
      <trkpt lat="46.755646" lon="10.527832"><ele>1454</ele></trkpt>
      <trkpt lat="46.755715" lon="10.527834"><ele>1453</ele></trkpt>
      <trkpt lat="46.755776" lon="10.527864"><ele>1452</ele></trkpt>
      <trkpt lat="46.755879" lon="10.527987"><ele>1450</ele></trkpt>
      <trkpt lat="46.755941" lon="10.528041"><ele>1450</ele></trkpt>
      <trkpt lat="46.756151" lon="10.528207"><ele>1450</ele></trkpt>
      <trkpt lat="46.756217" lon="10.528288"><ele>1450</ele></trkpt>
      <trkpt lat="46.756319" lon="10.528379"><ele>1450</ele></trkpt>
      <trkpt lat="46.756422" lon="10.528441"><ele>1451</ele></trkpt>
      <trkpt lat="46.756672" lon="10.528653"><ele>1450</ele></trkpt>
      <trkpt lat="46.756777" lon="10.528676"><ele>1450</ele></trkpt>
      <trkpt lat="46.757048" lon="10.528691"><ele>1451</ele></trkpt>
      <trkpt lat="46.757143" lon="10.528664"><ele>1452</ele></trkpt>
      <trkpt lat="46.757224" lon="10.528673"><ele>1452</ele></trkpt>
      <trkpt lat="46.757362" lon="10.528731"><ele>1452</ele></trkpt>
      <trkpt lat="46.757456" lon="10.528751"><ele>1452</ele></trkpt>
      <trkpt lat="46.757547" lon="10.528748"><ele>1452</ele></trkpt>
      <trkpt lat="46.758125" lon="10.528684"><ele>1452</ele></trkpt>
      <trkpt lat="46.758208" lon="10.528699"><ele>1452</ele></trkpt>
      <trkpt lat="46.758287" lon="10.528746"><ele>1452</ele></trkpt>
      <trkpt lat="46.758406" lon="10.528836"><ele>1452</ele></trkpt>
      <trkpt lat="46.758621" lon="10.529046"><ele>1451</ele></trkpt>
      <trkpt lat="46.758729" lon="10.529126"><ele>1450</ele></trkpt>
      <trkpt lat="46.758865" lon="10.529186"><ele>1450</ele></trkpt>
      <trkpt lat="46.758944" lon="10.529210"><ele>1451</ele></trkpt>
      <trkpt lat="46.759190" lon="10.529322"><ele>1450</ele></trkpt>
      <trkpt lat="46.759505" lon="10.529326"><ele>1452</ele></trkpt>
      <trkpt lat="46.759557" lon="10.529335"><ele>1452</ele></trkpt>
      <trkpt lat="46.759757" lon="10.529434"><ele>1450</ele></trkpt>
      <trkpt lat="46.759967" lon="10.529490"><ele>1452</ele></trkpt>
      <trkpt lat="46.760059" lon="10.529499"><ele>1452</ele></trkpt>
      <trkpt lat="46.760160" lon="10.529498"><ele>1452</ele></trkpt>
      <trkpt lat="46.760686" lon="10.529411"><ele>1450</ele></trkpt>
      <trkpt lat="46.760800" lon="10.529400"><ele>1451</ele></trkpt>
      <trkpt lat="46.760908" lon="10.529405"><ele>1451</ele></trkpt>
      <trkpt lat="46.761018" lon="10.529423"><ele>1451</ele></trkpt>
      <trkpt lat="46.761133" lon="10.529460"><ele>1451</ele></trkpt>
      <trkpt lat="46.761250" lon="10.529509"><ele>1451</ele></trkpt>
      <trkpt lat="46.761327" lon="10.529559"><ele>1451</ele></trkpt>
      <trkpt lat="46.761483" lon="10.529691"><ele>1450</ele></trkpt>
      <trkpt lat="46.761545" lon="10.529720"><ele>1450</ele></trkpt>
      <trkpt lat="46.761809" lon="10.529711"><ele>1451</ele></trkpt>
      <trkpt lat="46.761872" lon="10.529732"><ele>1451</ele></trkpt>
      <trkpt lat="46.761965" lon="10.529779"><ele>1452</ele></trkpt>
      <trkpt lat="46.762057" lon="10.529837"><ele>1454</ele></trkpt>
      <trkpt lat="46.762127" lon="10.529899"><ele>1454</ele></trkpt>
      <trkpt lat="46.762396" lon="10.530191"><ele>1453</ele></trkpt>
      <trkpt lat="46.762484" lon="10.530270"><ele>1452</ele></trkpt>
      <trkpt lat="46.762560" lon="10.530313"><ele>1452</ele></trkpt>
      <trkpt lat="46.762755" lon="10.530386"><ele>1452</ele></trkpt>
      <trkpt lat="46.763212" lon="10.530506"><ele>1452</ele></trkpt>
      <trkpt lat="46.763350" lon="10.530583"><ele>1452</ele></trkpt>
      <trkpt lat="46.763437" lon="10.530602"><ele>1452</ele></trkpt>
      <trkpt lat="46.763482" lon="10.530596"><ele>1452</ele></trkpt>
      <trkpt lat="46.763602" lon="10.530572"><ele>1453</ele></trkpt>
      <trkpt lat="46.763724" lon="10.530531"><ele>1454</ele></trkpt>
      <trkpt lat="46.763885" lon="10.530497"><ele>1456</ele></trkpt>
      <trkpt lat="46.764044" lon="10.530484"><ele>1459</ele></trkpt>
      <trkpt lat="46.764107" lon="10.530502"><ele>1459</ele></trkpt>
      <trkpt lat="46.764206" lon="10.530571"><ele>1458</ele></trkpt>
      <trkpt lat="46.764260" lon="10.530627"><ele>1459</ele></trkpt>
      <trkpt lat="46.764308" lon="10.530721"><ele>1459</ele></trkpt>
      <trkpt lat="46.764315" lon="10.530762"><ele>1458</ele></trkpt>
      <trkpt lat="46.764332" lon="10.530869"><ele>1456</ele></trkpt>
      <trkpt lat="46.764332" lon="10.531022"><ele>1456</ele></trkpt>
      <trkpt lat="46.764334" lon="10.531225"><ele>1454</ele></trkpt>
      <trkpt lat="46.764304" lon="10.531372"><ele>1453</ele></trkpt>
      <trkpt lat="46.764281" lon="10.531474"><ele>1454</ele></trkpt>
      <trkpt lat="46.764271" lon="10.531551"><ele>1454</ele></trkpt>
      <trkpt lat="46.764247" lon="10.531684"><ele>1456</ele></trkpt>
      <trkpt lat="46.764252" lon="10.531833"><ele>1458</ele></trkpt>
      <trkpt lat="46.764261" lon="10.532036"><ele>1460</ele></trkpt>
      <trkpt lat="46.764248" lon="10.532382"><ele>1461</ele></trkpt>
      <trkpt lat="46.764242" lon="10.532533"><ele>1462</ele></trkpt>
      <trkpt lat="46.764202" lon="10.532733"><ele>1463</ele></trkpt>
      <trkpt lat="46.764195" lon="10.532816"><ele>1463</ele></trkpt>
      <trkpt lat="46.764200" lon="10.532898"><ele>1464</ele></trkpt>
      <trkpt lat="46.764237" lon="10.533002"><ele>1464</ele></trkpt>
      <trkpt lat="46.764345" lon="10.532823"><ele>1464</ele></trkpt>
      <trkpt lat="46.764446" lon="10.532696"><ele>1464</ele></trkpt>
      <trkpt lat="46.764640" lon="10.532543"><ele>1464</ele></trkpt>
      <trkpt lat="46.764910" lon="10.532366"><ele>1464</ele></trkpt>
      <trkpt lat="46.765016" lon="10.532275"><ele>1463</ele></trkpt>
      <trkpt lat="46.765136" lon="10.532209"><ele>1463</ele></trkpt>
      <trkpt lat="46.765170" lon="10.532191"><ele>1463</ele></trkpt>
      <trkpt lat="46.765232" lon="10.532157"><ele>1464</ele></trkpt>
      <trkpt lat="46.765500" lon="10.532050"><ele>1464</ele></trkpt>
      <trkpt lat="46.765637" lon="10.532022"><ele>1464</ele></trkpt>
      <trkpt lat="46.765854" lon="10.531994"><ele>1465</ele></trkpt>
      <trkpt lat="46.765982" lon="10.531956"><ele>1466</ele></trkpt>
      <trkpt lat="46.766087" lon="10.531908"><ele>1466</ele></trkpt>
      <trkpt lat="46.766183" lon="10.531863"><ele>1466</ele></trkpt>
      <trkpt lat="46.766240" lon="10.531845"><ele>1466</ele></trkpt>
      <trkpt lat="46.766324" lon="10.531820"><ele>1466</ele></trkpt>
      <trkpt lat="46.766496" lon="10.531787"><ele>1466</ele></trkpt>
      <trkpt lat="46.766548" lon="10.531639"><ele>1465</ele></trkpt>
      <trkpt lat="46.766588" lon="10.531523"><ele>1464</ele></trkpt>
      <trkpt lat="46.766610" lon="10.531472"><ele>1464</ele></trkpt>
      <trkpt lat="46.766742" lon="10.531265"><ele>1463</ele></trkpt>
      <trkpt lat="46.766815" lon="10.531153"><ele>1462</ele></trkpt>
      <trkpt lat="46.766903" lon="10.531035"><ele>1462</ele></trkpt>
      <trkpt lat="46.767171" lon="10.530758"><ele>1464</ele></trkpt>
      <trkpt lat="46.767224" lon="10.530680"><ele>1464</ele></trkpt>
      <trkpt lat="46.767448" lon="10.530230"><ele>1466</ele></trkpt>
      <trkpt lat="46.767572" lon="10.530160"><ele>1466</ele></trkpt>
      <trkpt lat="46.767717" lon="10.530110"><ele>1466</ele></trkpt>
      <trkpt lat="46.767855" lon="10.529990"><ele>1467</ele></trkpt>
      <trkpt lat="46.768047" lon="10.529890"><ele>1467</ele></trkpt>
      <trkpt lat="46.768190" lon="10.529827"><ele>1468</ele></trkpt>
      <trkpt lat="46.768304" lon="10.529797"><ele>1468</ele></trkpt>
      <trkpt lat="46.768778" lon="10.529723"><ele>1470</ele></trkpt>
      <trkpt lat="46.768792" lon="10.529715"><ele>1470</ele></trkpt>
      <trkpt lat="46.768865" lon="10.529671"><ele>1471</ele></trkpt>
      <trkpt lat="46.769009" lon="10.529450"><ele>1475</ele></trkpt>
      <trkpt lat="46.769057" lon="10.529395"><ele>1476</ele></trkpt>
      <trkpt lat="46.769113" lon="10.529365"><ele>1477</ele></trkpt>
      <trkpt lat="46.769224" lon="10.529349"><ele>1477</ele></trkpt>
      <trkpt lat="46.769359" lon="10.529371"><ele>1475</ele></trkpt>
      <trkpt lat="46.769447" lon="10.529399"><ele>1474</ele></trkpt>
      <trkpt lat="46.769362" lon="10.529793"><ele>1472</ele></trkpt>
      <trkpt lat="46.769310" lon="10.530131"><ele>1468</ele></trkpt>
      <trkpt lat="46.769266" lon="10.530628"><ele>1466</ele></trkpt>
      <trkpt lat="46.769095" lon="10.532508"><ele>1477</ele></trkpt>
      <trkpt lat="46.769079" lon="10.532572"><ele>1477</ele></trkpt>
      <trkpt lat="46.769059" lon="10.532619"><ele>1477</ele></trkpt>
      <trkpt lat="46.769107" lon="10.532639"><ele>1477</ele></trkpt>
      <trkpt lat="46.769868" lon="10.532568"><ele>1478</ele></trkpt>
      <trkpt lat="46.770372" lon="10.532502"><ele>1478</ele></trkpt>
      <trkpt lat="46.771324" lon="10.532354"><ele>1480</ele></trkpt>
      <trkpt lat="46.771684" lon="10.532327"><ele>1481</ele></trkpt>
      <trkpt lat="46.771937" lon="10.532278"><ele>1480</ele></trkpt>
      <trkpt lat="46.772573" lon="10.532251"><ele>1480</ele></trkpt>
      <trkpt lat="46.772967" lon="10.532266"><ele>1480</ele></trkpt>
      <trkpt lat="46.773182" lon="10.532299"><ele>1480</ele></trkpt>
      <trkpt lat="46.773557" lon="10.532325"><ele>1483</ele></trkpt>
      <trkpt lat="46.773630" lon="10.532372"><ele>1484</ele></trkpt>
      <trkpt lat="46.773674" lon="10.532447"><ele>1485</ele></trkpt>
      <trkpt lat="46.773695" lon="10.532547"><ele>1486</ele></trkpt>
      <trkpt lat="46.773846" lon="10.533926"><ele>1495</ele></trkpt>
      <trkpt lat="46.773862" lon="10.534113"><ele>1496</ele></trkpt>
      <trkpt lat="46.773859" lon="10.534249"><ele>1498</ele></trkpt>
      <trkpt lat="46.773834" lon="10.534383"><ele>1499</ele></trkpt>
      <trkpt lat="46.773769" lon="10.534633"><ele>1501</ele></trkpt>
      <trkpt lat="46.773773" lon="10.534695"><ele>1501</ele></trkpt>
      <trkpt lat="46.773825" lon="10.534723"><ele>1502</ele></trkpt>
      <trkpt lat="46.773909" lon="10.534716"><ele>1502</ele></trkpt>
      <trkpt lat="46.773994" lon="10.534733"><ele>1502</ele></trkpt>
      <trkpt lat="46.774068" lon="10.534747"><ele>1502</ele></trkpt>
      <trkpt lat="46.774249" lon="10.534786"><ele>1501</ele></trkpt>
      <trkpt lat="46.774536" lon="10.534751"><ele>1501</ele></trkpt>
      <trkpt lat="46.774792" lon="10.534685"><ele>1500</ele></trkpt>
      <trkpt lat="46.774942" lon="10.534705"><ele>1500</ele></trkpt>
      <trkpt lat="46.775194" lon="10.534603"><ele>1499</ele></trkpt>
      <trkpt lat="46.775388" lon="10.534541"><ele>1498</ele></trkpt>
      <trkpt lat="46.775496" lon="10.534512"><ele>1498</ele></trkpt>
      <trkpt lat="46.775603" lon="10.534515"><ele>1498</ele></trkpt>
      <trkpt lat="46.775911" lon="10.534588"><ele>1498</ele></trkpt>
      <trkpt lat="46.776071" lon="10.534601"><ele>1498</ele></trkpt>
      <trkpt lat="46.776234" lon="10.534659"><ele>1498</ele></trkpt>
      <trkpt lat="46.776479" lon="10.534781"><ele>1498</ele></trkpt>
      <trkpt lat="46.776621" lon="10.534875"><ele>1498</ele></trkpt>
      <trkpt lat="46.776778" lon="10.534959"><ele>1498</ele></trkpt>
      <trkpt lat="46.776909" lon="10.535014"><ele>1497</ele></trkpt>
      <trkpt lat="46.777252" lon="10.535125"><ele>1497</ele></trkpt>
      <trkpt lat="46.777441" lon="10.535200"><ele>1498</ele></trkpt>
      <trkpt lat="46.777560" lon="10.535224"><ele>1498</ele></trkpt>
      <trkpt lat="46.777698" lon="10.535231"><ele>1498</ele></trkpt>
      <trkpt lat="46.777819" lon="10.535223"><ele>1498</ele></trkpt>
      <trkpt lat="46.777928" lon="10.535227"><ele>1498</ele></trkpt>
      <trkpt lat="46.778027" lon="10.535244"><ele>1498</ele></trkpt>
      <trkpt lat="46.778113" lon="10.535292"><ele>1498</ele></trkpt>
      <trkpt lat="46.778250" lon="10.535431"><ele>1498</ele></trkpt>
      <trkpt lat="46.778403" lon="10.535662"><ele>1499</ele></trkpt>
      <trkpt lat="46.778508" lon="10.535783"><ele>1498</ele></trkpt>
      <trkpt lat="46.778625" lon="10.535867"><ele>1498</ele></trkpt>
      <trkpt lat="46.778865" lon="10.536064"><ele>1498</ele></trkpt>
      <trkpt lat="46.779089" lon="10.536291"><ele>1499</ele></trkpt>
      <trkpt lat="46.779226" lon="10.536480"><ele>1499</ele></trkpt>
      <trkpt lat="46.779310" lon="10.536568"><ele>1499</ele></trkpt>
      <trkpt lat="46.779598" lon="10.536640"><ele>1498</ele></trkpt>
      <trkpt lat="46.779679" lon="10.536682"><ele>1499</ele></trkpt>
      <trkpt lat="46.779855" lon="10.536834"><ele>1500</ele></trkpt>
      <trkpt lat="46.779900" lon="10.536853"><ele>1499</ele></trkpt>
      <trkpt lat="46.779966" lon="10.536860"><ele>1499</ele></trkpt>
      <trkpt lat="46.780006" lon="10.536874"><ele>1499</ele></trkpt>
      <trkpt lat="46.780043" lon="10.536905"><ele>1499</ele></trkpt>
      <trkpt lat="46.780139" lon="10.537022"><ele>1499</ele></trkpt>
      <trkpt lat="46.780240" lon="10.537235"><ele>1500</ele></trkpt>
      <trkpt lat="46.780282" lon="10.537298"><ele>1500</ele></trkpt>
      <trkpt lat="46.780355" lon="10.537368"><ele>1500</ele></trkpt>
      <trkpt lat="46.780615" lon="10.537484"><ele>1500</ele></trkpt>
      <trkpt lat="46.780689" lon="10.537500"><ele>1500</ele></trkpt>
      <trkpt lat="46.780726" lon="10.537527"><ele>1499</ele></trkpt>
      <trkpt lat="46.780994" lon="10.538222"><ele>1499</ele></trkpt>
      <trkpt lat="46.781049" lon="10.538293"><ele>1499</ele></trkpt>
      <trkpt lat="46.781112" lon="10.538319"><ele>1499</ele></trkpt>
      <trkpt lat="46.781166" lon="10.538353"><ele>1498</ele></trkpt>
      <trkpt lat="46.781198" lon="10.538400"><ele>1498</ele></trkpt>
      <trkpt lat="46.781281" lon="10.538670"><ele>1499</ele></trkpt>
      <trkpt lat="46.781335" lon="10.538705"><ele>1498</ele></trkpt>
      <trkpt lat="46.781403" lon="10.538727"><ele>1498</ele></trkpt>
      <trkpt lat="46.781455" lon="10.538760"><ele>1498</ele></trkpt>
      <trkpt lat="46.781582" lon="10.538926"><ele>1498</ele></trkpt>
      <trkpt lat="46.781676" lon="10.539165"><ele>1499</ele></trkpt>
      <trkpt lat="46.781723" lon="10.539254"><ele>1498</ele></trkpt>
      <trkpt lat="46.781870" lon="10.539484"><ele>1498</ele></trkpt>
      <trkpt lat="46.781941" lon="10.539569"><ele>1498</ele></trkpt>
      <trkpt lat="46.782007" lon="10.539674"><ele>1498</ele></trkpt>
      <trkpt lat="46.782133" lon="10.539938"><ele>1498</ele></trkpt>
      <trkpt lat="46.782331" lon="10.540203"><ele>1499</ele></trkpt>
      <trkpt lat="46.782348" lon="10.540208"><ele>1499</ele></trkpt>
      <trkpt lat="46.782407" lon="10.540227"><ele>1499</ele></trkpt>
      <trkpt lat="46.782531" lon="10.540314"><ele>1498</ele></trkpt>
      <trkpt lat="46.782561" lon="10.540364"><ele>1498</ele></trkpt>
      <trkpt lat="46.782615" lon="10.540483"><ele>1499</ele></trkpt>
      <trkpt lat="46.782674" lon="10.540582"><ele>1499</ele></trkpt>
      <trkpt lat="46.782738" lon="10.540668"><ele>1500</ele></trkpt>
      <trkpt lat="46.782814" lon="10.540743"><ele>1500</ele></trkpt>
      <trkpt lat="46.783186" lon="10.541112"><ele>1500</ele></trkpt>
      <trkpt lat="46.783590" lon="10.541493"><ele>1501</ele></trkpt>
      <trkpt lat="46.784136" lon="10.542175"><ele>1502</ele></trkpt>
      <trkpt lat="46.784219" lon="10.542244"><ele>1502</ele></trkpt>
      <trkpt lat="46.784284" lon="10.542279"><ele>1501</ele></trkpt>
      <trkpt lat="46.784425" lon="10.542317"><ele>1501</ele></trkpt>
      <trkpt lat="46.784567" lon="10.542325"><ele>1501</ele></trkpt>
      <trkpt lat="46.784720" lon="10.542303"><ele>1502</ele></trkpt>
      <trkpt lat="46.784763" lon="10.542302"><ele>1502</ele></trkpt>
      <trkpt lat="46.785482" lon="10.542090"><ele>1496</ele></trkpt>
      <trkpt lat="46.786135" lon="10.541912"><ele>1497</ele></trkpt>
      <trkpt lat="46.786200" lon="10.541868"><ele>1497</ele></trkpt>
      <trkpt lat="46.786252" lon="10.541852"><ele>1497</ele></trkpt>
      <trkpt lat="46.787284" lon="10.541585"><ele>1498</ele></trkpt>
      <trkpt lat="46.787624" lon="10.541501"><ele>1498</ele></trkpt>
      <trkpt lat="46.787740" lon="10.541471"><ele>1498</ele></trkpt>
      <trkpt lat="46.787959" lon="10.541405"><ele>1498</ele></trkpt>
      <trkpt lat="46.788202" lon="10.541337"><ele>1499</ele></trkpt>
      <trkpt lat="46.788373" lon="10.541300"><ele>1499</ele></trkpt>
      <trkpt lat="46.789060" lon="10.541206"><ele>1500</ele></trkpt>
      <trkpt lat="46.789401" lon="10.541171"><ele>1500</ele></trkpt>
      <trkpt lat="46.789758" lon="10.541185"><ele>1499</ele></trkpt>
      <trkpt lat="46.789966" lon="10.541235"><ele>1499</ele></trkpt>
      <trkpt lat="46.790211" lon="10.541327"><ele>1499</ele></trkpt>
      <trkpt lat="46.790484" lon="10.541427"><ele>1499</ele></trkpt>
      <trkpt lat="46.790741" lon="10.541526"><ele>1499</ele></trkpt>
      <trkpt lat="46.790807" lon="10.541551"><ele>1499</ele></trkpt>
      <trkpt lat="46.790906" lon="10.541588"><ele>1500</ele></trkpt>
      <trkpt lat="46.790943" lon="10.541594"><ele>1500</ele></trkpt>
      <trkpt lat="46.791234" lon="10.541557"><ele>1501</ele></trkpt>
      <trkpt lat="46.791487" lon="10.541526"><ele>1501</ele></trkpt>
      <trkpt lat="46.791745" lon="10.541502"><ele>1498</ele></trkpt>
      <trkpt lat="46.792259" lon="10.541424"><ele>1500</ele></trkpt>
      <trkpt lat="46.792337" lon="10.541427"><ele>1500</ele></trkpt>
      <trkpt lat="46.792375" lon="10.541437"><ele>1500</ele></trkpt>
      <trkpt lat="46.792690" lon="10.541568"><ele>1500</ele></trkpt>
      <trkpt lat="46.792794" lon="10.541604"><ele>1500</ele></trkpt>
      <trkpt lat="46.792922" lon="10.541646"><ele>1500</ele></trkpt>
      <trkpt lat="46.793019" lon="10.541666"><ele>1500</ele></trkpt>
      <trkpt lat="46.793086" lon="10.541668"><ele>1500</ele></trkpt>
      <trkpt lat="46.793183" lon="10.541655"><ele>1500</ele></trkpt>
      <trkpt lat="46.794012" lon="10.541372"><ele>1498</ele></trkpt>
      <trkpt lat="46.794092" lon="10.541356"><ele>1498</ele></trkpt>
      <trkpt lat="46.794209" lon="10.541352"><ele>1498</ele></trkpt>
      <trkpt lat="46.794296" lon="10.541367"><ele>1498</ele></trkpt>
      <trkpt lat="46.794429" lon="10.541411"><ele>1499</ele></trkpt>
      <trkpt lat="46.795657" lon="10.541854"><ele>1500</ele></trkpt>
      <trkpt lat="46.795778" lon="10.541868"><ele>1500</ele></trkpt>
      <trkpt lat="46.795940" lon="10.541917"><ele>1501</ele></trkpt>
      <trkpt lat="46.796164" lon="10.541925"><ele>1501</ele></trkpt>
      <trkpt lat="46.796222" lon="10.541918"><ele>1501</ele></trkpt>
      <trkpt lat="46.796259" lon="10.541897"><ele>1501</ele></trkpt>
      <trkpt lat="46.796298" lon="10.541837"><ele>1501</ele></trkpt>
      <trkpt lat="46.796319" lon="10.541781"><ele>1501</ele></trkpt>
      <trkpt lat="46.796340" lon="10.541647"><ele>1501</ele></trkpt>
      <trkpt lat="46.796461" lon="10.540943"><ele>1500</ele></trkpt>
      <trkpt lat="46.796489" lon="10.540719"><ele>1500</ele></trkpt>
      <trkpt lat="46.796497" lon="10.540381"><ele>1500</ele></trkpt>
      <trkpt lat="46.796507" lon="10.540326"><ele>1500</ele></trkpt>
      <trkpt lat="46.796530" lon="10.540277"><ele>1499</ele></trkpt>
      <trkpt lat="46.796567" lon="10.540247"><ele>1499</ele></trkpt>
      <trkpt lat="46.796618" lon="10.540245"><ele>1498</ele></trkpt>
      <trkpt lat="46.796922" lon="10.540294"><ele>1499</ele></trkpt>
      <trkpt lat="46.797023" lon="10.540302"><ele>1499</ele></trkpt>
      <trkpt lat="46.797099" lon="10.540302"><ele>1499</ele></trkpt>
      <trkpt lat="46.797434" lon="10.540266"><ele>1499</ele></trkpt>
      <trkpt lat="46.797925" lon="10.540101"><ele>1498</ele></trkpt>
      <trkpt lat="46.798581" lon="10.540024"><ele>1499</ele></trkpt>
      <trkpt lat="46.798978" lon="10.539899"><ele>1498</ele></trkpt>
      <trkpt lat="46.799332" lon="10.539753"><ele>1499</ele></trkpt>
      <trkpt lat="46.799474" lon="10.539671"><ele>1498</ele></trkpt>
      <trkpt lat="46.799959" lon="10.539269"><ele>1498</ele></trkpt>
      <trkpt lat="46.800123" lon="10.539169"><ele>1499</ele></trkpt>
      <trkpt lat="46.800548" lon="10.539023"><ele>1498</ele></trkpt>
      <trkpt lat="46.800675" lon="10.538948"><ele>1498</ele></trkpt>
      <trkpt lat="46.800955" lon="10.538717"><ele>1498</ele></trkpt>
      <trkpt lat="46.801142" lon="10.538599"><ele>1499</ele></trkpt>
      <trkpt lat="46.801589" lon="10.538373"><ele>1498</ele></trkpt>
      <trkpt lat="46.801761" lon="10.538328"><ele>1498</ele></trkpt>
      <trkpt lat="46.801934" lon="10.538317"><ele>1498</ele></trkpt>
      <trkpt lat="46.802095" lon="10.538283"><ele>1498</ele></trkpt>
      <trkpt lat="46.802257" lon="10.538238"><ele>1498</ele></trkpt>
      <trkpt lat="46.802862" lon="10.537969"><ele>1498</ele></trkpt>
      <trkpt lat="46.803021" lon="10.537929"><ele>1498</ele></trkpt>
      <trkpt lat="46.803138" lon="10.537929"><ele>1498</ele></trkpt>
      <trkpt lat="46.803276" lon="10.537962"><ele>1497</ele></trkpt>
      <trkpt lat="46.803384" lon="10.538054"><ele>1498</ele></trkpt>
      <trkpt lat="46.803444" lon="10.538161"><ele>1497</ele></trkpt>
      <trkpt lat="46.803488" lon="10.538421"><ele>1497</ele></trkpt>
      <trkpt lat="46.803498" lon="10.538625"><ele>1498</ele></trkpt>
      <trkpt lat="46.803485" lon="10.538848"><ele>1498</ele></trkpt>
      <trkpt lat="46.803487" lon="10.539102"><ele>1498</ele></trkpt>
      <trkpt lat="46.803510" lon="10.539280"><ele>1498</ele></trkpt>
      <trkpt lat="46.803572" lon="10.539497"><ele>1498</ele></trkpt>
      <trkpt lat="46.803690" lon="10.539746"><ele>1500</ele></trkpt>
      <trkpt lat="46.803817" lon="10.539928"><ele>1500</ele></trkpt>
      <trkpt lat="46.803950" lon="10.540081"><ele>1500</ele></trkpt>
      <trkpt lat="46.804030" lon="10.540147"><ele>1500</ele></trkpt>
      <trkpt lat="46.804180" lon="10.540125"><ele>1499</ele></trkpt>
      <trkpt lat="46.804259" lon="10.540114"><ele>1499</ele></trkpt>
      <trkpt lat="46.804376" lon="10.540107"><ele>1498</ele></trkpt>
      <trkpt lat="46.804487" lon="10.540099"><ele>1498</ele></trkpt>
      <trkpt lat="46.804577" lon="10.540077"><ele>1498</ele></trkpt>
      <trkpt lat="46.805518" lon="10.540056"><ele>1499</ele></trkpt>
      <trkpt lat="46.805582" lon="10.540074"><ele>1498</ele></trkpt>
      <trkpt lat="46.805633" lon="10.540105"><ele>1498</ele></trkpt>
      <trkpt lat="46.805681" lon="10.540168"><ele>1498</ele></trkpt>
      <trkpt lat="46.805716" lon="10.540308"><ele>1497</ele></trkpt>
      <trkpt lat="46.805734" lon="10.540475"><ele>1497</ele></trkpt>
      <trkpt lat="46.805783" lon="10.540783"><ele>1498</ele></trkpt>
      <trkpt lat="46.805815" lon="10.540890"><ele>1499</ele></trkpt>
      <trkpt lat="46.805855" lon="10.540977"><ele>1499</ele></trkpt>
      <trkpt lat="46.805910" lon="10.541009"><ele>1499</ele></trkpt>
      <trkpt lat="46.806020" lon="10.540994"><ele>1499</ele></trkpt>
      <trkpt lat="46.806060" lon="10.540998"><ele>1499</ele></trkpt>
      <trkpt lat="46.806096" lon="10.541018"><ele>1499</ele></trkpt>
      <trkpt lat="46.806128" lon="10.540583"><ele>1499</ele></trkpt>
      <trkpt lat="46.806123" lon="10.540325"><ele>1499</ele></trkpt>
      <trkpt lat="46.806122" lon="10.540091"><ele>1499</ele></trkpt>
      <trkpt lat="46.806164" lon="10.539948"><ele>1498</ele></trkpt>
      <trkpt lat="46.806192" lon="10.539915"><ele>1498</ele></trkpt>
      <trkpt lat="46.806236" lon="10.539892"><ele>1498</ele></trkpt>
      <trkpt lat="46.806735" lon="10.539727"><ele>1499</ele></trkpt>
      <trkpt lat="46.806973" lon="10.539617"><ele>1499</ele></trkpt>
      <trkpt lat="46.807213" lon="10.539520"><ele>1499</ele></trkpt>
      <trkpt lat="46.807479" lon="10.539362"><ele>1499</ele></trkpt>
      <trkpt lat="46.807787" lon="10.539163"><ele>1499</ele></trkpt>
      <trkpt lat="46.808129" lon="10.538971"><ele>1499</ele></trkpt>
      <trkpt lat="46.808465" lon="10.538754"><ele>1502</ele></trkpt>
      <trkpt lat="46.808535" lon="10.538607"><ele>1501</ele></trkpt>
      <trkpt lat="46.808641" lon="10.538466"><ele>1501</ele></trkpt>
      <trkpt lat="46.809301" lon="10.537800"><ele>1499</ele></trkpt>
      <trkpt lat="46.809340" lon="10.537790"><ele>1499</ele></trkpt>
      <trkpt lat="46.809375" lon="10.537795"><ele>1499</ele></trkpt>
      <trkpt lat="46.809427" lon="10.537823"><ele>1499</ele></trkpt>
      <trkpt lat="46.809486" lon="10.537879"><ele>1500</ele></trkpt>
      <trkpt lat="46.809643" lon="10.537429"><ele>1498</ele></trkpt>
      <trkpt lat="46.810024" lon="10.537506"><ele>1499</ele></trkpt>
      <trkpt lat="46.810139" lon="10.537548"><ele>1498</ele></trkpt>
      <trkpt lat="46.810431" lon="10.537705"><ele>1498</ele></trkpt>
      <trkpt lat="46.810545" lon="10.537763"><ele>1500</ele></trkpt>
      <trkpt lat="46.810643" lon="10.537781"><ele>1500</ele></trkpt>
      <trkpt lat="46.810712" lon="10.537776"><ele>1500</ele></trkpt>
      <trkpt lat="46.810840" lon="10.537743"><ele>1499</ele></trkpt>
      <trkpt lat="46.810940" lon="10.537650"><ele>1498</ele></trkpt>
      <trkpt lat="46.811142" lon="10.537488"><ele>1499</ele></trkpt>
      <trkpt lat="46.811244" lon="10.537381"><ele>1499</ele></trkpt>
      <trkpt lat="46.811370" lon="10.537206"><ele>1500</ele></trkpt>
      <trkpt lat="46.811453" lon="10.537131"><ele>1502</ele></trkpt>
      <trkpt lat="46.811727" lon="10.536389"><ele>1500</ele></trkpt>
      <trkpt lat="46.811899" lon="10.536062"><ele>1500</ele></trkpt>
      <trkpt lat="46.812085" lon="10.535743"><ele>1499</ele></trkpt>
      <trkpt lat="46.812289" lon="10.535478"><ele>1500</ele></trkpt>
      <trkpt lat="46.812708" lon="10.534996"><ele>1499</ele></trkpt>
      <trkpt lat="46.813169" lon="10.534511"><ele>1500</ele></trkpt>
      <trkpt lat="46.813350" lon="10.534287"><ele>1501</ele></trkpt>
      <trkpt lat="46.814000" lon="10.533273"><ele>1502</ele></trkpt>
      <trkpt lat="46.814123" lon="10.533040"><ele>1499</ele></trkpt>
      <trkpt lat="46.814285" lon="10.532834"><ele>1500</ele></trkpt>
      <trkpt lat="46.814459" lon="10.532512"><ele>1500</ele></trkpt>
      <trkpt lat="46.814594" lon="10.532312"><ele>1498</ele></trkpt>
      <trkpt lat="46.815736" lon="10.531468"><ele>1500</ele></trkpt>
      <trkpt lat="46.815832" lon="10.531385"><ele>1501</ele></trkpt>
      <trkpt lat="46.815878" lon="10.531324"><ele>1499</ele></trkpt>
      <trkpt lat="46.815982" lon="10.531266"><ele>1499</ele></trkpt>
      <trkpt lat="46.816134" lon="10.531173"><ele>1499</ele></trkpt>
      <trkpt lat="46.816476" lon="10.530934"><ele>1496</ele></trkpt>
      <trkpt lat="46.816702" lon="10.530795"><ele>1498</ele></trkpt>
      <trkpt lat="46.817643" lon="10.530434"><ele>1500</ele></trkpt>
      <trkpt lat="46.817700" lon="10.530403"><ele>1500</ele></trkpt>
      <trkpt lat="46.817810" lon="10.530310"><ele>1501</ele></trkpt>
      <trkpt lat="46.817854" lon="10.530246"><ele>1500</ele></trkpt>
      <trkpt lat="46.817913" lon="10.530139"><ele>1500</ele></trkpt>
      <trkpt lat="46.817991" lon="10.529678"><ele>1499</ele></trkpt>
      <trkpt lat="46.818058" lon="10.529256"><ele>1499</ele></trkpt>
      <trkpt lat="46.818238" lon="10.528232"><ele>1498</ele></trkpt>
      <trkpt lat="46.818332" lon="10.527551"><ele>1499</ele></trkpt>
      <trkpt lat="46.818368" lon="10.527348"><ele>1498</ele></trkpt>
      <trkpt lat="46.818549" lon="10.526937"><ele>1499</ele></trkpt>
      <trkpt lat="46.818706" lon="10.526512"><ele>1498</ele></trkpt>
      <trkpt lat="46.818821" lon="10.526174"><ele>1498</ele></trkpt>
      <trkpt lat="46.818945" lon="10.525782"><ele>1498</ele></trkpt>
      <trkpt lat="46.819210" lon="10.525218"><ele>1499</ele></trkpt>
      <trkpt lat="46.819453" lon="10.524758"><ele>1499</ele></trkpt>
      <trkpt lat="46.819679" lon="10.524365"><ele>1499</ele></trkpt>
      <trkpt lat="46.820006" lon="10.523899"><ele>1499</ele></trkpt>
      <trkpt lat="46.820797" lon="10.522876"><ele>1498</ele></trkpt>
      <trkpt lat="46.822142" lon="10.521705"><ele>1498</ele></trkpt>
      <trkpt lat="46.823610" lon="10.521069"><ele>1498</ele></trkpt>
      <trkpt lat="46.824699" lon="10.520631"><ele>1498</ele></trkpt>
      <trkpt lat="46.825076" lon="10.520518"><ele>1498</ele></trkpt>
      <trkpt lat="46.825561" lon="10.520433"><ele>1499</ele></trkpt>
      <trkpt lat="46.826100" lon="10.520292"><ele>1499</ele></trkpt>
      <trkpt lat="46.826252" lon="10.520254"><ele>1499</ele></trkpt>
      <trkpt lat="46.826350" lon="10.520192"><ele>1499</ele></trkpt>
      <trkpt lat="46.826397" lon="10.520143"><ele>1499</ele></trkpt>
      <trkpt lat="46.826830" lon="10.519594"><ele>1498</ele></trkpt>
      <trkpt lat="46.827030" lon="10.519790"><ele>1500</ele></trkpt>
      <trkpt lat="46.827089" lon="10.519595"><ele>1500</ele></trkpt>
      <trkpt lat="46.827157" lon="10.519394"><ele>1500</ele></trkpt>
      <trkpt lat="46.827198" lon="10.519274"><ele>1500</ele></trkpt>
      <trkpt lat="46.827398" lon="10.518704"><ele>1500</ele></trkpt>
      <trkpt lat="46.827450" lon="10.518492"><ele>1500</ele></trkpt>
      <trkpt lat="46.827509" lon="10.518212"><ele>1500</ele></trkpt>
      <trkpt lat="46.827563" lon="10.518023"><ele>1500</ele></trkpt>
      <trkpt lat="46.827650" lon="10.517829"><ele>1500</ele></trkpt>
      <trkpt lat="46.828398" lon="10.516304"><ele>1500</ele></trkpt>
      <trkpt lat="46.828570" lon="10.515921"><ele>1500</ele></trkpt>
      <trkpt lat="46.828692" lon="10.515653"><ele>1500</ele></trkpt>
      <trkpt lat="46.828940" lon="10.514979"><ele>1500</ele></trkpt>
      <trkpt lat="46.829045" lon="10.514735"><ele>1501</ele></trkpt>
      <trkpt lat="46.829067" lon="10.514646"><ele>1501</ele></trkpt>
      <trkpt lat="46.829206" lon="10.514408"><ele>1500</ele></trkpt>
      <trkpt lat="46.829291" lon="10.514277"><ele>1500</ele></trkpt>
      <trkpt lat="46.829730" lon="10.513597"><ele>1500</ele></trkpt>
      <trkpt lat="46.829823" lon="10.513487"><ele>1500</ele></trkpt>
      <trkpt lat="46.830009" lon="10.513319"><ele>1500</ele></trkpt>
      <trkpt lat="46.830321" lon="10.513165"><ele>1502</ele></trkpt>
      <trkpt lat="46.830387" lon="10.513104"><ele>1502</ele></trkpt>
      <trkpt lat="46.830315" lon="10.513074"><ele>1501</ele></trkpt>
      <trkpt lat="46.830217" lon="10.512985"><ele>1500</ele></trkpt>
      <trkpt lat="46.830150" lon="10.512885"><ele>1500</ele></trkpt>
      <trkpt lat="46.830177" lon="10.512842"><ele>1500</ele></trkpt>
      <trkpt lat="46.830331" lon="10.512571"><ele>1500</ele></trkpt>
      <trkpt lat="46.830553" lon="10.512097"><ele>1500</ele></trkpt>
      <trkpt lat="46.830725" lon="10.511677"><ele>1500</ele></trkpt>
      <trkpt lat="46.830770" lon="10.511604"><ele>1501</ele></trkpt>
      <trkpt lat="46.830802" lon="10.511572"><ele>1501</ele></trkpt>
      <trkpt lat="46.830839" lon="10.511562"><ele>1501</ele></trkpt>
      <trkpt lat="46.831116" lon="10.511399"><ele>1502</ele></trkpt>
      <trkpt lat="46.831094" lon="10.511275"><ele>1502</ele></trkpt>
      <trkpt lat="46.831092" lon="10.511148"><ele>1502</ele></trkpt>
      <trkpt lat="46.831336" lon="10.510894"><ele>1504</ele></trkpt>
      <trkpt lat="46.831360" lon="10.510819"><ele>1505</ele></trkpt>
      <trkpt lat="46.831536" lon="10.510768"><ele>1504</ele></trkpt>
      <trkpt lat="46.832330" lon="10.510316"><ele>1508</ele></trkpt>
      <trkpt lat="46.832499" lon="10.510164"><ele>1510</ele></trkpt>
      <trkpt lat="46.832710" lon="10.510017"><ele>1511</ele></trkpt>
      <trkpt lat="46.833084" lon="10.509857"><ele>1512</ele></trkpt>
      <trkpt lat="46.833682" lon="10.509579"><ele>1513</ele></trkpt>
      <trkpt lat="46.833832" lon="10.509499"><ele>1513</ele></trkpt>
      <trkpt lat="46.833971" lon="10.509404"><ele>1513</ele></trkpt>
      <trkpt lat="46.834332" lon="10.509108"><ele>1513</ele></trkpt>
      <trkpt lat="46.834625" lon="10.508809"><ele>1513</ele></trkpt>
      <trkpt lat="46.834839" lon="10.508646"><ele>1513</ele></trkpt>
      <trkpt lat="46.835017" lon="10.508582"><ele>1512</ele></trkpt>
      <trkpt lat="46.835975" lon="10.508321"><ele>1506</ele></trkpt>
      <trkpt lat="46.836085" lon="10.508299"><ele>1505</ele></trkpt>
      <trkpt lat="46.836142" lon="10.508219"><ele>1505</ele></trkpt>
      <trkpt lat="46.836155" lon="10.508196"><ele>1505</ele></trkpt>
      <trkpt lat="46.836274" lon="10.507998"><ele>1505</ele></trkpt>
      <trkpt lat="46.836335" lon="10.507937"><ele>1505</ele></trkpt>
      <trkpt lat="46.837150" lon="10.507331"><ele>1499</ele></trkpt>
      <trkpt lat="46.837680" lon="10.506896"><ele>1495</ele></trkpt>
      <trkpt lat="46.838031" lon="10.506646"><ele>1493</ele></trkpt>
      <trkpt lat="46.838580" lon="10.506215"><ele>1488</ele></trkpt>
      <trkpt lat="46.838732" lon="10.506117"><ele>1487</ele></trkpt>
      <trkpt lat="46.839403" lon="10.505746"><ele>1483</ele></trkpt>
      <trkpt lat="46.840705" lon="10.505189"><ele>1476</ele></trkpt>
      <trkpt lat="46.840777" lon="10.505133"><ele>1476</ele></trkpt>
      <trkpt lat="46.840831" lon="10.505080"><ele>1476</ele></trkpt>
      <trkpt lat="46.840930" lon="10.504936"><ele>1476</ele></trkpt>
      <trkpt lat="46.840961" lon="10.504898"><ele>1476</ele></trkpt>
      <trkpt lat="46.841079" lon="10.504790"><ele>1475</ele></trkpt>
      <trkpt lat="46.841249" lon="10.504738"><ele>1475</ele></trkpt>
      <trkpt lat="46.841409" lon="10.504703"><ele>1475</ele></trkpt>
      <trkpt lat="46.841576" lon="10.504754"><ele>1475</ele></trkpt>
      <trkpt lat="46.841646" lon="10.504812"><ele>1474</ele></trkpt>
      <trkpt lat="46.841667" lon="10.504845"><ele>1474</ele></trkpt>
      <trkpt lat="46.841684" lon="10.504885"><ele>1474</ele></trkpt>
      <trkpt lat="46.841691" lon="10.504983"><ele>1473</ele></trkpt>
      <trkpt lat="46.841679" lon="10.505160"><ele>1473</ele></trkpt>
      <trkpt lat="46.841673" lon="10.505228"><ele>1473</ele></trkpt>
      <trkpt lat="46.841520" lon="10.506613"><ele>1473</ele></trkpt>
      <trkpt lat="46.841486" lon="10.506827"><ele>1474</ele></trkpt>
      <trkpt lat="46.841453" lon="10.506977"><ele>1474</ele></trkpt>
      <trkpt lat="46.841511" lon="10.507029"><ele>1474</ele></trkpt>
      <trkpt lat="46.842550" lon="10.507112"><ele>1469</ele></trkpt>
      <trkpt lat="46.842903" lon="10.507128"><ele>1468</ele></trkpt>
      <trkpt lat="46.843205" lon="10.507105"><ele>1468</ele></trkpt>
      <trkpt lat="46.843463" lon="10.507071"><ele>1467</ele></trkpt>
      <trkpt lat="46.843647" lon="10.507019"><ele>1466</ele></trkpt>
      <trkpt lat="46.843752" lon="10.506979"><ele>1466</ele></trkpt>
      <trkpt lat="46.843799" lon="10.507000"><ele>1466</ele></trkpt>
      <trkpt lat="46.843823" lon="10.507061"><ele>1466</ele></trkpt>
      <trkpt lat="46.843876" lon="10.507133"><ele>1467</ele></trkpt>
      <trkpt lat="46.843920" lon="10.507180"><ele>1467</ele></trkpt>
      <trkpt lat="46.843976" lon="10.507201"><ele>1467</ele></trkpt>
      <trkpt lat="46.844068" lon="10.507220"><ele>1466</ele></trkpt>
      <trkpt lat="46.844766" lon="10.507196"><ele>1464</ele></trkpt>
      <trkpt lat="46.844976" lon="10.507198"><ele>1464</ele></trkpt>
      <trkpt lat="46.845282" lon="10.507173"><ele>1463</ele></trkpt>
      <trkpt lat="46.845393" lon="10.507141"><ele>1463</ele></trkpt>
      <trkpt lat="46.845451" lon="10.507115"><ele>1463</ele></trkpt>
      <trkpt lat="46.845536" lon="10.507053"><ele>1463</ele></trkpt>
      <trkpt lat="46.845592" lon="10.506990"><ele>1463</ele></trkpt>
      <trkpt lat="46.845922" lon="10.506512"><ele>1464</ele></trkpt>
      <trkpt lat="46.846119" lon="10.506254"><ele>1462</ele></trkpt>
      <trkpt lat="46.846273" lon="10.506079"><ele>1461</ele></trkpt>
      <trkpt lat="46.846373" lon="10.506030"><ele>1462</ele></trkpt>
      <trkpt lat="46.846473" lon="10.506005"><ele>1462</ele></trkpt>
      <trkpt lat="46.847686" lon="10.505795"><ele>1460</ele></trkpt>
      <trkpt lat="46.847963" lon="10.505769"><ele>1460</ele></trkpt>
      <trkpt lat="46.848143" lon="10.505729"><ele>1458</ele></trkpt>
      <trkpt lat="46.848282" lon="10.505717"><ele>1456</ele></trkpt>
      <trkpt lat="46.848756" lon="10.505777"><ele>1452</ele></trkpt>
      <trkpt lat="46.848901" lon="10.505777"><ele>1451</ele></trkpt>
      <trkpt lat="46.849126" lon="10.505739"><ele>1450</ele></trkpt>
      <trkpt lat="46.849190" lon="10.505842"><ele>1449</ele></trkpt>
      <trkpt lat="46.849161" lon="10.505968"><ele>1450</ele></trkpt>
      <trkpt lat="46.849370" lon="10.506280"><ele>1449</ele></trkpt>
      <trkpt lat="46.849690" lon="10.506728"><ele>1448</ele></trkpt>
      <trkpt lat="46.849831" lon="10.506888"><ele>1448</ele></trkpt>
      <trkpt lat="46.849963" lon="10.506963"><ele>1447</ele></trkpt>
      <trkpt lat="46.850158" lon="10.507029"><ele>1447</ele></trkpt>
      <trkpt lat="46.850350" lon="10.507070"><ele>1447</ele></trkpt>
      <trkpt lat="46.850596" lon="10.507108"><ele>1448</ele></trkpt>
      <trkpt lat="46.851146" lon="10.507175"><ele>1447</ele></trkpt>
      <trkpt lat="46.851190" lon="10.507184"><ele>1447</ele></trkpt>
      <trkpt lat="46.851444" lon="10.507308"><ele>1446</ele></trkpt>
      <trkpt lat="46.851648" lon="10.507418"><ele>1446</ele></trkpt>
      <trkpt lat="46.851829" lon="10.507540"><ele>1446</ele></trkpt>
      <trkpt lat="46.852013" lon="10.507692"><ele>1445</ele></trkpt>
      <trkpt lat="46.852176" lon="10.507845"><ele>1445</ele></trkpt>
      <trkpt lat="46.852407" lon="10.508083"><ele>1445</ele></trkpt>
      <trkpt lat="46.852601" lon="10.508269"><ele>1444</ele></trkpt>
      <trkpt lat="46.852854" lon="10.508469"><ele>1443</ele></trkpt>
      <trkpt lat="46.852994" lon="10.508549"><ele>1443</ele></trkpt>
      <trkpt lat="46.853143" lon="10.508616"><ele>1442</ele></trkpt>
      <trkpt lat="46.853312" lon="10.508660"><ele>1442</ele></trkpt>
      <trkpt lat="46.853774" lon="10.508723"><ele>1442</ele></trkpt>
      <trkpt lat="46.854098" lon="10.508747"><ele>1441</ele></trkpt>
      <trkpt lat="46.854299" lon="10.508771"><ele>1441</ele></trkpt>
      <trkpt lat="46.854514" lon="10.508771"><ele>1440</ele></trkpt>
      <trkpt lat="46.854672" lon="10.508804"><ele>1439</ele></trkpt>
      <trkpt lat="46.854966" lon="10.508948"><ele>1440</ele></trkpt>
      <trkpt lat="46.855166" lon="10.509032"><ele>1439</ele></trkpt>
      <trkpt lat="46.855388" lon="10.509078"><ele>1440</ele></trkpt>
      <trkpt lat="46.855682" lon="10.509095"><ele>1440</ele></trkpt>
      <trkpt lat="46.855978" lon="10.509091"><ele>1442</ele></trkpt>
      <trkpt lat="46.856370" lon="10.509055"><ele>1443</ele></trkpt>
      <trkpt lat="46.857024" lon="10.509057"><ele>1444</ele></trkpt>
      <trkpt lat="46.857280" lon="10.509070"><ele>1444</ele></trkpt>
      <trkpt lat="46.857464" lon="10.509097"><ele>1443</ele></trkpt>
      <trkpt lat="46.857877" lon="10.509220"><ele>1442</ele></trkpt>
      <trkpt lat="46.857921" lon="10.509236"><ele>1442</ele></trkpt>
      <trkpt lat="46.858219" lon="10.509364"><ele>1440</ele></trkpt>
      <trkpt lat="46.858441" lon="10.509483"><ele>1438</ele></trkpt>
      <trkpt lat="46.858915" lon="10.509766"><ele>1436</ele></trkpt>
      <trkpt lat="46.859060" lon="10.509842"><ele>1436</ele></trkpt>
      <trkpt lat="46.859364" lon="10.509925"><ele>1434</ele></trkpt>
      <trkpt lat="46.859587" lon="10.509953"><ele>1433</ele></trkpt>
      <trkpt lat="46.859826" lon="10.509972"><ele>1431</ele></trkpt>
      <trkpt lat="46.859980" lon="10.510024"><ele>1430</ele></trkpt>
      <trkpt lat="46.860382" lon="10.510212"><ele>1428</ele></trkpt>
      <trkpt lat="46.860537" lon="10.510311"><ele>1428</ele></trkpt>
      <trkpt lat="46.860699" lon="10.510461"><ele>1427</ele></trkpt>
      <trkpt lat="46.860839" lon="10.510590"><ele>1427</ele></trkpt>
      <trkpt lat="46.861106" lon="10.511199"><ele>1427</ele></trkpt>
      <trkpt lat="46.861180" lon="10.511332"><ele>1427</ele></trkpt>
      <trkpt lat="46.861276" lon="10.511445"><ele>1427</ele></trkpt>
      <trkpt lat="46.861378" lon="10.511512"><ele>1427</ele></trkpt>
      <trkpt lat="46.861519" lon="10.511570"><ele>1426</ele></trkpt>
      <trkpt lat="46.861634" lon="10.511594"><ele>1426</ele></trkpt>
      <trkpt lat="46.861749" lon="10.511600"><ele>1426</ele></trkpt>
      <trkpt lat="46.862119" lon="10.511553"><ele>1426</ele></trkpt>
      <trkpt lat="46.862277" lon="10.511532"><ele>1425</ele></trkpt>
      <trkpt lat="46.862408" lon="10.511527"><ele>1424</ele></trkpt>
      <trkpt lat="46.862537" lon="10.511537"><ele>1424</ele></trkpt>
      <trkpt lat="46.862649" lon="10.511562"><ele>1424</ele></trkpt>
      <trkpt lat="46.862848" lon="10.511648"><ele>1422</ele></trkpt>
      <trkpt lat="46.862993" lon="10.511726"><ele>1422</ele></trkpt>
      <trkpt lat="46.863080" lon="10.511783"><ele>1422</ele></trkpt>
      <trkpt lat="46.863225" lon="10.511904"><ele>1422</ele></trkpt>
      <trkpt lat="46.863315" lon="10.512018"><ele>1421</ele></trkpt>
      <trkpt lat="46.863397" lon="10.512185"><ele>1422</ele></trkpt>
      <trkpt lat="46.863477" lon="10.512408"><ele>1421</ele></trkpt>
      <trkpt lat="46.863514" lon="10.512492"><ele>1421</ele></trkpt>
      <trkpt lat="46.863549" lon="10.512547"><ele>1422</ele></trkpt>
      <trkpt lat="46.863588" lon="10.512588"><ele>1422</ele></trkpt>
      <trkpt lat="46.863631" lon="10.512621"><ele>1421</ele></trkpt>
      <trkpt lat="46.863672" lon="10.512635"><ele>1422</ele></trkpt>
      <trkpt lat="46.863718" lon="10.512637"><ele>1422</ele></trkpt>
      <trkpt lat="46.863778" lon="10.512627"><ele>1422</ele></trkpt>
      <trkpt lat="46.864808" lon="10.512303"><ele>1422</ele></trkpt>
      <trkpt lat="46.864956" lon="10.512267"><ele>1422</ele></trkpt>
      <trkpt lat="46.865113" lon="10.512255"><ele>1422</ele></trkpt>
      <trkpt lat="46.865229" lon="10.512253"><ele>1422</ele></trkpt>
      <trkpt lat="46.865350" lon="10.512274"><ele>1422</ele></trkpt>
      <trkpt lat="46.865872" lon="10.512436"><ele>1420</ele></trkpt>
      <trkpt lat="46.866009" lon="10.512451"><ele>1420</ele></trkpt>
      <trkpt lat="46.866407" lon="10.512400"><ele>1421</ele></trkpt>
      <trkpt lat="46.866498" lon="10.512408"><ele>1420</ele></trkpt>
      <trkpt lat="46.866600" lon="10.512436"><ele>1420</ele></trkpt>
      <trkpt lat="46.866820" lon="10.512542"><ele>1420</ele></trkpt>
      <trkpt lat="46.866895" lon="10.512549"><ele>1420</ele></trkpt>
      <trkpt lat="46.866984" lon="10.512535"><ele>1420</ele></trkpt>
      <trkpt lat="46.867309" lon="10.512448"><ele>1420</ele></trkpt>
      <trkpt lat="46.867493" lon="10.512380"><ele>1419</ele></trkpt>
      <trkpt lat="46.867710" lon="10.512321"><ele>1420</ele></trkpt>
      <trkpt lat="46.868115" lon="10.512275"><ele>1419</ele></trkpt>
      <trkpt lat="46.868290" lon="10.512236"><ele>1420</ele></trkpt>
      <trkpt lat="46.868484" lon="10.512146"><ele>1420</ele></trkpt>
      <trkpt lat="46.869559" lon="10.511529"><ele>1424</ele></trkpt>
      <trkpt lat="46.870280" lon="10.511059"><ele>1424</ele></trkpt>
      <trkpt lat="46.870677" lon="10.510816"><ele>1423</ele></trkpt>
      <trkpt lat="46.871394" lon="10.510457"><ele>1422</ele></trkpt>
      <trkpt lat="46.871708" lon="10.510316"><ele>1420</ele></trkpt>
      <trkpt lat="46.871797" lon="10.510277"><ele>1420</ele></trkpt>
      <trkpt lat="46.872131" lon="10.510135"><ele>1420</ele></trkpt>
      <trkpt lat="46.872247" lon="10.510117"><ele>1419</ele></trkpt>
      <trkpt lat="46.872367" lon="10.510126"><ele>1420</ele></trkpt>
      <trkpt lat="46.872584" lon="10.510161"><ele>1420</ele></trkpt>
      <trkpt lat="46.872672" lon="10.510178"><ele>1420</ele></trkpt>
      <trkpt lat="46.872826" lon="10.510186"><ele>1420</ele></trkpt>
      <trkpt lat="46.873009" lon="10.510167"><ele>1420</ele></trkpt>
      <trkpt lat="46.873358" lon="10.510113"><ele>1418</ele></trkpt>
      <trkpt lat="46.873765" lon="10.510017"><ele>1416</ele></trkpt>
      <trkpt lat="46.874065" lon="10.509944"><ele>1416</ele></trkpt>
      <trkpt lat="46.874168" lon="10.509935"><ele>1416</ele></trkpt>
      <trkpt lat="46.874254" lon="10.509935"><ele>1416</ele></trkpt>
      <trkpt lat="46.874356" lon="10.509954"><ele>1416</ele></trkpt>
      <trkpt lat="46.874460" lon="10.509963"><ele>1416</ele></trkpt>
      <trkpt lat="46.874561" lon="10.509951"><ele>1416</ele></trkpt>
      <trkpt lat="46.874681" lon="10.509886"><ele>1415</ele></trkpt>
      <trkpt lat="46.875014" lon="10.509651"><ele>1412</ele></trkpt>
      <trkpt lat="46.875132" lon="10.509576"><ele>1412</ele></trkpt>
      <trkpt lat="46.875186" lon="10.509555"><ele>1411</ele></trkpt>
      <trkpt lat="46.875293" lon="10.509512"><ele>1410</ele></trkpt>
      <trkpt lat="46.875762" lon="10.509359"><ele>1407</ele></trkpt>
      <trkpt lat="46.876099" lon="10.509211"><ele>1404</ele></trkpt>
      <trkpt lat="46.876537" lon="10.508943"><ele>1400</ele></trkpt>
      <trkpt lat="46.876654" lon="10.508883"><ele>1399</ele></trkpt>
      <trkpt lat="46.876842" lon="10.508827"><ele>1398</ele></trkpt>
      <trkpt lat="46.877342" lon="10.508742"><ele>1395</ele></trkpt>
      <trkpt lat="46.878126" lon="10.508557"><ele>1392</ele></trkpt>
      <trkpt lat="46.878428" lon="10.508507"><ele>1390</ele></trkpt>
      <trkpt lat="46.878935" lon="10.508469"><ele>1387</ele></trkpt>
      <trkpt lat="46.879046" lon="10.508449"><ele>1387</ele></trkpt>
      <trkpt lat="46.879098" lon="10.508434"><ele>1387</ele></trkpt>
      <trkpt lat="46.879276" lon="10.508383"><ele>1388</ele></trkpt>
      <trkpt lat="46.879487" lon="10.508287"><ele>1388</ele></trkpt>
      <trkpt lat="46.879826" lon="10.508088"><ele>1389</ele></trkpt>
      <trkpt lat="46.880011" lon="10.508002"><ele>1389</ele></trkpt>
      <trkpt lat="46.880221" lon="10.507936"><ele>1390</ele></trkpt>
      <trkpt lat="46.880532" lon="10.507884"><ele>1390</ele></trkpt>
      <trkpt lat="46.880771" lon="10.507830"><ele>1390</ele></trkpt>
      <trkpt lat="46.881511" lon="10.507324"><ele>1388</ele></trkpt>
      <trkpt lat="46.881710" lon="10.507205"><ele>1386</ele></trkpt>
      <trkpt lat="46.882566" lon="10.506882"><ele>1384</ele></trkpt>
      <trkpt lat="46.883410" lon="10.506585"><ele>1382</ele></trkpt>
      <trkpt lat="46.883930" lon="10.506320"><ele>1380</ele></trkpt>
      <trkpt lat="46.884154" lon="10.506149"><ele>1378</ele></trkpt>
      <trkpt lat="46.884448" lon="10.505905"><ele>1377</ele></trkpt>
      <trkpt lat="46.884855" lon="10.505618"><ele>1374</ele></trkpt>
      <trkpt lat="46.885013" lon="10.505512"><ele>1374</ele></trkpt>
      <trkpt lat="46.885610" lon="10.505212"><ele>1372</ele></trkpt>
      <trkpt lat="46.885813" lon="10.505094"><ele>1371</ele></trkpt>
      <trkpt lat="46.886263" lon="10.504772"><ele>1368</ele></trkpt>
      <trkpt lat="46.886633" lon="10.504488"><ele>1362</ele></trkpt>
      <trkpt lat="46.886680" lon="10.504446"><ele>1362</ele></trkpt>
      <trkpt lat="46.886932" lon="10.504216"><ele>1360</ele></trkpt>
      <trkpt lat="46.887199" lon="10.504013"><ele>1356</ele></trkpt>
      <trkpt lat="46.887317" lon="10.503950"><ele>1354</ele></trkpt>
      <trkpt lat="46.887351" lon="10.503923"><ele>1353</ele></trkpt>
      <trkpt lat="46.888057" lon="10.503431"><ele>1346</ele></trkpt>
      <trkpt lat="46.888119" lon="10.503389"><ele>1347</ele></trkpt>
      <trkpt lat="46.888131" lon="10.503269"><ele>1346</ele></trkpt>
      <trkpt lat="46.888147" lon="10.503221"><ele>1346</ele></trkpt>
      <trkpt lat="46.888210" lon="10.503053"><ele>1346</ele></trkpt>
      <trkpt lat="46.888359" lon="10.502746"><ele>1346</ele></trkpt>
      <trkpt lat="46.888715" lon="10.502192"><ele>1345</ele></trkpt>
      <trkpt lat="46.888638" lon="10.502118"><ele>1344</ele></trkpt>
      <trkpt lat="46.888359" lon="10.501693"><ele>1341</ele></trkpt>
      <trkpt lat="46.888202" lon="10.501439"><ele>1340</ele></trkpt>
      <trkpt lat="46.888212" lon="10.501399"><ele>1340</ele></trkpt>
      <trkpt lat="46.888209" lon="10.501331"><ele>1340</ele></trkpt>
      <trkpt lat="46.888122" lon="10.500899"><ele>1339</ele></trkpt>
      <trkpt lat="46.888084" lon="10.500627"><ele>1338</ele></trkpt>
      <trkpt lat="46.888049" lon="10.500440"><ele>1336</ele></trkpt>
      <trkpt lat="46.887934" lon="10.500114"><ele>1334</ele></trkpt>
      <trkpt lat="46.887912" lon="10.500064"><ele>1334</ele></trkpt>
      <trkpt lat="46.887873" lon="10.499979"><ele>1334</ele></trkpt>
      <trkpt lat="46.887774" lon="10.499791"><ele>1335</ele></trkpt>
      <trkpt lat="46.887570" lon="10.499427"><ele>1339</ele></trkpt>
      <trkpt lat="46.887671" lon="10.499096"><ele>1340</ele></trkpt>
      <trkpt lat="46.887844" lon="10.498548"><ele>1340</ele></trkpt>
      <trkpt lat="46.887991" lon="10.498160"><ele>1343</ele></trkpt>
      <trkpt lat="46.888165" lon="10.497759"><ele>1342</ele></trkpt>
      <trkpt lat="46.888404" lon="10.497284"><ele>1343</ele></trkpt>
      <trkpt lat="46.888665" lon="10.496887"><ele>1345</ele></trkpt>
      <trkpt lat="46.888966" lon="10.496528"><ele>1346</ele></trkpt>
      <trkpt lat="46.889553" lon="10.495972"><ele>1347</ele></trkpt>
      <trkpt lat="46.889923" lon="10.495587"><ele>1348</ele></trkpt>
      <trkpt lat="46.890297" lon="10.495146"><ele>1348</ele></trkpt>
      <trkpt lat="46.890722" lon="10.494582"><ele>1349</ele></trkpt>
      <trkpt lat="46.891441" lon="10.493653"><ele>1355</ele></trkpt>
      <trkpt lat="46.891813" lon="10.493239"><ele>1360</ele></trkpt>
      <trkpt lat="46.892069" lon="10.492995"><ele>1362</ele></trkpt>
      <trkpt lat="46.892326" lon="10.492772"><ele>1363</ele></trkpt>
      <trkpt lat="46.892599" lon="10.492555"><ele>1365</ele></trkpt>
      <trkpt lat="46.893589" lon="10.491868"><ele>1370</ele></trkpt>
      <trkpt lat="46.893758" lon="10.491727"><ele>1370</ele></trkpt>
      <trkpt lat="46.893862" lon="10.491621"><ele>1371</ele></trkpt>
      <trkpt lat="46.893933" lon="10.491528"><ele>1372</ele></trkpt>
      <trkpt lat="46.894077" lon="10.491291"><ele>1374</ele></trkpt>
      <trkpt lat="46.894494" lon="10.490477"><ele>1380</ele></trkpt>
      <trkpt lat="46.894836" lon="10.489929"><ele>1384</ele></trkpt>
      <trkpt lat="46.894920" lon="10.489788"><ele>1386</ele></trkpt>
      <trkpt lat="46.894988" lon="10.489655"><ele>1386</ele></trkpt>
      <trkpt lat="46.895051" lon="10.489472"><ele>1386</ele></trkpt>
      <trkpt lat="46.895095" lon="10.489293"><ele>1387</ele></trkpt>
      <trkpt lat="46.895114" lon="10.489097"><ele>1388</ele></trkpt>
      <trkpt lat="46.895125" lon="10.488433"><ele>1391</ele></trkpt>
      <trkpt lat="46.895148" lon="10.488235"><ele>1392</ele></trkpt>
      <trkpt lat="46.895222" lon="10.487864"><ele>1396</ele></trkpt>
      <trkpt lat="46.895272" lon="10.487662"><ele>1396</ele></trkpt>
      <trkpt lat="46.895300" lon="10.487480"><ele>1396</ele></trkpt>
      <trkpt lat="46.895312" lon="10.487301"><ele>1397</ele></trkpt>
      <trkpt lat="46.895310" lon="10.487101"><ele>1398</ele></trkpt>
      <trkpt lat="46.895277" lon="10.486872"><ele>1399</ele></trkpt>
      <trkpt lat="46.895186" lon="10.486350"><ele>1402</ele></trkpt>
      <trkpt lat="46.895171" lon="10.486144"><ele>1403</ele></trkpt>
      <trkpt lat="46.895193" lon="10.485652"><ele>1407</ele></trkpt>
      <trkpt lat="46.895190" lon="10.485534"><ele>1408</ele></trkpt>
      <trkpt lat="46.895181" lon="10.485397"><ele>1409</ele></trkpt>
      <trkpt lat="46.895158" lon="10.485216"><ele>1410</ele></trkpt>
      <trkpt lat="46.895100" lon="10.484988"><ele>1409</ele></trkpt>
      <trkpt lat="46.895066" lon="10.484871"><ele>1408</ele></trkpt>
      <trkpt lat="46.894979" lon="10.484571"><ele>1407</ele></trkpt>
      <trkpt lat="46.894892" lon="10.484238"><ele>1405</ele></trkpt>
      <trkpt lat="46.894838" lon="10.483953"><ele>1402</ele></trkpt>
      <trkpt lat="46.894819" lon="10.483722"><ele>1401</ele></trkpt>
      <trkpt lat="46.894816" lon="10.483545"><ele>1401</ele></trkpt>
      <trkpt lat="46.894823" lon="10.483395"><ele>1401</ele></trkpt>
      <trkpt lat="46.894866" lon="10.483121"><ele>1401</ele></trkpt>
      <trkpt lat="46.894938" lon="10.482867"><ele>1399</ele></trkpt>
      <trkpt lat="46.895013" lon="10.482692"><ele>1397</ele></trkpt>
      <trkpt lat="46.895104" lon="10.482517"><ele>1396</ele></trkpt>
      <trkpt lat="46.895429" lon="10.482026"><ele>1391</ele></trkpt>
      <trkpt lat="46.895487" lon="10.481893"><ele>1390</ele></trkpt>
      <trkpt lat="46.895520" lon="10.481769"><ele>1389</ele></trkpt>
      <trkpt lat="46.895527" lon="10.481635"><ele>1388</ele></trkpt>
      <trkpt lat="46.895505" lon="10.481506"><ele>1388</ele></trkpt>
      <trkpt lat="46.895448" lon="10.481371"><ele>1387</ele></trkpt>
      <trkpt lat="46.895364" lon="10.481281"><ele>1385</ele></trkpt>
      <trkpt lat="46.895297" lon="10.481237"><ele>1384</ele></trkpt>
      <trkpt lat="46.895207" lon="10.481227"><ele>1384</ele></trkpt>
      <trkpt lat="46.895114" lon="10.481255"><ele>1384</ele></trkpt>
      <trkpt lat="46.895013" lon="10.481323"><ele>1384</ele></trkpt>
      <trkpt lat="46.894830" lon="10.481516"><ele>1382</ele></trkpt>
      <trkpt lat="46.894631" lon="10.481696"><ele>1379</ele></trkpt>
      <trkpt lat="46.894531" lon="10.481762"><ele>1378</ele></trkpt>
      <trkpt lat="46.894409" lon="10.481813"><ele>1378</ele></trkpt>
      <trkpt lat="46.894349" lon="10.481818"><ele>1377</ele></trkpt>
      <trkpt lat="46.894240" lon="10.481827"><ele>1375</ele></trkpt>
      <trkpt lat="46.894076" lon="10.481790"><ele>1373</ele></trkpt>
      <trkpt lat="46.893905" lon="10.481709"><ele>1372</ele></trkpt>
      <trkpt lat="46.893614" lon="10.481536"><ele>1371</ele></trkpt>
      <trkpt lat="46.893365" lon="10.481418"><ele>1368</ele></trkpt>
      <trkpt lat="46.893219" lon="10.481362"><ele>1366</ele></trkpt>
      <trkpt lat="46.893044" lon="10.481312"><ele>1365</ele></trkpt>
      <trkpt lat="46.892849" lon="10.481279"><ele>1362</ele></trkpt>
      <trkpt lat="46.892645" lon="10.481262"><ele>1361</ele></trkpt>
      <trkpt lat="46.892417" lon="10.481278"><ele>1360</ele></trkpt>
      <trkpt lat="46.892281" lon="10.481298"><ele>1359</ele></trkpt>
      <trkpt lat="46.892042" lon="10.481354"><ele>1356</ele></trkpt>
      <trkpt lat="46.891803" lon="10.481431"><ele>1354</ele></trkpt>
      <trkpt lat="46.891604" lon="10.481471"><ele>1351</ele></trkpt>
      <trkpt lat="46.891537" lon="10.481478"><ele>1350</ele></trkpt>
      <trkpt lat="46.891403" lon="10.481467"><ele>1348</ele></trkpt>
      <trkpt lat="46.891298" lon="10.481432"><ele>1349</ele></trkpt>
      <trkpt lat="46.891161" lon="10.481371"><ele>1348</ele></trkpt>
      <trkpt lat="46.891028" lon="10.481286"><ele>1348</ele></trkpt>
      <trkpt lat="46.890588" lon="10.480912"><ele>1343</ele></trkpt>
      <trkpt lat="46.890360" lon="10.480758"><ele>1340</ele></trkpt>
      <trkpt lat="46.890181" lon="10.480659"><ele>1338</ele></trkpt>
      <trkpt lat="46.890001" lon="10.480579"><ele>1338</ele></trkpt>
      <trkpt lat="46.889703" lon="10.480482"><ele>1337</ele></trkpt>
      <trkpt lat="46.889664" lon="10.480446"><ele>1336</ele></trkpt>
      <trkpt lat="46.889644" lon="10.480392"><ele>1336</ele></trkpt>
      <trkpt lat="46.889643" lon="10.480345"><ele>1335</ele></trkpt>
      <trkpt lat="46.889658" lon="10.480301"><ele>1334</ele></trkpt>
      <trkpt lat="46.889677" lon="10.480273"><ele>1334</ele></trkpt>
      <trkpt lat="46.889715" lon="10.480249"><ele>1334</ele></trkpt>
      <trkpt lat="46.889777" lon="10.480257"><ele>1333</ele></trkpt>
      <trkpt lat="46.889914" lon="10.480327"><ele>1332</ele></trkpt>
      <trkpt lat="46.890458" lon="10.480564"><ele>1330</ele></trkpt>
      <trkpt lat="46.890669" lon="10.480620"><ele>1330</ele></trkpt>
      <trkpt lat="46.890755" lon="10.480611"><ele>1329</ele></trkpt>
      <trkpt lat="46.890855" lon="10.480584"><ele>1328</ele></trkpt>
      <trkpt lat="46.890953" lon="10.480533"><ele>1327</ele></trkpt>
      <trkpt lat="46.891077" lon="10.480438"><ele>1326</ele></trkpt>
      <trkpt lat="46.891926" lon="10.479692"><ele>1318</ele></trkpt>
      <trkpt lat="46.892107" lon="10.479539"><ele>1316</ele></trkpt>
      <trkpt lat="46.892229" lon="10.479459"><ele>1314</ele></trkpt>
      <trkpt lat="46.892300" lon="10.479423"><ele>1313</ele></trkpt>
      <trkpt lat="46.892381" lon="10.479405"><ele>1312</ele></trkpt>
      <trkpt lat="46.892499" lon="10.479407"><ele>1312</ele></trkpt>
      <trkpt lat="46.892614" lon="10.479436"><ele>1312</ele></trkpt>
      <trkpt lat="46.892710" lon="10.479509"><ele>1315</ele></trkpt>
      <trkpt lat="46.892804" lon="10.479559"><ele>1317</ele></trkpt>
      <trkpt lat="46.892855" lon="10.479553"><ele>1317</ele></trkpt>
      <trkpt lat="46.892887" lon="10.479524"><ele>1316</ele></trkpt>
      <trkpt lat="46.892910" lon="10.479458"><ele>1312</ele></trkpt>
      <trkpt lat="46.892907" lon="10.479392"><ele>1311</ele></trkpt>
      <trkpt lat="46.892883" lon="10.479330"><ele>1309</ele></trkpt>
      <trkpt lat="46.892839" lon="10.479294"><ele>1308</ele></trkpt>
      <trkpt lat="46.892736" lon="10.479266"><ele>1307</ele></trkpt>
      <trkpt lat="46.892210" lon="10.479177"><ele>1304</ele></trkpt>
      <trkpt lat="46.892082" lon="10.479197"><ele>1304</ele></trkpt>
      <trkpt lat="46.891455" lon="10.479414"><ele>1300</ele></trkpt>
      <trkpt lat="46.891013" lon="10.479577"><ele>1297</ele></trkpt>
      <trkpt lat="46.890673" lon="10.479695"><ele>1293</ele></trkpt>
      <trkpt lat="46.890527" lon="10.479716"><ele>1292</ele></trkpt>
      <trkpt lat="46.890334" lon="10.479689"><ele>1290</ele></trkpt>
      <trkpt lat="46.890224" lon="10.479650"><ele>1290</ele></trkpt>
      <trkpt lat="46.890103" lon="10.479587"><ele>1290</ele></trkpt>
      <trkpt lat="46.889835" lon="10.479409"><ele>1289</ele></trkpt>
      <trkpt lat="46.889582" lon="10.479261"><ele>1287</ele></trkpt>
      <trkpt lat="46.889370" lon="10.479172"><ele>1286</ele></trkpt>
      <trkpt lat="46.889214" lon="10.479123"><ele>1286</ele></trkpt>
      <trkpt lat="46.889039" lon="10.479088"><ele>1285</ele></trkpt>
      <trkpt lat="46.888763" lon="10.479051"><ele>1284</ele></trkpt>
      <trkpt lat="46.888616" lon="10.479011"><ele>1283</ele></trkpt>
      <trkpt lat="46.888490" lon="10.478964"><ele>1284</ele></trkpt>
      <trkpt lat="46.888404" lon="10.478910"><ele>1283</ele></trkpt>
      <trkpt lat="46.888292" lon="10.478816"><ele>1282</ele></trkpt>
      <trkpt lat="46.887876" lon="10.478411"><ele>1278</ele></trkpt>
      <trkpt lat="46.887735" lon="10.478309"><ele>1278</ele></trkpt>
      <trkpt lat="46.887595" lon="10.478225"><ele>1277</ele></trkpt>
      <trkpt lat="46.887453" lon="10.478164"><ele>1278</ele></trkpt>
      <trkpt lat="46.887040" lon="10.478048"><ele>1275</ele></trkpt>
      <trkpt lat="46.886920" lon="10.478000"><ele>1274</ele></trkpt>
      <trkpt lat="46.886807" lon="10.477932"><ele>1273</ele></trkpt>
      <trkpt lat="46.886709" lon="10.477850"><ele>1273</ele></trkpt>
      <trkpt lat="46.886565" lon="10.477694"><ele>1273</ele></trkpt>
      <trkpt lat="46.886138" lon="10.477159"><ele>1270</ele></trkpt>
      <trkpt lat="46.885866" lon="10.476805"><ele>1270</ele></trkpt>
      <trkpt lat="46.885827" lon="10.476734"><ele>1270</ele></trkpt>
      <trkpt lat="46.885816" lon="10.476655"><ele>1268</ele></trkpt>
      <trkpt lat="46.885829" lon="10.476589"><ele>1267</ele></trkpt>
      <trkpt lat="46.885839" lon="10.476577"><ele>1267</ele></trkpt>
      <trkpt lat="46.885862" lon="10.476548"><ele>1265</ele></trkpt>
      <trkpt lat="46.885913" lon="10.476533"><ele>1263</ele></trkpt>
      <trkpt lat="46.885952" lon="10.476551"><ele>1262</ele></trkpt>
      <trkpt lat="46.885991" lon="10.476594"><ele>1261</ele></trkpt>
      <trkpt lat="46.886122" lon="10.476858"><ele>1264</ele></trkpt>
      <trkpt lat="46.886226" lon="10.477049"><ele>1264</ele></trkpt>
      <trkpt lat="46.886362" lon="10.477229"><ele>1264</ele></trkpt>
      <trkpt lat="46.886606" lon="10.477463"><ele>1262</ele></trkpt>
      <trkpt lat="46.886765" lon="10.477591"><ele>1261</ele></trkpt>
      <trkpt lat="46.886875" lon="10.477658"><ele>1260</ele></trkpt>
      <trkpt lat="46.886985" lon="10.477703"><ele>1258</ele></trkpt>
      <trkpt lat="46.887167" lon="10.477731"><ele>1258</ele></trkpt>
      <trkpt lat="46.887397" lon="10.477714"><ele>1255</ele></trkpt>
      <trkpt lat="46.887565" lon="10.477713"><ele>1254</ele></trkpt>
      <trkpt lat="46.887709" lon="10.477724"><ele>1253</ele></trkpt>
      <trkpt lat="46.887835" lon="10.477751"><ele>1253</ele></trkpt>
      <trkpt lat="46.887976" lon="10.477793"><ele>1253</ele></trkpt>
      <trkpt lat="46.888176" lon="10.477879"><ele>1252</ele></trkpt>
      <trkpt lat="46.888341" lon="10.477970"><ele>1250</ele></trkpt>
      <trkpt lat="46.888638" lon="10.478091"><ele>1247</ele></trkpt>
      <trkpt lat="46.889206" lon="10.478239"><ele>1242</ele></trkpt>
      <trkpt lat="46.889437" lon="10.478289"><ele>1240</ele></trkpt>
      <trkpt lat="46.889542" lon="10.478296"><ele>1240</ele></trkpt>
      <trkpt lat="46.889657" lon="10.478288"><ele>1239</ele></trkpt>
      <trkpt lat="46.889796" lon="10.478250"><ele>1238</ele></trkpt>
      <trkpt lat="46.890074" lon="10.478127"><ele>1236</ele></trkpt>
      <trkpt lat="46.890213" lon="10.478097"><ele>1235</ele></trkpt>
      <trkpt lat="46.890601" lon="10.478102"><ele>1234</ele></trkpt>
      <trkpt lat="46.890645" lon="10.478089"><ele>1234</ele></trkpt>
      <trkpt lat="46.890678" lon="10.478059"><ele>1234</ele></trkpt>
      <trkpt lat="46.890690" lon="10.477985"><ele>1233</ele></trkpt>
      <trkpt lat="46.890678" lon="10.477929"><ele>1231</ele></trkpt>
      <trkpt lat="46.890646" lon="10.477891"><ele>1230</ele></trkpt>
      <trkpt lat="46.890609" lon="10.477885"><ele>1230</ele></trkpt>
      <trkpt lat="46.890377" lon="10.477907"><ele>1230</ele></trkpt>
      <trkpt lat="46.890294" lon="10.477886"><ele>1229</ele></trkpt>
      <trkpt lat="46.890116" lon="10.477818"><ele>1228</ele></trkpt>
      <trkpt lat="46.890047" lon="10.477800"><ele>1227</ele></trkpt>
      <trkpt lat="46.889976" lon="10.477795"><ele>1227</ele></trkpt>
      <trkpt lat="46.889904" lon="10.477810"><ele>1227</ele></trkpt>
      <trkpt lat="46.889818" lon="10.477844"><ele>1226</ele></trkpt>
      <trkpt lat="46.889723" lon="10.477895"><ele>1227</ele></trkpt>
      <trkpt lat="46.889654" lon="10.477906"><ele>1227</ele></trkpt>
      <trkpt lat="46.889619" lon="10.477885"><ele>1227</ele></trkpt>
      <trkpt lat="46.889587" lon="10.477826"><ele>1225</ele></trkpt>
      <trkpt lat="46.889592" lon="10.477754"><ele>1223</ele></trkpt>
      <trkpt lat="46.889632" lon="10.477706"><ele>1222</ele></trkpt>
      <trkpt lat="46.889692" lon="10.477680"><ele>1221</ele></trkpt>
      <trkpt lat="46.890022" lon="10.477612"><ele>1222</ele></trkpt>
      <trkpt lat="46.890278" lon="10.477575"><ele>1220</ele></trkpt>
      <trkpt lat="46.890518" lon="10.477511"><ele>1216</ele></trkpt>
      <trkpt lat="46.890653" lon="10.477503"><ele>1215</ele></trkpt>
      <trkpt lat="46.890789" lon="10.477520"><ele>1215</ele></trkpt>
      <trkpt lat="46.891209" lon="10.477640"><ele>1217</ele></trkpt>
      <trkpt lat="46.891365" lon="10.477648"><ele>1213</ele></trkpt>
      <trkpt lat="46.891562" lon="10.477597"><ele>1211</ele></trkpt>
      <trkpt lat="46.892367" lon="10.477245"><ele>1203</ele></trkpt>
      <trkpt lat="46.892778" lon="10.477112"><ele>1200</ele></trkpt>
      <trkpt lat="46.893443" lon="10.476825"><ele>1198</ele></trkpt>
      <trkpt lat="46.893490" lon="10.476790"><ele>1198</ele></trkpt>
      <trkpt lat="46.893528" lon="10.476744"><ele>1198</ele></trkpt>
      <trkpt lat="46.893532" lon="10.476674"><ele>1195</ele></trkpt>
      <trkpt lat="46.893512" lon="10.476624"><ele>1194</ele></trkpt>
      <trkpt lat="46.893483" lon="10.476601"><ele>1192</ele></trkpt>
      <trkpt lat="46.893429" lon="10.476606"><ele>1192</ele></trkpt>
      <trkpt lat="46.893375" lon="10.476631"><ele>1192</ele></trkpt>
      <trkpt lat="46.893274" lon="10.476710"><ele>1192</ele></trkpt>
      <trkpt lat="46.893166" lon="10.476765"><ele>1192</ele></trkpt>
      <trkpt lat="46.893035" lon="10.476796"><ele>1190</ele></trkpt>
      <trkpt lat="46.892375" lon="10.476844"><ele>1186</ele></trkpt>
      <trkpt lat="46.891974" lon="10.476854"><ele>1182</ele></trkpt>
      <trkpt lat="46.891630" lon="10.476840"><ele>1180</ele></trkpt>
      <trkpt lat="46.891521" lon="10.476852"><ele>1179</ele></trkpt>
      <trkpt lat="46.891412" lon="10.476890"><ele>1178</ele></trkpt>
      <trkpt lat="46.891216" lon="10.476985"><ele>1180</ele></trkpt>
      <trkpt lat="46.891170" lon="10.476962"><ele>1179</ele></trkpt>
      <trkpt lat="46.891143" lon="10.476912"><ele>1177</ele></trkpt>
      <trkpt lat="46.891144" lon="10.476853"><ele>1176</ele></trkpt>
      <trkpt lat="46.891173" lon="10.476793"><ele>1174</ele></trkpt>
      <trkpt lat="46.891243" lon="10.476751"><ele>1173</ele></trkpt>
      <trkpt lat="46.891467" lon="10.476679"><ele>1173</ele></trkpt>
      <trkpt lat="46.891816" lon="10.476602"><ele>1172</ele></trkpt>
      <trkpt lat="46.892016" lon="10.476568"><ele>1170</ele></trkpt>
      <trkpt lat="46.892213" lon="10.476516"><ele>1169</ele></trkpt>
      <trkpt lat="46.892395" lon="10.476433"><ele>1167</ele></trkpt>
      <trkpt lat="46.892874" lon="10.476173"><ele>1163</ele></trkpt>
      <trkpt lat="46.893243" lon="10.476051"><ele>1165</ele></trkpt>
      <trkpt lat="46.893298" lon="10.476015"><ele>1164</ele></trkpt>
      <trkpt lat="46.893332" lon="10.475953"><ele>1163</ele></trkpt>
      <trkpt lat="46.893322" lon="10.475869"><ele>1161</ele></trkpt>
      <trkpt lat="46.893288" lon="10.475830"><ele>1159</ele></trkpt>
      <trkpt lat="46.893257" lon="10.475822"><ele>1159</ele></trkpt>
      <trkpt lat="46.893180" lon="10.475846"><ele>1158</ele></trkpt>
      <trkpt lat="46.892943" lon="10.475959"><ele>1158</ele></trkpt>
      <trkpt lat="46.892784" lon="10.476022"><ele>1157</ele></trkpt>
      <trkpt lat="46.892611" lon="10.476051"><ele>1156</ele></trkpt>
      <trkpt lat="46.892439" lon="10.476019"><ele>1154</ele></trkpt>
      <trkpt lat="46.892266" lon="10.475957"><ele>1153</ele></trkpt>
      <trkpt lat="46.892014" lon="10.475886"><ele>1152</ele></trkpt>
      <trkpt lat="46.891782" lon="10.475869"><ele>1150</ele></trkpt>
      <trkpt lat="46.891585" lon="10.475900"><ele>1149</ele></trkpt>
      <trkpt lat="46.891359" lon="10.475963"><ele>1148</ele></trkpt>
      <trkpt lat="46.891153" lon="10.475972"><ele>1144</ele></trkpt>
      <trkpt lat="46.891039" lon="10.475947"><ele>1142</ele></trkpt>
      <trkpt lat="46.890908" lon="10.475881"><ele>1142</ele></trkpt>
      <trkpt lat="46.890788" lon="10.475788"><ele>1141</ele></trkpt>
      <trkpt lat="46.890551" lon="10.475548"><ele>1139</ele></trkpt>
      <trkpt lat="46.890422" lon="10.475451"><ele>1138</ele></trkpt>
      <trkpt lat="46.890295" lon="10.475385"><ele>1138</ele></trkpt>
      <trkpt lat="46.890140" lon="10.475356"><ele>1136</ele></trkpt>
      <trkpt lat="46.889743" lon="10.475350"><ele>1131</ele></trkpt>
      <trkpt lat="46.889608" lon="10.475307"><ele>1130</ele></trkpt>
      <trkpt lat="46.889513" lon="10.475262"><ele>1129</ele></trkpt>
      <trkpt lat="46.889391" lon="10.475188"><ele>1128</ele></trkpt>
      <trkpt lat="46.889232" lon="10.474963"><ele>1128</ele></trkpt>
      <trkpt lat="46.889108" lon="10.474688"><ele>1126</ele></trkpt>
      <trkpt lat="46.888908" lon="10.474334"><ele>1122</ele></trkpt>
      <trkpt lat="46.888779" lon="10.474222"><ele>1120</ele></trkpt>
      <trkpt lat="46.888645" lon="10.474164"><ele>1119</ele></trkpt>
      <trkpt lat="46.888525" lon="10.474137"><ele>1118</ele></trkpt>
      <trkpt lat="46.888362" lon="10.474124"><ele>1116</ele></trkpt>
      <trkpt lat="46.888223" lon="10.474103"><ele>1114</ele></trkpt>
      <trkpt lat="46.888109" lon="10.474052"><ele>1113</ele></trkpt>
      <trkpt lat="46.888009" lon="10.473971"><ele>1112</ele></trkpt>
      <trkpt lat="46.887929" lon="10.473874"><ele>1113</ele></trkpt>
      <trkpt lat="46.887873" lon="10.473748"><ele>1111</ele></trkpt>
      <trkpt lat="46.887833" lon="10.473610"><ele>1109</ele></trkpt>
      <trkpt lat="46.887810" lon="10.473439"><ele>1108</ele></trkpt>
      <trkpt lat="46.887775" lon="10.473062"><ele>1107</ele></trkpt>
      <trkpt lat="46.887741" lon="10.472884"><ele>1108</ele></trkpt>
      <trkpt lat="46.887706" lon="10.472737"><ele>1108</ele></trkpt>
      <trkpt lat="46.887642" lon="10.472574"><ele>1106</ele></trkpt>
      <trkpt lat="46.887558" lon="10.472435"><ele>1103</ele></trkpt>
      <trkpt lat="46.887470" lon="10.472331"><ele>1102</ele></trkpt>
      <trkpt lat="46.887385" lon="10.472262"><ele>1102</ele></trkpt>
      <trkpt lat="46.887272" lon="10.472190"><ele>1100</ele></trkpt>
      <trkpt lat="46.887164" lon="10.472146"><ele>1098</ele></trkpt>
      <trkpt lat="46.886729" lon="10.472055"><ele>1094</ele></trkpt>
      <trkpt lat="46.886591" lon="10.472009"><ele>1094</ele></trkpt>
      <trkpt lat="46.886489" lon="10.471952"><ele>1093</ele></trkpt>
      <trkpt lat="46.886392" lon="10.471876"><ele>1091</ele></trkpt>
      <trkpt lat="46.886289" lon="10.471752"><ele>1090</ele></trkpt>
      <trkpt lat="46.886194" lon="10.471599"><ele>1088</ele></trkpt>
      <trkpt lat="46.886119" lon="10.471409"><ele>1089</ele></trkpt>
      <trkpt lat="46.886009" lon="10.471068"><ele>1088</ele></trkpt>
      <trkpt lat="46.885791" lon="10.470343"><ele>1084</ele></trkpt>
      <trkpt lat="46.885713" lon="10.470153"><ele>1083</ele></trkpt>
      <trkpt lat="46.885627" lon="10.469986"><ele>1081</ele></trkpt>
      <trkpt lat="46.885509" lon="10.469798"><ele>1082</ele></trkpt>
      <trkpt lat="46.885434" lon="10.469658"><ele>1084</ele></trkpt>
      <trkpt lat="46.885431" lon="10.469584"><ele>1084</ele></trkpt>
      <trkpt lat="46.885458" lon="10.469521"><ele>1082</ele></trkpt>
      <trkpt lat="46.885502" lon="10.469504"><ele>1080</ele></trkpt>
      <trkpt lat="46.885535" lon="10.469524"><ele>1078</ele></trkpt>
      <trkpt lat="46.885573" lon="10.469579"><ele>1076</ele></trkpt>
      <trkpt lat="46.885655" lon="10.469783"><ele>1075</ele></trkpt>
      <trkpt lat="46.885781" lon="10.470014"><ele>1075</ele></trkpt>
      <trkpt lat="46.885995" lon="10.470368"><ele>1073</ele></trkpt>
      <trkpt lat="46.886149" lon="10.470608"><ele>1072</ele></trkpt>
      <trkpt lat="46.886255" lon="10.470739"><ele>1072</ele></trkpt>
      <trkpt lat="46.886364" lon="10.470842"><ele>1071</ele></trkpt>
      <trkpt lat="46.886493" lon="10.470929"><ele>1070</ele></trkpt>
      <trkpt lat="46.886632" lon="10.470995"><ele>1069</ele></trkpt>
      <trkpt lat="46.886709" lon="10.471021"><ele>1068</ele></trkpt>
      <trkpt lat="46.886775" lon="10.471019"><ele>1068</ele></trkpt>
      <trkpt lat="46.886812" lon="10.470988"><ele>1067</ele></trkpt>
      <trkpt lat="46.886826" lon="10.470926"><ele>1066</ele></trkpt>
      <trkpt lat="46.886813" lon="10.470853"><ele>1065</ele></trkpt>
      <trkpt lat="46.886766" lon="10.470809"><ele>1065</ele></trkpt>
      <trkpt lat="46.886698" lon="10.470767"><ele>1065</ele></trkpt>
      <trkpt lat="46.886530" lon="10.470684"><ele>1065</ele></trkpt>
      <trkpt lat="46.886424" lon="10.470620"><ele>1064</ele></trkpt>
      <trkpt lat="46.886331" lon="10.470522"><ele>1064</ele></trkpt>
      <trkpt lat="46.886241" lon="10.470374"><ele>1064</ele></trkpt>
      <trkpt lat="46.886142" lon="10.470157"><ele>1062</ele></trkpt>
      <trkpt lat="46.886062" lon="10.469953"><ele>1060</ele></trkpt>
      <trkpt lat="46.885824" lon="10.469217"><ele>1056</ele></trkpt>
      <trkpt lat="46.885773" lon="10.469000"><ele>1056</ele></trkpt>
      <trkpt lat="46.885733" lon="10.468628"><ele>1054</ele></trkpt>
      <trkpt lat="46.885721" lon="10.468296"><ele>1052</ele></trkpt>
      <trkpt lat="46.885724" lon="10.467814"><ele>1049</ele></trkpt>
      <trkpt lat="46.885722" lon="10.467563"><ele>1048</ele></trkpt>
      <trkpt lat="46.885722" lon="10.467326"><ele>1048</ele></trkpt>
      <trkpt lat="46.885715" lon="10.467185"><ele>1047</ele></trkpt>
      <trkpt lat="46.885691" lon="10.467056"><ele>1046</ele></trkpt>
      <trkpt lat="46.885657" lon="10.466960"><ele>1046</ele></trkpt>
      <trkpt lat="46.885607" lon="10.466864"><ele>1045</ele></trkpt>
      <trkpt lat="46.885198" lon="10.466276"><ele>1043</ele></trkpt>
      <trkpt lat="46.884891" lon="10.465835"><ele>1041</ele></trkpt>
      <trkpt lat="46.884710" lon="10.465574"><ele>1037</ele></trkpt>
      <trkpt lat="46.884643" lon="10.465452"><ele>1038</ele></trkpt>
      <trkpt lat="46.884627" lon="10.465386"><ele>1036</ele></trkpt>
      <trkpt lat="46.884625" lon="10.465344"><ele>1035</ele></trkpt>
      <trkpt lat="46.884633" lon="10.465282"><ele>1035</ele></trkpt>
      <trkpt lat="46.884658" lon="10.465194"><ele>1034</ele></trkpt>
      <trkpt lat="46.884789" lon="10.464822"><ele>1033</ele></trkpt>
      <trkpt lat="46.884793" lon="10.464810"><ele>1032</ele></trkpt>
      <trkpt lat="46.884849" lon="10.464752"><ele>1033</ele></trkpt>
      <trkpt lat="46.884939" lon="10.464710"><ele>1034</ele></trkpt>
      <trkpt lat="46.884997" lon="10.464698"><ele>1035</ele></trkpt>
      <trkpt lat="46.885052" lon="10.464740"><ele>1034</ele></trkpt>
      <trkpt lat="46.885129" lon="10.464781"><ele>1034</ele></trkpt>
      <trkpt lat="46.885184" lon="10.464792"><ele>1034</ele></trkpt>
      <trkpt lat="46.885226" lon="10.464777"><ele>1034</ele></trkpt>
      <trkpt lat="46.885311" lon="10.464709"><ele>1034</ele></trkpt>
      <trkpt lat="46.885341" lon="10.464696"><ele>1034</ele></trkpt>
      <trkpt lat="46.885427" lon="10.464702"><ele>1034</ele></trkpt>
      <trkpt lat="46.885511" lon="10.464745"><ele>1034</ele></trkpt>
      <trkpt lat="46.885832" lon="10.465025"><ele>1033</ele></trkpt>
      <trkpt lat="46.886035" lon="10.465200"><ele>1034</ele></trkpt>
      <trkpt lat="46.886274" lon="10.465406"><ele>1033</ele></trkpt>
      <trkpt lat="46.886634" lon="10.465728"><ele>1032</ele></trkpt>
      <trkpt lat="46.887224" lon="10.466233"><ele>1032</ele></trkpt>
      <trkpt lat="46.887871" lon="10.466803"><ele>1032</ele></trkpt>
      <trkpt lat="46.888471" lon="10.467349"><ele>1032</ele></trkpt>
      <trkpt lat="46.888831" lon="10.467676"><ele>1032</ele></trkpt>
      <trkpt lat="46.888997" lon="10.467861"><ele>1032</ele></trkpt>
      <trkpt lat="46.889035" lon="10.467903"><ele>1032</ele></trkpt>
      <trkpt lat="46.889159" lon="10.468092"><ele>1031</ele></trkpt>
      <trkpt lat="46.889277" lon="10.468321"><ele>1034</ele></trkpt>
      <trkpt lat="46.889388" lon="10.468563"><ele>1034</ele></trkpt>
      <trkpt lat="46.889476" lon="10.468751"><ele>1034</ele></trkpt>
      <trkpt lat="46.889793" lon="10.469429"><ele>1035</ele></trkpt>
      <trkpt lat="46.889959" lon="10.469739"><ele>1032</ele></trkpt>
      <trkpt lat="46.890404" lon="10.470402"><ele>1034</ele></trkpt>
      <trkpt lat="46.890602" lon="10.470660"><ele>1032</ele></trkpt>
      <trkpt lat="46.891133" lon="10.471201"><ele>1033</ele></trkpt>
      <trkpt lat="46.891302" lon="10.471337"><ele>1033</ele></trkpt>
      <trkpt lat="46.891495" lon="10.471434"><ele>1033</ele></trkpt>
      <trkpt lat="46.892184" lon="10.471733"><ele>1034</ele></trkpt>
      <trkpt lat="46.892419" lon="10.471848"><ele>1034</ele></trkpt>
      <trkpt lat="46.892598" lon="10.471973"><ele>1034</ele></trkpt>
      <trkpt lat="46.892736" lon="10.472115"><ele>1034</ele></trkpt>
      <trkpt lat="46.892894" lon="10.472317"><ele>1034</ele></trkpt>
      <trkpt lat="46.893127" lon="10.472645"><ele>1034</ele></trkpt>
      <trkpt lat="46.893379" lon="10.473038"><ele>1035</ele></trkpt>
      <trkpt lat="46.893735" lon="10.473701"><ele>1035</ele></trkpt>
      <trkpt lat="46.893930" lon="10.474009"><ele>1035</ele></trkpt>
      <trkpt lat="46.894323" lon="10.474517"><ele>1035</ele></trkpt>
      <trkpt lat="46.894485" lon="10.474696"><ele>1035</ele></trkpt>
      <trkpt lat="46.894577" lon="10.474766"><ele>1034</ele></trkpt>
      <trkpt lat="46.894749" lon="10.474838"><ele>1034</ele></trkpt>
      <trkpt lat="46.894878" lon="10.474867"><ele>1034</ele></trkpt>
      <trkpt lat="46.895071" lon="10.474862"><ele>1034</ele></trkpt>
      <trkpt lat="46.895705" lon="10.474817"><ele>1034</ele></trkpt>
      <trkpt lat="46.895865" lon="10.474835"><ele>1034</ele></trkpt>
      <trkpt lat="46.896047" lon="10.474891"><ele>1034</ele></trkpt>
      <trkpt lat="46.896753" lon="10.475170"><ele>1034</ele></trkpt>
      <trkpt lat="46.897318" lon="10.475260"><ele>1032</ele></trkpt>
      <trkpt lat="46.897505" lon="10.475243"><ele>1032</ele></trkpt>
      <trkpt lat="46.897625" lon="10.475207"><ele>1032</ele></trkpt>
      <trkpt lat="46.897804" lon="10.475119"><ele>1031</ele></trkpt>
      <trkpt lat="46.897949" lon="10.475021"><ele>1031</ele></trkpt>
      <trkpt lat="46.898278" lon="10.474730"><ele>1030</ele></trkpt>
      <trkpt lat="46.898427" lon="10.474649"><ele>1031</ele></trkpt>
      <trkpt lat="46.898580" lon="10.474603"><ele>1030</ele></trkpt>
      <trkpt lat="46.898709" lon="10.474603"><ele>1030</ele></trkpt>
      <trkpt lat="46.900471" lon="10.474796"><ele>1032</ele></trkpt>
      <trkpt lat="46.901050" lon="10.474786"><ele>1031</ele></trkpt>
      <trkpt lat="46.901212" lon="10.474808"><ele>1032</ele></trkpt>
      <trkpt lat="46.901386" lon="10.474877"><ele>1033</ele></trkpt>
      <trkpt lat="46.901523" lon="10.474961"><ele>1033</ele></trkpt>
      <trkpt lat="46.901687" lon="10.475121"><ele>1033</ele></trkpt>
      <trkpt lat="46.901819" lon="10.475302"><ele>1039</ele></trkpt>
      <trkpt lat="46.901984" lon="10.475551"><ele>1037</ele></trkpt>
      <trkpt lat="46.902114" lon="10.475732"><ele>1038</ele></trkpt>
      <trkpt lat="46.903139" lon="10.476813"><ele>1034</ele></trkpt>
      <trkpt lat="46.903220" lon="10.476885"><ele>1034</ele></trkpt>
      <trkpt lat="46.903314" lon="10.476940"><ele>1035</ele></trkpt>
      <trkpt lat="46.903456" lon="10.476958"><ele>1035</ele></trkpt>
      <trkpt lat="46.903533" lon="10.476960"><ele>1036</ele></trkpt>
      <trkpt lat="46.903770" lon="10.476954"><ele>1037</ele></trkpt>
      <trkpt lat="46.903801" lon="10.477077"><ele>1034</ele></trkpt>
      <trkpt lat="46.903831" lon="10.477126"><ele>1034</ele></trkpt>
      <trkpt lat="46.904190" lon="10.477131"><ele>1031</ele></trkpt>
      <trkpt lat="46.904391" lon="10.477125"><ele>1030</ele></trkpt>
      <trkpt lat="46.904513" lon="10.477112"><ele>1030</ele></trkpt>
      <trkpt lat="46.904594" lon="10.477115"><ele>1030</ele></trkpt>
      <trkpt lat="46.904700" lon="10.477122"><ele>1029</ele></trkpt>
      <trkpt lat="46.904820" lon="10.477181"><ele>1027</ele></trkpt>
      <trkpt lat="46.904894" lon="10.477128"><ele>1030</ele></trkpt>
      <trkpt lat="46.905027" lon="10.477133"><ele>1030</ele></trkpt>
      <trkpt lat="46.905287" lon="10.477253"><ele>1029</ele></trkpt>
      <trkpt lat="46.905710" lon="10.477494"><ele>1025</ele></trkpt>
      <trkpt lat="46.905969" lon="10.477602"><ele>1027</ele></trkpt>
      <trkpt lat="46.906178" lon="10.477738"><ele>1025</ele></trkpt>
      <trkpt lat="46.907183" lon="10.478161"><ele>1027</ele></trkpt>
      <trkpt lat="46.907273" lon="10.478187"><ele>1027</ele></trkpt>
      <trkpt lat="46.907552" lon="10.478193"><ele>1029</ele></trkpt>
      <trkpt lat="46.907835" lon="10.478214"><ele>1029</ele></trkpt>
      <trkpt lat="46.908002" lon="10.478187"><ele>1030</ele></trkpt>
      <trkpt lat="46.908063" lon="10.478197"><ele>1030</ele></trkpt>
      <trkpt lat="46.908143" lon="10.478224"><ele>1029</ele></trkpt>
      <trkpt lat="46.908381" lon="10.478263"><ele>1026</ele></trkpt>
      <trkpt lat="46.908510" lon="10.478265"><ele>1026</ele></trkpt>
      <trkpt lat="46.908698" lon="10.478234"><ele>1026</ele></trkpt>
      <trkpt lat="46.908906" lon="10.478173"><ele>1027</ele></trkpt>
      <trkpt lat="46.909038" lon="10.478039"><ele>1030</ele></trkpt>
      <trkpt lat="46.909139" lon="10.477977"><ele>1029</ele></trkpt>
      <trkpt lat="46.909292" lon="10.477912"><ele>1029</ele></trkpt>
      <trkpt lat="46.909451" lon="10.477873"><ele>1028</ele></trkpt>
      <trkpt lat="46.909616" lon="10.477846"><ele>1027</ele></trkpt>
      <trkpt lat="46.909963" lon="10.477858"><ele>1025</ele></trkpt>
      <trkpt lat="46.910532" lon="10.477916"><ele>1026</ele></trkpt>
      <trkpt lat="46.910585" lon="10.477932"><ele>1026</ele></trkpt>
      <trkpt lat="46.910686" lon="10.477996"><ele>1026</ele></trkpt>
      <trkpt lat="46.910948" lon="10.478199"><ele>1026</ele></trkpt>
      <trkpt lat="46.911012" lon="10.478294"><ele>1025</ele></trkpt>
      <trkpt lat="46.911053" lon="10.478372"><ele>1024</ele></trkpt>
      <trkpt lat="46.911100" lon="10.478488"><ele>1024</ele></trkpt>
      <trkpt lat="46.911194" lon="10.478766"><ele>1024</ele></trkpt>
      <trkpt lat="46.911221" lon="10.478834"><ele>1024</ele></trkpt>
      <trkpt lat="46.911243" lon="10.478911"><ele>1024</ele></trkpt>
      <trkpt lat="46.911322" lon="10.479224"><ele>1023</ele></trkpt>
      <trkpt lat="46.911372" lon="10.479361"><ele>1023</ele></trkpt>
      <trkpt lat="46.911446" lon="10.479509"><ele>1023</ele></trkpt>
      <trkpt lat="46.911615" lon="10.479970"><ele>1025</ele></trkpt>
      <trkpt lat="46.911714" lon="10.480361"><ele>1025</ele></trkpt>
      <trkpt lat="46.911754" lon="10.480561"><ele>1025</ele></trkpt>
      <trkpt lat="46.911823" lon="10.480805"><ele>1022</ele></trkpt>
      <trkpt lat="46.911960" lon="10.481209"><ele>1024</ele></trkpt>
      <trkpt lat="46.912077" lon="10.481493"><ele>1024</ele></trkpt>
      <trkpt lat="46.912213" lon="10.481858"><ele>1024</ele></trkpt>
      <trkpt lat="46.912364" lon="10.482143"><ele>1024</ele></trkpt>
      <trkpt lat="46.912622" lon="10.482584"><ele>1027</ele></trkpt>
      <trkpt lat="46.912688" lon="10.482686"><ele>1027</ele></trkpt>
      <trkpt lat="46.912744" lon="10.482771"><ele>1027</ele></trkpt>
      <trkpt lat="46.912873" lon="10.482920"><ele>1027</ele></trkpt>
      <trkpt lat="46.912929" lon="10.482961"><ele>1027</ele></trkpt>
      <trkpt lat="46.912998" lon="10.482993"><ele>1028</ele></trkpt>
      <trkpt lat="46.913325" lon="10.483081"><ele>1033</ele></trkpt>
      <trkpt lat="46.913491" lon="10.483111"><ele>1036</ele></trkpt>
      <trkpt lat="46.913579" lon="10.483145"><ele>1037</ele></trkpt>
      <trkpt lat="46.913734" lon="10.483246"><ele>1038</ele></trkpt>
      <trkpt lat="46.913793" lon="10.483305"><ele>1040</ele></trkpt>
      <trkpt lat="46.913951" lon="10.483496"><ele>1041</ele></trkpt>
      <trkpt lat="46.914015" lon="10.483557"><ele>1041</ele></trkpt>
      <trkpt lat="46.914069" lon="10.483596"><ele>1042</ele></trkpt>
      <trkpt lat="46.914151" lon="10.483633"><ele>1044</ele></trkpt>
      <trkpt lat="46.914191" lon="10.483661"><ele>1045</ele></trkpt>
      <trkpt lat="46.914225" lon="10.483712"><ele>1046</ele></trkpt>
      <trkpt lat="46.914276" lon="10.483821"><ele>1046</ele></trkpt>
      <trkpt lat="46.914361" lon="10.483953"><ele>1047</ele></trkpt>
      <trkpt lat="46.914561" lon="10.484195"><ele>1048</ele></trkpt>
      <trkpt lat="46.914903" lon="10.484721"><ele>1049</ele></trkpt>
      <trkpt lat="46.914958" lon="10.484782"><ele>1050</ele></trkpt>
      <trkpt lat="46.915208" lon="10.484968"><ele>1052</ele></trkpt>
      <trkpt lat="46.915396" lon="10.485090"><ele>1053</ele></trkpt>
      <trkpt lat="46.915471" lon="10.485128"><ele>1053</ele></trkpt>
      <trkpt lat="46.915566" lon="10.485159"><ele>1053</ele></trkpt>
      <trkpt lat="46.915632" lon="10.485173"><ele>1052</ele></trkpt>
      <trkpt lat="46.915688" lon="10.485154"><ele>1053</ele></trkpt>
      <trkpt lat="46.915756" lon="10.485100"><ele>1054</ele></trkpt>
      <trkpt lat="46.915906" lon="10.485013"><ele>1055</ele></trkpt>
      <trkpt lat="46.916419" lon="10.484772"><ele>1056</ele></trkpt>
      <trkpt lat="46.916503" lon="10.484711"><ele>1056</ele></trkpt>
      <trkpt lat="46.916567" lon="10.484652"><ele>1056</ele></trkpt>
      <trkpt lat="46.916640" lon="10.484622"><ele>1057</ele></trkpt>
      <trkpt lat="46.916723" lon="10.484602"><ele>1058</ele></trkpt>
      <trkpt lat="46.916795" lon="10.484598"><ele>1060</ele></trkpt>
      <trkpt lat="46.916861" lon="10.484605"><ele>1060</ele></trkpt>
      <trkpt lat="46.917050" lon="10.484657"><ele>1062</ele></trkpt>
      <trkpt lat="46.917128" lon="10.484686"><ele>1062</ele></trkpt>
      <trkpt lat="46.917295" lon="10.484771"><ele>1062</ele></trkpt>
      <trkpt lat="46.917355" lon="10.484789"><ele>1062</ele></trkpt>
      <trkpt lat="46.917396" lon="10.484761"><ele>1064</ele></trkpt>
      <trkpt lat="46.917416" lon="10.484699"><ele>1066</ele></trkpt>
      <trkpt lat="46.917410" lon="10.484653"><ele>1066</ele></trkpt>
      <trkpt lat="46.917385" lon="10.484622"><ele>1067</ele></trkpt>
      <trkpt lat="46.917249" lon="10.484520"><ele>1067</ele></trkpt>
      <trkpt lat="46.917229" lon="10.484480"><ele>1067</ele></trkpt>
      <trkpt lat="46.917235" lon="10.484422"><ele>1068</ele></trkpt>
      <trkpt lat="46.917260" lon="10.484387"><ele>1070</ele></trkpt>
      <trkpt lat="46.917302" lon="10.484385"><ele>1070</ele></trkpt>
      <trkpt lat="46.917362" lon="10.484397"><ele>1072</ele></trkpt>
      <trkpt lat="46.917449" lon="10.484395"><ele>1073</ele></trkpt>
      <trkpt lat="46.917506" lon="10.484373"><ele>1074</ele></trkpt>
      <trkpt lat="46.917564" lon="10.484324"><ele>1074</ele></trkpt>
      <trkpt lat="46.917632" lon="10.484242"><ele>1074</ele></trkpt>
      <trkpt lat="46.917689" lon="10.484137"><ele>1075</ele></trkpt>
      <trkpt lat="46.917716" lon="10.484058"><ele>1075</ele></trkpt>
      <trkpt lat="46.917724" lon="10.483984"><ele>1076</ele></trkpt>
      <trkpt lat="46.917708" lon="10.483926"><ele>1076</ele></trkpt>
      <trkpt lat="46.917675" lon="10.483891"><ele>1076</ele></trkpt>
      <trkpt lat="46.917632" lon="10.483875"><ele>1076</ele></trkpt>
      <trkpt lat="46.917435" lon="10.483858"><ele>1075</ele></trkpt>
      <trkpt lat="46.917365" lon="10.483831"><ele>1076</ele></trkpt>
      <trkpt lat="46.917291" lon="10.483790"><ele>1076</ele></trkpt>
      <trkpt lat="46.917193" lon="10.483710"><ele>1077</ele></trkpt>
      <trkpt lat="46.916964" lon="10.483459"><ele>1078</ele></trkpt>
      <trkpt lat="46.916743" lon="10.483146"><ele>1080</ele></trkpt>
      <trkpt lat="46.916680" lon="10.483020"><ele>1081</ele></trkpt>
      <trkpt lat="46.916623" lon="10.482926"><ele>1082</ele></trkpt>
      <trkpt lat="46.916466" lon="10.482713"><ele>1084</ele></trkpt>
      <trkpt lat="46.916087" lon="10.482340"><ele>1084</ele></trkpt>
      <trkpt lat="46.916078" lon="10.482295"><ele>1084</ele></trkpt>
      <trkpt lat="46.916109" lon="10.482125"><ele>1088</ele></trkpt>
      <trkpt lat="46.916140" lon="10.482148"><ele>1088</ele></trkpt>
      <trkpt lat="46.916301" lon="10.482318"><ele>1088</ele></trkpt>
      <trkpt lat="46.916511" lon="10.482563"><ele>1087</ele></trkpt>
      <trkpt lat="46.917154" lon="10.483367"><ele>1086</ele></trkpt>
      <trkpt lat="46.917305" lon="10.483478"><ele>1088</ele></trkpt>
      <trkpt lat="46.917442" lon="10.483544"><ele>1089</ele></trkpt>
      <trkpt lat="46.917555" lon="10.483564"><ele>1089</ele></trkpt>
      <trkpt lat="46.917711" lon="10.483550"><ele>1088</ele></trkpt>
      <trkpt lat="46.917956" lon="10.483482"><ele>1088</ele></trkpt>
      <trkpt lat="46.918148" lon="10.483447"><ele>1087</ele></trkpt>
      <trkpt lat="46.918313" lon="10.483447"><ele>1086</ele></trkpt>
      <trkpt lat="46.918473" lon="10.483471"><ele>1085</ele></trkpt>
      <trkpt lat="46.918769" lon="10.483550"><ele>1086</ele></trkpt>
      <trkpt lat="46.918921" lon="10.483561"><ele>1088</ele></trkpt>
      <trkpt lat="46.919059" lon="10.483534"><ele>1089</ele></trkpt>
      <trkpt lat="46.919183" lon="10.483490"><ele>1091</ele></trkpt>
      <trkpt lat="46.919303" lon="10.483476"><ele>1090</ele></trkpt>
      <trkpt lat="46.919437" lon="10.483513"><ele>1086</ele></trkpt>
      <trkpt lat="46.919530" lon="10.483576"><ele>1087</ele></trkpt>
      <trkpt lat="46.919600" lon="10.483666"><ele>1087</ele></trkpt>
      <trkpt lat="46.919745" lon="10.483964"><ele>1089</ele></trkpt>
      <trkpt lat="46.919834" lon="10.484118"><ele>1084</ele></trkpt>
      <trkpt lat="46.919997" lon="10.484274"><ele>1083</ele></trkpt>
      <trkpt lat="46.920615" lon="10.484768"><ele>1084</ele></trkpt>
      <trkpt lat="46.920717" lon="10.484829"><ele>1084</ele></trkpt>
      <trkpt lat="46.920859" lon="10.484864"><ele>1086</ele></trkpt>
      <trkpt lat="46.920989" lon="10.484856"><ele>1085</ele></trkpt>
      <trkpt lat="46.921159" lon="10.484790"><ele>1085</ele></trkpt>
      <trkpt lat="46.922072" lon="10.484333"><ele>1088</ele></trkpt>
      <trkpt lat="46.922211" lon="10.484294"><ele>1088</ele></trkpt>
      <trkpt lat="46.922316" lon="10.484301"><ele>1088</ele></trkpt>
      <trkpt lat="46.922476" lon="10.484399"><ele>1087</ele></trkpt>
      <trkpt lat="46.922630" lon="10.484592"><ele>1086</ele></trkpt>
      <trkpt lat="46.922739" lon="10.484700"><ele>1085</ele></trkpt>
      <trkpt lat="46.922879" lon="10.484793"><ele>1085</ele></trkpt>
      <trkpt lat="46.922962" lon="10.484805"><ele>1087</ele></trkpt>
      <trkpt lat="46.923258" lon="10.484793"><ele>1088</ele></trkpt>
      <trkpt lat="46.923393" lon="10.484829"><ele>1088</ele></trkpt>
      <trkpt lat="46.923481" lon="10.484876"><ele>1087</ele></trkpt>
      <trkpt lat="46.923882" lon="10.485186"><ele>1086</ele></trkpt>
      <trkpt lat="46.924293" lon="10.485435"><ele>1088</ele></trkpt>
      <trkpt lat="46.924431" lon="10.485572"><ele>1086</ele></trkpt>
      <trkpt lat="46.924587" lon="10.485774"><ele>1084</ele></trkpt>
      <trkpt lat="46.924675" lon="10.485819"><ele>1086</ele></trkpt>
      <trkpt lat="46.924745" lon="10.485817"><ele>1088</ele></trkpt>
      <trkpt lat="46.924808" lon="10.485773"><ele>1087</ele></trkpt>
      <trkpt lat="46.924927" lon="10.485600"><ele>1088</ele></trkpt>
      <trkpt lat="46.925126" lon="10.485350"><ele>1085</ele></trkpt>
      <trkpt lat="46.925187" lon="10.485294"><ele>1085</ele></trkpt>
      <trkpt lat="46.925307" lon="10.485210"><ele>1084</ele></trkpt>
      <trkpt lat="46.925431" lon="10.485145"><ele>1083</ele></trkpt>
      <trkpt lat="46.925592" lon="10.485116"><ele>1082</ele></trkpt>
      <trkpt lat="46.925718" lon="10.485120"><ele>1081</ele></trkpt>
      <trkpt lat="46.925828" lon="10.485143"><ele>1080</ele></trkpt>
      <trkpt lat="46.926077" lon="10.485217"><ele>1081</ele></trkpt>
      <trkpt lat="46.926259" lon="10.485244"><ele>1080</ele></trkpt>
      <trkpt lat="46.926397" lon="10.485240"><ele>1079</ele></trkpt>
      <trkpt lat="46.926656" lon="10.485183"><ele>1077</ele></trkpt>
      <trkpt lat="46.926941" lon="10.485097"><ele>1075</ele></trkpt>
      <trkpt lat="46.927132" lon="10.485078"><ele>1074</ele></trkpt>
      <trkpt lat="46.927248" lon="10.485075"><ele>1074</ele></trkpt>
      <trkpt lat="46.927455" lon="10.485095"><ele>1074</ele></trkpt>
      <trkpt lat="46.927882" lon="10.485169"><ele>1069</ele></trkpt>
      <trkpt lat="46.928037" lon="10.485182"><ele>1069</ele></trkpt>
      <trkpt lat="46.928114" lon="10.485181"><ele>1068</ele></trkpt>
      <trkpt lat="46.928255" lon="10.485137"><ele>1068</ele></trkpt>
      <trkpt lat="46.928377" lon="10.485068"><ele>1067</ele></trkpt>
      <trkpt lat="46.928514" lon="10.484962"><ele>1066</ele></trkpt>
      <trkpt lat="46.928751" lon="10.484797"><ele>1065</ele></trkpt>
      <trkpt lat="46.929074" lon="10.484601"><ele>1064</ele></trkpt>
      <trkpt lat="46.929552" lon="10.484324"><ele>1061</ele></trkpt>
      <trkpt lat="46.929669" lon="10.484264"><ele>1062</ele></trkpt>
      <trkpt lat="46.929772" lon="10.484217"><ele>1064</ele></trkpt>
      <trkpt lat="46.929876" lon="10.484196"><ele>1065</ele></trkpt>
      <trkpt lat="46.930039" lon="10.484208"><ele>1063</ele></trkpt>
      <trkpt lat="46.930159" lon="10.484237"><ele>1062</ele></trkpt>
      <trkpt lat="46.930253" lon="10.484284"><ele>1060</ele></trkpt>
      <trkpt lat="46.930348" lon="10.484352"><ele>1057</ele></trkpt>
      <trkpt lat="46.930649" lon="10.484527"><ele>1050</ele></trkpt>
      <trkpt lat="46.930742" lon="10.484546"><ele>1049</ele></trkpt>
      <trkpt lat="46.930844" lon="10.484544"><ele>1048</ele></trkpt>
      <trkpt lat="46.931126" lon="10.484489"><ele>1046</ele></trkpt>
      <trkpt lat="46.931319" lon="10.484459"><ele>1047</ele></trkpt>
      <trkpt lat="46.931401" lon="10.484455"><ele>1046</ele></trkpt>
      <trkpt lat="46.931467" lon="10.484469"><ele>1046</ele></trkpt>
      <trkpt lat="46.931608" lon="10.484520"><ele>1045</ele></trkpt>
      <trkpt lat="46.931686" lon="10.484572"><ele>1045</ele></trkpt>
      <trkpt lat="46.931928" lon="10.484812"><ele>1044</ele></trkpt>
      <trkpt lat="46.932067" lon="10.484912"><ele>1042</ele></trkpt>
      <trkpt lat="46.932444" lon="10.485109"><ele>1040</ele></trkpt>
      <trkpt lat="46.932790" lon="10.485333"><ele>1038</ele></trkpt>
      <trkpt lat="46.933068" lon="10.485530"><ele>1036</ele></trkpt>
      <trkpt lat="46.933247" lon="10.485700"><ele>1036</ele></trkpt>
      <trkpt lat="46.933426" lon="10.485895"><ele>1037</ele></trkpt>
      <trkpt lat="46.934027" lon="10.486718"><ele>1032</ele></trkpt>
      <trkpt lat="46.934263" lon="10.487022"><ele>1030</ele></trkpt>
      <trkpt lat="46.934509" lon="10.487283"><ele>1028</ele></trkpt>
      <trkpt lat="46.935371" lon="10.488105"><ele>1025</ele></trkpt>
      <trkpt lat="46.935948" lon="10.488691"><ele>1020</ele></trkpt>
      <trkpt lat="46.936492" lon="10.489315"><ele>1020</ele></trkpt>
      <trkpt lat="46.936835" lon="10.489755"><ele>1017</ele></trkpt>
      <trkpt lat="46.936949" lon="10.489906"><ele>1013</ele></trkpt>
      <trkpt lat="46.937347" lon="10.490510"><ele>1012</ele></trkpt>
      <trkpt lat="46.937803" lon="10.491321"><ele>1013</ele></trkpt>
      <trkpt lat="46.938110" lon="10.491881"><ele>1011</ele></trkpt>
      <trkpt lat="46.938398" lon="10.492371"><ele>1010</ele></trkpt>
      <trkpt lat="46.938544" lon="10.492589"><ele>1009</ele></trkpt>
      <trkpt lat="46.938453" lon="10.492599"><ele>1005</ele></trkpt>
      <trkpt lat="46.938112" lon="10.492339"><ele>1000</ele></trkpt>
      <trkpt lat="46.938172" lon="10.492445"><ele>999</ele></trkpt>
      <trkpt lat="46.938555" lon="10.492762"><ele>1002</ele></trkpt>
      <trkpt lat="46.938796" lon="10.493081"><ele>1001</ele></trkpt>
      <trkpt lat="46.939042" lon="10.493365"><ele>1001</ele></trkpt>
      <trkpt lat="46.939386" lon="10.493815"><ele>999</ele></trkpt>
      <trkpt lat="46.939931" lon="10.494571"><ele>998</ele></trkpt>
      <trkpt lat="46.940347" lon="10.495313"><ele>994</ele></trkpt>
      <trkpt lat="46.940686" lon="10.495864"><ele>996</ele></trkpt>
      <trkpt lat="46.940935" lon="10.496181"><ele>997</ele></trkpt>
      <trkpt lat="46.941254" lon="10.496545"><ele>997</ele></trkpt>
      <trkpt lat="46.941397" lon="10.496682"><ele>999</ele></trkpt>
      <trkpt lat="46.941604" lon="10.496903"><ele>1001</ele></trkpt>
      <trkpt lat="46.941708" lon="10.497034"><ele>1000</ele></trkpt>
      <trkpt lat="46.941887" lon="10.497237"><ele>1000</ele></trkpt>
      <trkpt lat="46.942038" lon="10.497427"><ele>1001</ele></trkpt>
      <trkpt lat="46.942325" lon="10.497859"><ele>1000</ele></trkpt>
      <trkpt lat="46.942659" lon="10.498403"><ele>1000</ele></trkpt>
      <trkpt lat="46.942922" lon="10.498930"><ele>1000</ele></trkpt>
      <trkpt lat="46.943316" lon="10.499832"><ele>1000</ele></trkpt>
      <trkpt lat="46.943366" lon="10.499961"><ele>1000</ele></trkpt>
      <trkpt lat="46.943373" lon="10.500068"><ele>998</ele></trkpt>
      <trkpt lat="46.943407" lon="10.500191"><ele>996</ele></trkpt>
      <trkpt lat="46.943691" lon="10.500595"><ele>997</ele></trkpt>
      <trkpt lat="46.943830" lon="10.500861"><ele>996</ele></trkpt>
      <trkpt lat="46.943988" lon="10.501111"><ele>996</ele></trkpt>
      <trkpt lat="46.944360" lon="10.501747"><ele>996</ele></trkpt>
      <trkpt lat="46.944592" lon="10.502107"><ele>995</ele></trkpt>
      <trkpt lat="46.944823" lon="10.502453"><ele>995</ele></trkpt>
      <trkpt lat="46.945061" lon="10.502793"><ele>997</ele></trkpt>
      <trkpt lat="46.945215" lon="10.503035"><ele>995</ele></trkpt>
      <trkpt lat="46.945383" lon="10.503359"><ele>993</ele></trkpt>
      <trkpt lat="46.945478" lon="10.503584"><ele>993</ele></trkpt>
      <trkpt lat="46.945677" lon="10.504177"><ele>993</ele></trkpt>
      <trkpt lat="46.945882" lon="10.504714"><ele>997</ele></trkpt>
      <trkpt lat="46.946150" lon="10.505170"><ele>996</ele></trkpt>
      <trkpt lat="46.946401" lon="10.505446"><ele>996</ele></trkpt>
      <trkpt lat="46.946568" lon="10.505576"><ele>995</ele></trkpt>
      <trkpt lat="46.946860" lon="10.505753"><ele>994</ele></trkpt>
      <trkpt lat="46.947142" lon="10.505854"><ele>993</ele></trkpt>
      <trkpt lat="46.947367" lon="10.505907"><ele>990</ele></trkpt>
      <trkpt lat="46.947657" lon="10.505928"><ele>988</ele></trkpt>
      <trkpt lat="46.947934" lon="10.505979"><ele>986</ele></trkpt>
      <trkpt lat="46.948235" lon="10.506077"><ele>984</ele></trkpt>
      <trkpt lat="46.948437" lon="10.506232"><ele>982</ele></trkpt>
      <trkpt lat="46.948653" lon="10.506379"><ele>982</ele></trkpt>
      <trkpt lat="46.948861" lon="10.506602"><ele>983</ele></trkpt>
      <trkpt lat="46.949153" lon="10.506947"><ele>982</ele></trkpt>
      <trkpt lat="46.949229" lon="10.507048"><ele>984</ele></trkpt>
      <trkpt lat="46.949483" lon="10.507395"><ele>984</ele></trkpt>
      <trkpt lat="46.950338" lon="10.508311"><ele>981</ele></trkpt>
      <trkpt lat="46.951127" lon="10.509550"><ele>976</ele></trkpt>
      <trkpt lat="46.951844" lon="10.511131"><ele>978</ele></trkpt>
      <trkpt lat="46.952021" lon="10.511374"><ele>976</ele></trkpt>
      <trkpt lat="46.952118" lon="10.511401"><ele>977</ele></trkpt>
      <trkpt lat="46.952233" lon="10.511388"><ele>979</ele></trkpt>
      <trkpt lat="46.952367" lon="10.511388"><ele>978</ele></trkpt>
      <trkpt lat="46.952556" lon="10.511339"><ele>980</ele></trkpt>
      <trkpt lat="46.952635" lon="10.511358"><ele>980</ele></trkpt>
      <trkpt lat="46.952941" lon="10.511520"><ele>978</ele></trkpt>
      <trkpt lat="46.953340" lon="10.511398"><ele>979</ele></trkpt>
      <trkpt lat="46.953500" lon="10.511406"><ele>979</ele></trkpt>
      <trkpt lat="46.953661" lon="10.511458"><ele>978</ele></trkpt>
      <trkpt lat="46.953760" lon="10.511490"><ele>978</ele></trkpt>
      <trkpt lat="46.953999" lon="10.511606"><ele>978</ele></trkpt>
      <trkpt lat="46.954052" lon="10.511568"><ele>980</ele></trkpt>
      <trkpt lat="46.954140" lon="10.511605"><ele>980</ele></trkpt>
      <trkpt lat="46.954243" lon="10.511673"><ele>980</ele></trkpt>
      <trkpt lat="46.954815" lon="10.512252"><ele>979</ele></trkpt>
      <trkpt lat="46.955205" lon="10.512708"><ele>978</ele></trkpt>
      <trkpt lat="46.955238" lon="10.512925"><ele>975</ele></trkpt>
      <trkpt lat="46.955124" lon="10.513418"><ele>973</ele></trkpt>
      <trkpt lat="46.955019" lon="10.513757"><ele>972</ele></trkpt>
      <trkpt lat="46.954991" lon="10.513849"><ele>973</ele></trkpt>
      <trkpt lat="46.954916" lon="10.514101"><ele>972</ele></trkpt>
      <trkpt lat="46.954900" lon="10.514230"><ele>971</ele></trkpt>
      <trkpt lat="46.954897" lon="10.514255"><ele>970</ele></trkpt>
      <trkpt lat="46.954827" lon="10.515121"><ele>973</ele></trkpt>
      <trkpt lat="46.954836" lon="10.515179"><ele>975</ele></trkpt>
      <trkpt lat="46.954971" lon="10.515291"><ele>976</ele></trkpt>
      <trkpt lat="46.954975" lon="10.515331"><ele>976</ele></trkpt>
      <trkpt lat="46.954936" lon="10.515355"><ele>977</ele></trkpt>
      <trkpt lat="46.954856" lon="10.515481"><ele>979</ele></trkpt>
      <trkpt lat="46.954864" lon="10.515649"><ele>980</ele></trkpt>
      <trkpt lat="46.954929" lon="10.515907"><ele>981</ele></trkpt>
      <trkpt lat="46.955012" lon="10.516144"><ele>982</ele></trkpt>
      <trkpt lat="46.955090" lon="10.516440"><ele>982</ele></trkpt>
      <trkpt lat="46.955097" lon="10.516588"><ele>984</ele></trkpt>
      <trkpt lat="46.955295" lon="10.517039"><ele>984</ele></trkpt>
      <trkpt lat="46.955445" lon="10.517616"><ele>982</ele></trkpt>
      <trkpt lat="46.955488" lon="10.518141"><ele>984</ele></trkpt>
      <trkpt lat="46.955474" lon="10.518726"><ele>984</ele></trkpt>
      <trkpt lat="46.955573" lon="10.519174"><ele>984</ele></trkpt>
      <trkpt lat="46.955803" lon="10.519690"><ele>984</ele></trkpt>
      <trkpt lat="46.955891" lon="10.520151"><ele>984</ele></trkpt>
      <trkpt lat="46.956028" lon="10.520469"><ele>985</ele></trkpt>
      <trkpt lat="46.956250" lon="10.520743"><ele>986</ele></trkpt>
      <trkpt lat="46.956449" lon="10.521108"><ele>986</ele></trkpt>
      <trkpt lat="46.956608" lon="10.521495"><ele>990</ele></trkpt>
      <trkpt lat="46.956936" lon="10.522688"><ele>996</ele></trkpt>
      <trkpt lat="46.957069" lon="10.523065"><ele>994</ele></trkpt>
      <trkpt lat="46.957153" lon="10.523242"><ele>994</ele></trkpt>
      <trkpt lat="46.957212" lon="10.523448"><ele>994</ele></trkpt>
      <trkpt lat="46.957250" lon="10.523979"><ele>994</ele></trkpt>
      <trkpt lat="46.957273" lon="10.524139"><ele>993</ele></trkpt>
      <trkpt lat="46.957313" lon="10.524354"><ele>992</ele></trkpt>
      <trkpt lat="46.957394" lon="10.524636"><ele>993</ele></trkpt>
      <trkpt lat="46.957511" lon="10.524803"><ele>993</ele></trkpt>
      <trkpt lat="46.957802" lon="10.525027"><ele>989</ele></trkpt>
      <trkpt lat="46.958149" lon="10.525224"><ele>985</ele></trkpt>
      <trkpt lat="46.958277" lon="10.525235"><ele>983</ele></trkpt>
      <trkpt lat="46.958461" lon="10.525192"><ele>980</ele></trkpt>
      <trkpt lat="46.958626" lon="10.525140"><ele>980</ele></trkpt>
      <trkpt lat="46.958726" lon="10.525141"><ele>980</ele></trkpt>
      <trkpt lat="46.958822" lon="10.525213"><ele>980</ele></trkpt>
      <trkpt lat="46.958943" lon="10.525416"><ele>979</ele></trkpt>
      <trkpt lat="46.959036" lon="10.525615"><ele>979</ele></trkpt>
      <trkpt lat="46.959120" lon="10.525853"><ele>979</ele></trkpt>
      <trkpt lat="46.959180" lon="10.526152"><ele>979</ele></trkpt>
      <trkpt lat="46.959265" lon="10.526653"><ele>978</ele></trkpt>
      <trkpt lat="46.959398" lon="10.527496"><ele>978</ele></trkpt>
      <trkpt lat="46.959432" lon="10.527647"><ele>978</ele></trkpt>
      <trkpt lat="46.959515" lon="10.527897"><ele>978</ele></trkpt>
      <trkpt lat="46.959590" lon="10.528037"><ele>978</ele></trkpt>
      <trkpt lat="46.959690" lon="10.528170"><ele>978</ele></trkpt>
      <trkpt lat="46.959851" lon="10.528322"><ele>978</ele></trkpt>
      <trkpt lat="46.960165" lon="10.528538"><ele>978</ele></trkpt>
      <trkpt lat="46.960340" lon="10.528693"><ele>977</ele></trkpt>
      <trkpt lat="46.960548" lon="10.528968"><ele>977</ele></trkpt>
      <trkpt lat="46.960835" lon="10.529474"><ele>977</ele></trkpt>
      <trkpt lat="46.961481" lon="10.530709"><ele>976</ele></trkpt>
      <trkpt lat="46.961904" lon="10.531622"><ele>975</ele></trkpt>
      <trkpt lat="46.962209" lon="10.532503"><ele>974</ele></trkpt>
      <trkpt lat="46.962468" lon="10.533520"><ele>974</ele></trkpt>
      <trkpt lat="46.962717" lon="10.534437"><ele>974</ele></trkpt>
      <trkpt lat="46.962811" lon="10.534823"><ele>974</ele></trkpt>
      <trkpt lat="46.962897" lon="10.535009"><ele>974</ele></trkpt>
      <trkpt lat="46.962979" lon="10.535087"><ele>973</ele></trkpt>
      <trkpt lat="46.963325" lon="10.535359"><ele>971</ele></trkpt>
      <trkpt lat="46.963565" lon="10.535612"><ele>971</ele></trkpt>
      <trkpt lat="46.963752" lon="10.535884"><ele>970</ele></trkpt>
      <trkpt lat="46.963901" lon="10.536179"><ele>970</ele></trkpt>
      <trkpt lat="46.964007" lon="10.536484"><ele>969</ele></trkpt>
      <trkpt lat="46.964062" lon="10.536724"><ele>969</ele></trkpt>
      <trkpt lat="46.964113" lon="10.536864"><ele>968</ele></trkpt>
      <trkpt lat="46.964201" lon="10.537339"><ele>968</ele></trkpt>
      <trkpt lat="46.964313" lon="10.537769"><ele>968</ele></trkpt>
      <trkpt lat="46.964621" lon="10.538787"><ele>970</ele></trkpt>
      <trkpt lat="46.964653" lon="10.538856"><ele>970</ele></trkpt>
      <trkpt lat="46.964719" lon="10.538954"><ele>970</ele></trkpt>
      <trkpt lat="46.964996" lon="10.539244"><ele>972</ele></trkpt>
      <trkpt lat="46.965152" lon="10.539407"><ele>972</ele></trkpt>
      <trkpt lat="46.965218" lon="10.539479"><ele>972</ele></trkpt>
      <trkpt lat="46.965504" lon="10.539727"><ele>973</ele></trkpt>
      <trkpt lat="46.965833" lon="10.539845"><ele>971</ele></trkpt>
      <trkpt lat="46.965981" lon="10.539933"><ele>970</ele></trkpt>
      <trkpt lat="46.966168" lon="10.540154"><ele>971</ele></trkpt>
      <trkpt lat="46.966266" lon="10.540428"><ele>973</ele></trkpt>
      <trkpt lat="46.966488" lon="10.540929"><ele>973</ele></trkpt>
      <trkpt lat="46.966599" lon="10.541086"><ele>972</ele></trkpt>
      <trkpt lat="46.966789" lon="10.541405"><ele>972</ele></trkpt>
      <trkpt lat="46.966958" lon="10.541787"><ele>973</ele></trkpt>
      <trkpt lat="46.966975" lon="10.541815"><ele>973</ele></trkpt>
      <trkpt lat="46.967003" lon="10.541856"><ele>974</ele></trkpt>
      <trkpt lat="46.967067" lon="10.541936"><ele>974</ele></trkpt>
      <trkpt lat="46.967180" lon="10.542101"><ele>974</ele></trkpt>
      <trkpt lat="46.967276" lon="10.542386"><ele>974</ele></trkpt>
      <trkpt lat="46.967326" lon="10.542538"><ele>974</ele></trkpt>
      <trkpt lat="46.967367" lon="10.542665"><ele>974</ele></trkpt>
      <trkpt lat="46.967398" lon="10.542753"><ele>974</ele></trkpt>
      <trkpt lat="46.967628" lon="10.543021"><ele>974</ele></trkpt>
      <trkpt lat="46.967703" lon="10.543099"><ele>974</ele></trkpt>
      <trkpt lat="46.967885" lon="10.543287"><ele>974</ele></trkpt>
      <trkpt lat="46.967925" lon="10.543309"><ele>973</ele></trkpt>
      <trkpt lat="46.967961" lon="10.543339"><ele>973</ele></trkpt>
      <trkpt lat="46.967944" lon="10.543391"><ele>973</ele></trkpt>
      <trkpt lat="46.967947" lon="10.543449"><ele>973</ele></trkpt>
      <trkpt lat="46.967970" lon="10.543496"><ele>973</ele></trkpt>
      <trkpt lat="46.968006" lon="10.543520"><ele>973</ele></trkpt>
      <trkpt lat="46.967999" lon="10.543604"><ele>973</ele></trkpt>
      <trkpt lat="46.968025" lon="10.543804"><ele>973</ele></trkpt>
      <trkpt lat="46.968029" lon="10.543842"><ele>973</ele></trkpt>
      <trkpt lat="46.968107" lon="10.544004"><ele>972</ele></trkpt>
      <trkpt lat="46.968628" lon="10.544171"><ele>969</ele></trkpt>
      <trkpt lat="46.968967" lon="10.544135"><ele>966</ele></trkpt>
      <trkpt lat="46.969473" lon="10.544516"><ele>964</ele></trkpt>
      <trkpt lat="46.969977" lon="10.544863"><ele>960</ele></trkpt>
      <trkpt lat="46.970218" lon="10.545111"><ele>959</ele></trkpt>
      <trkpt lat="46.970620" lon="10.545574"><ele>957</ele></trkpt>
      <trkpt lat="46.970922" lon="10.545918"><ele>956</ele></trkpt>
      <trkpt lat="46.971056" lon="10.546161"><ele>955</ele></trkpt>
      <trkpt lat="46.971163" lon="10.546580"><ele>955</ele></trkpt>
      <trkpt lat="46.971513" lon="10.547733"><ele>954</ele></trkpt>
      <trkpt lat="46.971967" lon="10.549064"><ele>953</ele></trkpt>
      <trkpt lat="46.972418" lon="10.550121"><ele>952</ele></trkpt>
      <trkpt lat="46.973035" lon="10.551298"><ele>952</ele></trkpt>
      <trkpt lat="46.973194" lon="10.551525"><ele>952</ele></trkpt>
      <trkpt lat="46.973990" lon="10.552695"><ele>951</ele></trkpt>
      <trkpt lat="46.974679" lon="10.553673"><ele>951</ele></trkpt>
      <trkpt lat="46.975274" lon="10.554543"><ele>954</ele></trkpt>
      <trkpt lat="46.975539" lon="10.554881"><ele>952</ele></trkpt>
      <trkpt lat="46.975688" lon="10.555230"><ele>954</ele></trkpt>
      <trkpt lat="46.976079" lon="10.555711"><ele>954</ele></trkpt>
      <trkpt lat="46.976897" lon="10.556807"><ele>954</ele></trkpt>
      <trkpt lat="46.977370" lon="10.557605"><ele>962</ele></trkpt>
      <trkpt lat="46.978144" lon="10.559255"><ele>950</ele></trkpt>
      <trkpt lat="46.978179" lon="10.559450"><ele>953</ele></trkpt>
      <trkpt lat="46.978356" lon="10.559912"><ele>949</ele></trkpt>
      <trkpt lat="46.978599" lon="10.560162"><ele>948</ele></trkpt>
      <trkpt lat="46.978646" lon="10.560210"><ele>948</ele></trkpt>
      <trkpt lat="46.979369" lon="10.561675"><ele>947</ele></trkpt>
      <trkpt lat="46.979668" lon="10.562223"><ele>947</ele></trkpt>
      <trkpt lat="46.980418" lon="10.563075"><ele>946</ele></trkpt>
      <trkpt lat="46.980501" lon="10.563184"><ele>946</ele></trkpt>
      <trkpt lat="46.980571" lon="10.563300"><ele>947</ele></trkpt>
      <trkpt lat="46.980653" lon="10.563488"><ele>946</ele></trkpt>
      <trkpt lat="46.980724" lon="10.563683"><ele>946</ele></trkpt>
      <trkpt lat="46.981064" lon="10.564701"><ele>947</ele></trkpt>
      <trkpt lat="46.981118" lon="10.564905"><ele>948</ele></trkpt>
      <trkpt lat="46.981161" lon="10.565112"><ele>948</ele></trkpt>
      <trkpt lat="46.981372" lon="10.566884"><ele>946</ele></trkpt>
      <trkpt lat="46.981427" lon="10.567171"><ele>946</ele></trkpt>
      <trkpt lat="46.981590" lon="10.567437"><ele>946</ele></trkpt>
      <trkpt lat="46.981674" lon="10.567602"><ele>947</ele></trkpt>
      <trkpt lat="46.982102" lon="10.568264"><ele>947</ele></trkpt>
      <trkpt lat="46.982202" lon="10.568352"><ele>945</ele></trkpt>
      <trkpt lat="46.982573" lon="10.568525"><ele>945</ele></trkpt>
      <trkpt lat="46.983436" lon="10.569381"><ele>946</ele></trkpt>
      <trkpt lat="46.983742" lon="10.569765"><ele>944</ele></trkpt>
      <trkpt lat="46.983967" lon="10.569900"><ele>944</ele></trkpt>
      <trkpt lat="46.985148" lon="10.571502"><ele>951</ele></trkpt>
      <trkpt lat="46.985267" lon="10.571663"><ele>950</ele></trkpt>
      <trkpt lat="46.985778" lon="10.571956"><ele>951</ele></trkpt>
      <trkpt lat="46.986649" lon="10.572781"><ele>959</ele></trkpt>
      <trkpt lat="46.988124" lon="10.574591"><ele>954</ele></trkpt>
      <trkpt lat="46.988379" lon="10.574839"><ele>951</ele></trkpt>
      <trkpt lat="46.988605" lon="10.575008"><ele>947</ele></trkpt>
      <trkpt lat="46.988711" lon="10.575057"><ele>948</ele></trkpt>
      <trkpt lat="46.988826" lon="10.575060"><ele>948</ele></trkpt>
      <trkpt lat="46.989064" lon="10.575107"><ele>948</ele></trkpt>
      <trkpt lat="46.989169" lon="10.575107"><ele>948</ele></trkpt>
      <trkpt lat="46.989771" lon="10.575233"><ele>944</ele></trkpt>
      <trkpt lat="46.990219" lon="10.575401"><ele>942</ele></trkpt>
      <trkpt lat="46.990660" lon="10.575651"><ele>940</ele></trkpt>
      <trkpt lat="46.991901" lon="10.576505"><ele>938</ele></trkpt>
      <trkpt lat="46.992058" lon="10.576655"><ele>940</ele></trkpt>
      <trkpt lat="46.992229" lon="10.576855"><ele>940</ele></trkpt>
      <trkpt lat="46.992272" lon="10.576713"><ele>937</ele></trkpt>
      <trkpt lat="46.992480" lon="10.576115"><ele>936</ele></trkpt>
      <trkpt lat="46.992537" lon="10.575993"><ele>938</ele></trkpt>
      <trkpt lat="46.992669" lon="10.575624"><ele>940</ele></trkpt>
      <trkpt lat="46.992692" lon="10.575558"><ele>940</ele></trkpt>
      <trkpt lat="46.992809" lon="10.575422"><ele>940</ele></trkpt>
      <trkpt lat="46.992837" lon="10.575227"><ele>940</ele></trkpt>
      <trkpt lat="46.992923" lon="10.575176"><ele>940</ele></trkpt>
      <trkpt lat="46.993000" lon="10.575146"><ele>940</ele></trkpt>
      <trkpt lat="46.993150" lon="10.575145"><ele>942</ele></trkpt>
      <trkpt lat="46.993675" lon="10.575714"><ele>944</ele></trkpt>
      <trkpt lat="46.993854" lon="10.575974"><ele>944</ele></trkpt>
      <trkpt lat="46.993968" lon="10.576156"><ele>944</ele></trkpt>
      <trkpt lat="46.994843" lon="10.577675"><ele>947</ele></trkpt>
      <trkpt lat="46.995180" lon="10.578194"><ele>947</ele></trkpt>
      <trkpt lat="46.995841" lon="10.579052"><ele>945</ele></trkpt>
      <trkpt lat="46.995942" lon="10.579241"><ele>944</ele></trkpt>
      <trkpt lat="46.996175" lon="10.579739"><ele>945</ele></trkpt>
      <trkpt lat="46.996403" lon="10.580361"><ele>950</ele></trkpt>
      <trkpt lat="46.996459" lon="10.580495"><ele>951</ele></trkpt>
      <trkpt lat="46.996564" lon="10.580707"><ele>950</ele></trkpt>
      <trkpt lat="46.996675" lon="10.580910"><ele>949</ele></trkpt>
      <trkpt lat="46.996811" lon="10.581093"><ele>950</ele></trkpt>
      <trkpt lat="46.997406" lon="10.581655"><ele>952</ele></trkpt>
      <trkpt lat="46.997995" lon="10.582200"><ele>951</ele></trkpt>
      <trkpt lat="46.998046" lon="10.582259"><ele>951</ele></trkpt>
      <trkpt lat="46.998097" lon="10.582342"><ele>951</ele></trkpt>
      <trkpt lat="46.998351" lon="10.582899"><ele>950</ele></trkpt>
      <trkpt lat="46.998512" lon="10.583368"><ele>952</ele></trkpt>
      <trkpt lat="46.998533" lon="10.583450"><ele>952</ele></trkpt>
      <trkpt lat="46.998575" lon="10.583629"><ele>952</ele></trkpt>
      <trkpt lat="46.998628" lon="10.583795"><ele>952</ele></trkpt>
      <trkpt lat="46.998784" lon="10.584372"><ele>952</ele></trkpt>
      <trkpt lat="46.998846" lon="10.584562"><ele>952</ele></trkpt>
      <trkpt lat="46.998951" lon="10.584806"><ele>952</ele></trkpt>
      <trkpt lat="46.999059" lon="10.585027"><ele>953</ele></trkpt>
      <trkpt lat="46.999445" lon="10.585783"><ele>953</ele></trkpt>
      <trkpt lat="46.999529" lon="10.585909"><ele>952</ele></trkpt>
      <trkpt lat="46.999634" lon="10.586018"><ele>952</ele></trkpt>
      <trkpt lat="46.999827" lon="10.586166"><ele>953</ele></trkpt>
      <trkpt lat="46.999909" lon="10.586253"><ele>953</ele></trkpt>
      <trkpt lat="47.000160" lon="10.586606"><ele>951</ele></trkpt>
      <trkpt lat="47.000336" lon="10.586823"><ele>950</ele></trkpt>
      <trkpt lat="47.000358" lon="10.586841"><ele>950</ele></trkpt>
      <trkpt lat="47.000473" lon="10.586930"><ele>948</ele></trkpt>
      <trkpt lat="47.000806" lon="10.587156"><ele>945</ele></trkpt>
      <trkpt lat="47.000899" lon="10.587220"><ele>944</ele></trkpt>
      <trkpt lat="47.001523" lon="10.587502"><ele>941</ele></trkpt>
      <trkpt lat="47.001618" lon="10.587553"><ele>941</ele></trkpt>
      <trkpt lat="47.001759" lon="10.587628"><ele>943</ele></trkpt>
      <trkpt lat="47.001859" lon="10.587787"><ele>941</ele></trkpt>
      <trkpt lat="47.001878" lon="10.587819"><ele>941</ele></trkpt>
      <trkpt lat="47.001953" lon="10.588013"><ele>940</ele></trkpt>
      <trkpt lat="47.002095" lon="10.588332"><ele>940</ele></trkpt>
      <trkpt lat="47.002201" lon="10.588526"><ele>941</ele></trkpt>
      <trkpt lat="47.002478" lon="10.588897"><ele>942</ele></trkpt>
      <trkpt lat="47.002584" lon="10.589002"><ele>943</ele></trkpt>
      <trkpt lat="47.002768" lon="10.589182"><ele>942</ele></trkpt>
      <trkpt lat="47.003040" lon="10.589571"><ele>948</ele></trkpt>
      <trkpt lat="47.003271" lon="10.589916"><ele>946</ele></trkpt>
      <trkpt lat="47.003417" lon="10.590065"><ele>946</ele></trkpt>
      <trkpt lat="47.003520" lon="10.590131"><ele>947</ele></trkpt>
      <trkpt lat="47.004233" lon="10.590532"><ele>948</ele></trkpt>
      <trkpt lat="47.004358" lon="10.590588"><ele>948</ele></trkpt>
      <trkpt lat="47.004770" lon="10.590726"><ele>946</ele></trkpt>
      <trkpt lat="47.004940" lon="10.590822"><ele>946</ele></trkpt>
      <trkpt lat="47.005054" lon="10.590924"><ele>945</ele></trkpt>
      <trkpt lat="47.005597" lon="10.591581"><ele>942</ele></trkpt>
      <trkpt lat="47.005974" lon="10.591994"><ele>944</ele></trkpt>
      <trkpt lat="47.006118" lon="10.592224"><ele>942</ele></trkpt>
      <trkpt lat="47.006318" lon="10.592632"><ele>942</ele></trkpt>
      <trkpt lat="47.006487" lon="10.592932"><ele>941</ele></trkpt>
      <trkpt lat="47.006655" lon="10.593149"><ele>942</ele></trkpt>
      <trkpt lat="47.006860" lon="10.593358"><ele>942</ele></trkpt>
      <trkpt lat="47.007095" lon="10.593508"><ele>940</ele></trkpt>
      <trkpt lat="47.007483" lon="10.593651"><ele>941</ele></trkpt>
      <trkpt lat="47.007634" lon="10.593752"><ele>942</ele></trkpt>
      <trkpt lat="47.007811" lon="10.593979"><ele>943</ele></trkpt>
      <trkpt lat="47.007934" lon="10.594256"><ele>943</ele></trkpt>
      <trkpt lat="47.008068" lon="10.594640"><ele>942</ele></trkpt>
      <trkpt lat="47.008305" lon="10.595260"><ele>941</ele></trkpt>
      <trkpt lat="47.008400" lon="10.595482"><ele>942</ele></trkpt>
      <trkpt lat="47.008504" lon="10.595702"><ele>942</ele></trkpt>
      <trkpt lat="47.008634" lon="10.595922"><ele>941</ele></trkpt>
      <trkpt lat="47.009040" lon="10.596428"><ele>945</ele></trkpt>
      <trkpt lat="47.009272" lon="10.596706"><ele>946</ele></trkpt>
      <trkpt lat="47.009317" lon="10.596768"><ele>946</ele></trkpt>
      <trkpt lat="47.009484" lon="10.596994"><ele>946</ele></trkpt>
      <trkpt lat="47.009575" lon="10.597134"><ele>947</ele></trkpt>
      <trkpt lat="47.009729" lon="10.597323"><ele>947</ele></trkpt>
      <trkpt lat="47.010155" lon="10.597691"><ele>949</ele></trkpt>
      <trkpt lat="47.010248" lon="10.597775"><ele>949</ele></trkpt>
      <trkpt lat="47.010569" lon="10.598045"><ele>948</ele></trkpt>
      <trkpt lat="47.010700" lon="10.598086"><ele>947</ele></trkpt>
      <trkpt lat="47.010805" lon="10.598103"><ele>946</ele></trkpt>
      <trkpt lat="47.010953" lon="10.598098"><ele>945</ele></trkpt>
      <trkpt lat="47.011126" lon="10.598096"><ele>943</ele></trkpt>
      <trkpt lat="47.011458" lon="10.598116"><ele>946</ele></trkpt>
      <trkpt lat="47.011580" lon="10.598144"><ele>945</ele></trkpt>
      <trkpt lat="47.011988" lon="10.598287"><ele>944</ele></trkpt>
      <trkpt lat="47.012265" lon="10.598442"><ele>942</ele></trkpt>
      <trkpt lat="47.012851" lon="10.598905"><ele>940</ele></trkpt>
      <trkpt lat="47.013090" lon="10.599133"><ele>938</ele></trkpt>
      <trkpt lat="47.013386" lon="10.599505"><ele>938</ele></trkpt>
      <trkpt lat="47.013480" lon="10.599648"><ele>936</ele></trkpt>
      <trkpt lat="47.013517" lon="10.599770"><ele>932</ele></trkpt>
      <trkpt lat="47.013514" lon="10.599829"><ele>930</ele></trkpt>
      <trkpt lat="47.013419" lon="10.600350"><ele>926</ele></trkpt>
      <trkpt lat="47.013395" lon="10.600519"><ele>930</ele></trkpt>
      <trkpt lat="47.013429" lon="10.600711"><ele>931</ele></trkpt>
      <trkpt lat="47.013490" lon="10.600864"><ele>930</ele></trkpt>
      <trkpt lat="47.013836" lon="10.601360"><ele>931</ele></trkpt>
      <trkpt lat="47.014111" lon="10.601803"><ele>930</ele></trkpt>
      <trkpt lat="47.014662" lon="10.602784"><ele>930</ele></trkpt>
      <trkpt lat="47.015214" lon="10.603801"><ele>930</ele></trkpt>
      <trkpt lat="47.015320" lon="10.603960"><ele>930</ele></trkpt>
      <trkpt lat="47.015729" lon="10.604427"><ele>930</ele></trkpt>
      <trkpt lat="47.015784" lon="10.604514"><ele>930</ele></trkpt>
      <trkpt lat="47.015873" lon="10.604716"><ele>931</ele></trkpt>
      <trkpt lat="47.015971" lon="10.604819"><ele>930</ele></trkpt>
      <trkpt lat="47.016143" lon="10.604974"><ele>930</ele></trkpt>
      <trkpt lat="47.016902" lon="10.605656"><ele>931</ele></trkpt>
      <trkpt lat="47.017307" lon="10.606020"><ele>931</ele></trkpt>
      <trkpt lat="47.017510" lon="10.606210"><ele>930</ele></trkpt>
      <trkpt lat="47.017577" lon="10.606285"><ele>930</ele></trkpt>
      <trkpt lat="47.017758" lon="10.606571"><ele>930</ele></trkpt>
      <trkpt lat="47.017803" lon="10.606633"><ele>930</ele></trkpt>
      <trkpt lat="47.017823" lon="10.606661"><ele>930</ele></trkpt>
      <trkpt lat="47.017940" lon="10.606827"><ele>929</ele></trkpt>
      <trkpt lat="47.018069" lon="10.607016"><ele>928</ele></trkpt>
      <trkpt lat="47.018143" lon="10.607155"><ele>928</ele></trkpt>
      <trkpt lat="47.018314" lon="10.607483"><ele>928</ele></trkpt>
      <trkpt lat="47.018383" lon="10.607625"><ele>928</ele></trkpt>
      <trkpt lat="47.018497" lon="10.607829"><ele>927</ele></trkpt>
      <trkpt lat="47.018664" lon="10.608078"><ele>927</ele></trkpt>
      <trkpt lat="47.018872" lon="10.608323"><ele>927</ele></trkpt>
      <trkpt lat="47.019003" lon="10.608456"><ele>926</ele></trkpt>
      <trkpt lat="47.019165" lon="10.608591"><ele>926</ele></trkpt>
      <trkpt lat="47.019277" lon="10.608671"><ele>926</ele></trkpt>
      <trkpt lat="47.019657" lon="10.608932"><ele>926</ele></trkpt>
      <trkpt lat="47.020115" lon="10.609215"><ele>925</ele></trkpt>
      <trkpt lat="47.020399" lon="10.609407"><ele>924</ele></trkpt>
      <trkpt lat="47.020477" lon="10.609482"><ele>924</ele></trkpt>
      <trkpt lat="47.020608" lon="10.609634"><ele>923</ele></trkpt>
      <trkpt lat="47.020715" lon="10.609789"><ele>922</ele></trkpt>
      <trkpt lat="47.020810" lon="10.609983"><ele>924</ele></trkpt>
      <trkpt lat="47.020925" lon="10.610307"><ele>920</ele></trkpt>
      <trkpt lat="47.021109" lon="10.611057"><ele>923</ele></trkpt>
      <trkpt lat="47.021174" lon="10.611322"><ele>921</ele></trkpt>
      <trkpt lat="47.021269" lon="10.611614"><ele>921</ele></trkpt>
      <trkpt lat="47.021342" lon="10.611823"><ele>921</ele></trkpt>
      <trkpt lat="47.021406" lon="10.612019"><ele>920</ele></trkpt>
      <trkpt lat="47.021481" lon="10.612220"><ele>917</ele></trkpt>
      <trkpt lat="47.021621" lon="10.612613"><ele>918</ele></trkpt>
      <trkpt lat="47.021747" lon="10.612991"><ele>917</ele></trkpt>
      <trkpt lat="47.021798" lon="10.613287"><ele>916</ele></trkpt>
      <trkpt lat="47.021828" lon="10.613458"><ele>916</ele></trkpt>
      <trkpt lat="47.021952" lon="10.614154"><ele>918</ele></trkpt>
      <trkpt lat="47.022030" lon="10.614592"><ele>916</ele></trkpt>
      <trkpt lat="47.022215" lon="10.615390"><ele>917</ele></trkpt>
      <trkpt lat="47.022352" lon="10.615893"><ele>914</ele></trkpt>
      <trkpt lat="47.022430" lon="10.616188"><ele>916</ele></trkpt>
      <trkpt lat="47.022563" lon="10.616657"><ele>915</ele></trkpt>
      <trkpt lat="47.022932" lon="10.617696"><ele>914</ele></trkpt>
      <trkpt lat="47.023071" lon="10.618073"><ele>916</ele></trkpt>
      <trkpt lat="47.023359" lon="10.618646"><ele>917</ele></trkpt>
      <trkpt lat="47.023713" lon="10.619192"><ele>916</ele></trkpt>
      <trkpt lat="47.023832" lon="10.619369"><ele>917</ele></trkpt>
      <trkpt lat="47.024513" lon="10.620480"><ele>921</ele></trkpt>
      <trkpt lat="47.024555" lon="10.620524"><ele>922</ele></trkpt>
      <trkpt lat="47.024674" lon="10.620654"><ele>922</ele></trkpt>
      <trkpt lat="47.024810" lon="10.620828"><ele>922</ele></trkpt>
      <trkpt lat="47.024862" lon="10.620888"><ele>922</ele></trkpt>
      <trkpt lat="47.025090" lon="10.621184"><ele>920</ele></trkpt>
      <trkpt lat="47.025460" lon="10.621696"><ele>919</ele></trkpt>
      <trkpt lat="47.025550" lon="10.621875"><ele>918</ele></trkpt>
      <trkpt lat="47.025619" lon="10.622096"><ele>918</ele></trkpt>
      <trkpt lat="47.025663" lon="10.622293"><ele>918</ele></trkpt>
      <trkpt lat="47.025684" lon="10.622572"><ele>918</ele></trkpt>
      <trkpt lat="47.025762" lon="10.622700"><ele>917</ele></trkpt>
      <trkpt lat="47.025814" lon="10.622795"><ele>916</ele></trkpt>
      <trkpt lat="47.025926" lon="10.623009"><ele>917</ele></trkpt>
      <trkpt lat="47.025978" lon="10.623110"><ele>916</ele></trkpt>
      <trkpt lat="47.027442" lon="10.625929"><ele>911</ele></trkpt>
      <trkpt lat="47.027614" lon="10.626213"><ele>910</ele></trkpt>
      <trkpt lat="47.027751" lon="10.626378"><ele>910</ele></trkpt>
      <trkpt lat="47.027924" lon="10.626485"><ele>909</ele></trkpt>
      <trkpt lat="47.028079" lon="10.626555"><ele>908</ele></trkpt>
      <trkpt lat="47.029361" lon="10.626725"><ele>906</ele></trkpt>
      <trkpt lat="47.029578" lon="10.626754"><ele>906</ele></trkpt>
      <trkpt lat="47.029831" lon="10.626869"><ele>906</ele></trkpt>
      <trkpt lat="47.029968" lon="10.626991"><ele>906</ele></trkpt>
      <trkpt lat="47.030668" lon="10.627912"><ele>906</ele></trkpt>
      <trkpt lat="47.030689" lon="10.627947"><ele>905</ele></trkpt>
      <trkpt lat="47.030931" lon="10.628341"><ele>905</ele></trkpt>
      <trkpt lat="47.031033" lon="10.628563"><ele>905</ele></trkpt>
      <trkpt lat="47.031073" lon="10.628727"><ele>905</ele></trkpt>
      <trkpt lat="47.031079" lon="10.628753"><ele>905</ele></trkpt>
      <trkpt lat="47.031202" lon="10.629449"><ele>910</ele></trkpt>
      <trkpt lat="47.031231" lon="10.629621"><ele>909</ele></trkpt>
      <trkpt lat="47.031283" lon="10.629861"><ele>909</ele></trkpt>
      <trkpt lat="47.031310" lon="10.629846"><ele>909</ele></trkpt>
      <trkpt lat="47.031344" lon="10.629852"><ele>908</ele></trkpt>
      <trkpt lat="47.031478" lon="10.630064"><ele>907</ele></trkpt>
      <trkpt lat="47.031707" lon="10.630273"><ele>906</ele></trkpt>
      <trkpt lat="47.032358" lon="10.630671"><ele>902</ele></trkpt>
      <trkpt lat="47.032639" lon="10.630917"><ele>902</ele></trkpt>
      <trkpt lat="47.033519" lon="10.631322"><ele>900</ele></trkpt>
      <trkpt lat="47.034173" lon="10.631690"><ele>900</ele></trkpt>
      <trkpt lat="47.034780" lon="10.631954"><ele>900</ele></trkpt>
      <trkpt lat="47.034842" lon="10.631957"><ele>900</ele></trkpt>
      <trkpt lat="47.034897" lon="10.631923"><ele>899</ele></trkpt>
      <trkpt lat="47.035154" lon="10.631372"><ele>899</ele></trkpt>
      <trkpt lat="47.035342" lon="10.631013"><ele>898</ele></trkpt>
      <trkpt lat="47.035408" lon="10.630871"><ele>898</ele></trkpt>
      <trkpt lat="47.035497" lon="10.630737"><ele>899</ele></trkpt>
      <trkpt lat="47.035731" lon="10.630649"><ele>900</ele></trkpt>
      <trkpt lat="47.036433" lon="10.630628"><ele>898</ele></trkpt>
      <trkpt lat="47.036527" lon="10.630603"><ele>898</ele></trkpt>
      <trkpt lat="47.036557" lon="10.630516"><ele>900</ele></trkpt>
      <trkpt lat="47.036561" lon="10.629977"><ele>903</ele></trkpt>
      <trkpt lat="47.036547" lon="10.629865"><ele>900</ele></trkpt>
      <trkpt lat="47.036607" lon="10.629812"><ele>899</ele></trkpt>
      <trkpt lat="47.036898" lon="10.629818"><ele>899</ele></trkpt>
      <trkpt lat="47.037280" lon="10.629802"><ele>900</ele></trkpt>
      <trkpt lat="47.037603" lon="10.629846"><ele>900</ele></trkpt>
      <trkpt lat="47.037895" lon="10.629836"><ele>899</ele></trkpt>
      <trkpt lat="47.038363" lon="10.629963"><ele>898</ele></trkpt>
      <trkpt lat="47.038519" lon="10.630018"><ele>898</ele></trkpt>
      <trkpt lat="47.038796" lon="10.630131"><ele>899</ele></trkpt>
      <trkpt lat="47.039074" lon="10.630255"><ele>898</ele></trkpt>
      <trkpt lat="47.039276" lon="10.630355"><ele>898</ele></trkpt>
      <trkpt lat="47.039462" lon="10.630465"><ele>898</ele></trkpt>
      <trkpt lat="47.039830" lon="10.630704"><ele>897</ele></trkpt>
      <trkpt lat="47.040039" lon="10.630878"><ele>896</ele></trkpt>
      <trkpt lat="47.040264" lon="10.631096"><ele>896</ele></trkpt>
      <trkpt lat="47.040595" lon="10.631453"><ele>897</ele></trkpt>
      <trkpt lat="47.040759" lon="10.631657"><ele>897</ele></trkpt>
      <trkpt lat="47.040875" lon="10.631851"><ele>898</ele></trkpt>
      <trkpt lat="47.041049" lon="10.632298"><ele>898</ele></trkpt>
      <trkpt lat="47.041401" lon="10.632842"><ele>898</ele></trkpt>
      <trkpt lat="47.041746" lon="10.633454"><ele>896</ele></trkpt>
      <trkpt lat="47.041857" lon="10.633731"><ele>895</ele></trkpt>
      <trkpt lat="47.041893" lon="10.633860"><ele>896</ele></trkpt>
      <trkpt lat="47.041941" lon="10.633961"><ele>896</ele></trkpt>
      <trkpt lat="47.042079" lon="10.634258"><ele>894</ele></trkpt>
      <trkpt lat="47.043074" lon="10.636286"><ele>896</ele></trkpt>
      <trkpt lat="47.043947" lon="10.638007"><ele>896</ele></trkpt>
      <trkpt lat="47.044397" lon="10.638820"><ele>894</ele></trkpt>
      <trkpt lat="47.044924" lon="10.639591"><ele>892</ele></trkpt>
      <trkpt lat="47.045033" lon="10.639645"><ele>891</ele></trkpt>
      <trkpt lat="47.045081" lon="10.639677"><ele>891</ele></trkpt>
      <trkpt lat="47.045126" lon="10.639722"><ele>890</ele></trkpt>
      <trkpt lat="47.045196" lon="10.639822"><ele>890</ele></trkpt>
      <trkpt lat="47.045369" lon="10.639968"><ele>890</ele></trkpt>
      <trkpt lat="47.045441" lon="10.640043"><ele>889</ele></trkpt>
      <trkpt lat="47.045469" lon="10.640094"><ele>889</ele></trkpt>
      <trkpt lat="47.045456" lon="10.640168"><ele>890</ele></trkpt>
      <trkpt lat="47.045363" lon="10.640623"><ele>892</ele></trkpt>
      <trkpt lat="47.045392" lon="10.640718"><ele>893</ele></trkpt>
      <trkpt lat="47.045595" lon="10.640887"><ele>891</ele></trkpt>
      <trkpt lat="47.046938" lon="10.642010"><ele>894</ele></trkpt>
      <trkpt lat="47.047237" lon="10.642236"><ele>894</ele></trkpt>
      <trkpt lat="47.047485" lon="10.642450"><ele>894</ele></trkpt>
      <trkpt lat="47.047626" lon="10.642622"><ele>895</ele></trkpt>
      <trkpt lat="47.047651" lon="10.642683"><ele>895</ele></trkpt>
      <trkpt lat="47.047967" lon="10.643894"><ele>894</ele></trkpt>
      <trkpt lat="47.048393" lon="10.645110"><ele>892</ele></trkpt>
      <trkpt lat="47.048509" lon="10.645374"><ele>891</ele></trkpt>
      <trkpt lat="47.048724" lon="10.645775"><ele>890</ele></trkpt>
      <trkpt lat="47.049058" lon="10.646512"><ele>889</ele></trkpt>
      <trkpt lat="47.049318" lon="10.646929"><ele>889</ele></trkpt>
      <trkpt lat="47.049341" lon="10.647053"><ele>889</ele></trkpt>
      <trkpt lat="47.049453" lon="10.647146"><ele>888</ele></trkpt>
      <trkpt lat="47.049763" lon="10.647418"><ele>888</ele></trkpt>
      <trkpt lat="47.049874" lon="10.647551"><ele>888</ele></trkpt>
      <trkpt lat="47.049885" lon="10.647564"><ele>888</ele></trkpt>
      <trkpt lat="47.050022" lon="10.647728"><ele>887</ele></trkpt>
      <trkpt lat="47.050106" lon="10.647836"><ele>887</ele></trkpt>
      <trkpt lat="47.050164" lon="10.647930"><ele>886</ele></trkpt>
      <trkpt lat="47.050307" lon="10.648192"><ele>886</ele></trkpt>
      <trkpt lat="47.050621" lon="10.648765"><ele>884</ele></trkpt>
      <trkpt lat="47.050661" lon="10.648838"><ele>884</ele></trkpt>
      <trkpt lat="47.051212" lon="10.649628"><ele>884</ele></trkpt>
      <trkpt lat="47.051371" lon="10.649859"><ele>883</ele></trkpt>
      <trkpt lat="47.052061" lon="10.650867"><ele>883</ele></trkpt>
      <trkpt lat="47.052102" lon="10.650932"><ele>883</ele></trkpt>
      <trkpt lat="47.052135" lon="10.650984"><ele>882</ele></trkpt>
      <trkpt lat="47.052472" lon="10.651559"><ele>882</ele></trkpt>
      <trkpt lat="47.052621" lon="10.651826"><ele>882</ele></trkpt>
      <trkpt lat="47.052713" lon="10.651985"><ele>881</ele></trkpt>
      <trkpt lat="47.052924" lon="10.652224"><ele>880</ele></trkpt>
      <trkpt lat="47.053132" lon="10.652386"><ele>879</ele></trkpt>
      <trkpt lat="47.053351" lon="10.652525"><ele>877</ele></trkpt>
      <trkpt lat="47.053458" lon="10.652585"><ele>877</ele></trkpt>
      <trkpt lat="47.053504" lon="10.652610"><ele>877</ele></trkpt>
      <trkpt lat="47.053544" lon="10.652632"><ele>876</ele></trkpt>
      <trkpt lat="47.054263" lon="10.653031"><ele>876</ele></trkpt>
      <trkpt lat="47.054561" lon="10.653200"><ele>876</ele></trkpt>
      <trkpt lat="47.054639" lon="10.653264"><ele>876</ele></trkpt>
      <trkpt lat="47.054776" lon="10.653383"><ele>876</ele></trkpt>
      <trkpt lat="47.054841" lon="10.653445"><ele>876</ele></trkpt>
      <trkpt lat="47.054902" lon="10.653543"><ele>876</ele></trkpt>
      <trkpt lat="47.055048" lon="10.653770"><ele>875</ele></trkpt>
      <trkpt lat="47.055096" lon="10.653839"><ele>875</ele></trkpt>
      <trkpt lat="47.055218" lon="10.654017"><ele>875</ele></trkpt>
      <trkpt lat="47.055250" lon="10.654129"><ele>875</ele></trkpt>
      <trkpt lat="47.055253" lon="10.654338"><ele>875</ele></trkpt>
      <trkpt lat="47.055274" lon="10.654422"><ele>875</ele></trkpt>
      <trkpt lat="47.055310" lon="10.654482"><ele>875</ele></trkpt>
      <trkpt lat="47.055473" lon="10.654635"><ele>875</ele></trkpt>
      <trkpt lat="47.055498" lon="10.654687"><ele>875</ele></trkpt>
      <trkpt lat="47.055508" lon="10.654743"><ele>875</ele></trkpt>
      <trkpt lat="47.055512" lon="10.654934"><ele>875</ele></trkpt>
      <trkpt lat="47.055518" lon="10.655305"><ele>875</ele></trkpt>
      <trkpt lat="47.055508" lon="10.655654"><ele>874</ele></trkpt>
      <trkpt lat="47.055495" lon="10.655761"><ele>874</ele></trkpt>
      <trkpt lat="47.055481" lon="10.655867"><ele>874</ele></trkpt>
      <trkpt lat="47.055459" lon="10.655969"><ele>874</ele></trkpt>
      <trkpt lat="47.055752" lon="10.656271"><ele>874</ele></trkpt>
      <trkpt lat="47.055812" lon="10.656310"><ele>874</ele></trkpt>
      <trkpt lat="47.056081" lon="10.656446"><ele>875</ele></trkpt>
      <trkpt lat="47.056200" lon="10.656508"><ele>875</ele></trkpt>
      <trkpt lat="47.056293" lon="10.656572"><ele>875</ele></trkpt>
      <trkpt lat="47.056500" lon="10.656850"><ele>875</ele></trkpt>
      <trkpt lat="47.056540" lon="10.656904"><ele>875</ele></trkpt>
      <trkpt lat="47.056729" lon="10.657158"><ele>876</ele></trkpt>
      <trkpt lat="47.056926" lon="10.656765"><ele>875</ele></trkpt>
      <trkpt lat="47.057068" lon="10.656251"><ele>875</ele></trkpt>
      <trkpt lat="47.057535" lon="10.656600"><ele>874</ele></trkpt>
      <trkpt lat="47.057840" lon="10.656905"><ele>873</ele></trkpt>
      <trkpt lat="47.058014" lon="10.657130"><ele>873</ele></trkpt>
      <trkpt lat="47.058139" lon="10.657235"><ele>873</ele></trkpt>
      <trkpt lat="47.058667" lon="10.657470"><ele>873</ele></trkpt>
      <trkpt lat="47.058752" lon="10.657509"><ele>873</ele></trkpt>
      <trkpt lat="47.058951" lon="10.657221"><ele>875</ele></trkpt>
      <trkpt lat="47.059281" lon="10.657532"><ele>874</ele></trkpt>
      <trkpt lat="47.059965" lon="10.658036"><ele>873</ele></trkpt>
      <trkpt lat="47.060399" lon="10.658267"><ele>874</ele></trkpt>
      <trkpt lat="47.060695" lon="10.658424"><ele>873</ele></trkpt>
      <trkpt lat="47.060910" lon="10.658525"><ele>872</ele></trkpt>
      <trkpt lat="47.061147" lon="10.658630"><ele>873</ele></trkpt>
      <trkpt lat="47.061302" lon="10.658699"><ele>874</ele></trkpt>
      <trkpt lat="47.062544" lon="10.658993"><ele>873</ele></trkpt>
      <trkpt lat="47.062960" lon="10.659087"><ele>874</ele></trkpt>
      <trkpt lat="47.063357" lon="10.659151"><ele>871</ele></trkpt>
      <trkpt lat="47.063662" lon="10.659250"><ele>868</ele></trkpt>
      <trkpt lat="47.064010" lon="10.659447"><ele>873</ele></trkpt>
      <trkpt lat="47.064076" lon="10.659613"><ele>872</ele></trkpt>
      <trkpt lat="47.064142" lon="10.659784"><ele>870</ele></trkpt>
      <trkpt lat="47.064369" lon="10.659967"><ele>870</ele></trkpt>
      <trkpt lat="47.064863" lon="10.660333"><ele>869</ele></trkpt>
      <trkpt lat="47.065418" lon="10.660745"><ele>869</ele></trkpt>
      <trkpt lat="47.065697" lon="10.660919"><ele>869</ele></trkpt>
      <trkpt lat="47.066105" lon="10.661047"><ele>869</ele></trkpt>
      <trkpt lat="47.066452" lon="10.661121"><ele>869</ele></trkpt>
      <trkpt lat="47.066690" lon="10.661099"><ele>870</ele></trkpt>
      <trkpt lat="47.066782" lon="10.661144"><ele>872</ele></trkpt>
      <trkpt lat="47.067337" lon="10.661637"><ele>872</ele></trkpt>
      <trkpt lat="47.067604" lon="10.662013"><ele>871</ele></trkpt>
      <trkpt lat="47.068157" lon="10.662722"><ele>870</ele></trkpt>
      <trkpt lat="47.068242" lon="10.663000"><ele>871</ele></trkpt>
      <trkpt lat="47.068320" lon="10.663088"><ele>871</ele></trkpt>
      <trkpt lat="47.068517" lon="10.663304"><ele>870</ele></trkpt>
      <trkpt lat="47.068610" lon="10.663373"><ele>868</ele></trkpt>
      <trkpt lat="47.068820" lon="10.663531"><ele>868</ele></trkpt>
      <trkpt lat="47.069016" lon="10.663650"><ele>870</ele></trkpt>
      <trkpt lat="47.069449" lon="10.663746"><ele>870</ele></trkpt>
      <trkpt lat="47.069606" lon="10.663782"><ele>870</ele></trkpt>
      <trkpt lat="47.069942" lon="10.663819"><ele>869</ele></trkpt>
      <trkpt lat="47.070551" lon="10.663818"><ele>868</ele></trkpt>
      <trkpt lat="47.070629" lon="10.663836"><ele>868</ele></trkpt>
      <trkpt lat="47.070738" lon="10.663886"><ele>867</ele></trkpt>
      <trkpt lat="47.070859" lon="10.664057"><ele>867</ele></trkpt>
      <trkpt lat="47.070929" lon="10.664206"><ele>867</ele></trkpt>
      <trkpt lat="47.071023" lon="10.664789"><ele>867</ele></trkpt>
      <trkpt lat="47.071043" lon="10.664909"><ele>867</ele></trkpt>
      <trkpt lat="47.071060" lon="10.665047"><ele>867</ele></trkpt>
      <trkpt lat="47.071186" lon="10.666042"><ele>867</ele></trkpt>
      <trkpt lat="47.071228" lon="10.666274"><ele>867</ele></trkpt>
      <trkpt lat="47.071278" lon="10.666418"><ele>867</ele></trkpt>
      <trkpt lat="47.071331" lon="10.666524"><ele>867</ele></trkpt>
      <trkpt lat="47.071408" lon="10.666608"><ele>867</ele></trkpt>
      <trkpt lat="47.071476" lon="10.666655"><ele>867</ele></trkpt>
      <trkpt lat="47.071564" lon="10.666679"><ele>867</ele></trkpt>
      <trkpt lat="47.071642" lon="10.666678"><ele>867</ele></trkpt>
      <trkpt lat="47.071716" lon="10.666661"><ele>867</ele></trkpt>
      <trkpt lat="47.071798" lon="10.666623"><ele>867</ele></trkpt>
      <trkpt lat="47.071814" lon="10.666679"><ele>867</ele></trkpt>
      <trkpt lat="47.071909" lon="10.666606"><ele>867</ele></trkpt>
      <trkpt lat="47.072251" lon="10.666208"><ele>867</ele></trkpt>
      <trkpt lat="47.072433" lon="10.666052"><ele>867</ele></trkpt>
      <trkpt lat="47.072645" lon="10.665948"><ele>867</ele></trkpt>
      <trkpt lat="47.072929" lon="10.665809"><ele>867</ele></trkpt>
      <trkpt lat="47.072960" lon="10.665794"><ele>867</ele></trkpt>
      <trkpt lat="47.073286" lon="10.665622"><ele>866</ele></trkpt>
      <trkpt lat="47.073649" lon="10.665431"><ele>866</ele></trkpt>
      <trkpt lat="47.073990" lon="10.665252"><ele>866</ele></trkpt>
      <trkpt lat="47.074160" lon="10.665163"><ele>866</ele></trkpt>
      <trkpt lat="47.074452" lon="10.664882"><ele>866</ele></trkpt>
      <trkpt lat="47.074486" lon="10.664847"><ele>866</ele></trkpt>
      <trkpt lat="47.074671" lon="10.664656"><ele>866</ele></trkpt>
      <trkpt lat="47.074963" lon="10.664438"><ele>865</ele></trkpt>
      <trkpt lat="47.075055" lon="10.664370"><ele>865</ele></trkpt>
      <trkpt lat="47.075201" lon="10.664303"><ele>865</ele></trkpt>
      <trkpt lat="47.075377" lon="10.664223"><ele>865</ele></trkpt>
      <trkpt lat="47.075626" lon="10.664109"><ele>865</ele></trkpt>
      <trkpt lat="47.075819" lon="10.663988"><ele>865</ele></trkpt>
      <trkpt lat="47.075868" lon="10.663958"><ele>865</ele></trkpt>
      <trkpt lat="47.076174" lon="10.663757"><ele>865</ele></trkpt>
      <trkpt lat="47.076203" lon="10.663739"><ele>865</ele></trkpt>
      <trkpt lat="47.076253" lon="10.663707"><ele>864</ele></trkpt>
      <trkpt lat="47.076350" lon="10.663645"><ele>864</ele></trkpt>
      <trkpt lat="47.076543" lon="10.663572"><ele>864</ele></trkpt>
      <trkpt lat="47.076557" lon="10.663447"><ele>864</ele></trkpt>
      <trkpt lat="47.076602" lon="10.663308"><ele>864</ele></trkpt>
      <trkpt lat="47.076672" lon="10.663187"><ele>864</ele></trkpt>
      <trkpt lat="47.076855" lon="10.662911"><ele>864</ele></trkpt>
      <trkpt lat="47.076942" lon="10.662781"><ele>864</ele></trkpt>
      <trkpt lat="47.076982" lon="10.662720"><ele>864</ele></trkpt>
      <trkpt lat="47.076999" lon="10.662697"><ele>864</ele></trkpt>
      <trkpt lat="47.077049" lon="10.662624"><ele>864</ele></trkpt>
      <trkpt lat="47.077128" lon="10.662466"><ele>864</ele></trkpt>
      <trkpt lat="47.077198" lon="10.662280"><ele>865</ele></trkpt>
      <trkpt lat="47.077240" lon="10.662130"><ele>865</ele></trkpt>
      <trkpt lat="47.077254" lon="10.662076"><ele>865</ele></trkpt>
      <trkpt lat="47.077304" lon="10.661864"><ele>866</ele></trkpt>
      <trkpt lat="47.077328" lon="10.661859"><ele>866</ele></trkpt>
      <trkpt lat="47.077373" lon="10.661831"><ele>866</ele></trkpt>
      <trkpt lat="47.077408" lon="10.661781"><ele>866</ele></trkpt>
      <trkpt lat="47.077429" lon="10.661717"><ele>866</ele></trkpt>
      <trkpt lat="47.077434" lon="10.661656"><ele>867</ele></trkpt>
      <trkpt lat="47.077427" lon="10.661596"><ele>866</ele></trkpt>
      <trkpt lat="47.077407" lon="10.661542"><ele>866</ele></trkpt>
      <trkpt lat="47.077378" lon="10.661499"><ele>866</ele></trkpt>
      <trkpt lat="47.077346" lon="10.661474"><ele>866</ele></trkpt>
      <trkpt lat="47.077312" lon="10.661462"><ele>866</ele></trkpt>
      <trkpt lat="47.077277" lon="10.661463"><ele>866</ele></trkpt>
      <trkpt lat="47.077270" lon="10.661388"><ele>866</ele></trkpt>
      <trkpt lat="47.077207" lon="10.660603"><ele>865</ele></trkpt>
      <trkpt lat="47.077201" lon="10.660492"><ele>866</ele></trkpt>
      <trkpt lat="47.077215" lon="10.660444"><ele>867</ele></trkpt>
      <trkpt lat="47.077267" lon="10.660397"><ele>867</ele></trkpt>
      <trkpt lat="47.077524" lon="10.660230"><ele>867</ele></trkpt>
      <trkpt lat="47.077638" lon="10.660129"><ele>868</ele></trkpt>
      <trkpt lat="47.077932" lon="10.659794"><ele>867</ele></trkpt>
      <trkpt lat="47.078380" lon="10.659336"><ele>866</ele></trkpt>
      <trkpt lat="47.078725" lon="10.659109"><ele>868</ele></trkpt>
      <trkpt lat="47.078805" lon="10.659111"><ele>867</ele></trkpt>
      <trkpt lat="47.079402" lon="10.659134"><ele>866</ele></trkpt>
      <trkpt lat="47.080210" lon="10.659178"><ele>865</ele></trkpt>
      <trkpt lat="47.081151" lon="10.659348"><ele>866</ele></trkpt>
      <trkpt lat="47.081319" lon="10.659379"><ele>866</ele></trkpt>
      <trkpt lat="47.081436" lon="10.659446"><ele>866</ele></trkpt>
      <trkpt lat="47.081555" lon="10.659546"><ele>867</ele></trkpt>
      <trkpt lat="47.081968" lon="10.660055"><ele>866</ele></trkpt>
      <trkpt lat="47.082045" lon="10.660096"><ele>866</ele></trkpt>
      <trkpt lat="47.082373" lon="10.660163"><ele>868</ele></trkpt>
      <trkpt lat="47.082588" lon="10.660200"><ele>868</ele></trkpt>
      <trkpt lat="47.083046" lon="10.660254"><ele>870</ele></trkpt>
      <trkpt lat="47.083214" lon="10.660285"><ele>870</ele></trkpt>
      <trkpt lat="47.083298" lon="10.660330"><ele>870</ele></trkpt>
      <trkpt lat="47.083494" lon="10.660608"><ele>869</ele></trkpt>
      <trkpt lat="47.083612" lon="10.660678"><ele>870</ele></trkpt>
      <trkpt lat="47.083734" lon="10.660698"><ele>870</ele></trkpt>
      <trkpt lat="47.083817" lon="10.660691"><ele>870</ele></trkpt>
      <trkpt lat="47.083873" lon="10.660657"><ele>870</ele></trkpt>
      <trkpt lat="47.084239" lon="10.660352"><ele>874</ele></trkpt>
      <trkpt lat="47.084720" lon="10.660058"><ele>874</ele></trkpt>
      <trkpt lat="47.084834" lon="10.659996"><ele>874</ele></trkpt>
      <trkpt lat="47.085170" lon="10.660104"><ele>874</ele></trkpt>
      <trkpt lat="47.085228" lon="10.660134"><ele>874</ele></trkpt>
      <trkpt lat="47.085526" lon="10.660289"><ele>876</ele></trkpt>
      <trkpt lat="47.085680" lon="10.660416"><ele>876</ele></trkpt>
      <trkpt lat="47.085757" lon="10.660480"><ele>876</ele></trkpt>
      <trkpt lat="47.085790" lon="10.660507"><ele>877</ele></trkpt>
      <trkpt lat="47.085971" lon="10.660725"><ele>878</ele></trkpt>
      <trkpt lat="47.086037" lon="10.660875"><ele>878</ele></trkpt>
      <trkpt lat="47.086085" lon="10.660997"><ele>877</ele></trkpt>
      <trkpt lat="47.086180" lon="10.661201"><ele>876</ele></trkpt>
      <trkpt lat="47.086263" lon="10.661380"><ele>874</ele></trkpt>
      <trkpt lat="47.086505" lon="10.661639"><ele>874</ele></trkpt>
      <trkpt lat="47.087011" lon="10.662014"><ele>874</ele></trkpt>
      <trkpt lat="47.088152" lon="10.662675"><ele>871</ele></trkpt>
      <trkpt lat="47.088491" lon="10.662920"><ele>869</ele></trkpt>
      <trkpt lat="47.088700" lon="10.662954"><ele>869</ele></trkpt>
      <trkpt lat="47.089178" lon="10.662798"><ele>870</ele></trkpt>
      <trkpt lat="47.089447" lon="10.662784"><ele>869</ele></trkpt>
      <trkpt lat="47.089602" lon="10.662849"><ele>868</ele></trkpt>
      <trkpt lat="47.089758" lon="10.662913"><ele>867</ele></trkpt>
      <trkpt lat="47.090004" lon="10.662941"><ele>866</ele></trkpt>
      <trkpt lat="47.090645" lon="10.662716"><ele>865</ele></trkpt>
      <trkpt lat="47.091397" lon="10.662245"><ele>864</ele></trkpt>
      <trkpt lat="47.091712" lon="10.661986"><ele>864</ele></trkpt>
      <trkpt lat="47.092121" lon="10.661421"><ele>864</ele></trkpt>
      <trkpt lat="47.092538" lon="10.660964"><ele>863</ele></trkpt>
      <trkpt lat="47.092721" lon="10.660807"><ele>862</ele></trkpt>
      <trkpt lat="47.092876" lon="10.660752"><ele>862</ele></trkpt>
      <trkpt lat="47.093021" lon="10.660753"><ele>862</ele></trkpt>
      <trkpt lat="47.093253" lon="10.660848"><ele>862</ele></trkpt>
      <trkpt lat="47.093386" lon="10.660999"><ele>862</ele></trkpt>
      <trkpt lat="47.093449" lon="10.661126"><ele>862</ele></trkpt>
      <trkpt lat="47.093842" lon="10.662072"><ele>862</ele></trkpt>
      <trkpt lat="47.094042" lon="10.662329"><ele>861</ele></trkpt>
      <trkpt lat="47.094765" lon="10.662846"><ele>863</ele></trkpt>
      <trkpt lat="47.095107" lon="10.662924"><ele>864</ele></trkpt>
      <trkpt lat="47.095775" lon="10.663098"><ele>864</ele></trkpt>
      <trkpt lat="47.096485" lon="10.663031"><ele>864</ele></trkpt>
      <trkpt lat="47.096648" lon="10.663093"><ele>863</ele></trkpt>
      <trkpt lat="47.097177" lon="10.663154"><ele>863</ele></trkpt>
      <trkpt lat="47.097555" lon="10.663327"><ele>861</ele></trkpt>
      <trkpt lat="47.097878" lon="10.663403"><ele>862</ele></trkpt>
      <trkpt lat="47.098170" lon="10.663342"><ele>862</ele></trkpt>
      <trkpt lat="47.098399" lon="10.663275"><ele>861</ele></trkpt>
      <trkpt lat="47.098836" lon="10.662998"><ele>861</ele></trkpt>
      <trkpt lat="47.099817" lon="10.661963"><ele>862</ele></trkpt>
      <trkpt lat="47.100143" lon="10.661672"><ele>862</ele></trkpt>
      <trkpt lat="47.100427" lon="10.661592"><ele>862</ele></trkpt>
      <trkpt lat="47.101008" lon="10.661555"><ele>860</ele></trkpt>
      <trkpt lat="47.101238" lon="10.661496"><ele>860</ele></trkpt>
      <trkpt lat="47.101711" lon="10.661239"><ele>861</ele></trkpt>
      <trkpt lat="47.102212" lon="10.660925"><ele>860</ele></trkpt>
      <trkpt lat="47.102383" lon="10.660947"><ele>861</ele></trkpt>
      <trkpt lat="47.102549" lon="10.661014"><ele>861</ele></trkpt>
      <trkpt lat="47.102861" lon="10.661159"><ele>863</ele></trkpt>
      <trkpt lat="47.102990" lon="10.661176"><ele>864</ele></trkpt>
      <trkpt lat="47.103451" lon="10.661076"><ele>865</ele></trkpt>
      <trkpt lat="47.104257" lon="10.661083"><ele>863</ele></trkpt>
      <trkpt lat="47.104897" lon="10.660773"><ele>863</ele></trkpt>
      <trkpt lat="47.105039" lon="10.660705"><ele>862</ele></trkpt>
      <trkpt lat="47.105097" lon="10.660696"><ele>862</ele></trkpt>
      <trkpt lat="47.105148" lon="10.660709"><ele>862</ele></trkpt>
      <trkpt lat="47.105232" lon="10.660761"><ele>862</ele></trkpt>
      <trkpt lat="47.105297" lon="10.660831"><ele>860</ele></trkpt>
      <trkpt lat="47.105774" lon="10.661514"><ele>860</ele></trkpt>
      <trkpt lat="47.105818" lon="10.661571"><ele>861</ele></trkpt>
      <trkpt lat="47.106145" lon="10.661220"><ele>861</ele></trkpt>
      <trkpt lat="47.106463" lon="10.660847"><ele>859</ele></trkpt>
      <trkpt lat="47.106612" lon="10.660760"><ele>861</ele></trkpt>
      <trkpt lat="47.106908" lon="10.660626"><ele>862</ele></trkpt>
      <trkpt lat="47.107860" lon="10.660061"><ele>860</ele></trkpt>
      <trkpt lat="47.108255" lon="10.659937"><ele>860</ele></trkpt>
      <trkpt lat="47.108603" lon="10.659772"><ele>860</ele></trkpt>
      <trkpt lat="47.108839" lon="10.659624"><ele>861</ele></trkpt>
      <trkpt lat="47.109771" lon="10.658879"><ele>860</ele></trkpt>
      <trkpt lat="47.110361" lon="10.658388"><ele>860</ele></trkpt>
      <trkpt lat="47.110792" lon="10.657996"><ele>862</ele></trkpt>
      <trkpt lat="47.111127" lon="10.657534"><ele>861</ele></trkpt>
      <trkpt lat="47.111359" lon="10.657082"><ele>862</ele></trkpt>
      <trkpt lat="47.112236" lon="10.655366"><ele>860</ele></trkpt>
      <trkpt lat="47.112350" lon="10.655197"><ele>861</ele></trkpt>
      <trkpt lat="47.112448" lon="10.655072"><ele>862</ele></trkpt>
      <trkpt lat="47.112773" lon="10.654575"><ele>861</ele></trkpt>
      <trkpt lat="47.113132" lon="10.654008"><ele>862</ele></trkpt>
      <trkpt lat="47.113329" lon="10.653665"><ele>862</ele></trkpt>
      <trkpt lat="47.113538" lon="10.653234"><ele>862</ele></trkpt>
      <trkpt lat="47.113635" lon="10.652897"><ele>860</ele></trkpt>
      <trkpt lat="47.113641" lon="10.652859"><ele>860</ele></trkpt>
      <trkpt lat="47.113638" lon="10.652831"><ele>860</ele></trkpt>
      <trkpt lat="47.113621" lon="10.652797"><ele>859</ele></trkpt>
      <trkpt lat="47.113609" lon="10.652790"><ele>859</ele></trkpt>
      <trkpt lat="47.113421" lon="10.652819"><ele>859</ele></trkpt>
      <trkpt lat="47.113388" lon="10.652815"><ele>859</ele></trkpt>
      <trkpt lat="47.113381" lon="10.652796"><ele>859</ele></trkpt>
      <trkpt lat="47.113355" lon="10.652225"><ele>859</ele></trkpt>
      <trkpt lat="47.113340" lon="10.652168"><ele>858</ele></trkpt>
      <trkpt lat="47.113012" lon="10.652147"><ele>855</ele></trkpt>
      <trkpt lat="47.112837" lon="10.652099"><ele>860</ele></trkpt>
      <trkpt lat="47.112785" lon="10.652068"><ele>862</ele></trkpt>
      <trkpt lat="47.112806" lon="10.651837"><ele>863</ele></trkpt>
      <trkpt lat="47.112785" lon="10.651654"><ele>863</ele></trkpt>
      <trkpt lat="47.112611" lon="10.651298"><ele>867</ele></trkpt>
      <trkpt lat="47.112548" lon="10.650890"><ele>861</ele></trkpt>
      <trkpt lat="47.112572" lon="10.650423"><ele>859</ele></trkpt>
      <trkpt lat="47.112599" lon="10.649547"><ele>855</ele></trkpt>
      <trkpt lat="47.112372" lon="10.648954"><ele>858</ele></trkpt>
      <trkpt lat="47.112352" lon="10.648814"><ele>858</ele></trkpt>
      <trkpt lat="47.112355" lon="10.648617"><ele>858</ele></trkpt>
      <trkpt lat="47.112452" lon="10.648115"><ele>856</ele></trkpt>
      <trkpt lat="47.112272" lon="10.647111"><ele>856</ele></trkpt>
      <trkpt lat="47.112267" lon="10.646799"><ele>855</ele></trkpt>
      <trkpt lat="47.112308" lon="10.646512"><ele>857</ele></trkpt>
      <trkpt lat="47.112435" lon="10.645254"><ele>856</ele></trkpt>
      <trkpt lat="47.112650" lon="10.643508"><ele>855</ele></trkpt>
      <trkpt lat="47.112786" lon="10.642708"><ele>854</ele></trkpt>
      <trkpt lat="47.112985" lon="10.642073"><ele>852</ele></trkpt>
      <trkpt lat="47.113021" lon="10.641189"><ele>854</ele></trkpt>
      <trkpt lat="47.113072" lon="10.640886"><ele>853</ele></trkpt>
      <trkpt lat="47.113131" lon="10.640682"><ele>854</ele></trkpt>
      <trkpt lat="47.113248" lon="10.640432"><ele>852</ele></trkpt>
      <trkpt lat="47.113295" lon="10.640290"><ele>852</ele></trkpt>
      <trkpt lat="47.113333" lon="10.640079"><ele>852</ele></trkpt>
      <trkpt lat="47.113335" lon="10.639908"><ele>852</ele></trkpt>
      <trkpt lat="47.113349" lon="10.639786"><ele>852</ele></trkpt>
      <trkpt lat="47.113408" lon="10.639463"><ele>851</ele></trkpt>
      <trkpt lat="47.113503" lon="10.638996"><ele>850</ele></trkpt>
      <trkpt lat="47.113509" lon="10.638812"><ele>850</ele></trkpt>
      <trkpt lat="47.113528" lon="10.638253"><ele>850</ele></trkpt>
      <trkpt lat="47.113523" lon="10.637606"><ele>850</ele></trkpt>
      <trkpt lat="47.113518" lon="10.636919"><ele>850</ele></trkpt>
      <trkpt lat="47.113348" lon="10.636476"><ele>852</ele></trkpt>
      <trkpt lat="47.113530" lon="10.636383"><ele>848</ele></trkpt>
      <trkpt lat="47.114166" lon="10.636050"><ele>852</ele></trkpt>
      <trkpt lat="47.114305" lon="10.635923"><ele>856</ele></trkpt>
      <trkpt lat="47.114346" lon="10.635738"><ele>857</ele></trkpt>
      <trkpt lat="47.114283" lon="10.635510"><ele>858</ele></trkpt>
      <trkpt lat="47.114138" lon="10.635110"><ele>858</ele></trkpt>
      <trkpt lat="47.114177" lon="10.634975"><ele>859</ele></trkpt>
      <trkpt lat="47.114205" lon="10.634878"><ele>860</ele></trkpt>
      <trkpt lat="47.114298" lon="10.634735"><ele>861</ele></trkpt>
      <trkpt lat="47.114380" lon="10.634654"><ele>862</ele></trkpt>
      <trkpt lat="47.114252" lon="10.634372"><ele>863</ele></trkpt>
      <trkpt lat="47.114162" lon="10.634087"><ele>861</ele></trkpt>
      <trkpt lat="47.114111" lon="10.633891"><ele>862</ele></trkpt>
      <trkpt lat="47.114090" lon="10.633575"><ele>860</ele></trkpt>
      <trkpt lat="47.114108" lon="10.633245"><ele>858</ele></trkpt>
      <trkpt lat="47.114117" lon="10.633133"><ele>858</ele></trkpt>
      <trkpt lat="47.114150" lon="10.632930"><ele>859</ele></trkpt>
      <trkpt lat="47.114184" lon="10.632729"><ele>860</ele></trkpt>
      <trkpt lat="47.114304" lon="10.632071"><ele>862</ele></trkpt>
      <trkpt lat="47.114455" lon="10.631100"><ele>860</ele></trkpt>
      <trkpt lat="47.114536" lon="10.630057"><ele>858</ele></trkpt>
      <trkpt lat="47.114534" lon="10.629548"><ele>858</ele></trkpt>
      <trkpt lat="47.114513" lon="10.629194"><ele>856</ele></trkpt>
      <trkpt lat="47.114333" lon="10.627244"><ele>850</ele></trkpt>
      <trkpt lat="47.114296" lon="10.626523"><ele>851</ele></trkpt>
      <trkpt lat="47.114288" lon="10.625967"><ele>849</ele></trkpt>
      <trkpt lat="47.114313" lon="10.625133"><ele>848</ele></trkpt>
      <trkpt lat="47.114364" lon="10.624582"><ele>849</ele></trkpt>
      <trkpt lat="47.114450" lon="10.624127"><ele>846</ele></trkpt>
      <trkpt lat="47.114616" lon="10.623480"><ele>847</ele></trkpt>
      <trkpt lat="47.114678" lon="10.623033"><ele>845</ele></trkpt>
      <trkpt lat="47.114785" lon="10.622346"><ele>848</ele></trkpt>
      <trkpt lat="47.114823" lon="10.621951"><ele>846</ele></trkpt>
      <trkpt lat="47.114825" lon="10.621129"><ele>847</ele></trkpt>
      <trkpt lat="47.114836" lon="10.620821"><ele>847</ele></trkpt>
      <trkpt lat="47.114864" lon="10.620548"><ele>844</ele></trkpt>
      <trkpt lat="47.114918" lon="10.620276"><ele>840</ele></trkpt>
      <trkpt lat="47.115029" lon="10.619881"><ele>842</ele></trkpt>
      <trkpt lat="47.115179" lon="10.619382"><ele>841</ele></trkpt>
      <trkpt lat="47.115272" lon="10.619095"><ele>840</ele></trkpt>
      <trkpt lat="47.115362" lon="10.618853"><ele>841</ele></trkpt>
      <trkpt lat="47.115506" lon="10.618556"><ele>840</ele></trkpt>
      <trkpt lat="47.115604" lon="10.618378"><ele>839</ele></trkpt>
      <trkpt lat="47.115816" lon="10.618078"><ele>837</ele></trkpt>
      <trkpt lat="47.115941" lon="10.617902"><ele>837</ele></trkpt>
      <trkpt lat="47.116139" lon="10.617649"><ele>836</ele></trkpt>
      <trkpt lat="47.116208" lon="10.617560"><ele>836</ele></trkpt>
      <trkpt lat="47.116546" lon="10.617124"><ele>834</ele></trkpt>
      <trkpt lat="47.116862" lon="10.616703"><ele>833</ele></trkpt>
      <trkpt lat="47.117075" lon="10.616374"><ele>832</ele></trkpt>
      <trkpt lat="47.117173" lon="10.616176"><ele>832</ele></trkpt>
      <trkpt lat="47.117249" lon="10.615985"><ele>832</ele></trkpt>
      <trkpt lat="47.117315" lon="10.615781"><ele>831</ele></trkpt>
      <trkpt lat="47.117367" lon="10.615544"><ele>831</ele></trkpt>
      <trkpt lat="47.117396" lon="10.615359"><ele>831</ele></trkpt>
      <trkpt lat="47.117408" lon="10.615155"><ele>832</ele></trkpt>
      <trkpt lat="47.117406" lon="10.614994"><ele>832</ele></trkpt>
      <trkpt lat="47.117404" lon="10.614836"><ele>833</ele></trkpt>
      <trkpt lat="47.117353" lon="10.614835"><ele>833</ele></trkpt>
      <trkpt lat="47.117325" lon="10.613998"><ele>836</ele></trkpt>
      <trkpt lat="47.117317" lon="10.613890"><ele>836</ele></trkpt>
      <trkpt lat="47.117297" lon="10.613250"><ele>834</ele></trkpt>
      <trkpt lat="47.117309" lon="10.612679"><ele>834</ele></trkpt>
      <trkpt lat="47.117294" lon="10.612289"><ele>830</ele></trkpt>
      <trkpt lat="47.117370" lon="10.611504"><ele>830</ele></trkpt>
      <trkpt lat="47.117384" lon="10.611255"><ele>828</ele></trkpt>
      <trkpt lat="47.117388" lon="10.610870"><ele>829</ele></trkpt>
      <trkpt lat="47.117336" lon="10.609895"><ele>830</ele></trkpt>
      <trkpt lat="47.117336" lon="10.609649"><ele>829</ele></trkpt>
      <trkpt lat="47.117350" lon="10.609411"><ele>829</ele></trkpt>
      <trkpt lat="47.117334" lon="10.609410"><ele>828</ele></trkpt>
      <trkpt lat="47.116916" lon="10.609387"><ele>820</ele></trkpt>
      <trkpt lat="47.116837" lon="10.609391"><ele>821</ele></trkpt>
      <trkpt lat="47.116694" lon="10.609449"><ele>822</ele></trkpt>
      <trkpt lat="47.116654" lon="10.609449"><ele>823</ele></trkpt>
      <trkpt lat="47.116612" lon="10.609432"><ele>823</ele></trkpt>
      <trkpt lat="47.116647" lon="10.609226"><ele>823</ele></trkpt>
      <trkpt lat="47.116879" lon="10.606825"><ele>819</ele></trkpt>
      <trkpt lat="47.116873" lon="10.606694"><ele>820</ele></trkpt>
      <trkpt lat="47.116850" lon="10.606610"><ele>820</ele></trkpt>
      <trkpt lat="47.116813" lon="10.606551"><ele>821</ele></trkpt>
      <trkpt lat="47.116739" lon="10.606475"><ele>822</ele></trkpt>
      <trkpt lat="47.116725" lon="10.606350"><ele>824</ele></trkpt>
      <trkpt lat="47.116725" lon="10.606298"><ele>824</ele></trkpt>
      <trkpt lat="47.116722" lon="10.606092"><ele>826</ele></trkpt>
      <trkpt lat="47.116756" lon="10.605934"><ele>829</ele></trkpt>
      <trkpt lat="47.117003" lon="10.605350"><ele>831</ele></trkpt>
      <trkpt lat="47.117033" lon="10.605233"><ele>831</ele></trkpt>
      <trkpt lat="47.117024" lon="10.605150"><ele>832</ele></trkpt>
      <trkpt lat="47.117001" lon="10.605084"><ele>832</ele></trkpt>
      <trkpt lat="47.116989" lon="10.605047"><ele>833</ele></trkpt>
      <trkpt lat="47.116977" lon="10.604946"><ele>834</ele></trkpt>
      <trkpt lat="47.116996" lon="10.604747"><ele>835</ele></trkpt>
      <trkpt lat="47.117024" lon="10.604701"><ele>836</ele></trkpt>
      <trkpt lat="47.117067" lon="10.604676"><ele>838</ele></trkpt>
      <trkpt lat="47.117196" lon="10.604696"><ele>838</ele></trkpt>
      <trkpt lat="47.117273" lon="10.604679"><ele>836</ele></trkpt>
      <trkpt lat="47.117316" lon="10.604635"><ele>835</ele></trkpt>
      <trkpt lat="47.117435" lon="10.604414"><ele>837</ele></trkpt>
      <trkpt lat="47.117550" lon="10.604120"><ele>840</ele></trkpt>
      <trkpt lat="47.117585" lon="10.604046"><ele>839</ele></trkpt>
      <trkpt lat="47.117797" lon="10.603596"><ele>841</ele></trkpt>
      <trkpt lat="47.117862" lon="10.603432"><ele>840</ele></trkpt>
      <trkpt lat="47.117949" lon="10.602919"><ele>840</ele></trkpt>
      <trkpt lat="47.118177" lon="10.602428"><ele>836</ele></trkpt>
      <trkpt lat="47.118260" lon="10.602247"><ele>835</ele></trkpt>
      <trkpt lat="47.118529" lon="10.601483"><ele>830</ele></trkpt>
      <trkpt lat="47.118971" lon="10.600572"><ele>826</ele></trkpt>
      <trkpt lat="47.119418" lon="10.599604"><ele>820</ele></trkpt>
      <trkpt lat="47.119668" lon="10.599220"><ele>818</ele></trkpt>
      <trkpt lat="47.120173" lon="10.598599"><ele>816</ele></trkpt>
      <trkpt lat="47.120545" lon="10.598202"><ele>816</ele></trkpt>
      <trkpt lat="47.120628" lon="10.598146"><ele>815</ele></trkpt>
      <trkpt lat="47.120690" lon="10.598133"><ele>814</ele></trkpt>
      <trkpt lat="47.120749" lon="10.598159"><ele>813</ele></trkpt>
      <trkpt lat="47.121008" lon="10.598399"><ele>812</ele></trkpt>
      <trkpt lat="47.121138" lon="10.598554"><ele>813</ele></trkpt>
      <trkpt lat="47.121268" lon="10.598452"><ele>813</ele></trkpt>
      <trkpt lat="47.121368" lon="10.598310"><ele>813</ele></trkpt>
      <trkpt lat="47.121697" lon="10.597462"><ele>812</ele></trkpt>
      <trkpt lat="47.121810" lon="10.597156"><ele>812</ele></trkpt>
      <trkpt lat="47.121880" lon="10.596969"><ele>812</ele></trkpt>
      <trkpt lat="47.121940" lon="10.596807"><ele>811</ele></trkpt>
      <trkpt lat="47.122122" lon="10.596317"><ele>810</ele></trkpt>
      <trkpt lat="47.122890" lon="10.595698"><ele>808</ele></trkpt>
      <trkpt lat="47.123020" lon="10.595444"><ele>808</ele></trkpt>
      <trkpt lat="47.123071" lon="10.595248"><ele>808</ele></trkpt>
      <trkpt lat="47.123032" lon="10.595011"><ele>809</ele></trkpt>
      <trkpt lat="47.122725" lon="10.594380"><ele>810</ele></trkpt>
      <trkpt lat="47.122731" lon="10.593800"><ele>809</ele></trkpt>
      <trkpt lat="47.122894" lon="10.593270"><ele>809</ele></trkpt>
      <trkpt lat="47.123080" lon="10.592846"><ele>807</ele></trkpt>
      <trkpt lat="47.123213" lon="10.591785"><ele>808</ele></trkpt>
      <trkpt lat="47.123365" lon="10.591125"><ele>808</ele></trkpt>
      <trkpt lat="47.123486" lon="10.590857"><ele>810</ele></trkpt>
      <trkpt lat="47.123726" lon="10.590323"><ele>808</ele></trkpt>
      <trkpt lat="47.123811" lon="10.589730"><ele>812</ele></trkpt>
      <trkpt lat="47.123826" lon="10.589065"><ele>814</ele></trkpt>
      <trkpt lat="47.123805" lon="10.588879"><ele>814</ele></trkpt>
      <trkpt lat="47.123735" lon="10.588258"><ele>814</ele></trkpt>
      <trkpt lat="47.123680" lon="10.585874"><ele>816</ele></trkpt>
      <trkpt lat="47.123659" lon="10.584963"><ele>816</ele></trkpt>
      <trkpt lat="47.123581" lon="10.584568"><ele>816</ele></trkpt>
      <trkpt lat="47.123587" lon="10.584295"><ele>815</ele></trkpt>
      <trkpt lat="47.123750" lon="10.583871"><ele>812</ele></trkpt>
      <trkpt lat="47.123714" lon="10.583211"><ele>813</ele></trkpt>
      <trkpt lat="47.124023" lon="10.581356"><ele>806</ele></trkpt>
      <trkpt lat="47.124178" lon="10.580999"><ele>804</ele></trkpt>
      <trkpt lat="47.124794" lon="10.579505"><ele>802</ele></trkpt>
      <trkpt lat="47.124892" lon="10.578927"><ele>804</ele></trkpt>
      <trkpt lat="47.125061" lon="10.578714"><ele>804</ele></trkpt>
      <trkpt lat="47.125340" lon="10.578355"><ele>807</ele></trkpt>
      <trkpt lat="47.125473" lon="10.578280"><ele>808</ele></trkpt>
      <trkpt lat="47.126111" lon="10.578191"><ele>810</ele></trkpt>
      <trkpt lat="47.126587" lon="10.577811"><ele>814</ele></trkpt>
      <trkpt lat="47.126916" lon="10.577476"><ele>819</ele></trkpt>
      <trkpt lat="47.127081" lon="10.577218"><ele>820</ele></trkpt>
      <trkpt lat="47.127153" lon="10.576875"><ele>824</ele></trkpt>
      <trkpt lat="47.127252" lon="10.575895"><ele>831</ele></trkpt>
      <trkpt lat="47.127325" lon="10.575740"><ele>832</ele></trkpt>
      <trkpt lat="47.127470" lon="10.575575"><ele>832</ele></trkpt>
      <trkpt lat="47.127830" lon="10.575141"><ele>824</ele></trkpt>
      <trkpt lat="47.127901" lon="10.575040"><ele>824</ele></trkpt>
      <trkpt lat="47.127973" lon="10.574968"><ele>824</ele></trkpt>
      <trkpt lat="47.128086" lon="10.574761"><ele>826</ele></trkpt>
      <trkpt lat="47.128161" lon="10.574508"><ele>828</ele></trkpt>
      <trkpt lat="47.128199" lon="10.574358"><ele>830</ele></trkpt>
      <trkpt lat="47.128272" lon="10.574258"><ele>830</ele></trkpt>
      <trkpt lat="47.128923" lon="10.573855"><ele>828</ele></trkpt>
      <trkpt lat="47.129583" lon="10.573432"><ele>820</ele></trkpt>
      <trkpt lat="47.129697" lon="10.573314"><ele>820</ele></trkpt>
      <trkpt lat="47.129934" lon="10.573022"><ele>815</ele></trkpt>
      <trkpt lat="47.130201" lon="10.572442"><ele>812</ele></trkpt>
      <trkpt lat="47.130550" lon="10.571869"><ele>809</ele></trkpt>
      <trkpt lat="47.130763" lon="10.571724"><ele>804</ele></trkpt>
      <trkpt lat="47.131124" lon="10.571296"><ele>801</ele></trkpt>
      <trkpt lat="47.131368" lon="10.570782"><ele>802</ele></trkpt>
      <trkpt lat="47.131584" lon="10.570501"><ele>800</ele></trkpt>
      <trkpt lat="47.131643" lon="10.570390"><ele>798</ele></trkpt>
      <trkpt lat="47.131783" lon="10.570134"><ele>798</ele></trkpt>
      <trkpt lat="47.131882" lon="10.570052"><ele>799</ele></trkpt>
      <trkpt lat="47.132020" lon="10.569888"><ele>798</ele></trkpt>
      <trkpt lat="47.132263" lon="10.569599"><ele>795</ele></trkpt>
      <trkpt lat="47.132746" lon="10.568926"><ele>794</ele></trkpt>
      <trkpt lat="47.133060" lon="10.568593"><ele>792</ele></trkpt>
      <trkpt lat="47.133219" lon="10.568472"><ele>792</ele></trkpt>
      <trkpt lat="47.133708" lon="10.568242"><ele>791</ele></trkpt>
      <trkpt lat="47.134227" lon="10.568054"><ele>788</ele></trkpt>
      <trkpt lat="47.134344" lon="10.568001"><ele>788</ele></trkpt>
      <trkpt lat="47.134608" lon="10.567804"><ele>788</ele></trkpt>
      <trkpt lat="47.135249" lon="10.567174"><ele>787</ele></trkpt>
      <trkpt lat="47.135263" lon="10.567207"><ele>786</ele></trkpt>
      <trkpt lat="47.135430" lon="10.567508"><ele>787</ele></trkpt>
      <trkpt lat="47.135472" lon="10.567584"><ele>792</ele></trkpt>
      <trkpt lat="47.135543" lon="10.567530"><ele>793</ele></trkpt>
      <trkpt lat="47.135769" lon="10.567359"><ele>790</ele></trkpt>
      <trkpt lat="47.136088" lon="10.567214"><ele>791</ele></trkpt>
      <trkpt lat="47.136219" lon="10.567227"><ele>792</ele></trkpt>
      <trkpt lat="47.136442" lon="10.567188"><ele>792</ele></trkpt>
      <trkpt lat="47.136507" lon="10.567164"><ele>792</ele></trkpt>
      <trkpt lat="47.136542" lon="10.567152"><ele>792</ele></trkpt>
      <trkpt lat="47.136672" lon="10.567108"><ele>793</ele></trkpt>
      <trkpt lat="47.136787" lon="10.567069"><ele>793</ele></trkpt>
      <trkpt lat="47.136802" lon="10.567064"><ele>793</ele></trkpt>
      <trkpt lat="47.136842" lon="10.567051"><ele>793</ele></trkpt>
      <trkpt lat="47.137066" lon="10.566991"><ele>793</ele></trkpt>
      <trkpt lat="47.137176" lon="10.566960"><ele>793</ele></trkpt>
      <trkpt lat="47.137218" lon="10.566925"><ele>793</ele></trkpt>
      <trkpt lat="47.137278" lon="10.566944"><ele>793</ele></trkpt>
      <trkpt lat="47.137306" lon="10.566936"><ele>792</ele></trkpt>
      <trkpt lat="47.137547" lon="10.566872"><ele>792</ele></trkpt>
      <trkpt lat="47.137793" lon="10.566792"><ele>792</ele></trkpt>
      <trkpt lat="47.137885" lon="10.566763"><ele>792</ele></trkpt>
      <trkpt lat="47.137994" lon="10.566728"><ele>792</ele></trkpt>
      <trkpt lat="47.138039" lon="10.566713"><ele>792</ele></trkpt>
      <trkpt lat="47.138288" lon="10.566608"><ele>791</ele></trkpt>
      <trkpt lat="47.138523" lon="10.566467"><ele>791</ele></trkpt>
      <trkpt lat="47.138535" lon="10.566461"><ele>791</ele></trkpt>
      <trkpt lat="47.138930" lon="10.566297"><ele>790</ele></trkpt>
      <trkpt lat="47.139042" lon="10.566256"><ele>790</ele></trkpt>
    </trkseg></trk>
</gpx>
