<?xml version="1.0" encoding="UTF-8"?>
<gpx version="1.1" creator="radtour" xmlns="http://www.topografix.com/GPX/1/1">
  <metadata><name>Rueckweg C2 Sterzing - Innsbruck</name></metadata>
  <trk><name>Rueckweg C2 Sterzing - Innsbruck</name><trkseg>
      <trkpt lat="46.895901" lon="11.430956"><ele>946</ele></trkpt>
      <trkpt lat="46.895895" lon="11.430989"><ele>946</ele></trkpt>
      <trkpt lat="46.895882" lon="11.431028"><ele>946</ele></trkpt>
      <trkpt lat="46.895884" lon="11.431156"><ele>946</ele></trkpt>
      <trkpt lat="46.895893" lon="11.431217"><ele>946</ele></trkpt>
      <trkpt lat="46.895925" lon="11.431288"><ele>947</ele></trkpt>
      <trkpt lat="46.896097" lon="11.431359"><ele>947</ele></trkpt>
      <trkpt lat="46.896169" lon="11.431925"><ele>947</ele></trkpt>
      <trkpt lat="46.896183" lon="11.432108"><ele>946</ele></trkpt>
      <trkpt lat="46.896188" lon="11.432173"><ele>946</ele></trkpt>
      <trkpt lat="46.896365" lon="11.432138"><ele>947</ele></trkpt>
      <trkpt lat="46.896425" lon="11.432119"><ele>947</ele></trkpt>
      <trkpt lat="46.896436" lon="11.432117"><ele>947</ele></trkpt>
      <trkpt lat="46.896722" lon="11.432050"><ele>947</ele></trkpt>
      <trkpt lat="46.896778" lon="11.432026"><ele>947</ele></trkpt>
      <trkpt lat="46.897083" lon="11.431894"><ele>947</ele></trkpt>
      <trkpt lat="46.897307" lon="11.431808"><ele>947</ele></trkpt>
      <trkpt lat="46.897891" lon="11.431619"><ele>948</ele></trkpt>
      <trkpt lat="46.898320" lon="11.431499"><ele>948</ele></trkpt>
      <trkpt lat="46.898565" lon="11.431412"><ele>949</ele></trkpt>
      <trkpt lat="46.898697" lon="11.431368"><ele>949</ele></trkpt>
      <trkpt lat="46.898816" lon="11.431333"><ele>949</ele></trkpt>
      <trkpt lat="46.898871" lon="11.431317"><ele>949</ele></trkpt>
      <trkpt lat="46.898886" lon="11.431311"><ele>949</ele></trkpt>
      <trkpt lat="46.899092" lon="11.431205"><ele>949</ele></trkpt>
      <trkpt lat="46.899138" lon="11.431178"><ele>949</ele></trkpt>
      <trkpt lat="46.899548" lon="11.430873"><ele>950</ele></trkpt>
      <trkpt lat="46.900072" lon="11.430380"><ele>950</ele></trkpt>
      <trkpt lat="46.900197" lon="11.430288"><ele>951</ele></trkpt>
      <trkpt lat="46.900747" lon="11.430038"><ele>952</ele></trkpt>
      <trkpt lat="46.901048" lon="11.429919"><ele>955</ele></trkpt>
      <trkpt lat="46.901163" lon="11.429914"><ele>956</ele></trkpt>
      <trkpt lat="46.901465" lon="11.429934"><ele>959</ele></trkpt>
      <trkpt lat="46.901616" lon="11.429941"><ele>960</ele></trkpt>
      <trkpt lat="46.901676" lon="11.429898"><ele>960</ele></trkpt>
      <trkpt lat="46.901835" lon="11.429929"><ele>960</ele></trkpt>
      <trkpt lat="46.901908" lon="11.429858"><ele>960</ele></trkpt>
      <trkpt lat="46.902166" lon="11.429863"><ele>960</ele></trkpt>
      <trkpt lat="46.902417" lon="11.429908"><ele>959</ele></trkpt>
      <trkpt lat="46.903280" lon="11.430034"><ele>958</ele></trkpt>
      <trkpt lat="46.903336" lon="11.430050"><ele>957</ele></trkpt>
      <trkpt lat="46.903358" lon="11.429095"><ele>960</ele></trkpt>
      <trkpt lat="46.903436" lon="11.429106"><ele>961</ele></trkpt>
      <trkpt lat="46.903596" lon="11.429225"><ele>960</ele></trkpt>
      <trkpt lat="46.903745" lon="11.429308"><ele>960</ele></trkpt>
      <trkpt lat="46.903924" lon="11.429333"><ele>960</ele></trkpt>
      <trkpt lat="46.904002" lon="11.429301"><ele>961</ele></trkpt>
      <trkpt lat="46.904253" lon="11.429348"><ele>961</ele></trkpt>
      <trkpt lat="46.904335" lon="11.429362"><ele>960</ele></trkpt>
      <trkpt lat="46.904596" lon="11.429322"><ele>962</ele></trkpt>
      <trkpt lat="46.904727" lon="11.429349"><ele>961</ele></trkpt>
      <trkpt lat="46.905099" lon="11.429630"><ele>960</ele></trkpt>
      <trkpt lat="46.905762" lon="11.429894"><ele>966</ele></trkpt>
      <trkpt lat="46.905789" lon="11.429992"><ele>966</ele></trkpt>
      <trkpt lat="46.905811" lon="11.430553"><ele>963</ele></trkpt>
      <trkpt lat="46.905863" lon="11.430616"><ele>962</ele></trkpt>
      <trkpt lat="46.906068" lon="11.430694"><ele>964</ele></trkpt>
      <trkpt lat="46.906233" lon="11.430782"><ele>964</ele></trkpt>
      <trkpt lat="46.906333" lon="11.430879"><ele>964</ele></trkpt>
      <trkpt lat="46.906592" lon="11.431064"><ele>965</ele></trkpt>
      <trkpt lat="46.906773" lon="11.431203"><ele>967</ele></trkpt>
      <trkpt lat="46.906953" lon="11.431371"><ele>967</ele></trkpt>
      <trkpt lat="46.907137" lon="11.431564"><ele>968</ele></trkpt>
      <trkpt lat="46.907195" lon="11.431631"><ele>967</ele></trkpt>
      <trkpt lat="46.907259" lon="11.431710"><ele>966</ele></trkpt>
      <trkpt lat="46.907434" lon="11.431957"><ele>966</ele></trkpt>
      <trkpt lat="46.907728" lon="11.432347"><ele>966</ele></trkpt>
      <trkpt lat="46.907907" lon="11.432612"><ele>966</ele></trkpt>
      <trkpt lat="46.908856" lon="11.433996"><ele>968</ele></trkpt>
      <trkpt lat="46.909032" lon="11.434301"><ele>977</ele></trkpt>
      <trkpt lat="46.909241" lon="11.434598"><ele>976</ele></trkpt>
      <trkpt lat="46.909309" lon="11.434714"><ele>971</ele></trkpt>
      <trkpt lat="46.909466" lon="11.434949"><ele>968</ele></trkpt>
      <trkpt lat="46.909665" lon="11.435149"><ele>970</ele></trkpt>
      <trkpt lat="46.909781" lon="11.435235"><ele>970</ele></trkpt>
      <trkpt lat="46.910183" lon="11.435534"><ele>970</ele></trkpt>
      <trkpt lat="46.910288" lon="11.435597"><ele>970</ele></trkpt>
      <trkpt lat="46.910377" lon="11.435629"><ele>971</ele></trkpt>
      <trkpt lat="46.910588" lon="11.435650"><ele>974</ele></trkpt>
      <trkpt lat="46.910736" lon="11.435759"><ele>973</ele></trkpt>
      <trkpt lat="46.910804" lon="11.435836"><ele>970</ele></trkpt>
      <trkpt lat="46.910998" lon="11.436195"><ele>970</ele></trkpt>
      <trkpt lat="46.911593" lon="11.437262"><ele>974</ele></trkpt>
      <trkpt lat="46.911633" lon="11.437322"><ele>974</ele></trkpt>
      <trkpt lat="46.912045" lon="11.437808"><ele>974</ele></trkpt>
      <trkpt lat="46.912105" lon="11.437876"><ele>974</ele></trkpt>
      <trkpt lat="46.912298" lon="11.438101"><ele>972</ele></trkpt>
      <trkpt lat="46.912684" lon="11.438475"><ele>972</ele></trkpt>
      <trkpt lat="46.912756" lon="11.438526"><ele>973</ele></trkpt>
      <trkpt lat="46.912895" lon="11.438625"><ele>973</ele></trkpt>
      <trkpt lat="46.912923" lon="11.438661"><ele>973</ele></trkpt>
      <trkpt lat="46.912953" lon="11.438751"><ele>973</ele></trkpt>
      <trkpt lat="46.912959" lon="11.438834"><ele>972</ele></trkpt>
      <trkpt lat="46.912978" lon="11.439046"><ele>972</ele></trkpt>
      <trkpt lat="46.912999" lon="11.439168"><ele>972</ele></trkpt>
      <trkpt lat="46.913033" lon="11.439228"><ele>972</ele></trkpt>
      <trkpt lat="46.913184" lon="11.439387"><ele>972</ele></trkpt>
      <trkpt lat="46.913246" lon="11.439468"><ele>972</ele></trkpt>
      <trkpt lat="46.913335" lon="11.439612"><ele>974</ele></trkpt>
      <trkpt lat="46.913379" lon="11.439723"><ele>974</ele></trkpt>
      <trkpt lat="46.913488" lon="11.440047"><ele>974</ele></trkpt>
      <trkpt lat="46.913656" lon="11.440575"><ele>975</ele></trkpt>
      <trkpt lat="46.913996" lon="11.441709"><ele>977</ele></trkpt>
      <trkpt lat="46.914058" lon="11.441887"><ele>977</ele></trkpt>
      <trkpt lat="46.914144" lon="11.442048"><ele>977</ele></trkpt>
      <trkpt lat="46.914245" lon="11.442220"><ele>979</ele></trkpt>
      <trkpt lat="46.914333" lon="11.442346"><ele>980</ele></trkpt>
      <trkpt lat="46.914477" lon="11.442515"><ele>978</ele></trkpt>
      <trkpt lat="46.914496" lon="11.442588"><ele>978</ele></trkpt>
      <trkpt lat="46.914495" lon="11.442700"><ele>978</ele></trkpt>
      <trkpt lat="46.914471" lon="11.442904"><ele>978</ele></trkpt>
      <trkpt lat="46.914480" lon="11.443083"><ele>978</ele></trkpt>
      <trkpt lat="46.914524" lon="11.443116"><ele>978</ele></trkpt>
      <trkpt lat="46.914673" lon="11.443070"><ele>978</ele></trkpt>
      <trkpt lat="46.914790" lon="11.443103"><ele>978</ele></trkpt>
      <trkpt lat="46.915140" lon="11.443255"><ele>981</ele></trkpt>
      <trkpt lat="46.915262" lon="11.443325"><ele>980</ele></trkpt>
      <trkpt lat="46.915364" lon="11.443439"><ele>984</ele></trkpt>
      <trkpt lat="46.915425" lon="11.443539"><ele>985</ele></trkpt>
      <trkpt lat="46.915605" lon="11.443968"><ele>984</ele></trkpt>
      <trkpt lat="46.915655" lon="11.444033"><ele>984</ele></trkpt>
      <trkpt lat="46.915715" lon="11.444089"><ele>984</ele></trkpt>
      <trkpt lat="46.915939" lon="11.444219"><ele>986</ele></trkpt>
      <trkpt lat="46.916067" lon="11.444311"><ele>986</ele></trkpt>
      <trkpt lat="46.916193" lon="11.444381"><ele>986</ele></trkpt>
      <trkpt lat="46.916294" lon="11.444416"><ele>987</ele></trkpt>
      <trkpt lat="46.916487" lon="11.444402"><ele>986</ele></trkpt>
      <trkpt lat="46.916492" lon="11.444486"><ele>988</ele></trkpt>
      <trkpt lat="46.916509" lon="11.444563"><ele>989</ele></trkpt>
      <trkpt lat="46.916572" lon="11.444704"><ele>990</ele></trkpt>
      <trkpt lat="46.916624" lon="11.444791"><ele>991</ele></trkpt>
      <trkpt lat="46.917017" lon="11.445293"><ele>996</ele></trkpt>
      <trkpt lat="46.917266" lon="11.445480"><ele>999</ele></trkpt>
      <trkpt lat="46.917454" lon="11.445579"><ele>1000</ele></trkpt>
      <trkpt lat="46.917777" lon="11.445652"><ele>1002</ele></trkpt>
      <trkpt lat="46.917996" lon="11.445691"><ele>1003</ele></trkpt>
      <trkpt lat="46.918045" lon="11.445713"><ele>1004</ele></trkpt>
      <trkpt lat="46.918081" lon="11.445759"><ele>1004</ele></trkpt>
      <trkpt lat="46.918103" lon="11.445814"><ele>1005</ele></trkpt>
      <trkpt lat="46.918106" lon="11.445895"><ele>1007</ele></trkpt>
      <trkpt lat="46.918075" lon="11.446078"><ele>1012</ele></trkpt>
      <trkpt lat="46.918049" lon="11.446223"><ele>1012</ele></trkpt>
      <trkpt lat="46.918040" lon="11.446336"><ele>1012</ele></trkpt>
      <trkpt lat="46.918071" lon="11.446522"><ele>1014</ele></trkpt>
      <trkpt lat="46.918140" lon="11.446566"><ele>1015</ele></trkpt>
      <trkpt lat="46.918324" lon="11.446719"><ele>1016</ele></trkpt>
      <trkpt lat="46.918525" lon="11.446783"><ele>1017</ele></trkpt>
      <trkpt lat="46.918901" lon="11.446896"><ele>1018</ele></trkpt>
      <trkpt lat="46.919095" lon="11.446986"><ele>1020</ele></trkpt>
      <trkpt lat="46.919270" lon="11.447090"><ele>1022</ele></trkpt>
      <trkpt lat="46.919410" lon="11.447188"><ele>1024</ele></trkpt>
      <trkpt lat="46.919614" lon="11.447355"><ele>1027</ele></trkpt>
      <trkpt lat="46.919908" lon="11.447603"><ele>1030</ele></trkpt>
      <trkpt lat="46.920749" lon="11.448431"><ele>1042</ele></trkpt>
      <trkpt lat="46.920829" lon="11.448483"><ele>1043</ele></trkpt>
      <trkpt lat="46.920927" lon="11.448521"><ele>1044</ele></trkpt>
      <trkpt lat="46.921295" lon="11.448592"><ele>1048</ele></trkpt>
      <trkpt lat="46.921373" lon="11.448635"><ele>1049</ele></trkpt>
      <trkpt lat="46.921437" lon="11.448699"><ele>1048</ele></trkpt>
      <trkpt lat="46.921485" lon="11.448784"><ele>1047</ele></trkpt>
      <trkpt lat="46.921589" lon="11.449028"><ele>1051</ele></trkpt>
      <trkpt lat="46.921722" lon="11.449422"><ele>1056</ele></trkpt>
      <trkpt lat="46.921825" lon="11.449814"><ele>1059</ele></trkpt>
      <trkpt lat="46.921844" lon="11.449913"><ele>1060</ele></trkpt>
      <trkpt lat="46.921859" lon="11.450080"><ele>1060</ele></trkpt>
      <trkpt lat="46.921857" lon="11.450234"><ele>1060</ele></trkpt>
      <trkpt lat="46.921846" lon="11.450326"><ele>1060</ele></trkpt>
      <trkpt lat="46.921827" lon="11.450389"><ele>1061</ele></trkpt>
      <trkpt lat="46.921798" lon="11.450503"><ele>1063</ele></trkpt>
      <trkpt lat="46.921789" lon="11.450616"><ele>1066</ele></trkpt>
      <trkpt lat="46.921928" lon="11.450821"><ele>1068</ele></trkpt>
      <trkpt lat="46.922001" lon="11.450834"><ele>1068</ele></trkpt>
      <trkpt lat="46.922161" lon="11.450827"><ele>1067</ele></trkpt>
      <trkpt lat="46.922214" lon="11.450789"><ele>1066</ele></trkpt>
      <trkpt lat="46.922245" lon="11.450732"><ele>1065</ele></trkpt>
      <trkpt lat="46.922307" lon="11.450623"><ele>1065</ele></trkpt>
      <trkpt lat="46.922537" lon="11.450241"><ele>1069</ele></trkpt>
      <trkpt lat="46.922619" lon="11.450177"><ele>1070</ele></trkpt>
      <trkpt lat="46.922730" lon="11.450028"><ele>1070</ele></trkpt>
      <trkpt lat="46.922793" lon="11.449906"><ele>1070</ele></trkpt>
      <trkpt lat="46.922805" lon="11.449824"><ele>1069</ele></trkpt>
      <trkpt lat="46.922763" lon="11.449734"><ele>1066</ele></trkpt>
      <trkpt lat="46.922755" lon="11.449650"><ele>1065</ele></trkpt>
      <trkpt lat="46.922807" lon="11.449473"><ele>1064</ele></trkpt>
      <trkpt lat="46.922884" lon="11.449231"><ele>1064</ele></trkpt>
      <trkpt lat="46.922912" lon="11.448951"><ele>1061</ele></trkpt>
      <trkpt lat="46.922951" lon="11.448840"><ele>1060</ele></trkpt>
      <trkpt lat="46.923028" lon="11.448696"><ele>1058</ele></trkpt>
      <trkpt lat="46.923095" lon="11.448650"><ele>1058</ele></trkpt>
      <trkpt lat="46.923333" lon="11.448614"><ele>1056</ele></trkpt>
      <trkpt lat="46.923670" lon="11.448579"><ele>1048</ele></trkpt>
      <trkpt lat="46.923957" lon="11.448608"><ele>1046</ele></trkpt>
      <trkpt lat="46.924167" lon="11.448603"><ele>1045</ele></trkpt>
      <trkpt lat="46.924260" lon="11.448578"><ele>1044</ele></trkpt>
      <trkpt lat="46.924356" lon="11.448510"><ele>1043</ele></trkpt>
      <trkpt lat="46.924425" lon="11.448489"><ele>1042</ele></trkpt>
      <trkpt lat="46.924510" lon="11.448498"><ele>1041</ele></trkpt>
      <trkpt lat="46.924690" lon="11.448603"><ele>1040</ele></trkpt>
      <trkpt lat="46.925560" lon="11.449381"><ele>1042</ele></trkpt>
      <trkpt lat="46.925747" lon="11.449558"><ele>1044</ele></trkpt>
      <trkpt lat="46.926159" lon="11.449740"><ele>1038</ele></trkpt>
      <trkpt lat="46.926278" lon="11.449781"><ele>1040</ele></trkpt>
      <trkpt lat="46.926455" lon="11.449816"><ele>1041</ele></trkpt>
      <trkpt lat="46.926727" lon="11.449854"><ele>1043</ele></trkpt>
      <trkpt lat="46.926910" lon="11.449856"><ele>1043</ele></trkpt>
      <trkpt lat="46.927207" lon="11.449833"><ele>1043</ele></trkpt>
      <trkpt lat="46.927387" lon="11.449854"><ele>1042</ele></trkpt>
      <trkpt lat="46.927476" lon="11.449853"><ele>1042</ele></trkpt>
      <trkpt lat="46.927532" lon="11.449838"><ele>1041</ele></trkpt>
      <trkpt lat="46.927621" lon="11.449793"><ele>1041</ele></trkpt>
      <trkpt lat="46.927737" lon="11.449758"><ele>1041</ele></trkpt>
      <trkpt lat="46.928069" lon="11.449679"><ele>1044</ele></trkpt>
      <trkpt lat="46.928196" lon="11.449660"><ele>1045</ele></trkpt>
      <trkpt lat="46.928334" lon="11.449651"><ele>1046</ele></trkpt>
      <trkpt lat="46.928472" lon="11.449656"><ele>1047</ele></trkpt>
      <trkpt lat="46.928660" lon="11.449681"><ele>1048</ele></trkpt>
      <trkpt lat="46.928796" lon="11.449710"><ele>1048</ele></trkpt>
      <trkpt lat="46.929014" lon="11.449778"><ele>1049</ele></trkpt>
      <trkpt lat="46.929723" lon="11.450044"><ele>1050</ele></trkpt>
      <trkpt lat="46.930036" lon="11.450131"><ele>1048</ele></trkpt>
      <trkpt lat="46.930101" lon="11.450145"><ele>1049</ele></trkpt>
      <trkpt lat="46.930142" lon="11.450155"><ele>1049</ele></trkpt>
      <trkpt lat="46.930438" lon="11.450235"><ele>1051</ele></trkpt>
      <trkpt lat="46.930559" lon="11.450251"><ele>1052</ele></trkpt>
      <trkpt lat="46.930651" lon="11.450249"><ele>1053</ele></trkpt>
      <trkpt lat="46.930741" lon="11.450233"><ele>1054</ele></trkpt>
      <trkpt lat="46.931266" lon="11.450058"><ele>1058</ele></trkpt>
      <trkpt lat="46.931566" lon="11.449883"><ele>1058</ele></trkpt>
      <trkpt lat="46.931749" lon="11.449753"><ele>1055</ele></trkpt>
      <trkpt lat="46.931832" lon="11.449714"><ele>1054</ele></trkpt>
      <trkpt lat="46.932029" lon="11.449707"><ele>1055</ele></trkpt>
      <trkpt lat="46.932186" lon="11.449681"><ele>1056</ele></trkpt>
      <trkpt lat="46.932434" lon="11.449625"><ele>1059</ele></trkpt>
      <trkpt lat="46.932710" lon="11.449535"><ele>1064</ele></trkpt>
      <trkpt lat="46.932862" lon="11.449459"><ele>1064</ele></trkpt>
      <trkpt lat="46.933015" lon="11.449370"><ele>1065</ele></trkpt>
      <trkpt lat="46.933120" lon="11.449292"><ele>1066</ele></trkpt>
      <trkpt lat="46.933155" lon="11.449209"><ele>1066</ele></trkpt>
      <trkpt lat="46.933152" lon="11.449107"><ele>1067</ele></trkpt>
      <trkpt lat="46.933115" lon="11.449010"><ele>1068</ele></trkpt>
      <trkpt lat="46.932963" lon="11.448731"><ele>1070</ele></trkpt>
      <trkpt lat="46.932928" lon="11.448645"><ele>1070</ele></trkpt>
      <trkpt lat="46.932908" lon="11.448571"><ele>1071</ele></trkpt>
      <trkpt lat="46.932901" lon="11.448490"><ele>1071</ele></trkpt>
      <trkpt lat="46.932911" lon="11.448380"><ele>1072</ele></trkpt>
      <trkpt lat="46.932948" lon="11.448356"><ele>1073</ele></trkpt>
      <trkpt lat="46.933002" lon="11.448216"><ele>1072</ele></trkpt>
      <trkpt lat="46.933097" lon="11.448101"><ele>1074</ele></trkpt>
      <trkpt lat="46.933324" lon="11.447771"><ele>1075</ele></trkpt>
      <trkpt lat="46.933751" lon="11.447103"><ele>1079</ele></trkpt>
      <trkpt lat="46.933866" lon="11.446971"><ele>1080</ele></trkpt>
      <trkpt lat="46.933983" lon="11.446869"><ele>1080</ele></trkpt>
      <trkpt lat="46.934742" lon="11.446408"><ele>1078</ele></trkpt>
      <trkpt lat="46.935236" lon="11.446123"><ele>1078</ele></trkpt>
      <trkpt lat="46.935458" lon="11.446013"><ele>1079</ele></trkpt>
      <trkpt lat="46.935620" lon="11.446013"><ele>1080</ele></trkpt>
      <trkpt lat="46.935792" lon="11.445983"><ele>1080</ele></trkpt>
      <trkpt lat="46.936239" lon="11.445884"><ele>1081</ele></trkpt>
      <trkpt lat="46.937098" lon="11.445666"><ele>1084</ele></trkpt>
      <trkpt lat="46.937450" lon="11.445430"><ele>1085</ele></trkpt>
      <trkpt lat="46.937521" lon="11.445385"><ele>1084</ele></trkpt>
      <trkpt lat="46.937612" lon="11.445350"><ele>1084</ele></trkpt>
      <trkpt lat="46.937851" lon="11.445315"><ele>1084</ele></trkpt>
      <trkpt lat="46.938053" lon="11.445159"><ele>1083</ele></trkpt>
      <trkpt lat="46.938125" lon="11.445097"><ele>1083</ele></trkpt>
      <trkpt lat="46.938237" lon="11.445008"><ele>1084</ele></trkpt>
      <trkpt lat="46.938272" lon="11.444979"><ele>1084</ele></trkpt>
      <trkpt lat="46.938269" lon="11.444959"><ele>1084</ele></trkpt>
      <trkpt lat="46.938240" lon="11.444801"><ele>1083</ele></trkpt>
      <trkpt lat="46.938287" lon="11.444773"><ele>1084</ele></trkpt>
      <trkpt lat="46.938308" lon="11.444750"><ele>1084</ele></trkpt>
      <trkpt lat="46.938343" lon="11.444640"><ele>1084</ele></trkpt>
      <trkpt lat="46.938367" lon="11.444596"><ele>1084</ele></trkpt>
      <trkpt lat="46.938863" lon="11.444333"><ele>1086</ele></trkpt>
      <trkpt lat="46.938895" lon="11.444366"><ele>1087</ele></trkpt>
      <trkpt lat="46.939018" lon="11.444405"><ele>1088</ele></trkpt>
      <trkpt lat="46.939030" lon="11.444399"><ele>1088</ele></trkpt>
      <trkpt lat="46.939130" lon="11.444455"><ele>1090</ele></trkpt>
      <trkpt lat="46.939173" lon="11.444486"><ele>1091</ele></trkpt>
      <trkpt lat="46.939213" lon="11.444499"><ele>1091</ele></trkpt>
      <trkpt lat="46.939319" lon="11.444494"><ele>1091</ele></trkpt>
      <trkpt lat="46.939681" lon="11.444439"><ele>1093</ele></trkpt>
      <trkpt lat="46.939859" lon="11.444354"><ele>1094</ele></trkpt>
      <trkpt lat="46.939982" lon="11.444313"><ele>1095</ele></trkpt>
      <trkpt lat="46.940084" lon="11.444301"><ele>1096</ele></trkpt>
      <trkpt lat="46.940176" lon="11.444252"><ele>1096</ele></trkpt>
      <trkpt lat="46.940226" lon="11.444218"><ele>1096</ele></trkpt>
      <trkpt lat="46.940276" lon="11.444161"><ele>1096</ele></trkpt>
      <trkpt lat="46.940344" lon="11.444046"><ele>1094</ele></trkpt>
      <trkpt lat="46.940606" lon="11.443818"><ele>1093</ele></trkpt>
      <trkpt lat="46.940993" lon="11.443406"><ele>1094</ele></trkpt>
      <trkpt lat="46.941233" lon="11.443055"><ele>1094</ele></trkpt>
      <trkpt lat="46.941455" lon="11.442586"><ele>1095</ele></trkpt>
      <trkpt lat="46.941649" lon="11.442012"><ele>1099</ele></trkpt>
      <trkpt lat="46.941696" lon="11.441839"><ele>1100</ele></trkpt>
      <trkpt lat="46.941696" lon="11.441688"><ele>1101</ele></trkpt>
      <trkpt lat="46.941747" lon="11.441529"><ele>1102</ele></trkpt>
      <trkpt lat="46.941900" lon="11.441536"><ele>1107</ele></trkpt>
      <trkpt lat="46.942035" lon="11.441523"><ele>1112</ele></trkpt>
      <trkpt lat="46.942075" lon="11.441497"><ele>1113</ele></trkpt>
      <trkpt lat="46.942255" lon="11.441440"><ele>1120</ele></trkpt>
      <trkpt lat="46.942405" lon="11.441333"><ele>1127</ele></trkpt>
      <trkpt lat="46.942448" lon="11.441275"><ele>1130</ele></trkpt>
      <trkpt lat="46.942470" lon="11.441220"><ele>1132</ele></trkpt>
      <trkpt lat="46.942496" lon="11.441189"><ele>1134</ele></trkpt>
      <trkpt lat="46.942534" lon="11.441172"><ele>1136</ele></trkpt>
      <trkpt lat="46.942629" lon="11.441104"><ele>1140</ele></trkpt>
      <trkpt lat="46.942724" lon="11.441121"><ele>1142</ele></trkpt>
      <trkpt lat="46.942870" lon="11.441094"><ele>1147</ele></trkpt>
      <trkpt lat="46.942948" lon="11.441116"><ele>1149</ele></trkpt>
      <trkpt lat="46.942997" lon="11.441118"><ele>1150</ele></trkpt>
      <trkpt lat="46.943019" lon="11.441081"><ele>1151</ele></trkpt>
      <trkpt lat="46.943013" lon="11.440962"><ele>1152</ele></trkpt>
      <trkpt lat="46.943035" lon="11.440932"><ele>1153</ele></trkpt>
      <trkpt lat="46.943084" lon="11.440920"><ele>1154</ele></trkpt>
      <trkpt lat="46.943132" lon="11.440930"><ele>1156</ele></trkpt>
      <trkpt lat="46.943201" lon="11.440905"><ele>1159</ele></trkpt>
      <trkpt lat="46.943273" lon="11.440831"><ele>1162</ele></trkpt>
      <trkpt lat="46.943344" lon="11.440818"><ele>1165</ele></trkpt>
      <trkpt lat="46.943404" lon="11.440777"><ele>1167</ele></trkpt>
      <trkpt lat="46.943430" lon="11.440679"><ele>1168</ele></trkpt>
      <trkpt lat="46.943481" lon="11.440630"><ele>1169</ele></trkpt>
      <trkpt lat="46.943603" lon="11.440558"><ele>1174</ele></trkpt>
      <trkpt lat="46.943709" lon="11.440588"><ele>1178</ele></trkpt>
      <trkpt lat="46.943752" lon="11.440617"><ele>1179</ele></trkpt>
      <trkpt lat="46.943792" lon="11.440828"><ele>1180</ele></trkpt>
      <trkpt lat="46.943823" lon="11.440888"><ele>1181</ele></trkpt>
      <trkpt lat="46.943978" lon="11.441015"><ele>1185</ele></trkpt>
      <trkpt lat="46.944031" lon="11.440984"><ele>1187</ele></trkpt>
      <trkpt lat="46.944059" lon="11.441094"><ele>1187</ele></trkpt>
      <trkpt lat="46.944080" lon="11.441215"><ele>1188</ele></trkpt>
      <trkpt lat="46.944087" lon="11.441353"><ele>1190</ele></trkpt>
      <trkpt lat="46.944075" lon="11.441449"><ele>1192</ele></trkpt>
      <trkpt lat="46.944051" lon="11.441554"><ele>1193</ele></trkpt>
      <trkpt lat="46.944019" lon="11.441645"><ele>1194</ele></trkpt>
      <trkpt lat="46.943940" lon="11.441741"><ele>1193</ele></trkpt>
      <trkpt lat="46.943799" lon="11.441878"><ele>1192</ele></trkpt>
      <trkpt lat="46.943766" lon="11.441930"><ele>1192</ele></trkpt>
      <trkpt lat="46.943744" lon="11.441980"><ele>1193</ele></trkpt>
      <trkpt lat="46.943730" lon="11.442035"><ele>1193</ele></trkpt>
      <trkpt lat="46.943727" lon="11.442088"><ele>1194</ele></trkpt>
      <trkpt lat="46.943794" lon="11.442745"><ele>1198</ele></trkpt>
      <trkpt lat="46.943831" lon="11.443190"><ele>1202</ele></trkpt>
      <trkpt lat="46.943895" lon="11.443535"><ele>1204</ele></trkpt>
      <trkpt lat="46.943995" lon="11.443852"><ele>1207</ele></trkpt>
      <trkpt lat="46.944433" lon="11.444566"><ele>1213</ele></trkpt>
      <trkpt lat="46.944466" lon="11.444566"><ele>1214</ele></trkpt>
      <trkpt lat="46.944498" lon="11.444598"><ele>1216</ele></trkpt>
      <trkpt lat="46.944523" lon="11.444708"><ele>1215</ele></trkpt>
      <trkpt lat="46.944629" lon="11.444918"><ele>1216</ele></trkpt>
      <trkpt lat="46.944732" lon="11.445076"><ele>1217</ele></trkpt>
      <trkpt lat="46.944850" lon="11.445301"><ele>1219</ele></trkpt>
      <trkpt lat="46.944906" lon="11.445425"><ele>1220</ele></trkpt>
      <trkpt lat="46.944952" lon="11.445561"><ele>1220</ele></trkpt>
      <trkpt lat="46.945051" lon="11.445908"><ele>1221</ele></trkpt>
      <trkpt lat="46.945289" lon="11.446591"><ele>1224</ele></trkpt>
      <trkpt lat="46.945310" lon="11.446624"><ele>1225</ele></trkpt>
      <trkpt lat="46.945343" lon="11.446653"><ele>1225</ele></trkpt>
      <trkpt lat="46.945374" lon="11.446642"><ele>1226</ele></trkpt>
      <trkpt lat="46.945394" lon="11.446617"><ele>1227</ele></trkpt>
      <trkpt lat="46.945401" lon="11.446578"><ele>1227</ele></trkpt>
      <trkpt lat="46.945396" lon="11.446528"><ele>1228</ele></trkpt>
      <trkpt lat="46.945356" lon="11.446393"><ele>1228</ele></trkpt>
      <trkpt lat="46.945271" lon="11.446148"><ele>1227</ele></trkpt>
      <trkpt lat="46.945230" lon="11.445983"><ele>1228</ele></trkpt>
      <trkpt lat="46.945189" lon="11.445783"><ele>1229</ele></trkpt>
      <trkpt lat="46.945122" lon="11.445366"><ele>1231</ele></trkpt>
      <trkpt lat="46.944958" lon="11.444512"><ele>1236</ele></trkpt>
      <trkpt lat="46.944911" lon="11.444324"><ele>1236</ele></trkpt>
      <trkpt lat="46.944832" lon="11.444090"><ele>1236</ele></trkpt>
      <trkpt lat="46.944831" lon="11.444018"><ele>1236</ele></trkpt>
      <trkpt lat="46.944856" lon="11.443966"><ele>1237</ele></trkpt>
      <trkpt lat="46.944884" lon="11.443940"><ele>1238</ele></trkpt>
      <trkpt lat="46.944929" lon="11.443922"><ele>1238</ele></trkpt>
      <trkpt lat="46.944952" lon="11.444014"><ele>1238</ele></trkpt>
      <trkpt lat="46.944993" lon="11.444227"><ele>1239</ele></trkpt>
      <trkpt lat="46.945078" lon="11.444498"><ele>1241</ele></trkpt>
      <trkpt lat="46.945353" lon="11.445256"><ele>1242</ele></trkpt>
      <trkpt lat="46.945518" lon="11.445643"><ele>1240</ele></trkpt>
      <trkpt lat="46.945717" lon="11.446053"><ele>1242</ele></trkpt>
      <trkpt lat="46.945926" lon="11.446407"><ele>1243</ele></trkpt>
      <trkpt lat="46.946180" lon="11.446761"><ele>1243</ele></trkpt>
      <trkpt lat="46.946748" lon="11.447571"><ele>1242</ele></trkpt>
      <trkpt lat="46.946947" lon="11.447866"><ele>1242</ele></trkpt>
      <trkpt lat="46.947146" lon="11.448128"><ele>1242</ele></trkpt>
      <trkpt lat="46.947587" lon="11.448627"><ele>1242</ele></trkpt>
      <trkpt lat="46.947843" lon="11.448858"><ele>1241</ele></trkpt>
      <trkpt lat="46.948217" lon="11.449172"><ele>1242</ele></trkpt>
      <trkpt lat="46.948368" lon="11.449302"><ele>1241</ele></trkpt>
      <trkpt lat="46.948630" lon="11.449473"><ele>1242</ele></trkpt>
      <trkpt lat="46.949016" lon="11.449686"><ele>1244</ele></trkpt>
      <trkpt lat="46.949354" lon="11.449809"><ele>1244</ele></trkpt>
      <trkpt lat="46.949739" lon="11.449922"><ele>1248</ele></trkpt>
      <trkpt lat="46.950563" lon="11.450102"><ele>1249</ele></trkpt>
      <trkpt lat="46.950839" lon="11.450196"><ele>1248</ele></trkpt>
      <trkpt lat="46.950992" lon="11.450275"><ele>1248</ele></trkpt>
      <trkpt lat="46.951069" lon="11.450314"><ele>1247</ele></trkpt>
      <trkpt lat="46.951419" lon="11.450534"><ele>1250</ele></trkpt>
      <trkpt lat="46.951580" lon="11.450656"><ele>1252</ele></trkpt>
      <trkpt lat="46.951720" lon="11.450786"><ele>1254</ele></trkpt>
      <trkpt lat="46.951882" lon="11.450956"><ele>1254</ele></trkpt>
      <trkpt lat="46.952058" lon="11.451170"><ele>1253</ele></trkpt>
      <trkpt lat="46.952221" lon="11.451377"><ele>1253</ele></trkpt>
      <trkpt lat="46.952337" lon="11.451555"><ele>1253</ele></trkpt>
      <trkpt lat="46.952387" lon="11.451632"><ele>1253</ele></trkpt>
      <trkpt lat="46.952649" lon="11.452118"><ele>1255</ele></trkpt>
      <trkpt lat="46.953158" lon="11.453155"><ele>1260</ele></trkpt>
      <trkpt lat="46.953326" lon="11.453485"><ele>1260</ele></trkpt>
      <trkpt lat="46.953578" lon="11.453942"><ele>1263</ele></trkpt>
      <trkpt lat="46.953698" lon="11.454135"><ele>1270</ele></trkpt>
      <trkpt lat="46.953848" lon="11.454350"><ele>1279</ele></trkpt>
      <trkpt lat="46.953881" lon="11.454407"><ele>1278</ele></trkpt>
      <trkpt lat="46.953991" lon="11.454530"><ele>1276</ele></trkpt>
      <trkpt lat="46.954085" lon="11.454623"><ele>1275</ele></trkpt>
      <trkpt lat="46.954263" lon="11.454776"><ele>1272</ele></trkpt>
      <trkpt lat="46.954443" lon="11.454910"><ele>1269</ele></trkpt>
      <trkpt lat="46.954639" lon="11.454995"><ele>1266</ele></trkpt>
      <trkpt lat="46.954771" lon="11.455074"><ele>1266</ele></trkpt>
      <trkpt lat="46.954831" lon="11.455101"><ele>1266</ele></trkpt>
      <trkpt lat="46.956247" lon="11.455472"><ele>1267</ele></trkpt>
      <trkpt lat="46.956511" lon="11.455571"><ele>1266</ele></trkpt>
      <trkpt lat="46.956742" lon="11.455687"><ele>1267</ele></trkpt>
      <trkpt lat="46.956908" lon="11.455814"><ele>1267</ele></trkpt>
      <trkpt lat="46.957160" lon="11.456023"><ele>1269</ele></trkpt>
      <trkpt lat="46.957274" lon="11.456139"><ele>1270</ele></trkpt>
      <trkpt lat="46.957410" lon="11.456293"><ele>1271</ele></trkpt>
      <trkpt lat="46.957566" lon="11.456493"><ele>1272</ele></trkpt>
      <trkpt lat="46.957783" lon="11.456751"><ele>1270</ele></trkpt>
      <trkpt lat="46.957952" lon="11.456967"><ele>1270</ele></trkpt>
      <trkpt lat="46.958073" lon="11.457148"><ele>1272</ele></trkpt>
      <trkpt lat="46.958228" lon="11.457432"><ele>1272</ele></trkpt>
      <trkpt lat="46.958323" lon="11.457634"><ele>1272</ele></trkpt>
      <trkpt lat="46.958512" lon="11.458108"><ele>1269</ele></trkpt>
      <trkpt lat="46.958895" lon="11.459131"><ele>1278</ele></trkpt>
      <trkpt lat="46.959114" lon="11.459566"><ele>1278</ele></trkpt>
      <trkpt lat="46.959246" lon="11.459789"><ele>1278</ele></trkpt>
      <trkpt lat="46.959436" lon="11.460089"><ele>1278</ele></trkpt>
      <trkpt lat="46.959695" lon="11.460526"><ele>1278</ele></trkpt>
      <trkpt lat="46.959949" lon="11.460857"><ele>1278</ele></trkpt>
      <trkpt lat="46.960081" lon="11.460977"><ele>1280</ele></trkpt>
      <trkpt lat="46.960346" lon="11.461196"><ele>1279</ele></trkpt>
      <trkpt lat="46.960669" lon="11.461430"><ele>1280</ele></trkpt>
      <trkpt lat="46.961890" lon="11.462154"><ele>1287</ele></trkpt>
      <trkpt lat="46.962064" lon="11.462266"><ele>1284</ele></trkpt>
      <trkpt lat="46.962558" lon="11.462625"><ele>1286</ele></trkpt>
      <trkpt lat="46.963420" lon="11.463432"><ele>1290</ele></trkpt>
      <trkpt lat="46.963557" lon="11.463571"><ele>1290</ele></trkpt>
      <trkpt lat="46.963691" lon="11.463723"><ele>1291</ele></trkpt>
      <trkpt lat="46.964279" lon="11.464471"><ele>1292</ele></trkpt>
      <trkpt lat="46.964395" lon="11.464621"><ele>1292</ele></trkpt>
      <trkpt lat="46.965830" lon="11.466421"><ele>1295</ele></trkpt>
      <trkpt lat="46.966891" lon="11.467712"><ele>1296</ele></trkpt>
      <trkpt lat="46.967516" lon="11.468527"><ele>1298</ele></trkpt>
      <trkpt lat="46.967915" lon="11.469004"><ele>1298</ele></trkpt>
      <trkpt lat="46.968404" lon="11.469613"><ele>1298</ele></trkpt>
      <trkpt lat="46.969249" lon="11.470664"><ele>1299</ele></trkpt>
      <trkpt lat="46.970267" lon="11.471893"><ele>1300</ele></trkpt>
      <trkpt lat="46.970371" lon="11.472010"><ele>1301</ele></trkpt>
      <trkpt lat="46.973296" lon="11.475723"><ele>1303</ele></trkpt>
      <trkpt lat="46.973315" lon="11.475813"><ele>1303</ele></trkpt>
      <trkpt lat="46.973317" lon="11.475927"><ele>1304</ele></trkpt>
      <trkpt lat="46.973329" lon="11.476026"><ele>1304</ele></trkpt>
      <trkpt lat="46.973378" lon="11.476130"><ele>1305</ele></trkpt>
      <trkpt lat="46.973548" lon="11.476345"><ele>1306</ele></trkpt>
      <trkpt lat="46.973673" lon="11.476464"><ele>1306</ele></trkpt>
      <trkpt lat="46.973949" lon="11.476821"><ele>1307</ele></trkpt>
      <trkpt lat="46.974258" lon="11.477287"><ele>1308</ele></trkpt>
      <trkpt lat="46.974406" lon="11.477634"><ele>1309</ele></trkpt>
      <trkpt lat="46.974766" lon="11.478318"><ele>1310</ele></trkpt>
      <trkpt lat="46.975001" lon="11.478792"><ele>1312</ele></trkpt>
      <trkpt lat="46.975249" lon="11.479317"><ele>1315</ele></trkpt>
      <trkpt lat="46.975289" lon="11.479379"><ele>1315</ele></trkpt>
      <trkpt lat="46.975443" lon="11.479571"><ele>1315</ele></trkpt>
      <trkpt lat="46.975537" lon="11.479727"><ele>1317</ele></trkpt>
      <trkpt lat="46.975722" lon="11.480076"><ele>1314</ele></trkpt>
      <trkpt lat="46.975781" lon="11.480228"><ele>1314</ele></trkpt>
      <trkpt lat="46.975849" lon="11.480413"><ele>1316</ele></trkpt>
      <trkpt lat="46.975959" lon="11.480727"><ele>1319</ele></trkpt>
      <trkpt lat="46.976064" lon="11.480957"><ele>1320</ele></trkpt>
      <trkpt lat="46.976182" lon="11.481174"><ele>1320</ele></trkpt>
      <trkpt lat="46.976285" lon="11.481321"><ele>1321</ele></trkpt>
      <trkpt lat="46.976401" lon="11.481465"><ele>1322</ele></trkpt>
      <trkpt lat="46.976617" lon="11.481661"><ele>1321</ele></trkpt>
      <trkpt lat="46.976790" lon="11.481773"><ele>1321</ele></trkpt>
      <trkpt lat="46.977732" lon="11.482268"><ele>1318</ele></trkpt>
      <trkpt lat="46.977759" lon="11.482283"><ele>1318</ele></trkpt>
      <trkpt lat="46.977866" lon="11.482374"><ele>1320</ele></trkpt>
      <trkpt lat="46.977985" lon="11.482490"><ele>1321</ele></trkpt>
      <trkpt lat="46.978077" lon="11.482588"><ele>1321</ele></trkpt>
      <trkpt lat="46.978237" lon="11.482799"><ele>1322</ele></trkpt>
      <trkpt lat="46.978355" lon="11.482978"><ele>1320</ele></trkpt>
      <trkpt lat="46.979344" lon="11.484568"><ele>1317</ele></trkpt>
      <trkpt lat="46.979432" lon="11.484695"><ele>1316</ele></trkpt>
      <trkpt lat="46.979603" lon="11.484930"><ele>1317</ele></trkpt>
      <trkpt lat="46.979685" lon="11.485067"><ele>1316</ele></trkpt>
      <trkpt lat="46.979764" lon="11.485228"><ele>1317</ele></trkpt>
      <trkpt lat="46.979837" lon="11.485401"><ele>1318</ele></trkpt>
      <trkpt lat="46.980248" lon="11.486632"><ele>1318</ele></trkpt>
      <trkpt lat="46.980297" lon="11.486745"><ele>1318</ele></trkpt>
      <trkpt lat="46.980373" lon="11.486856"><ele>1319</ele></trkpt>
      <trkpt lat="46.980404" lon="11.486913"><ele>1319</ele></trkpt>
      <trkpt lat="46.980424" lon="11.486966"><ele>1320</ele></trkpt>
      <trkpt lat="46.980459" lon="11.487138"><ele>1320</ele></trkpt>
      <trkpt lat="46.980504" lon="11.487431"><ele>1321</ele></trkpt>
      <trkpt lat="46.980531" lon="11.487521"><ele>1321</ele></trkpt>
      <trkpt lat="46.980610" lon="11.487735"><ele>1321</ele></trkpt>
      <trkpt lat="46.980649" lon="11.487813"><ele>1321</ele></trkpt>
      <trkpt lat="46.980714" lon="11.487916"><ele>1321</ele></trkpt>
      <trkpt lat="46.980749" lon="11.487956"><ele>1321</ele></trkpt>
      <trkpt lat="46.980836" lon="11.488009"><ele>1320</ele></trkpt>
      <trkpt lat="46.980881" lon="11.488047"><ele>1321</ele></trkpt>
      <trkpt lat="46.980924" lon="11.488104"><ele>1322</ele></trkpt>
      <trkpt lat="46.980966" lon="11.488176"><ele>1322</ele></trkpt>
      <trkpt lat="46.981080" lon="11.488424"><ele>1322</ele></trkpt>
      <trkpt lat="46.981231" lon="11.488908"><ele>1323</ele></trkpt>
      <trkpt lat="46.981290" lon="11.489059"><ele>1323</ele></trkpt>
      <trkpt lat="46.981310" lon="11.489104"><ele>1323</ele></trkpt>
      <trkpt lat="46.981471" lon="11.489365"><ele>1324</ele></trkpt>
      <trkpt lat="46.981480" lon="11.489406"><ele>1324</ele></trkpt>
      <trkpt lat="46.981476" lon="11.489493"><ele>1323</ele></trkpt>
      <trkpt lat="46.981467" lon="11.489525"><ele>1323</ele></trkpt>
      <trkpt lat="46.981363" lon="11.489732"><ele>1322</ele></trkpt>
      <trkpt lat="46.981333" lon="11.489860"><ele>1322</ele></trkpt>
      <trkpt lat="46.981334" lon="11.489983"><ele>1323</ele></trkpt>
      <trkpt lat="46.981343" lon="11.490039"><ele>1323</ele></trkpt>
      <trkpt lat="46.981385" lon="11.490128"><ele>1323</ele></trkpt>
      <trkpt lat="46.981797" lon="11.490861"><ele>1325</ele></trkpt>
      <trkpt lat="46.981956" lon="11.491128"><ele>1324</ele></trkpt>
      <trkpt lat="46.982176" lon="11.491459"><ele>1326</ele></trkpt>
      <trkpt lat="46.982301" lon="11.491591"><ele>1326</ele></trkpt>
      <trkpt lat="46.982757" lon="11.491964"><ele>1329</ele></trkpt>
      <trkpt lat="46.982783" lon="11.491972"><ele>1329</ele></trkpt>
      <trkpt lat="46.982884" lon="11.491966"><ele>1329</ele></trkpt>
      <trkpt lat="46.982980" lon="11.491987"><ele>1329</ele></trkpt>
      <trkpt lat="46.983298" lon="11.492166"><ele>1330</ele></trkpt>
      <trkpt lat="46.983366" lon="11.492217"><ele>1330</ele></trkpt>
      <trkpt lat="46.983414" lon="11.492268"><ele>1331</ele></trkpt>
      <trkpt lat="46.983464" lon="11.492331"><ele>1331</ele></trkpt>
      <trkpt lat="46.983550" lon="11.492467"><ele>1331</ele></trkpt>
      <trkpt lat="46.983652" lon="11.492654"><ele>1332</ele></trkpt>
      <trkpt lat="46.983702" lon="11.492766"><ele>1332</ele></trkpt>
      <trkpt lat="46.983722" lon="11.492833"><ele>1332</ele></trkpt>
      <trkpt lat="46.983770" lon="11.493099"><ele>1333</ele></trkpt>
      <trkpt lat="46.983789" lon="11.493157"><ele>1333</ele></trkpt>
      <trkpt lat="46.983812" lon="11.493198"><ele>1334</ele></trkpt>
      <trkpt lat="46.984118" lon="11.493550"><ele>1334</ele></trkpt>
      <trkpt lat="46.984150" lon="11.493576"><ele>1334</ele></trkpt>
      <trkpt lat="46.984318" lon="11.493672"><ele>1334</ele></trkpt>
      <trkpt lat="46.984550" lon="11.493876"><ele>1336</ele></trkpt>
      <trkpt lat="46.984644" lon="11.493949"><ele>1336</ele></trkpt>
      <trkpt lat="46.984803" lon="11.494048"><ele>1336</ele></trkpt>
      <trkpt lat="46.984943" lon="11.494132"><ele>1338</ele></trkpt>
      <trkpt lat="46.985100" lon="11.494202"><ele>1338</ele></trkpt>
      <trkpt lat="46.985248" lon="11.494254"><ele>1337</ele></trkpt>
      <trkpt lat="46.985297" lon="11.494281"><ele>1337</ele></trkpt>
      <trkpt lat="46.985359" lon="11.494335"><ele>1338</ele></trkpt>
      <trkpt lat="46.985443" lon="11.494444"><ele>1338</ele></trkpt>
      <trkpt lat="46.985489" lon="11.494491"><ele>1338</ele></trkpt>
      <trkpt lat="46.985664" lon="11.494575"><ele>1339</ele></trkpt>
      <trkpt lat="46.985825" lon="11.494644"><ele>1340</ele></trkpt>
      <trkpt lat="46.987664" lon="11.495342"><ele>1348</ele></trkpt>
      <trkpt lat="46.988481" lon="11.495635"><ele>1350</ele></trkpt>
      <trkpt lat="46.988528" lon="11.495652"><ele>1350</ele></trkpt>
      <trkpt lat="46.988842" lon="11.495788"><ele>1352</ele></trkpt>
      <trkpt lat="46.989816" lon="11.496156"><ele>1354</ele></trkpt>
      <trkpt lat="46.989899" lon="11.496188"><ele>1354</ele></trkpt>
      <trkpt lat="46.990154" lon="11.496315"><ele>1356</ele></trkpt>
      <trkpt lat="46.990341" lon="11.496437"><ele>1356</ele></trkpt>
      <trkpt lat="46.990697" lon="11.496693"><ele>1359</ele></trkpt>
      <trkpt lat="46.990779" lon="11.496726"><ele>1359</ele></trkpt>
      <trkpt lat="46.991000" lon="11.496868"><ele>1360</ele></trkpt>
      <trkpt lat="46.992675" lon="11.497986"><ele>1363</ele></trkpt>
      <trkpt lat="46.993159" lon="11.498317"><ele>1363</ele></trkpt>
      <trkpt lat="46.993525" lon="11.498619"><ele>1363</ele></trkpt>
      <trkpt lat="46.993632" lon="11.498670"><ele>1363</ele></trkpt>
      <trkpt lat="46.993719" lon="11.498708"><ele>1363</ele></trkpt>
      <trkpt lat="46.994048" lon="11.498952"><ele>1363</ele></trkpt>
      <trkpt lat="46.994834" lon="11.499481"><ele>1364</ele></trkpt>
      <trkpt lat="46.995108" lon="11.499679"><ele>1364</ele></trkpt>
      <trkpt lat="46.995362" lon="11.499874"><ele>1364</ele></trkpt>
      <trkpt lat="46.995795" lon="11.500203"><ele>1364</ele></trkpt>
      <trkpt lat="46.996162" lon="11.500470"><ele>1367</ele></trkpt>
      <trkpt lat="46.996305" lon="11.500557"><ele>1364</ele></trkpt>
      <trkpt lat="46.996375" lon="11.500587"><ele>1364</ele></trkpt>
      <trkpt lat="46.996693" lon="11.500690"><ele>1365</ele></trkpt>
      <trkpt lat="46.996946" lon="11.500747"><ele>1365</ele></trkpt>
      <trkpt lat="46.997149" lon="11.500757"><ele>1366</ele></trkpt>
      <trkpt lat="46.997333" lon="11.500794"><ele>1366</ele></trkpt>
      <trkpt lat="46.997406" lon="11.500784"><ele>1366</ele></trkpt>
      <trkpt lat="46.997519" lon="11.500743"><ele>1367</ele></trkpt>
      <trkpt lat="46.997549" lon="11.500748"><ele>1368</ele></trkpt>
      <trkpt lat="46.997685" lon="11.500838"><ele>1367</ele></trkpt>
      <trkpt lat="46.998101" lon="11.501216"><ele>1368</ele></trkpt>
      <trkpt lat="46.998474" lon="11.501426"><ele>1366</ele></trkpt>
      <trkpt lat="46.998944" lon="11.501468"><ele>1369</ele></trkpt>
      <trkpt lat="46.999119" lon="11.501524"><ele>1368</ele></trkpt>
      <trkpt lat="46.999951" lon="11.501907"><ele>1374</ele></trkpt>
      <trkpt lat="47.000187" lon="11.502111"><ele>1374</ele></trkpt>
      <trkpt lat="47.000305" lon="11.502171"><ele>1374</ele></trkpt>
      <trkpt lat="47.000434" lon="11.502149"><ele>1376</ele></trkpt>
      <trkpt lat="47.000575" lon="11.502195"><ele>1376</ele></trkpt>
      <trkpt lat="47.001040" lon="11.502575"><ele>1378</ele></trkpt>
      <trkpt lat="47.001201" lon="11.502695"><ele>1379</ele></trkpt>
      <trkpt lat="47.001466" lon="11.502860"><ele>1379</ele></trkpt>
      <trkpt lat="47.001626" lon="11.503047"><ele>1377</ele></trkpt>
      <trkpt lat="47.001714" lon="11.503140"><ele>1377</ele></trkpt>
      <trkpt lat="47.001949" lon="11.503274"><ele>1377</ele></trkpt>
      <trkpt lat="47.002157" lon="11.503426"><ele>1380</ele></trkpt>
      <trkpt lat="47.002189" lon="11.503453"><ele>1380</ele></trkpt>
      <trkpt lat="47.002208" lon="11.503485"><ele>1379</ele></trkpt>
      <trkpt lat="47.002241" lon="11.503581"><ele>1377</ele></trkpt>
      <trkpt lat="47.002265" lon="11.503607"><ele>1376</ele></trkpt>
      <trkpt lat="47.002302" lon="11.503650"><ele>1376</ele></trkpt>
      <trkpt lat="47.002390" lon="11.503729"><ele>1376</ele></trkpt>
      <trkpt lat="47.002392" lon="11.504216"><ele>1373</ele></trkpt>
      <trkpt lat="47.002313" lon="11.504221"><ele>1372</ele></trkpt>
      <trkpt lat="47.002169" lon="11.504225"><ele>1372</ele></trkpt>
      <trkpt lat="47.001937" lon="11.504233"><ele>1372</ele></trkpt>
      <trkpt lat="47.001856" lon="11.504230"><ele>1372</ele></trkpt>
      <trkpt lat="47.001726" lon="11.504208"><ele>1372</ele></trkpt>
      <trkpt lat="47.001703" lon="11.504352"><ele>1371</ele></trkpt>
      <trkpt lat="47.001999" lon="11.504447"><ele>1371</ele></trkpt>
      <trkpt lat="47.002166" lon="11.504501"><ele>1371</ele></trkpt>
      <trkpt lat="47.002324" lon="11.504552"><ele>1371</ele></trkpt>
      <trkpt lat="47.002640" lon="11.504768"><ele>1370</ele></trkpt>
      <trkpt lat="47.002836" lon="11.504896"><ele>1371</ele></trkpt>
      <trkpt lat="47.002877" lon="11.504923"><ele>1370</ele></trkpt>
      <trkpt lat="47.002935" lon="11.504964"><ele>1370</ele></trkpt>
      <trkpt lat="47.002898" lon="11.505087"><ele>1370</ele></trkpt>
      <trkpt lat="47.003313" lon="11.505380"><ele>1370</ele></trkpt>
      <trkpt lat="47.003602" lon="11.505572"><ele>1370</ele></trkpt>
      <trkpt lat="47.003634" lon="11.505593"><ele>1370</ele></trkpt>
      <trkpt lat="47.003828" lon="11.505671"><ele>1369</ele></trkpt>
      <trkpt lat="47.003860" lon="11.505759"><ele>1369</ele></trkpt>
      <trkpt lat="47.004018" lon="11.505862"><ele>1369</ele></trkpt>
      <trkpt lat="47.003860" lon="11.505759"><ele>1369</ele></trkpt>
      <trkpt lat="47.003828" lon="11.505671"><ele>1369</ele></trkpt>
      <trkpt lat="47.004131" lon="11.505801"><ele>1369</ele></trkpt>
      <trkpt lat="47.004153" lon="11.505679"><ele>1370</ele></trkpt>
      <trkpt lat="47.005520" lon="11.506264"><ele>1370</ele></trkpt>
      <trkpt lat="47.006053" lon="11.506457"><ele>1370</ele></trkpt>
      <trkpt lat="47.006098" lon="11.506452"><ele>1370</ele></trkpt>
      <trkpt lat="47.006175" lon="11.506447"><ele>1370</ele></trkpt>
      <trkpt lat="47.006330" lon="11.506406"><ele>1369</ele></trkpt>
      <trkpt lat="47.006394" lon="11.506375"><ele>1369</ele></trkpt>
      <trkpt lat="47.006437" lon="11.506425"><ele>1369</ele></trkpt>
      <trkpt lat="47.006464" lon="11.506439"><ele>1369</ele></trkpt>
      <trkpt lat="47.006519" lon="11.506441"><ele>1369</ele></trkpt>
      <trkpt lat="47.006570" lon="11.506408"><ele>1369</ele></trkpt>
      <trkpt lat="47.006607" lon="11.506347"><ele>1369</ele></trkpt>
      <trkpt lat="47.006680" lon="11.506375"><ele>1369</ele></trkpt>
      <trkpt lat="47.006780" lon="11.506400"><ele>1369</ele></trkpt>
      <trkpt lat="47.006984" lon="11.506474"><ele>1369</ele></trkpt>
      <trkpt lat="47.007363" lon="11.506671"><ele>1369</ele></trkpt>
      <trkpt lat="47.007399" lon="11.506700"><ele>1369</ele></trkpt>
      <trkpt lat="47.007581" lon="11.506831"><ele>1369</ele></trkpt>
      <trkpt lat="47.007714" lon="11.506885"><ele>1368</ele></trkpt>
      <trkpt lat="47.007859" lon="11.506931"><ele>1368</ele></trkpt>
      <trkpt lat="47.007999" lon="11.506968"><ele>1368</ele></trkpt>
      <trkpt lat="47.008201" lon="11.507001"><ele>1368</ele></trkpt>
      <trkpt lat="47.008562" lon="11.507029"><ele>1367</ele></trkpt>
      <trkpt lat="47.009819" lon="11.507069"><ele>1365</ele></trkpt>
      <trkpt lat="47.010241" lon="11.507048"><ele>1363</ele></trkpt>
      <trkpt lat="47.010942" lon="11.506995"><ele>1362</ele></trkpt>
      <trkpt lat="47.011152" lon="11.506979"><ele>1361</ele></trkpt>
      <trkpt lat="47.011381" lon="11.506962"><ele>1360</ele></trkpt>
      <trkpt lat="47.011608" lon="11.506932"><ele>1359</ele></trkpt>
      <trkpt lat="47.011846" lon="11.506906"><ele>1358</ele></trkpt>
      <trkpt lat="47.012226" lon="11.506892"><ele>1355</ele></trkpt>
      <trkpt lat="47.012484" lon="11.506895"><ele>1354</ele></trkpt>
      <trkpt lat="47.012933" lon="11.506959"><ele>1354</ele></trkpt>
      <trkpt lat="47.013360" lon="11.507066"><ele>1350</ele></trkpt>
      <trkpt lat="47.013598" lon="11.507152"><ele>1349</ele></trkpt>
      <trkpt lat="47.013840" lon="11.507268"><ele>1349</ele></trkpt>
      <trkpt lat="47.014040" lon="11.507411"><ele>1346</ele></trkpt>
      <trkpt lat="47.014255" lon="11.507623"><ele>1344</ele></trkpt>
      <trkpt lat="47.014387" lon="11.507788"><ele>1344</ele></trkpt>
      <trkpt lat="47.014903" lon="11.508555"><ele>1338</ele></trkpt>
      <trkpt lat="47.015066" lon="11.508760"><ele>1337</ele></trkpt>
      <trkpt lat="47.015254" lon="11.508949"><ele>1336</ele></trkpt>
      <trkpt lat="47.015470" lon="11.509124"><ele>1334</ele></trkpt>
      <trkpt lat="47.015691" lon="11.509233"><ele>1332</ele></trkpt>
      <trkpt lat="47.015923" lon="11.509294"><ele>1331</ele></trkpt>
      <trkpt lat="47.016096" lon="11.509310"><ele>1330</ele></trkpt>
      <trkpt lat="47.016240" lon="11.509308"><ele>1330</ele></trkpt>
      <trkpt lat="47.016367" lon="11.509289"><ele>1329</ele></trkpt>
      <trkpt lat="47.016543" lon="11.509233"><ele>1328</ele></trkpt>
      <trkpt lat="47.016563" lon="11.509227"><ele>1328</ele></trkpt>
      <trkpt lat="47.016661" lon="11.509179"><ele>1326</ele></trkpt>
      <trkpt lat="47.016753" lon="11.509134"><ele>1326</ele></trkpt>
      <trkpt lat="47.016982" lon="11.508980"><ele>1325</ele></trkpt>
      <trkpt lat="47.017244" lon="11.508736"><ele>1323</ele></trkpt>
      <trkpt lat="47.017435" lon="11.508472"><ele>1321</ele></trkpt>
      <trkpt lat="47.017664" lon="11.508077"><ele>1320</ele></trkpt>
      <trkpt lat="47.017675" lon="11.508054"><ele>1320</ele></trkpt>
      <trkpt lat="47.018173" lon="11.507051"><ele>1322</ele></trkpt>
      <trkpt lat="47.018208" lon="11.506988"><ele>1321</ele></trkpt>
      <trkpt lat="47.018230" lon="11.506949"><ele>1320</ele></trkpt>
      <trkpt lat="47.018384" lon="11.506676"><ele>1322</ele></trkpt>
      <trkpt lat="47.018595" lon="11.506318"><ele>1320</ele></trkpt>
      <trkpt lat="47.018667" lon="11.506208"><ele>1322</ele></trkpt>
      <trkpt lat="47.018936" lon="11.505810"><ele>1322</ele></trkpt>
      <trkpt lat="47.020169" lon="11.504053"><ele>1321</ele></trkpt>
      <trkpt lat="47.020533" lon="11.503547"><ele>1319</ele></trkpt>
      <trkpt lat="47.020768" lon="11.503243"><ele>1319</ele></trkpt>
      <trkpt lat="47.020869" lon="11.503123"><ele>1319</ele></trkpt>
      <trkpt lat="47.021055" lon="11.502937"><ele>1319</ele></trkpt>
      <trkpt lat="47.021267" lon="11.502754"><ele>1319</ele></trkpt>
      <trkpt lat="47.021521" lon="11.502574"><ele>1318</ele></trkpt>
      <trkpt lat="47.021724" lon="11.502470"><ele>1318</ele></trkpt>
      <trkpt lat="47.022223" lon="11.502276"><ele>1316</ele></trkpt>
      <trkpt lat="47.022513" lon="11.502134"><ele>1316</ele></trkpt>
      <trkpt lat="47.023245" lon="11.501730"><ele>1307</ele></trkpt>
      <trkpt lat="47.023390" lon="11.501667"><ele>1304</ele></trkpt>
      <trkpt lat="47.023579" lon="11.501647"><ele>1303</ele></trkpt>
      <trkpt lat="47.023731" lon="11.501672"><ele>1302</ele></trkpt>
      <trkpt lat="47.023783" lon="11.501681"><ele>1301</ele></trkpt>
      <trkpt lat="47.023945" lon="11.501763"><ele>1300</ele></trkpt>
      <trkpt lat="47.024462" lon="11.502127"><ele>1293</ele></trkpt>
      <trkpt lat="47.024598" lon="11.502174"><ele>1291</ele></trkpt>
      <trkpt lat="47.024821" lon="11.502219"><ele>1289</ele></trkpt>
      <trkpt lat="47.025140" lon="11.502255"><ele>1288</ele></trkpt>
      <trkpt lat="47.025243" lon="11.502269"><ele>1287</ele></trkpt>
      <trkpt lat="47.025599" lon="11.502301"><ele>1282</ele></trkpt>
      <trkpt lat="47.025835" lon="11.502275"><ele>1278</ele></trkpt>
      <trkpt lat="47.026059" lon="11.502199"><ele>1275</ele></trkpt>
      <trkpt lat="47.026189" lon="11.502132"><ele>1273</ele></trkpt>
      <trkpt lat="47.026317" lon="11.502052"><ele>1273</ele></trkpt>
      <trkpt lat="47.026516" lon="11.501881"><ele>1272</ele></trkpt>
      <trkpt lat="47.026689" lon="11.501664"><ele>1269</ele></trkpt>
      <trkpt lat="47.026776" lon="11.501527"><ele>1269</ele></trkpt>
      <trkpt lat="47.026859" lon="11.501379"><ele>1266</ele></trkpt>
      <trkpt lat="47.026945" lon="11.501146"><ele>1264</ele></trkpt>
      <trkpt lat="47.027010" lon="11.500879"><ele>1264</ele></trkpt>
      <trkpt lat="47.027068" lon="11.500401"><ele>1260</ele></trkpt>
      <trkpt lat="47.027234" lon="11.498884"><ele>1250</ele></trkpt>
      <trkpt lat="47.027248" lon="11.498670"><ele>1249</ele></trkpt>
      <trkpt lat="47.027251" lon="11.498439"><ele>1248</ele></trkpt>
      <trkpt lat="47.027193" lon="11.497504"><ele>1238</ele></trkpt>
      <trkpt lat="47.027201" lon="11.497174"><ele>1236</ele></trkpt>
      <trkpt lat="47.027272" lon="11.496729"><ele>1237</ele></trkpt>
      <trkpt lat="47.027337" lon="11.496463"><ele>1235</ele></trkpt>
      <trkpt lat="47.027841" lon="11.494575"><ele>1228</ele></trkpt>
      <trkpt lat="47.028023" lon="11.493928"><ele>1225</ele></trkpt>
      <trkpt lat="47.028173" lon="11.493492"><ele>1224</ele></trkpt>
      <trkpt lat="47.028500" lon="11.492580"><ele>1222</ele></trkpt>
      <trkpt lat="47.029098" lon="11.491027"><ele>1218</ele></trkpt>
      <trkpt lat="47.029190" lon="11.490781"><ele>1218</ele></trkpt>
      <trkpt lat="47.029258" lon="11.490628"><ele>1218</ele></trkpt>
      <trkpt lat="47.029442" lon="11.490232"><ele>1218</ele></trkpt>
      <trkpt lat="47.029596" lon="11.489982"><ele>1218</ele></trkpt>
      <trkpt lat="47.029842" lon="11.489664"><ele>1218</ele></trkpt>
      <trkpt lat="47.029957" lon="11.489477"><ele>1218</ele></trkpt>
      <trkpt lat="47.030047" lon="11.489328"><ele>1216</ele></trkpt>
      <trkpt lat="47.030210" lon="11.489024"><ele>1216</ele></trkpt>
      <trkpt lat="47.030394" lon="11.488733"><ele>1214</ele></trkpt>
      <trkpt lat="47.030580" lon="11.488497"><ele>1212</ele></trkpt>
      <trkpt lat="47.030768" lon="11.488306"><ele>1212</ele></trkpt>
      <trkpt lat="47.031257" lon="11.487841"><ele>1208</ele></trkpt>
      <trkpt lat="47.031344" lon="11.487758"><ele>1207</ele></trkpt>
      <trkpt lat="47.031503" lon="11.487594"><ele>1206</ele></trkpt>
      <trkpt lat="47.031595" lon="11.487472"><ele>1205</ele></trkpt>
      <trkpt lat="47.031679" lon="11.487331"><ele>1202</ele></trkpt>
      <trkpt lat="47.031903" lon="11.486919"><ele>1201</ele></trkpt>
      <trkpt lat="47.032043" lon="11.486720"><ele>1200</ele></trkpt>
      <trkpt lat="47.032088" lon="11.486668"><ele>1200</ele></trkpt>
      <trkpt lat="47.032284" lon="11.486444"><ele>1198</ele></trkpt>
      <trkpt lat="47.032316" lon="11.486403"><ele>1198</ele></trkpt>
      <trkpt lat="47.032427" lon="11.486263"><ele>1199</ele></trkpt>
      <trkpt lat="47.032591" lon="11.486042"><ele>1198</ele></trkpt>
      <trkpt lat="47.032684" lon="11.485886"><ele>1198</ele></trkpt>
      <trkpt lat="47.032886" lon="11.485549"><ele>1198</ele></trkpt>
      <trkpt lat="47.032919" lon="11.485494"><ele>1198</ele></trkpt>
      <trkpt lat="47.033079" lon="11.485234"><ele>1198</ele></trkpt>
      <trkpt lat="47.033310" lon="11.484952"><ele>1198</ele></trkpt>
      <trkpt lat="47.033798" lon="11.484487"><ele>1192</ele></trkpt>
      <trkpt lat="47.034119" lon="11.484180"><ele>1188</ele></trkpt>
      <trkpt lat="47.034253" lon="11.484051"><ele>1189</ele></trkpt>
      <trkpt lat="47.034382" lon="11.483902"><ele>1188</ele></trkpt>
      <trkpt lat="47.034491" lon="11.483748"><ele>1189</ele></trkpt>
      <trkpt lat="47.034688" lon="11.483421"><ele>1186</ele></trkpt>
      <trkpt lat="47.034846" lon="11.483156"><ele>1189</ele></trkpt>
      <trkpt lat="47.034848" lon="11.483152"><ele>1189</ele></trkpt>
      <trkpt lat="47.034849" lon="11.483149"><ele>1189</ele></trkpt>
      <trkpt lat="47.035224" lon="11.482519"><ele>1183</ele></trkpt>
      <trkpt lat="47.035258" lon="11.482457"><ele>1182</ele></trkpt>
      <trkpt lat="47.035301" lon="11.482378"><ele>1182</ele></trkpt>
      <trkpt lat="47.035433" lon="11.482016"><ele>1183</ele></trkpt>
      <trkpt lat="47.035508" lon="11.481730"><ele>1183</ele></trkpt>
      <trkpt lat="47.035583" lon="11.481451"><ele>1182</ele></trkpt>
      <trkpt lat="47.035655" lon="11.481231"><ele>1182</ele></trkpt>
      <trkpt lat="47.035736" lon="11.481034"><ele>1182</ele></trkpt>
      <trkpt lat="47.035856" lon="11.480816"><ele>1181</ele></trkpt>
      <trkpt lat="47.035984" lon="11.480629"><ele>1181</ele></trkpt>
      <trkpt lat="47.036447" lon="11.480013"><ele>1180</ele></trkpt>
      <trkpt lat="47.036637" lon="11.479767"><ele>1178</ele></trkpt>
      <trkpt lat="47.036840" lon="11.479520"><ele>1179</ele></trkpt>
      <trkpt lat="47.037025" lon="11.479363"><ele>1177</ele></trkpt>
      <trkpt lat="47.037219" lon="11.479246"><ele>1178</ele></trkpt>
      <trkpt lat="47.037399" lon="11.479181"><ele>1176</ele></trkpt>
      <trkpt lat="47.037468" lon="11.479156"><ele>1176</ele></trkpt>
      <trkpt lat="47.037709" lon="11.479131"><ele>1175</ele></trkpt>
      <trkpt lat="47.038128" lon="11.479091"><ele>1173</ele></trkpt>
      <trkpt lat="47.038346" lon="11.479089"><ele>1172</ele></trkpt>
      <trkpt lat="47.038491" lon="11.479118"><ele>1171</ele></trkpt>
      <trkpt lat="47.038675" lon="11.479192"><ele>1170</ele></trkpt>
      <trkpt lat="47.038844" lon="11.479330"><ele>1169</ele></trkpt>
      <trkpt lat="47.038920" lon="11.479423"><ele>1169</ele></trkpt>
      <trkpt lat="47.039010" lon="11.479552"><ele>1168</ele></trkpt>
      <trkpt lat="47.039042" lon="11.479600"><ele>1168</ele></trkpt>
      <trkpt lat="47.039359" lon="11.480313"><ele>1167</ele></trkpt>
      <trkpt lat="47.039396" lon="11.480395"><ele>1167</ele></trkpt>
      <trkpt lat="47.039441" lon="11.480488"><ele>1168</ele></trkpt>
      <trkpt lat="47.039554" lon="11.480757"><ele>1167</ele></trkpt>
      <trkpt lat="47.039573" lon="11.480801"><ele>1167</ele></trkpt>
      <trkpt lat="47.039617" lon="11.480906"><ele>1167</ele></trkpt>
      <trkpt lat="47.039670" lon="11.481037"><ele>1168</ele></trkpt>
      <trkpt lat="47.039876" lon="11.481655"><ele>1168</ele></trkpt>
      <trkpt lat="47.040010" lon="11.481901"><ele>1166</ele></trkpt>
      <trkpt lat="47.040109" lon="11.482010"><ele>1166</ele></trkpt>
      <trkpt lat="47.040214" lon="11.482093"><ele>1166</ele></trkpt>
      <trkpt lat="47.040533" lon="11.482264"><ele>1163</ele></trkpt>
      <trkpt lat="47.040928" lon="11.482476"><ele>1162</ele></trkpt>
      <trkpt lat="47.041224" lon="11.482608"><ele>1161</ele></trkpt>
      <trkpt lat="47.041652" lon="11.482723"><ele>1160</ele></trkpt>
      <trkpt lat="47.041907" lon="11.482780"><ele>1160</ele></trkpt>
      <trkpt lat="47.042213" lon="11.482832"><ele>1159</ele></trkpt>
      <trkpt lat="47.042341" lon="11.482837"><ele>1159</ele></trkpt>
      <trkpt lat="47.042491" lon="11.482843"><ele>1159</ele></trkpt>
      <trkpt lat="47.042518" lon="11.482844"><ele>1159</ele></trkpt>
      <trkpt lat="47.042674" lon="11.482850"><ele>1159</ele></trkpt>
      <trkpt lat="47.043288" lon="11.482812"><ele>1158</ele></trkpt>
      <trkpt lat="47.043395" lon="11.482806"><ele>1158</ele></trkpt>
      <trkpt lat="47.043568" lon="11.482795"><ele>1157</ele></trkpt>
      <trkpt lat="47.043789" lon="11.482800"><ele>1157</ele></trkpt>
      <trkpt lat="47.043898" lon="11.482836"><ele>1158</ele></trkpt>
      <trkpt lat="47.044005" lon="11.482871"><ele>1157</ele></trkpt>
      <trkpt lat="47.044054" lon="11.482907"><ele>1157</ele></trkpt>
      <trkpt lat="47.044189" lon="11.483005"><ele>1156</ele></trkpt>
      <trkpt lat="47.044346" lon="11.483202"><ele>1156</ele></trkpt>
      <trkpt lat="47.044566" lon="11.483547"><ele>1156</ele></trkpt>
      <trkpt lat="47.044682" lon="11.483662"><ele>1156</ele></trkpt>
      <trkpt lat="47.044801" lon="11.483724"><ele>1157</ele></trkpt>
      <trkpt lat="47.044932" lon="11.483757"><ele>1157</ele></trkpt>
      <trkpt lat="47.045035" lon="11.483743"><ele>1157</ele></trkpt>
      <trkpt lat="47.045119" lon="11.483714"><ele>1156</ele></trkpt>
      <trkpt lat="47.045221" lon="11.483654"><ele>1154</ele></trkpt>
      <trkpt lat="47.045230" lon="11.483649"><ele>1154</ele></trkpt>
      <trkpt lat="47.045485" lon="11.483509"><ele>1151</ele></trkpt>
      <trkpt lat="47.045645" lon="11.483454"><ele>1150</ele></trkpt>
      <trkpt lat="47.045820" lon="11.483434"><ele>1148</ele></trkpt>
      <trkpt lat="47.045981" lon="11.483447"><ele>1147</ele></trkpt>
      <trkpt lat="47.046407" lon="11.483545"><ele>1145</ele></trkpt>
      <trkpt lat="47.046836" lon="11.483605"><ele>1143</ele></trkpt>
      <trkpt lat="47.047174" lon="11.483616"><ele>1142</ele></trkpt>
      <trkpt lat="47.047538" lon="11.483645"><ele>1141</ele></trkpt>
      <trkpt lat="47.047658" lon="11.483668"><ele>1141</ele></trkpt>
      <trkpt lat="47.047743" lon="11.483702"><ele>1141</ele></trkpt>
      <trkpt lat="47.047994" lon="11.483825"><ele>1141</ele></trkpt>
      <trkpt lat="47.048218" lon="11.483994"><ele>1143</ele></trkpt>
      <trkpt lat="47.048858" lon="11.484514"><ele>1137</ele></trkpt>
      <trkpt lat="47.049177" lon="11.484725"><ele>1135</ele></trkpt>
      <trkpt lat="47.049429" lon="11.484825"><ele>1136</ele></trkpt>
      <trkpt lat="47.049759" lon="11.484886"><ele>1134</ele></trkpt>
      <trkpt lat="47.050160" lon="11.484924"><ele>1134</ele></trkpt>
      <trkpt lat="47.050390" lon="11.484989"><ele>1134</ele></trkpt>
      <trkpt lat="47.050751" lon="11.485188"><ele>1132</ele></trkpt>
      <trkpt lat="47.051688" lon="11.485737"><ele>1130</ele></trkpt>
      <trkpt lat="47.051878" lon="11.485845"><ele>1127</ele></trkpt>
      <trkpt lat="47.051937" lon="11.485879"><ele>1128</ele></trkpt>
      <trkpt lat="47.052194" lon="11.486025"><ele>1131</ele></trkpt>
      <trkpt lat="47.052431" lon="11.486091"><ele>1130</ele></trkpt>
      <trkpt lat="47.052633" lon="11.486119"><ele>1129</ele></trkpt>
      <trkpt lat="47.052869" lon="11.486095"><ele>1128</ele></trkpt>
      <trkpt lat="47.053017" lon="11.486055"><ele>1126</ele></trkpt>
      <trkpt lat="47.053167" lon="11.485982"><ele>1126</ele></trkpt>
      <trkpt lat="47.053400" lon="11.485837"><ele>1125</ele></trkpt>
      <trkpt lat="47.053561" lon="11.485673"><ele>1125</ele></trkpt>
      <trkpt lat="47.053836" lon="11.485312"><ele>1123</ele></trkpt>
      <trkpt lat="47.053973" lon="11.485161"><ele>1123</ele></trkpt>
      <trkpt lat="47.054112" lon="11.485043"><ele>1122</ele></trkpt>
      <trkpt lat="47.054231" lon="11.484958"><ele>1121</ele></trkpt>
      <trkpt lat="47.054349" lon="11.484890"><ele>1121</ele></trkpt>
      <trkpt lat="47.054507" lon="11.484820"><ele>1120</ele></trkpt>
      <trkpt lat="47.054733" lon="11.484759"><ele>1119</ele></trkpt>
      <trkpt lat="47.055217" lon="11.484705"><ele>1119</ele></trkpt>
      <trkpt lat="47.055382" lon="11.484699"><ele>1118</ele></trkpt>
      <trkpt lat="47.055490" lon="11.484720"><ele>1118</ele></trkpt>
      <trkpt lat="47.055592" lon="11.484756"><ele>1118</ele></trkpt>
      <trkpt lat="47.056054" lon="11.485035"><ele>1116</ele></trkpt>
      <trkpt lat="47.056129" lon="11.485080"><ele>1116</ele></trkpt>
      <trkpt lat="47.056261" lon="11.485159"><ele>1116</ele></trkpt>
      <trkpt lat="47.056518" lon="11.485315"><ele>1115</ele></trkpt>
      <trkpt lat="47.056807" lon="11.485481"><ele>1114</ele></trkpt>
      <trkpt lat="47.056929" lon="11.485524"><ele>1113</ele></trkpt>
      <trkpt lat="47.056993" lon="11.485535"><ele>1113</ele></trkpt>
      <trkpt lat="47.057078" lon="11.485530"><ele>1113</ele></trkpt>
      <trkpt lat="47.057885" lon="11.485393"><ele>1111</ele></trkpt>
      <trkpt lat="47.057958" lon="11.485385"><ele>1111</ele></trkpt>
      <trkpt lat="47.058223" lon="11.485356"><ele>1111</ele></trkpt>
      <trkpt lat="47.058371" lon="11.485340"><ele>1110</ele></trkpt>
      <trkpt lat="47.058430" lon="11.485343"><ele>1110</ele></trkpt>
      <trkpt lat="47.058773" lon="11.485366"><ele>1108</ele></trkpt>
      <trkpt lat="47.058864" lon="11.485379"><ele>1108</ele></trkpt>
      <trkpt lat="47.059736" lon="11.485505"><ele>1108</ele></trkpt>
      <trkpt lat="47.059944" lon="11.485564"><ele>1108</ele></trkpt>
      <trkpt lat="47.060068" lon="11.485609"><ele>1108</ele></trkpt>
      <trkpt lat="47.060292" lon="11.485733"><ele>1106</ele></trkpt>
      <trkpt lat="47.060458" lon="11.485834"><ele>1106</ele></trkpt>
      <trkpt lat="47.062038" lon="11.486744"><ele>1104</ele></trkpt>
      <trkpt lat="47.062487" lon="11.487041"><ele>1102</ele></trkpt>
      <trkpt lat="47.062898" lon="11.487313"><ele>1102</ele></trkpt>
      <trkpt lat="47.063326" lon="11.487597"><ele>1102</ele></trkpt>
      <trkpt lat="47.063433" lon="11.487668"><ele>1101</ele></trkpt>
      <trkpt lat="47.063388" lon="11.487865"><ele>1101</ele></trkpt>
      <trkpt lat="47.063410" lon="11.488160"><ele>1100</ele></trkpt>
      <trkpt lat="47.063610" lon="11.488166"><ele>1100</ele></trkpt>
      <trkpt lat="47.063650" lon="11.488176"><ele>1100</ele></trkpt>
      <trkpt lat="47.063719" lon="11.488195"><ele>1100</ele></trkpt>
      <trkpt lat="47.063993" lon="11.488298"><ele>1100</ele></trkpt>
      <trkpt lat="47.064266" lon="11.488355"><ele>1100</ele></trkpt>
      <trkpt lat="47.064630" lon="11.488453"><ele>1101</ele></trkpt>
      <trkpt lat="47.064877" lon="11.488473"><ele>1102</ele></trkpt>
      <trkpt lat="47.065006" lon="11.488497"><ele>1102</ele></trkpt>
      <trkpt lat="47.065066" lon="11.488520"><ele>1105</ele></trkpt>
      <trkpt lat="47.065088" lon="11.488531"><ele>1106</ele></trkpt>
      <trkpt lat="47.065216" lon="11.488667"><ele>1114</ele></trkpt>
      <trkpt lat="47.065394" lon="11.488820"><ele>1120</ele></trkpt>
      <trkpt lat="47.065424" lon="11.488846"><ele>1121</ele></trkpt>
      <trkpt lat="47.065651" lon="11.488612"><ele>1122</ele></trkpt>
      <trkpt lat="47.065694" lon="11.488504"><ele>1125</ele></trkpt>
      <trkpt lat="47.065771" lon="11.488345"><ele>1127</ele></trkpt>
      <trkpt lat="47.065905" lon="11.488000"><ele>1125</ele></trkpt>
      <trkpt lat="47.065958" lon="11.487890"><ele>1126</ele></trkpt>
      <trkpt lat="47.066124" lon="11.487613"><ele>1126</ele></trkpt>
      <trkpt lat="47.066179" lon="11.487546"><ele>1125</ele></trkpt>
      <trkpt lat="47.066937" lon="11.487033"><ele>1130</ele></trkpt>
      <trkpt lat="47.067312" lon="11.486977"><ele>1133</ele></trkpt>
      <trkpt lat="47.067868" lon="11.487067"><ele>1131</ele></trkpt>
      <trkpt lat="47.068287" lon="11.487071"><ele>1127</ele></trkpt>
      <trkpt lat="47.068604" lon="11.487230"><ele>1132</ele></trkpt>
      <trkpt lat="47.069167" lon="11.487618"><ele>1140</ele></trkpt>
      <trkpt lat="47.069266" lon="11.487910"><ele>1145</ele></trkpt>
      <trkpt lat="47.069416" lon="11.487978"><ele>1144</ele></trkpt>
      <trkpt lat="47.069620" lon="11.487924"><ele>1140</ele></trkpt>
      <trkpt lat="47.069814" lon="11.488062"><ele>1144</ele></trkpt>
      <trkpt lat="47.069971" lon="11.487955"><ele>1140</ele></trkpt>
      <trkpt lat="47.070252" lon="11.487925"><ele>1139</ele></trkpt>
      <trkpt lat="47.070573" lon="11.487781"><ele>1140</ele></trkpt>
      <trkpt lat="47.070703" lon="11.487517"><ele>1137</ele></trkpt>
      <trkpt lat="47.070833" lon="11.487404"><ele>1137</ele></trkpt>
      <trkpt lat="47.071128" lon="11.487411"><ele>1134</ele></trkpt>
      <trkpt lat="47.071531" lon="11.487297"><ele>1134</ele></trkpt>
      <trkpt lat="47.071661" lon="11.487168"><ele>1131</ele></trkpt>
      <trkpt lat="47.071741" lon="11.487009"><ele>1129</ele></trkpt>
      <trkpt lat="47.071798" lon="11.486894"><ele>1128</ele></trkpt>
      <trkpt lat="47.071906" lon="11.486679"><ele>1125</ele></trkpt>
      <trkpt lat="47.072212" lon="11.486397"><ele>1122</ele></trkpt>
      <trkpt lat="47.072685" lon="11.486207"><ele>1119</ele></trkpt>
      <trkpt lat="47.072911" lon="11.486101"><ele>1118</ele></trkpt>
      <trkpt lat="47.073032" lon="11.485962"><ele>1116</ele></trkpt>
      <trkpt lat="47.073297" lon="11.485351"><ele>1112</ele></trkpt>
      <trkpt lat="47.073377" lon="11.485272"><ele>1112</ele></trkpt>
      <trkpt lat="47.073525" lon="11.485303"><ele>1114</ele></trkpt>
      <trkpt lat="47.073603" lon="11.485233"><ele>1114</ele></trkpt>
      <trkpt lat="47.073643" lon="11.485106"><ele>1112</ele></trkpt>
      <trkpt lat="47.073680" lon="11.485036"><ele>1110</ele></trkpt>
      <trkpt lat="47.073731" lon="11.485024"><ele>1110</ele></trkpt>
      <trkpt lat="47.073776" lon="11.485038"><ele>1110</ele></trkpt>
      <trkpt lat="47.073833" lon="11.485107"><ele>1111</ele></trkpt>
      <trkpt lat="47.073896" lon="11.485164"><ele>1113</ele></trkpt>
      <trkpt lat="47.073929" lon="11.485167"><ele>1114</ele></trkpt>
      <trkpt lat="47.073973" lon="11.485143"><ele>1115</ele></trkpt>
      <trkpt lat="47.074054" lon="11.484952"><ele>1112</ele></trkpt>
      <trkpt lat="47.074118" lon="11.484658"><ele>1106</ele></trkpt>
      <trkpt lat="47.074205" lon="11.484589"><ele>1106</ele></trkpt>
      <trkpt lat="47.074812" lon="11.484475"><ele>1106</ele></trkpt>
      <trkpt lat="47.075312" lon="11.484632"><ele>1107</ele></trkpt>
      <trkpt lat="47.075638" lon="11.484664"><ele>1110</ele></trkpt>
      <trkpt lat="47.075990" lon="11.484563"><ele>1114</ele></trkpt>
      <trkpt lat="47.076131" lon="11.484590"><ele>1117</ele></trkpt>
      <trkpt lat="47.076229" lon="11.484529"><ele>1118</ele></trkpt>
      <trkpt lat="47.076522" lon="11.484462"><ele>1124</ele></trkpt>
      <trkpt lat="47.077062" lon="11.484136"><ele>1124</ele></trkpt>
      <trkpt lat="47.077255" lon="11.483928"><ele>1122</ele></trkpt>
      <trkpt lat="47.077608" lon="11.483748"><ele>1120</ele></trkpt>
      <trkpt lat="47.077755" lon="11.483558"><ele>1120</ele></trkpt>
      <trkpt lat="47.077960" lon="11.483422"><ele>1122</ele></trkpt>
      <trkpt lat="47.078120" lon="11.483223"><ele>1122</ele></trkpt>
      <trkpt lat="47.078392" lon="11.482949"><ele>1122</ele></trkpt>
      <trkpt lat="47.078683" lon="11.482482"><ele>1123</ele></trkpt>
      <trkpt lat="47.079201" lon="11.482018"><ele>1124</ele></trkpt>
      <trkpt lat="47.079454" lon="11.481671"><ele>1124</ele></trkpt>
      <trkpt lat="47.079520" lon="11.481609"><ele>1126</ele></trkpt>
      <trkpt lat="47.079567" lon="11.481459"><ele>1124</ele></trkpt>
      <trkpt lat="47.079591" lon="11.481165"><ele>1120</ele></trkpt>
      <trkpt lat="47.079560" lon="11.480806"><ele>1115</ele></trkpt>
      <trkpt lat="47.079597" lon="11.480557"><ele>1114</ele></trkpt>
      <trkpt lat="47.079588" lon="11.480447"><ele>1112</ele></trkpt>
      <trkpt lat="47.079651" lon="11.480187"><ele>1112</ele></trkpt>
      <trkpt lat="47.079761" lon="11.479895"><ele>1114</ele></trkpt>
      <trkpt lat="47.079804" lon="11.479710"><ele>1114</ele></trkpt>
      <trkpt lat="47.079908" lon="11.479580"><ele>1112</ele></trkpt>
      <trkpt lat="47.080110" lon="11.479596"><ele>1110</ele></trkpt>
      <trkpt lat="47.080319" lon="11.479774"><ele>1110</ele></trkpt>
      <trkpt lat="47.080437" lon="11.479891"><ele>1110</ele></trkpt>
      <trkpt lat="47.080620" lon="11.479873"><ele>1105</ele></trkpt>
      <trkpt lat="47.080804" lon="11.479978"><ele>1104</ele></trkpt>
      <trkpt lat="47.080961" lon="11.480118"><ele>1102</ele></trkpt>
      <trkpt lat="47.081068" lon="11.480274"><ele>1103</ele></trkpt>
      <trkpt lat="47.081205" lon="11.480504"><ele>1106</ele></trkpt>
      <trkpt lat="47.081271" lon="11.480581"><ele>1105</ele></trkpt>
      <trkpt lat="47.081306" lon="11.480596"><ele>1104</ele></trkpt>
      <trkpt lat="47.081338" lon="11.480584"><ele>1102</ele></trkpt>
      <trkpt lat="47.081376" lon="11.480563"><ele>1100</ele></trkpt>
      <trkpt lat="47.081437" lon="11.480500"><ele>1097</ele></trkpt>
      <trkpt lat="47.081468" lon="11.480432"><ele>1096</ele></trkpt>
      <trkpt lat="47.081546" lon="11.480121"><ele>1092</ele></trkpt>
      <trkpt lat="47.081587" lon="11.480054"><ele>1091</ele></trkpt>
      <trkpt lat="47.081640" lon="11.480037"><ele>1091</ele></trkpt>
      <trkpt lat="47.081713" lon="11.480030"><ele>1091</ele></trkpt>
      <trkpt lat="47.081756" lon="11.480027"><ele>1091</ele></trkpt>
      <trkpt lat="47.081778" lon="11.480039"><ele>1091</ele></trkpt>
      <trkpt lat="47.081796" lon="11.480061"><ele>1092</ele></trkpt>
      <trkpt lat="47.082171" lon="11.480640"><ele>1096</ele></trkpt>
      <trkpt lat="47.082207" lon="11.480668"><ele>1096</ele></trkpt>
      <trkpt lat="47.082250" lon="11.480669"><ele>1097</ele></trkpt>
      <trkpt lat="47.082288" lon="11.480612"><ele>1098</ele></trkpt>
      <trkpt lat="47.082171" lon="11.480408"><ele>1096</ele></trkpt>
      <trkpt lat="47.081986" lon="11.480132"><ele>1094</ele></trkpt>
      <trkpt lat="47.081917" lon="11.479983"><ele>1091</ele></trkpt>
      <trkpt lat="47.081748" lon="11.479492"><ele>1088</ele></trkpt>
      <trkpt lat="47.081708" lon="11.479377"><ele>1087</ele></trkpt>
      <trkpt lat="47.081602" lon="11.478955"><ele>1087</ele></trkpt>
      <trkpt lat="47.081484" lon="11.478688"><ele>1085</ele></trkpt>
      <trkpt lat="47.081436" lon="11.478623"><ele>1084</ele></trkpt>
      <trkpt lat="47.081462" lon="11.478489"><ele>1084</ele></trkpt>
      <trkpt lat="47.081507" lon="11.478359"><ele>1084</ele></trkpt>
      <trkpt lat="47.081625" lon="11.478107"><ele>1082</ele></trkpt>
      <trkpt lat="47.081860" lon="11.477703"><ele>1080</ele></trkpt>
      <trkpt lat="47.082085" lon="11.477204"><ele>1076</ele></trkpt>
      <trkpt lat="47.082517" lon="11.476308"><ele>1065</ele></trkpt>
      <trkpt lat="47.082607" lon="11.476209"><ele>1066</ele></trkpt>
      <trkpt lat="47.083107" lon="11.475738"><ele>1064</ele></trkpt>
      <trkpt lat="47.083589" lon="11.475425"><ele>1064</ele></trkpt>
      <trkpt lat="47.083971" lon="11.475166"><ele>1064</ele></trkpt>
      <trkpt lat="47.084155" lon="11.474955"><ele>1063</ele></trkpt>
      <trkpt lat="47.084270" lon="11.474802"><ele>1064</ele></trkpt>
      <trkpt lat="47.084339" lon="11.474688"><ele>1062</ele></trkpt>
      <trkpt lat="47.084360" lon="11.474432"><ele>1060</ele></trkpt>
      <trkpt lat="47.084326" lon="11.474170"><ele>1058</ele></trkpt>
      <trkpt lat="47.084395" lon="11.474120"><ele>1058</ele></trkpt>
      <trkpt lat="47.084501" lon="11.474008"><ele>1061</ele></trkpt>
      <trkpt lat="47.084551" lon="11.473810"><ele>1062</ele></trkpt>
      <trkpt lat="47.084622" lon="11.473452"><ele>1061</ele></trkpt>
      <trkpt lat="47.084646" lon="11.473383"><ele>1061</ele></trkpt>
      <trkpt lat="47.084718" lon="11.473254"><ele>1060</ele></trkpt>
      <trkpt lat="47.084866" lon="11.473117"><ele>1060</ele></trkpt>
      <trkpt lat="47.084943" lon="11.473059"><ele>1059</ele></trkpt>
      <trkpt lat="47.085076" lon="11.472982"><ele>1060</ele></trkpt>
      <trkpt lat="47.085155" lon="11.472913"><ele>1060</ele></trkpt>
      <trkpt lat="47.085569" lon="11.472557"><ele>1059</ele></trkpt>
      <trkpt lat="47.085596" lon="11.472490"><ele>1058</ele></trkpt>
      <trkpt lat="47.086148" lon="11.471953"><ele>1057</ele></trkpt>
      <trkpt lat="47.087607" lon="11.470755"><ele>1054</ele></trkpt>
      <trkpt lat="47.088297" lon="11.470277"><ele>1049</ele></trkpt>
      <trkpt lat="47.088667" lon="11.470176"><ele>1052</ele></trkpt>
      <trkpt lat="47.089589" lon="11.469978"><ele>1049</ele></trkpt>
      <trkpt lat="47.089809" lon="11.469893"><ele>1049</ele></trkpt>
      <trkpt lat="47.090007" lon="11.469818"><ele>1048</ele></trkpt>
      <trkpt lat="47.090746" lon="11.469651"><ele>1046</ele></trkpt>
      <trkpt lat="47.091153" lon="11.469583"><ele>1045</ele></trkpt>
      <trkpt lat="47.091279" lon="11.469473"><ele>1045</ele></trkpt>
      <trkpt lat="47.091316" lon="11.469457"><ele>1045</ele></trkpt>
      <trkpt lat="47.091358" lon="11.469674"><ele>1046</ele></trkpt>
      <trkpt lat="47.091380" lon="11.469693"><ele>1046</ele></trkpt>
      <trkpt lat="47.092021" lon="11.469589"><ele>1051</ele></trkpt>
      <trkpt lat="47.092245" lon="11.469638"><ele>1056</ele></trkpt>
      <trkpt lat="47.092462" lon="11.469630"><ele>1059</ele></trkpt>
      <trkpt lat="47.092740" lon="11.468964"><ele>1055</ele></trkpt>
      <trkpt lat="47.092890" lon="11.468636"><ele>1051</ele></trkpt>
      <trkpt lat="47.093204" lon="11.468404"><ele>1048</ele></trkpt>
      <trkpt lat="47.093352" lon="11.468326"><ele>1047</ele></trkpt>
      <trkpt lat="47.093762" lon="11.468096"><ele>1043</ele></trkpt>
      <trkpt lat="47.093789" lon="11.468140"><ele>1043</ele></trkpt>
      <trkpt lat="47.093815" lon="11.468185"><ele>1043</ele></trkpt>
      <trkpt lat="47.093829" lon="11.468202"><ele>1043</ele></trkpt>
      <trkpt lat="47.093920" lon="11.468312"><ele>1042</ele></trkpt>
      <trkpt lat="47.094090" lon="11.468401"><ele>1041</ele></trkpt>
      <trkpt lat="47.094264" lon="11.468479"><ele>1040</ele></trkpt>
      <trkpt lat="47.094676" lon="11.468511"><ele>1036</ele></trkpt>
      <trkpt lat="47.094866" lon="11.468504"><ele>1035</ele></trkpt>
      <trkpt lat="47.095008" lon="11.468474"><ele>1034</ele></trkpt>
      <trkpt lat="47.095264" lon="11.468398"><ele>1034</ele></trkpt>
      <trkpt lat="47.095531" lon="11.468172"><ele>1034</ele></trkpt>
      <trkpt lat="47.095743" lon="11.468022"><ele>1034</ele></trkpt>
      <trkpt lat="47.095970" lon="11.467916"><ele>1034</ele></trkpt>
      <trkpt lat="47.096256" lon="11.467835"><ele>1033</ele></trkpt>
      <trkpt lat="47.096859" lon="11.467666"><ele>1032</ele></trkpt>
      <trkpt lat="47.097467" lon="11.467423"><ele>1033</ele></trkpt>
      <trkpt lat="47.097763" lon="11.467265"><ele>1032</ele></trkpt>
      <trkpt lat="47.097895" lon="11.467190"><ele>1033</ele></trkpt>
      <trkpt lat="47.098303" lon="11.466920"><ele>1032</ele></trkpt>
      <trkpt lat="47.098457" lon="11.466778"><ele>1031</ele></trkpt>
      <trkpt lat="47.098605" lon="11.466588"><ele>1030</ele></trkpt>
      <trkpt lat="47.098780" lon="11.466301"><ele>1030</ele></trkpt>
      <trkpt lat="47.098913" lon="11.466009"><ele>1029</ele></trkpt>
      <trkpt lat="47.099028" lon="11.465817"><ele>1029</ele></trkpt>
      <trkpt lat="47.099166" lon="11.465676"><ele>1030</ele></trkpt>
      <trkpt lat="47.099316" lon="11.465583"><ele>1030</ele></trkpt>
      <trkpt lat="47.099470" lon="11.465548"><ele>1029</ele></trkpt>
      <trkpt lat="47.099785" lon="11.465541"><ele>1028</ele></trkpt>
      <trkpt lat="47.100056" lon="11.465512"><ele>1027</ele></trkpt>
      <trkpt lat="47.100269" lon="11.465456"><ele>1026</ele></trkpt>
      <trkpt lat="47.100524" lon="11.465418"><ele>1026</ele></trkpt>
      <trkpt lat="47.100713" lon="11.465369"><ele>1026</ele></trkpt>
      <trkpt lat="47.101109" lon="11.465194"><ele>1026</ele></trkpt>
      <trkpt lat="47.101263" lon="11.465038"><ele>1026</ele></trkpt>
      <trkpt lat="47.101344" lon="11.464887"><ele>1026</ele></trkpt>
      <trkpt lat="47.101551" lon="11.464347"><ele>1025</ele></trkpt>
      <trkpt lat="47.101633" lon="11.464179"><ele>1025</ele></trkpt>
      <trkpt lat="47.101724" lon="11.464050"><ele>1024</ele></trkpt>
      <trkpt lat="47.101820" lon="11.463974"><ele>1024</ele></trkpt>
      <trkpt lat="47.101912" lon="11.463944"><ele>1023</ele></trkpt>
      <trkpt lat="47.102129" lon="11.463934"><ele>1023</ele></trkpt>
      <trkpt lat="47.102505" lon="11.463958"><ele>1023</ele></trkpt>
      <trkpt lat="47.102796" lon="11.463940"><ele>1022</ele></trkpt>
      <trkpt lat="47.103068" lon="11.463968"><ele>1023</ele></trkpt>
      <trkpt lat="47.103231" lon="11.463954"><ele>1022</ele></trkpt>
      <trkpt lat="47.103460" lon="11.463879"><ele>1023</ele></trkpt>
      <trkpt lat="47.103720" lon="11.463776"><ele>1023</ele></trkpt>
      <trkpt lat="47.104106" lon="11.463572"><ele>1022</ele></trkpt>
      <trkpt lat="47.104338" lon="11.463481"><ele>1022</ele></trkpt>
      <trkpt lat="47.104596" lon="11.463421"><ele>1022</ele></trkpt>
      <trkpt lat="47.104682" lon="11.463417"><ele>1022</ele></trkpt>
      <trkpt lat="47.104993" lon="11.463443"><ele>1025</ele></trkpt>
      <trkpt lat="47.105040" lon="11.463447"><ele>1027</ele></trkpt>
      <trkpt lat="47.105097" lon="11.463419"><ele>1028</ele></trkpt>
      <trkpt lat="47.105222" lon="11.463248"><ele>1026</ele></trkpt>
      <trkpt lat="47.105401" lon="11.463118"><ele>1025</ele></trkpt>
      <trkpt lat="47.105804" lon="11.462638"><ele>1023</ele></trkpt>
      <trkpt lat="47.105951" lon="11.462424"><ele>1026</ele></trkpt>
      <trkpt lat="47.106080" lon="11.462132"><ele>1024</ele></trkpt>
      <trkpt lat="47.106182" lon="11.461646"><ele>1024</ele></trkpt>
      <trkpt lat="47.106183" lon="11.461520"><ele>1022</ele></trkpt>
      <trkpt lat="47.106171" lon="11.461038"><ele>1020</ele></trkpt>
      <trkpt lat="47.106030" lon="11.460545"><ele>1020</ele></trkpt>
      <trkpt lat="47.105783" lon="11.459935"><ele>1019</ele></trkpt>
      <trkpt lat="47.105734" lon="11.459879"><ele>1018</ele></trkpt>
      <trkpt lat="47.105662" lon="11.459861"><ele>1018</ele></trkpt>
      <trkpt lat="47.105516" lon="11.459883"><ele>1018</ele></trkpt>
      <trkpt lat="47.105478" lon="11.459884"><ele>1018</ele></trkpt>
      <trkpt lat="47.105410" lon="11.459833"><ele>1020</ele></trkpt>
      <trkpt lat="47.105442" lon="11.459750"><ele>1020</ele></trkpt>
      <trkpt lat="47.105578" lon="11.459328"><ele>1018</ele></trkpt>
      <trkpt lat="47.105709" lon="11.459067"><ele>1019</ele></trkpt>
      <trkpt lat="47.105953" lon="11.458803"><ele>1018</ele></trkpt>
      <trkpt lat="47.106141" lon="11.458667"><ele>1017</ele></trkpt>
      <trkpt lat="47.106586" lon="11.458551"><ele>1016</ele></trkpt>
      <trkpt lat="47.106936" lon="11.458412"><ele>1016</ele></trkpt>
      <trkpt lat="47.107291" lon="11.458186"><ele>1015</ele></trkpt>
      <trkpt lat="47.107913" lon="11.457629"><ele>1014</ele></trkpt>
      <trkpt lat="47.108282" lon="11.457222"><ele>1014</ele></trkpt>
      <trkpt lat="47.108830" lon="11.456690"><ele>1013</ele></trkpt>
      <trkpt lat="47.110305" lon="11.454784"><ele>1011</ele></trkpt>
      <trkpt lat="47.110439" lon="11.454467"><ele>1010</ele></trkpt>
      <trkpt lat="47.110726" lon="11.453792"><ele>1010</ele></trkpt>
      <trkpt lat="47.110782" lon="11.453661"><ele>1011</ele></trkpt>
      <trkpt lat="47.110949" lon="11.453375"><ele>1011</ele></trkpt>
      <trkpt lat="47.111082" lon="11.453183"><ele>1011</ele></trkpt>
      <trkpt lat="47.111203" lon="11.453027"><ele>1011</ele></trkpt>
      <trkpt lat="47.111297" lon="11.452922"><ele>1011</ele></trkpt>
      <trkpt lat="47.111520" lon="11.452756"><ele>1011</ele></trkpt>
      <trkpt lat="47.111833" lon="11.452600"><ele>1011</ele></trkpt>
      <trkpt lat="47.112048" lon="11.452481"><ele>1011</ele></trkpt>
      <trkpt lat="47.112259" lon="11.452391"><ele>1011</ele></trkpt>
      <trkpt lat="47.112432" lon="11.452349"><ele>1011</ele></trkpt>
      <trkpt lat="47.112624" lon="11.452328"><ele>1011</ele></trkpt>
      <trkpt lat="47.113667" lon="11.452286"><ele>1010</ele></trkpt>
      <trkpt lat="47.113870" lon="11.452296"><ele>1010</ele></trkpt>
      <trkpt lat="47.113923" lon="11.452298"><ele>1010</ele></trkpt>
      <trkpt lat="47.114016" lon="11.452302"><ele>1010</ele></trkpt>
      <trkpt lat="47.114198" lon="11.452353"><ele>1010</ele></trkpt>
      <trkpt lat="47.114533" lon="11.452455"><ele>1009</ele></trkpt>
      <trkpt lat="47.114721" lon="11.452500"><ele>1008</ele></trkpt>
      <trkpt lat="47.114897" lon="11.452502"><ele>1008</ele></trkpt>
      <trkpt lat="47.115142" lon="11.452440"><ele>1008</ele></trkpt>
      <trkpt lat="47.115656" lon="11.452231"><ele>1006</ele></trkpt>
      <trkpt lat="47.115947" lon="11.452112"><ele>1007</ele></trkpt>
      <trkpt lat="47.116520" lon="11.451921"><ele>1006</ele></trkpt>
      <trkpt lat="47.116928" lon="11.451870"><ele>1006</ele></trkpt>
      <trkpt lat="47.117279" lon="11.451792"><ele>1004</ele></trkpt>
      <trkpt lat="47.117607" lon="11.451680"><ele>1003</ele></trkpt>
      <trkpt lat="47.118079" lon="11.451562"><ele>1003</ele></trkpt>
      <trkpt lat="47.118221" lon="11.451528"><ele>1003</ele></trkpt>
      <trkpt lat="47.118479" lon="11.451535"><ele>1002</ele></trkpt>
      <trkpt lat="47.118704" lon="11.451553"><ele>1000</ele></trkpt>
      <trkpt lat="47.118796" lon="11.451572"><ele>1000</ele></trkpt>
      <trkpt lat="47.119491" lon="11.451719"><ele>999</ele></trkpt>
      <trkpt lat="47.119618" lon="11.451762"><ele>999</ele></trkpt>
      <trkpt lat="47.119932" lon="11.451938"><ele>998</ele></trkpt>
      <trkpt lat="47.120034" lon="11.452007"><ele>998</ele></trkpt>
      <trkpt lat="47.120126" lon="11.452058"><ele>998</ele></trkpt>
      <trkpt lat="47.120271" lon="11.452089"><ele>998</ele></trkpt>
      <trkpt lat="47.120472" lon="11.452105"><ele>998</ele></trkpt>
      <trkpt lat="47.120551" lon="11.452086"><ele>997</ele></trkpt>
      <trkpt lat="47.120602" lon="11.452075"><ele>997</ele></trkpt>
      <trkpt lat="47.120875" lon="11.451966"><ele>997</ele></trkpt>
      <trkpt lat="47.121057" lon="11.451894"><ele>997</ele></trkpt>
      <trkpt lat="47.121084" lon="11.451889"><ele>997</ele></trkpt>
      <trkpt lat="47.121339" lon="11.451838"><ele>997</ele></trkpt>
      <trkpt lat="47.122022" lon="11.451701"><ele>996</ele></trkpt>
      <trkpt lat="47.122374" lon="11.451578"><ele>995</ele></trkpt>
      <trkpt lat="47.122417" lon="11.451538"><ele>994</ele></trkpt>
      <trkpt lat="47.122684" lon="11.451470"><ele>994</ele></trkpt>
      <trkpt lat="47.122798" lon="11.451425"><ele>994</ele></trkpt>
      <trkpt lat="47.122824" lon="11.451446"><ele>994</ele></trkpt>
      <trkpt lat="47.122837" lon="11.451495"><ele>993</ele></trkpt>
      <trkpt lat="47.122889" lon="11.451777"><ele>992</ele></trkpt>
      <trkpt lat="47.122918" lon="11.451911"><ele>994</ele></trkpt>
      <trkpt lat="47.122958" lon="11.451987"><ele>995</ele></trkpt>
      <trkpt lat="47.123018" lon="11.451915"><ele>995</ele></trkpt>
      <trkpt lat="47.123115" lon="11.451866"><ele>994</ele></trkpt>
      <trkpt lat="47.123226" lon="11.451860"><ele>993</ele></trkpt>
      <trkpt lat="47.123441" lon="11.451900"><ele>993</ele></trkpt>
      <trkpt lat="47.123692" lon="11.451967"><ele>992</ele></trkpt>
      <trkpt lat="47.124419" lon="11.452109"><ele>991</ele></trkpt>
      <trkpt lat="47.124967" lon="11.452384"><ele>990</ele></trkpt>
      <trkpt lat="47.125515" lon="11.452709"><ele>991</ele></trkpt>
      <trkpt lat="47.125553" lon="11.452730"><ele>991</ele></trkpt>
      <trkpt lat="47.125600" lon="11.452750"><ele>991</ele></trkpt>
      <trkpt lat="47.125673" lon="11.452782"><ele>990</ele></trkpt>
      <trkpt lat="47.125870" lon="11.452942"><ele>990</ele></trkpt>
      <trkpt lat="47.126006" lon="11.453089"><ele>989</ele></trkpt>
      <trkpt lat="47.126406" lon="11.453637"><ele>990</ele></trkpt>
      <trkpt lat="47.126863" lon="11.454586"><ele>989</ele></trkpt>
      <trkpt lat="47.127004" lon="11.454797"><ele>990</ele></trkpt>
      <trkpt lat="47.127119" lon="11.454904"><ele>992</ele></trkpt>
      <trkpt lat="47.127208" lon="11.454950"><ele>992</ele></trkpt>
      <trkpt lat="47.127381" lon="11.454983"><ele>991</ele></trkpt>
      <trkpt lat="47.127941" lon="11.455066"><ele>991</ele></trkpt>
      <trkpt lat="47.128479" lon="11.455083"><ele>988</ele></trkpt>
      <trkpt lat="47.128498" lon="11.455053"><ele>988</ele></trkpt>
      <trkpt lat="47.128501" lon="11.454987"><ele>987</ele></trkpt>
      <trkpt lat="47.128514" lon="11.454669"><ele>986</ele></trkpt>
      <trkpt lat="47.128556" lon="11.454109"><ele>989</ele></trkpt>
      <trkpt lat="47.128560" lon="11.454062"><ele>990</ele></trkpt>
      <trkpt lat="47.128628" lon="11.454085"><ele>990</ele></trkpt>
      <trkpt lat="47.128963" lon="11.454247"><ele>989</ele></trkpt>
      <trkpt lat="47.129334" lon="11.454373"><ele>988</ele></trkpt>
      <trkpt lat="47.129381" lon="11.454253"><ele>989</ele></trkpt>
      <trkpt lat="47.129411" lon="11.454140"><ele>989</ele></trkpt>
      <trkpt lat="47.129469" lon="11.453926"><ele>990</ele></trkpt>
      <trkpt lat="47.129487" lon="11.453844"><ele>990</ele></trkpt>
      <trkpt lat="47.129807" lon="11.454004"><ele>990</ele></trkpt>
      <trkpt lat="47.129998" lon="11.454088"><ele>990</ele></trkpt>
      <trkpt lat="47.130892" lon="11.454328"><ele>988</ele></trkpt>
      <trkpt lat="47.130927" lon="11.454338"><ele>988</ele></trkpt>
      <trkpt lat="47.131059" lon="11.454326"><ele>986</ele></trkpt>
      <trkpt lat="47.131188" lon="11.454179"><ele>985</ele></trkpt>
      <trkpt lat="47.131595" lon="11.453656"><ele>985</ele></trkpt>
      <trkpt lat="47.131803" lon="11.453445"><ele>984</ele></trkpt>
      <trkpt lat="47.131811" lon="11.453463"><ele>984</ele></trkpt>
      <trkpt lat="47.131917" lon="11.453723"><ele>983</ele></trkpt>
      <trkpt lat="47.132113" lon="11.454140"><ele>985</ele></trkpt>
      <trkpt lat="47.132194" lon="11.454206"><ele>987</ele></trkpt>
      <trkpt lat="47.132304" lon="11.454182"><ele>987</ele></trkpt>
      <trkpt lat="47.132423" lon="11.454140"><ele>987</ele></trkpt>
      <trkpt lat="47.132658" lon="11.454101"><ele>988</ele></trkpt>
      <trkpt lat="47.132834" lon="11.454036"><ele>987</ele></trkpt>
      <trkpt lat="47.132947" lon="11.454080"><ele>987</ele></trkpt>
      <trkpt lat="47.133029" lon="11.454111"><ele>987</ele></trkpt>
      <trkpt lat="47.133060" lon="11.454162"><ele>987</ele></trkpt>
      <trkpt lat="47.133203" lon="11.454414"><ele>990</ele></trkpt>
      <trkpt lat="47.133233" lon="11.454431"><ele>990</ele></trkpt>
      <trkpt lat="47.133625" lon="11.454386"><ele>987</ele></trkpt>
      <trkpt lat="47.133948" lon="11.454322"><ele>983</ele></trkpt>
      <trkpt lat="47.134211" lon="11.454221"><ele>983</ele></trkpt>
      <trkpt lat="47.134316" lon="11.454121"><ele>982</ele></trkpt>
      <trkpt lat="47.134527" lon="11.454020"><ele>982</ele></trkpt>
      <trkpt lat="47.135014" lon="11.453546"><ele>978</ele></trkpt>
      <trkpt lat="47.135325" lon="11.453335"><ele>978</ele></trkpt>
      <trkpt lat="47.135604" lon="11.453255"><ele>978</ele></trkpt>
      <trkpt lat="47.135921" lon="11.453059"><ele>978</ele></trkpt>
      <trkpt lat="47.136086" lon="11.452995"><ele>978</ele></trkpt>
      <trkpt lat="47.136176" lon="11.453134"><ele>979</ele></trkpt>
      <trkpt lat="47.136240" lon="11.453209"><ele>979</ele></trkpt>
      <trkpt lat="47.136487" lon="11.453161"><ele>978</ele></trkpt>
      <trkpt lat="47.136535" lon="11.453222"><ele>979</ele></trkpt>
      <trkpt lat="47.136586" lon="11.453257"><ele>979</ele></trkpt>
      <trkpt lat="47.136792" lon="11.453336"><ele>979</ele></trkpt>
      <trkpt lat="47.136847" lon="11.453328"><ele>978</ele></trkpt>
      <trkpt lat="47.136891" lon="11.453300"><ele>978</ele></trkpt>
      <trkpt lat="47.136919" lon="11.453397"><ele>979</ele></trkpt>
      <trkpt lat="47.137012" lon="11.453586"><ele>979</ele></trkpt>
      <trkpt lat="47.137212" lon="11.453817"><ele>980</ele></trkpt>
      <trkpt lat="47.137464" lon="11.454114"><ele>982</ele></trkpt>
      <trkpt lat="47.137533" lon="11.454220"><ele>982</ele></trkpt>
      <trkpt lat="47.137580" lon="11.454327"><ele>983</ele></trkpt>
      <trkpt lat="47.137625" lon="11.454452"><ele>983</ele></trkpt>
      <trkpt lat="47.137713" lon="11.454721"><ele>984</ele></trkpt>
      <trkpt lat="47.137757" lon="11.454881"><ele>985</ele></trkpt>
      <trkpt lat="47.137791" lon="11.455035"><ele>986</ele></trkpt>
      <trkpt lat="47.137815" lon="11.455191"><ele>986</ele></trkpt>
      <trkpt lat="47.137812" lon="11.455395"><ele>986</ele></trkpt>
      <trkpt lat="47.137779" lon="11.455592"><ele>987</ele></trkpt>
      <trkpt lat="47.137665" lon="11.456057"><ele>992</ele></trkpt>
      <trkpt lat="47.137636" lon="11.456282"><ele>992</ele></trkpt>
      <trkpt lat="47.137635" lon="11.456509"><ele>993</ele></trkpt>
      <trkpt lat="47.137650" lon="11.456682"><ele>994</ele></trkpt>
      <trkpt lat="47.137682" lon="11.456853"><ele>996</ele></trkpt>
      <trkpt lat="47.137803" lon="11.457176"><ele>1000</ele></trkpt>
      <trkpt lat="47.137890" lon="11.457359"><ele>1002</ele></trkpt>
      <trkpt lat="47.138041" lon="11.457574"><ele>1004</ele></trkpt>
      <trkpt lat="47.138274" lon="11.457759"><ele>1006</ele></trkpt>
      <trkpt lat="47.138472" lon="11.457882"><ele>1006</ele></trkpt>
      <trkpt lat="47.138572" lon="11.457983"><ele>1008</ele></trkpt>
      <trkpt lat="47.138640" lon="11.458105"><ele>1010</ele></trkpt>
      <trkpt lat="47.138690" lon="11.458262"><ele>1011</ele></trkpt>
      <trkpt lat="47.138712" lon="11.458391"><ele>1012</ele></trkpt>
      <trkpt lat="47.138744" lon="11.458857"><ele>1014</ele></trkpt>
      <trkpt lat="47.138778" lon="11.459298"><ele>1015</ele></trkpt>
      <trkpt lat="47.138802" lon="11.459518"><ele>1016</ele></trkpt>
      <trkpt lat="47.138828" lon="11.459611"><ele>1015</ele></trkpt>
      <trkpt lat="47.138867" lon="11.459710"><ele>1014</ele></trkpt>
      <trkpt lat="47.138927" lon="11.459774"><ele>1014</ele></trkpt>
      <trkpt lat="47.139128" lon="11.459895"><ele>1014</ele></trkpt>
      <trkpt lat="47.139233" lon="11.459952"><ele>1015</ele></trkpt>
      <trkpt lat="47.139861" lon="11.460293"><ele>1017</ele></trkpt>
      <trkpt lat="47.140091" lon="11.460414"><ele>1016</ele></trkpt>
      <trkpt lat="47.140310" lon="11.460485"><ele>1016</ele></trkpt>
      <trkpt lat="47.140642" lon="11.460432"><ele>1016</ele></trkpt>
      <trkpt lat="47.141084" lon="11.460334"><ele>1014</ele></trkpt>
      <trkpt lat="47.141285" lon="11.460292"><ele>1018</ele></trkpt>
      <trkpt lat="47.141448" lon="11.460256"><ele>1021</ele></trkpt>
      <trkpt lat="47.141641" lon="11.460241"><ele>1022</ele></trkpt>
      <trkpt lat="47.141773" lon="11.460276"><ele>1023</ele></trkpt>
      <trkpt lat="47.142128" lon="11.460426"><ele>1026</ele></trkpt>
      <trkpt lat="47.142230" lon="11.460458"><ele>1026</ele></trkpt>
      <trkpt lat="47.142443" lon="11.460524"><ele>1025</ele></trkpt>
      <trkpt lat="47.142531" lon="11.460532"><ele>1025</ele></trkpt>
      <trkpt lat="47.142704" lon="11.460520"><ele>1024</ele></trkpt>
      <trkpt lat="47.142805" lon="11.460489"><ele>1024</ele></trkpt>
      <trkpt lat="47.142898" lon="11.460440"><ele>1023</ele></trkpt>
      <trkpt lat="47.142956" lon="11.460396"><ele>1022</ele></trkpt>
      <trkpt lat="47.143077" lon="11.460264"><ele>1022</ele></trkpt>
      <trkpt lat="47.143167" lon="11.460100"><ele>1024</ele></trkpt>
      <trkpt lat="47.143415" lon="11.459558"><ele>1022</ele></trkpt>
      <trkpt lat="47.143510" lon="11.459439"><ele>1023</ele></trkpt>
      <trkpt lat="47.143600" lon="11.459355"><ele>1024</ele></trkpt>
      <trkpt lat="47.144098" lon="11.458879"><ele>1026</ele></trkpt>
      <trkpt lat="47.144285" lon="11.458660"><ele>1025</ele></trkpt>
      <trkpt lat="47.144376" lon="11.458508"><ele>1024</ele></trkpt>
      <trkpt lat="47.144440" lon="11.458345"><ele>1022</ele></trkpt>
      <trkpt lat="47.144630" lon="11.457831"><ele>1020</ele></trkpt>
      <trkpt lat="47.144703" lon="11.457679"><ele>1020</ele></trkpt>
      <trkpt lat="47.144831" lon="11.457488"><ele>1019</ele></trkpt>
      <trkpt lat="47.144977" lon="11.457317"><ele>1018</ele></trkpt>
      <trkpt lat="47.145162" lon="11.457164"><ele>1016</ele></trkpt>
      <trkpt lat="47.145380" lon="11.457045"><ele>1016</ele></trkpt>
      <trkpt lat="47.145556" lon="11.456976"><ele>1014</ele></trkpt>
      <trkpt lat="47.145865" lon="11.456883"><ele>1016</ele></trkpt>
      <trkpt lat="47.146193" lon="11.456852"><ele>1016</ele></trkpt>
      <trkpt lat="47.146724" lon="11.456856"><ele>1016</ele></trkpt>
      <trkpt lat="47.147086" lon="11.456855"><ele>1017</ele></trkpt>
      <trkpt lat="47.147248" lon="11.456845"><ele>1017</ele></trkpt>
      <trkpt lat="47.147393" lon="11.456820"><ele>1018</ele></trkpt>
      <trkpt lat="47.147524" lon="11.456776"><ele>1018</ele></trkpt>
      <trkpt lat="47.147605" lon="11.456731"><ele>1018</ele></trkpt>
      <trkpt lat="47.147739" lon="11.456648"><ele>1018</ele></trkpt>
      <trkpt lat="47.147832" lon="11.456554"><ele>1018</ele></trkpt>
      <trkpt lat="47.147920" lon="11.456434"><ele>1019</ele></trkpt>
      <trkpt lat="47.148335" lon="11.455823"><ele>1017</ele></trkpt>
      <trkpt lat="47.148630" lon="11.455477"><ele>1018</ele></trkpt>
      <trkpt lat="47.148732" lon="11.455380"><ele>1018</ele></trkpt>
      <trkpt lat="47.148938" lon="11.455240"><ele>1019</ele></trkpt>
      <trkpt lat="47.149150" lon="11.455137"><ele>1022</ele></trkpt>
      <trkpt lat="47.149250" lon="11.455103"><ele>1022</ele></trkpt>
      <trkpt lat="47.149342" lon="11.455103"><ele>1023</ele></trkpt>
      <trkpt lat="47.149425" lon="11.455127"><ele>1024</ele></trkpt>
      <trkpt lat="47.149505" lon="11.455170"><ele>1024</ele></trkpt>
      <trkpt lat="47.149658" lon="11.455297"><ele>1023</ele></trkpt>
      <trkpt lat="47.150034" lon="11.455647"><ele>1023</ele></trkpt>
      <trkpt lat="47.150111" lon="11.455656"><ele>1023</ele></trkpt>
      <trkpt lat="47.150138" lon="11.455652"><ele>1023</ele></trkpt>
      <trkpt lat="47.150194" lon="11.455637"><ele>1023</ele></trkpt>
      <trkpt lat="47.150320" lon="11.455554"><ele>1023</ele></trkpt>
      <trkpt lat="47.150481" lon="11.455429"><ele>1024</ele></trkpt>
      <trkpt lat="47.151384" lon="11.454617"><ele>1030</ele></trkpt>
      <trkpt lat="47.151476" lon="11.454596"><ele>1031</ele></trkpt>
      <trkpt lat="47.151552" lon="11.454589"><ele>1032</ele></trkpt>
      <trkpt lat="47.151866" lon="11.454588"><ele>1034</ele></trkpt>
      <trkpt lat="47.152179" lon="11.454633"><ele>1035</ele></trkpt>
      <trkpt lat="47.152288" lon="11.454620"><ele>1036</ele></trkpt>
      <trkpt lat="47.152393" lon="11.454558"><ele>1038</ele></trkpt>
      <trkpt lat="47.152560" lon="11.454405"><ele>1039</ele></trkpt>
      <trkpt lat="47.152750" lon="11.454268"><ele>1040</ele></trkpt>
      <trkpt lat="47.152962" lon="11.454175"><ele>1040</ele></trkpt>
      <trkpt lat="47.153068" lon="11.454152"><ele>1040</ele></trkpt>
      <trkpt lat="47.153177" lon="11.454157"><ele>1040</ele></trkpt>
      <trkpt lat="47.153282" lon="11.454198"><ele>1041</ele></trkpt>
      <trkpt lat="47.153372" lon="11.454275"><ele>1043</ele></trkpt>
      <trkpt lat="47.153456" lon="11.454377"><ele>1044</ele></trkpt>
      <trkpt lat="47.153611" lon="11.454651"><ele>1044</ele></trkpt>
      <trkpt lat="47.153706" lon="11.454764"><ele>1045</ele></trkpt>
      <trkpt lat="47.153817" lon="11.454812"><ele>1046</ele></trkpt>
      <trkpt lat="47.153935" lon="11.454833"><ele>1046</ele></trkpt>
      <trkpt lat="47.153990" lon="11.454827"><ele>1047</ele></trkpt>
      <trkpt lat="47.154059" lon="11.454818"><ele>1047</ele></trkpt>
      <trkpt lat="47.154181" lon="11.454780"><ele>1047</ele></trkpt>
      <trkpt lat="47.154307" lon="11.454715"><ele>1048</ele></trkpt>
      <trkpt lat="47.154557" lon="11.454535"><ele>1051</ele></trkpt>
      <trkpt lat="47.154711" lon="11.454376"><ele>1052</ele></trkpt>
      <trkpt lat="47.154880" lon="11.454225"><ele>1054</ele></trkpt>
      <trkpt lat="47.154998" lon="11.454142"><ele>1054</ele></trkpt>
      <trkpt lat="47.155094" lon="11.454100"><ele>1053</ele></trkpt>
      <trkpt lat="47.155589" lon="11.454039"><ele>1053</ele></trkpt>
      <trkpt lat="47.155689" lon="11.454014"><ele>1054</ele></trkpt>
      <trkpt lat="47.156009" lon="11.453916"><ele>1055</ele></trkpt>
      <trkpt lat="47.156233" lon="11.453889"><ele>1055</ele></trkpt>
      <trkpt lat="47.156627" lon="11.453915"><ele>1058</ele></trkpt>
      <trkpt lat="47.156923" lon="11.453928"><ele>1059</ele></trkpt>
      <trkpt lat="47.156948" lon="11.453922"><ele>1059</ele></trkpt>
      <trkpt lat="47.157188" lon="11.453861"><ele>1060</ele></trkpt>
      <trkpt lat="47.157311" lon="11.453830"><ele>1061</ele></trkpt>
      <trkpt lat="47.157511" lon="11.453779"><ele>1062</ele></trkpt>
      <trkpt lat="47.157672" lon="11.453758"><ele>1064</ele></trkpt>
      <trkpt lat="47.157821" lon="11.453758"><ele>1066</ele></trkpt>
      <trkpt lat="47.158230" lon="11.453533"><ele>1070</ele></trkpt>
      <trkpt lat="47.158307" lon="11.453464"><ele>1070</ele></trkpt>
      <trkpt lat="47.158416" lon="11.453359"><ele>1070</ele></trkpt>
      <trkpt lat="47.158503" lon="11.453258"><ele>1071</ele></trkpt>
      <trkpt lat="47.158671" lon="11.452905"><ele>1071</ele></trkpt>
      <trkpt lat="47.158788" lon="11.452694"><ele>1069</ele></trkpt>
      <trkpt lat="47.158935" lon="11.452448"><ele>1064</ele></trkpt>
      <trkpt lat="47.159015" lon="11.452355"><ele>1063</ele></trkpt>
      <trkpt lat="47.159183" lon="11.452198"><ele>1062</ele></trkpt>
      <trkpt lat="47.159273" lon="11.452148"><ele>1060</ele></trkpt>
      <trkpt lat="47.159368" lon="11.452125"><ele>1060</ele></trkpt>
      <trkpt lat="47.159467" lon="11.452128"><ele>1059</ele></trkpt>
      <trkpt lat="47.159563" lon="11.452157"><ele>1058</ele></trkpt>
      <trkpt lat="47.159657" lon="11.452207"><ele>1058</ele></trkpt>
      <trkpt lat="47.159745" lon="11.452277"><ele>1057</ele></trkpt>
      <trkpt lat="47.159825" lon="11.452365"><ele>1056</ele></trkpt>
      <trkpt lat="47.159895" lon="11.452475"><ele>1055</ele></trkpt>
      <trkpt lat="47.159948" lon="11.452605"><ele>1054</ele></trkpt>
      <trkpt lat="47.159985" lon="11.452748"><ele>1053</ele></trkpt>
      <trkpt lat="47.160039" lon="11.453137"><ele>1048</ele></trkpt>
      <trkpt lat="47.160080" lon="11.453257"><ele>1047</ele></trkpt>
      <trkpt lat="47.160106" lon="11.453420"><ele>1048</ele></trkpt>
      <trkpt lat="47.160178" lon="11.453594"><ele>1047</ele></trkpt>
      <trkpt lat="47.160458" lon="11.453968"><ele>1045</ele></trkpt>
      <trkpt lat="47.160598" lon="11.454222"><ele>1042</ele></trkpt>
      <trkpt lat="47.160683" lon="11.454493"><ele>1042</ele></trkpt>
      <trkpt lat="47.160713" lon="11.454800"><ele>1042</ele></trkpt>
      <trkpt lat="47.160712" lon="11.455130"><ele>1043</ele></trkpt>
      <trkpt lat="47.160678" lon="11.455618"><ele>1043</ele></trkpt>
      <trkpt lat="47.160677" lon="11.455755"><ele>1044</ele></trkpt>
      <trkpt lat="47.160700" lon="11.455880"><ele>1043</ele></trkpt>
      <trkpt lat="47.160745" lon="11.455993"><ele>1042</ele></trkpt>
      <trkpt lat="47.160810" lon="11.456087"><ele>1040</ele></trkpt>
      <trkpt lat="47.161245" lon="11.456508"><ele>1037</ele></trkpt>
      <trkpt lat="47.161324" lon="11.456623"><ele>1038</ele></trkpt>
      <trkpt lat="47.161578" lon="11.457287"><ele>1036</ele></trkpt>
      <trkpt lat="47.161797" lon="11.457782"><ele>1037</ele></trkpt>
      <trkpt lat="47.161904" lon="11.458130"><ele>1039</ele></trkpt>
      <trkpt lat="47.161936" lon="11.458300"><ele>1038</ele></trkpt>
      <trkpt lat="47.161988" lon="11.458884"><ele>1039</ele></trkpt>
      <trkpt lat="47.162052" lon="11.459220"><ele>1036</ele></trkpt>
      <trkpt lat="47.162078" lon="11.459386"><ele>1039</ele></trkpt>
      <trkpt lat="47.162097" lon="11.459557"><ele>1040</ele></trkpt>
      <trkpt lat="47.162139" lon="11.459740"><ele>1038</ele></trkpt>
      <trkpt lat="47.162231" lon="11.459954"><ele>1037</ele></trkpt>
      <trkpt lat="47.162345" lon="11.460009"><ele>1036</ele></trkpt>
      <trkpt lat="47.162455" lon="11.459992"><ele>1035</ele></trkpt>
      <trkpt lat="47.162557" lon="11.459919"><ele>1034</ele></trkpt>
      <trkpt lat="47.162638" lon="11.459717"><ele>1033</ele></trkpt>
      <trkpt lat="47.162666" lon="11.459598"><ele>1033</ele></trkpt>
      <trkpt lat="47.162686" lon="11.459421"><ele>1034</ele></trkpt>
      <trkpt lat="47.162763" lon="11.458492"><ele>1035</ele></trkpt>
      <trkpt lat="47.162777" lon="11.458050"><ele>1038</ele></trkpt>
      <trkpt lat="47.162798" lon="11.457910"><ele>1038</ele></trkpt>
      <trkpt lat="47.162843" lon="11.457785"><ele>1040</ele></trkpt>
      <trkpt lat="47.162969" lon="11.457439"><ele>1043</ele></trkpt>
      <trkpt lat="47.163120" lon="11.457026"><ele>1045</ele></trkpt>
      <trkpt lat="47.163147" lon="11.456887"><ele>1046</ele></trkpt>
      <trkpt lat="47.163154" lon="11.456855"><ele>1046</ele></trkpt>
      <trkpt lat="47.163189" lon="11.456648"><ele>1048</ele></trkpt>
      <trkpt lat="47.163189" lon="11.456533"><ele>1049</ele></trkpt>
      <trkpt lat="47.163174" lon="11.456199"><ele>1051</ele></trkpt>
      <trkpt lat="47.163154" lon="11.455904"><ele>1052</ele></trkpt>
      <trkpt lat="47.163154" lon="11.455645"><ele>1053</ele></trkpt>
      <trkpt lat="47.163167" lon="11.455456"><ele>1053</ele></trkpt>
      <trkpt lat="47.163188" lon="11.455291"><ele>1053</ele></trkpt>
      <trkpt lat="47.163254" lon="11.454892"><ele>1052</ele></trkpt>
      <trkpt lat="47.163312" lon="11.454674"><ele>1052</ele></trkpt>
      <trkpt lat="47.163412" lon="11.454397"><ele>1053</ele></trkpt>
      <trkpt lat="47.163567" lon="11.454041"><ele>1054</ele></trkpt>
      <trkpt lat="47.163756" lon="11.453723"><ele>1056</ele></trkpt>
      <trkpt lat="47.163847" lon="11.453475"><ele>1057</ele></trkpt>
      <trkpt lat="47.163866" lon="11.453319"><ele>1058</ele></trkpt>
      <trkpt lat="47.163839" lon="11.453063"><ele>1061</ele></trkpt>
      <trkpt lat="47.163806" lon="11.452878"><ele>1068</ele></trkpt>
      <trkpt lat="47.163773" lon="11.452693"><ele>1071</ele></trkpt>
      <trkpt lat="47.163755" lon="11.452487"><ele>1068</ele></trkpt>
      <trkpt lat="47.163768" lon="11.452282"><ele>1066</ele></trkpt>
      <trkpt lat="47.163793" lon="11.452172"><ele>1066</ele></trkpt>
      <trkpt lat="47.164000" lon="11.451613"><ele>1071</ele></trkpt>
      <trkpt lat="47.164155" lon="11.451287"><ele>1073</ele></trkpt>
      <trkpt lat="47.164265" lon="11.451112"><ele>1075</ele></trkpt>
      <trkpt lat="47.164593" lon="11.450733"><ele>1077</ele></trkpt>
      <trkpt lat="47.164688" lon="11.450556"><ele>1077</ele></trkpt>
      <trkpt lat="47.164887" lon="11.450007"><ele>1079</ele></trkpt>
      <trkpt lat="47.164918" lon="11.449922"><ele>1079</ele></trkpt>
      <trkpt lat="47.165102" lon="11.449510"><ele>1076</ele></trkpt>
      <trkpt lat="47.165164" lon="11.449371"><ele>1075</ele></trkpt>
      <trkpt lat="47.165246" lon="11.449188"><ele>1072</ele></trkpt>
      <trkpt lat="47.165254" lon="11.449170"><ele>1072</ele></trkpt>
      <trkpt lat="47.165565" lon="11.448493"><ele>1068</ele></trkpt>
      <trkpt lat="47.165642" lon="11.448327"><ele>1068</ele></trkpt>
      <trkpt lat="47.165902" lon="11.447808"><ele>1067</ele></trkpt>
      <trkpt lat="47.166048" lon="11.447552"><ele>1067</ele></trkpt>
      <trkpt lat="47.166362" lon="11.447108"><ele>1066</ele></trkpt>
      <trkpt lat="47.166865" lon="11.446278"><ele>1060</ele></trkpt>
      <trkpt lat="47.167002" lon="11.446102"><ele>1060</ele></trkpt>
      <trkpt lat="47.167046" lon="11.446045"><ele>1060</ele></trkpt>
      <trkpt lat="47.167324" lon="11.445765"><ele>1060</ele></trkpt>
      <trkpt lat="47.167565" lon="11.445534"><ele>1059</ele></trkpt>
      <trkpt lat="47.168643" lon="11.444518"><ele>1058</ele></trkpt>
      <trkpt lat="47.168808" lon="11.444378"><ele>1054</ele></trkpt>
      <trkpt lat="47.169092" lon="11.444197"><ele>1052</ele></trkpt>
      <trkpt lat="47.169143" lon="11.444150"><ele>1051</ele></trkpt>
      <trkpt lat="47.169252" lon="11.444016"><ele>1054</ele></trkpt>
      <trkpt lat="47.169403" lon="11.443800"><ele>1054</ele></trkpt>
      <trkpt lat="47.169565" lon="11.443612"><ele>1053</ele></trkpt>
      <trkpt lat="47.169883" lon="11.443305"><ele>1052</ele></trkpt>
      <trkpt lat="47.170240" lon="11.442968"><ele>1049</ele></trkpt>
      <trkpt lat="47.170486" lon="11.442648"><ele>1046</ele></trkpt>
      <trkpt lat="47.170693" lon="11.442402"><ele>1045</ele></trkpt>
      <trkpt lat="47.170938" lon="11.442202"><ele>1046</ele></trkpt>
      <trkpt lat="47.170992" lon="11.442115"><ele>1046</ele></trkpt>
      <trkpt lat="47.171020" lon="11.442008"><ele>1046</ele></trkpt>
      <trkpt lat="47.171027" lon="11.441895"><ele>1046</ele></trkpt>
      <trkpt lat="47.170983" lon="11.441572"><ele>1045</ele></trkpt>
      <trkpt lat="47.170998" lon="11.441508"><ele>1044</ele></trkpt>
      <trkpt lat="47.171033" lon="11.441436"><ele>1044</ele></trkpt>
      <trkpt lat="47.171114" lon="11.441386"><ele>1045</ele></trkpt>
      <trkpt lat="47.171470" lon="11.441355"><ele>1044</ele></trkpt>
      <trkpt lat="47.171797" lon="11.441285"><ele>1043</ele></trkpt>
      <trkpt lat="47.171903" lon="11.441283"><ele>1043</ele></trkpt>
      <trkpt lat="47.172069" lon="11.441313"><ele>1042</ele></trkpt>
      <trkpt lat="47.172530" lon="11.441480"><ele>1045</ele></trkpt>
      <trkpt lat="47.172602" lon="11.441503"><ele>1046</ele></trkpt>
      <trkpt lat="47.172635" lon="11.441492"><ele>1047</ele></trkpt>
      <trkpt lat="47.172666" lon="11.441468"><ele>1047</ele></trkpt>
      <trkpt lat="47.172690" lon="11.441426"><ele>1047</ele></trkpt>
      <trkpt lat="47.172707" lon="11.441373"><ele>1047</ele></trkpt>
      <trkpt lat="47.172711" lon="11.441289"><ele>1048</ele></trkpt>
      <trkpt lat="47.172680" lon="11.440766"><ele>1049</ele></trkpt>
      <trkpt lat="47.172682" lon="11.440671"><ele>1050</ele></trkpt>
      <trkpt lat="47.172696" lon="11.440590"><ele>1051</ele></trkpt>
      <trkpt lat="47.172720" lon="11.440512"><ele>1053</ele></trkpt>
      <trkpt lat="47.172753" lon="11.440458"><ele>1055</ele></trkpt>
      <trkpt lat="47.172781" lon="11.440434"><ele>1056</ele></trkpt>
      <trkpt lat="47.172848" lon="11.440398"><ele>1058</ele></trkpt>
      <trkpt lat="47.172933" lon="11.440369"><ele>1060</ele></trkpt>
      <trkpt lat="47.173241" lon="11.440355"><ele>1064</ele></trkpt>
      <trkpt lat="47.173381" lon="11.440363"><ele>1064</ele></trkpt>
      <trkpt lat="47.173605" lon="11.440387"><ele>1063</ele></trkpt>
      <trkpt lat="47.173807" lon="11.440390"><ele>1064</ele></trkpt>
      <trkpt lat="47.173983" lon="11.440386"><ele>1065</ele></trkpt>
      <trkpt lat="47.174635" lon="11.440245"><ele>1067</ele></trkpt>
      <trkpt lat="47.174986" lon="11.440098"><ele>1065</ele></trkpt>
      <trkpt lat="47.175165" lon="11.440001"><ele>1065</ele></trkpt>
      <trkpt lat="47.175213" lon="11.439954"><ele>1064</ele></trkpt>
      <trkpt lat="47.175408" lon="11.439722"><ele>1062</ele></trkpt>
      <trkpt lat="47.175483" lon="11.439650"><ele>1062</ele></trkpt>
      <trkpt lat="47.175694" lon="11.439492"><ele>1062</ele></trkpt>
      <trkpt lat="47.175779" lon="11.439444"><ele>1063</ele></trkpt>
      <trkpt lat="47.175860" lon="11.439410"><ele>1063</ele></trkpt>
      <trkpt lat="47.176184" lon="11.439308"><ele>1062</ele></trkpt>
      <trkpt lat="47.176465" lon="11.439268"><ele>1062</ele></trkpt>
      <trkpt lat="47.176887" lon="11.439274"><ele>1062</ele></trkpt>
      <trkpt lat="47.177000" lon="11.439250"><ele>1063</ele></trkpt>
      <trkpt lat="47.177124" lon="11.439190"><ele>1062</ele></trkpt>
      <trkpt lat="47.177361" lon="11.438955"><ele>1063</ele></trkpt>
      <trkpt lat="47.177834" lon="11.438349"><ele>1066</ele></trkpt>
      <trkpt lat="47.177968" lon="11.438175"><ele>1065</ele></trkpt>
      <trkpt lat="47.178157" lon="11.437983"><ele>1065</ele></trkpt>
      <trkpt lat="47.178649" lon="11.437509"><ele>1066</ele></trkpt>
      <trkpt lat="47.178865" lon="11.437385"><ele>1064</ele></trkpt>
      <trkpt lat="47.179105" lon="11.437285"><ele>1063</ele></trkpt>
      <trkpt lat="47.179204" lon="11.437229"><ele>1063</ele></trkpt>
      <trkpt lat="47.179347" lon="11.437122"><ele>1063</ele></trkpt>
      <trkpt lat="47.179977" lon="11.436520"><ele>1066</ele></trkpt>
      <trkpt lat="47.180163" lon="11.436373"><ele>1063</ele></trkpt>
      <trkpt lat="47.180260" lon="11.436323"><ele>1062</ele></trkpt>
      <trkpt lat="47.180357" lon="11.436297"><ele>1060</ele></trkpt>
      <trkpt lat="47.180624" lon="11.436357"><ele>1062</ele></trkpt>
      <trkpt lat="47.180720" lon="11.436327"><ele>1062</ele></trkpt>
      <trkpt lat="47.180812" lon="11.436252"><ele>1062</ele></trkpt>
      <trkpt lat="47.180868" lon="11.436113"><ele>1063</ele></trkpt>
      <trkpt lat="47.180960" lon="11.435540"><ele>1068</ele></trkpt>
      <trkpt lat="47.181013" lon="11.435312"><ele>1070</ele></trkpt>
      <trkpt lat="47.181178" lon="11.434945"><ele>1068</ele></trkpt>
      <trkpt lat="47.181258" lon="11.434844"><ele>1068</ele></trkpt>
      <trkpt lat="47.181504" lon="11.434791"><ele>1067</ele></trkpt>
      <trkpt lat="47.181604" lon="11.434712"><ele>1066</ele></trkpt>
      <trkpt lat="47.181662" lon="11.434544"><ele>1066</ele></trkpt>
      <trkpt lat="47.181690" lon="11.434192"><ele>1067</ele></trkpt>
      <trkpt lat="47.181738" lon="11.433990"><ele>1068</ele></trkpt>
      <trkpt lat="47.181775" lon="11.433904"><ele>1069</ele></trkpt>
      <trkpt lat="47.181810" lon="11.433837"><ele>1069</ele></trkpt>
      <trkpt lat="47.181859" lon="11.433780"><ele>1068</ele></trkpt>
      <trkpt lat="47.181931" lon="11.433721"><ele>1068</ele></trkpt>
      <trkpt lat="47.181997" lon="11.433685"><ele>1066</ele></trkpt>
      <trkpt lat="47.182076" lon="11.433666"><ele>1064</ele></trkpt>
      <trkpt lat="47.182136" lon="11.433666"><ele>1063</ele></trkpt>
      <trkpt lat="47.182250" lon="11.433695"><ele>1062</ele></trkpt>
      <trkpt lat="47.182348" lon="11.433731"><ele>1060</ele></trkpt>
      <trkpt lat="47.182438" lon="11.433778"><ele>1059</ele></trkpt>
      <trkpt lat="47.182522" lon="11.433847"><ele>1059</ele></trkpt>
      <trkpt lat="47.182635" lon="11.433957"><ele>1058</ele></trkpt>
      <trkpt lat="47.182720" lon="11.434075"><ele>1058</ele></trkpt>
      <trkpt lat="47.182882" lon="11.434330"><ele>1058</ele></trkpt>
      <trkpt lat="47.182942" lon="11.434426"><ele>1059</ele></trkpt>
      <trkpt lat="47.183016" lon="11.434487"><ele>1058</ele></trkpt>
      <trkpt lat="47.183091" lon="11.434509"><ele>1058</ele></trkpt>
      <trkpt lat="47.183382" lon="11.434527"><ele>1057</ele></trkpt>
      <trkpt lat="47.183615" lon="11.434596"><ele>1056</ele></trkpt>
      <trkpt lat="47.183713" lon="11.434644"><ele>1054</ele></trkpt>
      <trkpt lat="47.183810" lon="11.434719"><ele>1054</ele></trkpt>
      <trkpt lat="47.183933" lon="11.434919"><ele>1052</ele></trkpt>
      <trkpt lat="47.184246" lon="11.435856"><ele>1048</ele></trkpt>
      <trkpt lat="47.184585" lon="11.436755"><ele>1051</ele></trkpt>
      <trkpt lat="47.184658" lon="11.436924"><ele>1051</ele></trkpt>
      <trkpt lat="47.184685" lon="11.436973"><ele>1050</ele></trkpt>
      <trkpt lat="47.184732" lon="11.437033"><ele>1050</ele></trkpt>
      <trkpt lat="47.184781" lon="11.437073"><ele>1050</ele></trkpt>
      <trkpt lat="47.184845" lon="11.437101"><ele>1050</ele></trkpt>
      <trkpt lat="47.184894" lon="11.437112"><ele>1049</ele></trkpt>
      <trkpt lat="47.185051" lon="11.437126"><ele>1048</ele></trkpt>
      <trkpt lat="47.185071" lon="11.437125"><ele>1048</ele></trkpt>
      <trkpt lat="47.185082" lon="11.437125"><ele>1048</ele></trkpt>
      <trkpt lat="47.185244" lon="11.437121"><ele>1048</ele></trkpt>
      <trkpt lat="47.185377" lon="11.437150"><ele>1045</ele></trkpt>
      <trkpt lat="47.185412" lon="11.437161"><ele>1044</ele></trkpt>
      <trkpt lat="47.185462" lon="11.437183"><ele>1043</ele></trkpt>
      <trkpt lat="47.185568" lon="11.437250"><ele>1041</ele></trkpt>
      <trkpt lat="47.185615" lon="11.437267"><ele>1041</ele></trkpt>
      <trkpt lat="47.185662" lon="11.437263"><ele>1040</ele></trkpt>
      <trkpt lat="47.185712" lon="11.437236"><ele>1040</ele></trkpt>
      <trkpt lat="47.185760" lon="11.437183"><ele>1039</ele></trkpt>
      <trkpt lat="47.185781" lon="11.437138"><ele>1038</ele></trkpt>
      <trkpt lat="47.185794" lon="11.437094"><ele>1038</ele></trkpt>
      <trkpt lat="47.185800" lon="11.436979"><ele>1038</ele></trkpt>
      <trkpt lat="47.185761" lon="11.436528"><ele>1036</ele></trkpt>
      <trkpt lat="47.185765" lon="11.436385"><ele>1037</ele></trkpt>
      <trkpt lat="47.185803" lon="11.435861"><ele>1038</ele></trkpt>
      <trkpt lat="47.185760" lon="11.435507"><ele>1040</ele></trkpt>
      <trkpt lat="47.185676" lon="11.434579"><ele>1039</ele></trkpt>
      <trkpt lat="47.185694" lon="11.434097"><ele>1045</ele></trkpt>
      <trkpt lat="47.185681" lon="11.433861"><ele>1046</ele></trkpt>
      <trkpt lat="47.185651" lon="11.433625"><ele>1047</ele></trkpt>
      <trkpt lat="47.185572" lon="11.433278"><ele>1049</ele></trkpt>
      <trkpt lat="47.185435" lon="11.432862"><ele>1053</ele></trkpt>
      <trkpt lat="47.185299" lon="11.432435"><ele>1057</ele></trkpt>
      <trkpt lat="47.185151" lon="11.431953"><ele>1060</ele></trkpt>
      <trkpt lat="47.185096" lon="11.431771"><ele>1062</ele></trkpt>
      <trkpt lat="47.185028" lon="11.431550"><ele>1063</ele></trkpt>
      <trkpt lat="47.185018" lon="11.431494"><ele>1063</ele></trkpt>
      <trkpt lat="47.185017" lon="11.431434"><ele>1063</ele></trkpt>
      <trkpt lat="47.185025" lon="11.431378"><ele>1064</ele></trkpt>
      <trkpt lat="47.185071" lon="11.431270"><ele>1063</ele></trkpt>
      <trkpt lat="47.185158" lon="11.431142"><ele>1064</ele></trkpt>
      <trkpt lat="47.185258" lon="11.431027"><ele>1066</ele></trkpt>
      <trkpt lat="47.185355" lon="11.430922"><ele>1066</ele></trkpt>
      <trkpt lat="47.185431" lon="11.430852"><ele>1068</ele></trkpt>
      <trkpt lat="47.185557" lon="11.430704"><ele>1069</ele></trkpt>
      <trkpt lat="47.185603" lon="11.430639"><ele>1068</ele></trkpt>
      <trkpt lat="47.185656" lon="11.430544"><ele>1068</ele></trkpt>
      <trkpt lat="47.185743" lon="11.430338"><ele>1070</ele></trkpt>
      <trkpt lat="47.185874" lon="11.429998"><ele>1071</ele></trkpt>
      <trkpt lat="47.185902" lon="11.429945"><ele>1071</ele></trkpt>
      <trkpt lat="47.186068" lon="11.429684"><ele>1070</ele></trkpt>
      <trkpt lat="47.186138" lon="11.429602"><ele>1070</ele></trkpt>
      <trkpt lat="47.186289" lon="11.429473"><ele>1070</ele></trkpt>
      <trkpt lat="47.186470" lon="11.429341"><ele>1070</ele></trkpt>
      <trkpt lat="47.186639" lon="11.429220"><ele>1069</ele></trkpt>
      <trkpt lat="47.186879" lon="11.429047"><ele>1069</ele></trkpt>
      <trkpt lat="47.187091" lon="11.428933"><ele>1067</ele></trkpt>
      <trkpt lat="47.187208" lon="11.428884"><ele>1065</ele></trkpt>
      <trkpt lat="47.187333" lon="11.428852"><ele>1062</ele></trkpt>
      <trkpt lat="47.187463" lon="11.428837"><ele>1060</ele></trkpt>
      <trkpt lat="47.187635" lon="11.428861"><ele>1056</ele></trkpt>
      <trkpt lat="47.187891" lon="11.428943"><ele>1055</ele></trkpt>
      <trkpt lat="47.187959" lon="11.428957"><ele>1054</ele></trkpt>
      <trkpt lat="47.188157" lon="11.428964"><ele>1052</ele></trkpt>
      <trkpt lat="47.188275" lon="11.428938"><ele>1050</ele></trkpt>
      <trkpt lat="47.188346" lon="11.428911"><ele>1049</ele></trkpt>
      <trkpt lat="47.188625" lon="11.428746"><ele>1047</ele></trkpt>
      <trkpt lat="47.188961" lon="11.428566"><ele>1042</ele></trkpt>
      <trkpt lat="47.189218" lon="11.428402"><ele>1040</ele></trkpt>
      <trkpt lat="47.189499" lon="11.428262"><ele>1038</ele></trkpt>
      <trkpt lat="47.189620" lon="11.428181"><ele>1038</ele></trkpt>
      <trkpt lat="47.189689" lon="11.428122"><ele>1038</ele></trkpt>
      <trkpt lat="47.189764" lon="11.428051"><ele>1038</ele></trkpt>
      <trkpt lat="47.189918" lon="11.427919"><ele>1038</ele></trkpt>
      <trkpt lat="47.190019" lon="11.427845"><ele>1038</ele></trkpt>
      <trkpt lat="47.190128" lon="11.427775"><ele>1040</ele></trkpt>
      <trkpt lat="47.190258" lon="11.427713"><ele>1042</ele></trkpt>
      <trkpt lat="47.190688" lon="11.427599"><ele>1044</ele></trkpt>
      <trkpt lat="47.190994" lon="11.427473"><ele>1044</ele></trkpt>
      <trkpt lat="47.191286" lon="11.427384"><ele>1044</ele></trkpt>
      <trkpt lat="47.191586" lon="11.427323"><ele>1045</ele></trkpt>
      <trkpt lat="47.192179" lon="11.427143"><ele>1047</ele></trkpt>
      <trkpt lat="47.192270" lon="11.427098"><ele>1048</ele></trkpt>
      <trkpt lat="47.192322" lon="11.427063"><ele>1049</ele></trkpt>
      <trkpt lat="47.192436" lon="11.426952"><ele>1049</ele></trkpt>
      <trkpt lat="47.192720" lon="11.426563"><ele>1053</ele></trkpt>
      <trkpt lat="47.192884" lon="11.426413"><ele>1052</ele></trkpt>
      <trkpt lat="47.193065" lon="11.426301"><ele>1051</ele></trkpt>
      <trkpt lat="47.193106" lon="11.426286"><ele>1050</ele></trkpt>
      <trkpt lat="47.193246" lon="11.426267"><ele>1048</ele></trkpt>
      <trkpt lat="47.193397" lon="11.426264"><ele>1048</ele></trkpt>
      <trkpt lat="47.193476" lon="11.426249"><ele>1048</ele></trkpt>
      <trkpt lat="47.193520" lon="11.426232"><ele>1048</ele></trkpt>
      <trkpt lat="47.193582" lon="11.426203"><ele>1047</ele></trkpt>
      <trkpt lat="47.193659" lon="11.426153"><ele>1047</ele></trkpt>
      <trkpt lat="47.193732" lon="11.426082"><ele>1047</ele></trkpt>
      <trkpt lat="47.193784" lon="11.425996"><ele>1047</ele></trkpt>
      <trkpt lat="47.193812" lon="11.425921"><ele>1047</ele></trkpt>
      <trkpt lat="47.193850" lon="11.425769"><ele>1048</ele></trkpt>
      <trkpt lat="47.193937" lon="11.425335"><ele>1051</ele></trkpt>
      <trkpt lat="47.193985" lon="11.425203"><ele>1050</ele></trkpt>
      <trkpt lat="47.194012" lon="11.425154"><ele>1050</ele></trkpt>
      <trkpt lat="47.194043" lon="11.425116"><ele>1049</ele></trkpt>
      <trkpt lat="47.194088" lon="11.425091"><ele>1049</ele></trkpt>
      <trkpt lat="47.194144" lon="11.425083"><ele>1049</ele></trkpt>
      <trkpt lat="47.194380" lon="11.425142"><ele>1048</ele></trkpt>
      <trkpt lat="47.194504" lon="11.425158"><ele>1048</ele></trkpt>
      <trkpt lat="47.194537" lon="11.425155"><ele>1048</ele></trkpt>
      <trkpt lat="47.194626" lon="11.425121"><ele>1048</ele></trkpt>
      <trkpt lat="47.194675" lon="11.425077"><ele>1047</ele></trkpt>
      <trkpt lat="47.194726" lon="11.425014"><ele>1046</ele></trkpt>
      <trkpt lat="47.194765" lon="11.424928"><ele>1047</ele></trkpt>
      <trkpt lat="47.194782" lon="11.424865"><ele>1047</ele></trkpt>
      <trkpt lat="47.194840" lon="11.424500"><ele>1048</ele></trkpt>
      <trkpt lat="47.194869" lon="11.424372"><ele>1048</ele></trkpt>
      <trkpt lat="47.194895" lon="11.424290"><ele>1047</ele></trkpt>
      <trkpt lat="47.194956" lon="11.424144"><ele>1046</ele></trkpt>
      <trkpt lat="47.194988" lon="11.424086"><ele>1046</ele></trkpt>
      <trkpt lat="47.195062" lon="11.423979"><ele>1046</ele></trkpt>
      <trkpt lat="47.195160" lon="11.423868"><ele>1046</ele></trkpt>
      <trkpt lat="47.195372" lon="11.423664"><ele>1047</ele></trkpt>
      <trkpt lat="47.195432" lon="11.423619"><ele>1047</ele></trkpt>
      <trkpt lat="47.195811" lon="11.423384"><ele>1052</ele></trkpt>
      <trkpt lat="47.195891" lon="11.423359"><ele>1052</ele></trkpt>
      <trkpt lat="47.195971" lon="11.423356"><ele>1052</ele></trkpt>
      <trkpt lat="47.196249" lon="11.423420"><ele>1052</ele></trkpt>
      <trkpt lat="47.196420" lon="11.423485"><ele>1052</ele></trkpt>
      <trkpt lat="47.196515" lon="11.423564"><ele>1053</ele></trkpt>
      <trkpt lat="47.196745" lon="11.423796"><ele>1055</ele></trkpt>
      <trkpt lat="47.196788" lon="11.423879"><ele>1056</ele></trkpt>
      <trkpt lat="47.196827" lon="11.423991"><ele>1056</ele></trkpt>
      <trkpt lat="47.196926" lon="11.424433"><ele>1058</ele></trkpt>
      <trkpt lat="47.196987" lon="11.424655"><ele>1059</ele></trkpt>
      <trkpt lat="47.197061" lon="11.424828"><ele>1061</ele></trkpt>
      <trkpt lat="47.197097" lon="11.424896"><ele>1062</ele></trkpt>
      <trkpt lat="47.197184" lon="11.425004"><ele>1060</ele></trkpt>
      <trkpt lat="47.197252" lon="11.425065"><ele>1059</ele></trkpt>
      <trkpt lat="47.197323" lon="11.425108"><ele>1059</ele></trkpt>
      <trkpt lat="47.197499" lon="11.425168"><ele>1058</ele></trkpt>
      <trkpt lat="47.197790" lon="11.425212"><ele>1059</ele></trkpt>
      <trkpt lat="47.197981" lon="11.425253"><ele>1060</ele></trkpt>
      <trkpt lat="47.198061" lon="11.425283"><ele>1061</ele></trkpt>
      <trkpt lat="47.198213" lon="11.425374"><ele>1066</ele></trkpt>
      <trkpt lat="47.198276" lon="11.425402"><ele>1066</ele></trkpt>
      <trkpt lat="47.198309" lon="11.425409"><ele>1066</ele></trkpt>
      <trkpt lat="47.198338" lon="11.425402"><ele>1066</ele></trkpt>
      <trkpt lat="47.198374" lon="11.425375"><ele>1066</ele></trkpt>
      <trkpt lat="47.198390" lon="11.425350"><ele>1066</ele></trkpt>
      <trkpt lat="47.198402" lon="11.425303"><ele>1066</ele></trkpt>
      <trkpt lat="47.198404" lon="11.425267"><ele>1066</ele></trkpt>
      <trkpt lat="47.198390" lon="11.425182"><ele>1068</ele></trkpt>
      <trkpt lat="47.198297" lon="11.424974"><ele>1066</ele></trkpt>
      <trkpt lat="47.198264" lon="11.424874"><ele>1066</ele></trkpt>
      <trkpt lat="47.198242" lon="11.424789"><ele>1067</ele></trkpt>
      <trkpt lat="47.198227" lon="11.424683"><ele>1068</ele></trkpt>
      <trkpt lat="47.198226" lon="11.424567"><ele>1067</ele></trkpt>
      <trkpt lat="47.198234" lon="11.424485"><ele>1066</ele></trkpt>
      <trkpt lat="47.198259" lon="11.424374"><ele>1065</ele></trkpt>
      <trkpt lat="47.198305" lon="11.424233"><ele>1064</ele></trkpt>
      <trkpt lat="47.198369" lon="11.424056"><ele>1066</ele></trkpt>
      <trkpt lat="47.198518" lon="11.423476"><ele>1062</ele></trkpt>
      <trkpt lat="47.198771" lon="11.422447"><ele>1058</ele></trkpt>
      <trkpt lat="47.198798" lon="11.422274"><ele>1058</ele></trkpt>
      <trkpt lat="47.198817" lon="11.422031"><ele>1056</ele></trkpt>
      <trkpt lat="47.198841" lon="11.421845"><ele>1056</ele></trkpt>
      <trkpt lat="47.198885" lon="11.421684"><ele>1056</ele></trkpt>
      <trkpt lat="47.198894" lon="11.421657"><ele>1056</ele></trkpt>
      <trkpt lat="47.198967" lon="11.421486"><ele>1058</ele></trkpt>
      <trkpt lat="47.199120" lon="11.421231"><ele>1056</ele></trkpt>
      <trkpt lat="47.199267" lon="11.421003"><ele>1054</ele></trkpt>
      <trkpt lat="47.199561" lon="11.420583"><ele>1051</ele></trkpt>
      <trkpt lat="47.199632" lon="11.420498"><ele>1050</ele></trkpt>
      <trkpt lat="47.200018" lon="11.420096"><ele>1045</ele></trkpt>
      <trkpt lat="47.200721" lon="11.419369"><ele>1037</ele></trkpt>
      <trkpt lat="47.201104" lon="11.419012"><ele>1033</ele></trkpt>
      <trkpt lat="47.201265" lon="11.418887"><ele>1031</ele></trkpt>
      <trkpt lat="47.201427" lon="11.418762"><ele>1030</ele></trkpt>
      <trkpt lat="47.201718" lon="11.418545"><ele>1028</ele></trkpt>
      <trkpt lat="47.202028" lon="11.418353"><ele>1026</ele></trkpt>
      <trkpt lat="47.202469" lon="11.418086"><ele>1024</ele></trkpt>
      <trkpt lat="47.202678" lon="11.417973"><ele>1023</ele></trkpt>
      <trkpt lat="47.203112" lon="11.417737"><ele>1021</ele></trkpt>
      <trkpt lat="47.203859" lon="11.417359"><ele>1019</ele></trkpt>
      <trkpt lat="47.204010" lon="11.417280"><ele>1019</ele></trkpt>
      <trkpt lat="47.204191" lon="11.417150"><ele>1018</ele></trkpt>
      <trkpt lat="47.204204" lon="11.417141"><ele>1018</ele></trkpt>
      <trkpt lat="47.204237" lon="11.417115"><ele>1018</ele></trkpt>
      <trkpt lat="47.204423" lon="11.416896"><ele>1018</ele></trkpt>
      <trkpt lat="47.204624" lon="11.416648"><ele>1017</ele></trkpt>
      <trkpt lat="47.204942" lon="11.416368"><ele>1017</ele></trkpt>
      <trkpt lat="47.205253" lon="11.416081"><ele>1014</ele></trkpt>
      <trkpt lat="47.205502" lon="11.415895"><ele>1014</ele></trkpt>
      <trkpt lat="47.205867" lon="11.415719"><ele>1013</ele></trkpt>
      <trkpt lat="47.205855" lon="11.415684"><ele>1013</ele></trkpt>
      <trkpt lat="47.205847" lon="11.415671"><ele>1012</ele></trkpt>
      <trkpt lat="47.205825" lon="11.415659"><ele>1012</ele></trkpt>
      <trkpt lat="47.205691" lon="11.415638"><ele>1011</ele></trkpt>
      <trkpt lat="47.205620" lon="11.415587"><ele>1010</ele></trkpt>
      <trkpt lat="47.205577" lon="11.415551"><ele>1009</ele></trkpt>
      <trkpt lat="47.205470" lon="11.415420"><ele>1008</ele></trkpt>
      <trkpt lat="47.205439" lon="11.415383"><ele>1007</ele></trkpt>
      <trkpt lat="47.205409" lon="11.415360"><ele>1007</ele></trkpt>
      <trkpt lat="47.205432" lon="11.415007"><ele>1004</ele></trkpt>
      <trkpt lat="47.205474" lon="11.414752"><ele>1000</ele></trkpt>
      <trkpt lat="47.205521" lon="11.414601"><ele>998</ele></trkpt>
      <trkpt lat="47.205589" lon="11.414439"><ele>997</ele></trkpt>
      <trkpt lat="47.205675" lon="11.414138"><ele>993</ele></trkpt>
      <trkpt lat="47.205692" lon="11.414059"><ele>993</ele></trkpt>
      <trkpt lat="47.205701" lon="11.414010"><ele>992</ele></trkpt>
      <trkpt lat="47.205703" lon="11.413957"><ele>992</ele></trkpt>
      <trkpt lat="47.205700" lon="11.413887"><ele>992</ele></trkpt>
      <trkpt lat="47.205685" lon="11.413788"><ele>991</ele></trkpt>
      <trkpt lat="47.205586" lon="11.413460"><ele>988</ele></trkpt>
      <trkpt lat="47.205569" lon="11.413312"><ele>986</ele></trkpt>
      <trkpt lat="47.205809" lon="11.413257"><ele>986</ele></trkpt>
      <trkpt lat="47.206043" lon="11.413128"><ele>983</ele></trkpt>
      <trkpt lat="47.206548" lon="11.412825"><ele>980</ele></trkpt>
      <trkpt lat="47.206602" lon="11.412786"><ele>980</ele></trkpt>
      <trkpt lat="47.206851" lon="11.412566"><ele>978</ele></trkpt>
      <trkpt lat="47.207195" lon="11.412287"><ele>975</ele></trkpt>
      <trkpt lat="47.207365" lon="11.412162"><ele>974</ele></trkpt>
      <trkpt lat="47.207564" lon="11.412048"><ele>972</ele></trkpt>
      <trkpt lat="47.207981" lon="11.411855"><ele>972</ele></trkpt>
      <trkpt lat="47.208166" lon="11.411755"><ele>971</ele></trkpt>
      <trkpt lat="47.208280" lon="11.411680"><ele>970</ele></trkpt>
      <trkpt lat="47.208393" lon="11.411587"><ele>970</ele></trkpt>
      <trkpt lat="47.208924" lon="11.411058"><ele>968</ele></trkpt>
      <trkpt lat="47.209106" lon="11.410935"><ele>968</ele></trkpt>
      <trkpt lat="47.209149" lon="11.410879"><ele>968</ele></trkpt>
      <trkpt lat="47.209502" lon="11.410433"><ele>966</ele></trkpt>
      <trkpt lat="47.210105" lon="11.409779"><ele>961</ele></trkpt>
      <trkpt lat="47.210648" lon="11.409365"><ele>954</ele></trkpt>
      <trkpt lat="47.210852" lon="11.409171"><ele>951</ele></trkpt>
      <trkpt lat="47.211110" lon="11.408866"><ele>947</ele></trkpt>
      <trkpt lat="47.211311" lon="11.408608"><ele>944</ele></trkpt>
      <trkpt lat="47.211524" lon="11.408406"><ele>942</ele></trkpt>
      <trkpt lat="47.211652" lon="11.408323"><ele>940</ele></trkpt>
      <trkpt lat="47.211786" lon="11.408281"><ele>939</ele></trkpt>
      <trkpt lat="47.212018" lon="11.408242"><ele>938</ele></trkpt>
      <trkpt lat="47.212258" lon="11.408280"><ele>938</ele></trkpt>
      <trkpt lat="47.213167" lon="11.408392"><ele>937</ele></trkpt>
      <trkpt lat="47.213371" lon="11.408392"><ele>937</ele></trkpt>
      <trkpt lat="47.213574" lon="11.408369"><ele>936</ele></trkpt>
      <trkpt lat="47.214280" lon="11.408224"><ele>933</ele></trkpt>
      <trkpt lat="47.214542" lon="11.408209"><ele>933</ele></trkpt>
      <trkpt lat="47.215137" lon="11.408277"><ele>930</ele></trkpt>
      <trkpt lat="47.215649" lon="11.408318"><ele>928</ele></trkpt>
      <trkpt lat="47.215911" lon="11.408318"><ele>926</ele></trkpt>
      <trkpt lat="47.216430" lon="11.408292"><ele>925</ele></trkpt>
      <trkpt lat="47.217158" lon="11.408216"><ele>922</ele></trkpt>
      <trkpt lat="47.217713" lon="11.408175"><ele>921</ele></trkpt>
      <trkpt lat="47.217863" lon="11.408156"><ele>921</ele></trkpt>
      <trkpt lat="47.218113" lon="11.408068"><ele>920</ele></trkpt>
      <trkpt lat="47.218675" lon="11.407780"><ele>920</ele></trkpt>
      <trkpt lat="47.219097" lon="11.407572"><ele>920</ele></trkpt>
      <trkpt lat="47.219287" lon="11.407460"><ele>920</ele></trkpt>
      <trkpt lat="47.219447" lon="11.407340"><ele>919</ele></trkpt>
      <trkpt lat="47.219602" lon="11.407196"><ele>919</ele></trkpt>
      <trkpt lat="47.219859" lon="11.406982"><ele>918</ele></trkpt>
      <trkpt lat="47.219947" lon="11.406915"><ele>918</ele></trkpt>
      <trkpt lat="47.220039" lon="11.406864"><ele>918</ele></trkpt>
      <trkpt lat="47.220218" lon="11.406793"><ele>917</ele></trkpt>
      <trkpt lat="47.220309" lon="11.406770"><ele>917</ele></trkpt>
      <trkpt lat="47.220483" lon="11.406764"><ele>917</ele></trkpt>
      <trkpt lat="47.220896" lon="11.406798"><ele>915</ele></trkpt>
      <trkpt lat="47.220944" lon="11.406795"><ele>915</ele></trkpt>
      <trkpt lat="47.221052" lon="11.406769"><ele>914</ele></trkpt>
      <trkpt lat="47.221175" lon="11.406713"><ele>912</ele></trkpt>
      <trkpt lat="47.221417" lon="11.406571"><ele>906</ele></trkpt>
      <trkpt lat="47.221556" lon="11.406507"><ele>903</ele></trkpt>
      <trkpt lat="47.221933" lon="11.406279"><ele>898</ele></trkpt>
      <trkpt lat="47.222043" lon="11.406220"><ele>897</ele></trkpt>
      <trkpt lat="47.222222" lon="11.406146"><ele>896</ele></trkpt>
      <trkpt lat="47.222662" lon="11.405978"><ele>893</ele></trkpt>
      <trkpt lat="47.223002" lon="11.405858"><ele>891</ele></trkpt>
      <trkpt lat="47.223500" lon="11.405665"><ele>888</ele></trkpt>
      <trkpt lat="47.223574" lon="11.405631"><ele>888</ele></trkpt>
      <trkpt lat="47.223864" lon="11.405451"><ele>885</ele></trkpt>
      <trkpt lat="47.223995" lon="11.405410"><ele>884</ele></trkpt>
      <trkpt lat="47.224498" lon="11.405313"><ele>880</ele></trkpt>
      <trkpt lat="47.224692" lon="11.405278"><ele>879</ele></trkpt>
      <trkpt lat="47.224805" lon="11.405241"><ele>878</ele></trkpt>
      <trkpt lat="47.224894" lon="11.405202"><ele>878</ele></trkpt>
      <trkpt lat="47.225103" lon="11.405070"><ele>878</ele></trkpt>
      <trkpt lat="47.225237" lon="11.404961"><ele>878</ele></trkpt>
      <trkpt lat="47.225468" lon="11.404734"><ele>878</ele></trkpt>
      <trkpt lat="47.225736" lon="11.404363"><ele>878</ele></trkpt>
      <trkpt lat="47.225925" lon="11.404083"><ele>878</ele></trkpt>
      <trkpt lat="47.226077" lon="11.403897"><ele>877</ele></trkpt>
      <trkpt lat="47.226216" lon="11.403880"><ele>877</ele></trkpt>
      <trkpt lat="47.226500" lon="11.403898"><ele>876</ele></trkpt>
      <trkpt lat="47.226770" lon="11.403933"><ele>876</ele></trkpt>
      <trkpt lat="47.227234" lon="11.404012"><ele>875</ele></trkpt>
      <trkpt lat="47.227817" lon="11.404109"><ele>874</ele></trkpt>
      <trkpt lat="47.228180" lon="11.404205"><ele>873</ele></trkpt>
      <trkpt lat="47.228409" lon="11.404302"><ele>873</ele></trkpt>
      <trkpt lat="47.228528" lon="11.404353"><ele>873</ele></trkpt>
      <trkpt lat="47.228802" lon="11.404468"><ele>872</ele></trkpt>
      <trkpt lat="47.228894" lon="11.404515"><ele>872</ele></trkpt>
      <trkpt lat="47.228972" lon="11.404553"><ele>872</ele></trkpt>
      <trkpt lat="47.229228" lon="11.404680"><ele>870</ele></trkpt>
      <trkpt lat="47.229405" lon="11.404768"><ele>870</ele></trkpt>
      <trkpt lat="47.229666" lon="11.404897"><ele>870</ele></trkpt>
      <trkpt lat="47.229704" lon="11.404917"><ele>870</ele></trkpt>
      <trkpt lat="47.229934" lon="11.405035"><ele>869</ele></trkpt>
      <trkpt lat="47.230082" lon="11.405111"><ele>868</ele></trkpt>
      <trkpt lat="47.230192" lon="11.405179"><ele>868</ele></trkpt>
      <trkpt lat="47.230221" lon="11.405197"><ele>868</ele></trkpt>
      <trkpt lat="47.230274" lon="11.405236"><ele>868</ele></trkpt>
      <trkpt lat="47.230402" lon="11.405353"><ele>868</ele></trkpt>
      <trkpt lat="47.230555" lon="11.405521"><ele>868</ele></trkpt>
      <trkpt lat="47.230621" lon="11.405613"><ele>868</ele></trkpt>
      <trkpt lat="47.230663" lon="11.405682"><ele>868</ele></trkpt>
      <trkpt lat="47.230764" lon="11.405910"><ele>867</ele></trkpt>
      <trkpt lat="47.230823" lon="11.405525"><ele>867</ele></trkpt>
      <trkpt lat="47.230856" lon="11.405353"><ele>867</ele></trkpt>
      <trkpt lat="47.230914" lon="11.405107"><ele>866</ele></trkpt>
      <trkpt lat="47.230956" lon="11.404943"><ele>865</ele></trkpt>
      <trkpt lat="47.231022" lon="11.404680"><ele>864</ele></trkpt>
      <trkpt lat="47.231079" lon="11.404456"><ele>862</ele></trkpt>
      <trkpt lat="47.231145" lon="11.404245"><ele>862</ele></trkpt>
      <trkpt lat="47.231196" lon="11.404114"><ele>860</ele></trkpt>
      <trkpt lat="47.231341" lon="11.403872"><ele>858</ele></trkpt>
      <trkpt lat="47.231390" lon="11.403811"><ele>858</ele></trkpt>
      <trkpt lat="47.231525" lon="11.403678"><ele>856</ele></trkpt>
      <trkpt lat="47.231581" lon="11.403635"><ele>856</ele></trkpt>
      <trkpt lat="47.231726" lon="11.403554"><ele>854</ele></trkpt>
      <trkpt lat="47.231861" lon="11.403506"><ele>853</ele></trkpt>
      <trkpt lat="47.231953" lon="11.403494"><ele>853</ele></trkpt>
      <trkpt lat="47.232041" lon="11.403492"><ele>852</ele></trkpt>
      <trkpt lat="47.232430" lon="11.403519"><ele>850</ele></trkpt>
      <trkpt lat="47.232500" lon="11.403514"><ele>850</ele></trkpt>
      <trkpt lat="47.232682" lon="11.403478"><ele>848</ele></trkpt>
      <trkpt lat="47.232829" lon="11.403413"><ele>847</ele></trkpt>
      <trkpt lat="47.232903" lon="11.403364"><ele>846</ele></trkpt>
      <trkpt lat="47.233059" lon="11.403232"><ele>846</ele></trkpt>
      <trkpt lat="47.233531" lon="11.402724"><ele>838</ele></trkpt>
      <trkpt lat="47.233654" lon="11.402618"><ele>835</ele></trkpt>
      <trkpt lat="47.233729" lon="11.402564"><ele>834</ele></trkpt>
      <trkpt lat="47.233916" lon="11.402452"><ele>833</ele></trkpt>
      <trkpt lat="47.234009" lon="11.402412"><ele>832</ele></trkpt>
      <trkpt lat="47.234104" lon="11.402375"><ele>831</ele></trkpt>
      <trkpt lat="47.234190" lon="11.402348"><ele>830</ele></trkpt>
      <trkpt lat="47.234347" lon="11.402312"><ele>828</ele></trkpt>
      <trkpt lat="47.234476" lon="11.402299"><ele>826</ele></trkpt>
      <trkpt lat="47.234677" lon="11.402305"><ele>825</ele></trkpt>
      <trkpt lat="47.234893" lon="11.402359"><ele>822</ele></trkpt>
      <trkpt lat="47.235000" lon="11.402396"><ele>822</ele></trkpt>
      <trkpt lat="47.235103" lon="11.402433"><ele>821</ele></trkpt>
      <trkpt lat="47.235181" lon="11.402464"><ele>820</ele></trkpt>
      <trkpt lat="47.235917" lon="11.402744"><ele>816</ele></trkpt>
      <trkpt lat="47.236010" lon="11.402757"><ele>816</ele></trkpt>
      <trkpt lat="47.236052" lon="11.402752"><ele>816</ele></trkpt>
      <trkpt lat="47.236092" lon="11.402737"><ele>816</ele></trkpt>
      <trkpt lat="47.236169" lon="11.402683"><ele>816</ele></trkpt>
      <trkpt lat="47.236327" lon="11.402489"><ele>815</ele></trkpt>
      <trkpt lat="47.236350" lon="11.402459"><ele>815</ele></trkpt>
      <trkpt lat="47.236400" lon="11.402394"><ele>814</ele></trkpt>
      <trkpt lat="47.236562" lon="11.402179"><ele>814</ele></trkpt>
      <trkpt lat="47.236975" lon="11.401537"><ele>813</ele></trkpt>
      <trkpt lat="47.237192" lon="11.401231"><ele>812</ele></trkpt>
      <trkpt lat="47.237387" lon="11.400998"><ele>812</ele></trkpt>
      <trkpt lat="47.237818" lon="11.400485"><ele>808</ele></trkpt>
      <trkpt lat="47.237927" lon="11.400371"><ele>807</ele></trkpt>
      <trkpt lat="47.237941" lon="11.400357"><ele>807</ele></trkpt>
      <trkpt lat="47.238025" lon="11.400278"><ele>805</ele></trkpt>
      <trkpt lat="47.238146" lon="11.400167"><ele>804</ele></trkpt>
      <trkpt lat="47.238315" lon="11.400034"><ele>800</ele></trkpt>
      <trkpt lat="47.238528" lon="11.399892"><ele>798</ele></trkpt>
      <trkpt lat="47.238694" lon="11.399796"><ele>794</ele></trkpt>
      <trkpt lat="47.239021" lon="11.399645"><ele>790</ele></trkpt>
      <trkpt lat="47.239199" lon="11.399578"><ele>789</ele></trkpt>
      <trkpt lat="47.239317" lon="11.399583"><ele>787</ele></trkpt>
      <trkpt lat="47.239435" lon="11.399626"><ele>786</ele></trkpt>
      <trkpt lat="47.239688" lon="11.399832"><ele>782</ele></trkpt>
      <trkpt lat="47.239767" lon="11.399858"><ele>781</ele></trkpt>
      <trkpt lat="47.239849" lon="11.399873"><ele>781</ele></trkpt>
      <trkpt lat="47.240416" lon="11.399839"><ele>775</ele></trkpt>
      <trkpt lat="47.240539" lon="11.399855"><ele>774</ele></trkpt>
      <trkpt lat="47.240594" lon="11.399874"><ele>774</ele></trkpt>
      <trkpt lat="47.240652" lon="11.399909"><ele>774</ele></trkpt>
      <trkpt lat="47.240895" lon="11.400084"><ele>768</ele></trkpt>
      <trkpt lat="47.240999" lon="11.400136"><ele>766</ele></trkpt>
      <trkpt lat="47.241060" lon="11.400157"><ele>766</ele></trkpt>
      <trkpt lat="47.241147" lon="11.400170"><ele>764</ele></trkpt>
      <trkpt lat="47.241403" lon="11.400185"><ele>760</ele></trkpt>
      <trkpt lat="47.241545" lon="11.400207"><ele>759</ele></trkpt>
      <trkpt lat="47.241674" lon="11.400248"><ele>758</ele></trkpt>
      <trkpt lat="47.241830" lon="11.400321"><ele>756</ele></trkpt>
      <trkpt lat="47.241969" lon="11.400418"><ele>753</ele></trkpt>
      <trkpt lat="47.242090" lon="11.400519"><ele>751</ele></trkpt>
      <trkpt lat="47.242156" lon="11.400591"><ele>750</ele></trkpt>
      <trkpt lat="47.242224" lon="11.400680"><ele>750</ele></trkpt>
      <trkpt lat="47.242291" lon="11.400789"><ele>748</ele></trkpt>
      <trkpt lat="47.242390" lon="11.401012"><ele>746</ele></trkpt>
      <trkpt lat="47.242463" lon="11.401131"><ele>745</ele></trkpt>
      <trkpt lat="47.242550" lon="11.401209"><ele>742</ele></trkpt>
      <trkpt lat="47.242652" lon="11.401266"><ele>742</ele></trkpt>
      <trkpt lat="47.242771" lon="11.401292"><ele>740</ele></trkpt>
      <trkpt lat="47.243111" lon="11.401314"><ele>734</ele></trkpt>
      <trkpt lat="47.243214" lon="11.401337"><ele>733</ele></trkpt>
      <trkpt lat="47.243308" lon="11.401370"><ele>732</ele></trkpt>
      <trkpt lat="47.243391" lon="11.401429"><ele>732</ele></trkpt>
      <trkpt lat="47.243471" lon="11.401523"><ele>732</ele></trkpt>
      <trkpt lat="47.243519" lon="11.401619"><ele>732</ele></trkpt>
      <trkpt lat="47.243555" lon="11.401719"><ele>730</ele></trkpt>
      <trkpt lat="47.243568" lon="11.401844"><ele>729</ele></trkpt>
      <trkpt lat="47.243572" lon="11.401977"><ele>728</ele></trkpt>
      <trkpt lat="47.243537" lon="11.402462"><ele>724</ele></trkpt>
      <trkpt lat="47.243547" lon="11.402633"><ele>722</ele></trkpt>
      <trkpt lat="47.243566" lon="11.402751"><ele>720</ele></trkpt>
      <trkpt lat="47.243650" lon="11.402995"><ele>717</ele></trkpt>
      <trkpt lat="47.243793" lon="11.403237"><ele>715</ele></trkpt>
      <trkpt lat="47.243961" lon="11.403480"><ele>712</ele></trkpt>
      <trkpt lat="47.244151" lon="11.403701"><ele>711</ele></trkpt>
      <trkpt lat="47.244378" lon="11.403918"><ele>708</ele></trkpt>
      <trkpt lat="47.244630" lon="11.404106"><ele>704</ele></trkpt>
      <trkpt lat="47.245098" lon="11.404397"><ele>695</ele></trkpt>
      <trkpt lat="47.245267" lon="11.404512"><ele>695</ele></trkpt>
      <trkpt lat="47.245399" lon="11.404626"><ele>693</ele></trkpt>
      <trkpt lat="47.245638" lon="11.404865"><ele>692</ele></trkpt>
      <trkpt lat="47.245882" lon="11.405094"><ele>690</ele></trkpt>
      <trkpt lat="47.246040" lon="11.405205"><ele>689</ele></trkpt>
      <trkpt lat="47.246150" lon="11.405255"><ele>687</ele></trkpt>
      <trkpt lat="47.246454" lon="11.405363"><ele>684</ele></trkpt>
      <trkpt lat="47.246545" lon="11.405416"><ele>683</ele></trkpt>
      <trkpt lat="47.246633" lon="11.405482"><ele>682</ele></trkpt>
      <trkpt lat="47.246924" lon="11.405825"><ele>680</ele></trkpt>
      <trkpt lat="47.247057" lon="11.405963"><ele>678</ele></trkpt>
      <trkpt lat="47.247194" lon="11.406056"><ele>676</ele></trkpt>
      <trkpt lat="47.247316" lon="11.406106"><ele>675</ele></trkpt>
      <trkpt lat="47.247657" lon="11.406155"><ele>673</ele></trkpt>
      <trkpt lat="47.247768" lon="11.406190"><ele>674</ele></trkpt>
      <trkpt lat="47.247857" lon="11.406245"><ele>673</ele></trkpt>
      <trkpt lat="47.247952" lon="11.406320"><ele>673</ele></trkpt>
      <trkpt lat="47.248016" lon="11.406346"><ele>672</ele></trkpt>
      <trkpt lat="47.248085" lon="11.406362"><ele>670</ele></trkpt>
      <trkpt lat="47.248245" lon="11.406364"><ele>670</ele></trkpt>
      <trkpt lat="47.248479" lon="11.406345"><ele>670</ele></trkpt>
      <trkpt lat="47.248606" lon="11.406302"><ele>670</ele></trkpt>
      <trkpt lat="47.248736" lon="11.406234"><ele>670</ele></trkpt>
      <trkpt lat="47.248940" lon="11.406112"><ele>670</ele></trkpt>
      <trkpt lat="47.249161" lon="11.405955"><ele>669</ele></trkpt>
      <trkpt lat="47.249245" lon="11.405858"><ele>669</ele></trkpt>
      <trkpt lat="47.249298" lon="11.405764"><ele>668</ele></trkpt>
      <trkpt lat="47.249436" lon="11.405437"><ele>667</ele></trkpt>
      <trkpt lat="47.249488" lon="11.405332"><ele>666</ele></trkpt>
      <trkpt lat="47.249592" lon="11.405210"><ele>665</ele></trkpt>
      <trkpt lat="47.249806" lon="11.405047"><ele>664</ele></trkpt>
      <trkpt lat="47.249965" lon="11.404879"><ele>662</ele></trkpt>
      <trkpt lat="47.250110" lon="11.404744"><ele>660</ele></trkpt>
      <trkpt lat="47.250208" lon="11.404675"><ele>658</ele></trkpt>
      <trkpt lat="47.250335" lon="11.404618"><ele>656</ele></trkpt>
      <trkpt lat="47.250447" lon="11.404606"><ele>655</ele></trkpt>
      <trkpt lat="47.250593" lon="11.404618"><ele>654</ele></trkpt>
      <trkpt lat="47.250856" lon="11.404710"><ele>651</ele></trkpt>
      <trkpt lat="47.250937" lon="11.404752"><ele>651</ele></trkpt>
      <trkpt lat="47.251103" lon="11.404867"><ele>650</ele></trkpt>
      <trkpt lat="47.251190" lon="11.404943"><ele>649</ele></trkpt>
      <trkpt lat="47.251343" lon="11.405096"><ele>648</ele></trkpt>
      <trkpt lat="47.251445" lon="11.405225"><ele>647</ele></trkpt>
      <trkpt lat="47.251581" lon="11.405426"><ele>645</ele></trkpt>
      <trkpt lat="47.251646" lon="11.405538"><ele>643</ele></trkpt>
      <trkpt lat="47.251740" lon="11.405730"><ele>640</ele></trkpt>
      <trkpt lat="47.251834" lon="11.405964"><ele>639</ele></trkpt>
      <trkpt lat="47.251898" lon="11.406172"><ele>638</ele></trkpt>
      <trkpt lat="47.251953" lon="11.406382"><ele>636</ele></trkpt>
      <trkpt lat="47.251998" lon="11.406608"><ele>632</ele></trkpt>
      <trkpt lat="47.252100" lon="11.407244"><ele>628</ele></trkpt>
      <trkpt lat="47.252156" lon="11.407544"><ele>627</ele></trkpt>
      <trkpt lat="47.252230" lon="11.407841"><ele>625</ele></trkpt>
      <trkpt lat="47.252268" lon="11.407818"><ele>624</ele></trkpt>
      <trkpt lat="47.252283" lon="11.407805"><ele>623</ele></trkpt>
      <trkpt lat="47.252370" lon="11.407731"><ele>621</ele></trkpt>
      <trkpt lat="47.252427" lon="11.407579"><ele>620</ele></trkpt>
      <trkpt lat="47.252438" lon="11.407356"><ele>618</ele></trkpt>
      <trkpt lat="47.252411" lon="11.407010"><ele>617</ele></trkpt>
      <trkpt lat="47.252462" lon="11.405337"><ele>606</ele></trkpt>
      <trkpt lat="47.252444" lon="11.405184"><ele>607</ele></trkpt>
      <trkpt lat="47.252443" lon="11.405055"><ele>606</ele></trkpt>
      <trkpt lat="47.252452" lon="11.404942"><ele>603</ele></trkpt>
      <trkpt lat="47.252492" lon="11.404917"><ele>602</ele></trkpt>
      <trkpt lat="47.253004" lon="11.404622"><ele>596</ele></trkpt>
      <trkpt lat="47.253092" lon="11.404568"><ele>595</ele></trkpt>
      <trkpt lat="47.253077" lon="11.404511"><ele>594</ele></trkpt>
      <trkpt lat="47.252989" lon="11.404562"><ele>593</ele></trkpt>
      <trkpt lat="47.252958" lon="11.404452"><ele>593</ele></trkpt>
      <trkpt lat="47.252935" lon="11.404331"><ele>591</ele></trkpt>
      <trkpt lat="47.252856" lon="11.404286"><ele>592</ele></trkpt>
      <trkpt lat="47.252829" lon="11.404261"><ele>592</ele></trkpt>
      <trkpt lat="47.252790" lon="11.404192"><ele>592</ele></trkpt>
      <trkpt lat="47.252753" lon="11.404090"><ele>592</ele></trkpt>
      <trkpt lat="47.252625" lon="11.403708"><ele>591</ele></trkpt>
      <trkpt lat="47.252405" lon="11.403132"><ele>590</ele></trkpt>
      <trkpt lat="47.252323" lon="11.402928"><ele>590</ele></trkpt>
      <trkpt lat="47.252216" lon="11.402661"><ele>592</ele></trkpt>
      <trkpt lat="47.252145" lon="11.402456"><ele>592</ele></trkpt>
      <trkpt lat="47.252141" lon="11.402441"><ele>592</ele></trkpt>
      <trkpt lat="47.252119" lon="11.402362"><ele>592</ele></trkpt>
      <trkpt lat="47.252096" lon="11.402261"><ele>592</ele></trkpt>
      <trkpt lat="47.252058" lon="11.402072"><ele>592</ele></trkpt>
      <trkpt lat="47.252033" lon="11.401884"><ele>591</ele></trkpt>
      <trkpt lat="47.252021" lon="11.401672"><ele>591</ele></trkpt>
      <trkpt lat="47.252022" lon="11.401556"><ele>591</ele></trkpt>
      <trkpt lat="47.252036" lon="11.401367"><ele>592</ele></trkpt>
      <trkpt lat="47.252070" lon="11.401185"><ele>592</ele></trkpt>
      <trkpt lat="47.252174" lon="11.400880"><ele>592</ele></trkpt>
      <trkpt lat="47.252221" lon="11.400774"><ele>592</ele></trkpt>
      <trkpt lat="47.252252" lon="11.400723"><ele>592</ele></trkpt>
      <trkpt lat="47.252304" lon="11.400649"><ele>591</ele></trkpt>
      <trkpt lat="47.252439" lon="11.400526"><ele>591</ele></trkpt>
      <trkpt lat="47.252612" lon="11.400381"><ele>591</ele></trkpt>
      <trkpt lat="47.252735" lon="11.400274"><ele>591</ele></trkpt>
      <trkpt lat="47.252867" lon="11.400162"><ele>591</ele></trkpt>
      <trkpt lat="47.252882" lon="11.400151"><ele>591</ele></trkpt>
      <trkpt lat="47.252985" lon="11.400065"><ele>591</ele></trkpt>
      <trkpt lat="47.253551" lon="11.399595"><ele>590</ele></trkpt>
      <trkpt lat="47.253625" lon="11.399510"><ele>590</ele></trkpt>
      <trkpt lat="47.253652" lon="11.399465"><ele>590</ele></trkpt>
      <trkpt lat="47.253687" lon="11.399381"><ele>590</ele></trkpt>
      <trkpt lat="47.253712" lon="11.399288"><ele>590</ele></trkpt>
      <trkpt lat="47.253719" lon="11.399247"><ele>590</ele></trkpt>
      <trkpt lat="47.253732" lon="11.399041"><ele>590</ele></trkpt>
      <trkpt lat="47.253740" lon="11.398768"><ele>590</ele></trkpt>
      <trkpt lat="47.253793" lon="11.398298"><ele>589</ele></trkpt>
      <trkpt lat="47.253804" lon="11.397988"><ele>588</ele></trkpt>
      <trkpt lat="47.253803" lon="11.397888"><ele>588</ele></trkpt>
      <trkpt lat="47.253801" lon="11.397708"><ele>588</ele></trkpt>
      <trkpt lat="47.253800" lon="11.397604"><ele>588</ele></trkpt>
      <trkpt lat="47.253800" lon="11.397556"><ele>588</ele></trkpt>
      <trkpt lat="47.253799" lon="11.397480"><ele>588</ele></trkpt>
      <trkpt lat="47.253798" lon="11.397462"><ele>588</ele></trkpt>
      <trkpt lat="47.253794" lon="11.397032"><ele>587</ele></trkpt>
      <trkpt lat="47.253793" lon="11.396965"><ele>587</ele></trkpt>
      <trkpt lat="47.253761" lon="11.396820"><ele>588</ele></trkpt>
      <trkpt lat="47.253812" lon="11.396700"><ele>588</ele></trkpt>
      <trkpt lat="47.253854" lon="11.396632"><ele>588</ele></trkpt>
      <trkpt lat="47.253891" lon="11.396589"><ele>588</ele></trkpt>
      <trkpt lat="47.253938" lon="11.396549"><ele>588</ele></trkpt>
      <trkpt lat="47.254016" lon="11.396513"><ele>588</ele></trkpt>
      <trkpt lat="47.254455" lon="11.396504"><ele>587</ele></trkpt>
      <trkpt lat="47.254802" lon="11.396501"><ele>586</ele></trkpt>
      <trkpt lat="47.255022" lon="11.396487"><ele>589</ele></trkpt>
      <trkpt lat="47.255189" lon="11.396473"><ele>588</ele></trkpt>
      <trkpt lat="47.255322" lon="11.396455"><ele>588</ele></trkpt>
      <trkpt lat="47.255545" lon="11.396419"><ele>587</ele></trkpt>
      <trkpt lat="47.255856" lon="11.396345"><ele>586</ele></trkpt>
      <trkpt lat="47.255938" lon="11.396324"><ele>585</ele></trkpt>
      <trkpt lat="47.256038" lon="11.396302"><ele>585</ele></trkpt>
      <trkpt lat="47.256152" lon="11.396271"><ele>585</ele></trkpt>
      <trkpt lat="47.256241" lon="11.396253"><ele>585</ele></trkpt>
      <trkpt lat="47.256372" lon="11.396230"><ele>585</ele></trkpt>
      <trkpt lat="47.256433" lon="11.396215"><ele>585</ele></trkpt>
      <trkpt lat="47.256475" lon="11.396205"><ele>584</ele></trkpt>
      <trkpt lat="47.256916" lon="11.396096"><ele>584</ele></trkpt>
      <trkpt lat="47.257037" lon="11.396066"><ele>584</ele></trkpt>
      <trkpt lat="47.257269" lon="11.395998"><ele>583</ele></trkpt>
      <trkpt lat="47.257299" lon="11.395990"><ele>583</ele></trkpt>
      <trkpt lat="47.257728" lon="11.395890"><ele>582</ele></trkpt>
      <trkpt lat="47.257891" lon="11.395861"><ele>582</ele></trkpt>
      <trkpt lat="47.258304" lon="11.395835"><ele>581</ele></trkpt>
      <trkpt lat="47.258300" lon="11.395730"><ele>581</ele></trkpt>
      <trkpt lat="47.258287" lon="11.395424"><ele>582</ele></trkpt>
      <trkpt lat="47.258288" lon="11.395020"><ele>582</ele></trkpt>
      <trkpt lat="47.258292" lon="11.394873"><ele>582</ele></trkpt>
      <trkpt lat="47.258298" lon="11.394642"><ele>582</ele></trkpt>
      <trkpt lat="47.258335" lon="11.394379"><ele>582</ele></trkpt>
      <trkpt lat="47.258411" lon="11.394317"><ele>582</ele></trkpt>
      <trkpt lat="47.258510" lon="11.394247"><ele>582</ele></trkpt>
      <trkpt lat="47.258538" lon="11.394229"><ele>582</ele></trkpt>
      <trkpt lat="47.258622" lon="11.394170"><ele>582</ele></trkpt>
      <trkpt lat="47.258744" lon="11.394074"><ele>582</ele></trkpt>
      <trkpt lat="47.258753" lon="11.394066"><ele>582</ele></trkpt>
      <trkpt lat="47.258826" lon="11.394008"><ele>582</ele></trkpt>
      <trkpt lat="47.259053" lon="11.393801"><ele>581</ele></trkpt>
      <trkpt lat="47.259060" lon="11.393795"><ele>581</ele></trkpt>
      <trkpt lat="47.259076" lon="11.393780"><ele>581</ele></trkpt>
      <trkpt lat="47.259118" lon="11.393774"><ele>581</ele></trkpt>
      <trkpt lat="47.259147" lon="11.393770"><ele>581</ele></trkpt>
      <trkpt lat="47.259180" lon="11.393765"><ele>581</ele></trkpt>
      <trkpt lat="47.259351" lon="11.393750"><ele>581</ele></trkpt>
      <trkpt lat="47.259394" lon="11.393749"><ele>581</ele></trkpt>
      <trkpt lat="47.259662" lon="11.393743"><ele>581</ele></trkpt>
      <trkpt lat="47.259751" lon="11.393741"><ele>581</ele></trkpt>
      <trkpt lat="47.259778" lon="11.393740"><ele>581</ele></trkpt>
      <trkpt lat="47.259885" lon="11.393737"><ele>581</ele></trkpt>
      <trkpt lat="47.259928" lon="11.393739"><ele>581</ele></trkpt>
      <trkpt lat="47.259993" lon="11.393741"><ele>581</ele></trkpt>
      <trkpt lat="47.260195" lon="11.393748"><ele>580</ele></trkpt>
      <trkpt lat="47.260265" lon="11.393749"><ele>580</ele></trkpt>
      <trkpt lat="47.260299" lon="11.393751"><ele>580</ele></trkpt>
      <trkpt lat="47.260484" lon="11.393737"><ele>580</ele></trkpt>
      <trkpt lat="47.260601" lon="11.393715"><ele>580</ele></trkpt>
      <trkpt lat="47.260780" lon="11.393681"><ele>580</ele></trkpt>
      <trkpt lat="47.260978" lon="11.393639"><ele>580</ele></trkpt>
      <trkpt lat="47.261260" lon="11.393566"><ele>579</ele></trkpt>
      <trkpt lat="47.261305" lon="11.393555"><ele>579</ele></trkpt>
      <trkpt lat="47.261521" lon="11.393498"><ele>579</ele></trkpt>
      <trkpt lat="47.261562" lon="11.393488"><ele>579</ele></trkpt>
      <trkpt lat="47.261617" lon="11.393478"><ele>579</ele></trkpt>
      <trkpt lat="47.261883" lon="11.393414"><ele>579</ele></trkpt>
      <trkpt lat="47.262469" lon="11.393281"><ele>578</ele></trkpt>
      <trkpt lat="47.262541" lon="11.393265"><ele>578</ele></trkpt>
      <trkpt lat="47.262558" lon="11.393443"><ele>578</ele></trkpt>
      <trkpt lat="47.262628" lon="11.394197"><ele>578</ele></trkpt>
      <trkpt lat="47.262636" lon="11.394287"><ele>578</ele></trkpt>
      <trkpt lat="47.262660" lon="11.394589"><ele>578</ele></trkpt>
      <trkpt lat="47.262666" lon="11.394662"><ele>578</ele></trkpt>
      <trkpt lat="47.262669" lon="11.394699"><ele>578</ele></trkpt>
      <trkpt lat="47.262676" lon="11.394790"><ele>578</ele></trkpt>
      <trkpt lat="47.262755" lon="11.394787"><ele>578</ele></trkpt>
      <trkpt lat="47.262798" lon="11.394785"><ele>578</ele></trkpt>
      <trkpt lat="47.262901" lon="11.394781"><ele>578</ele></trkpt>
      <trkpt lat="47.262957" lon="11.394783"><ele>578</ele></trkpt>
      <trkpt lat="47.263789" lon="11.394808"><ele>578</ele></trkpt>
      <trkpt lat="47.263979" lon="11.394819"><ele>577</ele></trkpt>
      <trkpt lat="47.263975" lon="11.394838"><ele>577</ele></trkpt>
      <trkpt lat="47.263958" lon="11.394959"><ele>578</ele></trkpt>
      <trkpt lat="47.263959" lon="11.395002"><ele>578</ele></trkpt>
    </trkseg></trk>
</gpx>
