<?xml version="1.0" encoding="UTF-8"?>
<gpx version="1.1" creator="radtour" xmlns="http://www.topografix.com/GPX/1/1">
  <metadata><name>Rueckweg T2 Sölden - Imst</name></metadata>
  <trk><name>Rueckweg T2 Sölden - Imst</name><trkseg>
      <trkpt lat="46.967001" lon="11.006742"><ele>1363</ele></trkpt>
      <trkpt lat="46.967030" lon="11.006743"><ele>1364</ele></trkpt>
      <trkpt lat="46.967111" lon="11.006763"><ele>1365</ele></trkpt>
      <trkpt lat="46.967283" lon="11.006879"><ele>1365</ele></trkpt>
      <trkpt lat="46.967318" lon="11.006872"><ele>1366</ele></trkpt>
      <trkpt lat="46.967352" lon="11.006894"><ele>1366</ele></trkpt>
      <trkpt lat="46.967408" lon="11.006938"><ele>1366</ele></trkpt>
      <trkpt lat="46.967462" lon="11.006965"><ele>1367</ele></trkpt>
      <trkpt lat="46.967492" lon="11.006939"><ele>1369</ele></trkpt>
      <trkpt lat="46.967547" lon="11.006861"><ele>1371</ele></trkpt>
      <trkpt lat="46.967563" lon="11.006855"><ele>1372</ele></trkpt>
      <trkpt lat="46.967623" lon="11.006893"><ele>1371</ele></trkpt>
      <trkpt lat="46.967725" lon="11.006928"><ele>1371</ele></trkpt>
      <trkpt lat="46.967776" lon="11.006962"><ele>1371</ele></trkpt>
      <trkpt lat="46.967955" lon="11.007128"><ele>1369</ele></trkpt>
      <trkpt lat="46.967989" lon="11.007141"><ele>1369</ele></trkpt>
      <trkpt lat="46.968086" lon="11.007167"><ele>1368</ele></trkpt>
      <trkpt lat="46.968168" lon="11.007153"><ele>1368</ele></trkpt>
      <trkpt lat="46.968257" lon="11.007102"><ele>1368</ele></trkpt>
      <trkpt lat="46.968368" lon="11.007084"><ele>1367</ele></trkpt>
      <trkpt lat="46.968451" lon="11.007099"><ele>1366</ele></trkpt>
      <trkpt lat="46.968537" lon="11.007188"><ele>1364</ele></trkpt>
      <trkpt lat="46.968561" lon="11.007224"><ele>1362</ele></trkpt>
      <trkpt lat="46.968586" lon="11.007296"><ele>1361</ele></trkpt>
      <trkpt lat="46.968601" lon="11.007393"><ele>1360</ele></trkpt>
      <trkpt lat="46.968612" lon="11.007590"><ele>1357</ele></trkpt>
      <trkpt lat="46.968622" lon="11.007651"><ele>1356</ele></trkpt>
      <trkpt lat="46.968699" lon="11.007872"><ele>1354</ele></trkpt>
      <trkpt lat="46.968717" lon="11.007944"><ele>1353</ele></trkpt>
      <trkpt lat="46.968723" lon="11.008013"><ele>1353</ele></trkpt>
      <trkpt lat="46.968713" lon="11.008165"><ele>1350</ele></trkpt>
      <trkpt lat="46.968829" lon="11.008216"><ele>1349</ele></trkpt>
      <trkpt lat="46.969115" lon="11.008405"><ele>1348</ele></trkpt>
      <trkpt lat="46.969406" lon="11.008574"><ele>1348</ele></trkpt>
      <trkpt lat="46.969590" lon="11.008653"><ele>1348</ele></trkpt>
      <trkpt lat="46.969759" lon="11.008696"><ele>1347</ele></trkpt>
      <trkpt lat="46.969809" lon="11.008708"><ele>1348</ele></trkpt>
      <trkpt lat="46.969790" lon="11.008836"><ele>1347</ele></trkpt>
      <trkpt lat="46.969707" lon="11.009191"><ele>1347</ele></trkpt>
      <trkpt lat="46.969680" lon="11.009291"><ele>1348</ele></trkpt>
      <trkpt lat="46.969618" lon="11.009397"><ele>1348</ele></trkpt>
      <trkpt lat="46.969591" lon="11.009480"><ele>1348</ele></trkpt>
      <trkpt lat="46.969507" lon="11.009855"><ele>1348</ele></trkpt>
      <trkpt lat="46.969480" lon="11.010104"><ele>1348</ele></trkpt>
      <trkpt lat="46.969818" lon="11.010013"><ele>1348</ele></trkpt>
      <trkpt lat="46.969852" lon="11.010012"><ele>1348</ele></trkpt>
      <trkpt lat="46.970045" lon="11.010006"><ele>1348</ele></trkpt>
      <trkpt lat="46.970294" lon="11.010055"><ele>1348</ele></trkpt>
      <trkpt lat="46.970513" lon="11.010112"><ele>1347</ele></trkpt>
      <trkpt lat="46.970599" lon="11.010151"><ele>1347</ele></trkpt>
      <trkpt lat="46.971052" lon="11.010339"><ele>1346</ele></trkpt>
      <trkpt lat="46.971196" lon="11.010337"><ele>1346</ele></trkpt>
      <trkpt lat="46.971667" lon="11.010400"><ele>1345</ele></trkpt>
      <trkpt lat="46.972154" lon="11.010454"><ele>1344</ele></trkpt>
      <trkpt lat="46.972225" lon="11.010469"><ele>1344</ele></trkpt>
      <trkpt lat="46.972665" lon="11.010625"><ele>1344</ele></trkpt>
      <trkpt lat="46.973143" lon="11.010821"><ele>1344</ele></trkpt>
      <trkpt lat="46.973353" lon="11.010926"><ele>1343</ele></trkpt>
      <trkpt lat="46.973471" lon="11.011002"><ele>1343</ele></trkpt>
      <trkpt lat="46.973647" lon="11.011222"><ele>1344</ele></trkpt>
      <trkpt lat="46.973747" lon="11.011431"><ele>1343</ele></trkpt>
      <trkpt lat="46.973853" lon="11.011693"><ele>1343</ele></trkpt>
      <trkpt lat="46.974003" lon="11.011847"><ele>1342</ele></trkpt>
      <trkpt lat="46.974237" lon="11.012118"><ele>1342</ele></trkpt>
      <trkpt lat="46.974412" lon="11.012303"><ele>1342</ele></trkpt>
      <trkpt lat="46.974500" lon="11.012370"><ele>1342</ele></trkpt>
      <trkpt lat="46.974617" lon="11.012443"><ele>1342</ele></trkpt>
      <trkpt lat="46.974748" lon="11.012497"><ele>1342</ele></trkpt>
      <trkpt lat="46.974891" lon="11.012551"><ele>1342</ele></trkpt>
      <trkpt lat="46.975348" lon="11.012587"><ele>1342</ele></trkpt>
      <trkpt lat="46.975610" lon="11.012561"><ele>1341</ele></trkpt>
      <trkpt lat="46.975854" lon="11.012521"><ele>1341</ele></trkpt>
      <trkpt lat="46.975890" lon="11.012515"><ele>1341</ele></trkpt>
      <trkpt lat="46.976044" lon="11.012459"><ele>1341</ele></trkpt>
      <trkpt lat="46.976305" lon="11.012293"><ele>1341</ele></trkpt>
      <trkpt lat="46.976462" lon="11.012223"><ele>1341</ele></trkpt>
      <trkpt lat="46.976913" lon="11.012189"><ele>1341</ele></trkpt>
      <trkpt lat="46.977204" lon="11.012182"><ele>1341</ele></trkpt>
      <trkpt lat="46.977352" lon="11.012166"><ele>1341</ele></trkpt>
      <trkpt lat="46.977414" lon="11.012003"><ele>1342</ele></trkpt>
      <trkpt lat="46.977637" lon="11.011949"><ele>1342</ele></trkpt>
      <trkpt lat="46.977714" lon="11.011895"><ele>1341</ele></trkpt>
      <trkpt lat="46.977890" lon="11.011737"><ele>1340</ele></trkpt>
      <trkpt lat="46.978190" lon="11.011553"><ele>1339</ele></trkpt>
      <trkpt lat="46.978817" lon="11.011097"><ele>1338</ele></trkpt>
      <trkpt lat="46.978983" lon="11.010966"><ele>1338</ele></trkpt>
      <trkpt lat="46.979189" lon="11.010799"><ele>1339</ele></trkpt>
      <trkpt lat="46.979772" lon="11.010371"><ele>1337</ele></trkpt>
      <trkpt lat="46.980123" lon="11.010261"><ele>1337</ele></trkpt>
      <trkpt lat="46.980285" lon="11.010254"><ele>1337</ele></trkpt>
      <trkpt lat="46.980401" lon="11.010309"><ele>1336</ele></trkpt>
      <trkpt lat="46.980521" lon="11.010381"><ele>1336</ele></trkpt>
      <trkpt lat="46.980645" lon="11.010504"><ele>1336</ele></trkpt>
      <trkpt lat="46.980817" lon="11.010794"><ele>1336</ele></trkpt>
      <trkpt lat="46.980921" lon="11.011050"><ele>1335</ele></trkpt>
      <trkpt lat="46.981064" lon="11.011402"><ele>1334</ele></trkpt>
      <trkpt lat="46.981214" lon="11.011796"><ele>1334</ele></trkpt>
      <trkpt lat="46.981365" lon="11.012136"><ele>1334</ele></trkpt>
      <trkpt lat="46.981546" lon="11.012547"><ele>1334</ele></trkpt>
      <trkpt lat="46.981565" lon="11.012577"><ele>1334</ele></trkpt>
      <trkpt lat="46.981852" lon="11.012993"><ele>1334</ele></trkpt>
      <trkpt lat="46.982179" lon="11.013371"><ele>1334</ele></trkpt>
      <trkpt lat="46.982262" lon="11.013419"><ele>1334</ele></trkpt>
      <trkpt lat="46.982625" lon="11.013671"><ele>1333</ele></trkpt>
      <trkpt lat="46.982980" lon="11.013871"><ele>1334</ele></trkpt>
      <trkpt lat="46.983340" lon="11.013993"><ele>1332</ele></trkpt>
      <trkpt lat="46.983595" lon="11.014063"><ele>1332</ele></trkpt>
      <trkpt lat="46.983916" lon="11.014138"><ele>1332</ele></trkpt>
      <trkpt lat="46.984052" lon="11.014130"><ele>1332</ele></trkpt>
      <trkpt lat="46.984205" lon="11.014091"><ele>1332</ele></trkpt>
      <trkpt lat="46.984305" lon="11.014056"><ele>1332</ele></trkpt>
      <trkpt lat="46.984433" lon="11.014009"><ele>1331</ele></trkpt>
      <trkpt lat="46.984934" lon="11.013707"><ele>1331</ele></trkpt>
      <trkpt lat="46.985214" lon="11.013516"><ele>1330</ele></trkpt>
      <trkpt lat="46.985303" lon="11.013426"><ele>1330</ele></trkpt>
      <trkpt lat="46.985522" lon="11.013249"><ele>1330</ele></trkpt>
      <trkpt lat="46.986077" lon="11.012711"><ele>1330</ele></trkpt>
      <trkpt lat="46.986342" lon="11.012439"><ele>1329</ele></trkpt>
      <trkpt lat="46.986526" lon="11.012292"><ele>1329</ele></trkpt>
      <trkpt lat="46.986685" lon="11.012209"><ele>1330</ele></trkpt>
      <trkpt lat="46.986907" lon="11.012113"><ele>1329</ele></trkpt>
      <trkpt lat="46.987104" lon="11.012088"><ele>1329</ele></trkpt>
      <trkpt lat="46.987296" lon="11.012100"><ele>1328</ele></trkpt>
      <trkpt lat="46.987472" lon="11.012128"><ele>1328</ele></trkpt>
      <trkpt lat="46.987757" lon="11.012245"><ele>1329</ele></trkpt>
      <trkpt lat="46.988003" lon="11.012357"><ele>1329</ele></trkpt>
      <trkpt lat="46.988192" lon="11.012416"><ele>1328</ele></trkpt>
      <trkpt lat="46.988409" lon="11.012442"><ele>1328</ele></trkpt>
      <trkpt lat="46.988669" lon="11.012420"><ele>1328</ele></trkpt>
      <trkpt lat="46.988869" lon="11.012422"><ele>1330</ele></trkpt>
      <trkpt lat="46.989122" lon="11.012457"><ele>1330</ele></trkpt>
      <trkpt lat="46.989618" lon="11.012576"><ele>1330</ele></trkpt>
      <trkpt lat="46.989801" lon="11.012583"><ele>1329</ele></trkpt>
      <trkpt lat="46.989999" lon="11.012567"><ele>1328</ele></trkpt>
      <trkpt lat="46.990359" lon="11.012382"><ele>1327</ele></trkpt>
      <trkpt lat="46.990431" lon="11.012351"><ele>1326</ele></trkpt>
      <trkpt lat="46.990531" lon="11.012363"><ele>1326</ele></trkpt>
      <trkpt lat="46.990620" lon="11.012399"><ele>1326</ele></trkpt>
      <trkpt lat="46.990683" lon="11.012415"><ele>1326</ele></trkpt>
      <trkpt lat="46.990781" lon="11.012410"><ele>1324</ele></trkpt>
      <trkpt lat="46.990898" lon="11.012367"><ele>1323</ele></trkpt>
      <trkpt lat="46.991116" lon="11.012204"><ele>1323</ele></trkpt>
      <trkpt lat="46.991335" lon="11.012010"><ele>1319</ele></trkpt>
      <trkpt lat="46.991521" lon="11.011904"><ele>1318</ele></trkpt>
      <trkpt lat="46.991670" lon="11.011886"><ele>1318</ele></trkpt>
      <trkpt lat="46.992079" lon="11.012004"><ele>1316</ele></trkpt>
      <trkpt lat="46.992439" lon="11.012284"><ele>1315</ele></trkpt>
      <trkpt lat="46.992643" lon="11.012526"><ele>1317</ele></trkpt>
      <trkpt lat="46.992863" lon="11.012564"><ele>1317</ele></trkpt>
      <trkpt lat="46.993110" lon="11.012586"><ele>1323</ele></trkpt>
      <trkpt lat="46.993317" lon="11.012561"><ele>1323</ele></trkpt>
      <trkpt lat="46.993443" lon="11.012531"><ele>1321</ele></trkpt>
      <trkpt lat="46.993773" lon="11.012358"><ele>1321</ele></trkpt>
      <trkpt lat="46.994077" lon="11.012086"><ele>1317</ele></trkpt>
      <trkpt lat="46.994335" lon="11.011887"><ele>1307</ele></trkpt>
      <trkpt lat="46.994531" lon="11.011845"><ele>1307</ele></trkpt>
      <trkpt lat="46.994704" lon="11.011830"><ele>1308</ele></trkpt>
      <trkpt lat="46.994874" lon="11.011780"><ele>1309</ele></trkpt>
      <trkpt lat="46.995230" lon="11.011751"><ele>1311</ele></trkpt>
      <trkpt lat="46.995512" lon="11.011679"><ele>1310</ele></trkpt>
      <trkpt lat="46.996174" lon="11.011664"><ele>1311</ele></trkpt>
      <trkpt lat="46.996665" lon="11.011674"><ele>1308</ele></trkpt>
      <trkpt lat="46.996843" lon="11.011634"><ele>1308</ele></trkpt>
      <trkpt lat="46.996999" lon="11.011584"><ele>1309</ele></trkpt>
      <trkpt lat="46.997110" lon="11.011526"><ele>1310</ele></trkpt>
      <trkpt lat="46.997198" lon="11.011497"><ele>1310</ele></trkpt>
      <trkpt lat="46.997384" lon="11.011473"><ele>1309</ele></trkpt>
      <trkpt lat="46.997521" lon="11.011396"><ele>1306</ele></trkpt>
      <trkpt lat="46.997942" lon="11.011295"><ele>1305</ele></trkpt>
      <trkpt lat="46.998160" lon="11.011196"><ele>1303</ele></trkpt>
      <trkpt lat="46.998339" lon="11.011135"><ele>1302</ele></trkpt>
      <trkpt lat="46.999185" lon="11.010927"><ele>1298</ele></trkpt>
      <trkpt lat="46.999245" lon="11.010907"><ele>1298</ele></trkpt>
      <trkpt lat="46.999294" lon="11.010867"><ele>1297</ele></trkpt>
      <trkpt lat="46.999323" lon="11.010829"><ele>1296</ele></trkpt>
      <trkpt lat="46.999528" lon="11.010283"><ele>1294</ele></trkpt>
      <trkpt lat="46.999559" lon="11.010226"><ele>1296</ele></trkpt>
      <trkpt lat="46.999596" lon="11.010191"><ele>1297</ele></trkpt>
      <trkpt lat="46.999680" lon="11.010139"><ele>1298</ele></trkpt>
      <trkpt lat="46.999842" lon="11.010068"><ele>1300</ele></trkpt>
      <trkpt lat="47.000105" lon="11.009970"><ele>1301</ele></trkpt>
      <trkpt lat="47.000199" lon="11.009902"><ele>1302</ele></trkpt>
      <trkpt lat="47.000853" lon="11.009743"><ele>1302</ele></trkpt>
      <trkpt lat="47.001263" lon="11.009654"><ele>1301</ele></trkpt>
      <trkpt lat="47.001499" lon="11.009611"><ele>1299</ele></trkpt>
      <trkpt lat="47.001862" lon="11.009562"><ele>1298</ele></trkpt>
      <trkpt lat="47.002117" lon="11.009557"><ele>1299</ele></trkpt>
      <trkpt lat="47.002527" lon="11.009606"><ele>1301</ele></trkpt>
      <trkpt lat="47.003088" lon="11.009694"><ele>1304</ele></trkpt>
      <trkpt lat="47.003482" lon="11.009719"><ele>1306</ele></trkpt>
      <trkpt lat="47.003669" lon="11.009688"><ele>1308</ele></trkpt>
      <trkpt lat="47.003866" lon="11.009601"><ele>1309</ele></trkpt>
      <trkpt lat="47.004344" lon="11.009287"><ele>1312</ele></trkpt>
      <trkpt lat="47.004458" lon="11.009241"><ele>1312</ele></trkpt>
      <trkpt lat="47.004617" lon="11.009194"><ele>1314</ele></trkpt>
      <trkpt lat="47.004704" lon="11.009127"><ele>1318</ele></trkpt>
      <trkpt lat="47.004757" lon="11.009057"><ele>1317</ele></trkpt>
      <trkpt lat="47.004846" lon="11.008914"><ele>1319</ele></trkpt>
      <trkpt lat="47.004906" lon="11.008849"><ele>1320</ele></trkpt>
      <trkpt lat="47.004981" lon="11.008794"><ele>1319</ele></trkpt>
      <trkpt lat="47.005150" lon="11.008724"><ele>1316</ele></trkpt>
      <trkpt lat="47.005186" lon="11.008694"><ele>1317</ele></trkpt>
      <trkpt lat="47.005226" lon="11.008681"><ele>1316</ele></trkpt>
      <trkpt lat="47.005247" lon="11.008649"><ele>1318</ele></trkpt>
      <trkpt lat="47.005276" lon="11.008519"><ele>1320</ele></trkpt>
      <trkpt lat="47.005336" lon="11.008398"><ele>1316</ele></trkpt>
      <trkpt lat="47.005350" lon="11.008355"><ele>1316</ele></trkpt>
      <trkpt lat="47.005357" lon="11.008295"><ele>1316</ele></trkpt>
      <trkpt lat="47.005353" lon="11.008212"><ele>1316</ele></trkpt>
      <trkpt lat="47.005207" lon="11.008094"><ele>1321</ele></trkpt>
      <trkpt lat="47.005128" lon="11.008014"><ele>1322</ele></trkpt>
      <trkpt lat="47.005093" lon="11.008003"><ele>1322</ele></trkpt>
      <trkpt lat="47.004931" lon="11.008004"><ele>1324</ele></trkpt>
      <trkpt lat="47.004902" lon="11.007996"><ele>1324</ele></trkpt>
      <trkpt lat="47.004852" lon="11.007916"><ele>1323</ele></trkpt>
      <trkpt lat="47.004909" lon="11.007644"><ele>1321</ele></trkpt>
      <trkpt lat="47.004960" lon="11.007473"><ele>1320</ele></trkpt>
      <trkpt lat="47.004998" lon="11.007381"><ele>1321</ele></trkpt>
      <trkpt lat="47.005075" lon="11.007264"><ele>1320</ele></trkpt>
      <trkpt lat="47.005122" lon="11.007239"><ele>1320</ele></trkpt>
      <trkpt lat="47.005397" lon="11.007021"><ele>1319</ele></trkpt>
      <trkpt lat="47.005633" lon="11.006751"><ele>1320</ele></trkpt>
      <trkpt lat="47.006016" lon="11.006419"><ele>1318</ele></trkpt>
      <trkpt lat="47.006281" lon="11.006198"><ele>1318</ele></trkpt>
      <trkpt lat="47.006396" lon="11.006111"><ele>1316</ele></trkpt>
      <trkpt lat="47.006449" lon="11.006037"><ele>1316</ele></trkpt>
      <trkpt lat="47.006537" lon="11.005889"><ele>1317</ele></trkpt>
      <trkpt lat="47.006676" lon="11.005762"><ele>1315</ele></trkpt>
      <trkpt lat="47.007016" lon="11.005477"><ele>1312</ele></trkpt>
      <trkpt lat="47.007147" lon="11.005443"><ele>1310</ele></trkpt>
      <trkpt lat="47.007515" lon="11.005327"><ele>1309</ele></trkpt>
      <trkpt lat="47.007581" lon="11.005322"><ele>1308</ele></trkpt>
      <trkpt lat="47.007660" lon="11.005297"><ele>1307</ele></trkpt>
      <trkpt lat="47.007774" lon="11.005204"><ele>1307</ele></trkpt>
      <trkpt lat="47.007876" lon="11.005150"><ele>1305</ele></trkpt>
      <trkpt lat="47.008122" lon="11.004860"><ele>1304</ele></trkpt>
      <trkpt lat="47.008329" lon="11.004595"><ele>1303</ele></trkpt>
      <trkpt lat="47.008392" lon="11.004549"><ele>1302</ele></trkpt>
      <trkpt lat="47.008545" lon="11.004360"><ele>1301</ele></trkpt>
      <trkpt lat="47.008911" lon="11.003741"><ele>1304</ele></trkpt>
      <trkpt lat="47.009066" lon="11.003054"><ele>1306</ele></trkpt>
      <trkpt lat="47.008939" lon="11.002611"><ele>1304</ele></trkpt>
      <trkpt lat="47.008935" lon="11.002498"><ele>1304</ele></trkpt>
      <trkpt lat="47.008967" lon="11.002374"><ele>1303</ele></trkpt>
      <trkpt lat="47.009046" lon="11.002298"><ele>1304</ele></trkpt>
      <trkpt lat="47.009111" lon="11.002257"><ele>1304</ele></trkpt>
      <trkpt lat="47.009256" lon="11.002198"><ele>1301</ele></trkpt>
      <trkpt lat="47.009286" lon="11.002165"><ele>1300</ele></trkpt>
      <trkpt lat="47.009311" lon="11.002099"><ele>1301</ele></trkpt>
      <trkpt lat="47.009359" lon="11.001819"><ele>1303</ele></trkpt>
      <trkpt lat="47.009372" lon="11.001574"><ele>1306</ele></trkpt>
      <trkpt lat="47.009397" lon="11.001522"><ele>1306</ele></trkpt>
      <trkpt lat="47.009522" lon="11.001440"><ele>1300</ele></trkpt>
      <trkpt lat="47.009551" lon="11.001395"><ele>1300</ele></trkpt>
      <trkpt lat="47.009571" lon="11.001322"><ele>1300</ele></trkpt>
      <trkpt lat="47.009608" lon="11.001115"><ele>1301</ele></trkpt>
      <trkpt lat="47.009685" lon="11.001020"><ele>1298</ele></trkpt>
      <trkpt lat="47.009749" lon="11.000877"><ele>1298</ele></trkpt>
      <trkpt lat="47.009862" lon="11.000505"><ele>1299</ele></trkpt>
      <trkpt lat="47.010124" lon="11.000409"><ele>1294</ele></trkpt>
      <trkpt lat="47.010230" lon="11.000384"><ele>1293</ele></trkpt>
      <trkpt lat="47.010276" lon="11.000389"><ele>1292</ele></trkpt>
      <trkpt lat="47.010375" lon="11.000485"><ele>1289</ele></trkpt>
      <trkpt lat="47.010522" lon="11.000492"><ele>1288</ele></trkpt>
      <trkpt lat="47.010594" lon="11.000509"><ele>1288</ele></trkpt>
      <trkpt lat="47.010638" lon="11.000527"><ele>1288</ele></trkpt>
      <trkpt lat="47.010659" lon="11.000560"><ele>1288</ele></trkpt>
      <trkpt lat="47.010659" lon="11.000609"><ele>1286</ele></trkpt>
      <trkpt lat="47.010639" lon="11.000635"><ele>1285</ele></trkpt>
      <trkpt lat="47.010520" lon="11.000686"><ele>1284</ele></trkpt>
      <trkpt lat="47.010449" lon="11.000732"><ele>1283</ele></trkpt>
      <trkpt lat="47.010010" lon="11.001168"><ele>1279</ele></trkpt>
      <trkpt lat="47.009951" lon="11.001241"><ele>1280</ele></trkpt>
      <trkpt lat="47.009919" lon="11.001305"><ele>1280</ele></trkpt>
      <trkpt lat="47.009924" lon="11.001351"><ele>1280</ele></trkpt>
      <trkpt lat="47.009942" lon="11.001369"><ele>1278</ele></trkpt>
      <trkpt lat="47.009982" lon="11.001355"><ele>1276</ele></trkpt>
      <trkpt lat="47.010156" lon="11.001248"><ele>1275</ele></trkpt>
      <trkpt lat="47.010396" lon="11.001124"><ele>1273</ele></trkpt>
      <trkpt lat="47.010721" lon="11.001021"><ele>1270</ele></trkpt>
      <trkpt lat="47.011144" lon="11.000814"><ele>1267</ele></trkpt>
      <trkpt lat="47.011297" lon="11.000775"><ele>1267</ele></trkpt>
      <trkpt lat="47.011348" lon="11.000773"><ele>1267</ele></trkpt>
      <trkpt lat="47.011406" lon="11.000833"><ele>1265</ele></trkpt>
      <trkpt lat="47.011459" lon="11.000953"><ele>1265</ele></trkpt>
      <trkpt lat="47.011553" lon="11.001102"><ele>1265</ele></trkpt>
      <trkpt lat="47.011624" lon="11.001173"><ele>1265</ele></trkpt>
      <trkpt lat="47.011752" lon="11.001220"><ele>1265</ele></trkpt>
      <trkpt lat="47.011886" lon="11.001233"><ele>1265</ele></trkpt>
      <trkpt lat="47.012017" lon="11.001210"><ele>1264</ele></trkpt>
      <trkpt lat="47.012191" lon="11.001165"><ele>1263</ele></trkpt>
      <trkpt lat="47.012324" lon="11.001146"><ele>1261</ele></trkpt>
      <trkpt lat="47.012374" lon="11.001151"><ele>1260</ele></trkpt>
      <trkpt lat="47.012402" lon="11.001171"><ele>1259</ele></trkpt>
      <trkpt lat="47.012419" lon="11.001206"><ele>1259</ele></trkpt>
      <trkpt lat="47.012568" lon="11.001679"><ele>1258</ele></trkpt>
      <trkpt lat="47.012592" lon="11.001684"><ele>1258</ele></trkpt>
      <trkpt lat="47.012663" lon="11.001642"><ele>1258</ele></trkpt>
      <trkpt lat="47.012720" lon="11.001630"><ele>1258</ele></trkpt>
      <trkpt lat="47.013049" lon="11.001636"><ele>1259</ele></trkpt>
      <trkpt lat="47.013166" lon="11.001614"><ele>1258</ele></trkpt>
      <trkpt lat="47.013309" lon="11.001548"><ele>1258</ele></trkpt>
      <trkpt lat="47.013350" lon="11.001529"><ele>1258</ele></trkpt>
      <trkpt lat="47.013490" lon="11.001401"><ele>1258</ele></trkpt>
      <trkpt lat="47.013594" lon="11.001280"><ele>1257</ele></trkpt>
      <trkpt lat="47.013803" lon="11.000998"><ele>1256</ele></trkpt>
      <trkpt lat="47.014079" lon="11.000653"><ele>1255</ele></trkpt>
      <trkpt lat="47.014308" lon="11.000439"><ele>1255</ele></trkpt>
      <trkpt lat="47.014635" lon="11.000095"><ele>1253</ele></trkpt>
      <trkpt lat="47.014713" lon="11.000034"><ele>1254</ele></trkpt>
      <trkpt lat="47.014760" lon="10.999988"><ele>1254</ele></trkpt>
      <trkpt lat="47.014833" lon="10.999934"><ele>1253</ele></trkpt>
      <trkpt lat="47.015103" lon="10.999775"><ele>1251</ele></trkpt>
      <trkpt lat="47.015191" lon="10.999731"><ele>1250</ele></trkpt>
      <trkpt lat="47.015363" lon="10.999708"><ele>1250</ele></trkpt>
      <trkpt lat="47.015838" lon="10.999681"><ele>1248</ele></trkpt>
      <trkpt lat="47.015896" lon="10.999663"><ele>1250</ele></trkpt>
      <trkpt lat="47.015970" lon="10.999614"><ele>1251</ele></trkpt>
      <trkpt lat="47.016168" lon="10.999386"><ele>1250</ele></trkpt>
      <trkpt lat="47.016326" lon="10.999277"><ele>1250</ele></trkpt>
      <trkpt lat="47.016689" lon="10.998912"><ele>1247</ele></trkpt>
      <trkpt lat="47.016772" lon="10.998783"><ele>1246</ele></trkpt>
      <trkpt lat="47.016894" lon="10.998643"><ele>1245</ele></trkpt>
      <trkpt lat="47.017216" lon="10.998445"><ele>1245</ele></trkpt>
      <trkpt lat="47.017797" lon="10.998150"><ele>1245</ele></trkpt>
      <trkpt lat="47.017889" lon="10.998049"><ele>1244</ele></trkpt>
      <trkpt lat="47.017966" lon="10.997929"><ele>1244</ele></trkpt>
      <trkpt lat="47.018044" lon="10.997758"><ele>1244</ele></trkpt>
      <trkpt lat="47.018105" lon="10.997533"><ele>1246</ele></trkpt>
      <trkpt lat="47.018149" lon="10.997282"><ele>1242</ele></trkpt>
      <trkpt lat="47.018192" lon="10.996951"><ele>1238</ele></trkpt>
      <trkpt lat="47.018229" lon="10.996778"><ele>1239</ele></trkpt>
      <trkpt lat="47.018272" lon="10.996629"><ele>1240</ele></trkpt>
      <trkpt lat="47.018447" lon="10.996149"><ele>1239</ele></trkpt>
      <trkpt lat="47.018628" lon="10.995864"><ele>1238</ele></trkpt>
      <trkpt lat="47.018822" lon="10.995665"><ele>1236</ele></trkpt>
      <trkpt lat="47.018933" lon="10.995552"><ele>1236</ele></trkpt>
      <trkpt lat="47.019010" lon="10.995489"><ele>1235</ele></trkpt>
      <trkpt lat="47.019112" lon="10.995419"><ele>1234</ele></trkpt>
      <trkpt lat="47.019426" lon="10.995238"><ele>1234</ele></trkpt>
      <trkpt lat="47.019466" lon="10.995219"><ele>1234</ele></trkpt>
      <trkpt lat="47.019489" lon="10.995219"><ele>1234</ele></trkpt>
      <trkpt lat="47.019515" lon="10.995233"><ele>1234</ele></trkpt>
      <trkpt lat="47.019535" lon="10.995258"><ele>1234</ele></trkpt>
      <trkpt lat="47.019548" lon="10.995296"><ele>1234</ele></trkpt>
      <trkpt lat="47.019564" lon="10.995389"><ele>1233</ele></trkpt>
      <trkpt lat="47.019564" lon="10.995445"><ele>1233</ele></trkpt>
      <trkpt lat="47.019549" lon="10.995477"><ele>1233</ele></trkpt>
      <trkpt lat="47.019503" lon="10.995527"><ele>1232</ele></trkpt>
      <trkpt lat="47.019351" lon="10.995569"><ele>1233</ele></trkpt>
      <trkpt lat="47.019295" lon="10.995592"><ele>1234</ele></trkpt>
      <trkpt lat="47.019252" lon="10.995633"><ele>1234</ele></trkpt>
      <trkpt lat="47.019221" lon="10.995694"><ele>1234</ele></trkpt>
      <trkpt lat="47.019212" lon="10.995746"><ele>1234</ele></trkpt>
      <trkpt lat="47.019215" lon="10.995817"><ele>1234</ele></trkpt>
      <trkpt lat="47.019240" lon="10.995970"><ele>1234</ele></trkpt>
      <trkpt lat="47.019265" lon="10.996063"><ele>1235</ele></trkpt>
      <trkpt lat="47.019300" lon="10.996119"><ele>1235</ele></trkpt>
      <trkpt lat="47.019351" lon="10.996150"><ele>1236</ele></trkpt>
      <trkpt lat="47.019627" lon="10.996125"><ele>1234</ele></trkpt>
      <trkpt lat="47.019866" lon="10.996109"><ele>1233</ele></trkpt>
      <trkpt lat="47.020304" lon="10.996080"><ele>1233</ele></trkpt>
      <trkpt lat="47.020728" lon="10.996052"><ele>1231</ele></trkpt>
      <trkpt lat="47.021095" lon="10.996116"><ele>1231</ele></trkpt>
      <trkpt lat="47.021595" lon="10.996227"><ele>1229</ele></trkpt>
      <trkpt lat="47.021732" lon="10.996314"><ele>1229</ele></trkpt>
      <trkpt lat="47.021874" lon="10.996278"><ele>1228</ele></trkpt>
      <trkpt lat="47.024067" lon="10.996655"><ele>1226</ele></trkpt>
      <trkpt lat="47.024393" lon="10.996670"><ele>1226</ele></trkpt>
      <trkpt lat="47.024562" lon="10.996656"><ele>1226</ele></trkpt>
      <trkpt lat="47.024768" lon="10.996657"><ele>1225</ele></trkpt>
      <trkpt lat="47.024957" lon="10.996672"><ele>1225</ele></trkpt>
      <trkpt lat="47.025093" lon="10.996619"><ele>1226</ele></trkpt>
      <trkpt lat="47.025373" lon="10.996431"><ele>1230</ele></trkpt>
      <trkpt lat="47.025627" lon="10.996233"><ele>1229</ele></trkpt>
      <trkpt lat="47.026164" lon="10.995689"><ele>1228</ele></trkpt>
      <trkpt lat="47.026318" lon="10.995516"><ele>1227</ele></trkpt>
      <trkpt lat="47.026421" lon="10.995383"><ele>1228</ele></trkpt>
      <trkpt lat="47.026513" lon="10.995158"><ele>1226</ele></trkpt>
      <trkpt lat="47.026686" lon="10.994893"><ele>1224</ele></trkpt>
      <trkpt lat="47.027145" lon="10.994387"><ele>1226</ele></trkpt>
      <trkpt lat="47.027550" lon="10.993958"><ele>1228</ele></trkpt>
      <trkpt lat="47.027635" lon="10.993884"><ele>1229</ele></trkpt>
      <trkpt lat="47.027924" lon="10.993743"><ele>1226</ele></trkpt>
      <trkpt lat="47.027982" lon="10.993719"><ele>1226</ele></trkpt>
      <trkpt lat="47.028165" lon="10.993684"><ele>1225</ele></trkpt>
      <trkpt lat="47.028358" lon="10.993658"><ele>1224</ele></trkpt>
      <trkpt lat="47.028577" lon="10.993714"><ele>1223</ele></trkpt>
      <trkpt lat="47.028767" lon="10.993840"><ele>1224</ele></trkpt>
      <trkpt lat="47.028818" lon="10.993873"><ele>1224</ele></trkpt>
      <trkpt lat="47.029018" lon="10.994055"><ele>1224</ele></trkpt>
      <trkpt lat="47.029346" lon="10.994275"><ele>1224</ele></trkpt>
      <trkpt lat="47.029500" lon="10.994290"><ele>1223</ele></trkpt>
      <trkpt lat="47.029655" lon="10.994255"><ele>1223</ele></trkpt>
      <trkpt lat="47.029775" lon="10.994161"><ele>1223</ele></trkpt>
      <trkpt lat="47.030026" lon="10.993921"><ele>1222</ele></trkpt>
      <trkpt lat="47.030473" lon="10.993656"><ele>1222</ele></trkpt>
      <trkpt lat="47.030777" lon="10.993375"><ele>1221</ele></trkpt>
      <trkpt lat="47.030987" lon="10.993208"><ele>1222</ele></trkpt>
      <trkpt lat="47.031244" lon="10.992851"><ele>1223</ele></trkpt>
      <trkpt lat="47.031359" lon="10.992511"><ele>1220</ele></trkpt>
      <trkpt lat="47.031390" lon="10.992502"><ele>1221</ele></trkpt>
      <trkpt lat="47.031421" lon="10.992461"><ele>1222</ele></trkpt>
      <trkpt lat="47.031579" lon="10.992035"><ele>1224</ele></trkpt>
      <trkpt lat="47.031618" lon="10.991970"><ele>1225</ele></trkpt>
      <trkpt lat="47.031693" lon="10.991906"><ele>1225</ele></trkpt>
      <trkpt lat="47.032111" lon="10.991702"><ele>1226</ele></trkpt>
      <trkpt lat="47.032191" lon="10.991571"><ele>1226</ele></trkpt>
      <trkpt lat="47.032354" lon="10.991393"><ele>1228</ele></trkpt>
      <trkpt lat="47.032707" lon="10.991084"><ele>1229</ele></trkpt>
      <trkpt lat="47.032797" lon="10.991034"><ele>1230</ele></trkpt>
      <trkpt lat="47.033094" lon="10.990933"><ele>1230</ele></trkpt>
      <trkpt lat="47.033389" lon="10.990760"><ele>1230</ele></trkpt>
      <trkpt lat="47.033729" lon="10.990387"><ele>1227</ele></trkpt>
      <trkpt lat="47.034057" lon="10.989835"><ele>1224</ele></trkpt>
      <trkpt lat="47.034452" lon="10.989466"><ele>1217</ele></trkpt>
      <trkpt lat="47.034577" lon="10.989328"><ele>1216</ele></trkpt>
      <trkpt lat="47.034672" lon="10.989225"><ele>1214</ele></trkpt>
      <trkpt lat="47.035061" lon="10.988717"><ele>1216</ele></trkpt>
      <trkpt lat="47.035090" lon="10.988508"><ele>1214</ele></trkpt>
      <trkpt lat="47.035010" lon="10.987920"><ele>1211</ele></trkpt>
      <trkpt lat="47.035027" lon="10.987840"><ele>1212</ele></trkpt>
      <trkpt lat="47.035161" lon="10.987689"><ele>1215</ele></trkpt>
      <trkpt lat="47.035237" lon="10.987510"><ele>1217</ele></trkpt>
      <trkpt lat="47.035409" lon="10.986838"><ele>1216</ele></trkpt>
      <trkpt lat="47.035653" lon="10.986458"><ele>1216</ele></trkpt>
      <trkpt lat="47.036307" lon="10.985831"><ele>1216</ele></trkpt>
      <trkpt lat="47.036714" lon="10.985628"><ele>1215</ele></trkpt>
      <trkpt lat="47.036945" lon="10.985500"><ele>1214</ele></trkpt>
      <trkpt lat="47.037070" lon="10.985484"><ele>1213</ele></trkpt>
      <trkpt lat="47.037156" lon="10.985561"><ele>1214</ele></trkpt>
      <trkpt lat="47.037337" lon="10.985548"><ele>1212</ele></trkpt>
      <trkpt lat="47.037391" lon="10.985520"><ele>1211</ele></trkpt>
      <trkpt lat="47.037472" lon="10.985408"><ele>1210</ele></trkpt>
      <trkpt lat="47.037776" lon="10.985238"><ele>1209</ele></trkpt>
      <trkpt lat="47.038062" lon="10.984937"><ele>1208</ele></trkpt>
      <trkpt lat="47.038207" lon="10.984785"><ele>1210</ele></trkpt>
      <trkpt lat="47.038324" lon="10.984633"><ele>1210</ele></trkpt>
      <trkpt lat="47.038462" lon="10.984383"><ele>1210</ele></trkpt>
      <trkpt lat="47.038734" lon="10.983828"><ele>1210</ele></trkpt>
      <trkpt lat="47.038786" lon="10.983670"><ele>1209</ele></trkpt>
      <trkpt lat="47.038853" lon="10.983547"><ele>1208</ele></trkpt>
      <trkpt lat="47.039037" lon="10.983254"><ele>1211</ele></trkpt>
      <trkpt lat="47.039121" lon="10.983099"><ele>1210</ele></trkpt>
      <trkpt lat="47.039319" lon="10.982697"><ele>1208</ele></trkpt>
      <trkpt lat="47.039475" lon="10.982434"><ele>1207</ele></trkpt>
      <trkpt lat="47.039845" lon="10.981843"><ele>1206</ele></trkpt>
      <trkpt lat="47.039901" lon="10.981728"><ele>1206</ele></trkpt>
      <trkpt lat="47.040022" lon="10.981382"><ele>1204</ele></trkpt>
      <trkpt lat="47.040169" lon="10.981039"><ele>1203</ele></trkpt>
      <trkpt lat="47.040239" lon="10.980842"><ele>1202</ele></trkpt>
      <trkpt lat="47.040249" lon="10.980781"><ele>1202</ele></trkpt>
      <trkpt lat="47.040245" lon="10.980731"><ele>1201</ele></trkpt>
      <trkpt lat="47.040232" lon="10.980682"><ele>1201</ele></trkpt>
      <trkpt lat="47.040150" lon="10.980472"><ele>1199</ele></trkpt>
      <trkpt lat="47.040128" lon="10.980400"><ele>1199</ele></trkpt>
      <trkpt lat="47.040121" lon="10.980335"><ele>1199</ele></trkpt>
      <trkpt lat="47.040127" lon="10.980265"><ele>1199</ele></trkpt>
      <trkpt lat="47.040184" lon="10.980000"><ele>1199</ele></trkpt>
      <trkpt lat="47.040259" lon="10.979723"><ele>1199</ele></trkpt>
      <trkpt lat="47.040333" lon="10.979419"><ele>1197</ele></trkpt>
      <trkpt lat="47.040444" lon="10.979034"><ele>1197</ele></trkpt>
      <trkpt lat="47.040610" lon="10.978620"><ele>1198</ele></trkpt>
      <trkpt lat="47.040571" lon="10.978595"><ele>1198</ele></trkpt>
      <trkpt lat="47.040280" lon="10.978419"><ele>1197</ele></trkpt>
      <trkpt lat="47.040241" lon="10.978322"><ele>1198</ele></trkpt>
      <trkpt lat="47.040187" lon="10.978119"><ele>1197</ele></trkpt>
      <trkpt lat="47.040175" lon="10.978029"><ele>1197</ele></trkpt>
      <trkpt lat="47.040037" lon="10.978088"><ele>1198</ele></trkpt>
      <trkpt lat="47.039935" lon="10.978085"><ele>1198</ele></trkpt>
      <trkpt lat="47.039861" lon="10.977975"><ele>1198</ele></trkpt>
      <trkpt lat="47.039505" lon="10.977090"><ele>1197</ele></trkpt>
      <trkpt lat="47.039161" lon="10.976519"><ele>1197</ele></trkpt>
      <trkpt lat="47.039005" lon="10.976239"><ele>1196</ele></trkpt>
      <trkpt lat="47.038704" lon="10.975700"><ele>1196</ele></trkpt>
      <trkpt lat="47.038568" lon="10.975466"><ele>1196</ele></trkpt>
      <trkpt lat="47.038458" lon="10.975278"><ele>1196</ele></trkpt>
      <trkpt lat="47.038272" lon="10.974960"><ele>1196</ele></trkpt>
      <trkpt lat="47.038240" lon="10.974905"><ele>1196</ele></trkpt>
      <trkpt lat="47.038082" lon="10.974636"><ele>1195</ele></trkpt>
      <trkpt lat="47.037818" lon="10.973987"><ele>1195</ele></trkpt>
      <trkpt lat="47.037810" lon="10.973967"><ele>1195</ele></trkpt>
      <trkpt lat="47.037703" lon="10.973703"><ele>1194</ele></trkpt>
      <trkpt lat="47.037686" lon="10.973585"><ele>1194</ele></trkpt>
      <trkpt lat="47.037526" lon="10.972619"><ele>1192</ele></trkpt>
      <trkpt lat="47.037578" lon="10.972246"><ele>1192</ele></trkpt>
      <trkpt lat="47.037560" lon="10.971896"><ele>1192</ele></trkpt>
      <trkpt lat="47.037474" lon="10.971514"><ele>1194</ele></trkpt>
      <trkpt lat="47.037443" lon="10.971426"><ele>1195</ele></trkpt>
      <trkpt lat="47.037425" lon="10.971273"><ele>1195</ele></trkpt>
      <trkpt lat="47.037458" lon="10.971135"><ele>1194</ele></trkpt>
      <trkpt lat="47.037506" lon="10.970778"><ele>1193</ele></trkpt>
      <trkpt lat="47.037615" lon="10.969599"><ele>1192</ele></trkpt>
      <trkpt lat="47.038136" lon="10.967954"><ele>1190</ele></trkpt>
      <trkpt lat="47.038167" lon="10.967307"><ele>1190</ele></trkpt>
      <trkpt lat="47.038271" lon="10.966682"><ele>1190</ele></trkpt>
      <trkpt lat="47.040280" lon="10.964126"><ele>1188</ele></trkpt>
      <trkpt lat="47.040594" lon="10.963975"><ele>1188</ele></trkpt>
      <trkpt lat="47.040717" lon="10.963975"><ele>1190</ele></trkpt>
      <trkpt lat="47.041157" lon="10.964197"><ele>1190</ele></trkpt>
      <trkpt lat="47.041319" lon="10.964193"><ele>1189</ele></trkpt>
      <trkpt lat="47.041379" lon="10.964143"><ele>1189</ele></trkpt>
      <trkpt lat="47.041480" lon="10.964060"><ele>1189</ele></trkpt>
      <trkpt lat="47.041854" lon="10.963705"><ele>1188</ele></trkpt>
      <trkpt lat="47.041921" lon="10.963871"><ele>1188</ele></trkpt>
      <trkpt lat="47.042645" lon="10.963458"><ele>1187</ele></trkpt>
      <trkpt lat="47.042818" lon="10.963359"><ele>1187</ele></trkpt>
      <trkpt lat="47.043016" lon="10.963245"><ele>1187</ele></trkpt>
      <trkpt lat="47.043429" lon="10.962968"><ele>1187</ele></trkpt>
      <trkpt lat="47.043906" lon="10.962635"><ele>1186</ele></trkpt>
      <trkpt lat="47.044507" lon="10.962148"><ele>1186</ele></trkpt>
      <trkpt lat="47.044945" lon="10.961925"><ele>1186</ele></trkpt>
      <trkpt lat="47.045210" lon="10.961843"><ele>1185</ele></trkpt>
      <trkpt lat="47.045632" lon="10.961647"><ele>1186</ele></trkpt>
      <trkpt lat="47.045727" lon="10.961535"><ele>1185</ele></trkpt>
      <trkpt lat="47.045879" lon="10.961314"><ele>1185</ele></trkpt>
      <trkpt lat="47.046031" lon="10.961011"><ele>1185</ele></trkpt>
      <trkpt lat="47.046087" lon="10.960998"><ele>1185</ele></trkpt>
      <trkpt lat="47.046151" lon="10.960963"><ele>1185</ele></trkpt>
      <trkpt lat="47.046191" lon="10.960947"><ele>1185</ele></trkpt>
      <trkpt lat="47.046233" lon="10.960958"><ele>1185</ele></trkpt>
      <trkpt lat="47.046436" lon="10.960884"><ele>1185</ele></trkpt>
      <trkpt lat="47.046805" lon="10.960633"><ele>1185</ele></trkpt>
      <trkpt lat="47.047168" lon="10.960372"><ele>1184</ele></trkpt>
      <trkpt lat="47.047762" lon="10.959893"><ele>1183</ele></trkpt>
      <trkpt lat="47.048367" lon="10.959485"><ele>1184</ele></trkpt>
      <trkpt lat="47.049322" lon="10.958923"><ele>1183</ele></trkpt>
      <trkpt lat="47.050410" lon="10.958310"><ele>1183</ele></trkpt>
      <trkpt lat="47.050518" lon="10.958331"><ele>1183</ele></trkpt>
      <trkpt lat="47.050550" lon="10.958504"><ele>1182</ele></trkpt>
      <trkpt lat="47.050590" lon="10.958729"><ele>1182</ele></trkpt>
      <trkpt lat="47.050659" lon="10.959025"><ele>1182</ele></trkpt>
      <trkpt lat="47.050708" lon="10.959237"><ele>1182</ele></trkpt>
      <trkpt lat="47.050898" lon="10.959900"><ele>1182</ele></trkpt>
      <trkpt lat="47.051191" lon="10.960948"><ele>1183</ele></trkpt>
      <trkpt lat="47.051226" lon="10.961043"><ele>1183</ele></trkpt>
      <trkpt lat="47.051362" lon="10.961516"><ele>1183</ele></trkpt>
      <trkpt lat="47.051748" lon="10.961209"><ele>1181</ele></trkpt>
      <trkpt lat="47.052245" lon="10.960867"><ele>1181</ele></trkpt>
      <trkpt lat="47.053161" lon="10.960274"><ele>1181</ele></trkpt>
      <trkpt lat="47.055103" lon="10.958898"><ele>1180</ele></trkpt>
      <trkpt lat="47.056452" lon="10.957896"><ele>1178</ele></trkpt>
      <trkpt lat="47.056907" lon="10.957791"><ele>1178</ele></trkpt>
      <trkpt lat="47.057286" lon="10.957943"><ele>1178</ele></trkpt>
      <trkpt lat="47.057545" lon="10.958174"><ele>1178</ele></trkpt>
      <trkpt lat="47.057751" lon="10.958450"><ele>1177</ele></trkpt>
      <trkpt lat="47.057939" lon="10.958743"><ele>1177</ele></trkpt>
      <trkpt lat="47.058144" lon="10.959013"><ele>1178</ele></trkpt>
      <trkpt lat="47.059184" lon="10.959981"><ele>1179</ele></trkpt>
      <trkpt lat="47.059364" lon="10.960230"><ele>1178</ele></trkpt>
      <trkpt lat="47.059479" lon="10.960358"><ele>1177</ele></trkpt>
      <trkpt lat="47.059703" lon="10.960605"><ele>1178</ele></trkpt>
      <trkpt lat="47.059988" lon="10.960836"><ele>1177</ele></trkpt>
      <trkpt lat="47.060136" lon="10.960879"><ele>1177</ele></trkpt>
      <trkpt lat="47.060277" lon="10.960886"><ele>1178</ele></trkpt>
      <trkpt lat="47.060926" lon="10.960616"><ele>1176</ele></trkpt>
      <trkpt lat="47.061366" lon="10.960335"><ele>1176</ele></trkpt>
      <trkpt lat="47.061802" lon="10.960000"><ele>1176</ele></trkpt>
      <trkpt lat="47.062156" lon="10.959747"><ele>1176</ele></trkpt>
      <trkpt lat="47.062398" lon="10.959666"><ele>1175</ele></trkpt>
      <trkpt lat="47.062692" lon="10.959619"><ele>1174</ele></trkpt>
      <trkpt lat="47.063503" lon="10.959632"><ele>1174</ele></trkpt>
      <trkpt lat="47.063687" lon="10.959688"><ele>1174</ele></trkpt>
      <trkpt lat="47.063821" lon="10.959786"><ele>1174</ele></trkpt>
      <trkpt lat="47.064018" lon="10.959970"><ele>1174</ele></trkpt>
      <trkpt lat="47.064519" lon="10.960724"><ele>1174</ele></trkpt>
      <trkpt lat="47.064837" lon="10.960945"><ele>1174</ele></trkpt>
      <trkpt lat="47.066718" lon="10.961740"><ele>1172</ele></trkpt>
      <trkpt lat="47.067346" lon="10.962166"><ele>1172</ele></trkpt>
      <trkpt lat="47.067784" lon="10.962571"><ele>1172</ele></trkpt>
      <trkpt lat="47.068208" lon="10.963022"><ele>1171</ele></trkpt>
      <trkpt lat="47.069520" lon="10.963337"><ele>1171</ele></trkpt>
      <trkpt lat="47.069735" lon="10.963351"><ele>1171</ele></trkpt>
      <trkpt lat="47.069947" lon="10.963347"><ele>1171</ele></trkpt>
      <trkpt lat="47.070253" lon="10.963294"><ele>1171</ele></trkpt>
      <trkpt lat="47.070545" lon="10.963202"><ele>1170</ele></trkpt>
      <trkpt lat="47.070906" lon="10.963000"><ele>1171</ele></trkpt>
      <trkpt lat="47.071029" lon="10.962923"><ele>1170</ele></trkpt>
      <trkpt lat="47.071114" lon="10.962844"><ele>1169</ele></trkpt>
      <trkpt lat="47.071232" lon="10.962728"><ele>1169</ele></trkpt>
      <trkpt lat="47.071279" lon="10.962682"><ele>1169</ele></trkpt>
      <trkpt lat="47.071475" lon="10.962487"><ele>1170</ele></trkpt>
      <trkpt lat="47.071954" lon="10.962025"><ele>1169</ele></trkpt>
      <trkpt lat="47.072084" lon="10.961888"><ele>1170</ele></trkpt>
      <trkpt lat="47.072023" lon="10.961759"><ele>1170</ele></trkpt>
      <trkpt lat="47.071923" lon="10.961509"><ele>1172</ele></trkpt>
      <trkpt lat="47.071882" lon="10.961428"><ele>1172</ele></trkpt>
      <trkpt lat="47.071987" lon="10.961298"><ele>1170</ele></trkpt>
      <trkpt lat="47.071972" lon="10.961178"><ele>1170</ele></trkpt>
      <trkpt lat="47.071975" lon="10.961141"><ele>1170</ele></trkpt>
      <trkpt lat="47.071978" lon="10.961082"><ele>1170</ele></trkpt>
      <trkpt lat="47.071970" lon="10.960949"><ele>1169</ele></trkpt>
      <trkpt lat="47.071907" lon="10.960400"><ele>1169</ele></trkpt>
      <trkpt lat="47.071873" lon="10.960167"><ele>1170</ele></trkpt>
      <trkpt lat="47.071811" lon="10.959933"><ele>1170</ele></trkpt>
      <trkpt lat="47.071391" lon="10.959134"><ele>1166</ele></trkpt>
      <trkpt lat="47.071116" lon="10.958125"><ele>1175</ele></trkpt>
      <trkpt lat="47.071079" lon="10.958012"><ele>1177</ele></trkpt>
      <trkpt lat="47.071109" lon="10.957934"><ele>1176</ele></trkpt>
      <trkpt lat="47.071230" lon="10.957687"><ele>1174</ele></trkpt>
      <trkpt lat="47.071276" lon="10.957570"><ele>1175</ele></trkpt>
      <trkpt lat="47.071360" lon="10.957421"><ele>1174</ele></trkpt>
      <trkpt lat="47.071447" lon="10.957295"><ele>1173</ele></trkpt>
      <trkpt lat="47.071538" lon="10.957208"><ele>1172</ele></trkpt>
      <trkpt lat="47.071817" lon="10.957003"><ele>1172</ele></trkpt>
      <trkpt lat="47.071970" lon="10.956877"><ele>1171</ele></trkpt>
      <trkpt lat="47.072342" lon="10.956466"><ele>1169</ele></trkpt>
      <trkpt lat="47.072718" lon="10.956065"><ele>1168</ele></trkpt>
      <trkpt lat="47.072827" lon="10.955921"><ele>1168</ele></trkpt>
      <trkpt lat="47.072913" lon="10.955763"><ele>1168</ele></trkpt>
      <trkpt lat="47.073124" lon="10.955335"><ele>1167</ele></trkpt>
      <trkpt lat="47.073217" lon="10.955131"><ele>1166</ele></trkpt>
      <trkpt lat="47.073325" lon="10.954946"><ele>1166</ele></trkpt>
      <trkpt lat="47.073394" lon="10.954860"><ele>1165</ele></trkpt>
      <trkpt lat="47.073562" lon="10.954685"><ele>1164</ele></trkpt>
      <trkpt lat="47.073623" lon="10.954620"><ele>1164</ele></trkpt>
      <trkpt lat="47.074104" lon="10.954247"><ele>1164</ele></trkpt>
      <trkpt lat="47.074832" lon="10.953622"><ele>1163</ele></trkpt>
      <trkpt lat="47.075552" lon="10.953056"><ele>1163</ele></trkpt>
      <trkpt lat="47.076003" lon="10.952739"><ele>1163</ele></trkpt>
      <trkpt lat="47.077341" lon="10.951857"><ele>1163</ele></trkpt>
      <trkpt lat="47.079416" lon="10.950472"><ele>1162</ele></trkpt>
      <trkpt lat="47.079543" lon="10.950386"><ele>1162</ele></trkpt>
      <trkpt lat="47.079929" lon="10.950066"><ele>1162</ele></trkpt>
      <trkpt lat="47.080280" lon="10.949772"><ele>1162</ele></trkpt>
      <trkpt lat="47.080285" lon="10.949747"><ele>1162</ele></trkpt>
      <trkpt lat="47.080341" lon="10.949455"><ele>1161</ele></trkpt>
      <trkpt lat="47.080346" lon="10.949316"><ele>1161</ele></trkpt>
      <trkpt lat="47.080309" lon="10.949031"><ele>1161</ele></trkpt>
      <trkpt lat="47.080368" lon="10.948901"><ele>1161</ele></trkpt>
      <trkpt lat="47.080520" lon="10.948809"><ele>1161</ele></trkpt>
      <trkpt lat="47.081115" lon="10.948450"><ele>1161</ele></trkpt>
      <trkpt lat="47.081172" lon="10.948460"><ele>1161</ele></trkpt>
      <trkpt lat="47.081209" lon="10.948393"><ele>1161</ele></trkpt>
      <trkpt lat="47.081296" lon="10.948341"><ele>1161</ele></trkpt>
      <trkpt lat="47.081322" lon="10.948325"><ele>1161</ele></trkpt>
      <trkpt lat="47.081443" lon="10.948252"><ele>1161</ele></trkpt>
      <trkpt lat="47.081836" lon="10.947765"><ele>1160</ele></trkpt>
      <trkpt lat="47.082631" lon="10.947035"><ele>1160</ele></trkpt>
      <trkpt lat="47.082902" lon="10.946558"><ele>1160</ele></trkpt>
      <trkpt lat="47.083163" lon="10.946277"><ele>1160</ele></trkpt>
      <trkpt lat="47.083250" lon="10.946121"><ele>1160</ele></trkpt>
      <trkpt lat="47.083433" lon="10.945818"><ele>1162</ele></trkpt>
      <trkpt lat="47.083481" lon="10.945593"><ele>1164</ele></trkpt>
      <trkpt lat="47.083527" lon="10.945532"><ele>1164</ele></trkpt>
      <trkpt lat="47.083585" lon="10.945487"><ele>1164</ele></trkpt>
      <trkpt lat="47.083875" lon="10.945324"><ele>1162</ele></trkpt>
      <trkpt lat="47.084142" lon="10.945337"><ele>1161</ele></trkpt>
      <trkpt lat="47.084328" lon="10.945278"><ele>1160</ele></trkpt>
      <trkpt lat="47.084637" lon="10.945417"><ele>1160</ele></trkpt>
      <trkpt lat="47.085474" lon="10.945555"><ele>1159</ele></trkpt>
      <trkpt lat="47.085921" lon="10.945599"><ele>1159</ele></trkpt>
      <trkpt lat="47.086185" lon="10.945625"><ele>1158</ele></trkpt>
      <trkpt lat="47.086460" lon="10.945652"><ele>1158</ele></trkpt>
      <trkpt lat="47.086778" lon="10.945747"><ele>1158</ele></trkpt>
      <trkpt lat="47.087183" lon="10.945776"><ele>1158</ele></trkpt>
      <trkpt lat="47.087245" lon="10.945781"><ele>1158</ele></trkpt>
      <trkpt lat="47.087318" lon="10.945769"><ele>1158</ele></trkpt>
      <trkpt lat="47.087418" lon="10.945704"><ele>1158</ele></trkpt>
      <trkpt lat="47.087495" lon="10.945621"><ele>1158</ele></trkpt>
      <trkpt lat="47.087523" lon="10.945579"><ele>1158</ele></trkpt>
      <trkpt lat="47.087736" lon="10.945259"><ele>1158</ele></trkpt>
      <trkpt lat="47.087876" lon="10.945093"><ele>1158</ele></trkpt>
      <trkpt lat="47.088242" lon="10.944868"><ele>1157</ele></trkpt>
      <trkpt lat="47.088333" lon="10.944812"><ele>1157</ele></trkpt>
      <trkpt lat="47.088419" lon="10.945377"><ele>1158</ele></trkpt>
      <trkpt lat="47.088545" lon="10.946038"><ele>1158</ele></trkpt>
      <trkpt lat="47.088627" lon="10.946119"><ele>1158</ele></trkpt>
      <trkpt lat="47.088744" lon="10.946084"><ele>1158</ele></trkpt>
      <trkpt lat="47.088819" lon="10.946019"><ele>1158</ele></trkpt>
      <trkpt lat="47.089045" lon="10.945933"><ele>1157</ele></trkpt>
      <trkpt lat="47.089146" lon="10.945915"><ele>1157</ele></trkpt>
      <trkpt lat="47.089352" lon="10.945846"><ele>1158</ele></trkpt>
      <trkpt lat="47.090075" lon="10.945577"><ele>1157</ele></trkpt>
      <trkpt lat="47.090634" lon="10.945382"><ele>1156</ele></trkpt>
      <trkpt lat="47.091133" lon="10.945223"><ele>1157</ele></trkpt>
      <trkpt lat="47.091771" lon="10.945088"><ele>1156</ele></trkpt>
      <trkpt lat="47.092210" lon="10.945015"><ele>1156</ele></trkpt>
      <trkpt lat="47.092532" lon="10.944977"><ele>1157</ele></trkpt>
      <trkpt lat="47.093228" lon="10.944938"><ele>1156</ele></trkpt>
      <trkpt lat="47.093774" lon="10.944956"><ele>1157</ele></trkpt>
      <trkpt lat="47.094464" lon="10.945005"><ele>1157</ele></trkpt>
      <trkpt lat="47.094974" lon="10.945077"><ele>1156</ele></trkpt>
      <trkpt lat="47.095663" lon="10.945229"><ele>1154</ele></trkpt>
      <trkpt lat="47.095661" lon="10.945286"><ele>1154</ele></trkpt>
      <trkpt lat="47.095678" lon="10.947972"><ele>1151</ele></trkpt>
      <trkpt lat="47.095885" lon="10.948088"><ele>1150</ele></trkpt>
      <trkpt lat="47.096629" lon="10.948596"><ele>1149</ele></trkpt>
      <trkpt lat="47.096827" lon="10.948671"><ele>1149</ele></trkpt>
      <trkpt lat="47.097025" lon="10.948709"><ele>1149</ele></trkpt>
      <trkpt lat="47.097247" lon="10.948841"><ele>1149</ele></trkpt>
      <trkpt lat="47.097412" lon="10.948939"><ele>1149</ele></trkpt>
      <trkpt lat="47.097676" lon="10.949096"><ele>1148</ele></trkpt>
      <trkpt lat="47.097805" lon="10.949149"><ele>1149</ele></trkpt>
      <trkpt lat="47.097926" lon="10.949149"><ele>1148</ele></trkpt>
      <trkpt lat="47.098048" lon="10.949095"><ele>1149</ele></trkpt>
      <trkpt lat="47.098085" lon="10.949096"><ele>1149</ele></trkpt>
      <trkpt lat="47.098129" lon="10.949109"><ele>1150</ele></trkpt>
      <trkpt lat="47.098359" lon="10.949309"><ele>1150</ele></trkpt>
      <trkpt lat="47.098703" lon="10.949521"><ele>1150</ele></trkpt>
      <trkpt lat="47.098940" lon="10.949626"><ele>1149</ele></trkpt>
      <trkpt lat="47.099241" lon="10.949727"><ele>1149</ele></trkpt>
      <trkpt lat="47.099734" lon="10.949977"><ele>1148</ele></trkpt>
      <trkpt lat="47.100342" lon="10.950176"><ele>1148</ele></trkpt>
      <trkpt lat="47.100573" lon="10.950230"><ele>1149</ele></trkpt>
      <trkpt lat="47.100555" lon="10.950867"><ele>1149</ele></trkpt>
      <trkpt lat="47.100551" lon="10.951173"><ele>1151</ele></trkpt>
      <trkpt lat="47.100550" lon="10.951213"><ele>1151</ele></trkpt>
      <trkpt lat="47.100550" lon="10.951446"><ele>1151</ele></trkpt>
      <trkpt lat="47.100555" lon="10.952141"><ele>1152</ele></trkpt>
      <trkpt lat="47.100563" lon="10.952786"><ele>1152</ele></trkpt>
      <trkpt lat="47.100565" lon="10.952892"><ele>1152</ele></trkpt>
      <trkpt lat="47.100568" lon="10.953102"><ele>1153</ele></trkpt>
      <trkpt lat="47.101084" lon="10.952926"><ele>1152</ele></trkpt>
      <trkpt lat="47.101732" lon="10.952705"><ele>1152</ele></trkpt>
      <trkpt lat="47.101812" lon="10.952676"><ele>1152</ele></trkpt>
      <trkpt lat="47.102478" lon="10.952437"><ele>1150</ele></trkpt>
      <trkpt lat="47.103250" lon="10.952160"><ele>1150</ele></trkpt>
      <trkpt lat="47.103332" lon="10.952064"><ele>1150</ele></trkpt>
      <trkpt lat="47.103446" lon="10.952058"><ele>1150</ele></trkpt>
      <trkpt lat="47.103499" lon="10.952118"><ele>1150</ele></trkpt>
      <trkpt lat="47.103711" lon="10.952117"><ele>1150</ele></trkpt>
      <trkpt lat="47.103925" lon="10.952145"><ele>1150</ele></trkpt>
      <trkpt lat="47.104216" lon="10.952202"><ele>1149</ele></trkpt>
      <trkpt lat="47.104394" lon="10.952295"><ele>1148</ele></trkpt>
      <trkpt lat="47.104651" lon="10.952462"><ele>1148</ele></trkpt>
      <trkpt lat="47.104826" lon="10.952609"><ele>1148</ele></trkpt>
      <trkpt lat="47.104959" lon="10.952692"><ele>1147</ele></trkpt>
      <trkpt lat="47.105004" lon="10.952748"><ele>1148</ele></trkpt>
      <trkpt lat="47.105264" lon="10.953059"><ele>1146</ele></trkpt>
      <trkpt lat="47.105310" lon="10.953144"><ele>1146</ele></trkpt>
      <trkpt lat="47.105325" lon="10.953223"><ele>1147</ele></trkpt>
      <trkpt lat="47.105330" lon="10.953423"><ele>1148</ele></trkpt>
      <trkpt lat="47.105356" lon="10.953543"><ele>1148</ele></trkpt>
      <trkpt lat="47.105435" lon="10.953635"><ele>1148</ele></trkpt>
      <trkpt lat="47.105529" lon="10.953703"><ele>1148</ele></trkpt>
      <trkpt lat="47.105705" lon="10.953688"><ele>1148</ele></trkpt>
      <trkpt lat="47.105766" lon="10.953739"><ele>1148</ele></trkpt>
      <trkpt lat="47.105971" lon="10.953818"><ele>1148</ele></trkpt>
      <trkpt lat="47.106125" lon="10.953853"><ele>1148</ele></trkpt>
      <trkpt lat="47.106277" lon="10.953847"><ele>1148</ele></trkpt>
      <trkpt lat="47.106434" lon="10.953927"><ele>1150</ele></trkpt>
      <trkpt lat="47.106544" lon="10.953822"><ele>1153</ele></trkpt>
      <trkpt lat="47.106615" lon="10.953632"><ele>1154</ele></trkpt>
      <trkpt lat="47.106733" lon="10.953476"><ele>1154</ele></trkpt>
      <trkpt lat="47.106938" lon="10.953285"><ele>1158</ele></trkpt>
      <trkpt lat="47.107121" lon="10.952966"><ele>1159</ele></trkpt>
      <trkpt lat="47.107283" lon="10.952420"><ele>1159</ele></trkpt>
      <trkpt lat="47.107374" lon="10.951761"><ele>1157</ele></trkpt>
      <trkpt lat="47.107525" lon="10.950977"><ele>1160</ele></trkpt>
      <trkpt lat="47.107702" lon="10.950211"><ele>1163</ele></trkpt>
      <trkpt lat="47.107900" lon="10.949290"><ele>1164</ele></trkpt>
      <trkpt lat="47.108094" lon="10.948973"><ele>1169</ele></trkpt>
      <trkpt lat="47.108316" lon="10.948646"><ele>1176</ele></trkpt>
      <trkpt lat="47.108478" lon="10.948372"><ele>1178</ele></trkpt>
      <trkpt lat="47.108655" lon="10.948096"><ele>1178</ele></trkpt>
      <trkpt lat="47.108732" lon="10.947818"><ele>1174</ele></trkpt>
      <trkpt lat="47.108937" lon="10.947550"><ele>1172</ele></trkpt>
      <trkpt lat="47.109304" lon="10.946705"><ele>1163</ele></trkpt>
      <trkpt lat="47.109608" lon="10.945725"><ele>1154</ele></trkpt>
      <trkpt lat="47.109770" lon="10.945135"><ele>1151</ele></trkpt>
      <trkpt lat="47.109883" lon="10.944620"><ele>1146</ele></trkpt>
      <trkpt lat="47.110128" lon="10.943685"><ele>1142</ele></trkpt>
      <trkpt lat="47.110071" lon="10.943437"><ele>1138</ele></trkpt>
      <trkpt lat="47.110121" lon="10.942931"><ele>1133</ele></trkpt>
      <trkpt lat="47.110198" lon="10.942711"><ele>1134</ele></trkpt>
      <trkpt lat="47.110294" lon="10.942503"><ele>1132</ele></trkpt>
      <trkpt lat="47.110506" lon="10.942254"><ele>1130</ele></trkpt>
      <trkpt lat="47.110585" lon="10.942196"><ele>1129</ele></trkpt>
      <trkpt lat="47.110660" lon="10.942172"><ele>1128</ele></trkpt>
      <trkpt lat="47.110724" lon="10.942187"><ele>1128</ele></trkpt>
      <trkpt lat="47.110855" lon="10.942280"><ele>1130</ele></trkpt>
      <trkpt lat="47.110906" lon="10.942306"><ele>1130</ele></trkpt>
      <trkpt lat="47.110950" lon="10.942308"><ele>1130</ele></trkpt>
      <trkpt lat="47.110984" lon="10.942270"><ele>1128</ele></trkpt>
      <trkpt lat="47.110999" lon="10.942211"><ele>1126</ele></trkpt>
      <trkpt lat="47.110991" lon="10.942147"><ele>1124</ele></trkpt>
      <trkpt lat="47.110944" lon="10.942120"><ele>1124</ele></trkpt>
      <trkpt lat="47.110895" lon="10.942125"><ele>1125</ele></trkpt>
      <trkpt lat="47.110833" lon="10.942161"><ele>1127</ele></trkpt>
      <trkpt lat="47.110801" lon="10.942145"><ele>1126</ele></trkpt>
      <trkpt lat="47.110776" lon="10.942103"><ele>1126</ele></trkpt>
      <trkpt lat="47.110772" lon="10.942034"><ele>1124</ele></trkpt>
      <trkpt lat="47.110796" lon="10.941982"><ele>1123</ele></trkpt>
      <trkpt lat="47.110836" lon="10.941967"><ele>1123</ele></trkpt>
      <trkpt lat="47.110877" lon="10.941968"><ele>1122</ele></trkpt>
      <trkpt lat="47.111092" lon="10.942119"><ele>1122</ele></trkpt>
      <trkpt lat="47.111490" lon="10.942256"><ele>1118</ele></trkpt>
      <trkpt lat="47.111871" lon="10.942076"><ele>1113</ele></trkpt>
      <trkpt lat="47.111953" lon="10.941994"><ele>1112</ele></trkpt>
      <trkpt lat="47.112210" lon="10.941847"><ele>1110</ele></trkpt>
      <trkpt lat="47.112437" lon="10.941608"><ele>1111</ele></trkpt>
      <trkpt lat="47.112580" lon="10.941345"><ele>1114</ele></trkpt>
      <trkpt lat="47.112720" lon="10.940943"><ele>1110</ele></trkpt>
      <trkpt lat="47.113023" lon="10.939937"><ele>1101</ele></trkpt>
      <trkpt lat="47.113154" lon="10.939766"><ele>1101</ele></trkpt>
      <trkpt lat="47.113285" lon="10.939656"><ele>1101</ele></trkpt>
      <trkpt lat="47.113455" lon="10.939549"><ele>1099</ele></trkpt>
      <trkpt lat="47.113628" lon="10.939467"><ele>1098</ele></trkpt>
      <trkpt lat="47.113972" lon="10.939394"><ele>1094</ele></trkpt>
      <trkpt lat="47.114218" lon="10.939374"><ele>1092</ele></trkpt>
      <trkpt lat="47.114377" lon="10.939339"><ele>1091</ele></trkpt>
      <trkpt lat="47.114451" lon="10.939313"><ele>1091</ele></trkpt>
      <trkpt lat="47.114581" lon="10.939241"><ele>1090</ele></trkpt>
      <trkpt lat="47.114676" lon="10.939166"><ele>1090</ele></trkpt>
      <trkpt lat="47.114791" lon="10.939058"><ele>1088</ele></trkpt>
      <trkpt lat="47.114868" lon="10.938946"><ele>1086</ele></trkpt>
      <trkpt lat="47.114929" lon="10.938771"><ele>1087</ele></trkpt>
      <trkpt lat="47.114968" lon="10.938573"><ele>1087</ele></trkpt>
      <trkpt lat="47.114983" lon="10.938406"><ele>1086</ele></trkpt>
      <trkpt lat="47.114988" lon="10.938231"><ele>1085</ele></trkpt>
      <trkpt lat="47.114980" lon="10.938047"><ele>1084</ele></trkpt>
      <trkpt lat="47.114967" lon="10.938004"><ele>1084</ele></trkpt>
      <trkpt lat="47.114932" lon="10.937943"><ele>1082</ele></trkpt>
      <trkpt lat="47.114918" lon="10.937895"><ele>1082</ele></trkpt>
      <trkpt lat="47.114902" lon="10.937736"><ele>1079</ele></trkpt>
      <trkpt lat="47.115120" lon="10.937247"><ele>1079</ele></trkpt>
      <trkpt lat="47.115136" lon="10.937207"><ele>1079</ele></trkpt>
      <trkpt lat="47.115144" lon="10.937164"><ele>1080</ele></trkpt>
      <trkpt lat="47.115155" lon="10.937030"><ele>1079</ele></trkpt>
      <trkpt lat="47.115152" lon="10.936777"><ele>1079</ele></trkpt>
      <trkpt lat="47.115056" lon="10.936580"><ele>1078</ele></trkpt>
      <trkpt lat="47.115068" lon="10.936397"><ele>1076</ele></trkpt>
      <trkpt lat="47.115125" lon="10.936274"><ele>1074</ele></trkpt>
      <trkpt lat="47.115519" lon="10.935892"><ele>1072</ele></trkpt>
      <trkpt lat="47.115683" lon="10.935791"><ele>1070</ele></trkpt>
      <trkpt lat="47.116092" lon="10.935798"><ele>1066</ele></trkpt>
      <trkpt lat="47.116487" lon="10.935775"><ele>1065</ele></trkpt>
      <trkpt lat="47.116742" lon="10.935703"><ele>1063</ele></trkpt>
      <trkpt lat="47.116986" lon="10.935597"><ele>1061</ele></trkpt>
      <trkpt lat="47.117651" lon="10.935207"><ele>1061</ele></trkpt>
      <trkpt lat="47.117867" lon="10.934986"><ele>1060</ele></trkpt>
      <trkpt lat="47.118317" lon="10.934408"><ele>1056</ele></trkpt>
      <trkpt lat="47.120098" lon="10.932412"><ele>1046</ele></trkpt>
      <trkpt lat="47.120636" lon="10.931648"><ele>1043</ele></trkpt>
      <trkpt lat="47.120989" lon="10.931122"><ele>1040</ele></trkpt>
      <trkpt lat="47.121190" lon="10.930591"><ele>1038</ele></trkpt>
      <trkpt lat="47.121570" lon="10.930135"><ele>1036</ele></trkpt>
      <trkpt lat="47.122053" lon="10.929507"><ele>1034</ele></trkpt>
      <trkpt lat="47.122188" lon="10.929423"><ele>1035</ele></trkpt>
      <trkpt lat="47.122224" lon="10.929388"><ele>1035</ele></trkpt>
      <trkpt lat="47.122189" lon="10.929318"><ele>1034</ele></trkpt>
      <trkpt lat="47.121917" lon="10.928770"><ele>1033</ele></trkpt>
      <trkpt lat="47.121895" lon="10.928727"><ele>1034</ele></trkpt>
      <trkpt lat="47.122288" lon="10.928291"><ele>1031</ele></trkpt>
      <trkpt lat="47.122621" lon="10.927993"><ele>1028</ele></trkpt>
      <trkpt lat="47.122991" lon="10.927418"><ele>1027</ele></trkpt>
      <trkpt lat="47.123141" lon="10.927239"><ele>1026</ele></trkpt>
      <trkpt lat="47.123292" lon="10.927039"><ele>1026</ele></trkpt>
      <trkpt lat="47.124060" lon="10.926329"><ele>1024</ele></trkpt>
      <trkpt lat="47.124469" lon="10.926039"><ele>1023</ele></trkpt>
      <trkpt lat="47.125091" lon="10.925548"><ele>1018</ele></trkpt>
      <trkpt lat="47.125198" lon="10.925498"><ele>1019</ele></trkpt>
      <trkpt lat="47.125407" lon="10.925337"><ele>1019</ele></trkpt>
      <trkpt lat="47.125709" lon="10.924825"><ele>1017</ele></trkpt>
      <trkpt lat="47.125941" lon="10.924532"><ele>1015</ele></trkpt>
      <trkpt lat="47.126269" lon="10.924171"><ele>1014</ele></trkpt>
      <trkpt lat="47.126431" lon="10.923994"><ele>1016</ele></trkpt>
      <trkpt lat="47.126713" lon="10.923761"><ele>1017</ele></trkpt>
      <trkpt lat="47.126869" lon="10.923688"><ele>1015</ele></trkpt>
      <trkpt lat="47.127036" lon="10.923640"><ele>1013</ele></trkpt>
      <trkpt lat="47.127295" lon="10.923540"><ele>1014</ele></trkpt>
      <trkpt lat="47.127573" lon="10.923516"><ele>1012</ele></trkpt>
      <trkpt lat="47.127726" lon="10.923524"><ele>1009</ele></trkpt>
      <trkpt lat="47.128527" lon="10.923196"><ele>1007</ele></trkpt>
      <trkpt lat="47.128751" lon="10.922976"><ele>1006</ele></trkpt>
      <trkpt lat="47.128908" lon="10.922269"><ele>1004</ele></trkpt>
      <trkpt lat="47.129111" lon="10.921870"><ele>1004</ele></trkpt>
      <trkpt lat="47.129426" lon="10.921496"><ele>1002</ele></trkpt>
      <trkpt lat="47.129839" lon="10.921140"><ele>1000</ele></trkpt>
      <trkpt lat="47.130107" lon="10.920922"><ele>998</ele></trkpt>
      <trkpt lat="47.130224" lon="10.920721"><ele>1000</ele></trkpt>
      <trkpt lat="47.130385" lon="10.920512"><ele>1000</ele></trkpt>
      <trkpt lat="47.130803" lon="10.920268"><ele>998</ele></trkpt>
      <trkpt lat="47.131098" lon="10.920175"><ele>997</ele></trkpt>
      <trkpt lat="47.131300" lon="10.920148"><ele>998</ele></trkpt>
      <trkpt lat="47.131507" lon="10.920237"><ele>996</ele></trkpt>
      <trkpt lat="47.131702" lon="10.920351"><ele>994</ele></trkpt>
      <trkpt lat="47.131864" lon="10.920402"><ele>994</ele></trkpt>
      <trkpt lat="47.131964" lon="10.920360"><ele>994</ele></trkpt>
      <trkpt lat="47.132273" lon="10.920043"><ele>993</ele></trkpt>
      <trkpt lat="47.132633" lon="10.919736"><ele>991</ele></trkpt>
      <trkpt lat="47.132796" lon="10.919665"><ele>990</ele></trkpt>
      <trkpt lat="47.133364" lon="10.919490"><ele>986</ele></trkpt>
      <trkpt lat="47.133618" lon="10.919376"><ele>985</ele></trkpt>
      <trkpt lat="47.133744" lon="10.919285"><ele>985</ele></trkpt>
      <trkpt lat="47.133867" lon="10.919052"><ele>986</ele></trkpt>
      <trkpt lat="47.133942" lon="10.918996"><ele>985</ele></trkpt>
      <trkpt lat="47.134481" lon="10.918941"><ele>982</ele></trkpt>
      <trkpt lat="47.135057" lon="10.919026"><ele>981</ele></trkpt>
      <trkpt lat="47.135435" lon="10.919017"><ele>980</ele></trkpt>
      <trkpt lat="47.135668" lon="10.919093"><ele>980</ele></trkpt>
      <trkpt lat="47.135806" lon="10.919114"><ele>980</ele></trkpt>
      <trkpt lat="47.135882" lon="10.919011"><ele>980</ele></trkpt>
      <trkpt lat="47.136035" lon="10.918617"><ele>979</ele></trkpt>
      <trkpt lat="47.136188" lon="10.918477"><ele>978</ele></trkpt>
      <trkpt lat="47.136685" lon="10.918191"><ele>977</ele></trkpt>
      <trkpt lat="47.136937" lon="10.918069"><ele>977</ele></trkpt>
      <trkpt lat="47.137488" lon="10.917248"><ele>975</ele></trkpt>
      <trkpt lat="47.137637" lon="10.917195"><ele>974</ele></trkpt>
      <trkpt lat="47.137770" lon="10.917103"><ele>974</ele></trkpt>
      <trkpt lat="47.137980" lon="10.916202"><ele>971</ele></trkpt>
      <trkpt lat="47.138208" lon="10.915959"><ele>970</ele></trkpt>
      <trkpt lat="47.138449" lon="10.915787"><ele>970</ele></trkpt>
      <trkpt lat="47.138685" lon="10.915607"><ele>970</ele></trkpt>
      <trkpt lat="47.138824" lon="10.915490"><ele>969</ele></trkpt>
      <trkpt lat="47.138896" lon="10.915406"><ele>969</ele></trkpt>
      <trkpt lat="47.138988" lon="10.915218"><ele>969</ele></trkpt>
      <trkpt lat="47.139108" lon="10.914945"><ele>970</ele></trkpt>
      <trkpt lat="47.139284" lon="10.914791"><ele>969</ele></trkpt>
      <trkpt lat="47.139560" lon="10.914499"><ele>968</ele></trkpt>
      <trkpt lat="47.140228" lon="10.914103"><ele>967</ele></trkpt>
      <trkpt lat="47.140552" lon="10.913797"><ele>966</ele></trkpt>
      <trkpt lat="47.140820" lon="10.913518"><ele>965</ele></trkpt>
      <trkpt lat="47.140956" lon="10.913362"><ele>965</ele></trkpt>
      <trkpt lat="47.141085" lon="10.913138"><ele>965</ele></trkpt>
      <trkpt lat="47.141239" lon="10.912954"><ele>964</ele></trkpt>
      <trkpt lat="47.141495" lon="10.912834"><ele>964</ele></trkpt>
      <trkpt lat="47.141616" lon="10.912670"><ele>964</ele></trkpt>
      <trkpt lat="47.141883" lon="10.912382"><ele>963</ele></trkpt>
      <trkpt lat="47.142078" lon="10.912252"><ele>962</ele></trkpt>
      <trkpt lat="47.142266" lon="10.912163"><ele>963</ele></trkpt>
      <trkpt lat="47.142437" lon="10.912170"><ele>963</ele></trkpt>
      <trkpt lat="47.142771" lon="10.912267"><ele>964</ele></trkpt>
      <trkpt lat="47.143082" lon="10.912331"><ele>964</ele></trkpt>
      <trkpt lat="47.143328" lon="10.912370"><ele>964</ele></trkpt>
      <trkpt lat="47.143373" lon="10.912369"><ele>964</ele></trkpt>
      <trkpt lat="47.143585" lon="10.912259"><ele>965</ele></trkpt>
      <trkpt lat="47.143784" lon="10.912091"><ele>966</ele></trkpt>
      <trkpt lat="47.143885" lon="10.912064"><ele>965</ele></trkpt>
      <trkpt lat="47.143969" lon="10.912054"><ele>964</ele></trkpt>
      <trkpt lat="47.144113" lon="10.912036"><ele>964</ele></trkpt>
      <trkpt lat="47.144455" lon="10.912121"><ele>963</ele></trkpt>
      <trkpt lat="47.144839" lon="10.912192"><ele>960</ele></trkpt>
      <trkpt lat="47.144950" lon="10.912212"><ele>959</ele></trkpt>
      <trkpt lat="47.145073" lon="10.912185"><ele>959</ele></trkpt>
      <trkpt lat="47.145180" lon="10.912130"><ele>959</ele></trkpt>
      <trkpt lat="47.145313" lon="10.912018"><ele>959</ele></trkpt>
      <trkpt lat="47.145477" lon="10.911866"><ele>958</ele></trkpt>
      <trkpt lat="47.145528" lon="10.911867"><ele>958</ele></trkpt>
      <trkpt lat="47.145580" lon="10.911869"><ele>958</ele></trkpt>
      <trkpt lat="47.145633" lon="10.911889"><ele>958</ele></trkpt>
      <trkpt lat="47.146144" lon="10.912067"><ele>956</ele></trkpt>
      <trkpt lat="47.146334" lon="10.912085"><ele>956</ele></trkpt>
      <trkpt lat="47.146659" lon="10.912264"><ele>955</ele></trkpt>
      <trkpt lat="47.146890" lon="10.912439"><ele>955</ele></trkpt>
      <trkpt lat="47.147037" lon="10.912523"><ele>954</ele></trkpt>
      <trkpt lat="47.147164" lon="10.912569"><ele>954</ele></trkpt>
      <trkpt lat="47.147416" lon="10.912582"><ele>953</ele></trkpt>
      <trkpt lat="47.147693" lon="10.912520"><ele>953</ele></trkpt>
      <trkpt lat="47.148175" lon="10.912323"><ele>952</ele></trkpt>
      <trkpt lat="47.148515" lon="10.912109"><ele>952</ele></trkpt>
      <trkpt lat="47.148679" lon="10.911914"><ele>951</ele></trkpt>
      <trkpt lat="47.148824" lon="10.911702"><ele>951</ele></trkpt>
      <trkpt lat="47.148946" lon="10.911569"><ele>950</ele></trkpt>
      <trkpt lat="47.149068" lon="10.911501"><ele>950</ele></trkpt>
      <trkpt lat="47.149504" lon="10.911301"><ele>950</ele></trkpt>
      <trkpt lat="47.149864" lon="10.911117"><ele>950</ele></trkpt>
      <trkpt lat="47.150029" lon="10.911106"><ele>950</ele></trkpt>
      <trkpt lat="47.150060" lon="10.911270"><ele>950</ele></trkpt>
      <trkpt lat="47.150075" lon="10.911356"><ele>950</ele></trkpt>
      <trkpt lat="47.150107" lon="10.912015"><ele>949</ele></trkpt>
      <trkpt lat="47.150107" lon="10.912108"><ele>950</ele></trkpt>
      <trkpt lat="47.150125" lon="10.912247"><ele>950</ele></trkpt>
      <trkpt lat="47.150222" lon="10.912613"><ele>951</ele></trkpt>
      <trkpt lat="47.150425" lon="10.913188"><ele>952</ele></trkpt>
      <trkpt lat="47.150453" lon="10.913267"><ele>952</ele></trkpt>
      <trkpt lat="47.150461" lon="10.913482"><ele>953</ele></trkpt>
      <trkpt lat="47.150518" lon="10.913694"><ele>953</ele></trkpt>
      <trkpt lat="47.150629" lon="10.913628"><ele>953</ele></trkpt>
      <trkpt lat="47.150694" lon="10.913590"><ele>953</ele></trkpt>
      <trkpt lat="47.150707" lon="10.913582"><ele>953</ele></trkpt>
      <trkpt lat="47.150779" lon="10.913535"><ele>954</ele></trkpt>
      <trkpt lat="47.150958" lon="10.913419"><ele>953</ele></trkpt>
      <trkpt lat="47.151141" lon="10.913302"><ele>953</ele></trkpt>
      <trkpt lat="47.151374" lon="10.913155"><ele>952</ele></trkpt>
      <trkpt lat="47.151808" lon="10.912911"><ele>952</ele></trkpt>
      <trkpt lat="47.152340" lon="10.912652"><ele>951</ele></trkpt>
      <trkpt lat="47.152464" lon="10.912599"><ele>951</ele></trkpt>
      <trkpt lat="47.152924" lon="10.912415"><ele>948</ele></trkpt>
      <trkpt lat="47.153236" lon="10.912276"><ele>947</ele></trkpt>
      <trkpt lat="47.153253" lon="10.912373"><ele>948</ele></trkpt>
      <trkpt lat="47.154194" lon="10.911951"><ele>946</ele></trkpt>
      <trkpt lat="47.157142" lon="10.910371"><ele>940</ele></trkpt>
      <trkpt lat="47.157427" lon="10.910256"><ele>938</ele></trkpt>
      <trkpt lat="47.157562" lon="10.910201"><ele>938</ele></trkpt>
      <trkpt lat="47.158043" lon="10.910105"><ele>939</ele></trkpt>
      <trkpt lat="47.158452" lon="10.910095"><ele>938</ele></trkpt>
      <trkpt lat="47.159041" lon="10.910185"><ele>937</ele></trkpt>
      <trkpt lat="47.159660" lon="10.910332"><ele>937</ele></trkpt>
      <trkpt lat="47.160025" lon="10.910419"><ele>937</ele></trkpt>
      <trkpt lat="47.160826" lon="10.910746"><ele>936</ele></trkpt>
      <trkpt lat="47.160991" lon="10.910848"><ele>936</ele></trkpt>
      <trkpt lat="47.161184" lon="10.911008"><ele>935</ele></trkpt>
      <trkpt lat="47.161256" lon="10.911087"><ele>935</ele></trkpt>
      <trkpt lat="47.161292" lon="10.911144"><ele>935</ele></trkpt>
      <trkpt lat="47.161305" lon="10.911178"><ele>935</ele></trkpt>
      <trkpt lat="47.161318" lon="10.911266"><ele>935</ele></trkpt>
      <trkpt lat="47.161303" lon="10.911513"><ele>934</ele></trkpt>
      <trkpt lat="47.161316" lon="10.911541"><ele>934</ele></trkpt>
      <trkpt lat="47.161349" lon="10.911571"><ele>934</ele></trkpt>
      <trkpt lat="47.161204" lon="10.912276"><ele>934</ele></trkpt>
      <trkpt lat="47.161302" lon="10.912322"><ele>934</ele></trkpt>
      <trkpt lat="47.161411" lon="10.912403"><ele>934</ele></trkpt>
      <trkpt lat="47.161636" lon="10.912627"><ele>934</ele></trkpt>
      <trkpt lat="47.162022" lon="10.912914"><ele>933</ele></trkpt>
      <trkpt lat="47.162200" lon="10.913079"><ele>933</ele></trkpt>
      <trkpt lat="47.162238" lon="10.913106"><ele>933</ele></trkpt>
      <trkpt lat="47.162288" lon="10.913110"><ele>933</ele></trkpt>
      <trkpt lat="47.162333" lon="10.913089"><ele>933</ele></trkpt>
      <trkpt lat="47.162362" lon="10.913048"><ele>933</ele></trkpt>
      <trkpt lat="47.162380" lon="10.912983"><ele>933</ele></trkpt>
      <trkpt lat="47.162396" lon="10.912913"><ele>933</ele></trkpt>
      <trkpt lat="47.162434" lon="10.912563"><ele>933</ele></trkpt>
      <trkpt lat="47.162460" lon="10.912453"><ele>933</ele></trkpt>
      <trkpt lat="47.162494" lon="10.912403"><ele>933</ele></trkpt>
      <trkpt lat="47.162538" lon="10.912363"><ele>933</ele></trkpt>
      <trkpt lat="47.162583" lon="10.912357"><ele>933</ele></trkpt>
      <trkpt lat="47.162630" lon="10.912370"><ele>933</ele></trkpt>
      <trkpt lat="47.162829" lon="10.912498"><ele>933</ele></trkpt>
      <trkpt lat="47.163217" lon="10.912711"><ele>932</ele></trkpt>
      <trkpt lat="47.163310" lon="10.912782"><ele>932</ele></trkpt>
      <trkpt lat="47.163387" lon="10.912854"><ele>932</ele></trkpt>
      <trkpt lat="47.163603" lon="10.913127"><ele>932</ele></trkpt>
      <trkpt lat="47.163665" lon="10.913186"><ele>932</ele></trkpt>
      <trkpt lat="47.163731" lon="10.913235"><ele>932</ele></trkpt>
      <trkpt lat="47.163833" lon="10.913292"><ele>932</ele></trkpt>
      <trkpt lat="47.164316" lon="10.913469"><ele>931</ele></trkpt>
      <trkpt lat="47.164489" lon="10.913563"><ele>931</ele></trkpt>
      <trkpt lat="47.164649" lon="10.913664"><ele>931</ele></trkpt>
      <trkpt lat="47.165018" lon="10.913858"><ele>931</ele></trkpt>
      <trkpt lat="47.165233" lon="10.913993"><ele>930</ele></trkpt>
      <trkpt lat="47.165626" lon="10.914200"><ele>930</ele></trkpt>
      <trkpt lat="47.165848" lon="10.914348"><ele>929</ele></trkpt>
      <trkpt lat="47.165934" lon="10.914387"><ele>929</ele></trkpt>
      <trkpt lat="47.166091" lon="10.914429"><ele>929</ele></trkpt>
      <trkpt lat="47.166389" lon="10.914469"><ele>929</ele></trkpt>
      <trkpt lat="47.166666" lon="10.914535"><ele>928</ele></trkpt>
      <trkpt lat="47.166947" lon="10.914633"><ele>928</ele></trkpt>
      <trkpt lat="47.167077" lon="10.914691"><ele>928</ele></trkpt>
      <trkpt lat="47.167242" lon="10.914742"><ele>928</ele></trkpt>
      <trkpt lat="47.167315" lon="10.914743"><ele>928</ele></trkpt>
      <trkpt lat="47.167388" lon="10.914732"><ele>928</ele></trkpt>
      <trkpt lat="47.167651" lon="10.914593"><ele>928</ele></trkpt>
      <trkpt lat="47.167835" lon="10.914510"><ele>928</ele></trkpt>
      <trkpt lat="47.168057" lon="10.914388"><ele>928</ele></trkpt>
      <trkpt lat="47.168382" lon="10.914201"><ele>928</ele></trkpt>
      <trkpt lat="47.168599" lon="10.914131"><ele>928</ele></trkpt>
      <trkpt lat="47.168741" lon="10.914110"><ele>928</ele></trkpt>
      <trkpt lat="47.168862" lon="10.914110"><ele>928</ele></trkpt>
      <trkpt lat="47.169204" lon="10.914134"><ele>927</ele></trkpt>
      <trkpt lat="47.169598" lon="10.914134"><ele>927</ele></trkpt>
      <trkpt lat="47.170105" lon="10.914170"><ele>927</ele></trkpt>
      <trkpt lat="47.170167" lon="10.914170"><ele>927</ele></trkpt>
      <trkpt lat="47.170213" lon="10.914135"><ele>927</ele></trkpt>
      <trkpt lat="47.170231" lon="10.914073"><ele>927</ele></trkpt>
      <trkpt lat="47.170238" lon="10.914000"><ele>927</ele></trkpt>
      <trkpt lat="47.170237" lon="10.913596"><ele>927</ele></trkpt>
      <trkpt lat="47.170244" lon="10.913544"><ele>927</ele></trkpt>
      <trkpt lat="47.170272" lon="10.913501"><ele>927</ele></trkpt>
      <trkpt lat="47.170313" lon="10.913462"><ele>927</ele></trkpt>
      <trkpt lat="47.170395" lon="10.913446"><ele>927</ele></trkpt>
      <trkpt lat="47.170678" lon="10.913453"><ele>926</ele></trkpt>
      <trkpt lat="47.170885" lon="10.913435"><ele>926</ele></trkpt>
      <trkpt lat="47.170958" lon="10.913415"><ele>926</ele></trkpt>
      <trkpt lat="47.171022" lon="10.913367"><ele>926</ele></trkpt>
      <trkpt lat="47.171076" lon="10.913266"><ele>926</ele></trkpt>
      <trkpt lat="47.171177" lon="10.912917"><ele>926</ele></trkpt>
      <trkpt lat="47.171242" lon="10.912794"><ele>926</ele></trkpt>
      <trkpt lat="47.171324" lon="10.912666"><ele>926</ele></trkpt>
      <trkpt lat="47.171437" lon="10.912481"><ele>926</ele></trkpt>
      <trkpt lat="47.171651" lon="10.912055"><ele>926</ele></trkpt>
      <trkpt lat="47.171854" lon="10.911677"><ele>926</ele></trkpt>
      <trkpt lat="47.172039" lon="10.911447"><ele>926</ele></trkpt>
      <trkpt lat="47.172139" lon="10.911349"><ele>926</ele></trkpt>
      <trkpt lat="47.172284" lon="10.911268"><ele>926</ele></trkpt>
      <trkpt lat="47.172566" lon="10.911136"><ele>926</ele></trkpt>
      <trkpt lat="47.172685" lon="10.911080"><ele>926</ele></trkpt>
      <trkpt lat="47.173010" lon="10.911046"><ele>926</ele></trkpt>
      <trkpt lat="47.173257" lon="10.910972"><ele>926</ele></trkpt>
      <trkpt lat="47.173541" lon="10.910899"><ele>926</ele></trkpt>
      <trkpt lat="47.174138" lon="10.910725"><ele>924</ele></trkpt>
      <trkpt lat="47.174212" lon="10.910681"><ele>924</ele></trkpt>
      <trkpt lat="47.174296" lon="10.910674"><ele>924</ele></trkpt>
      <trkpt lat="47.174651" lon="10.910707"><ele>924</ele></trkpt>
      <trkpt lat="47.174859" lon="10.910763"><ele>925</ele></trkpt>
      <trkpt lat="47.174980" lon="10.910757"><ele>925</ele></trkpt>
      <trkpt lat="47.175002" lon="10.910739"><ele>925</ele></trkpt>
      <trkpt lat="47.175019" lon="10.910703"><ele>924</ele></trkpt>
      <trkpt lat="47.175024" lon="10.910650"><ele>924</ele></trkpt>
      <trkpt lat="47.175021" lon="10.910142"><ele>924</ele></trkpt>
      <trkpt lat="47.175027" lon="10.910010"><ele>925</ele></trkpt>
      <trkpt lat="47.175093" lon="10.910009"><ele>925</ele></trkpt>
      <trkpt lat="47.175094" lon="10.909923"><ele>925</ele></trkpt>
      <trkpt lat="47.175093" lon="10.909852"><ele>925</ele></trkpt>
      <trkpt lat="47.175077" lon="10.909658"><ele>925</ele></trkpt>
      <trkpt lat="47.174804" lon="10.908024"><ele>926</ele></trkpt>
      <trkpt lat="47.174912" lon="10.908041"><ele>926</ele></trkpt>
      <trkpt lat="47.175084" lon="10.908042"><ele>926</ele></trkpt>
      <trkpt lat="47.175223" lon="10.907991"><ele>926</ele></trkpt>
      <trkpt lat="47.175372" lon="10.907893"><ele>926</ele></trkpt>
      <trkpt lat="47.175483" lon="10.907791"><ele>926</ele></trkpt>
      <trkpt lat="47.175727" lon="10.907451"><ele>927</ele></trkpt>
      <trkpt lat="47.175852" lon="10.907380"><ele>926</ele></trkpt>
      <trkpt lat="47.176001" lon="10.907276"><ele>927</ele></trkpt>
      <trkpt lat="47.176132" lon="10.907163"><ele>927</ele></trkpt>
      <trkpt lat="47.176134" lon="10.907039"><ele>927</ele></trkpt>
      <trkpt lat="47.176139" lon="10.906825"><ele>926</ele></trkpt>
      <trkpt lat="47.175992" lon="10.906390"><ele>924</ele></trkpt>
      <trkpt lat="47.175921" lon="10.906129"><ele>921</ele></trkpt>
      <trkpt lat="47.175910" lon="10.905911"><ele>920</ele></trkpt>
      <trkpt lat="47.175934" lon="10.905753"><ele>919</ele></trkpt>
      <trkpt lat="47.176023" lon="10.905584"><ele>917</ele></trkpt>
      <trkpt lat="47.176199" lon="10.905423"><ele>915</ele></trkpt>
      <trkpt lat="47.176235" lon="10.905394"><ele>915</ele></trkpt>
      <trkpt lat="47.176296" lon="10.905353"><ele>915</ele></trkpt>
      <trkpt lat="47.176310" lon="10.905408"><ele>915</ele></trkpt>
      <trkpt lat="47.176391" lon="10.905548"><ele>914</ele></trkpt>
      <trkpt lat="47.176723" lon="10.906026"><ele>910</ele></trkpt>
      <trkpt lat="47.177139" lon="10.906595"><ele>908</ele></trkpt>
      <trkpt lat="47.177287" lon="10.906721"><ele>908</ele></trkpt>
      <trkpt lat="47.177556" lon="10.906722"><ele>907</ele></trkpt>
      <trkpt lat="47.177828" lon="10.906697"><ele>907</ele></trkpt>
      <trkpt lat="47.178029" lon="10.906630"><ele>906</ele></trkpt>
      <trkpt lat="47.178604" lon="10.906320"><ele>906</ele></trkpt>
      <trkpt lat="47.178894" lon="10.906144"><ele>905</ele></trkpt>
      <trkpt lat="47.179147" lon="10.905961"><ele>904</ele></trkpt>
      <trkpt lat="47.179537" lon="10.905524"><ele>904</ele></trkpt>
      <trkpt lat="47.179680" lon="10.905405"><ele>904</ele></trkpt>
      <trkpt lat="47.180166" lon="10.905147"><ele>904</ele></trkpt>
      <trkpt lat="47.180456" lon="10.904891"><ele>904</ele></trkpt>
      <trkpt lat="47.180742" lon="10.904669"><ele>904</ele></trkpt>
      <trkpt lat="47.180903" lon="10.904561"><ele>904</ele></trkpt>
      <trkpt lat="47.180991" lon="10.904487"><ele>904</ele></trkpt>
      <trkpt lat="47.181564" lon="10.904328"><ele>904</ele></trkpt>
      <trkpt lat="47.181736" lon="10.904261"><ele>904</ele></trkpt>
      <trkpt lat="47.181799" lon="10.904237"><ele>904</ele></trkpt>
      <trkpt lat="47.182217" lon="10.904068"><ele>903</ele></trkpt>
      <trkpt lat="47.182543" lon="10.904008"><ele>904</ele></trkpt>
      <trkpt lat="47.183341" lon="10.903709"><ele>908</ele></trkpt>
      <trkpt lat="47.183452" lon="10.903712"><ele>907</ele></trkpt>
      <trkpt lat="47.183543" lon="10.903747"><ele>906</ele></trkpt>
      <trkpt lat="47.183572" lon="10.903776"><ele>905</ele></trkpt>
      <trkpt lat="47.183582" lon="10.903813"><ele>904</ele></trkpt>
      <trkpt lat="47.183578" lon="10.903866"><ele>903</ele></trkpt>
      <trkpt lat="47.183580" lon="10.903937"><ele>902</ele></trkpt>
      <trkpt lat="47.183586" lon="10.903964"><ele>902</ele></trkpt>
      <trkpt lat="47.183618" lon="10.904013"><ele>902</ele></trkpt>
      <trkpt lat="47.183677" lon="10.904048"><ele>901</ele></trkpt>
      <trkpt lat="47.183699" lon="10.904084"><ele>901</ele></trkpt>
      <trkpt lat="47.183703" lon="10.904152"><ele>900</ele></trkpt>
      <trkpt lat="47.183672" lon="10.904221"><ele>902</ele></trkpt>
      <trkpt lat="47.183638" lon="10.904327"><ele>903</ele></trkpt>
      <trkpt lat="47.183658" lon="10.904371"><ele>902</ele></trkpt>
      <trkpt lat="47.183711" lon="10.904403"><ele>902</ele></trkpt>
      <trkpt lat="47.183838" lon="10.904298"><ele>898</ele></trkpt>
      <trkpt lat="47.183912" lon="10.904328"><ele>896</ele></trkpt>
      <trkpt lat="47.183920" lon="10.904393"><ele>896</ele></trkpt>
      <trkpt lat="47.183884" lon="10.904598"><ele>896</ele></trkpt>
      <trkpt lat="47.183904" lon="10.904680"><ele>895</ele></trkpt>
      <trkpt lat="47.183953" lon="10.904707"><ele>894</ele></trkpt>
      <trkpt lat="47.184004" lon="10.904699"><ele>893</ele></trkpt>
      <trkpt lat="47.184066" lon="10.904659"><ele>892</ele></trkpt>
      <trkpt lat="47.184094" lon="10.904661"><ele>891</ele></trkpt>
      <trkpt lat="47.184125" lon="10.904678"><ele>890</ele></trkpt>
      <trkpt lat="47.184139" lon="10.904755"><ele>890</ele></trkpt>
      <trkpt lat="47.184108" lon="10.904864"><ele>890</ele></trkpt>
      <trkpt lat="47.184084" lon="10.904983"><ele>888</ele></trkpt>
      <trkpt lat="47.184093" lon="10.905076"><ele>888</ele></trkpt>
      <trkpt lat="47.184137" lon="10.905121"><ele>887</ele></trkpt>
      <trkpt lat="47.184202" lon="10.905102"><ele>886</ele></trkpt>
      <trkpt lat="47.184285" lon="10.905049"><ele>885</ele></trkpt>
      <trkpt lat="47.184331" lon="10.905089"><ele>884</ele></trkpt>
      <trkpt lat="47.184375" lon="10.905231"><ele>884</ele></trkpt>
      <trkpt lat="47.184471" lon="10.905177"><ele>882</ele></trkpt>
      <trkpt lat="47.184535" lon="10.905171"><ele>881</ele></trkpt>
      <trkpt lat="47.184594" lon="10.905187"><ele>880</ele></trkpt>
      <trkpt lat="47.184656" lon="10.905235"><ele>880</ele></trkpt>
      <trkpt lat="47.184700" lon="10.905292"><ele>881</ele></trkpt>
      <trkpt lat="47.184732" lon="10.905363"><ele>880</ele></trkpt>
      <trkpt lat="47.184753" lon="10.905437"><ele>879</ele></trkpt>
      <trkpt lat="47.184763" lon="10.905524"><ele>878</ele></trkpt>
      <trkpt lat="47.184767" lon="10.905630"><ele>878</ele></trkpt>
      <trkpt lat="47.184730" lon="10.906131"><ele>876</ele></trkpt>
      <trkpt lat="47.184710" lon="10.906423"><ele>876</ele></trkpt>
      <trkpt lat="47.184702" lon="10.906888"><ele>874</ele></trkpt>
      <trkpt lat="47.184747" lon="10.907579"><ele>870</ele></trkpt>
      <trkpt lat="47.184750" lon="10.907703"><ele>869</ele></trkpt>
      <trkpt lat="47.184745" lon="10.907817"><ele>869</ele></trkpt>
      <trkpt lat="47.184712" lon="10.908025"><ele>868</ele></trkpt>
      <trkpt lat="47.184682" lon="10.908142"><ele>868</ele></trkpt>
      <trkpt lat="47.184552" lon="10.908492"><ele>866</ele></trkpt>
      <trkpt lat="47.184514" lon="10.908633"><ele>865</ele></trkpt>
      <trkpt lat="47.184504" lon="10.908705"><ele>865</ele></trkpt>
      <trkpt lat="47.184513" lon="10.908771"><ele>865</ele></trkpt>
      <trkpt lat="47.184540" lon="10.908832"><ele>865</ele></trkpt>
      <trkpt lat="47.184582" lon="10.908860"><ele>865</ele></trkpt>
      <trkpt lat="47.184627" lon="10.908855"><ele>864</ele></trkpt>
      <trkpt lat="47.184664" lon="10.908829"><ele>864</ele></trkpt>
      <trkpt lat="47.184705" lon="10.908779"><ele>864</ele></trkpt>
      <trkpt lat="47.184742" lon="10.908716"><ele>863</ele></trkpt>
      <trkpt lat="47.184799" lon="10.908561"><ele>862</ele></trkpt>
      <trkpt lat="47.184903" lon="10.908186"><ele>862</ele></trkpt>
      <trkpt lat="47.185046" lon="10.907840"><ele>860</ele></trkpt>
      <trkpt lat="47.185142" lon="10.907672"><ele>858</ele></trkpt>
      <trkpt lat="47.185252" lon="10.907514"><ele>857</ele></trkpt>
      <trkpt lat="47.185359" lon="10.907408"><ele>856</ele></trkpt>
      <trkpt lat="47.185477" lon="10.907321"><ele>855</ele></trkpt>
      <trkpt lat="47.185669" lon="10.907214"><ele>854</ele></trkpt>
      <trkpt lat="47.185851" lon="10.907161"><ele>854</ele></trkpt>
      <trkpt lat="47.185981" lon="10.907150"><ele>854</ele></trkpt>
      <trkpt lat="47.186184" lon="10.907159"><ele>853</ele></trkpt>
      <trkpt lat="47.186273" lon="10.907151"><ele>853</ele></trkpt>
      <trkpt lat="47.186309" lon="10.907049"><ele>853</ele></trkpt>
      <trkpt lat="47.186356" lon="10.907024"><ele>853</ele></trkpt>
      <trkpt lat="47.186481" lon="10.907051"><ele>852</ele></trkpt>
      <trkpt lat="47.186533" lon="10.907060"><ele>851</ele></trkpt>
      <trkpt lat="47.186652" lon="10.907051"><ele>850</ele></trkpt>
      <trkpt lat="47.186823" lon="10.907014"><ele>848</ele></trkpt>
      <trkpt lat="47.187078" lon="10.906921"><ele>845</ele></trkpt>
      <trkpt lat="47.187209" lon="10.906863"><ele>844</ele></trkpt>
      <trkpt lat="47.187244" lon="10.906821"><ele>844</ele></trkpt>
      <trkpt lat="47.187266" lon="10.906772"><ele>843</ele></trkpt>
      <trkpt lat="47.187338" lon="10.906156"><ele>841</ele></trkpt>
      <trkpt lat="47.187369" lon="10.906018"><ele>841</ele></trkpt>
      <trkpt lat="47.187428" lon="10.905882"><ele>841</ele></trkpt>
      <trkpt lat="47.187608" lon="10.905647"><ele>840</ele></trkpt>
      <trkpt lat="47.187946" lon="10.905364"><ele>841</ele></trkpt>
      <trkpt lat="47.187989" lon="10.905327"><ele>841</ele></trkpt>
      <trkpt lat="47.188147" lon="10.905292"><ele>840</ele></trkpt>
      <trkpt lat="47.188260" lon="10.905345"><ele>839</ele></trkpt>
      <trkpt lat="47.188541" lon="10.905577"><ele>840</ele></trkpt>
      <trkpt lat="47.188851" lon="10.905904"><ele>841</ele></trkpt>
      <trkpt lat="47.188975" lon="10.905937"><ele>841</ele></trkpt>
      <trkpt lat="47.189542" lon="10.905831"><ele>838</ele></trkpt>
      <trkpt lat="47.189864" lon="10.905869"><ele>837</ele></trkpt>
      <trkpt lat="47.190223" lon="10.905977"><ele>836</ele></trkpt>
      <trkpt lat="47.190327" lon="10.906055"><ele>836</ele></trkpt>
      <trkpt lat="47.190336" lon="10.906108"><ele>836</ele></trkpt>
      <trkpt lat="47.190328" lon="10.906191"><ele>836</ele></trkpt>
      <trkpt lat="47.190214" lon="10.906879"><ele>838</ele></trkpt>
      <trkpt lat="47.190335" lon="10.906965"><ele>838</ele></trkpt>
      <trkpt lat="47.190535" lon="10.907166"><ele>839</ele></trkpt>
      <trkpt lat="47.190746" lon="10.907368"><ele>839</ele></trkpt>
      <trkpt lat="47.190814" lon="10.907404"><ele>839</ele></trkpt>
      <trkpt lat="47.190929" lon="10.907464"><ele>839</ele></trkpt>
      <trkpt lat="47.190975" lon="10.907478"><ele>839</ele></trkpt>
      <trkpt lat="47.191097" lon="10.907515"><ele>839</ele></trkpt>
      <trkpt lat="47.191320" lon="10.907568"><ele>839</ele></trkpt>
      <trkpt lat="47.191524" lon="10.907561"><ele>839</ele></trkpt>
      <trkpt lat="47.191666" lon="10.907536"><ele>839</ele></trkpt>
      <trkpt lat="47.191715" lon="10.907527"><ele>839</ele></trkpt>
      <trkpt lat="47.192014" lon="10.907427"><ele>838</ele></trkpt>
      <trkpt lat="47.192124" lon="10.907108"><ele>838</ele></trkpt>
      <trkpt lat="47.192379" lon="10.907199"><ele>837</ele></trkpt>
      <trkpt lat="47.192773" lon="10.907340"><ele>836</ele></trkpt>
      <trkpt lat="47.193097" lon="10.907409"><ele>836</ele></trkpt>
      <trkpt lat="47.193224" lon="10.907436"><ele>834</ele></trkpt>
      <trkpt lat="47.193243" lon="10.907606"><ele>835</ele></trkpt>
      <trkpt lat="47.193337" lon="10.907787"><ele>835</ele></trkpt>
      <trkpt lat="47.193442" lon="10.907949"><ele>834</ele></trkpt>
      <trkpt lat="47.193555" lon="10.908059"><ele>834</ele></trkpt>
      <trkpt lat="47.193844" lon="10.908225"><ele>832</ele></trkpt>
      <trkpt lat="47.194005" lon="10.908282"><ele>830</ele></trkpt>
      <trkpt lat="47.194240" lon="10.908199"><ele>827</ele></trkpt>
      <trkpt lat="47.194342" lon="10.907958"><ele>825</ele></trkpt>
      <trkpt lat="47.194464" lon="10.907635"><ele>826</ele></trkpt>
      <trkpt lat="47.194544" lon="10.907506"><ele>826</ele></trkpt>
      <trkpt lat="47.194822" lon="10.907405"><ele>824</ele></trkpt>
      <trkpt lat="47.195462" lon="10.907161"><ele>819</ele></trkpt>
      <trkpt lat="47.195808" lon="10.906991"><ele>815</ele></trkpt>
      <trkpt lat="47.196049" lon="10.906838"><ele>813</ele></trkpt>
      <trkpt lat="47.196341" lon="10.906593"><ele>812</ele></trkpt>
      <trkpt lat="47.196639" lon="10.906235"><ele>811</ele></trkpt>
      <trkpt lat="47.197351" lon="10.905279"><ele>810</ele></trkpt>
      <trkpt lat="47.197711" lon="10.904666"><ele>808</ele></trkpt>
      <trkpt lat="47.198244" lon="10.903759"><ele>806</ele></trkpt>
      <trkpt lat="47.198307" lon="10.903646"><ele>806</ele></trkpt>
      <trkpt lat="47.198454" lon="10.903380"><ele>804</ele></trkpt>
      <trkpt lat="47.198541" lon="10.903362"><ele>804</ele></trkpt>
      <trkpt lat="47.198581" lon="10.903340"><ele>804</ele></trkpt>
      <trkpt lat="47.198610" lon="10.903301"><ele>804</ele></trkpt>
      <trkpt lat="47.198630" lon="10.903253"><ele>803</ele></trkpt>
      <trkpt lat="47.198696" lon="10.902975"><ele>802</ele></trkpt>
      <trkpt lat="47.198775" lon="10.902810"><ele>801</ele></trkpt>
      <trkpt lat="47.199423" lon="10.901669"><ele>794</ele></trkpt>
      <trkpt lat="47.199552" lon="10.901433"><ele>793</ele></trkpt>
      <trkpt lat="47.199787" lon="10.901072"><ele>790</ele></trkpt>
      <trkpt lat="47.200019" lon="10.900733"><ele>788</ele></trkpt>
      <trkpt lat="47.200132" lon="10.900568"><ele>788</ele></trkpt>
      <trkpt lat="47.200172" lon="10.900533"><ele>788</ele></trkpt>
      <trkpt lat="47.200305" lon="10.900418"><ele>788</ele></trkpt>
      <trkpt lat="47.200289" lon="10.900332"><ele>787</ele></trkpt>
      <trkpt lat="47.200262" lon="10.900260"><ele>787</ele></trkpt>
      <trkpt lat="47.200432" lon="10.900095"><ele>786</ele></trkpt>
      <trkpt lat="47.200369" lon="10.900001"><ele>785</ele></trkpt>
      <trkpt lat="47.200293" lon="10.899904"><ele>784</ele></trkpt>
      <trkpt lat="47.200028" lon="10.899468"><ele>782</ele></trkpt>
      <trkpt lat="47.200028" lon="10.899390"><ele>781</ele></trkpt>
      <trkpt lat="47.200080" lon="10.899288"><ele>780</ele></trkpt>
      <trkpt lat="47.200407" lon="10.898874"><ele>779</ele></trkpt>
      <trkpt lat="47.200550" lon="10.898728"><ele>780</ele></trkpt>
      <trkpt lat="47.200596" lon="10.898694"><ele>779</ele></trkpt>
      <trkpt lat="47.200923" lon="10.898540"><ele>778</ele></trkpt>
      <trkpt lat="47.201121" lon="10.898456"><ele>778</ele></trkpt>
      <trkpt lat="47.201284" lon="10.898373"><ele>778</ele></trkpt>
      <trkpt lat="47.201417" lon="10.898289"><ele>777</ele></trkpt>
      <trkpt lat="47.201544" lon="10.898180"><ele>777</ele></trkpt>
      <trkpt lat="47.202045" lon="10.897693"><ele>776</ele></trkpt>
      <trkpt lat="47.201961" lon="10.897579"><ele>776</ele></trkpt>
      <trkpt lat="47.201818" lon="10.897385"><ele>776</ele></trkpt>
      <trkpt lat="47.201582" lon="10.897066"><ele>776</ele></trkpt>
      <trkpt lat="47.201761" lon="10.896739"><ele>774</ele></trkpt>
      <trkpt lat="47.201938" lon="10.896285"><ele>774</ele></trkpt>
      <trkpt lat="47.201989" lon="10.896120"><ele>774</ele></trkpt>
      <trkpt lat="47.202039" lon="10.895916"><ele>773</ele></trkpt>
      <trkpt lat="47.202104" lon="10.895653"><ele>773</ele></trkpt>
      <trkpt lat="47.202172" lon="10.895374"><ele>774</ele></trkpt>
      <trkpt lat="47.202218" lon="10.895125"><ele>774</ele></trkpt>
      <trkpt lat="47.202265" lon="10.894870"><ele>772</ele></trkpt>
      <trkpt lat="47.202320" lon="10.894422"><ele>770</ele></trkpt>
      <trkpt lat="47.202406" lon="10.893051"><ele>770</ele></trkpt>
      <trkpt lat="47.202446" lon="10.892561"><ele>770</ele></trkpt>
      <trkpt lat="47.202482" lon="10.892359"><ele>770</ele></trkpt>
      <trkpt lat="47.202492" lon="10.892266"><ele>771</ele></trkpt>
      <trkpt lat="47.202477" lon="10.892101"><ele>770</ele></trkpt>
      <trkpt lat="47.202429" lon="10.891438"><ele>768</ele></trkpt>
      <trkpt lat="47.202367" lon="10.890882"><ele>766</ele></trkpt>
      <trkpt lat="47.202587" lon="10.890849"><ele>768</ele></trkpt>
      <trkpt lat="47.202656" lon="10.890495"><ele>768</ele></trkpt>
      <trkpt lat="47.202710" lon="10.890332"><ele>767</ele></trkpt>
      <trkpt lat="47.202811" lon="10.889928"><ele>766</ele></trkpt>
      <trkpt lat="47.202903" lon="10.889524"><ele>766</ele></trkpt>
      <trkpt lat="47.202963" lon="10.889205"><ele>765</ele></trkpt>
      <trkpt lat="47.203016" lon="10.888880"><ele>765</ele></trkpt>
      <trkpt lat="47.203038" lon="10.888679"><ele>765</ele></trkpt>
      <trkpt lat="47.203046" lon="10.888499"><ele>765</ele></trkpt>
      <trkpt lat="47.203020" lon="10.887887"><ele>764</ele></trkpt>
      <trkpt lat="47.203052" lon="10.887338"><ele>763</ele></trkpt>
      <trkpt lat="47.203055" lon="10.886895"><ele>762</ele></trkpt>
      <trkpt lat="47.202997" lon="10.885944"><ele>760</ele></trkpt>
      <trkpt lat="47.202939" lon="10.885675"><ele>760</ele></trkpt>
      <trkpt lat="47.202922" lon="10.885567"><ele>760</ele></trkpt>
      <trkpt lat="47.202921" lon="10.885449"><ele>760</ele></trkpt>
      <trkpt lat="47.202939" lon="10.885347"><ele>760</ele></trkpt>
      <trkpt lat="47.203028" lon="10.885171"><ele>760</ele></trkpt>
      <trkpt lat="47.203544" lon="10.884338"><ele>759</ele></trkpt>
      <trkpt lat="47.203587" lon="10.884238"><ele>759</ele></trkpt>
      <trkpt lat="47.203629" lon="10.884033"><ele>759</ele></trkpt>
      <trkpt lat="47.203665" lon="10.883921"><ele>759</ele></trkpt>
      <trkpt lat="47.203717" lon="10.883820"><ele>759</ele></trkpt>
      <trkpt lat="47.203931" lon="10.883504"><ele>758</ele></trkpt>
      <trkpt lat="47.204152" lon="10.883217"><ele>758</ele></trkpt>
      <trkpt lat="47.204246" lon="10.883119"><ele>758</ele></trkpt>
      <trkpt lat="47.204320" lon="10.883023"><ele>758</ele></trkpt>
      <trkpt lat="47.204419" lon="10.882852"><ele>757</ele></trkpt>
      <trkpt lat="47.204572" lon="10.882670"><ele>757</ele></trkpt>
      <trkpt lat="47.204614" lon="10.882600"><ele>757</ele></trkpt>
      <trkpt lat="47.204843" lon="10.882066"><ele>757</ele></trkpt>
      <trkpt lat="47.205040" lon="10.881491"><ele>757</ele></trkpt>
      <trkpt lat="47.205125" lon="10.881159"><ele>756</ele></trkpt>
      <trkpt lat="47.205140" lon="10.881091"><ele>756</ele></trkpt>
      <trkpt lat="47.205196" lon="10.880850"><ele>755</ele></trkpt>
      <trkpt lat="47.205267" lon="10.880472"><ele>755</ele></trkpt>
      <trkpt lat="47.205360" lon="10.879897"><ele>754</ele></trkpt>
      <trkpt lat="47.205441" lon="10.879894"><ele>754</ele></trkpt>
      <trkpt lat="47.205462" lon="10.879889"><ele>754</ele></trkpt>
      <trkpt lat="47.205547" lon="10.879867"><ele>754</ele></trkpt>
      <trkpt lat="47.205701" lon="10.879761"><ele>754</ele></trkpt>
      <trkpt lat="47.205919" lon="10.879459"><ele>754</ele></trkpt>
      <trkpt lat="47.206747" lon="10.878545"><ele>754</ele></trkpt>
      <trkpt lat="47.206893" lon="10.878333"><ele>756</ele></trkpt>
      <trkpt lat="47.206986" lon="10.878072"><ele>755</ele></trkpt>
      <trkpt lat="47.207077" lon="10.877396"><ele>754</ele></trkpt>
      <trkpt lat="47.207202" lon="10.877199"><ele>757</ele></trkpt>
      <trkpt lat="47.207715" lon="10.875207"><ele>756</ele></trkpt>
      <trkpt lat="47.207748" lon="10.875052"><ele>756</ele></trkpt>
      <trkpt lat="47.207770" lon="10.874913"><ele>756</ele></trkpt>
      <trkpt lat="47.207683" lon="10.874882"><ele>753</ele></trkpt>
      <trkpt lat="47.207423" lon="10.874714"><ele>754</ele></trkpt>
      <trkpt lat="47.207408" lon="10.874637"><ele>755</ele></trkpt>
      <trkpt lat="47.207458" lon="10.874279"><ele>757</ele></trkpt>
      <trkpt lat="47.207507" lon="10.874161"><ele>757</ele></trkpt>
      <trkpt lat="47.207569" lon="10.874010"><ele>756</ele></trkpt>
      <trkpt lat="47.207599" lon="10.873902"><ele>756</ele></trkpt>
      <trkpt lat="47.207677" lon="10.873621"><ele>755</ele></trkpt>
      <trkpt lat="47.208085" lon="10.872453"><ele>750</ele></trkpt>
      <trkpt lat="47.208284" lon="10.872088"><ele>750</ele></trkpt>
      <trkpt lat="47.208369" lon="10.871899"><ele>750</ele></trkpt>
      <trkpt lat="47.208563" lon="10.871638"><ele>748</ele></trkpt>
      <trkpt lat="47.208744" lon="10.871422"><ele>748</ele></trkpt>
      <trkpt lat="47.208912" lon="10.871240"><ele>747</ele></trkpt>
      <trkpt lat="47.209145" lon="10.871080"><ele>746</ele></trkpt>
      <trkpt lat="47.209398" lon="10.870968"><ele>747</ele></trkpt>
      <trkpt lat="47.209506" lon="10.870951"><ele>746</ele></trkpt>
      <trkpt lat="47.210094" lon="10.870803"><ele>743</ele></trkpt>
      <trkpt lat="47.210909" lon="10.870705"><ele>740</ele></trkpt>
      <trkpt lat="47.211153" lon="10.870611"><ele>739</ele></trkpt>
      <trkpt lat="47.211284" lon="10.870533"><ele>738</ele></trkpt>
      <trkpt lat="47.211848" lon="10.869866"><ele>739</ele></trkpt>
      <trkpt lat="47.211882" lon="10.869796"><ele>740</ele></trkpt>
      <trkpt lat="47.211897" lon="10.869710"><ele>741</ele></trkpt>
      <trkpt lat="47.211838" lon="10.869387"><ele>742</ele></trkpt>
      <trkpt lat="47.211817" lon="10.868920"><ele>742</ele></trkpt>
      <trkpt lat="47.211782" lon="10.868588"><ele>740</ele></trkpt>
      <trkpt lat="47.211686" lon="10.868093"><ele>738</ele></trkpt>
      <trkpt lat="47.211607" lon="10.867683"><ele>739</ele></trkpt>
      <trkpt lat="47.211533" lon="10.867302"><ele>740</ele></trkpt>
      <trkpt lat="47.211537" lon="10.866972"><ele>740</ele></trkpt>
      <trkpt lat="47.211610" lon="10.866553"><ele>738</ele></trkpt>
      <trkpt lat="47.212069" lon="10.864876"><ele>737</ele></trkpt>
      <trkpt lat="47.212185" lon="10.864488"><ele>735</ele></trkpt>
      <trkpt lat="47.212265" lon="10.863820"><ele>735</ele></trkpt>
      <trkpt lat="47.212333" lon="10.863500"><ele>736</ele></trkpt>
      <trkpt lat="47.212411" lon="10.863247"><ele>735</ele></trkpt>
      <trkpt lat="47.212562" lon="10.863005"><ele>734</ele></trkpt>
      <trkpt lat="47.212705" lon="10.862888"><ele>734</ele></trkpt>
      <trkpt lat="47.212813" lon="10.862838"><ele>734</ele></trkpt>
      <trkpt lat="47.213299" lon="10.862837"><ele>733</ele></trkpt>
      <trkpt lat="47.213855" lon="10.862887"><ele>732</ele></trkpt>
      <trkpt lat="47.214168" lon="10.862899"><ele>731</ele></trkpt>
      <trkpt lat="47.214471" lon="10.862897"><ele>728</ele></trkpt>
      <trkpt lat="47.214491" lon="10.862897"><ele>728</ele></trkpt>
      <trkpt lat="47.214922" lon="10.862809"><ele>728</ele></trkpt>
      <trkpt lat="47.215340" lon="10.862735"><ele>727</ele></trkpt>
      <trkpt lat="47.215532" lon="10.862640"><ele>726</ele></trkpt>
      <trkpt lat="47.215606" lon="10.862588"><ele>726</ele></trkpt>
      <trkpt lat="47.215696" lon="10.862473"><ele>726</ele></trkpt>
      <trkpt lat="47.215806" lon="10.862217"><ele>726</ele></trkpt>
      <trkpt lat="47.215845" lon="10.862090"><ele>726</ele></trkpt>
      <trkpt lat="47.215914" lon="10.861627"><ele>726</ele></trkpt>
      <trkpt lat="47.216047" lon="10.860353"><ele>725</ele></trkpt>
      <trkpt lat="47.216102" lon="10.860008"><ele>725</ele></trkpt>
      <trkpt lat="47.216160" lon="10.859813"><ele>726</ele></trkpt>
      <trkpt lat="47.216293" lon="10.859466"><ele>724</ele></trkpt>
      <trkpt lat="47.216436" lon="10.859188"><ele>724</ele></trkpt>
      <trkpt lat="47.216838" lon="10.858595"><ele>723</ele></trkpt>
      <trkpt lat="47.217259" lon="10.857876"><ele>724</ele></trkpt>
      <trkpt lat="47.217411" lon="10.857656"><ele>724</ele></trkpt>
      <trkpt lat="47.217516" lon="10.857538"><ele>722</ele></trkpt>
      <trkpt lat="47.217546" lon="10.857582"><ele>721</ele></trkpt>
      <trkpt lat="47.217835" lon="10.857984"><ele>720</ele></trkpt>
      <trkpt lat="47.217961" lon="10.858198"><ele>722</ele></trkpt>
      <trkpt lat="47.218015" lon="10.858304"><ele>723</ele></trkpt>
      <trkpt lat="47.218110" lon="10.858553"><ele>723</ele></trkpt>
      <trkpt lat="47.218193" lon="10.858750"><ele>725</ele></trkpt>
      <trkpt lat="47.218285" lon="10.858926"><ele>728</ele></trkpt>
      <trkpt lat="47.218317" lon="10.859021"><ele>728</ele></trkpt>
      <trkpt lat="47.218335" lon="10.859097"><ele>728</ele></trkpt>
      <trkpt lat="47.218403" lon="10.859452"><ele>729</ele></trkpt>
      <trkpt lat="47.218415" lon="10.859560"><ele>729</ele></trkpt>
      <trkpt lat="47.218416" lon="10.859807"><ele>729</ele></trkpt>
      <trkpt lat="47.218423" lon="10.859892"><ele>729</ele></trkpt>
      <trkpt lat="47.218451" lon="10.859990"><ele>729</ele></trkpt>
      <trkpt lat="47.218618" lon="10.860396"><ele>728</ele></trkpt>
      <trkpt lat="47.218779" lon="10.860733"><ele>726</ele></trkpt>
      <trkpt lat="47.218847" lon="10.860833"><ele>726</ele></trkpt>
      <trkpt lat="47.218912" lon="10.860910"><ele>726</ele></trkpt>
      <trkpt lat="47.218975" lon="10.860955"><ele>725</ele></trkpt>
      <trkpt lat="47.219038" lon="10.860986"><ele>725</ele></trkpt>
      <trkpt lat="47.219230" lon="10.861043"><ele>724</ele></trkpt>
      <trkpt lat="47.219439" lon="10.861052"><ele>724</ele></trkpt>
      <trkpt lat="47.219564" lon="10.861032"><ele>723</ele></trkpt>
      <trkpt lat="47.219781" lon="10.860972"><ele>723</ele></trkpt>
      <trkpt lat="47.219984" lon="10.860932"><ele>723</ele></trkpt>
      <trkpt lat="47.220038" lon="10.860910"><ele>723</ele></trkpt>
      <trkpt lat="47.220102" lon="10.860881"><ele>723</ele></trkpt>
      <trkpt lat="47.220301" lon="10.860893"><ele>724</ele></trkpt>
      <trkpt lat="47.220441" lon="10.860854"><ele>726</ele></trkpt>
      <trkpt lat="47.220559" lon="10.860694"><ele>726</ele></trkpt>
      <trkpt lat="47.220639" lon="10.860540"><ele>724</ele></trkpt>
      <trkpt lat="47.220864" lon="10.860092"><ele>724</ele></trkpt>
      <trkpt lat="47.221003" lon="10.859898"><ele>724</ele></trkpt>
      <trkpt lat="47.221083" lon="10.859814"><ele>724</ele></trkpt>
      <trkpt lat="47.221149" lon="10.859759"><ele>723</ele></trkpt>
      <trkpt lat="47.221214" lon="10.859730"><ele>722</ele></trkpt>
      <trkpt lat="47.221330" lon="10.859739"><ele>722</ele></trkpt>
      <trkpt lat="47.221487" lon="10.859857"><ele>723</ele></trkpt>
      <trkpt lat="47.222245" lon="10.860530"><ele>717</ele></trkpt>
      <trkpt lat="47.222527" lon="10.860694"><ele>718</ele></trkpt>
      <trkpt lat="47.222677" lon="10.860697"><ele>717</ele></trkpt>
      <trkpt lat="47.223001" lon="10.860733"><ele>716</ele></trkpt>
      <trkpt lat="47.224191" lon="10.861033"><ele>718</ele></trkpt>
      <trkpt lat="47.224389" lon="10.860979"><ele>718</ele></trkpt>
      <trkpt lat="47.224924" lon="10.860600"><ele>713</ele></trkpt>
      <trkpt lat="47.225271" lon="10.860397"><ele>712</ele></trkpt>
      <trkpt lat="47.225638" lon="10.860240"><ele>711</ele></trkpt>
      <trkpt lat="47.225852" lon="10.860112"><ele>711</ele></trkpt>
      <trkpt lat="47.226085" lon="10.859926"><ele>710</ele></trkpt>
      <trkpt lat="47.226268" lon="10.859673"><ele>710</ele></trkpt>
      <trkpt lat="47.226692" lon="10.858930"><ele>709</ele></trkpt>
      <trkpt lat="47.226947" lon="10.858678"><ele>710</ele></trkpt>
      <trkpt lat="47.227006" lon="10.858545"><ele>712</ele></trkpt>
      <trkpt lat="47.227069" lon="10.858229"><ele>712</ele></trkpt>
      <trkpt lat="47.227134" lon="10.857770"><ele>710</ele></trkpt>
      <trkpt lat="47.227193" lon="10.857013"><ele>706</ele></trkpt>
      <trkpt lat="47.227327" lon="10.856546"><ele>706</ele></trkpt>
      <trkpt lat="47.227428" lon="10.856223"><ele>707</ele></trkpt>
      <trkpt lat="47.227505" lon="10.855877"><ele>706</ele></trkpt>
      <trkpt lat="47.227520" lon="10.855509"><ele>705</ele></trkpt>
      <trkpt lat="47.227630" lon="10.854471"><ele>702</ele></trkpt>
      <trkpt lat="47.227616" lon="10.854410"><ele>702</ele></trkpt>
      <trkpt lat="47.227594" lon="10.854287"><ele>702</ele></trkpt>
      <trkpt lat="47.227545" lon="10.854021"><ele>704</ele></trkpt>
      <trkpt lat="47.227381" lon="10.853492"><ele>702</ele></trkpt>
      <trkpt lat="47.227278" lon="10.853208"><ele>702</ele></trkpt>
      <trkpt lat="47.226636" lon="10.851681"><ele>700</ele></trkpt>
      <trkpt lat="47.226488" lon="10.851271"><ele>700</ele></trkpt>
      <trkpt lat="47.226398" lon="10.850932"><ele>699</ele></trkpt>
      <trkpt lat="47.226372" lon="10.850788"><ele>698</ele></trkpt>
      <trkpt lat="47.226352" lon="10.850488"><ele>699</ele></trkpt>
      <trkpt lat="47.226258" lon="10.850091"><ele>702</ele></trkpt>
      <trkpt lat="47.226233" lon="10.850028"><ele>702</ele></trkpt>
      <trkpt lat="47.226137" lon="10.849866"><ele>698</ele></trkpt>
      <trkpt lat="47.226112" lon="10.849796"><ele>698</ele></trkpt>
      <trkpt lat="47.226094" lon="10.849628"><ele>697</ele></trkpt>
      <trkpt lat="47.226109" lon="10.849442"><ele>697</ele></trkpt>
      <trkpt lat="47.226133" lon="10.849328"><ele>697</ele></trkpt>
      <trkpt lat="47.226197" lon="10.849108"><ele>696</ele></trkpt>
      <trkpt lat="47.226338" lon="10.848778"><ele>694</ele></trkpt>
      <trkpt lat="47.226388" lon="10.848658"><ele>695</ele></trkpt>
      <trkpt lat="47.226487" lon="10.848461"><ele>694</ele></trkpt>
      <trkpt lat="47.226558" lon="10.848357"><ele>693</ele></trkpt>
      <trkpt lat="47.226643" lon="10.848281"><ele>693</ele></trkpt>
      <trkpt lat="47.226773" lon="10.848207"><ele>693</ele></trkpt>
      <trkpt lat="47.227187" lon="10.848071"><ele>693</ele></trkpt>
      <trkpt lat="47.228028" lon="10.847851"><ele>692</ele></trkpt>
      <trkpt lat="47.228035" lon="10.847660"><ele>690</ele></trkpt>
      <trkpt lat="47.227993" lon="10.847134"><ele>690</ele></trkpt>
      <trkpt lat="47.227940" lon="10.846795"><ele>694</ele></trkpt>
      <trkpt lat="47.227948" lon="10.846770"><ele>694</ele></trkpt>
      <trkpt lat="47.227997" lon="10.846711"><ele>694</ele></trkpt>
      <trkpt lat="47.228117" lon="10.846617"><ele>692</ele></trkpt>
      <trkpt lat="47.228205" lon="10.846458"><ele>692</ele></trkpt>
      <trkpt lat="47.228230" lon="10.846345"><ele>693</ele></trkpt>
      <trkpt lat="47.228237" lon="10.846262"><ele>693</ele></trkpt>
      <trkpt lat="47.228254" lon="10.846202"><ele>693</ele></trkpt>
      <trkpt lat="47.228601" lon="10.845527"><ele>691</ele></trkpt>
      <trkpt lat="47.228627" lon="10.845343"><ele>691</ele></trkpt>
      <trkpt lat="47.228617" lon="10.845106"><ele>691</ele></trkpt>
      <trkpt lat="47.228516" lon="10.844490"><ele>694</ele></trkpt>
      <trkpt lat="47.228457" lon="10.843782"><ele>694</ele></trkpt>
      <trkpt lat="47.228452" lon="10.843524"><ele>694</ele></trkpt>
      <trkpt lat="47.228515" lon="10.843274"><ele>694</ele></trkpt>
      <trkpt lat="47.228643" lon="10.843060"><ele>692</ele></trkpt>
      <trkpt lat="47.228810" lon="10.842780"><ele>692</ele></trkpt>
      <trkpt lat="47.228881" lon="10.842576"><ele>689</ele></trkpt>
      <trkpt lat="47.228921" lon="10.842266"><ele>690</ele></trkpt>
      <trkpt lat="47.228955" lon="10.842136"><ele>691</ele></trkpt>
      <trkpt lat="47.229066" lon="10.841885"><ele>691</ele></trkpt>
      <trkpt lat="47.229286" lon="10.841559"><ele>686</ele></trkpt>
      <trkpt lat="47.229513" lon="10.840870"><ele>685</ele></trkpt>
      <trkpt lat="47.229617" lon="10.840663"><ele>687</ele></trkpt>
      <trkpt lat="47.229801" lon="10.840452"><ele>687</ele></trkpt>
      <trkpt lat="47.230000" lon="10.840305"><ele>685</ele></trkpt>
      <trkpt lat="47.230462" lon="10.840078"><ele>684</ele></trkpt>
      <trkpt lat="47.230737" lon="10.839999"><ele>684</ele></trkpt>
      <trkpt lat="47.230786" lon="10.839949"><ele>685</ele></trkpt>
      <trkpt lat="47.230854" lon="10.839830"><ele>687</ele></trkpt>
      <trkpt lat="47.230849" lon="10.839633"><ele>690</ele></trkpt>
      <trkpt lat="47.231263" lon="10.839642"><ele>685</ele></trkpt>
      <trkpt lat="47.231353" lon="10.839606"><ele>684</ele></trkpt>
      <trkpt lat="47.231396" lon="10.839558"><ele>684</ele></trkpt>
      <trkpt lat="47.231458" lon="10.839430"><ele>685</ele></trkpt>
      <trkpt lat="47.231505" lon="10.839243"><ele>686</ele></trkpt>
      <trkpt lat="47.231506" lon="10.839085"><ele>685</ele></trkpt>
      <trkpt lat="47.231475" lon="10.838948"><ele>684</ele></trkpt>
      <trkpt lat="47.231431" lon="10.838874"><ele>684</ele></trkpt>
      <trkpt lat="47.231357" lon="10.838826"><ele>686</ele></trkpt>
      <trkpt lat="47.231162" lon="10.838784"><ele>690</ele></trkpt>
      <trkpt lat="47.231009" lon="10.838694"><ele>692</ele></trkpt>
      <trkpt lat="47.230947" lon="10.838589"><ele>691</ele></trkpt>
      <trkpt lat="47.230891" lon="10.838402"><ele>691</ele></trkpt>
      <trkpt lat="47.230857" lon="10.838336"><ele>691</ele></trkpt>
      <trkpt lat="47.230829" lon="10.838317"><ele>691</ele></trkpt>
      <trkpt lat="47.230800" lon="10.838319"><ele>691</ele></trkpt>
      <trkpt lat="47.230745" lon="10.838361"><ele>692</ele></trkpt>
      <trkpt lat="47.230637" lon="10.838475"><ele>693</ele></trkpt>
      <trkpt lat="47.230569" lon="10.838533"><ele>694</ele></trkpt>
      <trkpt lat="47.230463" lon="10.838568"><ele>696</ele></trkpt>
      <trkpt lat="47.230371" lon="10.838555"><ele>697</ele></trkpt>
      <trkpt lat="47.230273" lon="10.838518"><ele>698</ele></trkpt>
      <trkpt lat="47.228498" lon="10.837298"><ele>696</ele></trkpt>
      <trkpt lat="47.228325" lon="10.837253"><ele>696</ele></trkpt>
      <trkpt lat="47.228160" lon="10.837087"><ele>694</ele></trkpt>
      <trkpt lat="47.227812" lon="10.836812"><ele>695</ele></trkpt>
      <trkpt lat="47.227509" lon="10.836517"><ele>696</ele></trkpt>
      <trkpt lat="47.227244" lon="10.836182"><ele>696</ele></trkpt>
      <trkpt lat="47.227146" lon="10.836037"><ele>696</ele></trkpt>
      <trkpt lat="47.227081" lon="10.835854"><ele>697</ele></trkpt>
      <trkpt lat="47.227091" lon="10.835738"><ele>696</ele></trkpt>
      <trkpt lat="47.227075" lon="10.835533"><ele>696</ele></trkpt>
      <trkpt lat="47.226961" lon="10.835169"><ele>698</ele></trkpt>
      <trkpt lat="47.226951" lon="10.835082"><ele>698</ele></trkpt>
      <trkpt lat="47.226929" lon="10.834948"><ele>698</ele></trkpt>
      <trkpt lat="47.226913" lon="10.834729"><ele>697</ele></trkpt>
      <trkpt lat="47.226883" lon="10.834476"><ele>698</ele></trkpt>
      <trkpt lat="47.226864" lon="10.834379"><ele>698</ele></trkpt>
      <trkpt lat="47.226832" lon="10.834282"><ele>698</ele></trkpt>
      <trkpt lat="47.226761" lon="10.834143"><ele>697</ele></trkpt>
      <trkpt lat="47.226530" lon="10.833845"><ele>697</ele></trkpt>
      <trkpt lat="47.226396" lon="10.833672"><ele>698</ele></trkpt>
      <trkpt lat="47.226327" lon="10.833564"><ele>698</ele></trkpt>
      <trkpt lat="47.226264" lon="10.833406"><ele>698</ele></trkpt>
      <trkpt lat="47.226065" lon="10.832680"><ele>695</ele></trkpt>
      <trkpt lat="47.225975" lon="10.832308"><ele>697</ele></trkpt>
      <trkpt lat="47.225958" lon="10.832215"><ele>698</ele></trkpt>
      <trkpt lat="47.225892" lon="10.831702"><ele>700</ele></trkpt>
      <trkpt lat="47.225855" lon="10.831339"><ele>699</ele></trkpt>
      <trkpt lat="47.225825" lon="10.831203"><ele>698</ele></trkpt>
      <trkpt lat="47.225745" lon="10.830981"><ele>698</ele></trkpt>
      <trkpt lat="47.225596" lon="10.830451"><ele>699</ele></trkpt>
      <trkpt lat="47.225551" lon="10.830375"><ele>699</ele></trkpt>
      <trkpt lat="47.225496" lon="10.830330"><ele>700</ele></trkpt>
      <trkpt lat="47.225417" lon="10.830308"><ele>700</ele></trkpt>
      <trkpt lat="47.225345" lon="10.830325"><ele>702</ele></trkpt>
      <trkpt lat="47.225253" lon="10.830366"><ele>703</ele></trkpt>
      <trkpt lat="47.225169" lon="10.830401"><ele>703</ele></trkpt>
      <trkpt lat="47.225080" lon="10.830416"><ele>703</ele></trkpt>
      <trkpt lat="47.224993" lon="10.830406"><ele>702</ele></trkpt>
      <trkpt lat="47.224926" lon="10.830320"><ele>701</ele></trkpt>
      <trkpt lat="47.224876" lon="10.830220"><ele>701</ele></trkpt>
      <trkpt lat="47.224844" lon="10.830071"><ele>702</ele></trkpt>
      <trkpt lat="47.224852" lon="10.829918"><ele>704</ele></trkpt>
      <trkpt lat="47.224956" lon="10.829500"><ele>704</ele></trkpt>
      <trkpt lat="47.224987" lon="10.829321"><ele>703</ele></trkpt>
      <trkpt lat="47.225015" lon="10.828917"><ele>702</ele></trkpt>
      <trkpt lat="47.225079" lon="10.827684"><ele>706</ele></trkpt>
      <trkpt lat="47.225072" lon="10.827384"><ele>705</ele></trkpt>
      <trkpt lat="47.225084" lon="10.826984"><ele>706</ele></trkpt>
      <trkpt lat="47.225178" lon="10.825811"><ele>708</ele></trkpt>
      <trkpt lat="47.225176" lon="10.825372"><ele>708</ele></trkpt>
      <trkpt lat="47.225168" lon="10.825175"><ele>709</ele></trkpt>
      <trkpt lat="47.225142" lon="10.824923"><ele>709</ele></trkpt>
      <trkpt lat="47.225091" lon="10.824669"><ele>706</ele></trkpt>
      <trkpt lat="47.224944" lon="10.824354"><ele>706</ele></trkpt>
      <trkpt lat="47.224880" lon="10.824197"><ele>706</ele></trkpt>
      <trkpt lat="47.224841" lon="10.824061"><ele>706</ele></trkpt>
      <trkpt lat="47.224756" lon="10.823720"><ele>707</ele></trkpt>
      <trkpt lat="47.224707" lon="10.823563"><ele>707</ele></trkpt>
      <trkpt lat="47.224664" lon="10.823433"><ele>708</ele></trkpt>
      <trkpt lat="47.224630" lon="10.823313"><ele>708</ele></trkpt>
      <trkpt lat="47.224537" lon="10.823117"><ele>710</ele></trkpt>
      <trkpt lat="47.224435" lon="10.822944"><ele>709</ele></trkpt>
      <trkpt lat="47.224289" lon="10.822744"><ele>710</ele></trkpt>
      <trkpt lat="47.224135" lon="10.822560"><ele>710</ele></trkpt>
      <trkpt lat="47.223939" lon="10.822349"><ele>710</ele></trkpt>
      <trkpt lat="47.223853" lon="10.822292"><ele>710</ele></trkpt>
      <trkpt lat="47.223757" lon="10.822249"><ele>711</ele></trkpt>
      <trkpt lat="47.223653" lon="10.822227"><ele>712</ele></trkpt>
      <trkpt lat="47.223538" lon="10.822241"><ele>712</ele></trkpt>
      <trkpt lat="47.223422" lon="10.822272"><ele>712</ele></trkpt>
      <trkpt lat="47.223318" lon="10.822341"><ele>713</ele></trkpt>
      <trkpt lat="47.223248" lon="10.822404"><ele>713</ele></trkpt>
      <trkpt lat="47.223195" lon="10.822453"><ele>714</ele></trkpt>
      <trkpt lat="47.223051" lon="10.822739"><ele>716</ele></trkpt>
      <trkpt lat="47.222978" lon="10.822848"><ele>716</ele></trkpt>
      <trkpt lat="47.222909" lon="10.822815"><ele>715</ele></trkpt>
      <trkpt lat="47.222822" lon="10.822801"><ele>715</ele></trkpt>
      <trkpt lat="47.222732" lon="10.822798"><ele>715</ele></trkpt>
      <trkpt lat="47.222534" lon="10.822822"><ele>716</ele></trkpt>
      <trkpt lat="47.222294" lon="10.822909"><ele>716</ele></trkpt>
      <trkpt lat="47.222144" lon="10.822985"><ele>717</ele></trkpt>
      <trkpt lat="47.222096" lon="10.823011"><ele>717</ele></trkpt>
      <trkpt lat="47.221903" lon="10.823110"><ele>717</ele></trkpt>
      <trkpt lat="47.221746" lon="10.823190"><ele>717</ele></trkpt>
      <trkpt lat="47.221540" lon="10.823311"><ele>717</ele></trkpt>
      <trkpt lat="47.221246" lon="10.823482"><ele>719</ele></trkpt>
      <trkpt lat="47.221141" lon="10.823525"><ele>720</ele></trkpt>
      <trkpt lat="47.221015" lon="10.823531"><ele>720</ele></trkpt>
      <trkpt lat="47.220897" lon="10.823485"><ele>720</ele></trkpt>
      <trkpt lat="47.220768" lon="10.823386"><ele>722</ele></trkpt>
      <trkpt lat="47.220534" lon="10.823154"><ele>723</ele></trkpt>
      <trkpt lat="47.220282" lon="10.822903"><ele>722</ele></trkpt>
      <trkpt lat="47.220177" lon="10.822859"><ele>723</ele></trkpt>
      <trkpt lat="47.220118" lon="10.822858"><ele>723</ele></trkpt>
      <trkpt lat="47.219965" lon="10.822876"><ele>724</ele></trkpt>
      <trkpt lat="47.219796" lon="10.822915"><ele>724</ele></trkpt>
      <trkpt lat="47.219626" lon="10.822937"><ele>725</ele></trkpt>
      <trkpt lat="47.219504" lon="10.822927"><ele>725</ele></trkpt>
      <trkpt lat="47.219398" lon="10.822863"><ele>725</ele></trkpt>
      <trkpt lat="47.219337" lon="10.822795"><ele>724</ele></trkpt>
      <trkpt lat="47.219279" lon="10.822698"><ele>724</ele></trkpt>
      <trkpt lat="47.219143" lon="10.822471"><ele>724</ele></trkpt>
      <trkpt lat="47.219132" lon="10.822448"><ele>724</ele></trkpt>
      <trkpt lat="47.219034" lon="10.822256"><ele>724</ele></trkpt>
      <trkpt lat="47.218966" lon="10.822020"><ele>723</ele></trkpt>
      <trkpt lat="47.218926" lon="10.821743"><ele>722</ele></trkpt>
      <trkpt lat="47.218924" lon="10.821602"><ele>721</ele></trkpt>
      <trkpt lat="47.218945" lon="10.821268"><ele>720</ele></trkpt>
      <trkpt lat="47.218936" lon="10.821109"><ele>720</ele></trkpt>
      <trkpt lat="47.218913" lon="10.821000"><ele>718</ele></trkpt>
      <trkpt lat="47.218856" lon="10.820839"><ele>717</ele></trkpt>
      <trkpt lat="47.218670" lon="10.820437"><ele>714</ele></trkpt>
      <trkpt lat="47.218589" lon="10.820254"><ele>714</ele></trkpt>
      <trkpt lat="47.218493" lon="10.820088"><ele>712</ele></trkpt>
      <trkpt lat="47.218383" lon="10.819956"><ele>712</ele></trkpt>
      <trkpt lat="47.218312" lon="10.819910"><ele>712</ele></trkpt>
      <trkpt lat="47.218238" lon="10.819893"><ele>712</ele></trkpt>
      <trkpt lat="47.218148" lon="10.819883"><ele>712</ele></trkpt>
      <trkpt lat="47.218027" lon="10.819888"><ele>712</ele></trkpt>
      <trkpt lat="47.217891" lon="10.819946"><ele>713</ele></trkpt>
      <trkpt lat="47.217690" lon="10.820041"><ele>714</ele></trkpt>
      <trkpt lat="47.217657" lon="10.820061"><ele>714</ele></trkpt>
      <trkpt lat="47.217635" lon="10.820086"><ele>714</ele></trkpt>
      <trkpt lat="47.217602" lon="10.820120"><ele>714</ele></trkpt>
      <trkpt lat="47.217545" lon="10.820145"><ele>714</ele></trkpt>
      <trkpt lat="47.217484" lon="10.820149"><ele>714</ele></trkpt>
      <trkpt lat="47.217451" lon="10.820096"><ele>714</ele></trkpt>
      <trkpt lat="47.217424" lon="10.820082"><ele>714</ele></trkpt>
      <trkpt lat="47.217293" lon="10.820081"><ele>714</ele></trkpt>
      <trkpt lat="47.217239" lon="10.820055"><ele>714</ele></trkpt>
      <trkpt lat="47.217196" lon="10.820011"><ele>713</ele></trkpt>
      <trkpt lat="47.217160" lon="10.819942"><ele>713</ele></trkpt>
      <trkpt lat="47.217084" lon="10.819764"><ele>712</ele></trkpt>
      <trkpt lat="47.217025" lon="10.819688"><ele>712</ele></trkpt>
      <trkpt lat="47.216922" lon="10.819641"><ele>712</ele></trkpt>
      <trkpt lat="47.216819" lon="10.819535"><ele>712</ele></trkpt>
      <trkpt lat="47.216582" lon="10.819249"><ele>713</ele></trkpt>
      <trkpt lat="47.216444" lon="10.819125"><ele>713</ele></trkpt>
      <trkpt lat="47.216188" lon="10.818947"><ele>714</ele></trkpt>
      <trkpt lat="47.216164" lon="10.818937"><ele>714</ele></trkpt>
      <trkpt lat="47.216021" lon="10.818876"><ele>714</ele></trkpt>
      <trkpt lat="47.215939" lon="10.818859"><ele>714</ele></trkpt>
      <trkpt lat="47.215724" lon="10.818822"><ele>714</ele></trkpt>
      <trkpt lat="47.215673" lon="10.818805"><ele>714</ele></trkpt>
      <trkpt lat="47.215635" lon="10.818763"><ele>714</ele></trkpt>
      <trkpt lat="47.215261" lon="10.817895"><ele>707</ele></trkpt>
      <trkpt lat="47.215175" lon="10.817691"><ele>707</ele></trkpt>
      <trkpt lat="47.215172" lon="10.817633"><ele>706</ele></trkpt>
      <trkpt lat="47.215183" lon="10.817592"><ele>706</ele></trkpt>
      <trkpt lat="47.215206" lon="10.817558"><ele>706</ele></trkpt>
      <trkpt lat="47.215294" lon="10.817467"><ele>706</ele></trkpt>
      <trkpt lat="47.215410" lon="10.817365"><ele>706</ele></trkpt>
      <trkpt lat="47.215545" lon="10.817246"><ele>705</ele></trkpt>
      <trkpt lat="47.215699" lon="10.817100"><ele>704</ele></trkpt>
      <trkpt lat="47.215722" lon="10.817077"><ele>703</ele></trkpt>
      <trkpt lat="47.215763" lon="10.817038"><ele>702</ele></trkpt>
      <trkpt lat="47.215766" lon="10.816964"><ele>702</ele></trkpt>
      <trkpt lat="47.215745" lon="10.816889"><ele>702</ele></trkpt>
      <trkpt lat="47.215693" lon="10.816784"><ele>702</ele></trkpt>
      <trkpt lat="47.215546" lon="10.816450"><ele>700</ele></trkpt>
      <trkpt lat="47.215512" lon="10.816307"><ele>699</ele></trkpt>
      <trkpt lat="47.215430" lon="10.815836"><ele>700</ele></trkpt>
      <trkpt lat="47.215309" lon="10.815277"><ele>700</ele></trkpt>
      <trkpt lat="47.215308" lon="10.815227"><ele>699</ele></trkpt>
      <trkpt lat="47.215327" lon="10.815169"><ele>698</ele></trkpt>
      <trkpt lat="47.215361" lon="10.815130"><ele>696</ele></trkpt>
      <trkpt lat="47.215879" lon="10.814817"><ele>695</ele></trkpt>
      <trkpt lat="47.215915" lon="10.814825"><ele>696</ele></trkpt>
      <trkpt lat="47.215957" lon="10.814879"><ele>698</ele></trkpt>
      <trkpt lat="47.216276" lon="10.815456"><ele>700</ele></trkpt>
      <trkpt lat="47.216323" lon="10.815505"><ele>700</ele></trkpt>
      <trkpt lat="47.216374" lon="10.815505"><ele>702</ele></trkpt>
      <trkpt lat="47.216504" lon="10.815403"><ele>704</ele></trkpt>
      <trkpt lat="47.216839" lon="10.815117"><ele>704</ele></trkpt>
      <trkpt lat="47.217570" lon="10.814659"><ele>704</ele></trkpt>
      <trkpt lat="47.217765" lon="10.814539"><ele>704</ele></trkpt>
      <trkpt lat="47.217844" lon="10.814447"><ele>704</ele></trkpt>
      <trkpt lat="47.217876" lon="10.814423"><ele>704</ele></trkpt>
      <trkpt lat="47.217864" lon="10.814357"><ele>704</ele></trkpt>
      <trkpt lat="47.217657" lon="10.813801"><ele>704</ele></trkpt>
      <trkpt lat="47.217562" lon="10.813572"><ele>704</ele></trkpt>
      <trkpt lat="47.217399" lon="10.813221"><ele>704</ele></trkpt>
      <trkpt lat="47.217270" lon="10.812861"><ele>704</ele></trkpt>
      <trkpt lat="47.217175" lon="10.812547"><ele>704</ele></trkpt>
      <trkpt lat="47.217145" lon="10.812445"><ele>704</ele></trkpt>
      <trkpt lat="47.217105" lon="10.812310"><ele>705</ele></trkpt>
      <trkpt lat="47.217062" lon="10.812203"><ele>705</ele></trkpt>
      <trkpt lat="47.216996" lon="10.812116"><ele>705</ele></trkpt>
      <trkpt lat="47.216980" lon="10.812100"><ele>705</ele></trkpt>
      <trkpt lat="47.216824" lon="10.812007"><ele>706</ele></trkpt>
      <trkpt lat="47.216782" lon="10.811982"><ele>706</ele></trkpt>
      <trkpt lat="47.216599" lon="10.811824"><ele>707</ele></trkpt>
      <trkpt lat="47.216328" lon="10.811527"><ele>708</ele></trkpt>
      <trkpt lat="47.216043" lon="10.811269"><ele>708</ele></trkpt>
      <trkpt lat="47.215854" lon="10.811083"><ele>708</ele></trkpt>
      <trkpt lat="47.215695" lon="10.810851"><ele>708</ele></trkpt>
      <trkpt lat="47.215608" lon="10.810702"><ele>708</ele></trkpt>
      <trkpt lat="47.215513" lon="10.810504"><ele>708</ele></trkpt>
      <trkpt lat="47.215345" lon="10.809964"><ele>708</ele></trkpt>
      <trkpt lat="47.215178" lon="10.809474"><ele>710</ele></trkpt>
      <trkpt lat="47.215116" lon="10.809329"><ele>709</ele></trkpt>
      <trkpt lat="47.215071" lon="10.809272"><ele>709</ele></trkpt>
      <trkpt lat="47.214936" lon="10.809138"><ele>709</ele></trkpt>
      <trkpt lat="47.214741" lon="10.808960"><ele>709</ele></trkpt>
      <trkpt lat="47.214581" lon="10.808731"><ele>710</ele></trkpt>
      <trkpt lat="47.214419" lon="10.808468"><ele>710</ele></trkpt>
      <trkpt lat="47.214238" lon="10.808121"><ele>710</ele></trkpt>
      <trkpt lat="47.214139" lon="10.808026"><ele>711</ele></trkpt>
      <trkpt lat="47.214005" lon="10.807974"><ele>711</ele></trkpt>
      <trkpt lat="47.213833" lon="10.807948"><ele>711</ele></trkpt>
      <trkpt lat="47.213614" lon="10.807950"><ele>711</ele></trkpt>
      <trkpt lat="47.213401" lon="10.808003"><ele>712</ele></trkpt>
      <trkpt lat="47.212992" lon="10.808170"><ele>711</ele></trkpt>
      <trkpt lat="47.212961" lon="10.808169"><ele>711</ele></trkpt>
      <trkpt lat="47.212937" lon="10.808137"><ele>712</ele></trkpt>
      <trkpt lat="47.212796" lon="10.807303"><ele>713</ele></trkpt>
      <trkpt lat="47.212791" lon="10.807141"><ele>713</ele></trkpt>
      <trkpt lat="47.212705" lon="10.806952"><ele>710</ele></trkpt>
      <trkpt lat="47.212661" lon="10.806809"><ele>709</ele></trkpt>
      <trkpt lat="47.212629" lon="10.806657"><ele>708</ele></trkpt>
      <trkpt lat="47.212614" lon="10.806481"><ele>708</ele></trkpt>
      <trkpt lat="47.212565" lon="10.805898"><ele>706</ele></trkpt>
      <trkpt lat="47.212572" lon="10.805708"><ele>706</ele></trkpt>
      <trkpt lat="47.212618" lon="10.805308"><ele>708</ele></trkpt>
      <trkpt lat="47.212670" lon="10.804584"><ele>707</ele></trkpt>
      <trkpt lat="47.212673" lon="10.804351"><ele>706</ele></trkpt>
      <trkpt lat="47.212655" lon="10.804104"><ele>705</ele></trkpt>
      <trkpt lat="47.212575" lon="10.803378"><ele>702</ele></trkpt>
      <trkpt lat="47.212499" lon="10.802930"><ele>701</ele></trkpt>
      <trkpt lat="47.212395" lon="10.802484"><ele>702</ele></trkpt>
      <trkpt lat="47.212354" lon="10.802387"><ele>702</ele></trkpt>
      <trkpt lat="47.212216" lon="10.801828"><ele>703</ele></trkpt>
      <trkpt lat="47.212097" lon="10.801319"><ele>706</ele></trkpt>
      <trkpt lat="47.212009" lon="10.800878"><ele>706</ele></trkpt>
      <trkpt lat="47.211890" lon="10.800453"><ele>703</ele></trkpt>
      <trkpt lat="47.211736" lon="10.799793"><ele>704</ele></trkpt>
      <trkpt lat="47.211706" lon="10.799663"><ele>704</ele></trkpt>
      <trkpt lat="47.211660" lon="10.799553"><ele>703</ele></trkpt>
      <trkpt lat="47.211628" lon="10.799514"><ele>702</ele></trkpt>
      <trkpt lat="47.211594" lon="10.799511"><ele>702</ele></trkpt>
      <trkpt lat="47.211566" lon="10.799528"><ele>701</ele></trkpt>
      <trkpt lat="47.211054" lon="10.799893"><ele>700</ele></trkpt>
      <trkpt lat="47.211033" lon="10.799892"><ele>700</ele></trkpt>
      <trkpt lat="47.211012" lon="10.799869"><ele>700</ele></trkpt>
      <trkpt lat="47.210989" lon="10.799870"><ele>701</ele></trkpt>
      <trkpt lat="47.210976" lon="10.799897"><ele>701</ele></trkpt>
      <trkpt lat="47.210975" lon="10.799938"><ele>701</ele></trkpt>
      <trkpt lat="47.210962" lon="10.799963"><ele>701</ele></trkpt>
      <trkpt lat="47.210905" lon="10.800007"><ele>702</ele></trkpt>
      <trkpt lat="47.210859" lon="10.800029"><ele>702</ele></trkpt>
      <trkpt lat="47.210840" lon="10.800025"><ele>702</ele></trkpt>
      <trkpt lat="47.210826" lon="10.800000"><ele>702</ele></trkpt>
      <trkpt lat="47.210812" lon="10.799868"><ele>702</ele></trkpt>
      <trkpt lat="47.210795" lon="10.799791"><ele>703</ele></trkpt>
      <trkpt lat="47.210652" lon="10.799333"><ele>702</ele></trkpt>
      <trkpt lat="47.210587" lon="10.799091"><ele>702</ele></trkpt>
      <trkpt lat="47.210518" lon="10.798778"><ele>704</ele></trkpt>
      <trkpt lat="47.210466" lon="10.798503"><ele>704</ele></trkpt>
      <trkpt lat="47.210433" lon="10.798256"><ele>704</ele></trkpt>
      <trkpt lat="47.210408" lon="10.798017"><ele>703</ele></trkpt>
      <trkpt lat="47.210380" lon="10.797464"><ele>704</ele></trkpt>
      <trkpt lat="47.210360" lon="10.797422"><ele>704</ele></trkpt>
      <trkpt lat="47.210318" lon="10.797403"><ele>704</ele></trkpt>
      <trkpt lat="47.209557" lon="10.797487"><ele>704</ele></trkpt>
      <trkpt lat="47.209468" lon="10.797477"><ele>705</ele></trkpt>
      <trkpt lat="47.209429" lon="10.797437"><ele>705</ele></trkpt>
      <trkpt lat="47.209393" lon="10.797338"><ele>706</ele></trkpt>
      <trkpt lat="47.209323" lon="10.797093"><ele>708</ele></trkpt>
      <trkpt lat="47.209230" lon="10.796838"><ele>710</ele></trkpt>
      <trkpt lat="47.209228" lon="10.796768"><ele>710</ele></trkpt>
      <trkpt lat="47.209343" lon="10.796727"><ele>709</ele></trkpt>
      <trkpt lat="47.209468" lon="10.796621"><ele>709</ele></trkpt>
      <trkpt lat="47.209550" lon="10.796466"><ele>710</ele></trkpt>
      <trkpt lat="47.209598" lon="10.796306"><ele>709</ele></trkpt>
      <trkpt lat="47.209694" lon="10.795677"><ele>707</ele></trkpt>
      <trkpt lat="47.209718" lon="10.795174"><ele>706</ele></trkpt>
      <trkpt lat="47.209750" lon="10.794955"><ele>706</ele></trkpt>
      <trkpt lat="47.209815" lon="10.794761"><ele>706</ele></trkpt>
      <trkpt lat="47.209921" lon="10.794584"><ele>706</ele></trkpt>
      <trkpt lat="47.210137" lon="10.794272"><ele>706</ele></trkpt>
      <trkpt lat="47.210217" lon="10.794119"><ele>706</ele></trkpt>
      <trkpt lat="47.210340" lon="10.793837"><ele>706</ele></trkpt>
      <trkpt lat="47.210392" lon="10.793679"><ele>706</ele></trkpt>
      <trkpt lat="47.210433" lon="10.793521"><ele>706</ele></trkpt>
      <trkpt lat="47.210799" lon="10.790956"><ele>710</ele></trkpt>
      <trkpt lat="47.210826" lon="10.790692"><ele>710</ele></trkpt>
      <trkpt lat="47.210817" lon="10.790257"><ele>711</ele></trkpt>
      <trkpt lat="47.210840" lon="10.789563"><ele>709</ele></trkpt>
      <trkpt lat="47.210827" lon="10.789351"><ele>708</ele></trkpt>
      <trkpt lat="47.210802" lon="10.788904"><ele>711</ele></trkpt>
      <trkpt lat="47.210748" lon="10.788444"><ele>712</ele></trkpt>
      <trkpt lat="47.210727" lon="10.788034"><ele>716</ele></trkpt>
      <trkpt lat="47.210732" lon="10.787609"><ele>721</ele></trkpt>
      <trkpt lat="47.210866" lon="10.786681"><ele>713</ele></trkpt>
      <trkpt lat="47.211042" lon="10.786046"><ele>715</ele></trkpt>
      <trkpt lat="47.211195" lon="10.785660"><ele>712</ele></trkpt>
      <trkpt lat="47.212078" lon="10.783894"><ele>712</ele></trkpt>
      <trkpt lat="47.212124" lon="10.783720"><ele>712</ele></trkpt>
      <trkpt lat="47.212123" lon="10.783536"><ele>714</ele></trkpt>
      <trkpt lat="47.212161" lon="10.783424"><ele>714</ele></trkpt>
      <trkpt lat="47.212258" lon="10.783308"><ele>715</ele></trkpt>
      <trkpt lat="47.212360" lon="10.783068"><ele>718</ele></trkpt>
      <trkpt lat="47.212500" lon="10.782473"><ele>726</ele></trkpt>
      <trkpt lat="47.212504" lon="10.782085"><ele>730</ele></trkpt>
      <trkpt lat="47.212563" lon="10.781585"><ele>727</ele></trkpt>
      <trkpt lat="47.212649" lon="10.781050"><ele>725</ele></trkpt>
      <trkpt lat="47.212907" lon="10.780176"><ele>713</ele></trkpt>
      <trkpt lat="47.212997" lon="10.779915"><ele>710</ele></trkpt>
      <trkpt lat="47.213057" lon="10.779758"><ele>708</ele></trkpt>
      <trkpt lat="47.213181" lon="10.779407"><ele>708</ele></trkpt>
      <trkpt lat="47.213200" lon="10.779382"><ele>709</ele></trkpt>
      <trkpt lat="47.213224" lon="10.779390"><ele>709</ele></trkpt>
      <trkpt lat="47.213270" lon="10.779453"><ele>708</ele></trkpt>
      <trkpt lat="47.213341" lon="10.779513"><ele>708</ele></trkpt>
      <trkpt lat="47.213365" lon="10.779514"><ele>708</ele></trkpt>
      <trkpt lat="47.213396" lon="10.779488"><ele>708</ele></trkpt>
      <trkpt lat="47.213693" lon="10.778704"><ele>711</ele></trkpt>
      <trkpt lat="47.214379" lon="10.777272"><ele>715</ele></trkpt>
      <trkpt lat="47.215683" lon="10.774721"><ele>710</ele></trkpt>
      <trkpt lat="47.215838" lon="10.774364"><ele>710</ele></trkpt>
      <trkpt lat="47.216012" lon="10.773870"><ele>715</ele></trkpt>
      <trkpt lat="47.216098" lon="10.773675"><ele>712</ele></trkpt>
      <trkpt lat="47.216269" lon="10.772843"><ele>711</ele></trkpt>
      <trkpt lat="47.216548" lon="10.770922"><ele>721</ele></trkpt>
      <trkpt lat="47.216741" lon="10.769713"><ele>719</ele></trkpt>
      <trkpt lat="47.216829" lon="10.769276"><ele>717</ele></trkpt>
      <trkpt lat="47.217047" lon="10.768670"><ele>712</ele></trkpt>
      <trkpt lat="47.217187" lon="10.768341"><ele>713</ele></trkpt>
      <trkpt lat="47.217747" lon="10.767307"><ele>716</ele></trkpt>
      <trkpt lat="47.218355" lon="10.766228"><ele>714</ele></trkpt>
      <trkpt lat="47.218469" lon="10.765849"><ele>712</ele></trkpt>
      <trkpt lat="47.218660" lon="10.765362"><ele>714</ele></trkpt>
      <trkpt lat="47.218790" lon="10.765072"><ele>713</ele></trkpt>
      <trkpt lat="47.218864" lon="10.764841"><ele>715</ele></trkpt>
      <trkpt lat="47.218991" lon="10.764624"><ele>713</ele></trkpt>
      <trkpt lat="47.219135" lon="10.764207"><ele>714</ele></trkpt>
      <trkpt lat="47.219338" lon="10.763474"><ele>712</ele></trkpt>
      <trkpt lat="47.219372" lon="10.763243"><ele>713</ele></trkpt>
      <trkpt lat="47.219380" lon="10.762961"><ele>714</ele></trkpt>
      <trkpt lat="47.219399" lon="10.762718"><ele>714</ele></trkpt>
      <trkpt lat="47.219380" lon="10.762654"><ele>715</ele></trkpt>
      <trkpt lat="47.219404" lon="10.762619"><ele>715</ele></trkpt>
      <trkpt lat="47.219409" lon="10.762466"><ele>715</ele></trkpt>
      <trkpt lat="47.219507" lon="10.761647"><ele>714</ele></trkpt>
      <trkpt lat="47.219503" lon="10.761532"><ele>714</ele></trkpt>
      <trkpt lat="47.219462" lon="10.761479"><ele>715</ele></trkpt>
      <trkpt lat="47.219466" lon="10.761236"><ele>715</ele></trkpt>
      <trkpt lat="47.219390" lon="10.760634"><ele>715</ele></trkpt>
      <trkpt lat="47.219374" lon="10.760545"><ele>715</ele></trkpt>
      <trkpt lat="47.219343" lon="10.760490"><ele>715</ele></trkpt>
      <trkpt lat="47.219299" lon="10.760444"><ele>716</ele></trkpt>
      <trkpt lat="47.219274" lon="10.760378"><ele>716</ele></trkpt>
      <trkpt lat="47.219241" lon="10.759947"><ele>714</ele></trkpt>
      <trkpt lat="47.219194" lon="10.759688"><ele>715</ele></trkpt>
      <trkpt lat="47.218788" lon="10.758259"><ele>718</ele></trkpt>
      <trkpt lat="47.218763" lon="10.758137"><ele>716</ele></trkpt>
      <trkpt lat="47.218760" lon="10.758020"><ele>714</ele></trkpt>
      <trkpt lat="47.218786" lon="10.757916"><ele>712</ele></trkpt>
      <trkpt lat="47.218841" lon="10.757836"><ele>713</ele></trkpt>
      <trkpt lat="47.219305" lon="10.757516"><ele>715</ele></trkpt>
      <trkpt lat="47.219342" lon="10.757480"><ele>715</ele></trkpt>
      <trkpt lat="47.219424" lon="10.757385"><ele>715</ele></trkpt>
      <trkpt lat="47.219468" lon="10.757269"><ele>716</ele></trkpt>
      <trkpt lat="47.219404" lon="10.757166"><ele>715</ele></trkpt>
      <trkpt lat="47.219384" lon="10.757053"><ele>715</ele></trkpt>
      <trkpt lat="47.219290" lon="10.756483"><ele>715</ele></trkpt>
      <trkpt lat="47.219163" lon="10.755862"><ele>717</ele></trkpt>
      <trkpt lat="47.219108" lon="10.755712"><ele>717</ele></trkpt>
      <trkpt lat="47.218970" lon="10.755488"><ele>716</ele></trkpt>
      <trkpt lat="47.218838" lon="10.755244"><ele>715</ele></trkpt>
      <trkpt lat="47.218764" lon="10.755024"><ele>716</ele></trkpt>
      <trkpt lat="47.218706" lon="10.754820"><ele>716</ele></trkpt>
      <trkpt lat="47.218651" lon="10.754507"><ele>714</ele></trkpt>
      <trkpt lat="47.218568" lon="10.753863"><ele>714</ele></trkpt>
      <trkpt lat="47.218561" lon="10.753625"><ele>714</ele></trkpt>
      <trkpt lat="47.218613" lon="10.753395"><ele>714</ele></trkpt>
      <trkpt lat="47.218626" lon="10.753283"><ele>714</ele></trkpt>
      <trkpt lat="47.218597" lon="10.753272"><ele>713</ele></trkpt>
      <trkpt lat="47.218471" lon="10.753225"><ele>713</ele></trkpt>
      <trkpt lat="47.218382" lon="10.753179"><ele>714</ele></trkpt>
      <trkpt lat="47.218363" lon="10.753161"><ele>714</ele></trkpt>
      <trkpt lat="47.218538" lon="10.752881"><ele>713</ele></trkpt>
      <trkpt lat="47.218852" lon="10.752365"><ele>714</ele></trkpt>
      <trkpt lat="47.219307" lon="10.751739"><ele>715</ele></trkpt>
      <trkpt lat="47.219499" lon="10.751523"><ele>716</ele></trkpt>
      <trkpt lat="47.219725" lon="10.751361"><ele>716</ele></trkpt>
      <trkpt lat="47.219941" lon="10.751171"><ele>716</ele></trkpt>
      <trkpt lat="47.220040" lon="10.751192"><ele>716</ele></trkpt>
      <trkpt lat="47.220661" lon="10.750764"><ele>716</ele></trkpt>
      <trkpt lat="47.220786" lon="10.750599"><ele>716</ele></trkpt>
      <trkpt lat="47.221193" lon="10.750393"><ele>716</ele></trkpt>
      <trkpt lat="47.221502" lon="10.750248"><ele>716</ele></trkpt>
      <trkpt lat="47.221664" lon="10.750199"><ele>716</ele></trkpt>
      <trkpt lat="47.221828" lon="10.750173"><ele>716</ele></trkpt>
      <trkpt lat="47.222323" lon="10.750043"><ele>717</ele></trkpt>
      <trkpt lat="47.222656" lon="10.749968"><ele>718</ele></trkpt>
      <trkpt lat="47.223410" lon="10.749792"><ele>718</ele></trkpt>
      <trkpt lat="47.224311" lon="10.749718"><ele>720</ele></trkpt>
      <trkpt lat="47.224414" lon="10.749697"><ele>720</ele></trkpt>
      <trkpt lat="47.224523" lon="10.749632"><ele>720</ele></trkpt>
      <trkpt lat="47.224597" lon="10.749609"><ele>720</ele></trkpt>
      <trkpt lat="47.224635" lon="10.749614"><ele>720</ele></trkpt>
      <trkpt lat="47.224692" lon="10.749633"><ele>720</ele></trkpt>
      <trkpt lat="47.224851" lon="10.749657"><ele>720</ele></trkpt>
      <trkpt lat="47.225156" lon="10.749651"><ele>720</ele></trkpt>
      <trkpt lat="47.225543" lon="10.749624"><ele>720</ele></trkpt>
      <trkpt lat="47.226240" lon="10.749598"><ele>720</ele></trkpt>
      <trkpt lat="47.227060" lon="10.749550"><ele>722</ele></trkpt>
      <trkpt lat="47.227354" lon="10.749535"><ele>723</ele></trkpt>
      <trkpt lat="47.227511" lon="10.749528"><ele>723</ele></trkpt>
      <trkpt lat="47.227841" lon="10.749523"><ele>724</ele></trkpt>
      <trkpt lat="47.227949" lon="10.749529"><ele>724</ele></trkpt>
      <trkpt lat="47.228040" lon="10.749549"><ele>724</ele></trkpt>
      <trkpt lat="47.228151" lon="10.749594"><ele>724</ele></trkpt>
      <trkpt lat="47.228261" lon="10.749658"><ele>724</ele></trkpt>
      <trkpt lat="47.228532" lon="10.749883"><ele>724</ele></trkpt>
      <trkpt lat="47.229243" lon="10.750525"><ele>726</ele></trkpt>
      <trkpt lat="47.229409" lon="10.750634"><ele>727</ele></trkpt>
      <trkpt lat="47.229518" lon="10.750686"><ele>727</ele></trkpt>
      <trkpt lat="47.229626" lon="10.750726"><ele>727</ele></trkpt>
      <trkpt lat="47.229741" lon="10.750750"><ele>727</ele></trkpt>
      <trkpt lat="47.229861" lon="10.750764"><ele>727</ele></trkpt>
      <trkpt lat="47.230804" lon="10.750720"><ele>729</ele></trkpt>
      <trkpt lat="47.231030" lon="10.750707"><ele>729</ele></trkpt>
      <trkpt lat="47.231993" lon="10.750622"><ele>731</ele></trkpt>
      <trkpt lat="47.232171" lon="10.750623"><ele>732</ele></trkpt>
      <trkpt lat="47.233220" lon="10.750702"><ele>733</ele></trkpt>
      <trkpt lat="47.233520" lon="10.750722"><ele>733</ele></trkpt>
      <trkpt lat="47.233925" lon="10.750751"><ele>734</ele></trkpt>
      <trkpt lat="47.234008" lon="10.750708"><ele>734</ele></trkpt>
      <trkpt lat="47.234088" lon="10.750644"><ele>735</ele></trkpt>
      <trkpt lat="47.234353" lon="10.750404"><ele>736</ele></trkpt>
      <trkpt lat="47.234430" lon="10.750345"><ele>736</ele></trkpt>
      <trkpt lat="47.234498" lon="10.750301"><ele>737</ele></trkpt>
      <trkpt lat="47.234988" lon="10.750046"><ele>740</ele></trkpt>
      <trkpt lat="47.235115" lon="10.749983"><ele>740</ele></trkpt>
      <trkpt lat="47.235192" lon="10.749928"><ele>740</ele></trkpt>
      <trkpt lat="47.235264" lon="10.749856"><ele>741</ele></trkpt>
      <trkpt lat="47.235739" lon="10.749266"><ele>743</ele></trkpt>
      <trkpt lat="47.235965" lon="10.748867"><ele>744</ele></trkpt>
      <trkpt lat="47.236027" lon="10.748775"><ele>744</ele></trkpt>
      <trkpt lat="47.236203" lon="10.748515"><ele>745</ele></trkpt>
      <trkpt lat="47.236661" lon="10.747869"><ele>748</ele></trkpt>
      <trkpt lat="47.236834" lon="10.747752"><ele>748</ele></trkpt>
      <trkpt lat="47.236847" lon="10.747724"><ele>749</ele></trkpt>
      <trkpt lat="47.237193" lon="10.747027"><ele>751</ele></trkpt>
      <trkpt lat="47.237585" lon="10.746534"><ele>754</ele></trkpt>
      <trkpt lat="47.237716" lon="10.746257"><ele>754</ele></trkpt>
      <trkpt lat="47.237883" lon="10.746001"><ele>756</ele></trkpt>
      <trkpt lat="47.238504" lon="10.745174"><ele>760</ele></trkpt>
      <trkpt lat="47.238648" lon="10.744872"><ele>761</ele></trkpt>
      <trkpt lat="47.238737" lon="10.744685"><ele>762</ele></trkpt>
      <trkpt lat="47.238806" lon="10.744601"><ele>762</ele></trkpt>
      <trkpt lat="47.238883" lon="10.744566"><ele>762</ele></trkpt>
      <trkpt lat="47.238858" lon="10.744472"><ele>762</ele></trkpt>
      <trkpt lat="47.238834" lon="10.744262"><ele>762</ele></trkpt>
      <trkpt lat="47.238828" lon="10.744031"><ele>765</ele></trkpt>
      <trkpt lat="47.238854" lon="10.743956"><ele>765</ele></trkpt>
      <trkpt lat="47.239056" lon="10.743571"><ele>768</ele></trkpt>
      <trkpt lat="47.239337" lon="10.742898"><ele>776</ele></trkpt>
      <trkpt lat="47.239459" lon="10.742567"><ele>780</ele></trkpt>
      <trkpt lat="47.239375" lon="10.742449"><ele>782</ele></trkpt>
      <trkpt lat="47.239323" lon="10.742296"><ele>784</ele></trkpt>
      <trkpt lat="47.239307" lon="10.742210"><ele>784</ele></trkpt>
      <trkpt lat="47.239370" lon="10.742198"><ele>785</ele></trkpt>
      <trkpt lat="47.239447" lon="10.742155"><ele>785</ele></trkpt>
      <trkpt lat="47.239520" lon="10.742066"><ele>786</ele></trkpt>
      <trkpt lat="47.239603" lon="10.741814"><ele>787</ele></trkpt>
      <trkpt lat="47.239638" lon="10.741691"><ele>788</ele></trkpt>
      <trkpt lat="47.239656" lon="10.741626"><ele>788</ele></trkpt>
      <trkpt lat="47.239669" lon="10.741578"><ele>788</ele></trkpt>
      <trkpt lat="47.239710" lon="10.741428"><ele>790</ele></trkpt>
      <trkpt lat="47.239747" lon="10.741069"><ele>791</ele></trkpt>
      <trkpt lat="47.239783" lon="10.740919"><ele>792</ele></trkpt>
      <trkpt lat="47.239847" lon="10.740725"><ele>793</ele></trkpt>
      <trkpt lat="47.239903" lon="10.740560"><ele>794</ele></trkpt>
      <trkpt lat="47.240221" lon="10.739553"><ele>799</ele></trkpt>
      <trkpt lat="47.240107" lon="10.739552"><ele>798</ele></trkpt>
      <trkpt lat="47.239945" lon="10.739586"><ele>797</ele></trkpt>
      <trkpt lat="47.239802" lon="10.739549"><ele>796</ele></trkpt>
      <trkpt lat="47.239696" lon="10.739480"><ele>796</ele></trkpt>
      <trkpt lat="47.239610" lon="10.739423"><ele>795</ele></trkpt>
      <trkpt lat="47.239282" lon="10.739174"><ele>794</ele></trkpt>
      <trkpt lat="47.239256" lon="10.739153"><ele>794</ele></trkpt>
      <trkpt lat="47.239103" lon="10.739043"><ele>793</ele></trkpt>
      <trkpt lat="47.238772" lon="10.738805"><ele>790</ele></trkpt>
      <trkpt lat="47.238606" lon="10.738735"><ele>790</ele></trkpt>
      <trkpt lat="47.238595" lon="10.738734"><ele>789</ele></trkpt>
      <trkpt lat="47.238208" lon="10.738688"><ele>788</ele></trkpt>
      <trkpt lat="47.238226" lon="10.738512"><ele>788</ele></trkpt>
      <trkpt lat="47.238287" lon="10.738219"><ele>790</ele></trkpt>
      <trkpt lat="47.238350" lon="10.738231"><ele>790</ele></trkpt>
      <trkpt lat="47.238388" lon="10.738220"><ele>790</ele></trkpt>
      <trkpt lat="47.238435" lon="10.738188"><ele>791</ele></trkpt>
      <trkpt lat="47.238461" lon="10.738189"><ele>791</ele></trkpt>
      <trkpt lat="47.238803" lon="10.738468"><ele>792</ele></trkpt>
      <trkpt lat="47.238818" lon="10.738472"><ele>792</ele></trkpt>
      <trkpt lat="47.238899" lon="10.738242"><ele>793</ele></trkpt>
    </trkseg></trk>
</gpx>
