<?xml version="1.0" encoding="UTF-8"?>
<gpx version="1.1" creator="radtour" xmlns="http://www.topografix.com/GPX/1/1">
  <metadata><name>Bozen-Oy 2.3 Innsbruck - Wallgau</name></metadata>
  <trk><name>Bozen-Oy 2.3 Innsbruck - Wallgau</name><trkseg>
      <trkpt lat="47.263959" lon="11.395002"><ele>578</ele></trkpt>
      <trkpt lat="47.263958" lon="11.394959"><ele>578</ele></trkpt>
      <trkpt lat="47.263975" lon="11.394838"><ele>577</ele></trkpt>
      <trkpt lat="47.263979" lon="11.394819"><ele>577</ele></trkpt>
      <trkpt lat="47.264078" lon="11.394822"><ele>577</ele></trkpt>
      <trkpt lat="47.264277" lon="11.394825"><ele>577</ele></trkpt>
      <trkpt lat="47.264388" lon="11.394814"><ele>577</ele></trkpt>
      <trkpt lat="47.264608" lon="11.394762"><ele>577</ele></trkpt>
      <trkpt lat="47.264724" lon="11.394722"><ele>577</ele></trkpt>
      <trkpt lat="47.264788" lon="11.394694"><ele>577</ele></trkpt>
      <trkpt lat="47.264792" lon="11.394717"><ele>576</ele></trkpt>
      <trkpt lat="47.264949" lon="11.396038"><ele>578</ele></trkpt>
      <trkpt lat="47.265042" lon="11.396830"><ele>578</ele></trkpt>
      <trkpt lat="47.265062" lon="11.396936"><ele>578</ele></trkpt>
      <trkpt lat="47.265100" lon="11.397089"><ele>578</ele></trkpt>
      <trkpt lat="47.265182" lon="11.397115"><ele>578</ele></trkpt>
      <trkpt lat="47.265250" lon="11.397135"><ele>578</ele></trkpt>
      <trkpt lat="47.265856" lon="11.397316"><ele>578</ele></trkpt>
      <trkpt lat="47.265873" lon="11.397321"><ele>578</ele></trkpt>
      <trkpt lat="47.265892" lon="11.397326"><ele>578</ele></trkpt>
      <trkpt lat="47.265926" lon="11.397336"><ele>578</ele></trkpt>
      <trkpt lat="47.265960" lon="11.397347"><ele>578</ele></trkpt>
      <trkpt lat="47.266242" lon="11.397433"><ele>578</ele></trkpt>
      <trkpt lat="47.266750" lon="11.397588"><ele>578</ele></trkpt>
      <trkpt lat="47.266864" lon="11.397619"><ele>578</ele></trkpt>
      <trkpt lat="47.266879" lon="11.397624"><ele>578</ele></trkpt>
      <trkpt lat="47.266894" lon="11.397628"><ele>578</ele></trkpt>
      <trkpt lat="47.266905" lon="11.397632"><ele>578</ele></trkpt>
      <trkpt lat="47.266956" lon="11.397648"><ele>578</ele></trkpt>
      <trkpt lat="47.266975" lon="11.397654"><ele>578</ele></trkpt>
      <trkpt lat="47.266908" lon="11.398153"><ele>578</ele></trkpt>
      <trkpt lat="47.266901" lon="11.398210"><ele>578</ele></trkpt>
      <trkpt lat="47.266796" lon="11.398963"><ele>578</ele></trkpt>
      <trkpt lat="47.266796" lon="11.398965"><ele>578</ele></trkpt>
      <trkpt lat="47.266786" lon="11.399039"><ele>579</ele></trkpt>
      <trkpt lat="47.266762" lon="11.399212"><ele>579</ele></trkpt>
      <trkpt lat="47.266694" lon="11.399390"><ele>579</ele></trkpt>
      <trkpt lat="47.266503" lon="11.400783"><ele>578</ele></trkpt>
      <trkpt lat="47.266487" lon="11.400901"><ele>578</ele></trkpt>
      <trkpt lat="47.266443" lon="11.401100"><ele>577</ele></trkpt>
      <trkpt lat="47.266418" lon="11.401178"><ele>577</ele></trkpt>
      <trkpt lat="47.266394" lon="11.401255"><ele>577</ele></trkpt>
      <trkpt lat="47.266362" lon="11.401365"><ele>577</ele></trkpt>
      <trkpt lat="47.266349" lon="11.401411"><ele>577</ele></trkpt>
      <trkpt lat="47.266301" lon="11.401758"><ele>578</ele></trkpt>
      <trkpt lat="47.266256" lon="11.402121"><ele>578</ele></trkpt>
      <trkpt lat="47.266257" lon="11.402225"><ele>577</ele></trkpt>
      <trkpt lat="47.266257" lon="11.402276"><ele>577</ele></trkpt>
      <trkpt lat="47.266271" lon="11.402401"><ele>577</ele></trkpt>
      <trkpt lat="47.266272" lon="11.402410"><ele>577</ele></trkpt>
      <trkpt lat="47.266288" lon="11.402536"><ele>577</ele></trkpt>
      <trkpt lat="47.266321" lon="11.402632"><ele>577</ele></trkpt>
      <trkpt lat="47.266323" lon="11.402636"><ele>577</ele></trkpt>
      <trkpt lat="47.266345" lon="11.402666"><ele>577</ele></trkpt>
      <trkpt lat="47.266655" lon="11.403112"><ele>577</ele></trkpt>
      <trkpt lat="47.266708" lon="11.403189"><ele>577</ele></trkpt>
      <trkpt lat="47.266875" lon="11.403452"><ele>577</ele></trkpt>
      <trkpt lat="47.266965" lon="11.403602"><ele>577</ele></trkpt>
      <trkpt lat="47.267084" lon="11.403792"><ele>576</ele></trkpt>
      <trkpt lat="47.267033" lon="11.403870"><ele>576</ele></trkpt>
      <trkpt lat="47.266996" lon="11.403985"><ele>576</ele></trkpt>
      <trkpt lat="47.266983" lon="11.404076"><ele>576</ele></trkpt>
      <trkpt lat="47.266982" lon="11.404316"><ele>576</ele></trkpt>
      <trkpt lat="47.266949" lon="11.404543"><ele>577</ele></trkpt>
      <trkpt lat="47.266887" lon="11.404794"><ele>577</ele></trkpt>
      <trkpt lat="47.266859" lon="11.404868"><ele>577</ele></trkpt>
      <trkpt lat="47.266806" lon="11.404969"><ele>577</ele></trkpt>
      <trkpt lat="47.266789" lon="11.405112"><ele>576</ele></trkpt>
      <trkpt lat="47.266746" lon="11.405412"><ele>576</ele></trkpt>
      <trkpt lat="47.266732" lon="11.405520"><ele>577</ele></trkpt>
      <trkpt lat="47.266754" lon="11.405768"><ele>578</ele></trkpt>
      <trkpt lat="47.266759" lon="11.406027"><ele>578</ele></trkpt>
      <trkpt lat="47.266780" lon="11.406081"><ele>578</ele></trkpt>
      <trkpt lat="47.266826" lon="11.406108"><ele>578</ele></trkpt>
      <trkpt lat="47.267050" lon="11.406120"><ele>578</ele></trkpt>
      <trkpt lat="47.267169" lon="11.406133"><ele>578</ele></trkpt>
      <trkpt lat="47.267244" lon="11.406133"><ele>578</ele></trkpt>
      <trkpt lat="47.267287" lon="11.406291"><ele>578</ele></trkpt>
      <trkpt lat="47.267485" lon="11.406992"><ele>576</ele></trkpt>
      <trkpt lat="47.267544" lon="11.407219"><ele>576</ele></trkpt>
      <trkpt lat="47.267712" lon="11.407834"><ele>576</ele></trkpt>
      <trkpt lat="47.267759" lon="11.408007"><ele>575</ele></trkpt>
      <trkpt lat="47.267777" lon="11.408074"><ele>575</ele></trkpt>
      <trkpt lat="47.267885" lon="11.408045"><ele>575</ele></trkpt>
      <trkpt lat="47.267903" lon="11.408042"><ele>575</ele></trkpt>
      <trkpt lat="47.267936" lon="11.408040"><ele>575</ele></trkpt>
      <trkpt lat="47.267978" lon="11.408041"><ele>575</ele></trkpt>
      <trkpt lat="47.267989" lon="11.408121"><ele>575</ele></trkpt>
      <trkpt lat="47.268004" lon="11.408169"><ele>575</ele></trkpt>
      <trkpt lat="47.268086" lon="11.408316"><ele>575</ele></trkpt>
      <trkpt lat="47.268110" lon="11.408358"><ele>575</ele></trkpt>
      <trkpt lat="47.268206" lon="11.408860"><ele>575</ele></trkpt>
      <trkpt lat="47.268263" lon="11.409838"><ele>575</ele></trkpt>
      <trkpt lat="47.268295" lon="11.410260"><ele>575</ele></trkpt>
      <trkpt lat="47.268305" lon="11.410357"><ele>575</ele></trkpt>
      <trkpt lat="47.268445" lon="11.411225"><ele>575</ele></trkpt>
      <trkpt lat="47.268479" lon="11.411529"><ele>575</ele></trkpt>
      <trkpt lat="47.268489" lon="11.411598"><ele>575</ele></trkpt>
      <trkpt lat="47.268507" lon="11.411733"><ele>575</ele></trkpt>
      <trkpt lat="47.268509" lon="11.411756"><ele>575</ele></trkpt>
      <trkpt lat="47.268512" lon="11.411780"><ele>575</ele></trkpt>
      <trkpt lat="47.268527" lon="11.411901"><ele>575</ele></trkpt>
      <trkpt lat="47.268537" lon="11.411990"><ele>575</ele></trkpt>
      <trkpt lat="47.268554" lon="11.412140"><ele>575</ele></trkpt>
      <trkpt lat="47.268619" lon="11.412731"><ele>575</ele></trkpt>
      <trkpt lat="47.268630" lon="11.412824"><ele>575</ele></trkpt>
      <trkpt lat="47.268667" lon="11.413201"><ele>574</ele></trkpt>
      <trkpt lat="47.268864" lon="11.414570"><ele>573</ele></trkpt>
      <trkpt lat="47.268994" lon="11.415476"><ele>573</ele></trkpt>
      <trkpt lat="47.269123" lon="11.416302"><ele>571</ele></trkpt>
      <trkpt lat="47.269144" lon="11.416412"><ele>571</ele></trkpt>
      <trkpt lat="47.269163" lon="11.416517"><ele>571</ele></trkpt>
      <trkpt lat="47.269256" lon="11.416837"><ele>571</ele></trkpt>
      <trkpt lat="47.269430" lon="11.417242"><ele>571</ele></trkpt>
      <trkpt lat="47.269539" lon="11.417438"><ele>570</ele></trkpt>
      <trkpt lat="47.269543" lon="11.417444"><ele>570</ele></trkpt>
      <trkpt lat="47.269806" lon="11.417907"><ele>570</ele></trkpt>
      <trkpt lat="47.270105" lon="11.418382"><ele>570</ele></trkpt>
      <trkpt lat="47.270137" lon="11.418433"><ele>570</ele></trkpt>
      <trkpt lat="47.270197" lon="11.418527"><ele>571</ele></trkpt>
      <trkpt lat="47.270253" lon="11.418619"><ele>571</ele></trkpt>
      <trkpt lat="47.270311" lon="11.418716"><ele>570</ele></trkpt>
      <trkpt lat="47.270338" lon="11.418755"><ele>570</ele></trkpt>
      <trkpt lat="47.270428" lon="11.418885"><ele>570</ele></trkpt>
      <trkpt lat="47.270747" lon="11.419348"><ele>570</ele></trkpt>
      <trkpt lat="47.270826" lon="11.419462"><ele>570</ele></trkpt>
      <trkpt lat="47.270881" lon="11.419539"><ele>570</ele></trkpt>
      <trkpt lat="47.271080" lon="11.419820"><ele>570</ele></trkpt>
      <trkpt lat="47.271399" lon="11.420268"><ele>570</ele></trkpt>
      <trkpt lat="47.271577" lon="11.420518"><ele>569</ele></trkpt>
      <trkpt lat="47.271765" lon="11.420782"><ele>570</ele></trkpt>
      <trkpt lat="47.272262" lon="11.421481"><ele>569</ele></trkpt>
      <trkpt lat="47.272280" lon="11.421507"><ele>569</ele></trkpt>
      <trkpt lat="47.272349" lon="11.421610"><ele>569</ele></trkpt>
      <trkpt lat="47.272272" lon="11.421696"><ele>569</ele></trkpt>
      <trkpt lat="47.271987" lon="11.421987"><ele>569</ele></trkpt>
      <trkpt lat="47.271793" lon="11.422193"><ele>569</ele></trkpt>
      <trkpt lat="47.271697" lon="11.422269"><ele>569</ele></trkpt>
      <trkpt lat="47.271578" lon="11.422364"><ele>569</ele></trkpt>
      <trkpt lat="47.271546" lon="11.422416"><ele>569</ele></trkpt>
      <trkpt lat="47.271576" lon="11.422485"><ele>569</ele></trkpt>
      <trkpt lat="47.271597" lon="11.422539"><ele>569</ele></trkpt>
      <trkpt lat="47.271648" lon="11.422742"><ele>569</ele></trkpt>
      <trkpt lat="47.271686" lon="11.422897"><ele>568</ele></trkpt>
      <trkpt lat="47.271705" lon="11.422974"><ele>568</ele></trkpt>
      <trkpt lat="47.271748" lon="11.423140"><ele>568</ele></trkpt>
      <trkpt lat="47.272013" lon="11.424158"><ele>568</ele></trkpt>
      <trkpt lat="47.272168" lon="11.424748"><ele>568</ele></trkpt>
      <trkpt lat="47.272557" lon="11.426207"><ele>568</ele></trkpt>
      <trkpt lat="47.272622" lon="11.426479"><ele>568</ele></trkpt>
      <trkpt lat="47.272644" lon="11.427770"><ele>569</ele></trkpt>
      <trkpt lat="47.273062" lon="11.428145"><ele>569</ele></trkpt>
      <trkpt lat="47.273123" lon="11.428200"><ele>569</ele></trkpt>
      <trkpt lat="47.273171" lon="11.428226"><ele>569</ele></trkpt>
      <trkpt lat="47.273219" lon="11.428246"><ele>569</ele></trkpt>
      <trkpt lat="47.273276" lon="11.428249"><ele>569</ele></trkpt>
      <trkpt lat="47.273286" lon="11.428307"><ele>569</ele></trkpt>
      <trkpt lat="47.273289" lon="11.428326"><ele>569</ele></trkpt>
      <trkpt lat="47.273295" lon="11.428358"><ele>569</ele></trkpt>
      <trkpt lat="47.273302" lon="11.428396"><ele>569</ele></trkpt>
      <trkpt lat="47.273322" lon="11.428448"><ele>569</ele></trkpt>
      <trkpt lat="47.273347" lon="11.428470"><ele>569</ele></trkpt>
      <trkpt lat="47.273373" lon="11.428490"><ele>569</ele></trkpt>
      <trkpt lat="47.273411" lon="11.428518"><ele>569</ele></trkpt>
      <trkpt lat="47.273422" lon="11.428528"><ele>569</ele></trkpt>
      <trkpt lat="47.273434" lon="11.428539"><ele>569</ele></trkpt>
      <trkpt lat="47.273446" lon="11.428548"><ele>569</ele></trkpt>
      <trkpt lat="47.273459" lon="11.428558"><ele>569</ele></trkpt>
      <trkpt lat="47.273494" lon="11.428583"><ele>569</ele></trkpt>
      <trkpt lat="47.273566" lon="11.428637"><ele>569</ele></trkpt>
      <trkpt lat="47.273584" lon="11.428657"><ele>569</ele></trkpt>
      <trkpt lat="47.273652" lon="11.428743"><ele>569</ele></trkpt>
      <trkpt lat="47.274034" lon="11.429466"><ele>569</ele></trkpt>
      <trkpt lat="47.274112" lon="11.429585"><ele>569</ele></trkpt>
      <trkpt lat="47.274881" lon="11.430561"><ele>570</ele></trkpt>
      <trkpt lat="47.274994" lon="11.430652"><ele>570</ele></trkpt>
      <trkpt lat="47.275060" lon="11.430644"><ele>570</ele></trkpt>
      <trkpt lat="47.275075" lon="11.430631"><ele>570</ele></trkpt>
      <trkpt lat="47.275096" lon="11.430592"><ele>570</ele></trkpt>
      <trkpt lat="47.275105" lon="11.430538"><ele>570</ele></trkpt>
      <trkpt lat="47.275104" lon="11.430509"><ele>569</ele></trkpt>
      <trkpt lat="47.275094" lon="11.430454"><ele>569</ele></trkpt>
      <trkpt lat="47.275083" lon="11.430428"><ele>569</ele></trkpt>
      <trkpt lat="47.275047" lon="11.430383"><ele>569</ele></trkpt>
      <trkpt lat="47.274951" lon="11.430333"><ele>568</ele></trkpt>
      <trkpt lat="47.274841" lon="11.430571"><ele>568</ele></trkpt>
      <trkpt lat="47.274748" lon="11.430824"><ele>568</ele></trkpt>
      <trkpt lat="47.274682" lon="11.430984"><ele>567</ele></trkpt>
      <trkpt lat="47.274354" lon="11.431913"><ele>567</ele></trkpt>
      <trkpt lat="47.274318" lon="11.432038"><ele>567</ele></trkpt>
      <trkpt lat="47.274268" lon="11.432204"><ele>568</ele></trkpt>
      <trkpt lat="47.274117" lon="11.432598"><ele>567</ele></trkpt>
      <trkpt lat="47.273994" lon="11.432907"><ele>567</ele></trkpt>
      <trkpt lat="47.273682" lon="11.433607"><ele>568</ele></trkpt>
      <trkpt lat="47.273441" lon="11.434265"><ele>567</ele></trkpt>
      <trkpt lat="47.273415" lon="11.434344"><ele>567</ele></trkpt>
      <trkpt lat="47.273356" lon="11.434543"><ele>568</ele></trkpt>
      <trkpt lat="47.273195" lon="11.434987"><ele>568</ele></trkpt>
      <trkpt lat="47.273116" lon="11.435275"><ele>568</ele></trkpt>
      <trkpt lat="47.273061" lon="11.435476"><ele>568</ele></trkpt>
      <trkpt lat="47.273033" lon="11.435829"><ele>568</ele></trkpt>
      <trkpt lat="47.272989" lon="11.436139"><ele>568</ele></trkpt>
      <trkpt lat="47.272228" lon="11.438188"><ele>568</ele></trkpt>
      <trkpt lat="47.272008" lon="11.438791"><ele>568</ele></trkpt>
      <trkpt lat="47.271799" lon="11.438923"><ele>568</ele></trkpt>
      <trkpt lat="47.271763" lon="11.439063"><ele>568</ele></trkpt>
      <trkpt lat="47.271668" lon="11.439284"><ele>567</ele></trkpt>
      <trkpt lat="47.271568" lon="11.439423"><ele>567</ele></trkpt>
      <trkpt lat="47.271473" lon="11.439490"><ele>567</ele></trkpt>
      <trkpt lat="47.271377" lon="11.439540"><ele>567</ele></trkpt>
      <trkpt lat="47.271239" lon="11.439635"><ele>566</ele></trkpt>
      <trkpt lat="47.271123" lon="11.439789"><ele>566</ele></trkpt>
      <trkpt lat="47.271009" lon="11.439919"><ele>565</ele></trkpt>
      <trkpt lat="47.270954" lon="11.440002"><ele>565</ele></trkpt>
      <trkpt lat="47.270916" lon="11.440127"><ele>565</ele></trkpt>
      <trkpt lat="47.270900" lon="11.440269"><ele>567</ele></trkpt>
      <trkpt lat="47.270851" lon="11.440391"><ele>567</ele></trkpt>
      <trkpt lat="47.270693" lon="11.440824"><ele>565</ele></trkpt>
      <trkpt lat="47.270561" lon="11.441232"><ele>567</ele></trkpt>
      <trkpt lat="47.270548" lon="11.441329"><ele>567</ele></trkpt>
      <trkpt lat="47.270543" lon="11.441470"><ele>567</ele></trkpt>
      <trkpt lat="47.270220" lon="11.442271"><ele>566</ele></trkpt>
      <trkpt lat="47.269920" lon="11.443131"><ele>566</ele></trkpt>
      <trkpt lat="47.269862" lon="11.443296"><ele>566</ele></trkpt>
      <trkpt lat="47.269588" lon="11.444077"><ele>566</ele></trkpt>
      <trkpt lat="47.269565" lon="11.444216"><ele>567</ele></trkpt>
      <trkpt lat="47.269515" lon="11.444960"><ele>567</ele></trkpt>
      <trkpt lat="47.269490" lon="11.445136"><ele>567</ele></trkpt>
      <trkpt lat="47.269448" lon="11.445287"><ele>567</ele></trkpt>
      <trkpt lat="47.269389" lon="11.445453"><ele>567</ele></trkpt>
      <trkpt lat="47.269009" lon="11.446055"><ele>567</ele></trkpt>
      <trkpt lat="47.268830" lon="11.446581"><ele>566</ele></trkpt>
      <trkpt lat="47.268637" lon="11.447235"><ele>567</ele></trkpt>
      <trkpt lat="47.268591" lon="11.447337"><ele>566</ele></trkpt>
      <trkpt lat="47.268547" lon="11.447494"><ele>566</ele></trkpt>
      <trkpt lat="47.268515" lon="11.447566"><ele>566</ele></trkpt>
      <trkpt lat="47.268496" lon="11.447609"><ele>566</ele></trkpt>
      <trkpt lat="47.268450" lon="11.447697"><ele>566</ele></trkpt>
      <trkpt lat="47.268359" lon="11.447712"><ele>566</ele></trkpt>
      <trkpt lat="47.268099" lon="11.448602"><ele>565</ele></trkpt>
      <trkpt lat="47.267976" lon="11.449078"><ele>564</ele></trkpt>
      <trkpt lat="47.267903" lon="11.449398"><ele>563</ele></trkpt>
      <trkpt lat="47.267835" lon="11.449775"><ele>564</ele></trkpt>
      <trkpt lat="47.267786" lon="11.450059"><ele>566</ele></trkpt>
      <trkpt lat="47.267779" lon="11.450117"><ele>566</ele></trkpt>
      <trkpt lat="47.267745" lon="11.450363"><ele>565</ele></trkpt>
      <trkpt lat="47.267719" lon="11.450860"><ele>564</ele></trkpt>
      <trkpt lat="47.267714" lon="11.451333"><ele>564</ele></trkpt>
      <trkpt lat="47.267723" lon="11.451690"><ele>564</ele></trkpt>
      <trkpt lat="47.267754" lon="11.452130"><ele>566</ele></trkpt>
      <trkpt lat="47.267843" lon="11.452580"><ele>564</ele></trkpt>
      <trkpt lat="47.267919" lon="11.453051"><ele>564</ele></trkpt>
      <trkpt lat="47.267983" lon="11.453586"><ele>564</ele></trkpt>
      <trkpt lat="47.268187" lon="11.454771"><ele>563</ele></trkpt>
      <trkpt lat="47.268298" lon="11.455018"><ele>564</ele></trkpt>
      <trkpt lat="47.268305" lon="11.455158"><ele>564</ele></trkpt>
      <trkpt lat="47.268451" lon="11.455897"><ele>562</ele></trkpt>
      <trkpt lat="47.269022" lon="11.458591"><ele>562</ele></trkpt>
      <trkpt lat="47.269142" lon="11.459211"><ele>564</ele></trkpt>
      <trkpt lat="47.269455" lon="11.461326"><ele>563</ele></trkpt>
      <trkpt lat="47.269988" lon="11.464241"><ele>564</ele></trkpt>
      <trkpt lat="47.270404" lon="11.466439"><ele>562</ele></trkpt>
      <trkpt lat="47.270437" lon="11.466508"><ele>562</ele></trkpt>
      <trkpt lat="47.270549" lon="11.466655"><ele>564</ele></trkpt>
      <trkpt lat="47.270573" lon="11.466771"><ele>564</ele></trkpt>
      <trkpt lat="47.270604" lon="11.467177"><ele>563</ele></trkpt>
      <trkpt lat="47.270674" lon="11.467848"><ele>561</ele></trkpt>
      <trkpt lat="47.271169" lon="11.470632"><ele>561</ele></trkpt>
      <trkpt lat="47.271498" lon="11.472459"><ele>560</ele></trkpt>
      <trkpt lat="47.271527" lon="11.472540"><ele>561</ele></trkpt>
      <trkpt lat="47.271569" lon="11.472754"><ele>562</ele></trkpt>
      <trkpt lat="47.271636" lon="11.473171"><ele>564</ele></trkpt>
      <trkpt lat="47.271900" lon="11.474743"><ele>562</ele></trkpt>
      <trkpt lat="47.272007" lon="11.475083"><ele>562</ele></trkpt>
      <trkpt lat="47.272115" lon="11.475818"><ele>561</ele></trkpt>
      <trkpt lat="47.272173" lon="11.476144"><ele>562</ele></trkpt>
      <trkpt lat="47.272321" lon="11.476912"><ele>560</ele></trkpt>
      <trkpt lat="47.272540" lon="11.477926"><ele>562</ele></trkpt>
      <trkpt lat="47.272834" lon="11.479208"><ele>562</ele></trkpt>
      <trkpt lat="47.273044" lon="11.480294"><ele>562</ele></trkpt>
      <trkpt lat="47.273211" lon="11.481118"><ele>558</ele></trkpt>
      <trkpt lat="47.273296" lon="11.481592"><ele>561</ele></trkpt>
      <trkpt lat="47.273399" lon="11.482255"><ele>562</ele></trkpt>
      <trkpt lat="47.273738" lon="11.484765"><ele>562</ele></trkpt>
      <trkpt lat="47.273621" lon="11.484892"><ele>562</ele></trkpt>
      <trkpt lat="47.273549" lon="11.484901"><ele>562</ele></trkpt>
      <trkpt lat="47.273509" lon="11.484981"><ele>561</ele></trkpt>
      <trkpt lat="47.273519" lon="11.485608"><ele>561</ele></trkpt>
      <trkpt lat="47.273550" lon="11.487294"><ele>561</ele></trkpt>
      <trkpt lat="47.273484" lon="11.487786"><ele>560</ele></trkpt>
      <trkpt lat="47.273437" lon="11.489254"><ele>562</ele></trkpt>
      <trkpt lat="47.273382" lon="11.489578"><ele>562</ele></trkpt>
      <trkpt lat="47.273304" lon="11.490369"><ele>561</ele></trkpt>
      <trkpt lat="47.273241" lon="11.491252"><ele>561</ele></trkpt>
      <trkpt lat="47.273134" lon="11.491980"><ele>561</ele></trkpt>
      <trkpt lat="47.273008" lon="11.494157"><ele>560</ele></trkpt>
      <trkpt lat="47.273086" lon="11.495181"><ele>562</ele></trkpt>
      <trkpt lat="47.273102" lon="11.496035"><ele>560</ele></trkpt>
      <trkpt lat="47.273174" lon="11.496663"><ele>559</ele></trkpt>
      <trkpt lat="47.273413" lon="11.497482"><ele>561</ele></trkpt>
      <trkpt lat="47.273478" lon="11.497584"><ele>561</ele></trkpt>
      <trkpt lat="47.273686" lon="11.497681"><ele>562</ele></trkpt>
      <trkpt lat="47.273806" lon="11.497880"><ele>562</ele></trkpt>
      <trkpt lat="47.273870" lon="11.497915"><ele>562</ele></trkpt>
      <trkpt lat="47.273929" lon="11.497910"><ele>562</ele></trkpt>
      <trkpt lat="47.273991" lon="11.497900"><ele>562</ele></trkpt>
      <trkpt lat="47.274341" lon="11.499293"><ele>560</ele></trkpt>
      <trkpt lat="47.274397" lon="11.499337"><ele>561</ele></trkpt>
      <trkpt lat="47.274457" lon="11.499581"><ele>561</ele></trkpt>
      <trkpt lat="47.274508" lon="11.499829"><ele>561</ele></trkpt>
      <trkpt lat="47.274560" lon="11.500036"><ele>561</ele></trkpt>
      <trkpt lat="47.274580" lon="11.500103"><ele>561</ele></trkpt>
      <trkpt lat="47.274600" lon="11.500147"><ele>561</ele></trkpt>
      <trkpt lat="47.274645" lon="11.500218"><ele>560</ele></trkpt>
      <trkpt lat="47.274699" lon="11.500268"><ele>561</ele></trkpt>
      <trkpt lat="47.274946" lon="11.500438"><ele>561</ele></trkpt>
      <trkpt lat="47.275004" lon="11.500506"><ele>561</ele></trkpt>
      <trkpt lat="47.275063" lon="11.500602"><ele>561</ele></trkpt>
      <trkpt lat="47.275108" lon="11.500706"><ele>560</ele></trkpt>
      <trkpt lat="47.275135" lon="11.500778"><ele>560</ele></trkpt>
      <trkpt lat="47.275170" lon="11.500887"><ele>560</ele></trkpt>
      <trkpt lat="47.275491" lon="11.501949"><ele>560</ele></trkpt>
      <trkpt lat="47.275522" lon="11.502020"><ele>560</ele></trkpt>
      <trkpt lat="47.275546" lon="11.502059"><ele>560</ele></trkpt>
      <trkpt lat="47.275593" lon="11.502117"><ele>560</ele></trkpt>
      <trkpt lat="47.275641" lon="11.502155"><ele>561</ele></trkpt>
      <trkpt lat="47.275972" lon="11.502423"><ele>561</ele></trkpt>
      <trkpt lat="47.276060" lon="11.502503"><ele>561</ele></trkpt>
      <trkpt lat="47.276114" lon="11.502569"><ele>561</ele></trkpt>
      <trkpt lat="47.276143" lon="11.502628"><ele>560</ele></trkpt>
      <trkpt lat="47.276194" lon="11.502771"><ele>560</ele></trkpt>
      <trkpt lat="47.276323" lon="11.503180"><ele>561</ele></trkpt>
      <trkpt lat="47.276544" lon="11.503812"><ele>561</ele></trkpt>
      <trkpt lat="47.276705" lon="11.504222"><ele>561</ele></trkpt>
      <trkpt lat="47.276814" lon="11.504479"><ele>561</ele></trkpt>
      <trkpt lat="47.276889" lon="11.504666"><ele>561</ele></trkpt>
      <trkpt lat="47.276926" lon="11.504894"><ele>561</ele></trkpt>
      <trkpt lat="47.276982" lon="11.505098"><ele>561</ele></trkpt>
      <trkpt lat="47.277010" lon="11.505176"><ele>561</ele></trkpt>
      <trkpt lat="47.277070" lon="11.505274"><ele>561</ele></trkpt>
      <trkpt lat="47.277096" lon="11.505397"><ele>561</ele></trkpt>
      <trkpt lat="47.277306" lon="11.505742"><ele>561</ele></trkpt>
      <trkpt lat="47.277451" lon="11.505805"><ele>561</ele></trkpt>
      <trkpt lat="47.277524" lon="11.506255"><ele>561</ele></trkpt>
      <trkpt lat="47.277708" lon="11.507600"><ele>561</ele></trkpt>
      <trkpt lat="47.277760" lon="11.508117"><ele>561</ele></trkpt>
      <trkpt lat="47.277770" lon="11.508197"><ele>561</ele></trkpt>
      <trkpt lat="47.277510" lon="11.508328"><ele>561</ele></trkpt>
      <trkpt lat="47.277262" lon="11.508429"><ele>560</ele></trkpt>
      <trkpt lat="47.277203" lon="11.508454"><ele>559</ele></trkpt>
      <trkpt lat="47.276378" lon="11.508701"><ele>560</ele></trkpt>
      <trkpt lat="47.276342" lon="11.508719"><ele>560</ele></trkpt>
      <trkpt lat="47.276339" lon="11.508764"><ele>560</ele></trkpt>
      <trkpt lat="47.276434" lon="11.509096"><ele>559</ele></trkpt>
      <trkpt lat="47.276445" lon="11.509178"><ele>559</ele></trkpt>
      <trkpt lat="47.276471" lon="11.509390"><ele>558</ele></trkpt>
      <trkpt lat="47.276476" lon="11.510074"><ele>558</ele></trkpt>
      <trkpt lat="47.276159" lon="11.513578"><ele>561</ele></trkpt>
      <trkpt lat="47.276054" lon="11.515987"><ele>561</ele></trkpt>
      <trkpt lat="47.276114" lon="11.517620"><ele>559</ele></trkpt>
      <trkpt lat="47.276184" lon="11.518349"><ele>558</ele></trkpt>
      <trkpt lat="47.276200" lon="11.518919"><ele>559</ele></trkpt>
      <trkpt lat="47.276297" lon="11.520243"><ele>560</ele></trkpt>
      <trkpt lat="47.276345" lon="11.520747"><ele>558</ele></trkpt>
      <trkpt lat="47.276394" lon="11.521112"><ele>558</ele></trkpt>
      <trkpt lat="47.276494" lon="11.522245"><ele>560</ele></trkpt>
      <trkpt lat="47.276813" lon="11.523512"><ele>560</ele></trkpt>
      <trkpt lat="47.277323" lon="11.525698"><ele>558</ele></trkpt>
      <trkpt lat="47.277509" lon="11.526786"><ele>557</ele></trkpt>
      <trkpt lat="47.277559" lon="11.527723"><ele>557</ele></trkpt>
      <trkpt lat="47.277540" lon="11.527812"><ele>557</ele></trkpt>
      <trkpt lat="47.277498" lon="11.527940"><ele>557</ele></trkpt>
      <trkpt lat="47.277488" lon="11.527990"><ele>557</ele></trkpt>
      <trkpt lat="47.277483" lon="11.528176"><ele>558</ele></trkpt>
      <trkpt lat="47.277492" lon="11.528279"><ele>558</ele></trkpt>
      <trkpt lat="47.277516" lon="11.528520"><ele>558</ele></trkpt>
      <trkpt lat="47.277580" lon="11.529023"><ele>558</ele></trkpt>
      <trkpt lat="47.277711" lon="11.529959"><ele>558</ele></trkpt>
      <trkpt lat="47.277924" lon="11.531228"><ele>557</ele></trkpt>
      <trkpt lat="47.278160" lon="11.532487"><ele>558</ele></trkpt>
      <trkpt lat="47.278306" lon="11.533180"><ele>557</ele></trkpt>
      <trkpt lat="47.278465" lon="11.533862"><ele>557</ele></trkpt>
      <trkpt lat="47.278636" lon="11.534548"><ele>558</ele></trkpt>
      <trkpt lat="47.278815" lon="11.535217"><ele>556</ele></trkpt>
      <trkpt lat="47.278820" lon="11.535287"><ele>557</ele></trkpt>
      <trkpt lat="47.278814" lon="11.535318"><ele>557</ele></trkpt>
      <trkpt lat="47.278781" lon="11.535412"><ele>558</ele></trkpt>
      <trkpt lat="47.278760" lon="11.535448"><ele>559</ele></trkpt>
      <trkpt lat="47.278740" lon="11.535520"><ele>559</ele></trkpt>
      <trkpt lat="47.278737" lon="11.535565"><ele>560</ele></trkpt>
      <trkpt lat="47.278746" lon="11.535651"><ele>560</ele></trkpt>
      <trkpt lat="47.278898" lon="11.536416"><ele>558</ele></trkpt>
      <trkpt lat="47.279164" lon="11.537601"><ele>556</ele></trkpt>
      <trkpt lat="47.279430" lon="11.538926"><ele>556</ele></trkpt>
      <trkpt lat="47.279526" lon="11.539366"><ele>558</ele></trkpt>
      <trkpt lat="47.279692" lon="11.540217"><ele>556</ele></trkpt>
      <trkpt lat="47.279762" lon="11.540513"><ele>557</ele></trkpt>
      <trkpt lat="47.279818" lon="11.540716"><ele>558</ele></trkpt>
      <trkpt lat="47.279850" lon="11.540789"><ele>558</ele></trkpt>
      <trkpt lat="47.280483" lon="11.540584"><ele>556</ele></trkpt>
      <trkpt lat="47.280518" lon="11.540588"><ele>556</ele></trkpt>
      <trkpt lat="47.280546" lon="11.540610"><ele>556</ele></trkpt>
      <trkpt lat="47.280584" lon="11.540676"><ele>556</ele></trkpt>
      <trkpt lat="47.280628" lon="11.540837"><ele>555</ele></trkpt>
      <trkpt lat="47.280772" lon="11.541506"><ele>555</ele></trkpt>
      <trkpt lat="47.280792" lon="11.541653"><ele>555</ele></trkpt>
      <trkpt lat="47.280809" lon="11.541850"><ele>556</ele></trkpt>
      <trkpt lat="47.280831" lon="11.542004"><ele>556</ele></trkpt>
      <trkpt lat="47.280977" lon="11.542805"><ele>554</ele></trkpt>
      <trkpt lat="47.281004" lon="11.543075"><ele>554</ele></trkpt>
      <trkpt lat="47.280998" lon="11.543241"><ele>554</ele></trkpt>
      <trkpt lat="47.281043" lon="11.544005"><ele>555</ele></trkpt>
      <trkpt lat="47.281158" lon="11.545340"><ele>555</ele></trkpt>
      <trkpt lat="47.281237" lon="11.546146"><ele>554</ele></trkpt>
      <trkpt lat="47.281308" lon="11.546746"><ele>554</ele></trkpt>
      <trkpt lat="47.281391" lon="11.547340"><ele>556</ele></trkpt>
      <trkpt lat="47.281422" lon="11.547513"><ele>555</ele></trkpt>
      <trkpt lat="47.281435" lon="11.547584"><ele>555</ele></trkpt>
      <trkpt lat="47.281572" lon="11.548245"><ele>554</ele></trkpt>
      <trkpt lat="47.281662" lon="11.548639"><ele>555</ele></trkpt>
      <trkpt lat="47.281755" lon="11.549031"><ele>554</ele></trkpt>
      <trkpt lat="47.281863" lon="11.549441"><ele>555</ele></trkpt>
      <trkpt lat="47.281977" lon="11.549842"><ele>555</ele></trkpt>
      <trkpt lat="47.282091" lon="11.550203"><ele>554</ele></trkpt>
      <trkpt lat="47.282281" lon="11.550755"><ele>555</ele></trkpt>
      <trkpt lat="47.282478" lon="11.551294"><ele>555</ele></trkpt>
      <trkpt lat="47.282706" lon="11.551852"><ele>554</ele></trkpt>
      <trkpt lat="47.282889" lon="11.552258"><ele>554</ele></trkpt>
      <trkpt lat="47.283078" lon="11.552656"><ele>555</ele></trkpt>
      <trkpt lat="47.283328" lon="11.553138"><ele>554</ele></trkpt>
      <trkpt lat="47.283589" lon="11.553604"><ele>555</ele></trkpt>
      <trkpt lat="47.284071" lon="11.554381"><ele>554</ele></trkpt>
      <trkpt lat="47.284236" lon="11.554629"><ele>554</ele></trkpt>
      <trkpt lat="47.284870" lon="11.555537"><ele>554</ele></trkpt>
      <trkpt lat="47.285194" lon="11.555972"><ele>554</ele></trkpt>
      <trkpt lat="47.285520" lon="11.556394"><ele>554</ele></trkpt>
      <trkpt lat="47.285973" lon="11.556960"><ele>554</ele></trkpt>
      <trkpt lat="47.286383" lon="11.557442"><ele>554</ele></trkpt>
      <trkpt lat="47.286673" lon="11.557771"><ele>555</ele></trkpt>
      <trkpt lat="47.287385" lon="11.558544"><ele>554</ele></trkpt>
      <trkpt lat="47.288338" lon="11.559454"><ele>555</ele></trkpt>
      <trkpt lat="47.289193" lon="11.560231"><ele>555</ele></trkpt>
      <trkpt lat="47.289241" lon="11.560278"><ele>555</ele></trkpt>
      <trkpt lat="47.289267" lon="11.560304"><ele>555</ele></trkpt>
      <trkpt lat="47.289222" lon="11.560369"><ele>556</ele></trkpt>
      <trkpt lat="47.289062" lon="11.560728"><ele>556</ele></trkpt>
      <trkpt lat="47.289001" lon="11.560870"><ele>555</ele></trkpt>
      <trkpt lat="47.288923" lon="11.561011"><ele>554</ele></trkpt>
      <trkpt lat="47.288721" lon="11.561348"><ele>554</ele></trkpt>
      <trkpt lat="47.288954" lon="11.561768"><ele>555</ele></trkpt>
      <trkpt lat="47.289055" lon="11.561988"><ele>555</ele></trkpt>
      <trkpt lat="47.289096" lon="11.562120"><ele>555</ele></trkpt>
      <trkpt lat="47.289147" lon="11.562346"><ele>555</ele></trkpt>
      <trkpt lat="47.289152" lon="11.562473"><ele>555</ele></trkpt>
      <trkpt lat="47.289149" lon="11.562649"><ele>555</ele></trkpt>
      <trkpt lat="47.289159" lon="11.562802"><ele>555</ele></trkpt>
      <trkpt lat="47.289198" lon="11.563007"><ele>556</ele></trkpt>
      <trkpt lat="47.289432" lon="11.563427"><ele>555</ele></trkpt>
      <trkpt lat="47.289512" lon="11.563540"><ele>555</ele></trkpt>
      <trkpt lat="47.289633" lon="11.563680"><ele>555</ele></trkpt>
      <trkpt lat="47.289735" lon="11.563764"><ele>555</ele></trkpt>
      <trkpt lat="47.290059" lon="11.563939"><ele>554</ele></trkpt>
      <trkpt lat="47.290189" lon="11.564026"><ele>554</ele></trkpt>
      <trkpt lat="47.290254" lon="11.564099"><ele>554</ele></trkpt>
      <trkpt lat="47.290319" lon="11.564177"><ele>554</ele></trkpt>
      <trkpt lat="47.290377" lon="11.564265"><ele>554</ele></trkpt>
      <trkpt lat="47.290423" lon="11.564363"><ele>553</ele></trkpt>
      <trkpt lat="47.290464" lon="11.564477"><ele>553</ele></trkpt>
      <trkpt lat="47.290508" lon="11.564688"><ele>553</ele></trkpt>
      <trkpt lat="47.290519" lon="11.564881"><ele>553</ele></trkpt>
      <trkpt lat="47.290516" lon="11.564977"><ele>553</ele></trkpt>
      <trkpt lat="47.290496" lon="11.565106"><ele>553</ele></trkpt>
      <trkpt lat="47.290541" lon="11.565117"><ele>553</ele></trkpt>
      <trkpt lat="47.290743" lon="11.565178"><ele>553</ele></trkpt>
      <trkpt lat="47.290794" lon="11.565207"><ele>553</ele></trkpt>
      <trkpt lat="47.290830" lon="11.565241"><ele>553</ele></trkpt>
      <trkpt lat="47.290868" lon="11.565292"><ele>553</ele></trkpt>
      <trkpt lat="47.290896" lon="11.565314"><ele>553</ele></trkpt>
      <trkpt lat="47.290922" lon="11.565402"><ele>553</ele></trkpt>
      <trkpt lat="47.293064" lon="11.569685"><ele>552</ele></trkpt>
      <trkpt lat="47.293101" lon="11.569780"><ele>552</ele></trkpt>
      <trkpt lat="47.294099" lon="11.573280"><ele>552</ele></trkpt>
      <trkpt lat="47.294702" lon="11.575350"><ele>551</ele></trkpt>
      <trkpt lat="47.295263" lon="11.577316"><ele>551</ele></trkpt>
      <trkpt lat="47.295872" lon="11.578982"><ele>551</ele></trkpt>
      <trkpt lat="47.296213" lon="11.579933"><ele>551</ele></trkpt>
      <trkpt lat="47.296236" lon="11.580031"><ele>551</ele></trkpt>
      <trkpt lat="47.296264" lon="11.580320"><ele>551</ele></trkpt>
      <trkpt lat="47.296301" lon="11.580701"><ele>551</ele></trkpt>
      <trkpt lat="47.296336" lon="11.581077"><ele>551</ele></trkpt>
      <trkpt lat="47.296373" lon="11.581429"><ele>550</ele></trkpt>
      <trkpt lat="47.296500" lon="11.582688"><ele>550</ele></trkpt>
      <trkpt lat="47.296524" lon="11.582815"><ele>550</ele></trkpt>
      <trkpt lat="47.296622" lon="11.582786"><ele>550</ele></trkpt>
      <trkpt lat="47.296859" lon="11.582649"><ele>550</ele></trkpt>
      <trkpt lat="47.297113" lon="11.582501"><ele>551</ele></trkpt>
      <trkpt lat="47.297510" lon="11.584041"><ele>551</ele></trkpt>
      <trkpt lat="47.297521" lon="11.584084"><ele>551</ele></trkpt>
      <trkpt lat="47.297682" lon="11.584690"><ele>550</ele></trkpt>
      <trkpt lat="47.297728" lon="11.584929"><ele>552</ele></trkpt>
      <trkpt lat="47.297759" lon="11.585087"><ele>551</ele></trkpt>
      <trkpt lat="47.297828" lon="11.585558"><ele>551</ele></trkpt>
      <trkpt lat="47.297871" lon="11.586281"><ele>550</ele></trkpt>
      <trkpt lat="47.297874" lon="11.586333"><ele>550</ele></trkpt>
      <trkpt lat="47.297878" lon="11.586384"><ele>550</ele></trkpt>
      <trkpt lat="47.297879" lon="11.586405"><ele>550</ele></trkpt>
      <trkpt lat="47.297898" lon="11.586727"><ele>550</ele></trkpt>
      <trkpt lat="47.297922" lon="11.587030"><ele>550</ele></trkpt>
      <trkpt lat="47.297927" lon="11.587106"><ele>550</ele></trkpt>
      <trkpt lat="47.297936" lon="11.587221"><ele>550</ele></trkpt>
      <trkpt lat="47.297973" lon="11.587789"><ele>550</ele></trkpt>
      <trkpt lat="47.297988" lon="11.588005"><ele>551</ele></trkpt>
      <trkpt lat="47.298016" lon="11.588217"><ele>551</ele></trkpt>
      <trkpt lat="47.298035" lon="11.588369"><ele>551</ele></trkpt>
      <trkpt lat="47.297973" lon="11.588399"><ele>551</ele></trkpt>
      <trkpt lat="47.297917" lon="11.588424"><ele>551</ele></trkpt>
      <trkpt lat="47.297830" lon="11.588463"><ele>551</ele></trkpt>
      <trkpt lat="47.297712" lon="11.588507"><ele>551</ele></trkpt>
      <trkpt lat="47.297654" lon="11.588524"><ele>551</ele></trkpt>
      <trkpt lat="47.297520" lon="11.588560"><ele>551</ele></trkpt>
      <trkpt lat="47.297529" lon="11.588622"><ele>551</ele></trkpt>
      <trkpt lat="47.297636" lon="11.589364"><ele>551</ele></trkpt>
      <trkpt lat="47.297640" lon="11.589403"><ele>551</ele></trkpt>
      <trkpt lat="47.297674" lon="11.589646"><ele>551</ele></trkpt>
      <trkpt lat="47.297753" lon="11.590232"><ele>551</ele></trkpt>
      <trkpt lat="47.297788" lon="11.590480"><ele>551</ele></trkpt>
      <trkpt lat="47.297791" lon="11.590505"><ele>551</ele></trkpt>
      <trkpt lat="47.297831" lon="11.590889"><ele>552</ele></trkpt>
      <trkpt lat="47.297847" lon="11.590977"><ele>552</ele></trkpt>
      <trkpt lat="47.297773" lon="11.591092"><ele>552</ele></trkpt>
      <trkpt lat="47.297868" lon="11.591225"><ele>551</ele></trkpt>
      <trkpt lat="47.297940" lon="11.591402"><ele>551</ele></trkpt>
      <trkpt lat="47.298007" lon="11.591901"><ele>550</ele></trkpt>
      <trkpt lat="47.298058" lon="11.592690"><ele>550</ele></trkpt>
      <trkpt lat="47.298069" lon="11.593061"><ele>550</ele></trkpt>
      <trkpt lat="47.297982" lon="11.594141"><ele>550</ele></trkpt>
      <trkpt lat="47.298520" lon="11.594245"><ele>550</ele></trkpt>
      <trkpt lat="47.299029" lon="11.594352"><ele>550</ele></trkpt>
      <trkpt lat="47.299132" lon="11.594367"><ele>550</ele></trkpt>
      <trkpt lat="47.299219" lon="11.594400"><ele>550</ele></trkpt>
      <trkpt lat="47.299261" lon="11.594418"><ele>551</ele></trkpt>
      <trkpt lat="47.299321" lon="11.594097"><ele>551</ele></trkpt>
      <trkpt lat="47.299370" lon="11.594115"><ele>552</ele></trkpt>
      <trkpt lat="47.299149" lon="11.595458"><ele>550</ele></trkpt>
      <trkpt lat="47.299084" lon="11.595940"><ele>551</ele></trkpt>
      <trkpt lat="47.298970" lon="11.597309"><ele>551</ele></trkpt>
      <trkpt lat="47.298944" lon="11.598356"><ele>550</ele></trkpt>
      <trkpt lat="47.298987" lon="11.599341"><ele>552</ele></trkpt>
      <trkpt lat="47.299068" lon="11.600316"><ele>551</ele></trkpt>
      <trkpt lat="47.299235" lon="11.601579"><ele>550</ele></trkpt>
      <trkpt lat="47.299500" lon="11.602858"><ele>550</ele></trkpt>
      <trkpt lat="47.299507" lon="11.602950"><ele>550</ele></trkpt>
      <trkpt lat="47.299498" lon="11.603022"><ele>550</ele></trkpt>
      <trkpt lat="47.299462" lon="11.603137"><ele>549</ele></trkpt>
      <trkpt lat="47.299390" lon="11.603242"><ele>549</ele></trkpt>
      <trkpt lat="47.298932" lon="11.603491"><ele>548</ele></trkpt>
      <trkpt lat="47.298722" lon="11.603590"><ele>548</ele></trkpt>
      <trkpt lat="47.298395" lon="11.603713"><ele>548</ele></trkpt>
      <trkpt lat="47.298361" lon="11.603756"><ele>548</ele></trkpt>
      <trkpt lat="47.298331" lon="11.603842"><ele>548</ele></trkpt>
      <trkpt lat="47.298346" lon="11.603952"><ele>548</ele></trkpt>
      <trkpt lat="47.298390" lon="11.604314"><ele>548</ele></trkpt>
      <trkpt lat="47.298410" lon="11.604415"><ele>548</ele></trkpt>
      <trkpt lat="47.298428" lon="11.604470"><ele>548</ele></trkpt>
      <trkpt lat="47.298596" lon="11.604835"><ele>548</ele></trkpt>
      <trkpt lat="47.298805" lon="11.605191"><ele>548</ele></trkpt>
      <trkpt lat="47.299664" lon="11.606705"><ele>548</ele></trkpt>
      <trkpt lat="47.300308" lon="11.607828"><ele>548</ele></trkpt>
      <trkpt lat="47.300552" lon="11.608266"><ele>548</ele></trkpt>
      <trkpt lat="47.300671" lon="11.608505"><ele>548</ele></trkpt>
      <trkpt lat="47.300994" lon="11.609388"><ele>547</ele></trkpt>
      <trkpt lat="47.301261" lon="11.610146"><ele>547</ele></trkpt>
      <trkpt lat="47.303493" lon="11.616340"><ele>547</ele></trkpt>
      <trkpt lat="47.303500" lon="11.616405"><ele>547</ele></trkpt>
      <trkpt lat="47.303487" lon="11.616465"><ele>547</ele></trkpt>
      <trkpt lat="47.303453" lon="11.616546"><ele>547</ele></trkpt>
      <trkpt lat="47.303394" lon="11.616587"><ele>547</ele></trkpt>
      <trkpt lat="47.301299" lon="11.617768"><ele>547</ele></trkpt>
      <trkpt lat="47.301179" lon="11.617842"><ele>547</ele></trkpt>
      <trkpt lat="47.302040" lon="11.621392"><ele>547</ele></trkpt>
      <trkpt lat="47.302655" lon="11.623937"><ele>546</ele></trkpt>
      <trkpt lat="47.303160" lon="11.626029"><ele>546</ele></trkpt>
      <trkpt lat="47.303203" lon="11.626249"><ele>546</ele></trkpt>
      <trkpt lat="47.303240" lon="11.626621"><ele>546</ele></trkpt>
      <trkpt lat="47.303207" lon="11.626748"><ele>546</ele></trkpt>
      <trkpt lat="47.303185" lon="11.626916"><ele>546</ele></trkpt>
      <trkpt lat="47.303182" lon="11.626937"><ele>546</ele></trkpt>
      <trkpt lat="47.303134" lon="11.627139"><ele>547</ele></trkpt>
      <trkpt lat="47.303056" lon="11.627471"><ele>547</ele></trkpt>
      <trkpt lat="47.302980" lon="11.627799"><ele>547</ele></trkpt>
      <trkpt lat="47.302876" lon="11.628298"><ele>546</ele></trkpt>
      <trkpt lat="47.302730" lon="11.628639"><ele>548</ele></trkpt>
      <trkpt lat="47.302668" lon="11.628767"><ele>547</ele></trkpt>
      <trkpt lat="47.302575" lon="11.628964"><ele>547</ele></trkpt>
      <trkpt lat="47.302738" lon="11.628847"><ele>547</ele></trkpt>
      <trkpt lat="47.303044" lon="11.628584"><ele>548</ele></trkpt>
      <trkpt lat="47.303800" lon="11.630715"><ele>546</ele></trkpt>
      <trkpt lat="47.304332" lon="11.632279"><ele>548</ele></trkpt>
      <trkpt lat="47.304495" lon="11.632202"><ele>548</ele></trkpt>
      <trkpt lat="47.305175" lon="11.631842"><ele>547</ele></trkpt>
      <trkpt lat="47.305310" lon="11.631764"><ele>547</ele></trkpt>
      <trkpt lat="47.305423" lon="11.631680"><ele>547</ele></trkpt>
      <trkpt lat="47.305612" lon="11.631502"><ele>547</ele></trkpt>
      <trkpt lat="47.305692" lon="11.631413"><ele>547</ele></trkpt>
      <trkpt lat="47.306364" lon="11.630569"><ele>547</ele></trkpt>
      <trkpt lat="47.306556" lon="11.630391"><ele>546</ele></trkpt>
      <trkpt lat="47.306668" lon="11.630310"><ele>546</ele></trkpt>
      <trkpt lat="47.306886" lon="11.630179"><ele>546</ele></trkpt>
      <trkpt lat="47.308211" lon="11.629403"><ele>546</ele></trkpt>
      <trkpt lat="47.308484" lon="11.629234"><ele>546</ele></trkpt>
      <trkpt lat="47.308695" lon="11.629126"><ele>547</ele></trkpt>
      <trkpt lat="47.308766" lon="11.629114"><ele>548</ele></trkpt>
      <trkpt lat="47.308799" lon="11.629203"><ele>548</ele></trkpt>
      <trkpt lat="47.309143" lon="11.630405"><ele>546</ele></trkpt>
      <trkpt lat="47.309470" lon="11.631357"><ele>547</ele></trkpt>
      <trkpt lat="47.309837" lon="11.632309"><ele>548</ele></trkpt>
      <trkpt lat="47.309988" lon="11.632638"><ele>547</ele></trkpt>
      <trkpt lat="47.310052" lon="11.632768"><ele>548</ele></trkpt>
      <trkpt lat="47.310222" lon="11.633055"><ele>548</ele></trkpt>
      <trkpt lat="47.310248" lon="11.633101"><ele>548</ele></trkpt>
      <trkpt lat="47.310268" lon="11.633137"><ele>548</ele></trkpt>
      <trkpt lat="47.310689" lon="11.633992"><ele>548</ele></trkpt>
      <trkpt lat="47.310754" lon="11.634094"><ele>548</ele></trkpt>
      <trkpt lat="47.310901" lon="11.634035"><ele>549</ele></trkpt>
      <trkpt lat="47.310977" lon="11.634021"><ele>550</ele></trkpt>
      <trkpt lat="47.311408" lon="11.634034"><ele>548</ele></trkpt>
      <trkpt lat="47.311487" lon="11.634032"><ele>548</ele></trkpt>
      <trkpt lat="47.311566" lon="11.634017"><ele>548</ele></trkpt>
      <trkpt lat="47.311701" lon="11.633956"><ele>546</ele></trkpt>
      <trkpt lat="47.311796" lon="11.633886"><ele>546</ele></trkpt>
      <trkpt lat="47.311906" lon="11.633773"><ele>546</ele></trkpt>
      <trkpt lat="47.312529" lon="11.632956"><ele>548</ele></trkpt>
      <trkpt lat="47.312908" lon="11.632441"><ele>548</ele></trkpt>
      <trkpt lat="47.312943" lon="11.632518"><ele>547</ele></trkpt>
      <trkpt lat="47.312948" lon="11.632570"><ele>547</ele></trkpt>
      <trkpt lat="47.312938" lon="11.632633"><ele>547</ele></trkpt>
      <trkpt lat="47.312712" lon="11.632979"><ele>546</ele></trkpt>
      <trkpt lat="47.312694" lon="11.633037"><ele>546</ele></trkpt>
      <trkpt lat="47.312691" lon="11.633104"><ele>545</ele></trkpt>
      <trkpt lat="47.312706" lon="11.633173"><ele>545</ele></trkpt>
      <trkpt lat="47.312739" lon="11.633225"><ele>545</ele></trkpt>
      <trkpt lat="47.312943" lon="11.633434"><ele>545</ele></trkpt>
      <trkpt lat="47.313156" lon="11.633751"><ele>545</ele></trkpt>
      <trkpt lat="47.313204" lon="11.633801"><ele>545</ele></trkpt>
      <trkpt lat="47.313380" lon="11.633895"><ele>546</ele></trkpt>
      <trkpt lat="47.313436" lon="11.633942"><ele>546</ele></trkpt>
      <trkpt lat="47.313762" lon="11.634346"><ele>546</ele></trkpt>
      <trkpt lat="47.313795" lon="11.634395"><ele>546</ele></trkpt>
      <trkpt lat="47.313816" lon="11.634467"><ele>546</ele></trkpt>
      <trkpt lat="47.313844" lon="11.634643"><ele>546</ele></trkpt>
      <trkpt lat="47.313865" lon="11.634713"><ele>546</ele></trkpt>
      <trkpt lat="47.314051" lon="11.635095"><ele>546</ele></trkpt>
      <trkpt lat="47.314170" lon="11.635356"><ele>548</ele></trkpt>
      <trkpt lat="47.314406" lon="11.635761"><ele>545</ele></trkpt>
      <trkpt lat="47.314485" lon="11.635880"><ele>544</ele></trkpt>
      <trkpt lat="47.314573" lon="11.635982"><ele>544</ele></trkpt>
      <trkpt lat="47.314784" lon="11.636291"><ele>545</ele></trkpt>
      <trkpt lat="47.314805" lon="11.636336"><ele>545</ele></trkpt>
      <trkpt lat="47.314845" lon="11.636527"><ele>544</ele></trkpt>
      <trkpt lat="47.314867" lon="11.636590"><ele>544</ele></trkpt>
      <trkpt lat="47.314942" lon="11.636733"><ele>544</ele></trkpt>
      <trkpt lat="47.315207" lon="11.637180"><ele>544</ele></trkpt>
      <trkpt lat="47.315252" lon="11.637244"><ele>544</ele></trkpt>
      <trkpt lat="47.315348" lon="11.637331"><ele>545</ele></trkpt>
      <trkpt lat="47.315417" lon="11.637437"><ele>545</ele></trkpt>
      <trkpt lat="47.315557" lon="11.637743"><ele>546</ele></trkpt>
      <trkpt lat="47.315677" lon="11.637947"><ele>545</ele></trkpt>
      <trkpt lat="47.315742" lon="11.638077"><ele>545</ele></trkpt>
      <trkpt lat="47.315801" lon="11.638258"><ele>545</ele></trkpt>
      <trkpt lat="47.315887" lon="11.638466"><ele>544</ele></trkpt>
      <trkpt lat="47.316248" lon="11.639266"><ele>545</ele></trkpt>
      <trkpt lat="47.316272" lon="11.639315"><ele>545</ele></trkpt>
      <trkpt lat="47.316295" lon="11.639332"><ele>545</ele></trkpt>
      <trkpt lat="47.316326" lon="11.639326"><ele>545</ele></trkpt>
      <trkpt lat="47.316534" lon="11.639143"><ele>545</ele></trkpt>
      <trkpt lat="47.317006" lon="11.638751"><ele>545</ele></trkpt>
      <trkpt lat="47.317201" lon="11.638623"><ele>545</ele></trkpt>
      <trkpt lat="47.317503" lon="11.638365"><ele>545</ele></trkpt>
      <trkpt lat="47.317539" lon="11.638365"><ele>545</ele></trkpt>
      <trkpt lat="47.317555" lon="11.638383"><ele>545</ele></trkpt>
      <trkpt lat="47.317600" lon="11.638466"><ele>546</ele></trkpt>
      <trkpt lat="47.317675" lon="11.638613"><ele>546</ele></trkpt>
      <trkpt lat="47.317770" lon="11.638841"><ele>545</ele></trkpt>
      <trkpt lat="47.317989" lon="11.639470"><ele>545</ele></trkpt>
      <trkpt lat="47.318203" lon="11.640194"><ele>545</ele></trkpt>
      <trkpt lat="47.318373" lon="11.640818"><ele>544</ele></trkpt>
      <trkpt lat="47.318454" lon="11.641145"><ele>545</ele></trkpt>
      <trkpt lat="47.318609" lon="11.641820"><ele>544</ele></trkpt>
      <trkpt lat="47.318722" lon="11.642388"><ele>545</ele></trkpt>
      <trkpt lat="47.318737" lon="11.642517"><ele>545</ele></trkpt>
      <trkpt lat="47.318731" lon="11.642596"><ele>545</ele></trkpt>
      <trkpt lat="47.318713" lon="11.642697"><ele>545</ele></trkpt>
      <trkpt lat="47.318682" lon="11.642788"><ele>545</ele></trkpt>
      <trkpt lat="47.318586" lon="11.642975"><ele>545</ele></trkpt>
      <trkpt lat="47.318554" lon="11.643068"><ele>545</ele></trkpt>
      <trkpt lat="47.318550" lon="11.643144"><ele>545</ele></trkpt>
      <trkpt lat="47.318590" lon="11.643359"><ele>545</ele></trkpt>
      <trkpt lat="47.318611" lon="11.643412"><ele>544</ele></trkpt>
      <trkpt lat="47.318639" lon="11.643455"><ele>544</ele></trkpt>
      <trkpt lat="47.318667" lon="11.643473"><ele>544</ele></trkpt>
      <trkpt lat="47.318691" lon="11.643551"><ele>544</ele></trkpt>
      <trkpt lat="47.318730" lon="11.643620"><ele>544</ele></trkpt>
      <trkpt lat="47.318779" lon="11.643655"><ele>544</ele></trkpt>
      <trkpt lat="47.318957" lon="11.643698"><ele>544</ele></trkpt>
      <trkpt lat="47.319000" lon="11.643722"><ele>545</ele></trkpt>
      <trkpt lat="47.319042" lon="11.643772"><ele>545</ele></trkpt>
      <trkpt lat="47.319069" lon="11.643829"><ele>546</ele></trkpt>
      <trkpt lat="47.319088" lon="11.643896"><ele>546</ele></trkpt>
      <trkpt lat="47.319154" lon="11.644515"><ele>546</ele></trkpt>
      <trkpt lat="47.319338" lon="11.645337"><ele>546</ele></trkpt>
      <trkpt lat="47.319468" lon="11.646074"><ele>544</ele></trkpt>
      <trkpt lat="47.320680" lon="11.652466"><ele>544</ele></trkpt>
      <trkpt lat="47.321091" lon="11.654883"><ele>543</ele></trkpt>
      <trkpt lat="47.321290" lon="11.655958"><ele>544</ele></trkpt>
      <trkpt lat="47.321503" lon="11.657020"><ele>544</ele></trkpt>
      <trkpt lat="47.321622" lon="11.657423"><ele>544</ele></trkpt>
      <trkpt lat="47.321730" lon="11.658063"><ele>543</ele></trkpt>
      <trkpt lat="47.321842" lon="11.658667"><ele>544</ele></trkpt>
      <trkpt lat="47.322003" lon="11.659975"><ele>542</ele></trkpt>
      <trkpt lat="47.322124" lon="11.661299"><ele>543</ele></trkpt>
      <trkpt lat="47.322143" lon="11.661825"><ele>544</ele></trkpt>
      <trkpt lat="47.322182" lon="11.661982"><ele>544</ele></trkpt>
      <trkpt lat="47.322164" lon="11.662466"><ele>544</ele></trkpt>
      <trkpt lat="47.322053" lon="11.663932"><ele>545</ele></trkpt>
      <trkpt lat="47.322051" lon="11.664121"><ele>547</ele></trkpt>
      <trkpt lat="47.322040" lon="11.664283"><ele>548</ele></trkpt>
      <trkpt lat="47.321927" lon="11.665464"><ele>544</ele></trkpt>
      <trkpt lat="47.321852" lon="11.666317"><ele>543</ele></trkpt>
      <trkpt lat="47.321731" lon="11.667700"><ele>544</ele></trkpt>
      <trkpt lat="47.321650" lon="11.669257"><ele>544</ele></trkpt>
      <trkpt lat="47.321699" lon="11.670892"><ele>545</ele></trkpt>
      <trkpt lat="47.321813" lon="11.672021"><ele>543</ele></trkpt>
      <trkpt lat="47.321979" lon="11.672960"><ele>542</ele></trkpt>
      <trkpt lat="47.322190" lon="11.673762"><ele>543</ele></trkpt>
      <trkpt lat="47.322520" lon="11.674678"><ele>544</ele></trkpt>
      <trkpt lat="47.322893" lon="11.675597"><ele>546</ele></trkpt>
      <trkpt lat="47.323205" lon="11.676238"><ele>546</ele></trkpt>
      <trkpt lat="47.323407" lon="11.676586"><ele>546</ele></trkpt>
      <trkpt lat="47.323733" lon="11.677086"><ele>545</ele></trkpt>
      <trkpt lat="47.324211" lon="11.677653"><ele>543</ele></trkpt>
      <trkpt lat="47.324226" lon="11.677672"><ele>543</ele></trkpt>
      <trkpt lat="47.324254" lon="11.677706"><ele>543</ele></trkpt>
      <trkpt lat="47.324359" lon="11.677882"><ele>543</ele></trkpt>
      <trkpt lat="47.324450" lon="11.677966"><ele>543</ele></trkpt>
      <trkpt lat="47.324655" lon="11.678157"><ele>543</ele></trkpt>
      <trkpt lat="47.324697" lon="11.678167"><ele>543</ele></trkpt>
      <trkpt lat="47.324731" lon="11.678133"><ele>543</ele></trkpt>
      <trkpt lat="47.325029" lon="11.678406"><ele>544</ele></trkpt>
      <trkpt lat="47.325081" lon="11.678489"><ele>544</ele></trkpt>
      <trkpt lat="47.325131" lon="11.678606"><ele>544</ele></trkpt>
      <trkpt lat="47.325172" lon="11.678765"><ele>545</ele></trkpt>
      <trkpt lat="47.325159" lon="11.678842"><ele>545</ele></trkpt>
      <trkpt lat="47.325051" lon="11.679368"><ele>546</ele></trkpt>
      <trkpt lat="47.325049" lon="11.679505"><ele>545</ele></trkpt>
      <trkpt lat="47.325058" lon="11.679628"><ele>545</ele></trkpt>
      <trkpt lat="47.325086" lon="11.679720"><ele>545</ele></trkpt>
      <trkpt lat="47.325186" lon="11.679833"><ele>546</ele></trkpt>
      <trkpt lat="47.325255" lon="11.679884"><ele>547</ele></trkpt>
      <trkpt lat="47.325663" lon="11.680191"><ele>547</ele></trkpt>
      <trkpt lat="47.325915" lon="11.680380"><ele>547</ele></trkpt>
      <trkpt lat="47.326031" lon="11.680377"><ele>547</ele></trkpt>
      <trkpt lat="47.326205" lon="11.680317"><ele>547</ele></trkpt>
      <trkpt lat="47.326287" lon="11.680297"><ele>547</ele></trkpt>
      <trkpt lat="47.326428" lon="11.680460"><ele>547</ele></trkpt>
      <trkpt lat="47.326515" lon="11.680576"><ele>547</ele></trkpt>
      <trkpt lat="47.326728" lon="11.680915"><ele>547</ele></trkpt>
      <trkpt lat="47.326888" lon="11.681209"><ele>547</ele></trkpt>
      <trkpt lat="47.326963" lon="11.681391"><ele>547</ele></trkpt>
      <trkpt lat="47.327148" lon="11.681849"><ele>547</ele></trkpt>
      <trkpt lat="47.327208" lon="11.682032"><ele>548</ele></trkpt>
      <trkpt lat="47.327378" lon="11.682488"><ele>547</ele></trkpt>
      <trkpt lat="47.327479" lon="11.682748"><ele>547</ele></trkpt>
      <trkpt lat="47.327775" lon="11.683381"><ele>545</ele></trkpt>
      <trkpt lat="47.327811" lon="11.683485"><ele>545</ele></trkpt>
      <trkpt lat="47.327864" lon="11.683611"><ele>545</ele></trkpt>
      <trkpt lat="47.327961" lon="11.683817"><ele>544</ele></trkpt>
      <trkpt lat="47.328130" lon="11.684118"><ele>544</ele></trkpt>
      <trkpt lat="47.328211" lon="11.684264"><ele>544</ele></trkpt>
      <trkpt lat="47.328076" lon="11.684501"><ele>544</ele></trkpt>
      <trkpt lat="47.327784" lon="11.684963"><ele>543</ele></trkpt>
      <trkpt lat="47.327648" lon="11.685203"><ele>543</ele></trkpt>
      <trkpt lat="47.327618" lon="11.685289"><ele>543</ele></trkpt>
      <trkpt lat="47.327613" lon="11.685395"><ele>543</ele></trkpt>
      <trkpt lat="47.327615" lon="11.685523"><ele>543</ele></trkpt>
      <trkpt lat="47.327642" lon="11.685634"><ele>543</ele></trkpt>
      <trkpt lat="47.328384" lon="11.687005"><ele>542</ele></trkpt>
      <trkpt lat="47.328992" lon="11.688156"><ele>541</ele></trkpt>
      <trkpt lat="47.329248" lon="11.688622"><ele>541</ele></trkpt>
      <trkpt lat="47.329564" lon="11.689154"><ele>541</ele></trkpt>
      <trkpt lat="47.329830" lon="11.689575"><ele>541</ele></trkpt>
      <trkpt lat="47.330130" lon="11.690024"><ele>541</ele></trkpt>
      <trkpt lat="47.330470" lon="11.690493"><ele>541</ele></trkpt>
      <trkpt lat="47.330922" lon="11.691081"><ele>541</ele></trkpt>
      <trkpt lat="47.330970" lon="11.691140"><ele>541</ele></trkpt>
      <trkpt lat="47.333905" lon="11.693890"><ele>541</ele></trkpt>
      <trkpt lat="47.333616" lon="11.694340"><ele>541</ele></trkpt>
      <trkpt lat="47.333592" lon="11.694408"><ele>541</ele></trkpt>
      <trkpt lat="47.333609" lon="11.694493"><ele>541</ele></trkpt>
      <trkpt lat="47.333767" lon="11.694682"><ele>540</ele></trkpt>
      <trkpt lat="47.334102" lon="11.695140"><ele>541</ele></trkpt>
      <trkpt lat="47.334587" lon="11.695903"><ele>540</ele></trkpt>
      <trkpt lat="47.334910" lon="11.696447"><ele>541</ele></trkpt>
      <trkpt lat="47.335105" lon="11.696787"><ele>541</ele></trkpt>
      <trkpt lat="47.335477" lon="11.697582"><ele>541</ele></trkpt>
      <trkpt lat="47.335781" lon="11.698205"><ele>542</ele></trkpt>
      <trkpt lat="47.335845" lon="11.698322"><ele>542</ele></trkpt>
      <trkpt lat="47.335895" lon="11.698386"><ele>542</ele></trkpt>
      <trkpt lat="47.336905" lon="11.699409"><ele>541</ele></trkpt>
      <trkpt lat="47.337071" lon="11.699593"><ele>540</ele></trkpt>
      <trkpt lat="47.337115" lon="11.699657"><ele>540</ele></trkpt>
      <trkpt lat="47.337149" lon="11.699726"><ele>540</ele></trkpt>
      <trkpt lat="47.337183" lon="11.699859"><ele>540</ele></trkpt>
      <trkpt lat="47.337199" lon="11.699993"><ele>540</ele></trkpt>
      <trkpt lat="47.337211" lon="11.700241"><ele>540</ele></trkpt>
      <trkpt lat="47.337352" lon="11.700392"><ele>540</ele></trkpt>
      <trkpt lat="47.337651" lon="11.700723"><ele>540</ele></trkpt>
      <trkpt lat="47.337841" lon="11.700914"><ele>540</ele></trkpt>
      <trkpt lat="47.337937" lon="11.701011"><ele>540</ele></trkpt>
      <trkpt lat="47.338352" lon="11.701503"><ele>540</ele></trkpt>
      <trkpt lat="47.338373" lon="11.701528"><ele>540</ele></trkpt>
      <trkpt lat="47.338615" lon="11.701813"><ele>539</ele></trkpt>
      <trkpt lat="47.338847" lon="11.702061"><ele>539</ele></trkpt>
      <trkpt lat="47.338928" lon="11.702151"><ele>539</ele></trkpt>
      <trkpt lat="47.339106" lon="11.702322"><ele>539</ele></trkpt>
      <trkpt lat="47.339279" lon="11.702456"><ele>539</ele></trkpt>
      <trkpt lat="47.340255" lon="11.703146"><ele>539</ele></trkpt>
      <trkpt lat="47.340238" lon="11.703192"><ele>539</ele></trkpt>
      <trkpt lat="47.340064" lon="11.703665"><ele>538</ele></trkpt>
      <trkpt lat="47.340031" lon="11.703753"><ele>538</ele></trkpt>
      <trkpt lat="47.339934" lon="11.703948"><ele>537</ele></trkpt>
      <trkpt lat="47.340176" lon="11.704580"><ele>537</ele></trkpt>
      <trkpt lat="47.340326" lon="11.704955"><ele>538</ele></trkpt>
      <trkpt lat="47.340416" lon="11.705056"><ele>537</ele></trkpt>
      <trkpt lat="47.340507" lon="11.705106"><ele>536</ele></trkpt>
      <trkpt lat="47.341500" lon="11.705424"><ele>536</ele></trkpt>
      <trkpt lat="47.342281" lon="11.705651"><ele>536</ele></trkpt>
      <trkpt lat="47.342653" lon="11.705754"><ele>536</ele></trkpt>
      <trkpt lat="47.342789" lon="11.705788"><ele>537</ele></trkpt>
      <trkpt lat="47.343064" lon="11.705860"><ele>538</ele></trkpt>
      <trkpt lat="47.343145" lon="11.705871"><ele>537</ele></trkpt>
      <trkpt lat="47.343422" lon="11.705911"><ele>537</ele></trkpt>
      <trkpt lat="47.343557" lon="11.705918"><ele>537</ele></trkpt>
      <trkpt lat="47.343760" lon="11.705914"><ele>537</ele></trkpt>
      <trkpt lat="47.343921" lon="11.705897"><ele>537</ele></trkpt>
      <trkpt lat="47.344040" lon="11.705887"><ele>537</ele></trkpt>
      <trkpt lat="47.344292" lon="11.705862"><ele>538</ele></trkpt>
      <trkpt lat="47.344679" lon="11.705830"><ele>538</ele></trkpt>
      <trkpt lat="47.345023" lon="11.705824"><ele>538</ele></trkpt>
      <trkpt lat="47.345063" lon="11.705822"><ele>538</ele></trkpt>
      <trkpt lat="47.345069" lon="11.705688"><ele>538</ele></trkpt>
      <trkpt lat="47.345108" lon="11.705691"><ele>538</ele></trkpt>
      <trkpt lat="47.345524" lon="11.705725"><ele>536</ele></trkpt>
      <trkpt lat="47.345982" lon="11.705627"><ele>536</ele></trkpt>
      <trkpt lat="47.347433" lon="11.704924"><ele>537</ele></trkpt>
      <trkpt lat="47.347597" lon="11.704954"><ele>536</ele></trkpt>
      <trkpt lat="47.347732" lon="11.704957"><ele>535</ele></trkpt>
      <trkpt lat="47.348244" lon="11.704760"><ele>537</ele></trkpt>
      <trkpt lat="47.348290" lon="11.704741"><ele>538</ele></trkpt>
      <trkpt lat="47.348395" lon="11.704688"><ele>537</ele></trkpt>
      <trkpt lat="47.349650" lon="11.704320"><ele>534</ele></trkpt>
      <trkpt lat="47.350093" lon="11.704185"><ele>536</ele></trkpt>
      <trkpt lat="47.350439" lon="11.704130"><ele>536</ele></trkpt>
      <trkpt lat="47.350779" lon="11.704119"><ele>536</ele></trkpt>
      <trkpt lat="47.350982" lon="11.704131"><ele>536</ele></trkpt>
      <trkpt lat="47.351292" lon="11.704151"><ele>536</ele></trkpt>
      <trkpt lat="47.351309" lon="11.704152"><ele>536</ele></trkpt>
      <trkpt lat="47.351415" lon="11.704161"><ele>536</ele></trkpt>
      <trkpt lat="47.351505" lon="11.704150"><ele>536</ele></trkpt>
      <trkpt lat="47.351551" lon="11.704132"><ele>536</ele></trkpt>
      <trkpt lat="47.351636" lon="11.704099"><ele>536</ele></trkpt>
      <trkpt lat="47.351680" lon="11.704095"><ele>536</ele></trkpt>
      <trkpt lat="47.351749" lon="11.704125"><ele>536</ele></trkpt>
      <trkpt lat="47.351806" lon="11.704160"><ele>536</ele></trkpt>
      <trkpt lat="47.352266" lon="11.704441"><ele>536</ele></trkpt>
      <trkpt lat="47.352984" lon="11.704838"><ele>536</ele></trkpt>
      <trkpt lat="47.353262" lon="11.705040"><ele>536</ele></trkpt>
      <trkpt lat="47.353799" lon="11.705528"><ele>536</ele></trkpt>
      <trkpt lat="47.353856" lon="11.705654"><ele>536</ele></trkpt>
      <trkpt lat="47.354279" lon="11.706149"><ele>536</ele></trkpt>
      <trkpt lat="47.354614" lon="11.706606"><ele>535</ele></trkpt>
      <trkpt lat="47.355030" lon="11.707220"><ele>536</ele></trkpt>
      <trkpt lat="47.355487" lon="11.708085"><ele>535</ele></trkpt>
      <trkpt lat="47.356543" lon="11.710131"><ele>534</ele></trkpt>
      <trkpt lat="47.356618" lon="11.710213"><ele>535</ele></trkpt>
      <trkpt lat="47.356685" lon="11.710286"><ele>536</ele></trkpt>
      <trkpt lat="47.357711" lon="11.711935"><ele>536</ele></trkpt>
      <trkpt lat="47.357943" lon="11.712349"><ele>535</ele></trkpt>
      <trkpt lat="47.359517" lon="11.715895"><ele>534</ele></trkpt>
      <trkpt lat="47.360490" lon="11.717511"><ele>533</ele></trkpt>
      <trkpt lat="47.360839" lon="11.718247"><ele>534</ele></trkpt>
      <trkpt lat="47.361332" lon="11.719204"><ele>534</ele></trkpt>
      <trkpt lat="47.361501" lon="11.719531"><ele>534</ele></trkpt>
      <trkpt lat="47.361669" lon="11.719818"><ele>534</ele></trkpt>
      <trkpt lat="47.362333" lon="11.720733"><ele>534</ele></trkpt>
      <trkpt lat="47.363302" lon="11.722116"><ele>534</ele></trkpt>
      <trkpt lat="47.363352" lon="11.722200"><ele>533</ele></trkpt>
      <trkpt lat="47.363368" lon="11.722304"><ele>534</ele></trkpt>
      <trkpt lat="47.363761" lon="11.723506"><ele>534</ele></trkpt>
      <trkpt lat="47.363790" lon="11.723540"><ele>533</ele></trkpt>
      <trkpt lat="47.363823" lon="11.723549"><ele>533</ele></trkpt>
      <trkpt lat="47.363854" lon="11.723538"><ele>533</ele></trkpt>
      <trkpt lat="47.364034" lon="11.723338"><ele>534</ele></trkpt>
      <trkpt lat="47.364045" lon="11.723373"><ele>534</ele></trkpt>
      <trkpt lat="47.364120" lon="11.723635"><ele>534</ele></trkpt>
      <trkpt lat="47.364212" lon="11.724152"><ele>535</ele></trkpt>
      <trkpt lat="47.364416" lon="11.725158"><ele>534</ele></trkpt>
      <trkpt lat="47.364523" lon="11.725531"><ele>535</ele></trkpt>
      <trkpt lat="47.364583" lon="11.725701"><ele>536</ele></trkpt>
      <trkpt lat="47.364615" lon="11.725817"><ele>536</ele></trkpt>
      <trkpt lat="47.364757" lon="11.726634"><ele>534</ele></trkpt>
      <trkpt lat="47.364897" lon="11.727169"><ele>534</ele></trkpt>
      <trkpt lat="47.365092" lon="11.727756"><ele>534</ele></trkpt>
      <trkpt lat="47.365357" lon="11.728392"><ele>534</ele></trkpt>
      <trkpt lat="47.365686" lon="11.729120"><ele>534</ele></trkpt>
      <trkpt lat="47.365963" lon="11.729753"><ele>534</ele></trkpt>
      <trkpt lat="47.366254" lon="11.730387"><ele>534</ele></trkpt>
      <trkpt lat="47.366605" lon="11.731068"><ele>534</ele></trkpt>
      <trkpt lat="47.366735" lon="11.731376"><ele>534</ele></trkpt>
      <trkpt lat="47.367279" lon="11.732330"><ele>533</ele></trkpt>
      <trkpt lat="47.368213" lon="11.733934"><ele>532</ele></trkpt>
      <trkpt lat="47.368531" lon="11.734465"><ele>533</ele></trkpt>
      <trkpt lat="47.369328" lon="11.735830"><ele>532</ele></trkpt>
      <trkpt lat="47.369579" lon="11.736231"><ele>532</ele></trkpt>
      <trkpt lat="47.369679" lon="11.736429"><ele>533</ele></trkpt>
      <trkpt lat="47.369908" lon="11.736943"><ele>532</ele></trkpt>
      <trkpt lat="47.370082" lon="11.737250"><ele>532</ele></trkpt>
      <trkpt lat="47.370527" lon="11.737985"><ele>532</ele></trkpt>
      <trkpt lat="47.372550" lon="11.741411"><ele>531</ele></trkpt>
      <trkpt lat="47.373508" lon="11.743010"><ele>532</ele></trkpt>
      <trkpt lat="47.374029" lon="11.743832"><ele>532</ele></trkpt>
      <trkpt lat="47.374355" lon="11.744259"><ele>532</ele></trkpt>
      <trkpt lat="47.374566" lon="11.744609"><ele>532</ele></trkpt>
      <trkpt lat="47.375014" lon="11.745297"><ele>532</ele></trkpt>
      <trkpt lat="47.375526" lon="11.746050"><ele>532</ele></trkpt>
      <trkpt lat="47.375854" lon="11.746567"><ele>532</ele></trkpt>
      <trkpt lat="47.376184" lon="11.747058"><ele>532</ele></trkpt>
      <trkpt lat="47.376371" lon="11.747365"><ele>532</ele></trkpt>
      <trkpt lat="47.376494" lon="11.747584"><ele>532</ele></trkpt>
      <trkpt lat="47.376537" lon="11.747686"><ele>532</ele></trkpt>
      <trkpt lat="47.376678" lon="11.748193"><ele>531</ele></trkpt>
      <trkpt lat="47.376835" lon="11.748640"><ele>532</ele></trkpt>
      <trkpt lat="47.376930" lon="11.748838"><ele>531</ele></trkpt>
      <trkpt lat="47.377039" lon="11.749027"><ele>532</ele></trkpt>
      <trkpt lat="47.377290" lon="11.749397"><ele>531</ele></trkpt>
      <trkpt lat="47.377689" lon="11.749909"><ele>531</ele></trkpt>
      <trkpt lat="47.378020" lon="11.750362"><ele>530</ele></trkpt>
      <trkpt lat="47.378067" lon="11.750391"><ele>530</ele></trkpt>
      <trkpt lat="47.378144" lon="11.750407"><ele>530</ele></trkpt>
      <trkpt lat="47.378197" lon="11.750435"><ele>530</ele></trkpt>
      <trkpt lat="47.378241" lon="11.750471"><ele>530</ele></trkpt>
      <trkpt lat="47.378287" lon="11.750525"><ele>530</ele></trkpt>
      <trkpt lat="47.378484" lon="11.750856"><ele>530</ele></trkpt>
      <trkpt lat="47.378727" lon="11.751162"><ele>530</ele></trkpt>
      <trkpt lat="47.378886" lon="11.751332"><ele>531</ele></trkpt>
      <trkpt lat="47.379099" lon="11.751618"><ele>530</ele></trkpt>
      <trkpt lat="47.379958" lon="11.752708"><ele>530</ele></trkpt>
      <trkpt lat="47.380729" lon="11.753726"><ele>531</ele></trkpt>
      <trkpt lat="47.381386" lon="11.754698"><ele>530</ele></trkpt>
      <trkpt lat="47.382145" lon="11.755879"><ele>530</ele></trkpt>
      <trkpt lat="47.382357" lon="11.756281"><ele>530</ele></trkpt>
      <trkpt lat="47.382544" lon="11.756492"><ele>531</ele></trkpt>
      <trkpt lat="47.382775" lon="11.756924"><ele>531</ele></trkpt>
      <trkpt lat="47.383478" lon="11.758439"><ele>532</ele></trkpt>
      <trkpt lat="47.383749" lon="11.759117"><ele>530</ele></trkpt>
      <trkpt lat="47.383922" lon="11.759611"><ele>530</ele></trkpt>
      <trkpt lat="47.384276" lon="11.760781"><ele>528</ele></trkpt>
      <trkpt lat="47.384333" lon="11.760933"><ele>529</ele></trkpt>
      <trkpt lat="47.384379" lon="11.761014"><ele>529</ele></trkpt>
      <trkpt lat="47.384433" lon="11.761078"><ele>530</ele></trkpt>
      <trkpt lat="47.384630" lon="11.761272"><ele>532</ele></trkpt>
      <trkpt lat="47.384647" lon="11.761376"><ele>531</ele></trkpt>
      <trkpt lat="47.384593" lon="11.761674"><ele>529</ele></trkpt>
      <trkpt lat="47.384604" lon="11.761799"><ele>528</ele></trkpt>
      <trkpt lat="47.385179" lon="11.763702"><ele>530</ele></trkpt>
      <trkpt lat="47.385322" lon="11.764249"><ele>530</ele></trkpt>
      <trkpt lat="47.385474" lon="11.764908"><ele>530</ele></trkpt>
      <trkpt lat="47.385613" lon="11.765690"><ele>529</ele></trkpt>
      <trkpt lat="47.385764" lon="11.766824"><ele>530</ele></trkpt>
      <trkpt lat="47.385801" lon="11.767242"><ele>530</ele></trkpt>
      <trkpt lat="47.385839" lon="11.767813"><ele>530</ele></trkpt>
      <trkpt lat="47.385857" lon="11.768605"><ele>530</ele></trkpt>
      <trkpt lat="47.385844" lon="11.769523"><ele>530</ele></trkpt>
      <trkpt lat="47.385812" lon="11.770097"><ele>530</ele></trkpt>
      <trkpt lat="47.385775" lon="11.770536"><ele>530</ele></trkpt>
      <trkpt lat="47.385625" lon="11.771634"><ele>528</ele></trkpt>
      <trkpt lat="47.385473" lon="11.772382"><ele>529</ele></trkpt>
      <trkpt lat="47.385332" lon="11.772969"><ele>529</ele></trkpt>
      <trkpt lat="47.385138" lon="11.773623"><ele>528</ele></trkpt>
      <trkpt lat="47.384813" lon="11.774491"><ele>529</ele></trkpt>
      <trkpt lat="47.384537" lon="11.775131"><ele>528</ele></trkpt>
      <trkpt lat="47.384479" lon="11.775290"><ele>528</ele></trkpt>
      <trkpt lat="47.384483" lon="11.775366"><ele>528</ele></trkpt>
      <trkpt lat="47.384534" lon="11.775449"><ele>529</ele></trkpt>
      <trkpt lat="47.384874" lon="11.774874"><ele>532</ele></trkpt>
      <trkpt lat="47.384992" lon="11.774655"><ele>536</ele></trkpt>
      <trkpt lat="47.385029" lon="11.774601"><ele>536</ele></trkpt>
      <trkpt lat="47.385066" lon="11.774567"><ele>536</ele></trkpt>
      <trkpt lat="47.385146" lon="11.774511"><ele>536</ele></trkpt>
      <trkpt lat="47.385182" lon="11.774484"><ele>536</ele></trkpt>
      <trkpt lat="47.385202" lon="11.774510"><ele>536</ele></trkpt>
      <trkpt lat="47.385226" lon="11.774526"><ele>536</ele></trkpt>
      <trkpt lat="47.385253" lon="11.774531"><ele>536</ele></trkpt>
      <trkpt lat="47.385279" lon="11.774524"><ele>536</ele></trkpt>
      <trkpt lat="47.385303" lon="11.774506"><ele>536</ele></trkpt>
      <trkpt lat="47.385356" lon="11.774522"><ele>536</ele></trkpt>
      <trkpt lat="47.385457" lon="11.774559"><ele>534</ele></trkpt>
      <trkpt lat="47.385512" lon="11.774591"><ele>534</ele></trkpt>
      <trkpt lat="47.385719" lon="11.774702"><ele>534</ele></trkpt>
      <trkpt lat="47.385888" lon="11.774769"><ele>534</ele></trkpt>
      <trkpt lat="47.386088" lon="11.774826"><ele>535</ele></trkpt>
      <trkpt lat="47.386192" lon="11.774847"><ele>535</ele></trkpt>
      <trkpt lat="47.386339" lon="11.774872"><ele>535</ele></trkpt>
      <trkpt lat="47.386594" lon="11.774901"><ele>535</ele></trkpt>
      <trkpt lat="47.386777" lon="11.774902"><ele>534</ele></trkpt>
      <trkpt lat="47.386855" lon="11.774894"><ele>534</ele></trkpt>
      <trkpt lat="47.387088" lon="11.774872"><ele>534</ele></trkpt>
      <trkpt lat="47.387396" lon="11.774798"><ele>534</ele></trkpt>
      <trkpt lat="47.387721" lon="11.774680"><ele>534</ele></trkpt>
      <trkpt lat="47.388068" lon="11.774503"><ele>534</ele></trkpt>
      <trkpt lat="47.388200" lon="11.774405"><ele>534</ele></trkpt>
      <trkpt lat="47.388355" lon="11.774288"><ele>535</ele></trkpt>
      <trkpt lat="47.388400" lon="11.774247"><ele>535</ele></trkpt>
      <trkpt lat="47.388436" lon="11.774202"><ele>535</ele></trkpt>
      <trkpt lat="47.388486" lon="11.774132"><ele>536</ele></trkpt>
      <trkpt lat="47.388505" lon="11.774106"><ele>536</ele></trkpt>
      <trkpt lat="47.388530" lon="11.774123"><ele>536</ele></trkpt>
      <trkpt lat="47.388557" lon="11.774127"><ele>536</ele></trkpt>
      <trkpt lat="47.388584" lon="11.774117"><ele>536</ele></trkpt>
      <trkpt lat="47.388607" lon="11.774095"><ele>536</ele></trkpt>
      <trkpt lat="47.388624" lon="11.774063"><ele>536</ele></trkpt>
      <trkpt lat="47.388632" lon="11.774034"><ele>536</ele></trkpt>
      <trkpt lat="47.388631" lon="11.773972"><ele>536</ele></trkpt>
      <trkpt lat="47.388669" lon="11.773956"><ele>536</ele></trkpt>
      <trkpt lat="47.388745" lon="11.773920"><ele>537</ele></trkpt>
      <trkpt lat="47.388991" lon="11.773720"><ele>538</ele></trkpt>
      <trkpt lat="47.389129" lon="11.773620"><ele>540</ele></trkpt>
      <trkpt lat="47.389201" lon="11.773586"><ele>540</ele></trkpt>
      <trkpt lat="47.389274" lon="11.773566"><ele>541</ele></trkpt>
      <trkpt lat="47.389332" lon="11.773560"><ele>541</ele></trkpt>
      <trkpt lat="47.389374" lon="11.773574"><ele>542</ele></trkpt>
      <trkpt lat="47.389456" lon="11.773615"><ele>542</ele></trkpt>
      <trkpt lat="47.389604" lon="11.773632"><ele>542</ele></trkpt>
      <trkpt lat="47.389772" lon="11.773641"><ele>543</ele></trkpt>
      <trkpt lat="47.389845" lon="11.773638"><ele>544</ele></trkpt>
      <trkpt lat="47.389889" lon="11.773627"><ele>544</ele></trkpt>
      <trkpt lat="47.389933" lon="11.773604"><ele>544</ele></trkpt>
      <trkpt lat="47.390005" lon="11.773542"><ele>545</ele></trkpt>
      <trkpt lat="47.390037" lon="11.773508"><ele>545</ele></trkpt>
      <trkpt lat="47.390052" lon="11.773479"><ele>545</ele></trkpt>
      <trkpt lat="47.390069" lon="11.773410"><ele>545</ele></trkpt>
      <trkpt lat="47.390155" lon="11.773423"><ele>545</ele></trkpt>
      <trkpt lat="47.390394" lon="11.773414"><ele>546</ele></trkpt>
      <trkpt lat="47.390562" lon="11.773422"><ele>547</ele></trkpt>
      <trkpt lat="47.390676" lon="11.773403"><ele>548</ele></trkpt>
      <trkpt lat="47.390992" lon="11.773294"><ele>550</ele></trkpt>
      <trkpt lat="47.391154" lon="11.773223"><ele>552</ele></trkpt>
      <trkpt lat="47.391460" lon="11.773086"><ele>554</ele></trkpt>
      <trkpt lat="47.391680" lon="11.773104"><ele>554</ele></trkpt>
      <trkpt lat="47.391702" lon="11.773330"><ele>555</ele></trkpt>
      <trkpt lat="47.391705" lon="11.773380"><ele>555</ele></trkpt>
      <trkpt lat="47.391701" lon="11.773420"><ele>555</ele></trkpt>
      <trkpt lat="47.391686" lon="11.773480"><ele>555</ele></trkpt>
      <trkpt lat="47.391659" lon="11.773540"><ele>555</ele></trkpt>
      <trkpt lat="47.391627" lon="11.773585"><ele>555</ele></trkpt>
      <trkpt lat="47.391580" lon="11.773636"><ele>555</ele></trkpt>
      <trkpt lat="47.391427" lon="11.773743"><ele>556</ele></trkpt>
      <trkpt lat="47.391404" lon="11.773776"><ele>556</ele></trkpt>
      <trkpt lat="47.391386" lon="11.773828"><ele>557</ele></trkpt>
      <trkpt lat="47.391376" lon="11.773885"><ele>558</ele></trkpt>
      <trkpt lat="47.391372" lon="11.773968"><ele>558</ele></trkpt>
      <trkpt lat="47.391390" lon="11.774111"><ele>560</ele></trkpt>
      <trkpt lat="47.391417" lon="11.774271"><ele>560</ele></trkpt>
      <trkpt lat="47.391423" lon="11.774295"><ele>560</ele></trkpt>
      <trkpt lat="47.391469" lon="11.774510"><ele>560</ele></trkpt>
      <trkpt lat="47.391479" lon="11.774553"><ele>560</ele></trkpt>
      <trkpt lat="47.391536" lon="11.774786"><ele>560</ele></trkpt>
      <trkpt lat="47.391543" lon="11.774816"><ele>560</ele></trkpt>
      <trkpt lat="47.391664" lon="11.775325"><ele>561</ele></trkpt>
      <trkpt lat="47.391707" lon="11.775506"><ele>560</ele></trkpt>
      <trkpt lat="47.391727" lon="11.775578"><ele>560</ele></trkpt>
      <trkpt lat="47.391758" lon="11.775677"><ele>560</ele></trkpt>
      <trkpt lat="47.391851" lon="11.775927"><ele>560</ele></trkpt>
      <trkpt lat="47.391972" lon="11.776296"><ele>561</ele></trkpt>
      <trkpt lat="47.392009" lon="11.776444"><ele>561</ele></trkpt>
      <trkpt lat="47.392036" lon="11.776569"><ele>560</ele></trkpt>
      <trkpt lat="47.392043" lon="11.776658"><ele>560</ele></trkpt>
      <trkpt lat="47.392044" lon="11.776840"><ele>560</ele></trkpt>
      <trkpt lat="47.392112" lon="11.776822"><ele>560</ele></trkpt>
      <trkpt lat="47.392176" lon="11.776788"><ele>561</ele></trkpt>
      <trkpt lat="47.392234" lon="11.776730"><ele>562</ele></trkpt>
      <trkpt lat="47.392483" lon="11.776373"><ele>564</ele></trkpt>
      <trkpt lat="47.392735" lon="11.776092"><ele>566</ele></trkpt>
      <trkpt lat="47.392835" lon="11.775986"><ele>566</ele></trkpt>
      <trkpt lat="47.392917" lon="11.775902"><ele>568</ele></trkpt>
      <trkpt lat="47.392960" lon="11.775872"><ele>569</ele></trkpt>
      <trkpt lat="47.393086" lon="11.775788"><ele>569</ele></trkpt>
      <trkpt lat="47.393156" lon="11.775762"><ele>570</ele></trkpt>
      <trkpt lat="47.393265" lon="11.775741"><ele>570</ele></trkpt>
      <trkpt lat="47.393515" lon="11.775713"><ele>572</ele></trkpt>
      <trkpt lat="47.393749" lon="11.775691"><ele>574</ele></trkpt>
      <trkpt lat="47.393906" lon="11.775638"><ele>575</ele></trkpt>
      <trkpt lat="47.394152" lon="11.775513"><ele>578</ele></trkpt>
      <trkpt lat="47.394211" lon="11.775465"><ele>578</ele></trkpt>
      <trkpt lat="47.394413" lon="11.775326"><ele>579</ele></trkpt>
      <trkpt lat="47.394512" lon="11.775286"><ele>580</ele></trkpt>
      <trkpt lat="47.394571" lon="11.775263"><ele>580</ele></trkpt>
      <trkpt lat="47.394684" lon="11.775240"><ele>580</ele></trkpt>
      <trkpt lat="47.394735" lon="11.775239"><ele>581</ele></trkpt>
      <trkpt lat="47.394796" lon="11.775254"><ele>582</ele></trkpt>
      <trkpt lat="47.394867" lon="11.775288"><ele>582</ele></trkpt>
      <trkpt lat="47.394970" lon="11.775400"><ele>584</ele></trkpt>
      <trkpt lat="47.395014" lon="11.775425"><ele>584</ele></trkpt>
      <trkpt lat="47.395063" lon="11.775433"><ele>584</ele></trkpt>
      <trkpt lat="47.395105" lon="11.775424"><ele>584</ele></trkpt>
      <trkpt lat="47.395148" lon="11.775404"><ele>585</ele></trkpt>
      <trkpt lat="47.395301" lon="11.775265"><ele>586</ele></trkpt>
      <trkpt lat="47.395538" lon="11.774975"><ele>588</ele></trkpt>
      <trkpt lat="47.395604" lon="11.774808"><ele>589</ele></trkpt>
      <trkpt lat="47.395784" lon="11.774572"><ele>590</ele></trkpt>
      <trkpt lat="47.395817" lon="11.774527"><ele>591</ele></trkpt>
      <trkpt lat="47.395882" lon="11.774444"><ele>591</ele></trkpt>
      <trkpt lat="47.396423" lon="11.773762"><ele>597</ele></trkpt>
      <trkpt lat="47.396438" lon="11.773721"><ele>597</ele></trkpt>
      <trkpt lat="47.396439" lon="11.773677"><ele>597</ele></trkpt>
      <trkpt lat="47.396578" lon="11.773596"><ele>598</ele></trkpt>
      <trkpt lat="47.396683" lon="11.773510"><ele>598</ele></trkpt>
      <trkpt lat="47.396731" lon="11.773448"><ele>598</ele></trkpt>
      <trkpt lat="47.396762" lon="11.773375"><ele>599</ele></trkpt>
      <trkpt lat="47.396817" lon="11.773163"><ele>600</ele></trkpt>
      <trkpt lat="47.396884" lon="11.772991"><ele>600</ele></trkpt>
      <trkpt lat="47.396942" lon="11.772898"><ele>601</ele></trkpt>
      <trkpt lat="47.397003" lon="11.772832"><ele>602</ele></trkpt>
      <trkpt lat="47.397340" lon="11.772623"><ele>603</ele></trkpt>
      <trkpt lat="47.397553" lon="11.772525"><ele>603</ele></trkpt>
      <trkpt lat="47.397745" lon="11.772459"><ele>604</ele></trkpt>
      <trkpt lat="47.397837" lon="11.772574"><ele>606</ele></trkpt>
      <trkpt lat="47.397888" lon="11.772604"><ele>607</ele></trkpt>
      <trkpt lat="47.397974" lon="11.772614"><ele>609</ele></trkpt>
      <trkpt lat="47.398008" lon="11.772603"><ele>609</ele></trkpt>
      <trkpt lat="47.398041" lon="11.772582"><ele>610</ele></trkpt>
      <trkpt lat="47.398224" lon="11.772415"><ele>612</ele></trkpt>
      <trkpt lat="47.398506" lon="11.772275"><ele>617</ele></trkpt>
      <trkpt lat="47.398745" lon="11.772073"><ele>620</ele></trkpt>
      <trkpt lat="47.399179" lon="11.771568"><ele>626</ele></trkpt>
      <trkpt lat="47.399473" lon="11.771201"><ele>629</ele></trkpt>
      <trkpt lat="47.399734" lon="11.770917"><ele>630</ele></trkpt>
      <trkpt lat="47.400237" lon="11.770636"><ele>635</ele></trkpt>
      <trkpt lat="47.400272" lon="11.770605"><ele>635</ele></trkpt>
      <trkpt lat="47.400388" lon="11.770502"><ele>637</ele></trkpt>
      <trkpt lat="47.400565" lon="11.770345"><ele>641</ele></trkpt>
      <trkpt lat="47.400718" lon="11.770165"><ele>643</ele></trkpt>
      <trkpt lat="47.400761" lon="11.769992"><ele>642</ele></trkpt>
      <trkpt lat="47.400819" lon="11.769687"><ele>640</ele></trkpt>
      <trkpt lat="47.400860" lon="11.769484"><ele>641</ele></trkpt>
      <trkpt lat="47.400952" lon="11.769174"><ele>641</ele></trkpt>
      <trkpt lat="47.401074" lon="11.768879"><ele>643</ele></trkpt>
      <trkpt lat="47.401187" lon="11.768613"><ele>643</ele></trkpt>
      <trkpt lat="47.401299" lon="11.768315"><ele>645</ele></trkpt>
      <trkpt lat="47.401331" lon="11.768211"><ele>644</ele></trkpt>
      <trkpt lat="47.401380" lon="11.767927"><ele>643</ele></trkpt>
      <trkpt lat="47.401391" lon="11.767815"><ele>644</ele></trkpt>
      <trkpt lat="47.401426" lon="11.767717"><ele>645</ele></trkpt>
      <trkpt lat="47.401475" lon="11.767619"><ele>646</ele></trkpt>
      <trkpt lat="47.401518" lon="11.767550"><ele>647</ele></trkpt>
      <trkpt lat="47.401591" lon="11.767371"><ele>650</ele></trkpt>
      <trkpt lat="47.401639" lon="11.767304"><ele>650</ele></trkpt>
      <trkpt lat="47.401687" lon="11.767262"><ele>650</ele></trkpt>
      <trkpt lat="47.401824" lon="11.767150"><ele>653</ele></trkpt>
      <trkpt lat="47.401863" lon="11.767128"><ele>653</ele></trkpt>
      <trkpt lat="47.401932" lon="11.767065"><ele>654</ele></trkpt>
      <trkpt lat="47.402011" lon="11.766972"><ele>655</ele></trkpt>
      <trkpt lat="47.402071" lon="11.766902"><ele>656</ele></trkpt>
      <trkpt lat="47.402085" lon="11.766876"><ele>656</ele></trkpt>
      <trkpt lat="47.402095" lon="11.766782"><ele>658</ele></trkpt>
      <trkpt lat="47.402086" lon="11.766697"><ele>658</ele></trkpt>
      <trkpt lat="47.402074" lon="11.766623"><ele>660</ele></trkpt>
      <trkpt lat="47.402131" lon="11.766604"><ele>660</ele></trkpt>
      <trkpt lat="47.402226" lon="11.766571"><ele>660</ele></trkpt>
      <trkpt lat="47.402297" lon="11.766546"><ele>660</ele></trkpt>
      <trkpt lat="47.402403" lon="11.766491"><ele>661</ele></trkpt>
      <trkpt lat="47.402485" lon="11.766425"><ele>662</ele></trkpt>
      <trkpt lat="47.402518" lon="11.766388"><ele>662</ele></trkpt>
      <trkpt lat="47.402607" lon="11.766270"><ele>664</ele></trkpt>
      <trkpt lat="47.402731" lon="11.766088"><ele>664</ele></trkpt>
      <trkpt lat="47.402831" lon="11.765963"><ele>667</ele></trkpt>
      <trkpt lat="47.402885" lon="11.765912"><ele>668</ele></trkpt>
      <trkpt lat="47.402967" lon="11.765851"><ele>667</ele></trkpt>
      <trkpt lat="47.403032" lon="11.765816"><ele>666</ele></trkpt>
      <trkpt lat="47.403090" lon="11.765800"><ele>666</ele></trkpt>
      <trkpt lat="47.403105" lon="11.765797"><ele>666</ele></trkpt>
      <trkpt lat="47.403309" lon="11.765754"><ele>666</ele></trkpt>
      <trkpt lat="47.403358" lon="11.765742"><ele>667</ele></trkpt>
      <trkpt lat="47.403418" lon="11.765715"><ele>668</ele></trkpt>
      <trkpt lat="47.403583" lon="11.765594"><ele>670</ele></trkpt>
      <trkpt lat="47.404097" lon="11.765132"><ele>676</ele></trkpt>
      <trkpt lat="47.404327" lon="11.764920"><ele>680</ele></trkpt>
      <trkpt lat="47.404398" lon="11.764828"><ele>680</ele></trkpt>
      <trkpt lat="47.404462" lon="11.764731"><ele>678</ele></trkpt>
      <trkpt lat="47.404558" lon="11.764521"><ele>684</ele></trkpt>
      <trkpt lat="47.404725" lon="11.764005"><ele>682</ele></trkpt>
      <trkpt lat="47.404779" lon="11.763820"><ele>686</ele></trkpt>
      <trkpt lat="47.404970" lon="11.763137"><ele>689</ele></trkpt>
      <trkpt lat="47.405052" lon="11.762816"><ele>692</ele></trkpt>
      <trkpt lat="47.405084" lon="11.762645"><ele>694</ele></trkpt>
      <trkpt lat="47.405147" lon="11.762230"><ele>697</ele></trkpt>
      <trkpt lat="47.405178" lon="11.762068"><ele>699</ele></trkpt>
      <trkpt lat="47.405222" lon="11.761894"><ele>699</ele></trkpt>
      <trkpt lat="47.405385" lon="11.761480"><ele>701</ele></trkpt>
      <trkpt lat="47.405423" lon="11.761369"><ele>702</ele></trkpt>
      <trkpt lat="47.405549" lon="11.760899"><ele>704</ele></trkpt>
      <trkpt lat="47.405595" lon="11.760753"><ele>706</ele></trkpt>
      <trkpt lat="47.405642" lon="11.760631"><ele>707</ele></trkpt>
      <trkpt lat="47.405819" lon="11.760278"><ele>708</ele></trkpt>
      <trkpt lat="47.405894" lon="11.760109"><ele>710</ele></trkpt>
      <trkpt lat="47.405979" lon="11.759856"><ele>714</ele></trkpt>
      <trkpt lat="47.406125" lon="11.759480"><ele>714</ele></trkpt>
      <trkpt lat="47.406250" lon="11.759145"><ele>717</ele></trkpt>
      <trkpt lat="47.406286" lon="11.759028"><ele>718</ele></trkpt>
      <trkpt lat="47.406323" lon="11.758884"><ele>718</ele></trkpt>
      <trkpt lat="47.406387" lon="11.758557"><ele>720</ele></trkpt>
      <trkpt lat="47.406445" lon="11.758365"><ele>722</ele></trkpt>
      <trkpt lat="47.406473" lon="11.758291"><ele>723</ele></trkpt>
      <trkpt lat="47.406569" lon="11.758096"><ele>725</ele></trkpt>
      <trkpt lat="47.406984" lon="11.757193"><ele>732</ele></trkpt>
      <trkpt lat="47.407068" lon="11.757053"><ele>734</ele></trkpt>
      <trkpt lat="47.407224" lon="11.756856"><ele>735</ele></trkpt>
      <trkpt lat="47.407346" lon="11.756726"><ele>737</ele></trkpt>
      <trkpt lat="47.407695" lon="11.756296"><ele>742</ele></trkpt>
      <trkpt lat="47.407961" lon="11.755955"><ele>744</ele></trkpt>
      <trkpt lat="47.408100" lon="11.755811"><ele>744</ele></trkpt>
      <trkpt lat="47.408491" lon="11.755490"><ele>750</ele></trkpt>
      <trkpt lat="47.408753" lon="11.755300"><ele>752</ele></trkpt>
      <trkpt lat="47.408954" lon="11.755131"><ele>755</ele></trkpt>
      <trkpt lat="47.409146" lon="11.754960"><ele>756</ele></trkpt>
      <trkpt lat="47.409407" lon="11.754700"><ele>759</ele></trkpt>
      <trkpt lat="47.410679" lon="11.753311"><ele>774</ele></trkpt>
      <trkpt lat="47.411277" lon="11.752677"><ele>782</ele></trkpt>
      <trkpt lat="47.411450" lon="11.752517"><ele>785</ele></trkpt>
      <trkpt lat="47.411590" lon="11.752417"><ele>787</ele></trkpt>
      <trkpt lat="47.411699" lon="11.752303"><ele>788</ele></trkpt>
      <trkpt lat="47.411768" lon="11.752190"><ele>789</ele></trkpt>
      <trkpt lat="47.411842" lon="11.752051"><ele>790</ele></trkpt>
      <trkpt lat="47.412153" lon="11.751305"><ele>794</ele></trkpt>
      <trkpt lat="47.412402" lon="11.750770"><ele>797</ele></trkpt>
      <trkpt lat="47.412474" lon="11.750585"><ele>797</ele></trkpt>
      <trkpt lat="47.412567" lon="11.750290"><ele>799</ele></trkpt>
      <trkpt lat="47.412635" lon="11.750100"><ele>802</ele></trkpt>
      <trkpt lat="47.412691" lon="11.749973"><ele>804</ele></trkpt>
      <trkpt lat="47.412799" lon="11.749780"><ele>802</ele></trkpt>
      <trkpt lat="47.412934" lon="11.749587"><ele>806</ele></trkpt>
      <trkpt lat="47.412995" lon="11.749513"><ele>806</ele></trkpt>
      <trkpt lat="47.413089" lon="11.749434"><ele>807</ele></trkpt>
      <trkpt lat="47.413129" lon="11.749411"><ele>807</ele></trkpt>
      <trkpt lat="47.413181" lon="11.749397"><ele>808</ele></trkpt>
      <trkpt lat="47.413277" lon="11.749389"><ele>809</ele></trkpt>
      <trkpt lat="47.413354" lon="11.749388"><ele>810</ele></trkpt>
      <trkpt lat="47.413720" lon="11.749404"><ele>814</ele></trkpt>
      <trkpt lat="47.413933" lon="11.749397"><ele>817</ele></trkpt>
      <trkpt lat="47.414312" lon="11.749352"><ele>822</ele></trkpt>
      <trkpt lat="47.414554" lon="11.749337"><ele>826</ele></trkpt>
      <trkpt lat="47.414873" lon="11.749354"><ele>831</ele></trkpt>
      <trkpt lat="47.415100" lon="11.749337"><ele>833</ele></trkpt>
      <trkpt lat="47.415158" lon="11.749342"><ele>834</ele></trkpt>
      <trkpt lat="47.415216" lon="11.749358"><ele>834</ele></trkpt>
      <trkpt lat="47.415303" lon="11.749403"><ele>836</ele></trkpt>
      <trkpt lat="47.415498" lon="11.749570"><ele>840</ele></trkpt>
      <trkpt lat="47.415586" lon="11.749626"><ele>841</ele></trkpt>
      <trkpt lat="47.415682" lon="11.749667"><ele>841</ele></trkpt>
      <trkpt lat="47.415801" lon="11.749684"><ele>841</ele></trkpt>
      <trkpt lat="47.416135" lon="11.749674"><ele>846</ele></trkpt>
      <trkpt lat="47.416506" lon="11.749696"><ele>851</ele></trkpt>
      <trkpt lat="47.416598" lon="11.749676"><ele>853</ele></trkpt>
      <trkpt lat="47.416713" lon="11.749625"><ele>856</ele></trkpt>
      <trkpt lat="47.416991" lon="11.749416"><ele>858</ele></trkpt>
      <trkpt lat="47.417052" lon="11.749384"><ele>860</ele></trkpt>
      <trkpt lat="47.417104" lon="11.749370"><ele>862</ele></trkpt>
      <trkpt lat="47.417213" lon="11.749358"><ele>864</ele></trkpt>
      <trkpt lat="47.417325" lon="11.749363"><ele>865</ele></trkpt>
      <trkpt lat="47.417528" lon="11.749405"><ele>868</ele></trkpt>
      <trkpt lat="47.417609" lon="11.749436"><ele>868</ele></trkpt>
      <trkpt lat="47.417760" lon="11.749533"><ele>870</ele></trkpt>
      <trkpt lat="47.417860" lon="11.749625"><ele>873</ele></trkpt>
      <trkpt lat="47.417926" lon="11.749709"><ele>874</ele></trkpt>
      <trkpt lat="47.418010" lon="11.749857"><ele>876</ele></trkpt>
      <trkpt lat="47.418252" lon="11.750443"><ele>886</ele></trkpt>
      <trkpt lat="47.418321" lon="11.750561"><ele>886</ele></trkpt>
      <trkpt lat="47.418370" lon="11.750628"><ele>888</ele></trkpt>
      <trkpt lat="47.418428" lon="11.750686"><ele>889</ele></trkpt>
      <trkpt lat="47.418495" lon="11.750737"><ele>890</ele></trkpt>
      <trkpt lat="47.418626" lon="11.750812"><ele>890</ele></trkpt>
      <trkpt lat="47.418820" lon="11.750907"><ele>894</ele></trkpt>
      <trkpt lat="47.418950" lon="11.750954"><ele>895</ele></trkpt>
      <trkpt lat="47.419078" lon="11.750987"><ele>898</ele></trkpt>
      <trkpt lat="47.419157" lon="11.750990"><ele>900</ele></trkpt>
      <trkpt lat="47.419229" lon="11.750979"><ele>902</ele></trkpt>
      <trkpt lat="47.419527" lon="11.750892"><ele>908</ele></trkpt>
      <trkpt lat="47.419661" lon="11.750858"><ele>909</ele></trkpt>
      <trkpt lat="47.419750" lon="11.750864"><ele>911</ele></trkpt>
      <trkpt lat="47.419804" lon="11.750886"><ele>914</ele></trkpt>
      <trkpt lat="47.419853" lon="11.750933"><ele>916</ele></trkpt>
      <trkpt lat="47.419916" lon="11.751023"><ele>917</ele></trkpt>
      <trkpt lat="47.419988" lon="11.751173"><ele>917</ele></trkpt>
      <trkpt lat="47.420154" lon="11.751596"><ele>924</ele></trkpt>
      <trkpt lat="47.420203" lon="11.751678"><ele>924</ele></trkpt>
      <trkpt lat="47.420285" lon="11.751757"><ele>926</ele></trkpt>
      <trkpt lat="47.420360" lon="11.751806"><ele>928</ele></trkpt>
      <trkpt lat="47.420637" lon="11.751894"><ele>933</ele></trkpt>
      <trkpt lat="47.420801" lon="11.751991"><ele>934</ele></trkpt>
      <trkpt lat="47.420872" lon="11.752053"><ele>936</ele></trkpt>
      <trkpt lat="47.421016" lon="11.752237"><ele>938</ele></trkpt>
      <trkpt lat="47.421164" lon="11.752458"><ele>942</ele></trkpt>
      <trkpt lat="47.421281" lon="11.752669"><ele>945</ele></trkpt>
      <trkpt lat="47.421505" lon="11.753158"><ele>951</ele></trkpt>
      <trkpt lat="47.421549" lon="11.753221"><ele>952</ele></trkpt>
      <trkpt lat="47.421607" lon="11.753280"><ele>952</ele></trkpt>
      <trkpt lat="47.421821" lon="11.753441"><ele>955</ele></trkpt>
      <trkpt lat="47.421867" lon="11.753476"><ele>956</ele></trkpt>
      <trkpt lat="47.421889" lon="11.753490"><ele>956</ele></trkpt>
      <trkpt lat="47.421917" lon="11.753508"><ele>956</ele></trkpt>
      <trkpt lat="47.421959" lon="11.753518"><ele>957</ele></trkpt>
      <trkpt lat="47.422043" lon="11.753486"><ele>958</ele></trkpt>
      <trkpt lat="47.422161" lon="11.753399"><ele>960</ele></trkpt>
      <trkpt lat="47.422227" lon="11.753329"><ele>960</ele></trkpt>
      <trkpt lat="47.422315" lon="11.753215"><ele>960</ele></trkpt>
      <trkpt lat="47.422348" lon="11.753148"><ele>961</ele></trkpt>
      <trkpt lat="47.422379" lon="11.753053"><ele>961</ele></trkpt>
      <trkpt lat="47.422407" lon="11.752940"><ele>962</ele></trkpt>
      <trkpt lat="47.422437" lon="11.752733"><ele>962</ele></trkpt>
      <trkpt lat="47.422491" lon="11.752133"><ele>962</ele></trkpt>
      <trkpt lat="47.422514" lon="11.751148"><ele>959</ele></trkpt>
      <trkpt lat="47.422522" lon="11.750997"><ele>958</ele></trkpt>
      <trkpt lat="47.422547" lon="11.750808"><ele>958</ele></trkpt>
      <trkpt lat="47.422584" lon="11.750649"><ele>958</ele></trkpt>
      <trkpt lat="47.422629" lon="11.750516"><ele>958</ele></trkpt>
      <trkpt lat="47.422826" lon="11.750007"><ele>957</ele></trkpt>
      <trkpt lat="47.422849" lon="11.749948"><ele>957</ele></trkpt>
      <trkpt lat="47.422898" lon="11.749803"><ele>957</ele></trkpt>
      <trkpt lat="47.422957" lon="11.749588"><ele>956</ele></trkpt>
      <trkpt lat="47.423037" lon="11.749234"><ele>956</ele></trkpt>
      <trkpt lat="47.423191" lon="11.748399"><ele>954</ele></trkpt>
      <trkpt lat="47.423261" lon="11.748131"><ele>954</ele></trkpt>
      <trkpt lat="47.423283" lon="11.748063"><ele>954</ele></trkpt>
      <trkpt lat="47.423294" lon="11.748029"><ele>953</ele></trkpt>
      <trkpt lat="47.423349" lon="11.748046"><ele>954</ele></trkpt>
      <trkpt lat="47.423403" lon="11.748025"><ele>954</ele></trkpt>
      <trkpt lat="47.423446" lon="11.747970"><ele>954</ele></trkpt>
      <trkpt lat="47.423466" lon="11.747900"><ele>954</ele></trkpt>
      <trkpt lat="47.423468" lon="11.747862"><ele>954</ele></trkpt>
      <trkpt lat="47.423457" lon="11.747788"><ele>953</ele></trkpt>
      <trkpt lat="47.423444" lon="11.747755"><ele>953</ele></trkpt>
      <trkpt lat="47.423476" lon="11.747734"><ele>953</ele></trkpt>
      <trkpt lat="47.423517" lon="11.747707"><ele>953</ele></trkpt>
      <trkpt lat="47.423648" lon="11.747638"><ele>953</ele></trkpt>
      <trkpt lat="47.423863" lon="11.747423"><ele>952</ele></trkpt>
      <trkpt lat="47.424035" lon="11.747247"><ele>952</ele></trkpt>
      <trkpt lat="47.424078" lon="11.747206"><ele>952</ele></trkpt>
      <trkpt lat="47.424395" lon="11.746899"><ele>950</ele></trkpt>
      <trkpt lat="47.424463" lon="11.746819"><ele>950</ele></trkpt>
      <trkpt lat="47.424750" lon="11.746400"><ele>948</ele></trkpt>
      <trkpt lat="47.424898" lon="11.746199"><ele>946</ele></trkpt>
      <trkpt lat="47.425015" lon="11.746060"><ele>946</ele></trkpt>
      <trkpt lat="47.425164" lon="11.746352"><ele>947</ele></trkpt>
      <trkpt lat="47.425296" lon="11.746570"><ele>948</ele></trkpt>
      <trkpt lat="47.425431" lon="11.746795"><ele>950</ele></trkpt>
      <trkpt lat="47.425526" lon="11.746968"><ele>951</ele></trkpt>
      <trkpt lat="47.425724" lon="11.747336"><ele>953</ele></trkpt>
      <trkpt lat="47.426045" lon="11.747947"><ele>963</ele></trkpt>
      <trkpt lat="47.425724" lon="11.747336"><ele>953</ele></trkpt>
      <trkpt lat="47.425526" lon="11.746968"><ele>951</ele></trkpt>
      <trkpt lat="47.425431" lon="11.746795"><ele>950</ele></trkpt>
      <trkpt lat="47.425296" lon="11.746570"><ele>948</ele></trkpt>
      <trkpt lat="47.425164" lon="11.746352"><ele>947</ele></trkpt>
      <trkpt lat="47.425015" lon="11.746060"><ele>946</ele></trkpt>
      <trkpt lat="47.425197" lon="11.745820"><ele>944</ele></trkpt>
      <trkpt lat="47.425251" lon="11.745753"><ele>944</ele></trkpt>
      <trkpt lat="47.425324" lon="11.745610"><ele>944</ele></trkpt>
      <trkpt lat="47.425435" lon="11.745314"><ele>942</ele></trkpt>
      <trkpt lat="47.425505" lon="11.745130"><ele>942</ele></trkpt>
      <trkpt lat="47.425580" lon="11.744998"><ele>941</ele></trkpt>
      <trkpt lat="47.425632" lon="11.744932"><ele>941</ele></trkpt>
      <trkpt lat="47.425688" lon="11.744874"><ele>940</ele></trkpt>
      <trkpt lat="47.425883" lon="11.744703"><ele>940</ele></trkpt>
      <trkpt lat="47.425925" lon="11.744668"><ele>940</ele></trkpt>
      <trkpt lat="47.426303" lon="11.744325"><ele>938</ele></trkpt>
      <trkpt lat="47.426405" lon="11.744207"><ele>938</ele></trkpt>
      <trkpt lat="47.426518" lon="11.744077"><ele>938</ele></trkpt>
      <trkpt lat="47.426815" lon="11.743874"><ele>937</ele></trkpt>
      <trkpt lat="47.426942" lon="11.743838"><ele>937</ele></trkpt>
      <trkpt lat="47.427219" lon="11.743781"><ele>936</ele></trkpt>
      <trkpt lat="47.427355" lon="11.743717"><ele>936</ele></trkpt>
      <trkpt lat="47.427443" lon="11.743644"><ele>936</ele></trkpt>
      <trkpt lat="47.427752" lon="11.743257"><ele>936</ele></trkpt>
      <trkpt lat="47.427824" lon="11.743164"><ele>936</ele></trkpt>
      <trkpt lat="47.427968" lon="11.742975"><ele>936</ele></trkpt>
      <trkpt lat="47.428007" lon="11.742927"><ele>936</ele></trkpt>
      <trkpt lat="47.428094" lon="11.742822"><ele>937</ele></trkpt>
      <trkpt lat="47.428292" lon="11.742446"><ele>936</ele></trkpt>
      <trkpt lat="47.428333" lon="11.742382"><ele>936</ele></trkpt>
      <trkpt lat="47.428387" lon="11.742313"><ele>936</ele></trkpt>
      <trkpt lat="47.428450" lon="11.742238"><ele>936</ele></trkpt>
      <trkpt lat="47.428574" lon="11.742124"><ele>936</ele></trkpt>
      <trkpt lat="47.428658" lon="11.742054"><ele>936</ele></trkpt>
      <trkpt lat="47.428672" lon="11.742006"><ele>936</ele></trkpt>
      <trkpt lat="47.428757" lon="11.741911"><ele>937</ele></trkpt>
      <trkpt lat="47.428862" lon="11.741735"><ele>938</ele></trkpt>
      <trkpt lat="47.429482" lon="11.740107"><ele>940</ele></trkpt>
      <trkpt lat="47.429594" lon="11.739838"><ele>939</ele></trkpt>
      <trkpt lat="47.429653" lon="11.739641"><ele>938</ele></trkpt>
      <trkpt lat="47.429709" lon="11.739493"><ele>937</ele></trkpt>
      <trkpt lat="47.429771" lon="11.739357"><ele>937</ele></trkpt>
      <trkpt lat="47.429953" lon="11.739038"><ele>936</ele></trkpt>
      <trkpt lat="47.430038" lon="11.738833"><ele>935</ele></trkpt>
      <trkpt lat="47.430159" lon="11.738488"><ele>933</ele></trkpt>
      <trkpt lat="47.430126" lon="11.738454"><ele>933</ele></trkpt>
      <trkpt lat="47.429962" lon="11.738301"><ele>932</ele></trkpt>
      <trkpt lat="47.429905" lon="11.738237"><ele>932</ele></trkpt>
      <trkpt lat="47.429746" lon="11.738030"><ele>930</ele></trkpt>
      <trkpt lat="47.429444" lon="11.737585"><ele>930</ele></trkpt>
      <trkpt lat="47.429344" lon="11.737385"><ele>929</ele></trkpt>
      <trkpt lat="47.429325" lon="11.737323"><ele>929</ele></trkpt>
      <trkpt lat="47.429447" lon="11.737315"><ele>929</ele></trkpt>
      <trkpt lat="47.429576" lon="11.737279"><ele>930</ele></trkpt>
      <trkpt lat="47.429699" lon="11.737200"><ele>930</ele></trkpt>
      <trkpt lat="47.429776" lon="11.737103"><ele>930</ele></trkpt>
      <trkpt lat="47.429849" lon="11.736989"><ele>930</ele></trkpt>
      <trkpt lat="47.429930" lon="11.737124"><ele>931</ele></trkpt>
      <trkpt lat="47.429980" lon="11.737175"><ele>932</ele></trkpt>
      <trkpt lat="47.430091" lon="11.737244"><ele>932</ele></trkpt>
      <trkpt lat="47.430201" lon="11.737286"><ele>932</ele></trkpt>
      <trkpt lat="47.430279" lon="11.737333"><ele>932</ele></trkpt>
      <trkpt lat="47.430308" lon="11.737334"><ele>932</ele></trkpt>
      <trkpt lat="47.430447" lon="11.737206"><ele>931</ele></trkpt>
      <trkpt lat="47.430471" lon="11.737190"><ele>931</ele></trkpt>
      <trkpt lat="47.430525" lon="11.737172"><ele>931</ele></trkpt>
      <trkpt lat="47.430575" lon="11.737168"><ele>931</ele></trkpt>
      <trkpt lat="47.430755" lon="11.737184"><ele>931</ele></trkpt>
      <trkpt lat="47.430795" lon="11.737168"><ele>931</ele></trkpt>
      <trkpt lat="47.430837" lon="11.737129"><ele>931</ele></trkpt>
      <trkpt lat="47.430864" lon="11.737084"><ele>931</ele></trkpt>
      <trkpt lat="47.430877" lon="11.737032"><ele>931</ele></trkpt>
      <trkpt lat="47.430885" lon="11.736903"><ele>931</ele></trkpt>
      <trkpt lat="47.430925" lon="11.736828"><ele>931</ele></trkpt>
      <trkpt lat="47.430971" lon="11.736785"><ele>931</ele></trkpt>
      <trkpt lat="47.430994" lon="11.736706"><ele>931</ele></trkpt>
      <trkpt lat="47.431004" lon="11.736514"><ele>931</ele></trkpt>
      <trkpt lat="47.431025" lon="11.736454"><ele>931</ele></trkpt>
      <trkpt lat="47.431079" lon="11.736370"><ele>931</ele></trkpt>
      <trkpt lat="47.431246" lon="11.736204"><ele>931</ele></trkpt>
      <trkpt lat="47.431317" lon="11.736119"><ele>931</ele></trkpt>
      <trkpt lat="47.431361" lon="11.736011"><ele>931</ele></trkpt>
      <trkpt lat="47.431385" lon="11.735961"><ele>931</ele></trkpt>
      <trkpt lat="47.431503" lon="11.735808"><ele>931</ele></trkpt>
      <trkpt lat="47.431857" lon="11.735420"><ele>930</ele></trkpt>
      <trkpt lat="47.431874" lon="11.735245"><ele>930</ele></trkpt>
      <trkpt lat="47.431999" lon="11.735195"><ele>930</ele></trkpt>
      <trkpt lat="47.432114" lon="11.735107"><ele>930</ele></trkpt>
      <trkpt lat="47.432186" lon="11.735036"><ele>930</ele></trkpt>
      <trkpt lat="47.432250" lon="11.734922"><ele>930</ele></trkpt>
      <trkpt lat="47.432424" lon="11.734547"><ele>930</ele></trkpt>
      <trkpt lat="47.432488" lon="11.734364"><ele>930</ele></trkpt>
      <trkpt lat="47.432516" lon="11.734227"><ele>930</ele></trkpt>
      <trkpt lat="47.432527" lon="11.734059"><ele>930</ele></trkpt>
      <trkpt lat="47.432480" lon="11.733637"><ele>930</ele></trkpt>
      <trkpt lat="47.432485" lon="11.733520"><ele>930</ele></trkpt>
      <trkpt lat="47.432549" lon="11.733353"><ele>930</ele></trkpt>
      <trkpt lat="47.432657" lon="11.733146"><ele>930</ele></trkpt>
      <trkpt lat="47.432786" lon="11.732905"><ele>929</ele></trkpt>
      <trkpt lat="47.432811" lon="11.732856"><ele>929</ele></trkpt>
      <trkpt lat="47.432834" lon="11.732804"><ele>929</ele></trkpt>
      <trkpt lat="47.432952" lon="11.732619"><ele>930</ele></trkpt>
      <trkpt lat="47.433241" lon="11.732202"><ele>930</ele></trkpt>
      <trkpt lat="47.433328" lon="11.732022"><ele>931</ele></trkpt>
      <trkpt lat="47.433476" lon="11.731672"><ele>930</ele></trkpt>
      <trkpt lat="47.433423" lon="11.731175"><ele>930</ele></trkpt>
      <trkpt lat="47.433408" lon="11.731030"><ele>930</ele></trkpt>
      <trkpt lat="47.433385" lon="11.730912"><ele>930</ele></trkpt>
      <trkpt lat="47.433313" lon="11.730749"><ele>930</ele></trkpt>
      <trkpt lat="47.433159" lon="11.730468"><ele>929</ele></trkpt>
      <trkpt lat="47.433070" lon="11.730097"><ele>930</ele></trkpt>
      <trkpt lat="47.433062" lon="11.729861"><ele>930</ele></trkpt>
      <trkpt lat="47.433110" lon="11.729627"><ele>929</ele></trkpt>
      <trkpt lat="47.433298" lon="11.728826"><ele>930</ele></trkpt>
      <trkpt lat="47.433667" lon="11.727641"><ele>930</ele></trkpt>
      <trkpt lat="47.433683" lon="11.727594"><ele>929</ele></trkpt>
      <trkpt lat="47.433741" lon="11.727462"><ele>929</ele></trkpt>
      <trkpt lat="47.434758" lon="11.725635"><ele>930</ele></trkpt>
      <trkpt lat="47.435169" lon="11.725221"><ele>930</ele></trkpt>
      <trkpt lat="47.435453" lon="11.725050"><ele>930</ele></trkpt>
      <trkpt lat="47.435641" lon="11.724962"><ele>931</ele></trkpt>
      <trkpt lat="47.435746" lon="11.724986"><ele>932</ele></trkpt>
      <trkpt lat="47.435836" lon="11.725039"><ele>932</ele></trkpt>
      <trkpt lat="47.436025" lon="11.725310"><ele>934</ele></trkpt>
      <trkpt lat="47.436247" lon="11.725551"><ele>936</ele></trkpt>
      <trkpt lat="47.436381" lon="11.725684"><ele>937</ele></trkpt>
      <trkpt lat="47.436472" lon="11.725870"><ele>939</ele></trkpt>
      <trkpt lat="47.436537" lon="11.725781"><ele>939</ele></trkpt>
      <trkpt lat="47.436610" lon="11.725663"><ele>939</ele></trkpt>
      <trkpt lat="47.436633" lon="11.725589"><ele>939</ele></trkpt>
      <trkpt lat="47.436880" lon="11.725034"><ele>936</ele></trkpt>
      <trkpt lat="47.436928" lon="11.724865"><ele>935</ele></trkpt>
      <trkpt lat="47.437159" lon="11.724481"><ele>933</ele></trkpt>
      <trkpt lat="47.437354" lon="11.724048"><ele>931</ele></trkpt>
      <trkpt lat="47.437430" lon="11.723934"><ele>931</ele></trkpt>
      <trkpt lat="47.437736" lon="11.723754"><ele>930</ele></trkpt>
      <trkpt lat="47.437816" lon="11.723707"><ele>930</ele></trkpt>
      <trkpt lat="47.437956" lon="11.723615"><ele>930</ele></trkpt>
      <trkpt lat="47.438167" lon="11.723421"><ele>930</ele></trkpt>
      <trkpt lat="47.438314" lon="11.723313"><ele>930</ele></trkpt>
      <trkpt lat="47.438778" lon="11.723147"><ele>930</ele></trkpt>
      <trkpt lat="47.438885" lon="11.723069"><ele>930</ele></trkpt>
      <trkpt lat="47.439014" lon="11.722916"><ele>930</ele></trkpt>
      <trkpt lat="47.439102" lon="11.722743"><ele>930</ele></trkpt>
      <trkpt lat="47.439196" lon="11.722363"><ele>930</ele></trkpt>
      <trkpt lat="47.439288" lon="11.722141"><ele>930</ele></trkpt>
      <trkpt lat="47.439484" lon="11.721821"><ele>930</ele></trkpt>
      <trkpt lat="47.439704" lon="11.721549"><ele>931</ele></trkpt>
      <trkpt lat="47.440236" lon="11.720985"><ele>932</ele></trkpt>
      <trkpt lat="47.440361" lon="11.720817"><ele>933</ele></trkpt>
      <trkpt lat="47.440421" lon="11.720718"><ele>934</ele></trkpt>
      <trkpt lat="47.440653" lon="11.720253"><ele>934</ele></trkpt>
      <trkpt lat="47.440976" lon="11.719533"><ele>934</ele></trkpt>
      <trkpt lat="47.441230" lon="11.719195"><ele>933</ele></trkpt>
      <trkpt lat="47.441270" lon="11.719142"><ele>934</ele></trkpt>
      <trkpt lat="47.441345" lon="11.718984"><ele>936</ele></trkpt>
      <trkpt lat="47.441401" lon="11.718603"><ele>934</ele></trkpt>
      <trkpt lat="47.441501" lon="11.718394"><ele>936</ele></trkpt>
      <trkpt lat="47.442078" lon="11.717579"><ele>934</ele></trkpt>
      <trkpt lat="47.442845" lon="11.716979"><ele>930</ele></trkpt>
      <trkpt lat="47.443172" lon="11.716627"><ele>930</ele></trkpt>
      <trkpt lat="47.443810" lon="11.716374"><ele>931</ele></trkpt>
      <trkpt lat="47.444162" lon="11.715961"><ele>933</ele></trkpt>
      <trkpt lat="47.444190" lon="11.715917"><ele>933</ele></trkpt>
      <trkpt lat="47.444633" lon="11.715203"><ele>935</ele></trkpt>
      <trkpt lat="47.444734" lon="11.715052"><ele>934</ele></trkpt>
      <trkpt lat="47.444900" lon="11.714868"><ele>935</ele></trkpt>
      <trkpt lat="47.445012" lon="11.714574"><ele>933</ele></trkpt>
      <trkpt lat="47.445158" lon="11.714379"><ele>932</ele></trkpt>
      <trkpt lat="47.445463" lon="11.714202"><ele>932</ele></trkpt>
      <trkpt lat="47.445582" lon="11.714186"><ele>932</ele></trkpt>
      <trkpt lat="47.445638" lon="11.714179"><ele>932</ele></trkpt>
      <trkpt lat="47.446137" lon="11.714334"><ele>932</ele></trkpt>
      <trkpt lat="47.446968" lon="11.714316"><ele>931</ele></trkpt>
      <trkpt lat="47.447333" lon="11.714265"><ele>931</ele></trkpt>
      <trkpt lat="47.447933" lon="11.714275"><ele>931</ele></trkpt>
      <trkpt lat="47.448063" lon="11.714266"><ele>931</ele></trkpt>
      <trkpt lat="47.448648" lon="11.714031"><ele>931</ele></trkpt>
      <trkpt lat="47.448692" lon="11.714016"><ele>931</ele></trkpt>
      <trkpt lat="47.448840" lon="11.713939"><ele>931</ele></trkpt>
      <trkpt lat="47.449401" lon="11.713776"><ele>931</ele></trkpt>
      <trkpt lat="47.449871" lon="11.713464"><ele>930</ele></trkpt>
      <trkpt lat="47.450848" lon="11.713406"><ele>931</ele></trkpt>
      <trkpt lat="47.451054" lon="11.713380"><ele>931</ele></trkpt>
      <trkpt lat="47.451125" lon="11.713384"><ele>931</ele></trkpt>
      <trkpt lat="47.451321" lon="11.713447"><ele>930</ele></trkpt>
      <trkpt lat="47.451484" lon="11.713562"><ele>930</ele></trkpt>
      <trkpt lat="47.451636" lon="11.713758"><ele>930</ele></trkpt>
      <trkpt lat="47.451884" lon="11.714073"><ele>932</ele></trkpt>
      <trkpt lat="47.452205" lon="11.714379"><ele>932</ele></trkpt>
      <trkpt lat="47.452440" lon="11.714565"><ele>933</ele></trkpt>
      <trkpt lat="47.452671" lon="11.714612"><ele>933</ele></trkpt>
      <trkpt lat="47.453441" lon="11.714654"><ele>934</ele></trkpt>
      <trkpt lat="47.453782" lon="11.714519"><ele>934</ele></trkpt>
      <trkpt lat="47.453997" lon="11.714282"><ele>932</ele></trkpt>
      <trkpt lat="47.454144" lon="11.714131"><ele>931</ele></trkpt>
      <trkpt lat="47.454261" lon="11.714042"><ele>932</ele></trkpt>
      <trkpt lat="47.454400" lon="11.713998"><ele>933</ele></trkpt>
      <trkpt lat="47.454595" lon="11.713957"><ele>933</ele></trkpt>
      <trkpt lat="47.454788" lon="11.713994"><ele>933</ele></trkpt>
      <trkpt lat="47.455176" lon="11.714269"><ele>932</ele></trkpt>
      <trkpt lat="47.455443" lon="11.714425"><ele>932</ele></trkpt>
      <trkpt lat="47.455678" lon="11.714470"><ele>932</ele></trkpt>
      <trkpt lat="47.455819" lon="11.714474"><ele>933</ele></trkpt>
      <trkpt lat="47.455914" lon="11.714456"><ele>936</ele></trkpt>
      <trkpt lat="47.456367" lon="11.714309"><ele>939</ele></trkpt>
      <trkpt lat="47.456924" lon="11.714424"><ele>939</ele></trkpt>
      <trkpt lat="47.457261" lon="11.714302"><ele>942</ele></trkpt>
      <trkpt lat="47.457511" lon="11.714284"><ele>944</ele></trkpt>
      <trkpt lat="47.457704" lon="11.714172"><ele>944</ele></trkpt>
      <trkpt lat="47.458042" lon="11.714128"><ele>945</ele></trkpt>
      <trkpt lat="47.458445" lon="11.714395"><ele>944</ele></trkpt>
      <trkpt lat="47.458992" lon="11.714535"><ele>941</ele></trkpt>
      <trkpt lat="47.459559" lon="11.714496"><ele>936</ele></trkpt>
      <trkpt lat="47.460786" lon="11.714570"><ele>932</ele></trkpt>
      <trkpt lat="47.461439" lon="11.714506"><ele>933</ele></trkpt>
      <trkpt lat="47.461772" lon="11.714115"><ele>931</ele></trkpt>
      <trkpt lat="47.461906" lon="11.714054"><ele>931</ele></trkpt>
      <trkpt lat="47.462106" lon="11.714137"><ele>931</ele></trkpt>
      <trkpt lat="47.462864" lon="11.714494"><ele>932</ele></trkpt>
      <trkpt lat="47.463179" lon="11.714499"><ele>932</ele></trkpt>
      <trkpt lat="47.463538" lon="11.714484"><ele>932</ele></trkpt>
      <trkpt lat="47.463846" lon="11.714326"><ele>932</ele></trkpt>
      <trkpt lat="47.464322" lon="11.714487"><ele>933</ele></trkpt>
      <trkpt lat="47.465294" lon="11.714456"><ele>932</ele></trkpt>
      <trkpt lat="47.465603" lon="11.714250"><ele>932</ele></trkpt>
      <trkpt lat="47.465832" lon="11.714296"><ele>931</ele></trkpt>
      <trkpt lat="47.466351" lon="11.714595"><ele>936</ele></trkpt>
      <trkpt lat="47.466669" lon="11.714630"><ele>934</ele></trkpt>
      <trkpt lat="47.466965" lon="11.714634"><ele>932</ele></trkpt>
      <trkpt lat="47.467140" lon="11.714636"><ele>932</ele></trkpt>
      <trkpt lat="47.467355" lon="11.714639"><ele>932</ele></trkpt>
      <trkpt lat="47.467614" lon="11.714588"><ele>932</ele></trkpt>
      <trkpt lat="47.467711" lon="11.714536"><ele>932</ele></trkpt>
      <trkpt lat="47.467887" lon="11.714404"><ele>931</ele></trkpt>
      <trkpt lat="47.468085" lon="11.714113"><ele>931</ele></trkpt>
      <trkpt lat="47.468271" lon="11.713870"><ele>933</ele></trkpt>
      <trkpt lat="47.468405" lon="11.713727"><ele>934</ele></trkpt>
      <trkpt lat="47.468526" lon="11.713613"><ele>934</ele></trkpt>
      <trkpt lat="47.468619" lon="11.713545"><ele>935</ele></trkpt>
      <trkpt lat="47.468805" lon="11.713413"><ele>934</ele></trkpt>
      <trkpt lat="47.468989" lon="11.713362"><ele>934</ele></trkpt>
      <trkpt lat="47.469282" lon="11.713328"><ele>933</ele></trkpt>
      <trkpt lat="47.469389" lon="11.713338"><ele>933</ele></trkpt>
      <trkpt lat="47.469557" lon="11.713398"><ele>932</ele></trkpt>
      <trkpt lat="47.469898" lon="11.713652"><ele>932</ele></trkpt>
      <trkpt lat="47.469962" lon="11.713710"><ele>932</ele></trkpt>
      <trkpt lat="47.470065" lon="11.713767"><ele>932</ele></trkpt>
      <trkpt lat="47.470428" lon="11.714121"><ele>931</ele></trkpt>
      <trkpt lat="47.470596" lon="11.714264"><ele>936</ele></trkpt>
      <trkpt lat="47.470770" lon="11.714268"><ele>936</ele></trkpt>
      <trkpt lat="47.470971" lon="11.714181"><ele>935</ele></trkpt>
      <trkpt lat="47.471622" lon="11.713932"><ele>933</ele></trkpt>
      <trkpt lat="47.472881" lon="11.713573"><ele>935</ele></trkpt>
      <trkpt lat="47.473356" lon="11.713425"><ele>932</ele></trkpt>
      <trkpt lat="47.473588" lon="11.713331"><ele>930</ele></trkpt>
      <trkpt lat="47.473829" lon="11.713212"><ele>932</ele></trkpt>
      <trkpt lat="47.474038" lon="11.713088"><ele>932</ele></trkpt>
      <trkpt lat="47.474217" lon="11.712983"><ele>932</ele></trkpt>
      <trkpt lat="47.475012" lon="11.712280"><ele>932</ele></trkpt>
      <trkpt lat="47.475173" lon="11.712136"><ele>932</ele></trkpt>
      <trkpt lat="47.475505" lon="11.711897"><ele>932</ele></trkpt>
      <trkpt lat="47.476003" lon="11.711653"><ele>931</ele></trkpt>
      <trkpt lat="47.476395" lon="11.711665"><ele>933</ele></trkpt>
      <trkpt lat="47.476655" lon="11.711718"><ele>935</ele></trkpt>
      <trkpt lat="47.477449" lon="11.712190"><ele>935</ele></trkpt>
      <trkpt lat="47.477794" lon="11.712238"><ele>934</ele></trkpt>
      <trkpt lat="47.477967" lon="11.712373"><ele>943</ele></trkpt>
      <trkpt lat="47.478152" lon="11.712471"><ele>942</ele></trkpt>
      <trkpt lat="47.478790" lon="11.712579"><ele>936</ele></trkpt>
      <trkpt lat="47.479058" lon="11.712690"><ele>940</ele></trkpt>
      <trkpt lat="47.479391" lon="11.712770"><ele>933</ele></trkpt>
      <trkpt lat="47.479693" lon="11.712951"><ele>938</ele></trkpt>
      <trkpt lat="47.479928" lon="11.713001"><ele>932</ele></trkpt>
      <trkpt lat="47.480137" lon="11.713040"><ele>931</ele></trkpt>
      <trkpt lat="47.480404" lon="11.712968"><ele>932</ele></trkpt>
      <trkpt lat="47.480535" lon="11.712958"><ele>932</ele></trkpt>
      <trkpt lat="47.481000" lon="11.712958"><ele>935</ele></trkpt>
      <trkpt lat="47.481334" lon="11.712981"><ele>937</ele></trkpt>
      <trkpt lat="47.481784" lon="11.713087"><ele>940</ele></trkpt>
      <trkpt lat="47.481941" lon="11.713148"><ele>940</ele></trkpt>
      <trkpt lat="47.482440" lon="11.713366"><ele>943</ele></trkpt>
      <trkpt lat="47.483428" lon="11.713811"><ele>945</ele></trkpt>
      <trkpt lat="47.483479" lon="11.713834"><ele>946</ele></trkpt>
      <trkpt lat="47.483525" lon="11.713867"><ele>946</ele></trkpt>
      <trkpt lat="47.483575" lon="11.713856"><ele>946</ele></trkpt>
      <trkpt lat="47.483644" lon="11.713858"><ele>946</ele></trkpt>
      <trkpt lat="47.483714" lon="11.713905"><ele>946</ele></trkpt>
      <trkpt lat="47.483796" lon="11.713939"><ele>946</ele></trkpt>
      <trkpt lat="47.484034" lon="11.713939"><ele>946</ele></trkpt>
      <trkpt lat="47.484517" lon="11.713994"><ele>945</ele></trkpt>
      <trkpt lat="47.484953" lon="11.714001"><ele>942</ele></trkpt>
      <trkpt lat="47.485431" lon="11.713981"><ele>938</ele></trkpt>
      <trkpt lat="47.485639" lon="11.713987"><ele>936</ele></trkpt>
      <trkpt lat="47.485875" lon="11.714022"><ele>935</ele></trkpt>
      <trkpt lat="47.486123" lon="11.714115"><ele>934</ele></trkpt>
      <trkpt lat="47.486141" lon="11.714122"><ele>934</ele></trkpt>
      <trkpt lat="47.486200" lon="11.714153"><ele>933</ele></trkpt>
      <trkpt lat="47.486247" lon="11.714186"><ele>933</ele></trkpt>
      <trkpt lat="47.486502" lon="11.714369"><ele>933</ele></trkpt>
      <trkpt lat="47.486824" lon="11.714469"><ele>932</ele></trkpt>
      <trkpt lat="47.487420" lon="11.714427"><ele>931</ele></trkpt>
      <trkpt lat="47.487715" lon="11.714369"><ele>934</ele></trkpt>
      <trkpt lat="47.487913" lon="11.714346"><ele>934</ele></trkpt>
      <trkpt lat="47.488263" lon="11.714279"><ele>933</ele></trkpt>
      <trkpt lat="47.488447" lon="11.714226"><ele>932</ele></trkpt>
      <trkpt lat="47.488918" lon="11.713962"><ele>931</ele></trkpt>
      <trkpt lat="47.489109" lon="11.713819"><ele>931</ele></trkpt>
      <trkpt lat="47.489292" lon="11.713726"><ele>930</ele></trkpt>
      <trkpt lat="47.489453" lon="11.713727"><ele>930</ele></trkpt>
      <trkpt lat="47.489589" lon="11.713749"><ele>931</ele></trkpt>
      <trkpt lat="47.489816" lon="11.713816"><ele>932</ele></trkpt>
      <trkpt lat="47.490004" lon="11.713920"><ele>931</ele></trkpt>
      <trkpt lat="47.490180" lon="11.714028"><ele>931</ele></trkpt>
      <trkpt lat="47.490230" lon="11.714059"><ele>931</ele></trkpt>
      <trkpt lat="47.490474" lon="11.714100"><ele>933</ele></trkpt>
      <trkpt lat="47.491279" lon="11.713952"><ele>932</ele></trkpt>
      <trkpt lat="47.491791" lon="11.713773"><ele>932</ele></trkpt>
      <trkpt lat="47.492224" lon="11.713516"><ele>932</ele></trkpt>
      <trkpt lat="47.492551" lon="11.713417"><ele>932</ele></trkpt>
      <trkpt lat="47.494169" lon="11.712735"><ele>930</ele></trkpt>
      <trkpt lat="47.494207" lon="11.712719"><ele>931</ele></trkpt>
      <trkpt lat="47.494692" lon="11.712411"><ele>932</ele></trkpt>
      <trkpt lat="47.495290" lon="11.712098"><ele>932</ele></trkpt>
      <trkpt lat="47.495730" lon="11.711741"><ele>932</ele></trkpt>
      <trkpt lat="47.495858" lon="11.711667"><ele>931</ele></trkpt>
      <trkpt lat="47.496462" lon="11.711425"><ele>932</ele></trkpt>
      <trkpt lat="47.496994" lon="11.711152"><ele>931</ele></trkpt>
      <trkpt lat="47.497251" lon="11.710991"><ele>931</ele></trkpt>
      <trkpt lat="47.497300" lon="11.710962"><ele>932</ele></trkpt>
      <trkpt lat="47.497582" lon="11.710785"><ele>932</ele></trkpt>
      <trkpt lat="47.497659" lon="11.710742"><ele>932</ele></trkpt>
      <trkpt lat="47.497869" lon="11.710650"><ele>933</ele></trkpt>
      <trkpt lat="47.498076" lon="11.710388"><ele>931</ele></trkpt>
      <trkpt lat="47.498148" lon="11.710250"><ele>931</ele></trkpt>
      <trkpt lat="47.498503" lon="11.710007"><ele>930</ele></trkpt>
      <trkpt lat="47.498722" lon="11.709933"><ele>931</ele></trkpt>
      <trkpt lat="47.498771" lon="11.709905"><ele>931</ele></trkpt>
      <trkpt lat="47.498884" lon="11.709815"><ele>932</ele></trkpt>
      <trkpt lat="47.499327" lon="11.709390"><ele>931</ele></trkpt>
      <trkpt lat="47.499485" lon="11.709237"><ele>932</ele></trkpt>
      <trkpt lat="47.499652" lon="11.709042"><ele>932</ele></trkpt>
      <trkpt lat="47.499915" lon="11.708814"><ele>932</ele></trkpt>
      <trkpt lat="47.500097" lon="11.708687"><ele>932</ele></trkpt>
      <trkpt lat="47.500625" lon="11.708340"><ele>932</ele></trkpt>
      <trkpt lat="47.500831" lon="11.708193"><ele>932</ele></trkpt>
      <trkpt lat="47.501025" lon="11.708034"><ele>931</ele></trkpt>
      <trkpt lat="47.501309" lon="11.707774"><ele>930</ele></trkpt>
      <trkpt lat="47.501408" lon="11.707684"><ele>931</ele></trkpt>
      <trkpt lat="47.501510" lon="11.707577"><ele>931</ele></trkpt>
      <trkpt lat="47.501711" lon="11.707335"><ele>931</ele></trkpt>
      <trkpt lat="47.501759" lon="11.707255"><ele>931</ele></trkpt>
      <trkpt lat="47.501807" lon="11.707158"><ele>931</ele></trkpt>
      <trkpt lat="47.501830" lon="11.707082"><ele>930</ele></trkpt>
      <trkpt lat="47.501892" lon="11.706980"><ele>930</ele></trkpt>
      <trkpt lat="47.501921" lon="11.706915"><ele>930</ele></trkpt>
      <trkpt lat="47.501924" lon="11.706763"><ele>930</ele></trkpt>
      <trkpt lat="47.502074" lon="11.706636"><ele>930</ele></trkpt>
      <trkpt lat="47.502223" lon="11.706528"><ele>930</ele></trkpt>
      <trkpt lat="47.502288" lon="11.706484"><ele>930</ele></trkpt>
      <trkpt lat="47.502427" lon="11.706430"><ele>930</ele></trkpt>
      <trkpt lat="47.502545" lon="11.706399"><ele>930</ele></trkpt>
      <trkpt lat="47.502795" lon="11.706360"><ele>930</ele></trkpt>
      <trkpt lat="47.503090" lon="11.706330"><ele>930</ele></trkpt>
      <trkpt lat="47.503910" lon="11.706243"><ele>930</ele></trkpt>
      <trkpt lat="47.504109" lon="11.706240"><ele>930</ele></trkpt>
      <trkpt lat="47.504641" lon="11.706162"><ele>930</ele></trkpt>
      <trkpt lat="47.504735" lon="11.706175"><ele>930</ele></trkpt>
      <trkpt lat="47.504821" lon="11.706208"><ele>930</ele></trkpt>
      <trkpt lat="47.504911" lon="11.706282"><ele>930</ele></trkpt>
      <trkpt lat="47.505001" lon="11.706397"><ele>930</ele></trkpt>
      <trkpt lat="47.505093" lon="11.706562"><ele>930</ele></trkpt>
      <trkpt lat="47.505238" lon="11.706399"><ele>930</ele></trkpt>
      <trkpt lat="47.505304" lon="11.706400"><ele>930</ele></trkpt>
      <trkpt lat="47.505406" lon="11.706410"><ele>930</ele></trkpt>
      <trkpt lat="47.505461" lon="11.706402"><ele>930</ele></trkpt>
      <trkpt lat="47.505645" lon="11.706345"><ele>929</ele></trkpt>
      <trkpt lat="47.505746" lon="11.706291"><ele>929</ele></trkpt>
      <trkpt lat="47.505948" lon="11.706204"><ele>929</ele></trkpt>
      <trkpt lat="47.506149" lon="11.706081"><ele>929</ele></trkpt>
      <trkpt lat="47.506609" lon="11.705689"><ele>929</ele></trkpt>
      <trkpt lat="47.506875" lon="11.705478"><ele>929</ele></trkpt>
      <trkpt lat="47.506989" lon="11.705376"><ele>930</ele></trkpt>
      <trkpt lat="47.507662" lon="11.704745"><ele>928</ele></trkpt>
      <trkpt lat="47.507849" lon="11.704641"><ele>928</ele></trkpt>
      <trkpt lat="47.508097" lon="11.704625"><ele>928</ele></trkpt>
      <trkpt lat="47.508096" lon="11.704670"><ele>927</ele></trkpt>
      <trkpt lat="47.508093" lon="11.704885"><ele>928</ele></trkpt>
      <trkpt lat="47.508091" lon="11.705002"><ele>928</ele></trkpt>
      <trkpt lat="47.508093" lon="11.704885"><ele>928</ele></trkpt>
      <trkpt lat="47.508096" lon="11.704670"><ele>927</ele></trkpt>
      <trkpt lat="47.508097" lon="11.704625"><ele>928</ele></trkpt>
      <trkpt lat="47.508531" lon="11.704591"><ele>928</ele></trkpt>
      <trkpt lat="47.508853" lon="11.704412"><ele>928</ele></trkpt>
      <trkpt lat="47.509114" lon="11.704216"><ele>928</ele></trkpt>
      <trkpt lat="47.509277" lon="11.704090"><ele>928</ele></trkpt>
      <trkpt lat="47.509520" lon="11.703905"><ele>928</ele></trkpt>
      <trkpt lat="47.509616" lon="11.703867"><ele>928</ele></trkpt>
      <trkpt lat="47.509751" lon="11.703836"><ele>928</ele></trkpt>
      <trkpt lat="47.509932" lon="11.703904"><ele>928</ele></trkpt>
      <trkpt lat="47.510150" lon="11.704093"><ele>928</ele></trkpt>
      <trkpt lat="47.510205" lon="11.704133"><ele>928</ele></trkpt>
      <trkpt lat="47.510342" lon="11.704218"><ele>928</ele></trkpt>
      <trkpt lat="47.510790" lon="11.704323"><ele>927</ele></trkpt>
      <trkpt lat="47.511099" lon="11.704420"><ele>927</ele></trkpt>
      <trkpt lat="47.511602" lon="11.704570"><ele>926</ele></trkpt>
      <trkpt lat="47.511630" lon="11.704581"><ele>926</ele></trkpt>
      <trkpt lat="47.511728" lon="11.704623"><ele>926</ele></trkpt>
      <trkpt lat="47.511837" lon="11.704687"><ele>926</ele></trkpt>
      <trkpt lat="47.511966" lon="11.704785"><ele>926</ele></trkpt>
      <trkpt lat="47.512102" lon="11.704942"><ele>926</ele></trkpt>
      <trkpt lat="47.512490" lon="11.705493"><ele>925</ele></trkpt>
      <trkpt lat="47.512552" lon="11.705585"><ele>925</ele></trkpt>
      <trkpt lat="47.512803" lon="11.705974"><ele>924</ele></trkpt>
      <trkpt lat="47.512945" lon="11.706178"><ele>924</ele></trkpt>
      <trkpt lat="47.513038" lon="11.706296"><ele>924</ele></trkpt>
      <trkpt lat="47.513091" lon="11.706343"><ele>924</ele></trkpt>
      <trkpt lat="47.513169" lon="11.706392"><ele>924</ele></trkpt>
      <trkpt lat="47.513646" lon="11.706538"><ele>922</ele></trkpt>
      <trkpt lat="47.513829" lon="11.706642"><ele>922</ele></trkpt>
      <trkpt lat="47.514279" lon="11.706993"><ele>922</ele></trkpt>
      <trkpt lat="47.514381" lon="11.707070"><ele>922</ele></trkpt>
      <trkpt lat="47.514539" lon="11.707142"><ele>922</ele></trkpt>
      <trkpt lat="47.515054" lon="11.707295"><ele>921</ele></trkpt>
      <trkpt lat="47.515387" lon="11.707439"><ele>921</ele></trkpt>
      <trkpt lat="47.515527" lon="11.707508"><ele>921</ele></trkpt>
      <trkpt lat="47.515687" lon="11.707587"><ele>920</ele></trkpt>
      <trkpt lat="47.515797" lon="11.707661"><ele>920</ele></trkpt>
      <trkpt lat="47.515904" lon="11.707762"><ele>920</ele></trkpt>
      <trkpt lat="47.516174" lon="11.708120"><ele>920</ele></trkpt>
      <trkpt lat="47.516289" lon="11.708247"><ele>920</ele></trkpt>
      <trkpt lat="47.516385" lon="11.708299"><ele>920</ele></trkpt>
      <trkpt lat="47.516511" lon="11.708311"><ele>920</ele></trkpt>
      <trkpt lat="47.516681" lon="11.708287"><ele>920</ele></trkpt>
      <trkpt lat="47.516889" lon="11.708259"><ele>919</ele></trkpt>
      <trkpt lat="47.517314" lon="11.708259"><ele>919</ele></trkpt>
      <trkpt lat="47.517627" lon="11.708338"><ele>919</ele></trkpt>
      <trkpt lat="47.517906" lon="11.708398"><ele>919</ele></trkpt>
      <trkpt lat="47.517940" lon="11.708393"><ele>919</ele></trkpt>
      <trkpt lat="47.518013" lon="11.708387"><ele>919</ele></trkpt>
      <trkpt lat="47.518130" lon="11.708347"><ele>918</ele></trkpt>
      <trkpt lat="47.518411" lon="11.708229"><ele>918</ele></trkpt>
      <trkpt lat="47.518465" lon="11.708206"><ele>918</ele></trkpt>
      <trkpt lat="47.518586" lon="11.708184"><ele>918</ele></trkpt>
      <trkpt lat="47.519487" lon="11.708271"><ele>916</ele></trkpt>
      <trkpt lat="47.520124" lon="11.708236"><ele>916</ele></trkpt>
      <trkpt lat="47.520229" lon="11.708203"><ele>916</ele></trkpt>
      <trkpt lat="47.520552" lon="11.708014"><ele>916</ele></trkpt>
      <trkpt lat="47.520771" lon="11.707975"><ele>916</ele></trkpt>
      <trkpt lat="47.520869" lon="11.707996"><ele>915</ele></trkpt>
      <trkpt lat="47.520987" lon="11.708021"><ele>914</ele></trkpt>
      <trkpt lat="47.521043" lon="11.708034"><ele>914</ele></trkpt>
      <trkpt lat="47.521236" lon="11.708036"><ele>914</ele></trkpt>
      <trkpt lat="47.521387" lon="11.708007"><ele>914</ele></trkpt>
      <trkpt lat="47.521558" lon="11.707918"><ele>914</ele></trkpt>
      <trkpt lat="47.521655" lon="11.707845"><ele>915</ele></trkpt>
      <trkpt lat="47.521863" lon="11.707665"><ele>914</ele></trkpt>
      <trkpt lat="47.522183" lon="11.707314"><ele>914</ele></trkpt>
      <trkpt lat="47.522501" lon="11.707112"><ele>914</ele></trkpt>
      <trkpt lat="47.522703" lon="11.707055"><ele>914</ele></trkpt>
      <trkpt lat="47.522877" lon="11.707047"><ele>913</ele></trkpt>
      <trkpt lat="47.522978" lon="11.707077"><ele>913</ele></trkpt>
      <trkpt lat="47.523034" lon="11.707093"><ele>912</ele></trkpt>
      <trkpt lat="47.523251" lon="11.707175"><ele>913</ele></trkpt>
      <trkpt lat="47.523388" lon="11.707207"><ele>913</ele></trkpt>
      <trkpt lat="47.523636" lon="11.707226"><ele>912</ele></trkpt>
      <trkpt lat="47.524611" lon="11.707131"><ele>911</ele></trkpt>
      <trkpt lat="47.524918" lon="11.707156"><ele>911</ele></trkpt>
      <trkpt lat="47.525301" lon="11.707264"><ele>910</ele></trkpt>
      <trkpt lat="47.525845" lon="11.707490"><ele>911</ele></trkpt>
      <trkpt lat="47.525967" lon="11.707464"><ele>911</ele></trkpt>
      <trkpt lat="47.526094" lon="11.707465"><ele>911</ele></trkpt>
      <trkpt lat="47.526429" lon="11.707464"><ele>912</ele></trkpt>
      <trkpt lat="47.526537" lon="11.707454"><ele>912</ele></trkpt>
      <trkpt lat="47.526618" lon="11.707422"><ele>912</ele></trkpt>
      <trkpt lat="47.526695" lon="11.707352"><ele>912</ele></trkpt>
      <trkpt lat="47.527010" lon="11.707293"><ele>914</ele></trkpt>
      <trkpt lat="47.527110" lon="11.707294"><ele>914</ele></trkpt>
      <trkpt lat="47.527192" lon="11.707340"><ele>915</ele></trkpt>
      <trkpt lat="47.527267" lon="11.707411"><ele>916</ele></trkpt>
      <trkpt lat="47.527353" lon="11.707520"><ele>917</ele></trkpt>
      <trkpt lat="47.527452" lon="11.707547"><ele>917</ele></trkpt>
      <trkpt lat="47.527549" lon="11.707536"><ele>918</ele></trkpt>
      <trkpt lat="47.528199" lon="11.707172"><ele>919</ele></trkpt>
      <trkpt lat="47.528303" lon="11.707116"><ele>919</ele></trkpt>
      <trkpt lat="47.528473" lon="11.707021"><ele>920</ele></trkpt>
      <trkpt lat="47.528737" lon="11.706828"><ele>919</ele></trkpt>
      <trkpt lat="47.529205" lon="11.706358"><ele>916</ele></trkpt>
      <trkpt lat="47.529585" lon="11.705976"><ele>912</ele></trkpt>
      <trkpt lat="47.529786" lon="11.705873"><ele>911</ele></trkpt>
      <trkpt lat="47.530066" lon="11.705896"><ele>909</ele></trkpt>
      <trkpt lat="47.530385" lon="11.706026"><ele>908</ele></trkpt>
      <trkpt lat="47.530516" lon="11.706098"><ele>908</ele></trkpt>
      <trkpt lat="47.530780" lon="11.706169"><ele>908</ele></trkpt>
      <trkpt lat="47.531228" lon="11.706220"><ele>908</ele></trkpt>
      <trkpt lat="47.531586" lon="11.706261"><ele>906</ele></trkpt>
      <trkpt lat="47.531873" lon="11.706346"><ele>906</ele></trkpt>
      <trkpt lat="47.531952" lon="11.706384"><ele>906</ele></trkpt>
      <trkpt lat="47.532050" lon="11.706430"><ele>905</ele></trkpt>
      <trkpt lat="47.532462" lon="11.706481"><ele>906</ele></trkpt>
      <trkpt lat="47.532502" lon="11.706476"><ele>906</ele></trkpt>
      <trkpt lat="47.532658" lon="11.706455"><ele>906</ele></trkpt>
      <trkpt lat="47.532866" lon="11.706426"><ele>905</ele></trkpt>
      <trkpt lat="47.533202" lon="11.706304"><ele>906</ele></trkpt>
      <trkpt lat="47.533346" lon="11.706218"><ele>906</ele></trkpt>
      <trkpt lat="47.533561" lon="11.705981"><ele>904</ele></trkpt>
      <trkpt lat="47.533620" lon="11.705947"><ele>904</ele></trkpt>
      <trkpt lat="47.533779" lon="11.705854"><ele>904</ele></trkpt>
      <trkpt lat="47.534079" lon="11.705814"><ele>904</ele></trkpt>
      <trkpt lat="47.534901" lon="11.705728"><ele>902</ele></trkpt>
      <trkpt lat="47.535200" lon="11.705675"><ele>902</ele></trkpt>
      <trkpt lat="47.535412" lon="11.705631"><ele>902</ele></trkpt>
      <trkpt lat="47.535581" lon="11.705579"><ele>902</ele></trkpt>
      <trkpt lat="47.535773" lon="11.705495"><ele>902</ele></trkpt>
      <trkpt lat="47.536132" lon="11.705286"><ele>902</ele></trkpt>
      <trkpt lat="47.536555" lon="11.705026"><ele>901</ele></trkpt>
      <trkpt lat="47.536864" lon="11.704836"><ele>901</ele></trkpt>
      <trkpt lat="47.537168" lon="11.704752"><ele>901</ele></trkpt>
      <trkpt lat="47.537711" lon="11.704814"><ele>900</ele></trkpt>
      <trkpt lat="47.537972" lon="11.704801"><ele>900</ele></trkpt>
      <trkpt lat="47.538195" lon="11.704778"><ele>899</ele></trkpt>
      <trkpt lat="47.538573" lon="11.704603"><ele>899</ele></trkpt>
      <trkpt lat="47.538802" lon="11.704400"><ele>899</ele></trkpt>
      <trkpt lat="47.538884" lon="11.704297"><ele>898</ele></trkpt>
      <trkpt lat="47.539060" lon="11.704076"><ele>898</ele></trkpt>
      <trkpt lat="47.539330" lon="11.703835"><ele>898</ele></trkpt>
      <trkpt lat="47.539502" lon="11.703587"><ele>898</ele></trkpt>
      <trkpt lat="47.539530" lon="11.703548"><ele>898</ele></trkpt>
      <trkpt lat="47.539704" lon="11.703222"><ele>898</ele></trkpt>
      <trkpt lat="47.539823" lon="11.702947"><ele>897</ele></trkpt>
      <trkpt lat="47.539970" lon="11.702696"><ele>896</ele></trkpt>
      <trkpt lat="47.540126" lon="11.702527"><ele>896</ele></trkpt>
      <trkpt lat="47.540292" lon="11.702422"><ele>896</ele></trkpt>
      <trkpt lat="47.540516" lon="11.702445"><ele>896</ele></trkpt>
      <trkpt lat="47.540655" lon="11.702519"><ele>896</ele></trkpt>
      <trkpt lat="47.540954" lon="11.702762"><ele>896</ele></trkpt>
      <trkpt lat="47.541152" lon="11.702863"><ele>896</ele></trkpt>
      <trkpt lat="47.541543" lon="11.703030"><ele>896</ele></trkpt>
      <trkpt lat="47.541965" lon="11.703188"><ele>896</ele></trkpt>
      <trkpt lat="47.542016" lon="11.703024"><ele>895</ele></trkpt>
      <trkpt lat="47.542088" lon="11.702903"><ele>896</ele></trkpt>
      <trkpt lat="47.542222" lon="11.702683"><ele>897</ele></trkpt>
      <trkpt lat="47.542243" lon="11.702649"><ele>897</ele></trkpt>
      <trkpt lat="47.542470" lon="11.702374"><ele>896</ele></trkpt>
      <trkpt lat="47.542660" lon="11.702180"><ele>896</ele></trkpt>
      <trkpt lat="47.542766" lon="11.702108"><ele>895</ele></trkpt>
      <trkpt lat="47.542876" lon="11.702034"><ele>895</ele></trkpt>
      <trkpt lat="47.542919" lon="11.702007"><ele>895</ele></trkpt>
      <trkpt lat="47.543033" lon="11.701935"><ele>896</ele></trkpt>
      <trkpt lat="47.543273" lon="11.701829"><ele>896</ele></trkpt>
      <trkpt lat="47.543584" lon="11.701677"><ele>895</ele></trkpt>
      <trkpt lat="47.543708" lon="11.701616"><ele>895</ele></trkpt>
      <trkpt lat="47.543890" lon="11.701538"><ele>894</ele></trkpt>
      <trkpt lat="47.544196" lon="11.701398"><ele>894</ele></trkpt>
      <trkpt lat="47.544408" lon="11.701285"><ele>893</ele></trkpt>
      <trkpt lat="47.544564" lon="11.701179"><ele>892</ele></trkpt>
      <trkpt lat="47.544622" lon="11.701130"><ele>892</ele></trkpt>
      <trkpt lat="47.544742" lon="11.701025"><ele>892</ele></trkpt>
      <trkpt lat="47.544898" lon="11.700834"><ele>892</ele></trkpt>
      <trkpt lat="47.544959" lon="11.700766"><ele>892</ele></trkpt>
      <trkpt lat="47.545001" lon="11.700733"><ele>892</ele></trkpt>
      <trkpt lat="47.545054" lon="11.700729"><ele>892</ele></trkpt>
      <trkpt lat="47.545112" lon="11.700752"><ele>892</ele></trkpt>
      <trkpt lat="47.545162" lon="11.700478"><ele>891</ele></trkpt>
      <trkpt lat="47.545223" lon="11.700460"><ele>891</ele></trkpt>
      <trkpt lat="47.545401" lon="11.699359"><ele>890</ele></trkpt>
      <trkpt lat="47.545505" lon="11.698885"><ele>890</ele></trkpt>
      <trkpt lat="47.545699" lon="11.698319"><ele>888</ele></trkpt>
      <trkpt lat="47.545849" lon="11.698031"><ele>890</ele></trkpt>
      <trkpt lat="47.546124" lon="11.697704"><ele>890</ele></trkpt>
      <trkpt lat="47.546253" lon="11.697570"><ele>889</ele></trkpt>
      <trkpt lat="47.546276" lon="11.697618"><ele>889</ele></trkpt>
      <trkpt lat="47.546417" lon="11.697840"><ele>888</ele></trkpt>
      <trkpt lat="47.546459" lon="11.697909"><ele>888</ele></trkpt>
      <trkpt lat="47.546633" lon="11.697614"><ele>888</ele></trkpt>
      <trkpt lat="47.546934" lon="11.697201"><ele>888</ele></trkpt>
      <trkpt lat="47.547136" lon="11.696948"><ele>886</ele></trkpt>
      <trkpt lat="47.547415" lon="11.696636"><ele>886</ele></trkpt>
      <trkpt lat="47.547616" lon="11.696444"><ele>886</ele></trkpt>
      <trkpt lat="47.548119" lon="11.695912"><ele>885</ele></trkpt>
      <trkpt lat="47.548314" lon="11.695709"><ele>885</ele></trkpt>
      <trkpt lat="47.548874" lon="11.695136"><ele>885</ele></trkpt>
      <trkpt lat="47.549681" lon="11.694283"><ele>884</ele></trkpt>
      <trkpt lat="47.549933" lon="11.694000"><ele>884</ele></trkpt>
      <trkpt lat="47.550253" lon="11.693642"><ele>884</ele></trkpt>
      <trkpt lat="47.550480" lon="11.693388"><ele>883</ele></trkpt>
      <trkpt lat="47.550732" lon="11.693043"><ele>883</ele></trkpt>
      <trkpt lat="47.550810" lon="11.692956"><ele>883</ele></trkpt>
      <trkpt lat="47.550946" lon="11.692774"><ele>882</ele></trkpt>
      <trkpt lat="47.551232" lon="11.692333"><ele>882</ele></trkpt>
      <trkpt lat="47.551306" lon="11.692261"><ele>882</ele></trkpt>
      <trkpt lat="47.551344" lon="11.692217"><ele>883</ele></trkpt>
      <trkpt lat="47.551347" lon="11.692132"><ele>883</ele></trkpt>
      <trkpt lat="47.551376" lon="11.691886"><ele>882</ele></trkpt>
      <trkpt lat="47.551469" lon="11.691453"><ele>883</ele></trkpt>
      <trkpt lat="47.551541" lon="11.691052"><ele>882</ele></trkpt>
      <trkpt lat="47.551602" lon="11.690789"><ele>880</ele></trkpt>
      <trkpt lat="47.551686" lon="11.690595"><ele>880</ele></trkpt>
      <trkpt lat="47.551780" lon="11.690323"><ele>880</ele></trkpt>
      <trkpt lat="47.552029" lon="11.689655"><ele>880</ele></trkpt>
      <trkpt lat="47.552104" lon="11.689357"><ele>880</ele></trkpt>
      <trkpt lat="47.552252" lon="11.688862"><ele>879</ele></trkpt>
      <trkpt lat="47.552390" lon="11.688484"><ele>879</ele></trkpt>
      <trkpt lat="47.552486" lon="11.688280"><ele>879</ele></trkpt>
      <trkpt lat="47.552568" lon="11.688010"><ele>880</ele></trkpt>
      <trkpt lat="47.552608" lon="11.687837"><ele>880</ele></trkpt>
      <trkpt lat="47.552710" lon="11.687498"><ele>878</ele></trkpt>
      <trkpt lat="47.552769" lon="11.687294"><ele>878</ele></trkpt>
      <trkpt lat="47.552854" lon="11.687111"><ele>877</ele></trkpt>
      <trkpt lat="47.553241" lon="11.686626"><ele>876</ele></trkpt>
      <trkpt lat="47.553458" lon="11.686371"><ele>878</ele></trkpt>
      <trkpt lat="47.553857" lon="11.685825"><ele>876</ele></trkpt>
      <trkpt lat="47.554054" lon="11.685513"><ele>876</ele></trkpt>
      <trkpt lat="47.554193" lon="11.685189"><ele>877</ele></trkpt>
      <trkpt lat="47.554419" lon="11.684524"><ele>879</ele></trkpt>
      <trkpt lat="47.554507" lon="11.684294"><ele>880</ele></trkpt>
      <trkpt lat="47.554551" lon="11.684143"><ele>881</ele></trkpt>
      <trkpt lat="47.554605" lon="11.683996"><ele>882</ele></trkpt>
      <trkpt lat="47.554664" lon="11.683868"><ele>882</ele></trkpt>
      <trkpt lat="47.554733" lon="11.683768"><ele>881</ele></trkpt>
      <trkpt lat="47.554925" lon="11.683643"><ele>882</ele></trkpt>
      <trkpt lat="47.554986" lon="11.683618"><ele>883</ele></trkpt>
      <trkpt lat="47.555134" lon="11.683612"><ele>883</ele></trkpt>
      <trkpt lat="47.555289" lon="11.683643"><ele>884</ele></trkpt>
      <trkpt lat="47.555364" lon="11.683626"><ele>885</ele></trkpt>
      <trkpt lat="47.555450" lon="11.683564"><ele>885</ele></trkpt>
      <trkpt lat="47.555519" lon="11.683496"><ele>885</ele></trkpt>
      <trkpt lat="47.555629" lon="11.683365"><ele>885</ele></trkpt>
      <trkpt lat="47.556054" lon="11.682910"><ele>887</ele></trkpt>
      <trkpt lat="47.556227" lon="11.682777"><ele>888</ele></trkpt>
      <trkpt lat="47.556382" lon="11.682578"><ele>888</ele></trkpt>
      <trkpt lat="47.556697" lon="11.682319"><ele>888</ele></trkpt>
      <trkpt lat="47.557084" lon="11.682197"><ele>889</ele></trkpt>
      <trkpt lat="47.557201" lon="11.682146"><ele>890</ele></trkpt>
      <trkpt lat="47.557373" lon="11.682018"><ele>890</ele></trkpt>
      <trkpt lat="47.557569" lon="11.681919"><ele>891</ele></trkpt>
      <trkpt lat="47.557634" lon="11.681842"><ele>891</ele></trkpt>
      <trkpt lat="47.557744" lon="11.681626"><ele>890</ele></trkpt>
      <trkpt lat="47.557818" lon="11.681461"><ele>891</ele></trkpt>
      <trkpt lat="47.557918" lon="11.681311"><ele>891</ele></trkpt>
      <trkpt lat="47.557985" lon="11.681225"><ele>891</ele></trkpt>
      <trkpt lat="47.558200" lon="11.681012"><ele>892</ele></trkpt>
      <trkpt lat="47.558369" lon="11.680828"><ele>892</ele></trkpt>
      <trkpt lat="47.558447" lon="11.680725"><ele>892</ele></trkpt>
      <trkpt lat="47.558532" lon="11.680586"><ele>892</ele></trkpt>
      <trkpt lat="47.558716" lon="11.680325"><ele>892</ele></trkpt>
      <trkpt lat="47.558946" lon="11.680115"><ele>895</ele></trkpt>
      <trkpt lat="47.559300" lon="11.679651"><ele>897</ele></trkpt>
      <trkpt lat="47.559381" lon="11.679558"><ele>897</ele></trkpt>
      <trkpt lat="47.559456" lon="11.679498"><ele>896</ele></trkpt>
      <trkpt lat="47.559548" lon="11.679478"><ele>892</ele></trkpt>
      <trkpt lat="47.559651" lon="11.679492"><ele>889</ele></trkpt>
      <trkpt lat="47.559887" lon="11.679637"><ele>894</ele></trkpt>
      <trkpt lat="47.559943" lon="11.679705"><ele>896</ele></trkpt>
      <trkpt lat="47.560083" lon="11.679961"><ele>900</ele></trkpt>
      <trkpt lat="47.560152" lon="11.680046"><ele>900</ele></trkpt>
      <trkpt lat="47.560322" lon="11.680208"><ele>901</ele></trkpt>
      <trkpt lat="47.560462" lon="11.680362"><ele>903</ele></trkpt>
      <trkpt lat="47.560643" lon="11.680521"><ele>903</ele></trkpt>
      <trkpt lat="47.560750" lon="11.680646"><ele>904</ele></trkpt>
      <trkpt lat="47.560802" lon="11.680762"><ele>904</ele></trkpt>
      <trkpt lat="47.560905" lon="11.681063"><ele>907</ele></trkpt>
      <trkpt lat="47.561034" lon="11.681242"><ele>907</ele></trkpt>
      <trkpt lat="47.561124" lon="11.681353"><ele>908</ele></trkpt>
      <trkpt lat="47.561241" lon="11.681450"><ele>908</ele></trkpt>
      <trkpt lat="47.561352" lon="11.681643"><ele>910</ele></trkpt>
      <trkpt lat="47.561488" lon="11.681973"><ele>910</ele></trkpt>
      <trkpt lat="47.561519" lon="11.682109"><ele>912</ele></trkpt>
      <trkpt lat="47.561532" lon="11.682277"><ele>914</ele></trkpt>
      <trkpt lat="47.561543" lon="11.682598"><ele>916</ele></trkpt>
      <trkpt lat="47.561620" lon="11.682782"><ele>916</ele></trkpt>
      <trkpt lat="47.561921" lon="11.683160"><ele>917</ele></trkpt>
      <trkpt lat="47.562038" lon="11.683200"><ele>917</ele></trkpt>
      <trkpt lat="47.562103" lon="11.683194"><ele>918</ele></trkpt>
      <trkpt lat="47.562194" lon="11.683152"><ele>918</ele></trkpt>
      <trkpt lat="47.562462" lon="11.682873"><ele>918</ele></trkpt>
      <trkpt lat="47.562547" lon="11.682804"><ele>918</ele></trkpt>
      <trkpt lat="47.562773" lon="11.682655"><ele>919</ele></trkpt>
      <trkpt lat="47.562880" lon="11.682527"><ele>919</ele></trkpt>
      <trkpt lat="47.562930" lon="11.682441"><ele>919</ele></trkpt>
      <trkpt lat="47.563016" lon="11.682351"><ele>919</ele></trkpt>
      <trkpt lat="47.563173" lon="11.682257"><ele>919</ele></trkpt>
      <trkpt lat="47.563376" lon="11.682163"><ele>920</ele></trkpt>
      <trkpt lat="47.563482" lon="11.682098"><ele>922</ele></trkpt>
      <trkpt lat="47.563566" lon="11.682015"><ele>922</ele></trkpt>
      <trkpt lat="47.563622" lon="11.681927"><ele>921</ele></trkpt>
      <trkpt lat="47.563700" lon="11.681785"><ele>922</ele></trkpt>
      <trkpt lat="47.563743" lon="11.681669"><ele>921</ele></trkpt>
      <trkpt lat="47.563796" lon="11.681524"><ele>921</ele></trkpt>
      <trkpt lat="47.563871" lon="11.681146"><ele>920</ele></trkpt>
      <trkpt lat="47.563934" lon="11.680867"><ele>921</ele></trkpt>
      <trkpt lat="47.563996" lon="11.680765"><ele>921</ele></trkpt>
      <trkpt lat="47.564318" lon="11.680424"><ele>922</ele></trkpt>
      <trkpt lat="47.564358" lon="11.680325"><ele>922</ele></trkpt>
      <trkpt lat="47.564450" lon="11.680137"><ele>922</ele></trkpt>
      <trkpt lat="47.564517" lon="11.679944"><ele>922</ele></trkpt>
      <trkpt lat="47.564605" lon="11.679748"><ele>924</ele></trkpt>
      <trkpt lat="47.564661" lon="11.679578"><ele>924</ele></trkpt>
      <trkpt lat="47.564751" lon="11.679373"><ele>923</ele></trkpt>
      <trkpt lat="47.564828" lon="11.679217"><ele>922</ele></trkpt>
      <trkpt lat="47.564897" lon="11.679140"><ele>923</ele></trkpt>
      <trkpt lat="47.564975" lon="11.679103"><ele>924</ele></trkpt>
      <trkpt lat="47.565046" lon="11.679129"><ele>924</ele></trkpt>
      <trkpt lat="47.565123" lon="11.679231"><ele>922</ele></trkpt>
      <trkpt lat="47.565173" lon="11.679364"><ele>922</ele></trkpt>
      <trkpt lat="47.565179" lon="11.679882"><ele>925</ele></trkpt>
      <trkpt lat="47.565136" lon="11.680174"><ele>927</ele></trkpt>
      <trkpt lat="47.565029" lon="11.680592"><ele>927</ele></trkpt>
      <trkpt lat="47.564958" lon="11.680833"><ele>926</ele></trkpt>
      <trkpt lat="47.564935" lon="11.680998"><ele>928</ele></trkpt>
      <trkpt lat="47.564935" lon="11.681146"><ele>928</ele></trkpt>
      <trkpt lat="47.564950" lon="11.681331"><ele>929</ele></trkpt>
      <trkpt lat="47.564996" lon="11.681589"><ele>928</ele></trkpt>
      <trkpt lat="47.565027" lon="11.681879"><ele>929</ele></trkpt>
      <trkpt lat="47.565081" lon="11.682123"><ele>929</ele></trkpt>
      <trkpt lat="47.565108" lon="11.682223"><ele>930</ele></trkpt>
      <trkpt lat="47.565273" lon="11.682581"><ele>930</ele></trkpt>
      <trkpt lat="47.565345" lon="11.682717"><ele>929</ele></trkpt>
      <trkpt lat="47.565405" lon="11.682905"><ele>929</ele></trkpt>
      <trkpt lat="47.565447" lon="11.683103"><ele>930</ele></trkpt>
      <trkpt lat="47.565550" lon="11.683342"><ele>931</ele></trkpt>
      <trkpt lat="47.565725" lon="11.683575"><ele>930</ele></trkpt>
      <trkpt lat="47.565880" lon="11.683839"><ele>931</ele></trkpt>
      <trkpt lat="47.565986" lon="11.684007"><ele>932</ele></trkpt>
      <trkpt lat="47.566089" lon="11.684152"><ele>931</ele></trkpt>
      <trkpt lat="47.566179" lon="11.684300"><ele>932</ele></trkpt>
      <trkpt lat="47.566336" lon="11.684510"><ele>930</ele></trkpt>
      <trkpt lat="47.566394" lon="11.684567"><ele>929</ele></trkpt>
      <trkpt lat="47.566437" lon="11.684560"><ele>928</ele></trkpt>
      <trkpt lat="47.566465" lon="11.684487"><ele>927</ele></trkpt>
      <trkpt lat="47.566452" lon="11.684376"><ele>926</ele></trkpt>
      <trkpt lat="47.566346" lon="11.684058"><ele>923</ele></trkpt>
      <trkpt lat="47.566112" lon="11.683592"><ele>920</ele></trkpt>
      <trkpt lat="47.566043" lon="11.683396"><ele>917</ele></trkpt>
      <trkpt lat="47.565804" lon="11.682805"><ele>912</ele></trkpt>
      <trkpt lat="47.565740" lon="11.682609"><ele>910</ele></trkpt>
      <trkpt lat="47.565698" lon="11.682419"><ele>908</ele></trkpt>
      <trkpt lat="47.565679" lon="11.682206"><ele>906</ele></trkpt>
      <trkpt lat="47.565673" lon="11.682015"><ele>904</ele></trkpt>
      <trkpt lat="47.565692" lon="11.681484"><ele>899</ele></trkpt>
      <trkpt lat="47.565696" lon="11.681063"><ele>898</ele></trkpt>
      <trkpt lat="47.565687" lon="11.680848"><ele>898</ele></trkpt>
      <trkpt lat="47.565690" lon="11.680387"><ele>898</ele></trkpt>
      <trkpt lat="47.565752" lon="11.680166"><ele>894</ele></trkpt>
      <trkpt lat="47.565773" lon="11.679884"><ele>892</ele></trkpt>
      <trkpt lat="47.565784" lon="11.679595"><ele>890</ele></trkpt>
      <trkpt lat="47.565817" lon="11.679401"><ele>887</ele></trkpt>
      <trkpt lat="47.565874" lon="11.679131"><ele>883</ele></trkpt>
      <trkpt lat="47.565888" lon="11.678995"><ele>881</ele></trkpt>
      <trkpt lat="47.565896" lon="11.678768"><ele>878</ele></trkpt>
      <trkpt lat="47.565892" lon="11.678393"><ele>873</ele></trkpt>
      <trkpt lat="47.565897" lon="11.678208"><ele>872</ele></trkpt>
      <trkpt lat="47.565949" lon="11.678043"><ele>870</ele></trkpt>
      <trkpt lat="47.565978" lon="11.677893"><ele>870</ele></trkpt>
      <trkpt lat="47.565986" lon="11.677756"><ele>870</ele></trkpt>
      <trkpt lat="47.565982" lon="11.677611"><ele>869</ele></trkpt>
      <trkpt lat="47.565961" lon="11.677324"><ele>865</ele></trkpt>
      <trkpt lat="47.565906" lon="11.677057"><ele>862</ele></trkpt>
      <trkpt lat="47.565861" lon="11.676799"><ele>860</ele></trkpt>
      <trkpt lat="47.565832" lon="11.676694"><ele>860</ele></trkpt>
      <trkpt lat="47.565749" lon="11.676522"><ele>856</ele></trkpt>
      <trkpt lat="47.565604" lon="11.676119"><ele>854</ele></trkpt>
      <trkpt lat="47.565516" lon="11.675753"><ele>851</ele></trkpt>
      <trkpt lat="47.565500" lon="11.675535"><ele>850</ele></trkpt>
      <trkpt lat="47.565505" lon="11.675306"><ele>848</ele></trkpt>
      <trkpt lat="47.565557" lon="11.675136"><ele>846</ele></trkpt>
      <trkpt lat="47.565586" lon="11.674994"><ele>846</ele></trkpt>
      <trkpt lat="47.565693" lon="11.674843"><ele>844</ele></trkpt>
      <trkpt lat="47.565730" lon="11.674711"><ele>842</ele></trkpt>
      <trkpt lat="47.565876" lon="11.674077"><ele>842</ele></trkpt>
      <trkpt lat="47.565891" lon="11.673953"><ele>842</ele></trkpt>
      <trkpt lat="47.565891" lon="11.673822"><ele>841</ele></trkpt>
      <trkpt lat="47.565878" lon="11.673695"><ele>841</ele></trkpt>
      <trkpt lat="47.565855" lon="11.673628"><ele>841</ele></trkpt>
      <trkpt lat="47.565807" lon="11.673568"><ele>841</ele></trkpt>
      <trkpt lat="47.565671" lon="11.673456"><ele>840</ele></trkpt>
      <trkpt lat="47.565576" lon="11.673350"><ele>840</ele></trkpt>
      <trkpt lat="47.565508" lon="11.673168"><ele>840</ele></trkpt>
      <trkpt lat="47.565447" lon="11.672928"><ele>838</ele></trkpt>
      <trkpt lat="47.565474" lon="11.672797"><ele>838</ele></trkpt>
      <trkpt lat="47.565594" lon="11.672590"><ele>838</ele></trkpt>
      <trkpt lat="47.565776" lon="11.672305"><ele>838</ele></trkpt>
      <trkpt lat="47.566021" lon="11.671707"><ele>837</ele></trkpt>
      <trkpt lat="47.566096" lon="11.671529"><ele>837</ele></trkpt>
      <trkpt lat="47.566227" lon="11.671346"><ele>837</ele></trkpt>
      <trkpt lat="47.566277" lon="11.671296"><ele>837</ele></trkpt>
      <trkpt lat="47.566377" lon="11.671260"><ele>836</ele></trkpt>
      <trkpt lat="47.566462" lon="11.671266"><ele>836</ele></trkpt>
      <trkpt lat="47.566561" lon="11.671233"><ele>836</ele></trkpt>
      <trkpt lat="47.566611" lon="11.671192"><ele>836</ele></trkpt>
      <trkpt lat="47.566676" lon="11.671139"><ele>836</ele></trkpt>
      <trkpt lat="47.566735" lon="11.670979"><ele>836</ele></trkpt>
      <trkpt lat="47.566760" lon="11.670834"><ele>835</ele></trkpt>
      <trkpt lat="47.566777" lon="11.670621"><ele>834</ele></trkpt>
      <trkpt lat="47.566790" lon="11.670361"><ele>835</ele></trkpt>
      <trkpt lat="47.566794" lon="11.670258"><ele>836</ele></trkpt>
      <trkpt lat="47.566955" lon="11.670240"><ele>837</ele></trkpt>
      <trkpt lat="47.567092" lon="11.670202"><ele>837</ele></trkpt>
      <trkpt lat="47.567501" lon="11.669950"><ele>836</ele></trkpt>
      <trkpt lat="47.567734" lon="11.669828"><ele>835</ele></trkpt>
      <trkpt lat="47.568021" lon="11.669704"><ele>834</ele></trkpt>
      <trkpt lat="47.568245" lon="11.669550"><ele>833</ele></trkpt>
      <trkpt lat="47.568423" lon="11.669388"><ele>834</ele></trkpt>
      <trkpt lat="47.568552" lon="11.669242"><ele>834</ele></trkpt>
      <trkpt lat="47.568685" lon="11.669079"><ele>834</ele></trkpt>
      <trkpt lat="47.568857" lon="11.668770"><ele>833</ele></trkpt>
      <trkpt lat="47.568978" lon="11.668473"><ele>833</ele></trkpt>
      <trkpt lat="47.569196" lon="11.667515"><ele>831</ele></trkpt>
      <trkpt lat="47.569296" lon="11.667073"><ele>832</ele></trkpt>
      <trkpt lat="47.569405" lon="11.666594"><ele>831</ele></trkpt>
      <trkpt lat="47.569446" lon="11.666216"><ele>830</ele></trkpt>
      <trkpt lat="47.569461" lon="11.665844"><ele>830</ele></trkpt>
      <trkpt lat="47.569449" lon="11.665536"><ele>829</ele></trkpt>
      <trkpt lat="47.569435" lon="11.665360"><ele>829</ele></trkpt>
      <trkpt lat="47.569660" lon="11.665360"><ele>828</ele></trkpt>
      <trkpt lat="47.569883" lon="11.665362"><ele>828</ele></trkpt>
      <trkpt lat="47.569959" lon="11.665363"><ele>829</ele></trkpt>
      <trkpt lat="47.569841" lon="11.665070"><ele>828</ele></trkpt>
      <trkpt lat="47.569703" lon="11.664771"><ele>828</ele></trkpt>
      <trkpt lat="47.569587" lon="11.664454"><ele>827</ele></trkpt>
      <trkpt lat="47.569545" lon="11.664188"><ele>826</ele></trkpt>
      <trkpt lat="47.569567" lon="11.663866"><ele>826</ele></trkpt>
      <trkpt lat="47.569603" lon="11.663693"><ele>827</ele></trkpt>
      <trkpt lat="47.569720" lon="11.663361"><ele>826</ele></trkpt>
      <trkpt lat="47.569826" lon="11.663111"><ele>826</ele></trkpt>
      <trkpt lat="47.569976" lon="11.662814"><ele>826</ele></trkpt>
      <trkpt lat="47.570042" lon="11.662654"><ele>825</ele></trkpt>
      <trkpt lat="47.570263" lon="11.662009"><ele>825</ele></trkpt>
      <trkpt lat="47.570362" lon="11.661798"><ele>825</ele></trkpt>
      <trkpt lat="47.570435" lon="11.661688"><ele>825</ele></trkpt>
      <trkpt lat="47.570562" lon="11.661520"><ele>825</ele></trkpt>
      <trkpt lat="47.570727" lon="11.661345"><ele>825</ele></trkpt>
      <trkpt lat="47.570862" lon="11.661222"><ele>824</ele></trkpt>
      <trkpt lat="47.571010" lon="11.661107"><ele>824</ele></trkpt>
      <trkpt lat="47.571141" lon="11.661011"><ele>824</ele></trkpt>
      <trkpt lat="47.571235" lon="11.660959"><ele>826</ele></trkpt>
      <trkpt lat="47.571321" lon="11.660897"><ele>827</ele></trkpt>
      <trkpt lat="47.571356" lon="11.660857"><ele>828</ele></trkpt>
      <trkpt lat="47.571370" lon="11.660813"><ele>828</ele></trkpt>
      <trkpt lat="47.571373" lon="11.660657"><ele>828</ele></trkpt>
      <trkpt lat="47.571306" lon="11.660043"><ele>831</ele></trkpt>
      <trkpt lat="47.571278" lon="11.659636"><ele>833</ele></trkpt>
      <trkpt lat="47.571301" lon="11.659209"><ele>837</ele></trkpt>
      <trkpt lat="47.571310" lon="11.658815"><ele>834</ele></trkpt>
      <trkpt lat="47.571433" lon="11.658334"><ele>831</ele></trkpt>
      <trkpt lat="47.571457" lon="11.658195"><ele>831</ele></trkpt>
      <trkpt lat="47.571470" lon="11.658093"><ele>832</ele></trkpt>
      <trkpt lat="47.571460" lon="11.657916"><ele>830</ele></trkpt>
      <trkpt lat="47.571450" lon="11.657677"><ele>829</ele></trkpt>
      <trkpt lat="47.571456" lon="11.657540"><ele>829</ele></trkpt>
      <trkpt lat="47.571479" lon="11.657233"><ele>828</ele></trkpt>
      <trkpt lat="47.571517" lon="11.657036"><ele>829</ele></trkpt>
      <trkpt lat="47.571560" lon="11.656861"><ele>829</ele></trkpt>
      <trkpt lat="47.571609" lon="11.656702"><ele>829</ele></trkpt>
      <trkpt lat="47.571675" lon="11.656529"><ele>828</ele></trkpt>
      <trkpt lat="47.571759" lon="11.656345"><ele>828</ele></trkpt>
      <trkpt lat="47.571876" lon="11.656120"><ele>828</ele></trkpt>
      <trkpt lat="47.572197" lon="11.655584"><ele>827</ele></trkpt>
      <trkpt lat="47.572393" lon="11.655357"><ele>826</ele></trkpt>
      <trkpt lat="47.572486" lon="11.655231"><ele>824</ele></trkpt>
      <trkpt lat="47.572742" lon="11.654745"><ele>821</ele></trkpt>
      <trkpt lat="47.572945" lon="11.654458"><ele>821</ele></trkpt>
      <trkpt lat="47.573001" lon="11.654365"><ele>821</ele></trkpt>
      <trkpt lat="47.573188" lon="11.654077"><ele>821</ele></trkpt>
      <trkpt lat="47.573307" lon="11.653857"><ele>821</ele></trkpt>
      <trkpt lat="47.573431" lon="11.653607"><ele>820</ele></trkpt>
      <trkpt lat="47.573498" lon="11.653440"><ele>820</ele></trkpt>
      <trkpt lat="47.573634" lon="11.653040"><ele>821</ele></trkpt>
      <trkpt lat="47.573714" lon="11.652694"><ele>821</ele></trkpt>
      <trkpt lat="47.573790" lon="11.652370"><ele>821</ele></trkpt>
      <trkpt lat="47.573851" lon="11.652045"><ele>821</ele></trkpt>
      <trkpt lat="47.573999" lon="11.651150"><ele>826</ele></trkpt>
      <trkpt lat="47.574160" lon="11.650254"><ele>822</ele></trkpt>
      <trkpt lat="47.574211" lon="11.650008"><ele>824</ele></trkpt>
      <trkpt lat="47.574281" lon="11.649731"><ele>825</ele></trkpt>
      <trkpt lat="47.574342" lon="11.649549"><ele>824</ele></trkpt>
      <trkpt lat="47.574544" lon="11.649005"><ele>822</ele></trkpt>
      <trkpt lat="47.574583" lon="11.648905"><ele>822</ele></trkpt>
      <trkpt lat="47.574652" lon="11.648660"><ele>822</ele></trkpt>
      <trkpt lat="47.574701" lon="11.648448"><ele>823</ele></trkpt>
      <trkpt lat="47.574786" lon="11.647958"><ele>822</ele></trkpt>
      <trkpt lat="47.574853" lon="11.647601"><ele>821</ele></trkpt>
      <trkpt lat="47.574895" lon="11.647419"><ele>820</ele></trkpt>
      <trkpt lat="47.574927" lon="11.647327"><ele>820</ele></trkpt>
      <trkpt lat="47.574983" lon="11.647180"><ele>821</ele></trkpt>
      <trkpt lat="47.575047" lon="11.647041"><ele>822</ele></trkpt>
      <trkpt lat="47.575120" lon="11.646919"><ele>822</ele></trkpt>
      <trkpt lat="47.575240" lon="11.646723"><ele>823</ele></trkpt>
      <trkpt lat="47.575363" lon="11.646539"><ele>824</ele></trkpt>
      <trkpt lat="47.575711" lon="11.646039"><ele>826</ele></trkpt>
      <trkpt lat="47.575904" lon="11.645764"><ele>826</ele></trkpt>
      <trkpt lat="47.575966" lon="11.645680"><ele>826</ele></trkpt>
      <trkpt lat="47.576209" lon="11.645300"><ele>826</ele></trkpt>
      <trkpt lat="47.576551" lon="11.644801"><ele>825</ele></trkpt>
      <trkpt lat="47.576661" lon="11.644606"><ele>826</ele></trkpt>
      <trkpt lat="47.576821" lon="11.644448"><ele>826</ele></trkpt>
      <trkpt lat="47.576936" lon="11.644347"><ele>826</ele></trkpt>
      <trkpt lat="47.577468" lon="11.643991"><ele>826</ele></trkpt>
      <trkpt lat="47.577840" lon="11.643726"><ele>827</ele></trkpt>
      <trkpt lat="47.577858" lon="11.643737"><ele>827</ele></trkpt>
      <trkpt lat="47.577896" lon="11.643749"><ele>827</ele></trkpt>
      <trkpt lat="47.577942" lon="11.643736"><ele>828</ele></trkpt>
      <trkpt lat="47.578520" lon="11.643371"><ele>830</ele></trkpt>
      <trkpt lat="47.579482" lon="11.642813"><ele>834</ele></trkpt>
      <trkpt lat="47.579690" lon="11.642693"><ele>835</ele></trkpt>
      <trkpt lat="47.580092" lon="11.642432"><ele>837</ele></trkpt>
      <trkpt lat="47.580339" lon="11.642343"><ele>838</ele></trkpt>
      <trkpt lat="47.580569" lon="11.642212"><ele>840</ele></trkpt>
      <trkpt lat="47.580871" lon="11.641966"><ele>841</ele></trkpt>
      <trkpt lat="47.581137" lon="11.641707"><ele>841</ele></trkpt>
      <trkpt lat="47.581349" lon="11.641532"><ele>842</ele></trkpt>
      <trkpt lat="47.581771" lon="11.641152"><ele>844</ele></trkpt>
      <trkpt lat="47.581930" lon="11.640991"><ele>844</ele></trkpt>
      <trkpt lat="47.582036" lon="11.640866"><ele>844</ele></trkpt>
      <trkpt lat="47.582152" lon="11.640698"><ele>844</ele></trkpt>
      <trkpt lat="47.582250" lon="11.640518"><ele>844</ele></trkpt>
      <trkpt lat="47.582308" lon="11.640299"><ele>843</ele></trkpt>
      <trkpt lat="47.582336" lon="11.640167"><ele>842</ele></trkpt>
      <trkpt lat="47.582410" lon="11.639929"><ele>842</ele></trkpt>
      <trkpt lat="47.582497" lon="11.639693"><ele>841</ele></trkpt>
      <trkpt lat="47.582531" lon="11.639548"><ele>841</ele></trkpt>
      <trkpt lat="47.582574" lon="11.639200"><ele>840</ele></trkpt>
      <trkpt lat="47.582605" lon="11.638773"><ele>840</ele></trkpt>
      <trkpt lat="47.582609" lon="11.638273"><ele>840</ele></trkpt>
      <trkpt lat="47.582654" lon="11.637475"><ele>838</ele></trkpt>
      <trkpt lat="47.582657" lon="11.636873"><ele>836</ele></trkpt>
      <trkpt lat="47.582648" lon="11.636718"><ele>836</ele></trkpt>
      <trkpt lat="47.582628" lon="11.636520"><ele>836</ele></trkpt>
      <trkpt lat="47.582583" lon="11.636348"><ele>837</ele></trkpt>
      <trkpt lat="47.582559" lon="11.636209"><ele>837</ele></trkpt>
      <trkpt lat="47.582523" lon="11.635698"><ele>836</ele></trkpt>
      <trkpt lat="47.582494" lon="11.635552"><ele>836</ele></trkpt>
      <trkpt lat="47.582445" lon="11.635523"><ele>837</ele></trkpt>
      <trkpt lat="47.582400" lon="11.635524"><ele>838</ele></trkpt>
      <trkpt lat="47.582353" lon="11.635531"><ele>839</ele></trkpt>
      <trkpt lat="47.582320" lon="11.635106"><ele>836</ele></trkpt>
      <trkpt lat="47.582296" lon="11.635103"><ele>836</ele></trkpt>
      <trkpt lat="47.582184" lon="11.634951"><ele>835</ele></trkpt>
      <trkpt lat="47.582098" lon="11.634868"><ele>834</ele></trkpt>
      <trkpt lat="47.582010" lon="11.634840"><ele>834</ele></trkpt>
      <trkpt lat="47.581893" lon="11.634834"><ele>834</ele></trkpt>
      <trkpt lat="47.581689" lon="11.634791"><ele>834</ele></trkpt>
      <trkpt lat="47.581613" lon="11.634742"><ele>834</ele></trkpt>
      <trkpt lat="47.581518" lon="11.634587"><ele>832</ele></trkpt>
      <trkpt lat="47.581360" lon="11.634442"><ele>830</ele></trkpt>
      <trkpt lat="47.581305" lon="11.634411"><ele>829</ele></trkpt>
      <trkpt lat="47.581144" lon="11.634368"><ele>827</ele></trkpt>
      <trkpt lat="47.581058" lon="11.634306"><ele>826</ele></trkpt>
      <trkpt lat="47.580874" lon="11.634098"><ele>823</ele></trkpt>
      <trkpt lat="47.580824" lon="11.634090"><ele>823</ele></trkpt>
      <trkpt lat="47.580737" lon="11.634181"><ele>820</ele></trkpt>
      <trkpt lat="47.580668" lon="11.634283"><ele>820</ele></trkpt>
      <trkpt lat="47.580538" lon="11.634397"><ele>818</ele></trkpt>
      <trkpt lat="47.580341" lon="11.634524"><ele>817</ele></trkpt>
      <trkpt lat="47.580209" lon="11.634593"><ele>815</ele></trkpt>
      <trkpt lat="47.580113" lon="11.634664"><ele>814</ele></trkpt>
      <trkpt lat="47.580036" lon="11.634740"><ele>813</ele></trkpt>
      <trkpt lat="47.579950" lon="11.634860"><ele>813</ele></trkpt>
      <trkpt lat="47.579902" lon="11.634985"><ele>814</ele></trkpt>
      <trkpt lat="47.579831" lon="11.635243"><ele>814</ele></trkpt>
      <trkpt lat="47.579772" lon="11.635368"><ele>812</ele></trkpt>
      <trkpt lat="47.579693" lon="11.635419"><ele>809</ele></trkpt>
      <trkpt lat="47.579635" lon="11.635414"><ele>808</ele></trkpt>
      <trkpt lat="47.579568" lon="11.635380"><ele>808</ele></trkpt>
      <trkpt lat="47.579524" lon="11.635306"><ele>807</ele></trkpt>
      <trkpt lat="47.579488" lon="11.635061"><ele>807</ele></trkpt>
      <trkpt lat="47.579490" lon="11.634980"><ele>807</ele></trkpt>
      <trkpt lat="47.579513" lon="11.634917"><ele>807</ele></trkpt>
      <trkpt lat="47.579653" lon="11.634604"><ele>807</ele></trkpt>
      <trkpt lat="47.579724" lon="11.634377"><ele>807</ele></trkpt>
      <trkpt lat="47.579791" lon="11.634218"><ele>807</ele></trkpt>
      <trkpt lat="47.579869" lon="11.633931"><ele>806</ele></trkpt>
      <trkpt lat="47.579913" lon="11.633723"><ele>806</ele></trkpt>
      <trkpt lat="47.579990" lon="11.633451"><ele>806</ele></trkpt>
      <trkpt lat="47.580019" lon="11.633308"><ele>806</ele></trkpt>
      <trkpt lat="47.580053" lon="11.633181"><ele>806</ele></trkpt>
      <trkpt lat="47.580105" lon="11.633073"><ele>806</ele></trkpt>
      <trkpt lat="47.580159" lon="11.632987"><ele>806</ele></trkpt>
      <trkpt lat="47.580425" lon="11.632703"><ele>805</ele></trkpt>
      <trkpt lat="47.580473" lon="11.632641"><ele>805</ele></trkpt>
      <trkpt lat="47.580500" lon="11.632565"><ele>805</ele></trkpt>
      <trkpt lat="47.580511" lon="11.632459"><ele>805</ele></trkpt>
      <trkpt lat="47.580513" lon="11.632237"><ele>805</ele></trkpt>
      <trkpt lat="47.580535" lon="11.632106"><ele>805</ele></trkpt>
      <trkpt lat="47.580626" lon="11.631804"><ele>808</ele></trkpt>
      <trkpt lat="47.580657" lon="11.631610"><ele>808</ele></trkpt>
      <trkpt lat="47.580660" lon="11.631378"><ele>808</ele></trkpt>
      <trkpt lat="47.580645" lon="11.631240"><ele>807</ele></trkpt>
      <trkpt lat="47.580609" lon="11.631055"><ele>806</ele></trkpt>
      <trkpt lat="47.580645" lon="11.630932"><ele>806</ele></trkpt>
      <trkpt lat="47.580751" lon="11.630763"><ele>806</ele></trkpt>
      <trkpt lat="47.580805" lon="11.630618"><ele>806</ele></trkpt>
      <trkpt lat="47.580837" lon="11.630479"><ele>805</ele></trkpt>
      <trkpt lat="47.580864" lon="11.630393"><ele>805</ele></trkpt>
      <trkpt lat="47.580912" lon="11.630169"><ele>806</ele></trkpt>
      <trkpt lat="47.581123" lon="11.629655"><ele>805</ele></trkpt>
      <trkpt lat="47.581169" lon="11.629530"><ele>806</ele></trkpt>
      <trkpt lat="47.581190" lon="11.629322"><ele>805</ele></trkpt>
      <trkpt lat="47.581230" lon="11.629118"><ele>804</ele></trkpt>
      <trkpt lat="47.581495" lon="11.628788"><ele>805</ele></trkpt>
      <trkpt lat="47.581650" lon="11.628541"><ele>804</ele></trkpt>
      <trkpt lat="47.581811" lon="11.628268"><ele>806</ele></trkpt>
      <trkpt lat="47.581870" lon="11.628140"><ele>805</ele></trkpt>
      <trkpt lat="47.582322" lon="11.627399"><ele>804</ele></trkpt>
      <trkpt lat="47.582495" lon="11.627166"><ele>803</ele></trkpt>
      <trkpt lat="47.582723" lon="11.626879"><ele>804</ele></trkpt>
      <trkpt lat="47.582825" lon="11.626714"><ele>803</ele></trkpt>
      <trkpt lat="47.582974" lon="11.626512"><ele>803</ele></trkpt>
      <trkpt lat="47.583095" lon="11.626325"><ele>802</ele></trkpt>
      <trkpt lat="47.583371" lon="11.626078"><ele>802</ele></trkpt>
      <trkpt lat="47.583516" lon="11.625796"><ele>802</ele></trkpt>
      <trkpt lat="47.583564" lon="11.625677"><ele>802</ele></trkpt>
      <trkpt lat="47.583625" lon="11.625580"><ele>802</ele></trkpt>
      <trkpt lat="47.583710" lon="11.625498"><ele>802</ele></trkpt>
      <trkpt lat="47.583790" lon="11.625399"><ele>802</ele></trkpt>
      <trkpt lat="47.583997" lon="11.625080"><ele>803</ele></trkpt>
      <trkpt lat="47.584118" lon="11.624833"><ele>802</ele></trkpt>
      <trkpt lat="47.584289" lon="11.624471"><ele>802</ele></trkpt>
      <trkpt lat="47.584398" lon="11.624296"><ele>803</ele></trkpt>
      <trkpt lat="47.584444" lon="11.624181"><ele>802</ele></trkpt>
      <trkpt lat="47.584529" lon="11.623724"><ele>806</ele></trkpt>
      <trkpt lat="47.584555" lon="11.623543"><ele>807</ele></trkpt>
      <trkpt lat="47.584584" lon="11.623303"><ele>807</ele></trkpt>
      <trkpt lat="47.584606" lon="11.622971"><ele>807</ele></trkpt>
      <trkpt lat="47.584611" lon="11.622382"><ele>808</ele></trkpt>
      <trkpt lat="47.584588" lon="11.621697"><ele>810</ele></trkpt>
      <trkpt lat="47.584557" lon="11.621216"><ele>808</ele></trkpt>
      <trkpt lat="47.584555" lon="11.621081"><ele>808</ele></trkpt>
      <trkpt lat="47.584550" lon="11.620998"><ele>808</ele></trkpt>
      <trkpt lat="47.584507" lon="11.620674"><ele>807</ele></trkpt>
      <trkpt lat="47.584446" lon="11.620367"><ele>807</ele></trkpt>
      <trkpt lat="47.584387" lon="11.620101"><ele>807</ele></trkpt>
      <trkpt lat="47.584304" lon="11.619797"><ele>807</ele></trkpt>
      <trkpt lat="47.584237" lon="11.619582"><ele>807</ele></trkpt>
      <trkpt lat="47.584214" lon="11.619511"><ele>807</ele></trkpt>
      <trkpt lat="47.584021" lon="11.619029"><ele>806</ele></trkpt>
      <trkpt lat="47.583973" lon="11.618933"><ele>808</ele></trkpt>
      <trkpt lat="47.583789" lon="11.618605"><ele>815</ele></trkpt>
      <trkpt lat="47.583688" lon="11.618445"><ele>814</ele></trkpt>
      <trkpt lat="47.583599" lon="11.618323"><ele>812</ele></trkpt>
      <trkpt lat="47.583475" lon="11.618184"><ele>814</ele></trkpt>
      <trkpt lat="47.583270" lon="11.618007"><ele>813</ele></trkpt>
      <trkpt lat="47.583087" lon="11.617865"><ele>813</ele></trkpt>
      <trkpt lat="47.582579" lon="11.617536"><ele>811</ele></trkpt>
      <trkpt lat="47.582407" lon="11.617374"><ele>809</ele></trkpt>
      <trkpt lat="47.582289" lon="11.617234"><ele>808</ele></trkpt>
      <trkpt lat="47.582228" lon="11.617154"><ele>808</ele></trkpt>
      <trkpt lat="47.582044" lon="11.616871"><ele>807</ele></trkpt>
      <trkpt lat="47.581934" lon="11.616653"><ele>806</ele></trkpt>
      <trkpt lat="47.581773" lon="11.616281"><ele>806</ele></trkpt>
      <trkpt lat="47.581738" lon="11.616215"><ele>806</ele></trkpt>
      <trkpt lat="47.581700" lon="11.616146"><ele>807</ele></trkpt>
      <trkpt lat="47.581589" lon="11.615844"><ele>805</ele></trkpt>
      <trkpt lat="47.581516" lon="11.615621"><ele>804</ele></trkpt>
      <trkpt lat="47.581423" lon="11.615295"><ele>806</ele></trkpt>
      <trkpt lat="47.581350" lon="11.614984"><ele>806</ele></trkpt>
      <trkpt lat="47.581247" lon="11.614482"><ele>808</ele></trkpt>
      <trkpt lat="47.581211" lon="11.614244"><ele>809</ele></trkpt>
      <trkpt lat="47.581161" lon="11.614017"><ele>810</ele></trkpt>
      <trkpt lat="47.581132" lon="11.613920"><ele>809</ele></trkpt>
      <trkpt lat="47.581040" lon="11.613773"><ele>808</ele></trkpt>
      <trkpt lat="47.580979" lon="11.613638"><ele>807</ele></trkpt>
      <trkpt lat="47.580937" lon="11.613523"><ele>806</ele></trkpt>
      <trkpt lat="47.580767" lon="11.612734"><ele>806</ele></trkpt>
      <trkpt lat="47.580722" lon="11.612311"><ele>805</ele></trkpt>
      <trkpt lat="47.580725" lon="11.612260"><ele>805</ele></trkpt>
      <trkpt lat="47.580730" lon="11.612143"><ele>804</ele></trkpt>
      <trkpt lat="47.580753" lon="11.611997"><ele>803</ele></trkpt>
      <trkpt lat="47.580846" lon="11.611711"><ele>802</ele></trkpt>
      <trkpt lat="47.580923" lon="11.611579"><ele>802</ele></trkpt>
      <trkpt lat="47.580997" lon="11.611480"><ele>802</ele></trkpt>
      <trkpt lat="47.581105" lon="11.611360"><ele>804</ele></trkpt>
      <trkpt lat="47.581238" lon="11.611128"><ele>806</ele></trkpt>
      <trkpt lat="47.581279" lon="11.611036"><ele>806</ele></trkpt>
      <trkpt lat="47.581374" lon="11.610720"><ele>809</ele></trkpt>
      <trkpt lat="47.581416" lon="11.610533"><ele>809</ele></trkpt>
      <trkpt lat="47.581508" lon="11.610232"><ele>807</ele></trkpt>
      <trkpt lat="47.581666" lon="11.609824"><ele>810</ele></trkpt>
      <trkpt lat="47.581903" lon="11.609321"><ele>810</ele></trkpt>
      <trkpt lat="47.581945" lon="11.609270"><ele>810</ele></trkpt>
      <trkpt lat="47.581936" lon="11.609161"><ele>809</ele></trkpt>
      <trkpt lat="47.582004" lon="11.608973"><ele>808</ele></trkpt>
      <trkpt lat="47.582119" lon="11.608564"><ele>808</ele></trkpt>
      <trkpt lat="47.582191" lon="11.608336"><ele>808</ele></trkpt>
      <trkpt lat="47.582306" lon="11.608155"><ele>808</ele></trkpt>
      <trkpt lat="47.582399" lon="11.608058"><ele>808</ele></trkpt>
      <trkpt lat="47.582476" lon="11.608030"><ele>807</ele></trkpt>
      <trkpt lat="47.582607" lon="11.607913"><ele>805</ele></trkpt>
      <trkpt lat="47.582732" lon="11.607778"><ele>803</ele></trkpt>
      <trkpt lat="47.582820" lon="11.607695"><ele>802</ele></trkpt>
      <trkpt lat="47.582883" lon="11.607544"><ele>799</ele></trkpt>
      <trkpt lat="47.582945" lon="11.607346"><ele>796</ele></trkpt>
      <trkpt lat="47.582998" lon="11.607229"><ele>795</ele></trkpt>
      <trkpt lat="47.583060" lon="11.607095"><ele>793</ele></trkpt>
      <trkpt lat="47.583176" lon="11.606819"><ele>793</ele></trkpt>
      <trkpt lat="47.583216" lon="11.606618"><ele>790</ele></trkpt>
      <trkpt lat="47.583225" lon="11.606458"><ele>788</ele></trkpt>
      <trkpt lat="47.583208" lon="11.606246"><ele>786</ele></trkpt>
      <trkpt lat="47.583121" lon="11.605960"><ele>783</ele></trkpt>
      <trkpt lat="47.583061" lon="11.605814"><ele>782</ele></trkpt>
      <trkpt lat="47.582887" lon="11.605487"><ele>784</ele></trkpt>
      <trkpt lat="47.582841" lon="11.605335"><ele>784</ele></trkpt>
      <trkpt lat="47.582860" lon="11.605141"><ele>785</ele></trkpt>
      <trkpt lat="47.582918" lon="11.604775"><ele>785</ele></trkpt>
      <trkpt lat="47.583008" lon="11.604419"><ele>788</ele></trkpt>
      <trkpt lat="47.583033" lon="11.604224"><ele>791</ele></trkpt>
      <trkpt lat="47.583046" lon="11.604045"><ele>792</ele></trkpt>
      <trkpt lat="47.583048" lon="11.603890"><ele>792</ele></trkpt>
      <trkpt lat="47.583067" lon="11.603714"><ele>791</ele></trkpt>
      <trkpt lat="47.583112" lon="11.603534"><ele>791</ele></trkpt>
      <trkpt lat="47.583187" lon="11.603329"><ele>790</ele></trkpt>
      <trkpt lat="47.583246" lon="11.603230"><ele>790</ele></trkpt>
      <trkpt lat="47.583296" lon="11.603167"><ele>790</ele></trkpt>
      <trkpt lat="47.583351" lon="11.603118"><ele>790</ele></trkpt>
      <trkpt lat="47.583419" lon="11.603079"><ele>790</ele></trkpt>
      <trkpt lat="47.583461" lon="11.603064"><ele>790</ele></trkpt>
      <trkpt lat="47.583571" lon="11.603031"><ele>790</ele></trkpt>
      <trkpt lat="47.583661" lon="11.603027"><ele>791</ele></trkpt>
      <trkpt lat="47.583735" lon="11.603039"><ele>792</ele></trkpt>
      <trkpt lat="47.583790" lon="11.603086"><ele>793</ele></trkpt>
      <trkpt lat="47.583847" lon="11.603157"><ele>795</ele></trkpt>
      <trkpt lat="47.583904" lon="11.603290"><ele>798</ele></trkpt>
      <trkpt lat="47.583985" lon="11.603375"><ele>800</ele></trkpt>
      <trkpt lat="47.584023" lon="11.603400"><ele>800</ele></trkpt>
      <trkpt lat="47.584071" lon="11.603406"><ele>801</ele></trkpt>
      <trkpt lat="47.584107" lon="11.603246"><ele>800</ele></trkpt>
      <trkpt lat="47.584221" lon="11.602901"><ele>800</ele></trkpt>
      <trkpt lat="47.584319" lon="11.602643"><ele>799</ele></trkpt>
      <trkpt lat="47.584415" lon="11.602433"><ele>798</ele></trkpt>
      <trkpt lat="47.584469" lon="11.602286"><ele>797</ele></trkpt>
      <trkpt lat="47.584487" lon="11.602193"><ele>797</ele></trkpt>
      <trkpt lat="47.584477" lon="11.602037"><ele>797</ele></trkpt>
      <trkpt lat="47.584477" lon="11.601665"><ele>796</ele></trkpt>
      <trkpt lat="47.584528" lon="11.601346"><ele>793</ele></trkpt>
      <trkpt lat="47.584567" lon="11.601176"><ele>792</ele></trkpt>
      <trkpt lat="47.584610" lon="11.601034"><ele>792</ele></trkpt>
      <trkpt lat="47.584537" lon="11.601037"><ele>791</ele></trkpt>
      <trkpt lat="47.584419" lon="11.601107"><ele>790</ele></trkpt>
      <trkpt lat="47.584236" lon="11.601305"><ele>789</ele></trkpt>
      <trkpt lat="47.584176" lon="11.601415"><ele>788</ele></trkpt>
      <trkpt lat="47.584051" lon="11.601736"><ele>782</ele></trkpt>
      <trkpt lat="47.583859" lon="11.602045"><ele>780</ele></trkpt>
      <trkpt lat="47.583947" lon="11.601798"><ele>779</ele></trkpt>
      <trkpt lat="47.583966" lon="11.601715"><ele>779</ele></trkpt>
      <trkpt lat="47.583971" lon="11.601568"><ele>779</ele></trkpt>
      <trkpt lat="47.583948" lon="11.601402"><ele>778</ele></trkpt>
      <trkpt lat="47.583931" lon="11.601380"><ele>778</ele></trkpt>
      <trkpt lat="47.583606" lon="11.601249"><ele>774</ele></trkpt>
      <trkpt lat="47.583550" lon="11.601212"><ele>776</ele></trkpt>
      <trkpt lat="47.583384" lon="11.601221"><ele>779</ele></trkpt>
      <trkpt lat="47.583215" lon="11.601268"><ele>781</ele></trkpt>
      <trkpt lat="47.583184" lon="11.601233"><ele>782</ele></trkpt>
      <trkpt lat="47.583169" lon="11.601159"><ele>782</ele></trkpt>
      <trkpt lat="47.583204" lon="11.600672"><ele>784</ele></trkpt>
      <trkpt lat="47.583198" lon="11.600579"><ele>784</ele></trkpt>
      <trkpt lat="47.583184" lon="11.600491"><ele>784</ele></trkpt>
      <trkpt lat="47.583152" lon="11.600381"><ele>784</ele></trkpt>
      <trkpt lat="47.583117" lon="11.600294"><ele>784</ele></trkpt>
      <trkpt lat="47.583081" lon="11.600230"><ele>784</ele></trkpt>
      <trkpt lat="47.583029" lon="11.600181"><ele>785</ele></trkpt>
      <trkpt lat="47.582970" lon="11.600152"><ele>786</ele></trkpt>
      <trkpt lat="47.582754" lon="11.599980"><ele>786</ele></trkpt>
      <trkpt lat="47.582507" lon="11.599744"><ele>785</ele></trkpt>
      <trkpt lat="47.582395" lon="11.599606"><ele>785</ele></trkpt>
      <trkpt lat="47.582319" lon="11.599466"><ele>785</ele></trkpt>
      <trkpt lat="47.582281" lon="11.599359"><ele>785</ele></trkpt>
      <trkpt lat="47.582261" lon="11.599264"><ele>785</ele></trkpt>
      <trkpt lat="47.582226" lon="11.598995"><ele>784</ele></trkpt>
      <trkpt lat="47.582202" lon="11.598900"><ele>784</ele></trkpt>
      <trkpt lat="47.582130" lon="11.598688"><ele>783</ele></trkpt>
      <trkpt lat="47.582064" lon="11.598529"><ele>783</ele></trkpt>
      <trkpt lat="47.582053" lon="11.598348"><ele>783</ele></trkpt>
      <trkpt lat="47.582017" lon="11.598157"><ele>784</ele></trkpt>
      <trkpt lat="47.581972" lon="11.598056"><ele>784</ele></trkpt>
      <trkpt lat="47.581874" lon="11.597975"><ele>781</ele></trkpt>
      <trkpt lat="47.581836" lon="11.597976"><ele>781</ele></trkpt>
      <trkpt lat="47.581748" lon="11.598020"><ele>782</ele></trkpt>
      <trkpt lat="47.581610" lon="11.598064"><ele>785</ele></trkpt>
      <trkpt lat="47.581553" lon="11.598065"><ele>786</ele></trkpt>
      <trkpt lat="47.581486" lon="11.598025"><ele>785</ele></trkpt>
      <trkpt lat="47.581425" lon="11.597976"><ele>784</ele></trkpt>
      <trkpt lat="47.581397" lon="11.597933"><ele>783</ele></trkpt>
      <trkpt lat="47.581282" lon="11.597851"><ele>784</ele></trkpt>
      <trkpt lat="47.581240" lon="11.597803"><ele>784</ele></trkpt>
      <trkpt lat="47.581192" lon="11.597664"><ele>782</ele></trkpt>
      <trkpt lat="47.581101" lon="11.597462"><ele>781</ele></trkpt>
      <trkpt lat="47.581002" lon="11.597323"><ele>783</ele></trkpt>
      <trkpt lat="47.580995" lon="11.597213"><ele>781</ele></trkpt>
      <trkpt lat="47.581013" lon="11.597098"><ele>782</ele></trkpt>
      <trkpt lat="47.581047" lon="11.596998"><ele>782</ele></trkpt>
      <trkpt lat="47.581060" lon="11.596824"><ele>781</ele></trkpt>
      <trkpt lat="47.581025" lon="11.596684"><ele>782</ele></trkpt>
      <trkpt lat="47.580939" lon="11.596420"><ele>779</ele></trkpt>
      <trkpt lat="47.580870" lon="11.596162"><ele>780</ele></trkpt>
      <trkpt lat="47.580859" lon="11.596084"><ele>779</ele></trkpt>
      <trkpt lat="47.580825" lon="11.595660"><ele>778</ele></trkpt>
      <trkpt lat="47.580807" lon="11.595548"><ele>778</ele></trkpt>
      <trkpt lat="47.580801" lon="11.595457"><ele>777</ele></trkpt>
      <trkpt lat="47.580828" lon="11.595286"><ele>776</ele></trkpt>
      <trkpt lat="47.580868" lon="11.595116"><ele>776</ele></trkpt>
      <trkpt lat="47.581008" lon="11.594763"><ele>774</ele></trkpt>
      <trkpt lat="47.581042" lon="11.594704"><ele>774</ele></trkpt>
      <trkpt lat="47.581053" lon="11.594508"><ele>774</ele></trkpt>
      <trkpt lat="47.581049" lon="11.594315"><ele>773</ele></trkpt>
      <trkpt lat="47.581010" lon="11.594095"><ele>774</ele></trkpt>
      <trkpt lat="47.580997" lon="11.593825"><ele>774</ele></trkpt>
      <trkpt lat="47.580971" lon="11.593724"><ele>774</ele></trkpt>
      <trkpt lat="47.580960" lon="11.593620"><ele>775</ele></trkpt>
      <trkpt lat="47.580962" lon="11.593211"><ele>776</ele></trkpt>
      <trkpt lat="47.581049" lon="11.592675"><ele>775</ele></trkpt>
      <trkpt lat="47.581172" lon="11.592180"><ele>773</ele></trkpt>
      <trkpt lat="47.581212" lon="11.591987"><ele>772</ele></trkpt>
      <trkpt lat="47.581309" lon="11.591747"><ele>772</ele></trkpt>
      <trkpt lat="47.581331" lon="11.591635"><ele>771</ele></trkpt>
      <trkpt lat="47.581346" lon="11.591276"><ele>771</ele></trkpt>
      <trkpt lat="47.581336" lon="11.591107"><ele>771</ele></trkpt>
      <trkpt lat="47.581311" lon="11.590975"><ele>771</ele></trkpt>
      <trkpt lat="47.581249" lon="11.590841"><ele>771</ele></trkpt>
      <trkpt lat="47.581178" lon="11.590718"><ele>771</ele></trkpt>
      <trkpt lat="47.580955" lon="11.590453"><ele>770</ele></trkpt>
      <trkpt lat="47.580858" lon="11.590356"><ele>770</ele></trkpt>
      <trkpt lat="47.580764" lon="11.590277"><ele>770</ele></trkpt>
      <trkpt lat="47.580483" lon="11.590144"><ele>770</ele></trkpt>
      <trkpt lat="47.580381" lon="11.590047"><ele>770</ele></trkpt>
      <trkpt lat="47.580284" lon="11.589907"><ele>770</ele></trkpt>
      <trkpt lat="47.580125" lon="11.589614"><ele>770</ele></trkpt>
      <trkpt lat="47.579983" lon="11.589465"><ele>772</ele></trkpt>
      <trkpt lat="47.579821" lon="11.589310"><ele>776</ele></trkpt>
      <trkpt lat="47.579780" lon="11.589202"><ele>775</ele></trkpt>
      <trkpt lat="47.579741" lon="11.589051"><ele>774</ele></trkpt>
      <trkpt lat="47.579603" lon="11.588674"><ele>774</ele></trkpt>
      <trkpt lat="47.579508" lon="11.588436"><ele>774</ele></trkpt>
      <trkpt lat="47.579462" lon="11.588354"><ele>775</ele></trkpt>
      <trkpt lat="47.579353" lon="11.588261"><ele>780</ele></trkpt>
      <trkpt lat="47.579295" lon="11.588171"><ele>782</ele></trkpt>
      <trkpt lat="47.579212" lon="11.588003"><ele>782</ele></trkpt>
      <trkpt lat="47.578982" lon="11.587681"><ele>786</ele></trkpt>
      <trkpt lat="47.578956" lon="11.587511"><ele>788</ele></trkpt>
      <trkpt lat="47.578920" lon="11.587056"><ele>790</ele></trkpt>
      <trkpt lat="47.578940" lon="11.586630"><ele>790</ele></trkpt>
      <trkpt lat="47.578911" lon="11.586355"><ele>793</ele></trkpt>
      <trkpt lat="47.579045" lon="11.586062"><ele>788</ele></trkpt>
      <trkpt lat="47.579054" lon="11.585959"><ele>787</ele></trkpt>
      <trkpt lat="47.579057" lon="11.585253"><ele>792</ele></trkpt>
      <trkpt lat="47.579067" lon="11.585031"><ele>791</ele></trkpt>
      <trkpt lat="47.579053" lon="11.584880"><ele>790</ele></trkpt>
      <trkpt lat="47.579016" lon="11.584772"><ele>790</ele></trkpt>
      <trkpt lat="47.578943" lon="11.584628"><ele>792</ele></trkpt>
      <trkpt lat="47.578883" lon="11.584474"><ele>794</ele></trkpt>
      <trkpt lat="47.578862" lon="11.584296"><ele>795</ele></trkpt>
      <trkpt lat="47.578881" lon="11.584184"><ele>794</ele></trkpt>
      <trkpt lat="47.578958" lon="11.584142"><ele>794</ele></trkpt>
      <trkpt lat="47.579023" lon="11.584161"><ele>793</ele></trkpt>
      <trkpt lat="47.579203" lon="11.584247"><ele>788</ele></trkpt>
      <trkpt lat="47.579274" lon="11.584226"><ele>788</ele></trkpt>
      <trkpt lat="47.579366" lon="11.584025"><ele>789</ele></trkpt>
      <trkpt lat="47.579460" lon="11.583702"><ele>785</ele></trkpt>
      <trkpt lat="47.579557" lon="11.583521"><ele>784</ele></trkpt>
      <trkpt lat="47.579678" lon="11.583257"><ele>781</ele></trkpt>
      <trkpt lat="47.579918" lon="11.582900"><ele>775</ele></trkpt>
      <trkpt lat="47.580019" lon="11.582717"><ele>774</ele></trkpt>
      <trkpt lat="47.580311" lon="11.581795"><ele>773</ele></trkpt>
      <trkpt lat="47.580473" lon="11.581273"><ele>770</ele></trkpt>
      <trkpt lat="47.580757" lon="11.580794"><ele>767</ele></trkpt>
      <trkpt lat="47.580834" lon="11.580546"><ele>768</ele></trkpt>
      <trkpt lat="47.580849" lon="11.580155"><ele>770</ele></trkpt>
      <trkpt lat="47.580922" lon="11.579751"><ele>772</ele></trkpt>
      <trkpt lat="47.581045" lon="11.578956"><ele>772</ele></trkpt>
      <trkpt lat="47.581132" lon="11.578326"><ele>772</ele></trkpt>
      <trkpt lat="47.581136" lon="11.578146"><ele>772</ele></trkpt>
      <trkpt lat="47.581118" lon="11.578042"><ele>772</ele></trkpt>
      <trkpt lat="47.581053" lon="11.577969"><ele>772</ele></trkpt>
      <trkpt lat="47.581005" lon="11.578000"><ele>772</ele></trkpt>
      <trkpt lat="47.580900" lon="11.578369"><ele>776</ele></trkpt>
      <trkpt lat="47.580837" lon="11.578550"><ele>778</ele></trkpt>
      <trkpt lat="47.580778" lon="11.578688"><ele>780</ele></trkpt>
      <trkpt lat="47.580706" lon="11.578760"><ele>781</ele></trkpt>
      <trkpt lat="47.580607" lon="11.578814"><ele>782</ele></trkpt>
      <trkpt lat="47.580526" lon="11.578825"><ele>783</ele></trkpt>
      <trkpt lat="47.580429" lon="11.578793"><ele>784</ele></trkpt>
      <trkpt lat="47.580333" lon="11.578739"><ele>785</ele></trkpt>
      <trkpt lat="47.580245" lon="11.578638"><ele>786</ele></trkpt>
      <trkpt lat="47.580215" lon="11.578531"><ele>787</ele></trkpt>
      <trkpt lat="47.580209" lon="11.578418"><ele>787</ele></trkpt>
      <trkpt lat="47.580255" lon="11.576860"><ele>798</ele></trkpt>
      <trkpt lat="47.580257" lon="11.576119"><ele>805</ele></trkpt>
      <trkpt lat="47.580237" lon="11.575967"><ele>805</ele></trkpt>
      <trkpt lat="47.580201" lon="11.575853"><ele>806</ele></trkpt>
      <trkpt lat="47.580114" lon="11.575638"><ele>808</ele></trkpt>
      <trkpt lat="47.580037" lon="11.575469"><ele>810</ele></trkpt>
      <trkpt lat="47.579957" lon="11.575340"><ele>811</ele></trkpt>
      <trkpt lat="47.579862" lon="11.575260"><ele>812</ele></trkpt>
      <trkpt lat="47.579773" lon="11.575203"><ele>812</ele></trkpt>
      <trkpt lat="47.579460" lon="11.575150"><ele>814</ele></trkpt>
      <trkpt lat="47.579351" lon="11.575149"><ele>816</ele></trkpt>
      <trkpt lat="47.579287" lon="11.575122"><ele>816</ele></trkpt>
      <trkpt lat="47.579243" lon="11.575027"><ele>817</ele></trkpt>
      <trkpt lat="47.578815" lon="11.573934"><ele>820</ele></trkpt>
      <trkpt lat="47.578757" lon="11.573854"><ele>821</ele></trkpt>
      <trkpt lat="47.578633" lon="11.573832"><ele>824</ele></trkpt>
      <trkpt lat="47.578433" lon="11.573869"><ele>825</ele></trkpt>
      <trkpt lat="47.578177" lon="11.573858"><ele>825</ele></trkpt>
      <trkpt lat="47.578003" lon="11.573821"><ele>825</ele></trkpt>
      <trkpt lat="47.577770" lon="11.573699"><ele>826</ele></trkpt>
      <trkpt lat="47.577450" lon="11.573327"><ele>826</ele></trkpt>
      <trkpt lat="47.577196" lon="11.572934"><ele>828</ele></trkpt>
      <trkpt lat="47.577044" lon="11.572464"><ele>831</ele></trkpt>
      <trkpt lat="47.576976" lon="11.572210"><ele>833</ele></trkpt>
      <trkpt lat="47.576792" lon="11.571800"><ele>836</ele></trkpt>
      <trkpt lat="47.576552" lon="11.571195"><ele>843</ele></trkpt>
      <trkpt lat="47.576481" lon="11.570966"><ele>845</ele></trkpt>
      <trkpt lat="47.576337" lon="11.570258"><ele>848</ele></trkpt>
      <trkpt lat="47.576189" lon="11.569594"><ele>850</ele></trkpt>
      <trkpt lat="47.576060" lon="11.569085"><ele>850</ele></trkpt>
      <trkpt lat="47.575946" lon="11.568725"><ele>851</ele></trkpt>
      <trkpt lat="47.575850" lon="11.568461"><ele>851</ele></trkpt>
      <trkpt lat="47.575596" lon="11.568034"><ele>853</ele></trkpt>
      <trkpt lat="47.575527" lon="11.567897"><ele>853</ele></trkpt>
      <trkpt lat="47.575401" lon="11.567760"><ele>854</ele></trkpt>
      <trkpt lat="47.575274" lon="11.567648"><ele>854</ele></trkpt>
      <trkpt lat="47.575171" lon="11.567572"><ele>854</ele></trkpt>
      <trkpt lat="47.575036" lon="11.567535"><ele>855</ele></trkpt>
      <trkpt lat="47.574694" lon="11.567376"><ele>858</ele></trkpt>
      <trkpt lat="47.574604" lon="11.567277"><ele>859</ele></trkpt>
      <trkpt lat="47.574507" lon="11.567130"><ele>858</ele></trkpt>
      <trkpt lat="47.574427" lon="11.566917"><ele>856</ele></trkpt>
      <trkpt lat="47.574347" lon="11.566608"><ele>854</ele></trkpt>
      <trkpt lat="47.574141" lon="11.565678"><ele>846</ele></trkpt>
      <trkpt lat="47.573825" lon="11.564306"><ele>834</ele></trkpt>
      <trkpt lat="47.573692" lon="11.563806"><ele>830</ele></trkpt>
      <trkpt lat="47.573476" lon="11.563329"><ele>827</ele></trkpt>
      <trkpt lat="47.573353" lon="11.563037"><ele>825</ele></trkpt>
      <trkpt lat="47.573266" lon="11.562670"><ele>824</ele></trkpt>
      <trkpt lat="47.573144" lon="11.562373"><ele>822</ele></trkpt>
      <trkpt lat="47.573055" lon="11.561941"><ele>823</ele></trkpt>
      <trkpt lat="47.573001" lon="11.561581"><ele>822</ele></trkpt>
      <trkpt lat="47.572984" lon="11.561233"><ele>823</ele></trkpt>
      <trkpt lat="47.572965" lon="11.561024"><ele>822</ele></trkpt>
      <trkpt lat="47.572917" lon="11.560765"><ele>822</ele></trkpt>
      <trkpt lat="47.572709" lon="11.560011"><ele>819</ele></trkpt>
      <trkpt lat="47.572454" lon="11.559093"><ele>816</ele></trkpt>
      <trkpt lat="47.572383" lon="11.558835"><ele>815</ele></trkpt>
      <trkpt lat="47.572225" lon="11.558227"><ele>813</ele></trkpt>
      <trkpt lat="47.571957" lon="11.557140"><ele>811</ele></trkpt>
      <trkpt lat="47.571939" lon="11.556734"><ele>810</ele></trkpt>
      <trkpt lat="47.571925" lon="11.556187"><ele>809</ele></trkpt>
      <trkpt lat="47.571634" lon="11.554566"><ele>802</ele></trkpt>
      <trkpt lat="47.571580" lon="11.554102"><ele>798</ele></trkpt>
      <trkpt lat="47.571578" lon="11.553499"><ele>794</ele></trkpt>
      <trkpt lat="47.571638" lon="11.552696"><ele>788</ele></trkpt>
      <trkpt lat="47.571641" lon="11.552481"><ele>786</ele></trkpt>
      <trkpt lat="47.571628" lon="11.552330"><ele>785</ele></trkpt>
      <trkpt lat="47.571607" lon="11.552233"><ele>784</ele></trkpt>
      <trkpt lat="47.571434" lon="11.551932"><ele>782</ele></trkpt>
      <trkpt lat="47.571242" lon="11.551688"><ele>780</ele></trkpt>
      <trkpt lat="47.570889" lon="11.551337"><ele>778</ele></trkpt>
      <trkpt lat="47.570348" lon="11.550875"><ele>776</ele></trkpt>
      <trkpt lat="47.570101" lon="11.550713"><ele>775</ele></trkpt>
      <trkpt lat="47.569861" lon="11.550588"><ele>775</ele></trkpt>
      <trkpt lat="47.569585" lon="11.550563"><ele>775</ele></trkpt>
      <trkpt lat="47.569375" lon="11.550573"><ele>775</ele></trkpt>
      <trkpt lat="47.569033" lon="11.550624"><ele>776</ele></trkpt>
      <trkpt lat="47.568802" lon="11.550670"><ele>776</ele></trkpt>
      <trkpt lat="47.568607" lon="11.550746"><ele>776</ele></trkpt>
      <trkpt lat="47.567904" lon="11.551118"><ele>777</ele></trkpt>
      <trkpt lat="47.567576" lon="11.551290"><ele>777</ele></trkpt>
      <trkpt lat="47.567276" lon="11.551420"><ele>778</ele></trkpt>
      <trkpt lat="47.566927" lon="11.551584"><ele>778</ele></trkpt>
      <trkpt lat="47.566670" lon="11.551691"><ele>778</ele></trkpt>
      <trkpt lat="47.566457" lon="11.551758"><ele>779</ele></trkpt>
      <trkpt lat="47.566249" lon="11.551723"><ele>780</ele></trkpt>
      <trkpt lat="47.565810" lon="11.551488"><ele>783</ele></trkpt>
      <trkpt lat="47.565501" lon="11.551310"><ele>785</ele></trkpt>
      <trkpt lat="47.565250" lon="11.551134"><ele>787</ele></trkpt>
      <trkpt lat="47.565063" lon="11.550984"><ele>789</ele></trkpt>
      <trkpt lat="47.564932" lon="11.550842"><ele>790</ele></trkpt>
      <trkpt lat="47.564760" lon="11.550609"><ele>792</ele></trkpt>
      <trkpt lat="47.564527" lon="11.550258"><ele>795</ele></trkpt>
      <trkpt lat="47.564249" lon="11.549896"><ele>798</ele></trkpt>
      <trkpt lat="47.563925" lon="11.549543"><ele>800</ele></trkpt>
      <trkpt lat="47.563687" lon="11.549338"><ele>802</ele></trkpt>
      <trkpt lat="47.563534" lon="11.549230"><ele>804</ele></trkpt>
      <trkpt lat="47.563425" lon="11.549176"><ele>805</ele></trkpt>
      <trkpt lat="47.563352" lon="11.549171"><ele>806</ele></trkpt>
      <trkpt lat="47.563282" lon="11.549166"><ele>806</ele></trkpt>
      <trkpt lat="47.563017" lon="11.549236"><ele>808</ele></trkpt>
      <trkpt lat="47.562544" lon="11.549434"><ele>806</ele></trkpt>
      <trkpt lat="47.562427" lon="11.549467"><ele>807</ele></trkpt>
      <trkpt lat="47.562288" lon="11.549463"><ele>807</ele></trkpt>
      <trkpt lat="47.562123" lon="11.549338"><ele>802</ele></trkpt>
      <trkpt lat="47.562027" lon="11.549236"><ele>795</ele></trkpt>
      <trkpt lat="47.561802" lon="11.548988"><ele>796</ele></trkpt>
      <trkpt lat="47.561551" lon="11.548610"><ele>809</ele></trkpt>
      <trkpt lat="47.561423" lon="11.548308"><ele>811</ele></trkpt>
      <trkpt lat="47.561307" lon="11.547784"><ele>815</ele></trkpt>
      <trkpt lat="47.561216" lon="11.547486"><ele>816</ele></trkpt>
      <trkpt lat="47.561028" lon="11.547307"><ele>815</ele></trkpt>
      <trkpt lat="47.560652" lon="11.547176"><ele>814</ele></trkpt>
      <trkpt lat="47.560247" lon="11.546919"><ele>814</ele></trkpt>
      <trkpt lat="47.559912" lon="11.546508"><ele>811</ele></trkpt>
      <trkpt lat="47.559536" lon="11.545893"><ele>807</ele></trkpt>
      <trkpt lat="47.559292" lon="11.545629"><ele>804</ele></trkpt>
      <trkpt lat="47.558716" lon="11.545120"><ele>798</ele></trkpt>
      <trkpt lat="47.558274" lon="11.544654"><ele>798</ele></trkpt>
      <trkpt lat="47.558061" lon="11.544367"><ele>798</ele></trkpt>
      <trkpt lat="47.557852" lon="11.544046"><ele>798</ele></trkpt>
      <trkpt lat="47.557597" lon="11.543534"><ele>792</ele></trkpt>
      <trkpt lat="47.557471" lon="11.543159"><ele>789</ele></trkpt>
      <trkpt lat="47.557396" lon="11.542829"><ele>786</ele></trkpt>
      <trkpt lat="47.557393" lon="11.542750"><ele>785</ele></trkpt>
      <trkpt lat="47.557378" lon="11.542109"><ele>781</ele></trkpt>
      <trkpt lat="47.557547" lon="11.541519"><ele>774</ele></trkpt>
      <trkpt lat="47.557687" lon="11.541125"><ele>772</ele></trkpt>
      <trkpt lat="47.557821" lon="11.540809"><ele>780</ele></trkpt>
      <trkpt lat="47.558087" lon="11.540336"><ele>781</ele></trkpt>
      <trkpt lat="47.558309" lon="11.540137"><ele>782</ele></trkpt>
      <trkpt lat="47.558583" lon="11.539969"><ele>781</ele></trkpt>
      <trkpt lat="47.559116" lon="11.539797"><ele>779</ele></trkpt>
      <trkpt lat="47.559347" lon="11.539734"><ele>778</ele></trkpt>
      <trkpt lat="47.559226" lon="11.539657"><ele>778</ele></trkpt>
      <trkpt lat="47.559067" lon="11.539634"><ele>780</ele></trkpt>
      <trkpt lat="47.558982" lon="11.539632"><ele>780</ele></trkpt>
      <trkpt lat="47.558895" lon="11.539634"><ele>781</ele></trkpt>
      <trkpt lat="47.558680" lon="11.539610"><ele>785</ele></trkpt>
      <trkpt lat="47.558504" lon="11.539577"><ele>789</ele></trkpt>
      <trkpt lat="47.558375" lon="11.539573"><ele>792</ele></trkpt>
      <trkpt lat="47.558309" lon="11.539553"><ele>793</ele></trkpt>
      <trkpt lat="47.558210" lon="11.539490"><ele>793</ele></trkpt>
      <trkpt lat="47.558124" lon="11.539362"><ele>795</ele></trkpt>
      <trkpt lat="47.558067" lon="11.539161"><ele>798</ele></trkpt>
      <trkpt lat="47.558035" lon="11.539023"><ele>801</ele></trkpt>
      <trkpt lat="47.558028" lon="11.538742"><ele>806</ele></trkpt>
      <trkpt lat="47.558010" lon="11.538540"><ele>809</ele></trkpt>
      <trkpt lat="47.557976" lon="11.538359"><ele>812</ele></trkpt>
      <trkpt lat="47.557886" lon="11.537970"><ele>815</ele></trkpt>
      <trkpt lat="47.557782" lon="11.537621"><ele>815</ele></trkpt>
      <trkpt lat="47.558256" lon="11.538113"><ele>822</ele></trkpt>
      <trkpt lat="47.558368" lon="11.538184"><ele>824</ele></trkpt>
      <trkpt lat="47.558475" lon="11.538075"><ele>823</ele></trkpt>
      <trkpt lat="47.558454" lon="11.537966"><ele>826</ele></trkpt>
      <trkpt lat="47.558363" lon="11.537747"><ele>833</ele></trkpt>
      <trkpt lat="47.558340" lon="11.537469"><ele>838</ele></trkpt>
      <trkpt lat="47.558368" lon="11.536907"><ele>838</ele></trkpt>
      <trkpt lat="47.558445" lon="11.536282"><ele>841</ele></trkpt>
      <trkpt lat="47.558525" lon="11.535703"><ele>845</ele></trkpt>
      <trkpt lat="47.558628" lon="11.535482"><ele>847</ele></trkpt>
      <trkpt lat="47.558717" lon="11.535380"><ele>849</ele></trkpt>
      <trkpt lat="47.558860" lon="11.535362"><ele>852</ele></trkpt>
      <trkpt lat="47.558955" lon="11.535305"><ele>854</ele></trkpt>
      <trkpt lat="47.559292" lon="11.534806"><ele>860</ele></trkpt>
      <trkpt lat="47.559441" lon="11.534687"><ele>860</ele></trkpt>
      <trkpt lat="47.559554" lon="11.534647"><ele>861</ele></trkpt>
      <trkpt lat="47.559694" lon="11.534625"><ele>861</ele></trkpt>
      <trkpt lat="47.559795" lon="11.534665"><ele>861</ele></trkpt>
      <trkpt lat="47.559932" lon="11.534824"><ele>860</ele></trkpt>
      <trkpt lat="47.560013" lon="11.534984"><ele>855</ele></trkpt>
      <trkpt lat="47.559932" lon="11.534824"><ele>860</ele></trkpt>
      <trkpt lat="47.559795" lon="11.534665"><ele>861</ele></trkpt>
      <trkpt lat="47.559694" lon="11.534625"><ele>861</ele></trkpt>
      <trkpt lat="47.559554" lon="11.534647"><ele>861</ele></trkpt>
      <trkpt lat="47.559441" lon="11.534687"><ele>860</ele></trkpt>
      <trkpt lat="47.559292" lon="11.534806"><ele>860</ele></trkpt>
      <trkpt lat="47.558955" lon="11.535305"><ele>854</ele></trkpt>
      <trkpt lat="47.558860" lon="11.535362"><ele>852</ele></trkpt>
      <trkpt lat="47.558717" lon="11.535380"><ele>849</ele></trkpt>
      <trkpt lat="47.558628" lon="11.535482"><ele>847</ele></trkpt>
      <trkpt lat="47.558525" lon="11.535703"><ele>845</ele></trkpt>
      <trkpt lat="47.558445" lon="11.536282"><ele>841</ele></trkpt>
      <trkpt lat="47.558368" lon="11.536907"><ele>838</ele></trkpt>
      <trkpt lat="47.558340" lon="11.537469"><ele>838</ele></trkpt>
      <trkpt lat="47.558363" lon="11.537747"><ele>833</ele></trkpt>
      <trkpt lat="47.558454" lon="11.537966"><ele>826</ele></trkpt>
      <trkpt lat="47.558475" lon="11.538075"><ele>823</ele></trkpt>
      <trkpt lat="47.558368" lon="11.538184"><ele>824</ele></trkpt>
      <trkpt lat="47.558256" lon="11.538113"><ele>822</ele></trkpt>
      <trkpt lat="47.557782" lon="11.537621"><ele>815</ele></trkpt>
      <trkpt lat="47.557886" lon="11.537970"><ele>815</ele></trkpt>
      <trkpt lat="47.557976" lon="11.538359"><ele>812</ele></trkpt>
      <trkpt lat="47.558010" lon="11.538540"><ele>809</ele></trkpt>
      <trkpt lat="47.558028" lon="11.538742"><ele>806</ele></trkpt>
      <trkpt lat="47.558035" lon="11.539023"><ele>801</ele></trkpt>
      <trkpt lat="47.558067" lon="11.539161"><ele>798</ele></trkpt>
      <trkpt lat="47.558124" lon="11.539362"><ele>795</ele></trkpt>
      <trkpt lat="47.558210" lon="11.539490"><ele>793</ele></trkpt>
      <trkpt lat="47.558309" lon="11.539553"><ele>793</ele></trkpt>
      <trkpt lat="47.558375" lon="11.539573"><ele>792</ele></trkpt>
      <trkpt lat="47.558504" lon="11.539577"><ele>789</ele></trkpt>
      <trkpt lat="47.558680" lon="11.539610"><ele>785</ele></trkpt>
      <trkpt lat="47.558895" lon="11.539634"><ele>781</ele></trkpt>
      <trkpt lat="47.558982" lon="11.539632"><ele>780</ele></trkpt>
      <trkpt lat="47.559067" lon="11.539634"><ele>780</ele></trkpt>
      <trkpt lat="47.559226" lon="11.539657"><ele>778</ele></trkpt>
      <trkpt lat="47.559347" lon="11.539734"><ele>778</ele></trkpt>
      <trkpt lat="47.559681" lon="11.539666"><ele>777</ele></trkpt>
      <trkpt lat="47.560078" lon="11.539533"><ele>776</ele></trkpt>
      <trkpt lat="47.560440" lon="11.539291"><ele>775</ele></trkpt>
      <trkpt lat="47.560667" lon="11.539071"><ele>774</ele></trkpt>
      <trkpt lat="47.560779" lon="11.538923"><ele>774</ele></trkpt>
      <trkpt lat="47.561176" lon="11.538164"><ele>772</ele></trkpt>
      <trkpt lat="47.561448" lon="11.537688"><ele>770</ele></trkpt>
      <trkpt lat="47.561648" lon="11.537376"><ele>769</ele></trkpt>
      <trkpt lat="47.561856" lon="11.537171"><ele>769</ele></trkpt>
      <trkpt lat="47.562145" lon="11.536968"><ele>768</ele></trkpt>
      <trkpt lat="47.562362" lon="11.536850"><ele>769</ele></trkpt>
      <trkpt lat="47.562814" lon="11.536644"><ele>767</ele></trkpt>
      <trkpt lat="47.563174" lon="11.536504"><ele>767</ele></trkpt>
      <trkpt lat="47.563835" lon="11.536380"><ele>766</ele></trkpt>
      <trkpt lat="47.564962" lon="11.536254"><ele>766</ele></trkpt>
      <trkpt lat="47.565289" lon="11.536240"><ele>768</ele></trkpt>
      <trkpt lat="47.565823" lon="11.536253"><ele>768</ele></trkpt>
      <trkpt lat="47.566438" lon="11.536271"><ele>766</ele></trkpt>
      <trkpt lat="47.566750" lon="11.536257"><ele>768</ele></trkpt>
      <trkpt lat="47.567254" lon="11.536149"><ele>767</ele></trkpt>
      <trkpt lat="47.567556" lon="11.535970"><ele>768</ele></trkpt>
      <trkpt lat="47.567771" lon="11.535717"><ele>767</ele></trkpt>
      <trkpt lat="47.567926" lon="11.535513"><ele>767</ele></trkpt>
      <trkpt lat="47.568086" lon="11.535277"><ele>768</ele></trkpt>
      <trkpt lat="47.568198" lon="11.535075"><ele>768</ele></trkpt>
      <trkpt lat="47.568515" lon="11.534579"><ele>770</ele></trkpt>
      <trkpt lat="47.568791" lon="11.534259"><ele>771</ele></trkpt>
      <trkpt lat="47.569045" lon="11.534022"><ele>772</ele></trkpt>
      <trkpt lat="47.569190" lon="11.533913"><ele>773</ele></trkpt>
      <trkpt lat="47.569284" lon="11.533857"><ele>773</ele></trkpt>
      <trkpt lat="47.569493" lon="11.533735"><ele>773</ele></trkpt>
      <trkpt lat="47.569698" lon="11.533660"><ele>773</ele></trkpt>
      <trkpt lat="47.569508" lon="11.533082"><ele>773</ele></trkpt>
      <trkpt lat="47.569347" lon="11.532626"><ele>773</ele></trkpt>
      <trkpt lat="47.569248" lon="11.532302"><ele>773</ele></trkpt>
      <trkpt lat="47.569246" lon="11.532166"><ele>772</ele></trkpt>
      <trkpt lat="47.569289" lon="11.532000"><ele>772</ele></trkpt>
      <trkpt lat="47.569327" lon="11.531950"><ele>772</ele></trkpt>
      <trkpt lat="47.569545" lon="11.531653"><ele>772</ele></trkpt>
      <trkpt lat="47.569717" lon="11.531426"><ele>772</ele></trkpt>
      <trkpt lat="47.569792" lon="11.531320"><ele>772</ele></trkpt>
      <trkpt lat="47.569927" lon="11.531159"><ele>771</ele></trkpt>
      <trkpt lat="47.570166" lon="11.530876"><ele>770</ele></trkpt>
      <trkpt lat="47.570224" lon="11.530650"><ele>770</ele></trkpt>
      <trkpt lat="47.570233" lon="11.530587"><ele>770</ele></trkpt>
      <trkpt lat="47.570230" lon="11.530473"><ele>770</ele></trkpt>
      <trkpt lat="47.570219" lon="11.530416"><ele>770</ele></trkpt>
      <trkpt lat="47.570197" lon="11.530352"><ele>770</ele></trkpt>
      <trkpt lat="47.570127" lon="11.530203"><ele>770</ele></trkpt>
      <trkpt lat="47.569727" lon="11.529966"><ele>770</ele></trkpt>
      <trkpt lat="47.569524" lon="11.529835"><ele>770</ele></trkpt>
      <trkpt lat="47.569197" lon="11.529560"><ele>770</ele></trkpt>
      <trkpt lat="47.569106" lon="11.529473"><ele>770</ele></trkpt>
      <trkpt lat="47.569006" lon="11.529352"><ele>770</ele></trkpt>
      <trkpt lat="47.568841" lon="11.529126"><ele>770</ele></trkpt>
      <trkpt lat="47.568749" lon="11.528974"><ele>769</ele></trkpt>
      <trkpt lat="47.568605" lon="11.528698"><ele>769</ele></trkpt>
      <trkpt lat="47.568547" lon="11.528563"><ele>768</ele></trkpt>
      <trkpt lat="47.568488" lon="11.528407"><ele>768</ele></trkpt>
      <trkpt lat="47.568433" lon="11.528188"><ele>768</ele></trkpt>
      <trkpt lat="47.568384" lon="11.527958"><ele>768</ele></trkpt>
      <trkpt lat="47.568316" lon="11.527481"><ele>768</ele></trkpt>
      <trkpt lat="47.568262" lon="11.526992"><ele>767</ele></trkpt>
      <trkpt lat="47.568223" lon="11.526664"><ele>766</ele></trkpt>
      <trkpt lat="47.568164" lon="11.526400"><ele>766</ele></trkpt>
      <trkpt lat="47.568086" lon="11.526076"><ele>767</ele></trkpt>
      <trkpt lat="47.568008" lon="11.525823"><ele>768</ele></trkpt>
      <trkpt lat="47.567919" lon="11.525577"><ele>766</ele></trkpt>
      <trkpt lat="47.567821" lon="11.525342"><ele>767</ele></trkpt>
      <trkpt lat="47.567724" lon="11.525134"><ele>768</ele></trkpt>
      <trkpt lat="47.567597" lon="11.524897"><ele>767</ele></trkpt>
      <trkpt lat="47.567424" lon="11.524622"><ele>768</ele></trkpt>
      <trkpt lat="47.567288" lon="11.524422"><ele>768</ele></trkpt>
      <trkpt lat="47.567139" lon="11.524222"><ele>769</ele></trkpt>
      <trkpt lat="47.566357" lon="11.523291"><ele>770</ele></trkpt>
      <trkpt lat="47.566101" lon="11.522961"><ele>770</ele></trkpt>
      <trkpt lat="47.565946" lon="11.522739"><ele>769</ele></trkpt>
      <trkpt lat="47.565765" lon="11.522457"><ele>770</ele></trkpt>
      <trkpt lat="47.565647" lon="11.522242"><ele>770</ele></trkpt>
      <trkpt lat="47.565480" lon="11.521929"><ele>770</ele></trkpt>
      <trkpt lat="47.565318" lon="11.521585"><ele>770</ele></trkpt>
      <trkpt lat="47.565145" lon="11.521148"><ele>770</ele></trkpt>
      <trkpt lat="47.565032" lon="11.520882"><ele>770</ele></trkpt>
      <trkpt lat="47.564927" lon="11.520602"><ele>771</ele></trkpt>
      <trkpt lat="47.564688" lon="11.520041"><ele>772</ele></trkpt>
      <trkpt lat="47.564592" lon="11.519847"><ele>772</ele></trkpt>
      <trkpt lat="47.564356" lon="11.519438"><ele>772</ele></trkpt>
      <trkpt lat="47.564181" lon="11.519171"><ele>773</ele></trkpt>
      <trkpt lat="47.564022" lon="11.518944"><ele>773</ele></trkpt>
      <trkpt lat="47.563862" lon="11.518736"><ele>774</ele></trkpt>
      <trkpt lat="47.563681" lon="11.518519"><ele>774</ele></trkpt>
      <trkpt lat="47.562647" lon="11.517370"><ele>776</ele></trkpt>
      <trkpt lat="47.562345" lon="11.516950"><ele>778</ele></trkpt>
      <trkpt lat="47.562117" lon="11.516592"><ele>780</ele></trkpt>
      <trkpt lat="47.561983" lon="11.516329"><ele>781</ele></trkpt>
      <trkpt lat="47.561916" lon="11.516197"><ele>782</ele></trkpt>
      <trkpt lat="47.561726" lon="11.515741"><ele>785</ele></trkpt>
      <trkpt lat="47.561639" lon="11.515413"><ele>785</ele></trkpt>
      <trkpt lat="47.561568" lon="11.515002"><ele>790</ele></trkpt>
      <trkpt lat="47.561535" lon="11.514722"><ele>792</ele></trkpt>
      <trkpt lat="47.561508" lon="11.514378"><ele>790</ele></trkpt>
      <trkpt lat="47.561390" lon="11.513298"><ele>784</ele></trkpt>
      <trkpt lat="47.561326" lon="11.512814"><ele>784</ele></trkpt>
      <trkpt lat="47.561161" lon="11.511868"><ele>784</ele></trkpt>
      <trkpt lat="47.561024" lon="11.511177"><ele>787</ele></trkpt>
      <trkpt lat="47.560894" lon="11.510520"><ele>786</ele></trkpt>
      <trkpt lat="47.560514" lon="11.508920"><ele>788</ele></trkpt>
      <trkpt lat="47.560454" lon="11.508594"><ele>789</ele></trkpt>
      <trkpt lat="47.560397" lon="11.508238"><ele>789</ele></trkpt>
      <trkpt lat="47.560330" lon="11.507744"><ele>787</ele></trkpt>
      <trkpt lat="47.560261" lon="11.506749"><ele>784</ele></trkpt>
      <trkpt lat="47.560239" lon="11.505692"><ele>782</ele></trkpt>
      <trkpt lat="47.560234" lon="11.505060"><ele>780</ele></trkpt>
      <trkpt lat="47.560241" lon="11.504720"><ele>778</ele></trkpt>
      <trkpt lat="47.560256" lon="11.504444"><ele>775</ele></trkpt>
      <trkpt lat="47.560281" lon="11.504195"><ele>773</ele></trkpt>
      <trkpt lat="47.560319" lon="11.503930"><ele>771</ele></trkpt>
      <trkpt lat="47.560406" lon="11.503379"><ele>770</ele></trkpt>
      <trkpt lat="47.560434" lon="11.503131"><ele>771</ele></trkpt>
      <trkpt lat="47.560449" lon="11.502895"><ele>771</ele></trkpt>
      <trkpt lat="47.560453" lon="11.502622"><ele>771</ele></trkpt>
      <trkpt lat="47.560449" lon="11.502368"><ele>770</ele></trkpt>
      <trkpt lat="47.560437" lon="11.502102"><ele>768</ele></trkpt>
      <trkpt lat="47.560418" lon="11.501870"><ele>766</ele></trkpt>
      <trkpt lat="47.560396" lon="11.501610"><ele>764</ele></trkpt>
      <trkpt lat="47.560344" lon="11.501232"><ele>765</ele></trkpt>
      <trkpt lat="47.560259" lon="11.500814"><ele>768</ele></trkpt>
      <trkpt lat="47.560148" lon="11.500348"><ele>767</ele></trkpt>
      <trkpt lat="47.560018" lon="11.499942"><ele>766</ele></trkpt>
      <trkpt lat="47.559687" lon="11.499094"><ele>766</ele></trkpt>
      <trkpt lat="47.559445" lon="11.498298"><ele>766</ele></trkpt>
      <trkpt lat="47.559317" lon="11.497730"><ele>767</ele></trkpt>
      <trkpt lat="47.559241" lon="11.497294"><ele>766</ele></trkpt>
      <trkpt lat="47.559167" lon="11.496665"><ele>766</ele></trkpt>
      <trkpt lat="47.559098" lon="11.495874"><ele>766</ele></trkpt>
      <trkpt lat="47.559025" lon="11.494759"><ele>764</ele></trkpt>
      <trkpt lat="47.558892" lon="11.493114"><ele>769</ele></trkpt>
      <trkpt lat="47.558773" lon="11.491544"><ele>773</ele></trkpt>
      <trkpt lat="47.558757" lon="11.491436"><ele>774</ele></trkpt>
      <trkpt lat="47.558699" lon="11.491043"><ele>773</ele></trkpt>
      <trkpt lat="47.558504" lon="11.489950"><ele>776</ele></trkpt>
      <trkpt lat="47.558440" lon="11.489493"><ele>778</ele></trkpt>
      <trkpt lat="47.558421" lon="11.488991"><ele>777</ele></trkpt>
      <trkpt lat="47.558454" lon="11.488494"><ele>778</ele></trkpt>
      <trkpt lat="47.558503" lon="11.488093"><ele>779</ele></trkpt>
      <trkpt lat="47.558630" lon="11.487352"><ele>782</ele></trkpt>
      <trkpt lat="47.558668" lon="11.487093"><ele>781</ele></trkpt>
      <trkpt lat="47.558686" lon="11.486844"><ele>782</ele></trkpt>
      <trkpt lat="47.558695" lon="11.486578"><ele>782</ele></trkpt>
      <trkpt lat="47.558682" lon="11.486255"><ele>780</ele></trkpt>
      <trkpt lat="47.558655" lon="11.485916"><ele>780</ele></trkpt>
      <trkpt lat="47.558560" lon="11.485302"><ele>780</ele></trkpt>
      <trkpt lat="47.558465" lon="11.484628"><ele>779</ele></trkpt>
      <trkpt lat="47.558410" lon="11.484097"><ele>779</ele></trkpt>
      <trkpt lat="47.558383" lon="11.483544"><ele>777</ele></trkpt>
      <trkpt lat="47.558395" lon="11.482941"><ele>776</ele></trkpt>
      <trkpt lat="47.558420" lon="11.482442"><ele>774</ele></trkpt>
      <trkpt lat="47.558580" lon="11.480200"><ele>777</ele></trkpt>
      <trkpt lat="47.558600" lon="11.479722"><ele>777</ele></trkpt>
      <trkpt lat="47.558602" lon="11.479117"><ele>778</ele></trkpt>
      <trkpt lat="47.558570" lon="11.478364"><ele>779</ele></trkpt>
      <trkpt lat="47.558484" lon="11.476957"><ele>780</ele></trkpt>
      <trkpt lat="47.558472" lon="11.476337"><ele>784</ele></trkpt>
      <trkpt lat="47.558486" lon="11.475884"><ele>784</ele></trkpt>
      <trkpt lat="47.558514" lon="11.475492"><ele>784</ele></trkpt>
      <trkpt lat="47.558571" lon="11.475000"><ele>785</ele></trkpt>
      <trkpt lat="47.558651" lon="11.474508"><ele>786</ele></trkpt>
      <trkpt lat="47.559033" lon="11.472588"><ele>786</ele></trkpt>
      <trkpt lat="47.559128" lon="11.472034"><ele>788</ele></trkpt>
      <trkpt lat="47.559214" lon="11.471284"><ele>786</ele></trkpt>
      <trkpt lat="47.559216" lon="11.470923"><ele>786</ele></trkpt>
      <trkpt lat="47.559190" lon="11.470450"><ele>787</ele></trkpt>
      <trkpt lat="47.559145" lon="11.470125"><ele>788</ele></trkpt>
      <trkpt lat="47.559073" lon="11.469783"><ele>788</ele></trkpt>
      <trkpt lat="47.558958" lon="11.469375"><ele>786</ele></trkpt>
      <trkpt lat="47.558801" lon="11.468951"><ele>788</ele></trkpt>
      <trkpt lat="47.558579" lon="11.468326"><ele>789</ele></trkpt>
      <trkpt lat="47.558471" lon="11.467899"><ele>786</ele></trkpt>
      <trkpt lat="47.558387" lon="11.467396"><ele>788</ele></trkpt>
      <trkpt lat="47.558350" lon="11.466965"><ele>789</ele></trkpt>
      <trkpt lat="47.558342" lon="11.466747"><ele>790</ele></trkpt>
      <trkpt lat="47.558341" lon="11.466579"><ele>790</ele></trkpt>
      <trkpt lat="47.558349" lon="11.466322"><ele>790</ele></trkpt>
      <trkpt lat="47.558382" lon="11.465955"><ele>790</ele></trkpt>
      <trkpt lat="47.558426" lon="11.465664"><ele>789</ele></trkpt>
      <trkpt lat="47.558484" lon="11.465371"><ele>789</ele></trkpt>
      <trkpt lat="47.558537" lon="11.465159"><ele>790</ele></trkpt>
      <trkpt lat="47.558609" lon="11.464916"><ele>791</ele></trkpt>
      <trkpt lat="47.558749" lon="11.464514"><ele>790</ele></trkpt>
      <trkpt lat="47.558880" lon="11.464113"><ele>792</ele></trkpt>
      <trkpt lat="47.558971" lon="11.463767"><ele>791</ele></trkpt>
      <trkpt lat="47.559021" lon="11.463506"><ele>792</ele></trkpt>
      <trkpt lat="47.559059" lon="11.463238"><ele>792</ele></trkpt>
      <trkpt lat="47.559086" lon="11.462924"><ele>791</ele></trkpt>
      <trkpt lat="47.559099" lon="11.462440"><ele>790</ele></trkpt>
      <trkpt lat="47.559092" lon="11.462161"><ele>791</ele></trkpt>
      <trkpt lat="47.559069" lon="11.461663"><ele>792</ele></trkpt>
      <trkpt lat="47.559064" lon="11.461333"><ele>791</ele></trkpt>
      <trkpt lat="47.559070" lon="11.461011"><ele>792</ele></trkpt>
      <trkpt lat="47.559098" lon="11.460583"><ele>793</ele></trkpt>
      <trkpt lat="47.559161" lon="11.460110"><ele>794</ele></trkpt>
      <trkpt lat="47.559247" lon="11.459604"><ele>792</ele></trkpt>
      <trkpt lat="47.559357" lon="11.458825"><ele>793</ele></trkpt>
      <trkpt lat="47.559381" lon="11.458196"><ele>795</ele></trkpt>
      <trkpt lat="47.559354" lon="11.457761"><ele>795</ele></trkpt>
      <trkpt lat="47.559299" lon="11.457353"><ele>795</ele></trkpt>
      <trkpt lat="47.559181" lon="11.456827"><ele>795</ele></trkpt>
      <trkpt lat="47.559068" lon="11.456457"><ele>796</ele></trkpt>
      <trkpt lat="47.558956" lon="11.456173"><ele>795</ele></trkpt>
      <trkpt lat="47.558783" lon="11.455819"><ele>796</ele></trkpt>
      <trkpt lat="47.558569" lon="11.455468"><ele>796</ele></trkpt>
      <trkpt lat="47.558371" lon="11.455195"><ele>796</ele></trkpt>
      <trkpt lat="47.558190" lon="11.454999"><ele>796</ele></trkpt>
      <trkpt lat="47.557898" lon="11.454691"><ele>797</ele></trkpt>
      <trkpt lat="47.557732" lon="11.454508"><ele>798</ele></trkpt>
      <trkpt lat="47.557508" lon="11.454211"><ele>800</ele></trkpt>
      <trkpt lat="47.557326" lon="11.453935"><ele>802</ele></trkpt>
      <trkpt lat="47.557185" lon="11.453650"><ele>803</ele></trkpt>
      <trkpt lat="47.557053" lon="11.453344"><ele>806</ele></trkpt>
      <trkpt lat="47.556954" lon="11.453022"><ele>804</ele></trkpt>
      <trkpt lat="47.556847" lon="11.452585"><ele>807</ele></trkpt>
      <trkpt lat="47.556739" lon="11.451892"><ele>808</ele></trkpt>
      <trkpt lat="47.556687" lon="11.451423"><ele>808</ele></trkpt>
      <trkpt lat="47.556635" lon="11.450537"><ele>809</ele></trkpt>
      <trkpt lat="47.556544" lon="11.449221"><ele>810</ele></trkpt>
      <trkpt lat="47.556530" lon="11.448613"><ele>809</ele></trkpt>
      <trkpt lat="47.556538" lon="11.448144"><ele>809</ele></trkpt>
      <trkpt lat="47.556553" lon="11.447763"><ele>809</ele></trkpt>
      <trkpt lat="47.556733" lon="11.446166"><ele>810</ele></trkpt>
      <trkpt lat="47.556817" lon="11.445648"><ele>810</ele></trkpt>
      <trkpt lat="47.556866" lon="11.445400"><ele>810</ele></trkpt>
      <trkpt lat="47.556915" lon="11.445230"><ele>809</ele></trkpt>
      <trkpt lat="47.557003" lon="11.444989"><ele>807</ele></trkpt>
      <trkpt lat="47.557158" lon="11.444633"><ele>806</ele></trkpt>
      <trkpt lat="47.557553" lon="11.443774"><ele>802</ele></trkpt>
      <trkpt lat="47.557615" lon="11.443605"><ele>802</ele></trkpt>
      <trkpt lat="47.557664" lon="11.443328"><ele>802</ele></trkpt>
      <trkpt lat="47.557675" lon="11.443104"><ele>801</ele></trkpt>
      <trkpt lat="47.557744" lon="11.442060"><ele>795</ele></trkpt>
      <trkpt lat="47.557760" lon="11.441880"><ele>794</ele></trkpt>
      <trkpt lat="47.557793" lon="11.441689"><ele>792</ele></trkpt>
      <trkpt lat="47.557909" lon="11.441309"><ele>790</ele></trkpt>
      <trkpt lat="47.558161" lon="11.440660"><ele>788</ele></trkpt>
      <trkpt lat="47.558557" lon="11.439682"><ele>785</ele></trkpt>
      <trkpt lat="47.558963" lon="11.438133"><ele>781</ele></trkpt>
      <trkpt lat="47.559022" lon="11.437889"><ele>781</ele></trkpt>
      <trkpt lat="47.559226" lon="11.437074"><ele>782</ele></trkpt>
      <trkpt lat="47.559277" lon="11.436788"><ele>782</ele></trkpt>
      <trkpt lat="47.559291" lon="11.436531"><ele>782</ele></trkpt>
      <trkpt lat="47.559422" lon="11.436472"><ele>782</ele></trkpt>
      <trkpt lat="47.559577" lon="11.436338"><ele>784</ele></trkpt>
      <trkpt lat="47.559800" lon="11.436122"><ele>785</ele></trkpt>
      <trkpt lat="47.559900" lon="11.436006"><ele>786</ele></trkpt>
      <trkpt lat="47.559929" lon="11.435937"><ele>786</ele></trkpt>
      <trkpt lat="47.559932" lon="11.435894"><ele>787</ele></trkpt>
      <trkpt lat="47.559924" lon="11.435852"><ele>787</ele></trkpt>
      <trkpt lat="47.559654" lon="11.435214"><ele>785</ele></trkpt>
      <trkpt lat="47.559607" lon="11.435113"><ele>784</ele></trkpt>
      <trkpt lat="47.559599" lon="11.435095"><ele>784</ele></trkpt>
      <trkpt lat="47.559596" lon="11.435088"><ele>784</ele></trkpt>
      <trkpt lat="47.559547" lon="11.434984"><ele>784</ele></trkpt>
      <trkpt lat="47.559501" lon="11.434896"><ele>785</ele></trkpt>
      <trkpt lat="47.559299" lon="11.434508"><ele>788</ele></trkpt>
      <trkpt lat="47.559051" lon="11.434070"><ele>787</ele></trkpt>
      <trkpt lat="47.558857" lon="11.433692"><ele>786</ele></trkpt>
      <trkpt lat="47.558770" lon="11.433495"><ele>787</ele></trkpt>
      <trkpt lat="47.558678" lon="11.433311"><ele>786</ele></trkpt>
      <trkpt lat="47.558500" lon="11.432891"><ele>787</ele></trkpt>
      <trkpt lat="47.558462" lon="11.432727"><ele>788</ele></trkpt>
      <trkpt lat="47.558411" lon="11.432566"><ele>786</ele></trkpt>
      <trkpt lat="47.558377" lon="11.432396"><ele>786</ele></trkpt>
      <trkpt lat="47.558255" lon="11.432087"><ele>787</ele></trkpt>
      <trkpt lat="47.558002" lon="11.431349"><ele>786</ele></trkpt>
      <trkpt lat="47.557885" lon="11.431122"><ele>788</ele></trkpt>
      <trkpt lat="47.557486" lon="11.430488"><ele>787</ele></trkpt>
      <trkpt lat="47.557129" lon="11.429832"><ele>789</ele></trkpt>
      <trkpt lat="47.557013" lon="11.429654"><ele>789</ele></trkpt>
      <trkpt lat="47.556546" lon="11.429041"><ele>788</ele></trkpt>
      <trkpt lat="47.556262" lon="11.428748"><ele>789</ele></trkpt>
      <trkpt lat="47.556069" lon="11.428605"><ele>787</ele></trkpt>
      <trkpt lat="47.555173" lon="11.428256"><ele>787</ele></trkpt>
      <trkpt lat="47.554953" lon="11.428127"><ele>787</ele></trkpt>
      <trkpt lat="47.554671" lon="11.427884"><ele>788</ele></trkpt>
      <trkpt lat="47.554440" lon="11.427649"><ele>787</ele></trkpt>
      <trkpt lat="47.554195" lon="11.427353"><ele>787</ele></trkpt>
      <trkpt lat="47.553959" lon="11.427027"><ele>788</ele></trkpt>
      <trkpt lat="47.553783" lon="11.426735"><ele>787</ele></trkpt>
      <trkpt lat="47.553624" lon="11.426384"><ele>788</ele></trkpt>
      <trkpt lat="47.553548" lon="11.426076"><ele>787</ele></trkpt>
      <trkpt lat="47.553521" lon="11.425833"><ele>788</ele></trkpt>
      <trkpt lat="47.553521" lon="11.425518"><ele>788</ele></trkpt>
      <trkpt lat="47.553571" lon="11.425199"><ele>790</ele></trkpt>
      <trkpt lat="47.553610" lon="11.425010"><ele>789</ele></trkpt>
      <trkpt lat="47.553659" lon="11.424819"><ele>790</ele></trkpt>
      <trkpt lat="47.553688" lon="11.424657"><ele>791</ele></trkpt>
      <trkpt lat="47.553751" lon="11.424359"><ele>793</ele></trkpt>
      <trkpt lat="47.553775" lon="11.424074"><ele>793</ele></trkpt>
      <trkpt lat="47.553760" lon="11.423625"><ele>795</ele></trkpt>
      <trkpt lat="47.553735" lon="11.423340"><ele>794</ele></trkpt>
      <trkpt lat="47.553732" lon="11.423183"><ele>793</ele></trkpt>
      <trkpt lat="47.553725" lon="11.422758"><ele>794</ele></trkpt>
      <trkpt lat="47.553697" lon="11.422321"><ele>794</ele></trkpt>
      <trkpt lat="47.553607" lon="11.421196"><ele>792</ele></trkpt>
      <trkpt lat="47.553603" lon="11.420976"><ele>792</ele></trkpt>
      <trkpt lat="47.553650" lon="11.420337"><ele>792</ele></trkpt>
      <trkpt lat="47.553650" lon="11.420000"><ele>792</ele></trkpt>
      <trkpt lat="47.553595" lon="11.419362"><ele>792</ele></trkpt>
      <trkpt lat="47.553612" lon="11.418750"><ele>792</ele></trkpt>
      <trkpt lat="47.553611" lon="11.418560"><ele>793</ele></trkpt>
      <trkpt lat="47.553548" lon="11.418159"><ele>791</ele></trkpt>
      <trkpt lat="47.553535" lon="11.417899"><ele>791</ele></trkpt>
      <trkpt lat="47.553501" lon="11.417240"><ele>790</ele></trkpt>
      <trkpt lat="47.553484" lon="11.416333"><ele>790</ele></trkpt>
      <trkpt lat="47.553508" lon="11.415638"><ele>790</ele></trkpt>
      <trkpt lat="47.553511" lon="11.415311"><ele>791</ele></trkpt>
      <trkpt lat="47.553485" lon="11.415050"><ele>791</ele></trkpt>
      <trkpt lat="47.553360" lon="11.414447"><ele>791</ele></trkpt>
      <trkpt lat="47.553323" lon="11.414167"><ele>791</ele></trkpt>
      <trkpt lat="47.553307" lon="11.413960"><ele>791</ele></trkpt>
      <trkpt lat="47.553263" lon="11.413222"><ele>791</ele></trkpt>
      <trkpt lat="47.553350" lon="11.413207"><ele>791</ele></trkpt>
      <trkpt lat="47.553402" lon="11.413176"><ele>792</ele></trkpt>
      <trkpt lat="47.553450" lon="11.413114"><ele>792</ele></trkpt>
      <trkpt lat="47.553553" lon="11.413064"><ele>792</ele></trkpt>
      <trkpt lat="47.553576" lon="11.413040"><ele>793</ele></trkpt>
      <trkpt lat="47.553590" lon="11.412989"><ele>793</ele></trkpt>
      <trkpt lat="47.553625" lon="11.412975"><ele>794</ele></trkpt>
      <trkpt lat="47.553666" lon="11.412997"><ele>794</ele></trkpt>
      <trkpt lat="47.553858" lon="11.413102"><ele>796</ele></trkpt>
      <trkpt lat="47.553886" lon="11.413092"><ele>796</ele></trkpt>
      <trkpt lat="47.553901" lon="11.413016"><ele>798</ele></trkpt>
      <trkpt lat="47.553922" lon="11.413044"><ele>798</ele></trkpt>
      <trkpt lat="47.553941" lon="11.413134"><ele>799</ele></trkpt>
      <trkpt lat="47.553955" lon="11.413160"><ele>800</ele></trkpt>
      <trkpt lat="47.553968" lon="11.413066"><ele>801</ele></trkpt>
      <trkpt lat="47.553997" lon="11.412995"><ele>802</ele></trkpt>
      <trkpt lat="47.554034" lon="11.412950"><ele>804</ele></trkpt>
      <trkpt lat="47.554068" lon="11.412945"><ele>805</ele></trkpt>
      <trkpt lat="47.554063" lon="11.412961"><ele>805</ele></trkpt>
      <trkpt lat="47.554038" lon="11.412984"><ele>804</ele></trkpt>
      <trkpt lat="47.554029" lon="11.413039"><ele>804</ele></trkpt>
      <trkpt lat="47.554034" lon="11.413101"><ele>804</ele></trkpt>
      <trkpt lat="47.554071" lon="11.413269"><ele>809</ele></trkpt>
      <trkpt lat="47.554144" lon="11.413448"><ele>815</ele></trkpt>
      <trkpt lat="47.554203" lon="11.413634"><ele>818</ele></trkpt>
      <trkpt lat="47.554225" lon="11.413445"><ele>819</ele></trkpt>
      <trkpt lat="47.554265" lon="11.413567"><ele>821</ele></trkpt>
      <trkpt lat="47.554308" lon="11.413646"><ele>824</ele></trkpt>
      <trkpt lat="47.554331" lon="11.413668"><ele>825</ele></trkpt>
      <trkpt lat="47.554431" lon="11.413655"><ele>831</ele></trkpt>
      <trkpt lat="47.554499" lon="11.413674"><ele>834</ele></trkpt>
      <trkpt lat="47.554555" lon="11.413722"><ele>838</ele></trkpt>
      <trkpt lat="47.554579" lon="11.413760"><ele>839</ele></trkpt>
      <trkpt lat="47.554626" lon="11.413967"><ele>843</ele></trkpt>
      <trkpt lat="47.554680" lon="11.414118"><ele>847</ele></trkpt>
      <trkpt lat="47.554684" lon="11.414216"><ele>847</ele></trkpt>
      <trkpt lat="47.554666" lon="11.414341"><ele>846</ele></trkpt>
      <trkpt lat="47.554668" lon="11.414365"><ele>847</ele></trkpt>
      <trkpt lat="47.554706" lon="11.414421"><ele>850</ele></trkpt>
      <trkpt lat="47.554749" lon="11.414443"><ele>852</ele></trkpt>
      <trkpt lat="47.554780" lon="11.414350"><ele>854</ele></trkpt>
      <trkpt lat="47.554795" lon="11.414407"><ele>855</ele></trkpt>
      <trkpt lat="47.554806" lon="11.414346"><ele>856</ele></trkpt>
      <trkpt lat="47.554845" lon="11.414220"><ele>859</ele></trkpt>
      <trkpt lat="47.554857" lon="11.414322"><ele>859</ele></trkpt>
      <trkpt lat="47.554873" lon="11.414319"><ele>860</ele></trkpt>
      <trkpt lat="47.554906" lon="11.414239"><ele>864</ele></trkpt>
      <trkpt lat="47.554958" lon="11.414151"><ele>868</ele></trkpt>
      <trkpt lat="47.555037" lon="11.414315"><ele>872</ele></trkpt>
      <trkpt lat="47.555067" lon="11.414171"><ele>876</ele></trkpt>
      <trkpt lat="47.555091" lon="11.414107"><ele>879</ele></trkpt>
      <trkpt lat="47.555119" lon="11.414200"><ele>880</ele></trkpt>
      <trkpt lat="47.555156" lon="11.414273"><ele>881</ele></trkpt>
      <trkpt lat="47.555174" lon="11.414111"><ele>884</ele></trkpt>
      <trkpt lat="47.555219" lon="11.414182"><ele>887</ele></trkpt>
      <trkpt lat="47.555269" lon="11.414283"><ele>888</ele></trkpt>
      <trkpt lat="47.555294" lon="11.414142"><ele>894</ele></trkpt>
      <trkpt lat="47.555343" lon="11.414289"><ele>895</ele></trkpt>
      <trkpt lat="47.555374" lon="11.414154"><ele>901</ele></trkpt>
      <trkpt lat="47.555410" lon="11.414271"><ele>902</ele></trkpt>
      <trkpt lat="47.555428" lon="11.414285"><ele>904</ele></trkpt>
      <trkpt lat="47.555466" lon="11.414355"><ele>906</ele></trkpt>
      <trkpt lat="47.555491" lon="11.414232"><ele>911</ele></trkpt>
      <trkpt lat="47.555515" lon="11.414317"><ele>912</ele></trkpt>
      <trkpt lat="47.555543" lon="11.414331"><ele>914</ele></trkpt>
      <trkpt lat="47.555584" lon="11.414145"><ele>921</ele></trkpt>
      <trkpt lat="47.555616" lon="11.414203"><ele>922</ele></trkpt>
      <trkpt lat="47.555647" lon="11.414111"><ele>925</ele></trkpt>
      <trkpt lat="47.555744" lon="11.414234"><ele>929</ele></trkpt>
      <trkpt lat="47.555733" lon="11.414122"><ele>930</ele></trkpt>
      <trkpt lat="47.555807" lon="11.414182"><ele>934</ele></trkpt>
      <trkpt lat="47.555816" lon="11.414056"><ele>937</ele></trkpt>
      <trkpt lat="47.555897" lon="11.414103"><ele>941</ele></trkpt>
      <trkpt lat="47.555896" lon="11.413959"><ele>944</ele></trkpt>
      <trkpt lat="47.555974" lon="11.414058"><ele>947</ele></trkpt>
      <trkpt lat="47.555983" lon="11.413913"><ele>950</ele></trkpt>
      <trkpt lat="47.556032" lon="11.413975"><ele>952</ele></trkpt>
      <trkpt lat="47.556044" lon="11.413882"><ele>954</ele></trkpt>
      <trkpt lat="47.556068" lon="11.413926"><ele>955</ele></trkpt>
      <trkpt lat="47.556158" lon="11.413675"><ele>960</ele></trkpt>
      <trkpt lat="47.556367" lon="11.414217"><ele>974</ele></trkpt>
      <trkpt lat="47.556466" lon="11.414389"><ele>980</ele></trkpt>
      <trkpt lat="47.556513" lon="11.414500"><ele>982</ele></trkpt>
      <trkpt lat="47.556569" lon="11.414225"><ele>990</ele></trkpt>
      <trkpt lat="47.556664" lon="11.414480"><ele>995</ele></trkpt>
      <trkpt lat="47.556682" lon="11.414414"><ele>997</ele></trkpt>
      <trkpt lat="47.556632" lon="11.414182"><ele>995</ele></trkpt>
      <trkpt lat="47.556574" lon="11.414080"><ele>992</ele></trkpt>
      <trkpt lat="47.556535" lon="11.413954"><ele>990</ele></trkpt>
      <trkpt lat="47.556477" lon="11.413618"><ele>980</ele></trkpt>
      <trkpt lat="47.556609" lon="11.413449"><ele>990</ele></trkpt>
      <trkpt lat="47.556473" lon="11.413265"><ele>983</ele></trkpt>
      <trkpt lat="47.556470" lon="11.413053"><ele>984</ele></trkpt>
      <trkpt lat="47.556597" lon="11.412140"><ele>986</ele></trkpt>
      <trkpt lat="47.556543" lon="11.411993"><ele>984</ele></trkpt>
      <trkpt lat="47.556606" lon="11.411575"><ele>988</ele></trkpt>
      <trkpt lat="47.556558" lon="11.411540"><ele>984</ele></trkpt>
      <trkpt lat="47.556426" lon="11.411081"><ele>978</ele></trkpt>
      <trkpt lat="47.556300" lon="11.410472"><ele>978</ele></trkpt>
      <trkpt lat="47.556294" lon="11.410267"><ele>978</ele></trkpt>
      <trkpt lat="47.556228" lon="11.410080"><ele>979</ele></trkpt>
      <trkpt lat="47.556255" lon="11.409919"><ele>984</ele></trkpt>
      <trkpt lat="47.556156" lon="11.409149"><ele>984</ele></trkpt>
      <trkpt lat="47.556204" lon="11.408985"><ele>987</ele></trkpt>
      <trkpt lat="47.556124" lon="11.408819"><ele>982</ele></trkpt>
      <trkpt lat="47.556100" lon="11.408680"><ele>979</ele></trkpt>
      <trkpt lat="47.556138" lon="11.408587"><ele>982</ele></trkpt>
      <trkpt lat="47.556095" lon="11.408475"><ele>979</ele></trkpt>
      <trkpt lat="47.556033" lon="11.408025"><ele>980</ele></trkpt>
      <trkpt lat="47.556023" lon="11.407712"><ele>981</ele></trkpt>
      <trkpt lat="47.555921" lon="11.407405"><ele>977</ele></trkpt>
      <trkpt lat="47.555897" lon="11.407129"><ele>978</ele></trkpt>
      <trkpt lat="47.555948" lon="11.406799"><ele>985</ele></trkpt>
      <trkpt lat="47.556041" lon="11.406935"><ele>993</ele></trkpt>
      <trkpt lat="47.555948" lon="11.406799"><ele>985</ele></trkpt>
      <trkpt lat="47.555897" lon="11.407129"><ele>978</ele></trkpt>
      <trkpt lat="47.555921" lon="11.407405"><ele>977</ele></trkpt>
      <trkpt lat="47.556023" lon="11.407712"><ele>981</ele></trkpt>
      <trkpt lat="47.556033" lon="11.408025"><ele>980</ele></trkpt>
      <trkpt lat="47.556095" lon="11.408475"><ele>979</ele></trkpt>
      <trkpt lat="47.556138" lon="11.408587"><ele>982</ele></trkpt>
      <trkpt lat="47.556100" lon="11.408680"><ele>979</ele></trkpt>
      <trkpt lat="47.556124" lon="11.408819"><ele>982</ele></trkpt>
      <trkpt lat="47.556204" lon="11.408985"><ele>987</ele></trkpt>
      <trkpt lat="47.556156" lon="11.409149"><ele>984</ele></trkpt>
      <trkpt lat="47.556255" lon="11.409919"><ele>984</ele></trkpt>
      <trkpt lat="47.556228" lon="11.410080"><ele>979</ele></trkpt>
      <trkpt lat="47.556294" lon="11.410267"><ele>978</ele></trkpt>
      <trkpt lat="47.556300" lon="11.410472"><ele>978</ele></trkpt>
      <trkpt lat="47.556426" lon="11.411081"><ele>978</ele></trkpt>
      <trkpt lat="47.556558" lon="11.411540"><ele>984</ele></trkpt>
      <trkpt lat="47.556606" lon="11.411575"><ele>988</ele></trkpt>
      <trkpt lat="47.556543" lon="11.411993"><ele>984</ele></trkpt>
      <trkpt lat="47.556597" lon="11.412140"><ele>986</ele></trkpt>
      <trkpt lat="47.556470" lon="11.413053"><ele>984</ele></trkpt>
      <trkpt lat="47.556473" lon="11.413265"><ele>983</ele></trkpt>
      <trkpt lat="47.556609" lon="11.413449"><ele>990</ele></trkpt>
      <trkpt lat="47.556477" lon="11.413618"><ele>980</ele></trkpt>
      <trkpt lat="47.556535" lon="11.413954"><ele>990</ele></trkpt>
      <trkpt lat="47.556574" lon="11.414080"><ele>992</ele></trkpt>
      <trkpt lat="47.556632" lon="11.414182"><ele>995</ele></trkpt>
      <trkpt lat="47.556682" lon="11.414414"><ele>997</ele></trkpt>
      <trkpt lat="47.556664" lon="11.414480"><ele>995</ele></trkpt>
      <trkpt lat="47.556569" lon="11.414225"><ele>990</ele></trkpt>
      <trkpt lat="47.556513" lon="11.414500"><ele>982</ele></trkpt>
      <trkpt lat="47.556466" lon="11.414389"><ele>980</ele></trkpt>
      <trkpt lat="47.556367" lon="11.414217"><ele>974</ele></trkpt>
      <trkpt lat="47.556158" lon="11.413675"><ele>960</ele></trkpt>
      <trkpt lat="47.556068" lon="11.413926"><ele>955</ele></trkpt>
      <trkpt lat="47.556044" lon="11.413882"><ele>954</ele></trkpt>
      <trkpt lat="47.556032" lon="11.413975"><ele>952</ele></trkpt>
      <trkpt lat="47.555983" lon="11.413913"><ele>950</ele></trkpt>
      <trkpt lat="47.555974" lon="11.414058"><ele>947</ele></trkpt>
      <trkpt lat="47.555896" lon="11.413959"><ele>944</ele></trkpt>
      <trkpt lat="47.555897" lon="11.414103"><ele>941</ele></trkpt>
      <trkpt lat="47.555816" lon="11.414056"><ele>937</ele></trkpt>
      <trkpt lat="47.555807" lon="11.414182"><ele>934</ele></trkpt>
      <trkpt lat="47.555733" lon="11.414122"><ele>930</ele></trkpt>
      <trkpt lat="47.555744" lon="11.414234"><ele>929</ele></trkpt>
      <trkpt lat="47.555647" lon="11.414111"><ele>925</ele></trkpt>
      <trkpt lat="47.555616" lon="11.414203"><ele>922</ele></trkpt>
      <trkpt lat="47.555584" lon="11.414145"><ele>921</ele></trkpt>
      <trkpt lat="47.555543" lon="11.414331"><ele>914</ele></trkpt>
      <trkpt lat="47.555515" lon="11.414317"><ele>912</ele></trkpt>
      <trkpt lat="47.555491" lon="11.414232"><ele>911</ele></trkpt>
      <trkpt lat="47.555466" lon="11.414355"><ele>906</ele></trkpt>
      <trkpt lat="47.555428" lon="11.414285"><ele>904</ele></trkpt>
      <trkpt lat="47.555410" lon="11.414271"><ele>902</ele></trkpt>
      <trkpt lat="47.555374" lon="11.414154"><ele>901</ele></trkpt>
      <trkpt lat="47.555343" lon="11.414289"><ele>895</ele></trkpt>
      <trkpt lat="47.555294" lon="11.414142"><ele>894</ele></trkpt>
      <trkpt lat="47.555269" lon="11.414283"><ele>888</ele></trkpt>
      <trkpt lat="47.555219" lon="11.414182"><ele>887</ele></trkpt>
      <trkpt lat="47.555174" lon="11.414111"><ele>884</ele></trkpt>
      <trkpt lat="47.555156" lon="11.414273"><ele>881</ele></trkpt>
      <trkpt lat="47.555119" lon="11.414200"><ele>880</ele></trkpt>
      <trkpt lat="47.555091" lon="11.414107"><ele>879</ele></trkpt>
      <trkpt lat="47.555067" lon="11.414171"><ele>876</ele></trkpt>
      <trkpt lat="47.555037" lon="11.414315"><ele>872</ele></trkpt>
      <trkpt lat="47.554958" lon="11.414151"><ele>868</ele></trkpt>
      <trkpt lat="47.554906" lon="11.414239"><ele>864</ele></trkpt>
      <trkpt lat="47.554873" lon="11.414319"><ele>860</ele></trkpt>
      <trkpt lat="47.554857" lon="11.414322"><ele>859</ele></trkpt>
      <trkpt lat="47.554845" lon="11.414220"><ele>859</ele></trkpt>
      <trkpt lat="47.554806" lon="11.414346"><ele>856</ele></trkpt>
      <trkpt lat="47.554795" lon="11.414407"><ele>855</ele></trkpt>
      <trkpt lat="47.554780" lon="11.414350"><ele>854</ele></trkpt>
      <trkpt lat="47.554749" lon="11.414443"><ele>852</ele></trkpt>
      <trkpt lat="47.554706" lon="11.414421"><ele>850</ele></trkpt>
      <trkpt lat="47.554668" lon="11.414365"><ele>847</ele></trkpt>
      <trkpt lat="47.554666" lon="11.414341"><ele>846</ele></trkpt>
      <trkpt lat="47.554684" lon="11.414216"><ele>847</ele></trkpt>
      <trkpt lat="47.554680" lon="11.414118"><ele>847</ele></trkpt>
      <trkpt lat="47.554626" lon="11.413967"><ele>843</ele></trkpt>
      <trkpt lat="47.554579" lon="11.413760"><ele>839</ele></trkpt>
      <trkpt lat="47.554555" lon="11.413722"><ele>838</ele></trkpt>
      <trkpt lat="47.554499" lon="11.413674"><ele>834</ele></trkpt>
      <trkpt lat="47.554431" lon="11.413655"><ele>831</ele></trkpt>
      <trkpt lat="47.554331" lon="11.413668"><ele>825</ele></trkpt>
      <trkpt lat="47.554308" lon="11.413646"><ele>824</ele></trkpt>
      <trkpt lat="47.554265" lon="11.413567"><ele>821</ele></trkpt>
      <trkpt lat="47.554225" lon="11.413445"><ele>819</ele></trkpt>
      <trkpt lat="47.554203" lon="11.413634"><ele>818</ele></trkpt>
      <trkpt lat="47.554144" lon="11.413448"><ele>815</ele></trkpt>
      <trkpt lat="47.554071" lon="11.413269"><ele>809</ele></trkpt>
      <trkpt lat="47.554034" lon="11.413101"><ele>804</ele></trkpt>
      <trkpt lat="47.554029" lon="11.413039"><ele>804</ele></trkpt>
      <trkpt lat="47.554038" lon="11.412984"><ele>804</ele></trkpt>
      <trkpt lat="47.554063" lon="11.412961"><ele>805</ele></trkpt>
      <trkpt lat="47.554068" lon="11.412945"><ele>805</ele></trkpt>
      <trkpt lat="47.554034" lon="11.412950"><ele>804</ele></trkpt>
      <trkpt lat="47.553997" lon="11.412995"><ele>802</ele></trkpt>
      <trkpt lat="47.553968" lon="11.413066"><ele>801</ele></trkpt>
      <trkpt lat="47.553955" lon="11.413160"><ele>800</ele></trkpt>
      <trkpt lat="47.553941" lon="11.413134"><ele>799</ele></trkpt>
      <trkpt lat="47.553922" lon="11.413044"><ele>798</ele></trkpt>
      <trkpt lat="47.553901" lon="11.413016"><ele>798</ele></trkpt>
      <trkpt lat="47.553886" lon="11.413092"><ele>796</ele></trkpt>
      <trkpt lat="47.553858" lon="11.413102"><ele>796</ele></trkpt>
      <trkpt lat="47.553666" lon="11.412997"><ele>794</ele></trkpt>
      <trkpt lat="47.553625" lon="11.412975"><ele>794</ele></trkpt>
      <trkpt lat="47.553590" lon="11.412989"><ele>793</ele></trkpt>
      <trkpt lat="47.553576" lon="11.413040"><ele>793</ele></trkpt>
      <trkpt lat="47.553553" lon="11.413064"><ele>792</ele></trkpt>
      <trkpt lat="47.553450" lon="11.413114"><ele>792</ele></trkpt>
      <trkpt lat="47.553402" lon="11.413176"><ele>792</ele></trkpt>
      <trkpt lat="47.553350" lon="11.413207"><ele>791</ele></trkpt>
      <trkpt lat="47.553263" lon="11.413222"><ele>791</ele></trkpt>
      <trkpt lat="47.553241" lon="11.412843"><ele>792</ele></trkpt>
      <trkpt lat="47.553190" lon="11.411672"><ele>792</ele></trkpt>
      <trkpt lat="47.553144" lon="11.410859"><ele>792</ele></trkpt>
      <trkpt lat="47.553103" lon="11.410387"><ele>792</ele></trkpt>
      <trkpt lat="47.553042" lon="11.409791"><ele>793</ele></trkpt>
      <trkpt lat="47.552967" lon="11.409194"><ele>794</ele></trkpt>
      <trkpt lat="47.552856" lon="11.408006"><ele>795</ele></trkpt>
      <trkpt lat="47.552442" lon="11.404186"><ele>797</ele></trkpt>
      <trkpt lat="47.552078" lon="11.400376"><ele>798</ele></trkpt>
      <trkpt lat="47.552003" lon="11.399323"><ele>798</ele></trkpt>
      <trkpt lat="47.551887" lon="11.397364"><ele>800</ele></trkpt>
      <trkpt lat="47.551855" lon="11.396959"><ele>800</ele></trkpt>
      <trkpt lat="47.551755" lon="11.396117"><ele>801</ele></trkpt>
      <trkpt lat="47.551712" lon="11.395790"><ele>802</ele></trkpt>
      <trkpt lat="47.551648" lon="11.395454"><ele>802</ele></trkpt>
      <trkpt lat="47.551526" lon="11.395030"><ele>803</ele></trkpt>
      <trkpt lat="47.551418" lon="11.394727"><ele>802</ele></trkpt>
      <trkpt lat="47.551348" lon="11.394510"><ele>803</ele></trkpt>
      <trkpt lat="47.551300" lon="11.394293"><ele>805</ele></trkpt>
      <trkpt lat="47.551056" lon="11.393462"><ele>803</ele></trkpt>
      <trkpt lat="47.550900" lon="11.392822"><ele>803</ele></trkpt>
      <trkpt lat="47.550866" lon="11.392511"><ele>802</ele></trkpt>
      <trkpt lat="47.550852" lon="11.392025"><ele>804</ele></trkpt>
      <trkpt lat="47.550852" lon="11.391427"><ele>803</ele></trkpt>
      <trkpt lat="47.550842" lon="11.390807"><ele>802</ele></trkpt>
      <trkpt lat="47.550763" lon="11.390072"><ele>806</ele></trkpt>
      <trkpt lat="47.550674" lon="11.388722"><ele>807</ele></trkpt>
      <trkpt lat="47.550650" lon="11.388209"><ele>806</ele></trkpt>
      <trkpt lat="47.550604" lon="11.387956"><ele>805</ele></trkpt>
      <trkpt lat="47.550494" lon="11.387603"><ele>804</ele></trkpt>
      <trkpt lat="47.550337" lon="11.387150"><ele>805</ele></trkpt>
      <trkpt lat="47.550255" lon="11.386871"><ele>804</ele></trkpt>
      <trkpt lat="47.550152" lon="11.386360"><ele>806</ele></trkpt>
      <trkpt lat="47.550122" lon="11.386171"><ele>806</ele></trkpt>
      <trkpt lat="47.550091" lon="11.386065"><ele>805</ele></trkpt>
      <trkpt lat="47.550042" lon="11.385945"><ele>805</ele></trkpt>
      <trkpt lat="47.549627" lon="11.385278"><ele>804</ele></trkpt>
      <trkpt lat="47.549446" lon="11.384969"><ele>805</ele></trkpt>
      <trkpt lat="47.549293" lon="11.384710"><ele>805</ele></trkpt>
      <trkpt lat="47.549211" lon="11.384524"><ele>806</ele></trkpt>
      <trkpt lat="47.549174" lon="11.384412"><ele>806</ele></trkpt>
      <trkpt lat="47.549157" lon="11.384289"><ele>806</ele></trkpt>
      <trkpt lat="47.549151" lon="11.383822"><ele>806</ele></trkpt>
      <trkpt lat="47.549103" lon="11.383461"><ele>810</ele></trkpt>
      <trkpt lat="47.549024" lon="11.383108"><ele>813</ele></trkpt>
      <trkpt lat="47.548892" lon="11.382798"><ele>811</ele></trkpt>
      <trkpt lat="47.548730" lon="11.382487"><ele>814</ele></trkpt>
      <trkpt lat="47.548647" lon="11.382264"><ele>813</ele></trkpt>
      <trkpt lat="47.548597" lon="11.382026"><ele>817</ele></trkpt>
      <trkpt lat="47.548561" lon="11.381782"><ele>818</ele></trkpt>
      <trkpt lat="47.548549" lon="11.381547"><ele>818</ele></trkpt>
      <trkpt lat="47.548552" lon="11.381312"><ele>820</ele></trkpt>
      <trkpt lat="47.548579" lon="11.381016"><ele>820</ele></trkpt>
      <trkpt lat="47.548635" lon="11.380704"><ele>820</ele></trkpt>
      <trkpt lat="47.548686" lon="11.380459"><ele>822</ele></trkpt>
      <trkpt lat="47.548718" lon="11.380214"><ele>823</ele></trkpt>
      <trkpt lat="47.548729" lon="11.380039"><ele>824</ele></trkpt>
      <trkpt lat="47.548720" lon="11.379690"><ele>825</ele></trkpt>
      <trkpt lat="47.548669" lon="11.379328"><ele>826</ele></trkpt>
      <trkpt lat="47.548629" lon="11.379135"><ele>826</ele></trkpt>
      <trkpt lat="47.548571" lon="11.378955"><ele>826</ele></trkpt>
      <trkpt lat="47.548512" lon="11.378791"><ele>826</ele></trkpt>
      <trkpt lat="47.548407" lon="11.378568"><ele>825</ele></trkpt>
      <trkpt lat="47.548253" lon="11.378271"><ele>824</ele></trkpt>
      <trkpt lat="47.548164" lon="11.378079"><ele>825</ele></trkpt>
      <trkpt lat="47.548082" lon="11.377847"><ele>825</ele></trkpt>
      <trkpt lat="47.548018" lon="11.377609"><ele>825</ele></trkpt>
      <trkpt lat="47.547962" lon="11.377282"><ele>826</ele></trkpt>
      <trkpt lat="47.547948" lon="11.376982"><ele>826</ele></trkpt>
      <trkpt lat="47.547919" lon="11.375985"><ele>828</ele></trkpt>
      <trkpt lat="47.547880" lon="11.373999"><ele>833</ele></trkpt>
      <trkpt lat="47.547849" lon="11.373720"><ele>834</ele></trkpt>
      <trkpt lat="47.547813" lon="11.373556"><ele>832</ele></trkpt>
      <trkpt lat="47.547722" lon="11.373287"><ele>826</ele></trkpt>
      <trkpt lat="47.547664" lon="11.373101"><ele>832</ele></trkpt>
      <trkpt lat="47.547549" lon="11.372783"><ele>832</ele></trkpt>
      <trkpt lat="47.547445" lon="11.372537"><ele>831</ele></trkpt>
      <trkpt lat="47.547329" lon="11.372332"><ele>831</ele></trkpt>
      <trkpt lat="47.546844" lon="11.371630"><ele>830</ele></trkpt>
      <trkpt lat="47.546757" lon="11.371436"><ele>830</ele></trkpt>
      <trkpt lat="47.546672" lon="11.371185"><ele>829</ele></trkpt>
      <trkpt lat="47.545723" lon="11.367820"><ele>832</ele></trkpt>
      <trkpt lat="47.545496" lon="11.367068"><ele>834</ele></trkpt>
      <trkpt lat="47.545428" lon="11.366864"><ele>832</ele></trkpt>
      <trkpt lat="47.545378" lon="11.366704"><ele>833</ele></trkpt>
      <trkpt lat="47.545272" lon="11.366369"><ele>834</ele></trkpt>
      <trkpt lat="47.545099" lon="11.365975"><ele>833</ele></trkpt>
      <trkpt lat="47.545012" lon="11.365748"><ele>832</ele></trkpt>
      <trkpt lat="47.544982" lon="11.365559"><ele>832</ele></trkpt>
      <trkpt lat="47.544967" lon="11.365322"><ele>831</ele></trkpt>
      <trkpt lat="47.544951" lon="11.364466"><ele>831</ele></trkpt>
      <trkpt lat="47.544855" lon="11.362214"><ele>840</ele></trkpt>
      <trkpt lat="47.544861" lon="11.362075"><ele>840</ele></trkpt>
      <trkpt lat="47.544884" lon="11.361742"><ele>839</ele></trkpt>
      <trkpt lat="47.544846" lon="11.361507"><ele>838</ele></trkpt>
      <trkpt lat="47.544817" lon="11.361434"><ele>839</ele></trkpt>
      <trkpt lat="47.544653" lon="11.361027"><ele>839</ele></trkpt>
      <trkpt lat="47.544545" lon="11.360704"><ele>838</ele></trkpt>
      <trkpt lat="47.544404" lon="11.359890"><ele>830</ele></trkpt>
      <trkpt lat="47.544369" lon="11.359685"><ele>829</ele></trkpt>
      <trkpt lat="47.544261" lon="11.359371"><ele>828</ele></trkpt>
      <trkpt lat="47.544137" lon="11.359121"><ele>828</ele></trkpt>
      <trkpt lat="47.543718" lon="11.358429"><ele>825</ele></trkpt>
      <trkpt lat="47.543537" lon="11.358105"><ele>823</ele></trkpt>
      <trkpt lat="47.542966" lon="11.356545"><ele>819</ele></trkpt>
      <trkpt lat="47.542790" lon="11.356101"><ele>819</ele></trkpt>
      <trkpt lat="47.542616" lon="11.355715"><ele>820</ele></trkpt>
      <trkpt lat="47.542470" lon="11.355409"><ele>819</ele></trkpt>
      <trkpt lat="47.541834" lon="11.354126"><ele>818</ele></trkpt>
      <trkpt lat="47.541754" lon="11.353883"><ele>819</ele></trkpt>
      <trkpt lat="47.541720" lon="11.353664"><ele>820</ele></trkpt>
      <trkpt lat="47.541712" lon="11.353019"><ele>819</ele></trkpt>
      <trkpt lat="47.541688" lon="11.352505"><ele>820</ele></trkpt>
      <trkpt lat="47.541646" lon="11.352154"><ele>819</ele></trkpt>
      <trkpt lat="47.541399" lon="11.351338"><ele>820</ele></trkpt>
      <trkpt lat="47.541364" lon="11.351199"><ele>820</ele></trkpt>
      <trkpt lat="47.541352" lon="11.351042"><ele>821</ele></trkpt>
      <trkpt lat="47.541383" lon="11.350412"><ele>820</ele></trkpt>
      <trkpt lat="47.541355" lon="11.350034"><ele>824</ele></trkpt>
      <trkpt lat="47.541314" lon="11.349841"><ele>826</ele></trkpt>
      <trkpt lat="47.541081" lon="11.349181"><ele>826</ele></trkpt>
      <trkpt lat="47.541001" lon="11.348813"><ele>828</ele></trkpt>
      <trkpt lat="47.540937" lon="11.348167"><ele>828</ele></trkpt>
      <trkpt lat="47.540863" lon="11.347808"><ele>828</ele></trkpt>
      <trkpt lat="47.540866" lon="11.347237"><ele>834</ele></trkpt>
      <trkpt lat="47.540852" lon="11.347059"><ele>832</ele></trkpt>
      <trkpt lat="47.540724" lon="11.346212"><ele>836</ele></trkpt>
      <trkpt lat="47.540680" lon="11.345573"><ele>838</ele></trkpt>
      <trkpt lat="47.540652" lon="11.345292"><ele>838</ele></trkpt>
      <trkpt lat="47.540573" lon="11.344971"><ele>837</ele></trkpt>
      <trkpt lat="47.540526" lon="11.344704"><ele>837</ele></trkpt>
      <trkpt lat="47.540489" lon="11.344176"><ele>836</ele></trkpt>
      <trkpt lat="47.540428" lon="11.343360"><ele>844</ele></trkpt>
      <trkpt lat="47.540322" lon="11.342563"><ele>846</ele></trkpt>
      <trkpt lat="47.540178" lon="11.341888"><ele>845</ele></trkpt>
      <trkpt lat="47.540027" lon="11.341451"><ele>846</ele></trkpt>
      <trkpt lat="47.539751" lon="11.339882"><ele>846</ele></trkpt>
      <trkpt lat="47.539688" lon="11.339653"><ele>846</ele></trkpt>
      <trkpt lat="47.539493" lon="11.339238"><ele>848</ele></trkpt>
      <trkpt lat="47.539446" lon="11.339087"><ele>847</ele></trkpt>
      <trkpt lat="47.539428" lon="11.338978"><ele>847</ele></trkpt>
      <trkpt lat="47.539385" lon="11.338199"><ele>848</ele></trkpt>
      <trkpt lat="47.539379" lon="11.338070"><ele>848</ele></trkpt>
      <trkpt lat="47.539362" lon="11.337779"><ele>848</ele></trkpt>
      <trkpt lat="47.539315" lon="11.337480"><ele>849</ele></trkpt>
      <trkpt lat="47.539262" lon="11.337258"><ele>851</ele></trkpt>
      <trkpt lat="47.539172" lon="11.336999"><ele>850</ele></trkpt>
      <trkpt lat="47.539060" lon="11.336803"><ele>852</ele></trkpt>
      <trkpt lat="47.538953" lon="11.336668"><ele>850</ele></trkpt>
      <trkpt lat="47.538762" lon="11.336428"><ele>848</ele></trkpt>
      <trkpt lat="47.538660" lon="11.336244"><ele>848</ele></trkpt>
      <trkpt lat="47.538587" lon="11.336039"><ele>850</ele></trkpt>
      <trkpt lat="47.538502" lon="11.335659"><ele>845</ele></trkpt>
      <trkpt lat="47.538406" lon="11.335216"><ele>844</ele></trkpt>
      <trkpt lat="47.538387" lon="11.335145"><ele>846</ele></trkpt>
      <trkpt lat="47.538358" lon="11.335086"><ele>847</ele></trkpt>
      <trkpt lat="47.538093" lon="11.334665"><ele>850</ele></trkpt>
      <trkpt lat="47.536341" lon="11.332365"><ele>844</ele></trkpt>
      <trkpt lat="47.536253" lon="11.332128"><ele>844</ele></trkpt>
      <trkpt lat="47.536189" lon="11.331883"><ele>845</ele></trkpt>
      <trkpt lat="47.535847" lon="11.329915"><ele>845</ele></trkpt>
      <trkpt lat="47.535788" lon="11.329759"><ele>845</ele></trkpt>
      <trkpt lat="47.535708" lon="11.329632"><ele>846</ele></trkpt>
      <trkpt lat="47.535027" lon="11.328957"><ele>845</ele></trkpt>
      <trkpt lat="47.534923" lon="11.328834"><ele>844</ele></trkpt>
      <trkpt lat="47.534836" lon="11.328674"><ele>843</ele></trkpt>
      <trkpt lat="47.534344" lon="11.327162"><ele>840</ele></trkpt>
      <trkpt lat="47.534298" lon="11.326976"><ele>841</ele></trkpt>
      <trkpt lat="47.534223" lon="11.326283"><ele>838</ele></trkpt>
      <trkpt lat="47.534197" lon="11.326155"><ele>838</ele></trkpt>
      <trkpt lat="47.534160" lon="11.326064"><ele>837</ele></trkpt>
      <trkpt lat="47.534013" lon="11.325770"><ele>838</ele></trkpt>
      <trkpt lat="47.533954" lon="11.325602"><ele>838</ele></trkpt>
      <trkpt lat="47.533927" lon="11.325471"><ele>837</ele></trkpt>
      <trkpt lat="47.533852" lon="11.324820"><ele>836</ele></trkpt>
      <trkpt lat="47.533825" lon="11.324397"><ele>837</ele></trkpt>
      <trkpt lat="47.533771" lon="11.323682"><ele>837</ele></trkpt>
      <trkpt lat="47.533684" lon="11.322991"><ele>838</ele></trkpt>
      <trkpt lat="47.533476" lon="11.321837"><ele>837</ele></trkpt>
      <trkpt lat="47.533041" lon="11.319301"><ele>838</ele></trkpt>
      <trkpt lat="47.532996" lon="11.319166"><ele>839</ele></trkpt>
      <trkpt lat="47.532937" lon="11.319052"><ele>839</ele></trkpt>
      <trkpt lat="47.532872" lon="11.318951"><ele>840</ele></trkpt>
      <trkpt lat="47.532798" lon="11.318870"><ele>839</ele></trkpt>
      <trkpt lat="47.532718" lon="11.318753"><ele>838</ele></trkpt>
      <trkpt lat="47.532662" lon="11.318627"><ele>838</ele></trkpt>
      <trkpt lat="47.532628" lon="11.318533"><ele>838</ele></trkpt>
      <trkpt lat="47.532600" lon="11.318421"><ele>838</ele></trkpt>
      <trkpt lat="47.532586" lon="11.318309"><ele>839</ele></trkpt>
      <trkpt lat="47.532589" lon="11.317692"><ele>842</ele></trkpt>
      <trkpt lat="47.532596" lon="11.317330"><ele>842</ele></trkpt>
      <trkpt lat="47.532605" lon="11.316594"><ele>842</ele></trkpt>
      <trkpt lat="47.532618" lon="11.316400"><ele>842</ele></trkpt>
      <trkpt lat="47.532701" lon="11.315843"><ele>843</ele></trkpt>
      <trkpt lat="47.532717" lon="11.315601"><ele>843</ele></trkpt>
      <trkpt lat="47.532706" lon="11.315359"><ele>844</ele></trkpt>
      <trkpt lat="47.532572" lon="11.314467"><ele>846</ele></trkpt>
      <trkpt lat="47.532530" lon="11.314232"><ele>846</ele></trkpt>
      <trkpt lat="47.532468" lon="11.314076"><ele>846</ele></trkpt>
      <trkpt lat="47.532317" lon="11.313755"><ele>847</ele></trkpt>
      <trkpt lat="47.532283" lon="11.313623"><ele>847</ele></trkpt>
      <trkpt lat="47.532170" lon="11.312390"><ele>850</ele></trkpt>
      <trkpt lat="47.532108" lon="11.311757"><ele>853</ele></trkpt>
      <trkpt lat="47.532097" lon="11.311588"><ele>853</ele></trkpt>
      <trkpt lat="47.532096" lon="11.311458"><ele>852</ele></trkpt>
      <trkpt lat="47.532118" lon="11.311366"><ele>853</ele></trkpt>
      <trkpt lat="47.532337" lon="11.310750"><ele>856</ele></trkpt>
      <trkpt lat="47.532375" lon="11.310583"><ele>857</ele></trkpt>
      <trkpt lat="47.532396" lon="11.310457"><ele>858</ele></trkpt>
      <trkpt lat="47.532399" lon="11.310372"><ele>859</ele></trkpt>
      <trkpt lat="47.532377" lon="11.310296"><ele>859</ele></trkpt>
      <trkpt lat="47.532316" lon="11.310189"><ele>858</ele></trkpt>
      <trkpt lat="47.532247" lon="11.310178"><ele>858</ele></trkpt>
      <trkpt lat="47.532171" lon="11.310207"><ele>858</ele></trkpt>
      <trkpt lat="47.532033" lon="11.310292"><ele>858</ele></trkpt>
      <trkpt lat="47.531954" lon="11.310305"><ele>858</ele></trkpt>
      <trkpt lat="47.531907" lon="11.310300"><ele>857</ele></trkpt>
      <trkpt lat="47.531864" lon="11.310274"><ele>856</ele></trkpt>
      <trkpt lat="47.531792" lon="11.310181"><ele>857</ele></trkpt>
      <trkpt lat="47.531623" lon="11.309858"><ele>858</ele></trkpt>
      <trkpt lat="47.531447" lon="11.309454"><ele>858</ele></trkpt>
      <trkpt lat="47.531375" lon="11.309096"><ele>860</ele></trkpt>
      <trkpt lat="47.531356" lon="11.308851"><ele>861</ele></trkpt>
      <trkpt lat="47.531352" lon="11.308677"><ele>861</ele></trkpt>
      <trkpt lat="47.531325" lon="11.308527"><ele>861</ele></trkpt>
      <trkpt lat="47.531282" lon="11.308375"><ele>861</ele></trkpt>
      <trkpt lat="47.531135" lon="11.308024"><ele>864</ele></trkpt>
      <trkpt lat="47.530978" lon="11.307613"><ele>864</ele></trkpt>
      <trkpt lat="47.530802" lon="11.306900"><ele>866</ele></trkpt>
      <trkpt lat="47.530755" lon="11.306566"><ele>866</ele></trkpt>
      <trkpt lat="47.530754" lon="11.306244"><ele>867</ele></trkpt>
      <trkpt lat="47.530781" lon="11.306071"><ele>868</ele></trkpt>
      <trkpt lat="47.530854" lon="11.305810"><ele>868</ele></trkpt>
      <trkpt lat="47.530952" lon="11.305500"><ele>868</ele></trkpt>
      <trkpt lat="47.531035" lon="11.305287"><ele>868</ele></trkpt>
      <trkpt lat="47.531163" lon="11.305047"><ele>870</ele></trkpt>
      <trkpt lat="47.531182" lon="11.304985"><ele>870</ele></trkpt>
      <trkpt lat="47.531192" lon="11.304914"><ele>871</ele></trkpt>
      <trkpt lat="47.531192" lon="11.304839"><ele>872</ele></trkpt>
      <trkpt lat="47.531178" lon="11.304751"><ele>872</ele></trkpt>
      <trkpt lat="47.531134" lon="11.304646"><ele>872</ele></trkpt>
      <trkpt lat="47.531066" lon="11.304560"><ele>872</ele></trkpt>
      <trkpt lat="47.530944" lon="11.304478"><ele>872</ele></trkpt>
      <trkpt lat="47.530768" lon="11.304337"><ele>874</ele></trkpt>
      <trkpt lat="47.530359" lon="11.303895"><ele>876</ele></trkpt>
      <trkpt lat="47.530242" lon="11.303719"><ele>877</ele></trkpt>
      <trkpt lat="47.530119" lon="11.303408"><ele>880</ele></trkpt>
      <trkpt lat="47.529950" lon="11.302983"><ele>878</ele></trkpt>
      <trkpt lat="47.529598" lon="11.302305"><ele>875</ele></trkpt>
      <trkpt lat="47.529547" lon="11.302233"><ele>873</ele></trkpt>
      <trkpt lat="47.529395" lon="11.302096"><ele>870</ele></trkpt>
      <trkpt lat="47.529146" lon="11.301997"><ele>871</ele></trkpt>
      <trkpt lat="47.528998" lon="11.301920"><ele>872</ele></trkpt>
      <trkpt lat="47.528905" lon="11.301838"><ele>872</ele></trkpt>
      <trkpt lat="47.528793" lon="11.301698"><ele>874</ele></trkpt>
      <trkpt lat="47.528636" lon="11.301519"><ele>874</ele></trkpt>
      <trkpt lat="47.528484" lon="11.301312"><ele>873</ele></trkpt>
      <trkpt lat="47.528212" lon="11.300997"><ele>870</ele></trkpt>
      <trkpt lat="47.527947" lon="11.300582"><ele>867</ele></trkpt>
      <trkpt lat="47.527673" lon="11.300091"><ele>866</ele></trkpt>
      <trkpt lat="47.527254" lon="11.299212"><ele>865</ele></trkpt>
      <trkpt lat="47.527196" lon="11.299043"><ele>865</ele></trkpt>
      <trkpt lat="47.527181" lon="11.298955"><ele>865</ele></trkpt>
      <trkpt lat="47.527201" lon="11.298701"><ele>865</ele></trkpt>
      <trkpt lat="47.527229" lon="11.298551"><ele>865</ele></trkpt>
      <trkpt lat="47.527286" lon="11.298336"><ele>866</ele></trkpt>
      <trkpt lat="47.527424" lon="11.297920"><ele>868</ele></trkpt>
      <trkpt lat="47.527480" lon="11.297731"><ele>867</ele></trkpt>
      <trkpt lat="47.527507" lon="11.297582"><ele>866</ele></trkpt>
      <trkpt lat="47.527521" lon="11.297430"><ele>866</ele></trkpt>
      <trkpt lat="47.527521" lon="11.297242"><ele>866</ele></trkpt>
      <trkpt lat="47.527512" lon="11.297094"><ele>866</ele></trkpt>
      <trkpt lat="47.527457" lon="11.296822"><ele>867</ele></trkpt>
      <trkpt lat="47.527392" lon="11.296561"><ele>867</ele></trkpt>
      <trkpt lat="47.527270" lon="11.296488"><ele>867</ele></trkpt>
      <trkpt lat="47.526962" lon="11.296137"><ele>867</ele></trkpt>
      <trkpt lat="47.526729" lon="11.295832"><ele>867</ele></trkpt>
      <trkpt lat="47.526498" lon="11.295547"><ele>867</ele></trkpt>
      <trkpt lat="47.526363" lon="11.295388"><ele>865</ele></trkpt>
      <trkpt lat="47.526275" lon="11.295300"><ele>863</ele></trkpt>
      <trkpt lat="47.526033" lon="11.295034"><ele>861</ele></trkpt>
      <trkpt lat="47.525980" lon="11.294989"><ele>860</ele></trkpt>
      <trkpt lat="47.525834" lon="11.294831"><ele>859</ele></trkpt>
      <trkpt lat="47.525644" lon="11.294599"><ele>860</ele></trkpt>
      <trkpt lat="47.525599" lon="11.294510"><ele>860</ele></trkpt>
      <trkpt lat="47.525504" lon="11.294290"><ele>860</ele></trkpt>
      <trkpt lat="47.525434" lon="11.294150"><ele>860</ele></trkpt>
      <trkpt lat="47.525315" lon="11.293953"><ele>859</ele></trkpt>
      <trkpt lat="47.525278" lon="11.293870"><ele>857</ele></trkpt>
      <trkpt lat="47.524867" lon="11.292904"><ele>856</ele></trkpt>
      <trkpt lat="47.524722" lon="11.292516"><ele>857</ele></trkpt>
      <trkpt lat="47.524588" lon="11.292180"><ele>857</ele></trkpt>
      <trkpt lat="47.524547" lon="11.292061"><ele>857</ele></trkpt>
      <trkpt lat="47.524536" lon="11.291874"><ele>857</ele></trkpt>
      <trkpt lat="47.524541" lon="11.291701"><ele>857</ele></trkpt>
      <trkpt lat="47.524590" lon="11.291234"><ele>858</ele></trkpt>
      <trkpt lat="47.524615" lon="11.291029"><ele>858</ele></trkpt>
      <trkpt lat="47.524681" lon="11.290724"><ele>858</ele></trkpt>
      <trkpt lat="47.524811" lon="11.290284"><ele>860</ele></trkpt>
      <trkpt lat="47.524833" lon="11.290161"><ele>860</ele></trkpt>
      <trkpt lat="47.524849" lon="11.290040"><ele>860</ele></trkpt>
      <trkpt lat="47.524844" lon="11.289805"><ele>862</ele></trkpt>
      <trkpt lat="47.524818" lon="11.289679"><ele>862</ele></trkpt>
      <trkpt lat="47.524699" lon="11.289320"><ele>863</ele></trkpt>
      <trkpt lat="47.524376" lon="11.288529"><ele>864</ele></trkpt>
      <trkpt lat="47.524248" lon="11.288265"><ele>863</ele></trkpt>
      <trkpt lat="47.524191" lon="11.288138"><ele>862</ele></trkpt>
      <trkpt lat="47.523741" lon="11.287244"><ele>862</ele></trkpt>
      <trkpt lat="47.523701" lon="11.287100"><ele>862</ele></trkpt>
      <trkpt lat="47.523712" lon="11.286943"><ele>862</ele></trkpt>
      <trkpt lat="47.523747" lon="11.286879"><ele>862</ele></trkpt>
      <trkpt lat="47.523767" lon="11.286775"><ele>862</ele></trkpt>
      <trkpt lat="47.523774" lon="11.286638"><ele>862</ele></trkpt>
      <trkpt lat="47.523741" lon="11.286421"><ele>862</ele></trkpt>
      <trkpt lat="47.523698" lon="11.286288"><ele>863</ele></trkpt>
      <trkpt lat="47.523601" lon="11.286136"><ele>863</ele></trkpt>
      <trkpt lat="47.523492" lon="11.285945"><ele>863</ele></trkpt>
      <trkpt lat="47.523398" lon="11.285747"><ele>863</ele></trkpt>
      <trkpt lat="47.523365" lon="11.285643"><ele>863</ele></trkpt>
      <trkpt lat="47.523359" lon="11.285555"><ele>863</ele></trkpt>
      <trkpt lat="47.523409" lon="11.285319"><ele>864</ele></trkpt>
      <trkpt lat="47.523377" lon="11.285165"><ele>864</ele></trkpt>
      <trkpt lat="47.523158" lon="11.284760"><ele>864</ele></trkpt>
      <trkpt lat="47.523345" lon="11.284384"><ele>865</ele></trkpt>
      <trkpt lat="47.523435" lon="11.284241"><ele>865</ele></trkpt>
      <trkpt lat="47.523523" lon="11.284020"><ele>866</ele></trkpt>
      <trkpt lat="47.523315" lon="11.283832"><ele>867</ele></trkpt>
      <trkpt lat="47.523102" lon="11.283660"><ele>868</ele></trkpt>
      <trkpt lat="47.522928" lon="11.283536"><ele>868</ele></trkpt>
      <trkpt lat="47.522794" lon="11.283405"><ele>868</ele></trkpt>
      <trkpt lat="47.522674" lon="11.283255"><ele>868</ele></trkpt>
      <trkpt lat="47.522596" lon="11.283144"><ele>868</ele></trkpt>
      <trkpt lat="47.522500" lon="11.282989"><ele>868</ele></trkpt>
      <trkpt lat="47.522239" lon="11.282435"><ele>868</ele></trkpt>
      <trkpt lat="47.522196" lon="11.282364"><ele>869</ele></trkpt>
      <trkpt lat="47.522066" lon="11.282176"><ele>869</ele></trkpt>
      <trkpt lat="47.521923" lon="11.282013"><ele>868</ele></trkpt>
      <trkpt lat="47.521854" lon="11.281960"><ele>868</ele></trkpt>
      <trkpt lat="47.521755" lon="11.281900"><ele>868</ele></trkpt>
      <trkpt lat="47.521481" lon="11.281760"><ele>867</ele></trkpt>
      <trkpt lat="47.521367" lon="11.281448"><ele>867</ele></trkpt>
      <trkpt lat="47.521309" lon="11.281292"><ele>867</ele></trkpt>
      <trkpt lat="47.521271" lon="11.281346"><ele>867</ele></trkpt>
      <trkpt lat="47.521166" lon="11.281100"><ele>868</ele></trkpt>
      <trkpt lat="47.521016" lon="11.280712"><ele>868</ele></trkpt>
      <trkpt lat="47.520965" lon="11.280564"><ele>869</ele></trkpt>
      <trkpt lat="47.520922" lon="11.280370"><ele>870</ele></trkpt>
      <trkpt lat="47.520916" lon="11.280336"><ele>870</ele></trkpt>
      <trkpt lat="47.520821" lon="11.280048"><ele>870</ele></trkpt>
      <trkpt lat="47.520775" lon="11.279941"><ele>871</ele></trkpt>
      <trkpt lat="47.520577" lon="11.279539"><ele>870</ele></trkpt>
      <trkpt lat="47.520344" lon="11.278983"><ele>872</ele></trkpt>
      <trkpt lat="47.520279" lon="11.278759"><ele>870</ele></trkpt>
      <trkpt lat="47.520210" lon="11.278602"><ele>871</ele></trkpt>
      <trkpt lat="47.520144" lon="11.278500"><ele>872</ele></trkpt>
      <trkpt lat="47.519789" lon="11.278035"><ele>872</ele></trkpt>
      <trkpt lat="47.519715" lon="11.277921"><ele>871</ele></trkpt>
      <trkpt lat="47.519633" lon="11.277758"><ele>871</ele></trkpt>
      <trkpt lat="47.519148" lon="11.276670"><ele>874</ele></trkpt>
      <trkpt lat="47.519065" lon="11.276520"><ele>874</ele></trkpt>
      <trkpt lat="47.518968" lon="11.276376"><ele>874</ele></trkpt>
      <trkpt lat="47.518944" lon="11.276351"><ele>874</ele></trkpt>
      <trkpt lat="47.518819" lon="11.276235"><ele>874</ele></trkpt>
      <trkpt lat="47.518566" lon="11.276051"><ele>874</ele></trkpt>
      <trkpt lat="47.518449" lon="11.275952"><ele>874</ele></trkpt>
      <trkpt lat="47.518169" lon="11.275670"><ele>874</ele></trkpt>
      <trkpt lat="47.518060" lon="11.275606"><ele>874</ele></trkpt>
      <trkpt lat="47.517999" lon="11.275593"><ele>874</ele></trkpt>
      <trkpt lat="47.517951" lon="11.275597"><ele>874</ele></trkpt>
      <trkpt lat="47.517904" lon="11.275613"><ele>874</ele></trkpt>
      <trkpt lat="47.517739" lon="11.275691"><ele>874</ele></trkpt>
      <trkpt lat="47.517625" lon="11.275735"><ele>874</ele></trkpt>
      <trkpt lat="47.517433" lon="11.275788"><ele>874</ele></trkpt>
      <trkpt lat="47.517239" lon="11.275810"><ele>874</ele></trkpt>
      <trkpt lat="47.517096" lon="11.275802"><ele>874</ele></trkpt>
      <trkpt lat="47.517019" lon="11.275766"><ele>873</ele></trkpt>
      <trkpt lat="47.516947" lon="11.275707"><ele>873</ele></trkpt>
      <trkpt lat="47.516880" lon="11.275636"><ele>873</ele></trkpt>
      <trkpt lat="47.516827" lon="11.275542"><ele>872</ele></trkpt>
      <trkpt lat="47.516779" lon="11.275408"><ele>872</ele></trkpt>
      <trkpt lat="47.516713" lon="11.275132"><ele>873</ele></trkpt>
      <trkpt lat="47.516686" lon="11.275054"><ele>873</ele></trkpt>
      <trkpt lat="47.516636" lon="11.274979"><ele>872</ele></trkpt>
      <trkpt lat="47.516580" lon="11.274869"><ele>872</ele></trkpt>
      <trkpt lat="47.516512" lon="11.275120"><ele>872</ele></trkpt>
      <trkpt lat="47.516367" lon="11.275450"><ele>872</ele></trkpt>
      <trkpt lat="47.516248" lon="11.275658"><ele>871</ele></trkpt>
      <trkpt lat="47.516161" lon="11.275879"><ele>872</ele></trkpt>
      <trkpt lat="47.516104" lon="11.276087"><ele>871</ele></trkpt>
      <trkpt lat="47.516040" lon="11.276272"><ele>870</ele></trkpt>
      <trkpt lat="47.515893" lon="11.276631"><ele>871</ele></trkpt>
    </trkseg></trk>
</gpx>
