<?xml version="1.0" encoding="UTF-8"?>
<gpx version="1.1" creator="radtour" xmlns="http://www.topografix.com/GPX/1/1">
  <metadata><name>Bozen-Oy 1.3 Innsbruck - Reutte</name></metadata>
  <trk><name>Bozen-Oy 1.3 Innsbruck - Reutte</name><trkseg>
      <trkpt lat="47.263959" lon="11.395002"><ele>578</ele></trkpt>
      <trkpt lat="47.263958" lon="11.394959"><ele>578</ele></trkpt>
      <trkpt lat="47.263975" lon="11.394838"><ele>577</ele></trkpt>
      <trkpt lat="47.263979" lon="11.394819"><ele>577</ele></trkpt>
      <trkpt lat="47.264078" lon="11.394822"><ele>577</ele></trkpt>
      <trkpt lat="47.264277" lon="11.394825"><ele>577</ele></trkpt>
      <trkpt lat="47.264388" lon="11.394814"><ele>577</ele></trkpt>
      <trkpt lat="47.264608" lon="11.394762"><ele>577</ele></trkpt>
      <trkpt lat="47.264724" lon="11.394722"><ele>577</ele></trkpt>
      <trkpt lat="47.264788" lon="11.394694"><ele>577</ele></trkpt>
      <trkpt lat="47.265011" lon="11.394574"><ele>576</ele></trkpt>
      <trkpt lat="47.265145" lon="11.394496"><ele>576</ele></trkpt>
      <trkpt lat="47.265177" lon="11.394466"><ele>576</ele></trkpt>
      <trkpt lat="47.265205" lon="11.394425"><ele>576</ele></trkpt>
      <trkpt lat="47.265223" lon="11.394390"><ele>576</ele></trkpt>
      <trkpt lat="47.265247" lon="11.394322"><ele>576</ele></trkpt>
      <trkpt lat="47.265251" lon="11.394236"><ele>576</ele></trkpt>
      <trkpt lat="47.265240" lon="11.394147"><ele>576</ele></trkpt>
      <trkpt lat="47.265193" lon="11.393935"><ele>576</ele></trkpt>
      <trkpt lat="47.265067" lon="11.393370"><ele>576</ele></trkpt>
      <trkpt lat="47.264997" lon="11.393075"><ele>576</ele></trkpt>
      <trkpt lat="47.264907" lon="11.392716"><ele>576</ele></trkpt>
      <trkpt lat="47.264870" lon="11.392570"><ele>576</ele></trkpt>
      <trkpt lat="47.264838" lon="11.392444"><ele>576</ele></trkpt>
      <trkpt lat="47.264724" lon="11.391997"><ele>576</ele></trkpt>
      <trkpt lat="47.264697" lon="11.391891"><ele>576</ele></trkpt>
      <trkpt lat="47.264808" lon="11.391859"><ele>576</ele></trkpt>
      <trkpt lat="47.264842" lon="11.391848"><ele>576</ele></trkpt>
      <trkpt lat="47.265248" lon="11.391730"><ele>576</ele></trkpt>
      <trkpt lat="47.265426" lon="11.391678"><ele>576</ele></trkpt>
      <trkpt lat="47.265502" lon="11.391656"><ele>576</ele></trkpt>
      <trkpt lat="47.265535" lon="11.391647"><ele>576</ele></trkpt>
      <trkpt lat="47.265586" lon="11.391654"><ele>576</ele></trkpt>
      <trkpt lat="47.265645" lon="11.391638"><ele>576</ele></trkpt>
      <trkpt lat="47.266010" lon="11.391526"><ele>575</ele></trkpt>
      <trkpt lat="47.266052" lon="11.391529"><ele>575</ele></trkpt>
      <trkpt lat="47.266093" lon="11.391551"><ele>575</ele></trkpt>
      <trkpt lat="47.266126" lon="11.391588"><ele>575</ele></trkpt>
      <trkpt lat="47.266155" lon="11.391649"><ele>575</ele></trkpt>
      <trkpt lat="47.266193" lon="11.391825"><ele>575</ele></trkpt>
      <trkpt lat="47.266201" lon="11.391862"><ele>575</ele></trkpt>
      <trkpt lat="47.266267" lon="11.392162"><ele>575</ele></trkpt>
      <trkpt lat="47.266288" lon="11.392208"><ele>575</ele></trkpt>
      <trkpt lat="47.266322" lon="11.392239"><ele>575</ele></trkpt>
      <trkpt lat="47.266350" lon="11.392248"><ele>575</ele></trkpt>
      <trkpt lat="47.266392" lon="11.392246"><ele>575</ele></trkpt>
      <trkpt lat="47.266721" lon="11.392152"><ele>575</ele></trkpt>
      <trkpt lat="47.266780" lon="11.392150"><ele>575</ele></trkpt>
      <trkpt lat="47.266856" lon="11.392172"><ele>575</ele></trkpt>
      <trkpt lat="47.266871" lon="11.392177"><ele>575</ele></trkpt>
      <trkpt lat="47.266931" lon="11.392088"><ele>575</ele></trkpt>
      <trkpt lat="47.267365" lon="11.391457"><ele>574</ele></trkpt>
      <trkpt lat="47.267439" lon="11.391323"><ele>574</ele></trkpt>
      <trkpt lat="47.267465" lon="11.391260"><ele>574</ele></trkpt>
      <trkpt lat="47.267467" lon="11.391250"><ele>574</ele></trkpt>
      <trkpt lat="47.267504" lon="11.391199"><ele>574</ele></trkpt>
      <trkpt lat="47.267525" lon="11.391174"><ele>574</ele></trkpt>
      <trkpt lat="47.267645" lon="11.391030"><ele>574</ele></trkpt>
      <trkpt lat="47.267695" lon="11.390923"><ele>574</ele></trkpt>
      <trkpt lat="47.267705" lon="11.390906"><ele>574</ele></trkpt>
      <trkpt lat="47.267916" lon="11.390570"><ele>572</ele></trkpt>
      <trkpt lat="47.267686" lon="11.390114"><ele>572</ele></trkpt>
      <trkpt lat="47.267622" lon="11.389992"><ele>572</ele></trkpt>
      <trkpt lat="47.267537" lon="11.389884"><ele>573</ele></trkpt>
      <trkpt lat="47.267358" lon="11.389510"><ele>572</ele></trkpt>
      <trkpt lat="47.267164" lon="11.389135"><ele>574</ele></trkpt>
      <trkpt lat="47.266970" lon="11.388757"><ele>574</ele></trkpt>
      <trkpt lat="47.266902" lon="11.388643"><ele>574</ele></trkpt>
      <trkpt lat="47.266827" lon="11.388515"><ele>573</ele></trkpt>
      <trkpt lat="47.266740" lon="11.388348"><ele>573</ele></trkpt>
      <trkpt lat="47.266588" lon="11.388055"><ele>574</ele></trkpt>
      <trkpt lat="47.266513" lon="11.387909"><ele>573</ele></trkpt>
      <trkpt lat="47.266346" lon="11.387582"><ele>574</ele></trkpt>
      <trkpt lat="47.266001" lon="11.386904"><ele>573</ele></trkpt>
      <trkpt lat="47.265864" lon="11.386634"><ele>573</ele></trkpt>
      <trkpt lat="47.265566" lon="11.386050"><ele>574</ele></trkpt>
      <trkpt lat="47.265343" lon="11.385650"><ele>574</ele></trkpt>
      <trkpt lat="47.265237" lon="11.385602"><ele>575</ele></trkpt>
      <trkpt lat="47.265018" lon="11.385258"><ele>574</ele></trkpt>
      <trkpt lat="47.264871" lon="11.385033"><ele>574</ele></trkpt>
      <trkpt lat="47.264734" lon="11.384813"><ele>574</ele></trkpt>
      <trkpt lat="47.264683" lon="11.384748"><ele>574</ele></trkpt>
      <trkpt lat="47.264668" lon="11.384734"><ele>574</ele></trkpt>
      <trkpt lat="47.264617" lon="11.384687"><ele>574</ele></trkpt>
      <trkpt lat="47.264536" lon="11.384632"><ele>574</ele></trkpt>
      <trkpt lat="47.264474" lon="11.384556"><ele>574</ele></trkpt>
      <trkpt lat="47.264426" lon="11.384466"><ele>574</ele></trkpt>
      <trkpt lat="47.264335" lon="11.384237"><ele>572</ele></trkpt>
      <trkpt lat="47.264067" lon="11.383905"><ele>574</ele></trkpt>
      <trkpt lat="47.263974" lon="11.383825"><ele>574</ele></trkpt>
      <trkpt lat="47.263768" lon="11.383608"><ele>574</ele></trkpt>
      <trkpt lat="47.263073" lon="11.383001"><ele>575</ele></trkpt>
      <trkpt lat="47.263012" lon="11.382948"><ele>574</ele></trkpt>
      <trkpt lat="47.262957" lon="11.382905"><ele>574</ele></trkpt>
      <trkpt lat="47.262582" lon="11.382600"><ele>574</ele></trkpt>
      <trkpt lat="47.262294" lon="11.382352"><ele>575</ele></trkpt>
      <trkpt lat="47.262067" lon="11.382269"><ele>576</ele></trkpt>
      <trkpt lat="47.261901" lon="11.382153"><ele>576</ele></trkpt>
      <trkpt lat="47.261764" lon="11.382037"><ele>576</ele></trkpt>
      <trkpt lat="47.261664" lon="11.382013"><ele>576</ele></trkpt>
      <trkpt lat="47.261555" lon="11.381936"><ele>576</ele></trkpt>
      <trkpt lat="47.261446" lon="11.381808"><ele>576</ele></trkpt>
      <trkpt lat="47.260793" lon="11.381101"><ele>576</ele></trkpt>
      <trkpt lat="47.260704" lon="11.381019"><ele>575</ele></trkpt>
      <trkpt lat="47.260244" lon="11.380657"><ele>575</ele></trkpt>
      <trkpt lat="47.260014" lon="11.380460"><ele>575</ele></trkpt>
      <trkpt lat="47.259699" lon="11.380207"><ele>575</ele></trkpt>
      <trkpt lat="47.259432" lon="11.380020"><ele>576</ele></trkpt>
      <trkpt lat="47.259390" lon="11.379896"><ele>574</ele></trkpt>
      <trkpt lat="47.259193" lon="11.379680"><ele>575</ele></trkpt>
      <trkpt lat="47.259138" lon="11.379622"><ele>575</ele></trkpt>
      <trkpt lat="47.259047" lon="11.379544"><ele>575</ele></trkpt>
      <trkpt lat="47.258861" lon="11.379396"><ele>575</ele></trkpt>
      <trkpt lat="47.258782" lon="11.379364"><ele>575</ele></trkpt>
      <trkpt lat="47.258717" lon="11.379299"><ele>575</ele></trkpt>
      <trkpt lat="47.258102" lon="11.378624"><ele>575</ele></trkpt>
      <trkpt lat="47.257463" lon="11.377942"><ele>575</ele></trkpt>
      <trkpt lat="47.257366" lon="11.377842"><ele>575</ele></trkpt>
      <trkpt lat="47.257198" lon="11.377682"><ele>575</ele></trkpt>
      <trkpt lat="47.257122" lon="11.377579"><ele>575</ele></trkpt>
      <trkpt lat="47.256840" lon="11.377298"><ele>575</ele></trkpt>
      <trkpt lat="47.256813" lon="11.377267"><ele>575</ele></trkpt>
      <trkpt lat="47.256768" lon="11.377216"><ele>575</ele></trkpt>
      <trkpt lat="47.256606" lon="11.377059"><ele>575</ele></trkpt>
      <trkpt lat="47.256506" lon="11.376937"><ele>576</ele></trkpt>
      <trkpt lat="47.256466" lon="11.376829"><ele>575</ele></trkpt>
      <trkpt lat="47.256312" lon="11.376665"><ele>575</ele></trkpt>
      <trkpt lat="47.255941" lon="11.376296"><ele>576</ele></trkpt>
      <trkpt lat="47.255864" lon="11.376215"><ele>576</ele></trkpt>
      <trkpt lat="47.254805" lon="11.375079"><ele>576</ele></trkpt>
      <trkpt lat="47.254585" lon="11.374800"><ele>576</ele></trkpt>
      <trkpt lat="47.254095" lon="11.374179"><ele>575</ele></trkpt>
      <trkpt lat="47.253850" lon="11.373867"><ele>577</ele></trkpt>
      <trkpt lat="47.253563" lon="11.373363"><ele>576</ele></trkpt>
      <trkpt lat="47.253284" lon="11.372802"><ele>576</ele></trkpt>
      <trkpt lat="47.253062" lon="11.372227"><ele>578</ele></trkpt>
      <trkpt lat="47.252892" lon="11.371687"><ele>578</ele></trkpt>
      <trkpt lat="47.252623" lon="11.370382"><ele>578</ele></trkpt>
      <trkpt lat="47.252550" lon="11.369692"><ele>578</ele></trkpt>
      <trkpt lat="47.252513" lon="11.369278"><ele>578</ele></trkpt>
      <trkpt lat="47.252517" lon="11.368540"><ele>578</ele></trkpt>
      <trkpt lat="47.252601" lon="11.367554"><ele>577</ele></trkpt>
      <trkpt lat="47.252806" lon="11.366494"><ele>578</ele></trkpt>
      <trkpt lat="47.253896" lon="11.361787"><ele>578</ele></trkpt>
      <trkpt lat="47.254344" lon="11.359442"><ele>577</ele></trkpt>
      <trkpt lat="47.254646" lon="11.357139"><ele>576</ele></trkpt>
      <trkpt lat="47.254669" lon="11.355755"><ele>578</ele></trkpt>
      <trkpt lat="47.254618" lon="11.354418"><ele>577</ele></trkpt>
      <trkpt lat="47.254400" lon="11.352740"><ele>578</ele></trkpt>
      <trkpt lat="47.254390" lon="11.352660"><ele>578</ele></trkpt>
      <trkpt lat="47.253934" lon="11.350641"><ele>579</ele></trkpt>
      <trkpt lat="47.253216" lon="11.348150"><ele>579</ele></trkpt>
      <trkpt lat="47.252843" lon="11.346829"><ele>580</ele></trkpt>
      <trkpt lat="47.252673" lon="11.346147"><ele>579</ele></trkpt>
      <trkpt lat="47.252528" lon="11.345514"><ele>580</ele></trkpt>
      <trkpt lat="47.252345" lon="11.344570"><ele>580</ele></trkpt>
      <trkpt lat="47.252273" lon="11.343963"><ele>581</ele></trkpt>
      <trkpt lat="47.252229" lon="11.343457"><ele>581</ele></trkpt>
      <trkpt lat="47.252187" lon="11.342649"><ele>580</ele></trkpt>
      <trkpt lat="47.252193" lon="11.341981"><ele>580</ele></trkpt>
      <trkpt lat="47.252213" lon="11.341345"><ele>581</ele></trkpt>
      <trkpt lat="47.252269" lon="11.340702"><ele>581</ele></trkpt>
      <trkpt lat="47.252356" lon="11.339994"><ele>580</ele></trkpt>
      <trkpt lat="47.252543" lon="11.338943"><ele>582</ele></trkpt>
      <trkpt lat="47.252772" lon="11.338057"><ele>582</ele></trkpt>
      <trkpt lat="47.252906" lon="11.337617"><ele>581</ele></trkpt>
      <trkpt lat="47.253121" lon="11.336960"><ele>582</ele></trkpt>
      <trkpt lat="47.253600" lon="11.335750"><ele>581</ele></trkpt>
      <trkpt lat="47.253948" lon="11.335019"><ele>581</ele></trkpt>
      <trkpt lat="47.253990" lon="11.334923"><ele>580</ele></trkpt>
      <trkpt lat="47.254183" lon="11.334551"><ele>582</ele></trkpt>
      <trkpt lat="47.254257" lon="11.334420"><ele>581</ele></trkpt>
      <trkpt lat="47.254811" lon="11.333467"><ele>581</ele></trkpt>
      <trkpt lat="47.254817" lon="11.333427"><ele>581</ele></trkpt>
      <trkpt lat="47.254592" lon="11.333062"><ele>582</ele></trkpt>
      <trkpt lat="47.254585" lon="11.333002"><ele>582</ele></trkpt>
      <trkpt lat="47.254585" lon="11.332930"><ele>582</ele></trkpt>
      <trkpt lat="47.254963" lon="11.331835"><ele>582</ele></trkpt>
      <trkpt lat="47.254993" lon="11.331664"><ele>582</ele></trkpt>
      <trkpt lat="47.255033" lon="11.331573"><ele>582</ele></trkpt>
      <trkpt lat="47.255104" lon="11.331397"><ele>582</ele></trkpt>
      <trkpt lat="47.255130" lon="11.331330"><ele>582</ele></trkpt>
      <trkpt lat="47.255173" lon="11.331206"><ele>582</ele></trkpt>
      <trkpt lat="47.255578" lon="11.330096"><ele>582</ele></trkpt>
      <trkpt lat="47.255822" lon="11.329477"><ele>582</ele></trkpt>
      <trkpt lat="47.256046" lon="11.328943"><ele>582</ele></trkpt>
      <trkpt lat="47.256184" lon="11.328612"><ele>581</ele></trkpt>
      <trkpt lat="47.256339" lon="11.328309"><ele>582</ele></trkpt>
      <trkpt lat="47.257089" lon="11.326942"><ele>583</ele></trkpt>
      <trkpt lat="47.257770" lon="11.326094"><ele>583</ele></trkpt>
      <trkpt lat="47.258292" lon="11.325524"><ele>583</ele></trkpt>
      <trkpt lat="47.258819" lon="11.324965"><ele>583</ele></trkpt>
      <trkpt lat="47.259275" lon="11.324505"><ele>583</ele></trkpt>
      <trkpt lat="47.259347" lon="11.324473"><ele>583</ele></trkpt>
      <trkpt lat="47.259425" lon="11.324476"><ele>583</ele></trkpt>
      <trkpt lat="47.259599" lon="11.324533"><ele>583</ele></trkpt>
      <trkpt lat="47.260586" lon="11.324899"><ele>583</ele></trkpt>
      <trkpt lat="47.260665" lon="11.324958"><ele>584</ele></trkpt>
      <trkpt lat="47.260699" lon="11.325003"><ele>584</ele></trkpt>
      <trkpt lat="47.260746" lon="11.325084"><ele>584</ele></trkpt>
      <trkpt lat="47.260823" lon="11.325223"><ele>584</ele></trkpt>
      <trkpt lat="47.260888" lon="11.325362"><ele>584</ele></trkpt>
      <trkpt lat="47.260908" lon="11.325421"><ele>583</ele></trkpt>
      <trkpt lat="47.261200" lon="11.325110"><ele>584</ele></trkpt>
      <trkpt lat="47.261224" lon="11.324998"><ele>586</ele></trkpt>
      <trkpt lat="47.261145" lon="11.324570"><ele>585</ele></trkpt>
      <trkpt lat="47.261165" lon="11.324417"><ele>584</ele></trkpt>
      <trkpt lat="47.261237" lon="11.324270"><ele>585</ele></trkpt>
      <trkpt lat="47.261391" lon="11.324201"><ele>584</ele></trkpt>
      <trkpt lat="47.261604" lon="11.324050"><ele>584</ele></trkpt>
      <trkpt lat="47.261874" lon="11.323754"><ele>584</ele></trkpt>
      <trkpt lat="47.262129" lon="11.323396"><ele>584</ele></trkpt>
      <trkpt lat="47.262439" lon="11.322955"><ele>584</ele></trkpt>
      <trkpt lat="47.262670" lon="11.322740"><ele>582</ele></trkpt>
      <trkpt lat="47.263166" lon="11.321706"><ele>582</ele></trkpt>
      <trkpt lat="47.263302" lon="11.321407"><ele>583</ele></trkpt>
      <trkpt lat="47.263410" lon="11.321142"><ele>582</ele></trkpt>
      <trkpt lat="47.263552" lon="11.320767"><ele>583</ele></trkpt>
      <trkpt lat="47.263805" lon="11.320006"><ele>583</ele></trkpt>
      <trkpt lat="47.264032" lon="11.319212"><ele>583</ele></trkpt>
      <trkpt lat="47.264151" lon="11.318768"><ele>583</ele></trkpt>
      <trkpt lat="47.264241" lon="11.318360"><ele>583</ele></trkpt>
      <trkpt lat="47.264413" lon="11.317400"><ele>583</ele></trkpt>
      <trkpt lat="47.264489" lon="11.316897"><ele>583</ele></trkpt>
      <trkpt lat="47.264579" lon="11.316020"><ele>583</ele></trkpt>
      <trkpt lat="47.264563" lon="11.314915"><ele>584</ele></trkpt>
      <trkpt lat="47.264655" lon="11.314063"><ele>584</ele></trkpt>
      <trkpt lat="47.264650" lon="11.313528"><ele>584</ele></trkpt>
      <trkpt lat="47.264599" lon="11.312689"><ele>583</ele></trkpt>
      <trkpt lat="47.264540" lon="11.312115"><ele>584</ele></trkpt>
      <trkpt lat="47.264337" lon="11.310304"><ele>584</ele></trkpt>
      <trkpt lat="47.264217" lon="11.309061"><ele>586</ele></trkpt>
      <trkpt lat="47.263485" lon="11.299045"><ele>585</ele></trkpt>
      <trkpt lat="47.263170" lon="11.294335"><ele>586</ele></trkpt>
      <trkpt lat="47.263122" lon="11.292883"><ele>588</ele></trkpt>
      <trkpt lat="47.263130" lon="11.291797"><ele>587</ele></trkpt>
      <trkpt lat="47.263173" lon="11.290937"><ele>586</ele></trkpt>
      <trkpt lat="47.263317" lon="11.289582"><ele>588</ele></trkpt>
      <trkpt lat="47.263465" lon="11.288680"><ele>587</ele></trkpt>
      <trkpt lat="47.263620" lon="11.287972"><ele>588</ele></trkpt>
      <trkpt lat="47.263840" lon="11.287107"><ele>588</ele></trkpt>
      <trkpt lat="47.264010" lon="11.286539"><ele>588</ele></trkpt>
      <trkpt lat="47.264200" lon="11.285970"><ele>589</ele></trkpt>
      <trkpt lat="47.264603" lon="11.284871"><ele>588</ele></trkpt>
      <trkpt lat="47.265239" lon="11.283351"><ele>588</ele></trkpt>
      <trkpt lat="47.265338" lon="11.283053"><ele>588</ele></trkpt>
      <trkpt lat="47.265392" lon="11.282853"><ele>588</ele></trkpt>
      <trkpt lat="47.265458" lon="11.282708"><ele>588</ele></trkpt>
      <trkpt lat="47.265532" lon="11.282512"><ele>587</ele></trkpt>
      <trkpt lat="47.265564" lon="11.282355"><ele>588</ele></trkpt>
      <trkpt lat="47.265583" lon="11.281590"><ele>588</ele></trkpt>
      <trkpt lat="47.265594" lon="11.281392"><ele>588</ele></trkpt>
      <trkpt lat="47.265675" lon="11.278937"><ele>590</ele></trkpt>
      <trkpt lat="47.265672" lon="11.278366"><ele>590</ele></trkpt>
      <trkpt lat="47.265560" lon="11.276105"><ele>591</ele></trkpt>
      <trkpt lat="47.265359" lon="11.273815"><ele>590</ele></trkpt>
      <trkpt lat="47.265262" lon="11.272592"><ele>590</ele></trkpt>
      <trkpt lat="47.265190" lon="11.269750"><ele>590</ele></trkpt>
      <trkpt lat="47.265222" lon="11.268819"><ele>592</ele></trkpt>
      <trkpt lat="47.265772" lon="11.266165"><ele>593</ele></trkpt>
      <trkpt lat="47.265858" lon="11.265947"><ele>592</ele></trkpt>
      <trkpt lat="47.265932" lon="11.265828"><ele>591</ele></trkpt>
      <trkpt lat="47.266051" lon="11.265602"><ele>589</ele></trkpt>
      <trkpt lat="47.266326" lon="11.264061"><ele>591</ele></trkpt>
      <trkpt lat="47.266351" lon="11.263866"><ele>592</ele></trkpt>
      <trkpt lat="47.266417" lon="11.263608"><ele>592</ele></trkpt>
      <trkpt lat="47.266422" lon="11.263430"><ele>592</ele></trkpt>
      <trkpt lat="47.266443" lon="11.262833"><ele>592</ele></trkpt>
      <trkpt lat="47.266452" lon="11.262442"><ele>590</ele></trkpt>
      <trkpt lat="47.266445" lon="11.262136"><ele>590</ele></trkpt>
      <trkpt lat="47.266445" lon="11.262071"><ele>590</ele></trkpt>
      <trkpt lat="47.266429" lon="11.261926"><ele>589</ele></trkpt>
      <trkpt lat="47.266407" lon="11.261858"><ele>589</ele></trkpt>
      <trkpt lat="47.266202" lon="11.261253"><ele>591</ele></trkpt>
      <trkpt lat="47.265976" lon="11.260651"><ele>593</ele></trkpt>
      <trkpt lat="47.265906" lon="11.260569"><ele>592</ele></trkpt>
      <trkpt lat="47.265610" lon="11.260490"><ele>594</ele></trkpt>
      <trkpt lat="47.265455" lon="11.260366"><ele>595</ele></trkpt>
      <trkpt lat="47.265288" lon="11.259981"><ele>592</ele></trkpt>
      <trkpt lat="47.265037" lon="11.258363"><ele>592</ele></trkpt>
      <trkpt lat="47.264923" lon="11.257917"><ele>592</ele></trkpt>
      <trkpt lat="47.264602" lon="11.256895"><ele>592</ele></trkpt>
      <trkpt lat="47.264533" lon="11.256718"><ele>592</ele></trkpt>
      <trkpt lat="47.264312" lon="11.256315"><ele>593</ele></trkpt>
      <trkpt lat="47.264201" lon="11.256076"><ele>593</ele></trkpt>
      <trkpt lat="47.264098" lon="11.255780"><ele>593</ele></trkpt>
      <trkpt lat="47.264268" lon="11.255600"><ele>592</ele></trkpt>
      <trkpt lat="47.265027" lon="11.254797"><ele>592</ele></trkpt>
      <trkpt lat="47.265045" lon="11.254759"><ele>592</ele></trkpt>
      <trkpt lat="47.265055" lon="11.254685"><ele>592</ele></trkpt>
      <trkpt lat="47.265041" lon="11.254601"><ele>592</ele></trkpt>
      <trkpt lat="47.265003" lon="11.254452"><ele>592</ele></trkpt>
      <trkpt lat="47.264998" lon="11.254381"><ele>592</ele></trkpt>
      <trkpt lat="47.265004" lon="11.254339"><ele>592</ele></trkpt>
      <trkpt lat="47.265020" lon="11.254306"><ele>592</ele></trkpt>
      <trkpt lat="47.265077" lon="11.254269"><ele>592</ele></trkpt>
      <trkpt lat="47.265097" lon="11.254258"><ele>592</ele></trkpt>
      <trkpt lat="47.265190" lon="11.254205"><ele>592</ele></trkpt>
      <trkpt lat="47.265271" lon="11.254170"><ele>593</ele></trkpt>
      <trkpt lat="47.265487" lon="11.254103"><ele>593</ele></trkpt>
      <trkpt lat="47.265597" lon="11.254056"><ele>593</ele></trkpt>
      <trkpt lat="47.265688" lon="11.254006"><ele>594</ele></trkpt>
      <trkpt lat="47.265802" lon="11.253929"><ele>594</ele></trkpt>
      <trkpt lat="47.265904" lon="11.253858"><ele>594</ele></trkpt>
      <trkpt lat="47.266080" lon="11.253742"><ele>596</ele></trkpt>
      <trkpt lat="47.266087" lon="11.253736"><ele>596</ele></trkpt>
      <trkpt lat="47.266233" lon="11.253623"><ele>597</ele></trkpt>
      <trkpt lat="47.266410" lon="11.253480"><ele>598</ele></trkpt>
      <trkpt lat="47.266542" lon="11.253362"><ele>598</ele></trkpt>
      <trkpt lat="47.266531" lon="11.253294"><ele>598</ele></trkpt>
      <trkpt lat="47.266511" lon="11.253228"><ele>598</ele></trkpt>
      <trkpt lat="47.266407" lon="11.252942"><ele>598</ele></trkpt>
      <trkpt lat="47.266335" lon="11.252736"><ele>597</ele></trkpt>
      <trkpt lat="47.266259" lon="11.252525"><ele>598</ele></trkpt>
      <trkpt lat="47.266240" lon="11.252472"><ele>598</ele></trkpt>
      <trkpt lat="47.266167" lon="11.252244"><ele>597</ele></trkpt>
      <trkpt lat="47.266103" lon="11.252042"><ele>597</ele></trkpt>
      <trkpt lat="47.266096" lon="11.251967"><ele>597</ele></trkpt>
      <trkpt lat="47.266102" lon="11.251928"><ele>597</ele></trkpt>
      <trkpt lat="47.266063" lon="11.251872"><ele>596</ele></trkpt>
      <trkpt lat="47.266040" lon="11.251780"><ele>596</ele></trkpt>
      <trkpt lat="47.266044" lon="11.251644"><ele>595</ele></trkpt>
      <trkpt lat="47.266047" lon="11.251584"><ele>595</ele></trkpt>
      <trkpt lat="47.266049" lon="11.251536"><ele>595</ele></trkpt>
      <trkpt lat="47.266062" lon="11.251221"><ele>595</ele></trkpt>
      <trkpt lat="47.266081" lon="11.250763"><ele>594</ele></trkpt>
      <trkpt lat="47.266090" lon="11.250541"><ele>594</ele></trkpt>
      <trkpt lat="47.266096" lon="11.250376"><ele>592</ele></trkpt>
      <trkpt lat="47.266116" lon="11.250290"><ele>592</ele></trkpt>
      <trkpt lat="47.266135" lon="11.250266"><ele>592</ele></trkpt>
      <trkpt lat="47.266167" lon="11.250253"><ele>592</ele></trkpt>
      <trkpt lat="47.266292" lon="11.250263"><ele>592</ele></trkpt>
      <trkpt lat="47.266562" lon="11.250319"><ele>594</ele></trkpt>
      <trkpt lat="47.266570" lon="11.250208"><ele>593</ele></trkpt>
      <trkpt lat="47.266566" lon="11.250109"><ele>593</ele></trkpt>
      <trkpt lat="47.266558" lon="11.249928"><ele>593</ele></trkpt>
      <trkpt lat="47.266547" lon="11.249536"><ele>592</ele></trkpt>
      <trkpt lat="47.266537" lon="11.249141"><ele>592</ele></trkpt>
      <trkpt lat="47.266529" lon="11.249011"><ele>592</ele></trkpt>
      <trkpt lat="47.266515" lon="11.248739"><ele>592</ele></trkpt>
      <trkpt lat="47.266511" lon="11.248544"><ele>593</ele></trkpt>
      <trkpt lat="47.266517" lon="11.248448"><ele>593</ele></trkpt>
      <trkpt lat="47.266527" lon="11.248320"><ele>593</ele></trkpt>
      <trkpt lat="47.266551" lon="11.248140"><ele>593</ele></trkpt>
      <trkpt lat="47.266554" lon="11.248124"><ele>593</ele></trkpt>
      <trkpt lat="47.266583" lon="11.247944"><ele>593</ele></trkpt>
      <trkpt lat="47.266621" lon="11.247758"><ele>592</ele></trkpt>
      <trkpt lat="47.266693" lon="11.247340"><ele>592</ele></trkpt>
      <trkpt lat="47.266700" lon="11.247199"><ele>592</ele></trkpt>
      <trkpt lat="47.266697" lon="11.247158"><ele>592</ele></trkpt>
      <trkpt lat="47.266695" lon="11.247081"><ele>592</ele></trkpt>
      <trkpt lat="47.266687" lon="11.247015"><ele>592</ele></trkpt>
      <trkpt lat="47.266641" lon="11.246738"><ele>592</ele></trkpt>
      <trkpt lat="47.266525" lon="11.246134"><ele>592</ele></trkpt>
      <trkpt lat="47.266497" lon="11.245960"><ele>592</ele></trkpt>
      <trkpt lat="47.266468" lon="11.245677"><ele>592</ele></trkpt>
      <trkpt lat="47.266460" lon="11.245427"><ele>592</ele></trkpt>
      <trkpt lat="47.266465" lon="11.245252"><ele>592</ele></trkpt>
      <trkpt lat="47.266504" lon="11.244526"><ele>592</ele></trkpt>
      <trkpt lat="47.266522" lon="11.244341"><ele>592</ele></trkpt>
      <trkpt lat="47.266537" lon="11.244154"><ele>592</ele></trkpt>
      <trkpt lat="47.266534" lon="11.244044"><ele>592</ele></trkpt>
      <trkpt lat="47.266502" lon="11.243878"><ele>592</ele></trkpt>
      <trkpt lat="47.266462" lon="11.243717"><ele>592</ele></trkpt>
      <trkpt lat="47.266417" lon="11.243424"><ele>593</ele></trkpt>
      <trkpt lat="47.266396" lon="11.243170"><ele>593</ele></trkpt>
      <trkpt lat="47.266394" lon="11.242900"><ele>593</ele></trkpt>
      <trkpt lat="47.266404" lon="11.242675"><ele>593</ele></trkpt>
      <trkpt lat="47.266446" lon="11.241907"><ele>593</ele></trkpt>
      <trkpt lat="47.266466" lon="11.241587"><ele>593</ele></trkpt>
      <trkpt lat="47.266497" lon="11.241335"><ele>593</ele></trkpt>
      <trkpt lat="47.266565" lon="11.241103"><ele>593</ele></trkpt>
      <trkpt lat="47.266700" lon="11.240762"><ele>593</ele></trkpt>
      <trkpt lat="47.266792" lon="11.240525"><ele>592</ele></trkpt>
      <trkpt lat="47.266820" lon="11.240421"><ele>592</ele></trkpt>
      <trkpt lat="47.266853" lon="11.240251"><ele>593</ele></trkpt>
      <trkpt lat="47.266865" lon="11.240142"><ele>593</ele></trkpt>
      <trkpt lat="47.266873" lon="11.239981"><ele>593</ele></trkpt>
      <trkpt lat="47.266876" lon="11.239667"><ele>593</ele></trkpt>
      <trkpt lat="47.266879" lon="11.239621"><ele>593</ele></trkpt>
      <trkpt lat="47.266896" lon="11.239534"><ele>593</ele></trkpt>
      <trkpt lat="47.266933" lon="11.239442"><ele>593</ele></trkpt>
      <trkpt lat="47.267063" lon="11.239229"><ele>594</ele></trkpt>
      <trkpt lat="47.267093" lon="11.239150"><ele>594</ele></trkpt>
      <trkpt lat="47.267170" lon="11.238921"><ele>593</ele></trkpt>
      <trkpt lat="47.267255" lon="11.238728"><ele>593</ele></trkpt>
      <trkpt lat="47.267342" lon="11.238566"><ele>594</ele></trkpt>
      <trkpt lat="47.267467" lon="11.238391"><ele>593</ele></trkpt>
      <trkpt lat="47.267635" lon="11.238191"><ele>594</ele></trkpt>
      <trkpt lat="47.267863" lon="11.237955"><ele>594</ele></trkpt>
      <trkpt lat="47.267903" lon="11.237933"><ele>594</ele></trkpt>
      <trkpt lat="47.268054" lon="11.237880"><ele>594</ele></trkpt>
      <trkpt lat="47.268111" lon="11.237841"><ele>594</ele></trkpt>
      <trkpt lat="47.268133" lon="11.237816"><ele>594</ele></trkpt>
      <trkpt lat="47.268142" lon="11.237805"><ele>594</ele></trkpt>
      <trkpt lat="47.268377" lon="11.237530"><ele>596</ele></trkpt>
      <trkpt lat="47.268426" lon="11.237486"><ele>596</ele></trkpt>
      <trkpt lat="47.268461" lon="11.237478"><ele>596</ele></trkpt>
      <trkpt lat="47.268510" lon="11.237483"><ele>596</ele></trkpt>
      <trkpt lat="47.268622" lon="11.237516"><ele>597</ele></trkpt>
      <trkpt lat="47.268669" lon="11.237516"><ele>597</ele></trkpt>
      <trkpt lat="47.268722" lon="11.237501"><ele>597</ele></trkpt>
      <trkpt lat="47.268829" lon="11.237446"><ele>598</ele></trkpt>
      <trkpt lat="47.268760" lon="11.237223"><ele>597</ele></trkpt>
      <trkpt lat="47.268667" lon="11.236911"><ele>597</ele></trkpt>
      <trkpt lat="47.268505" lon="11.236324"><ele>594</ele></trkpt>
      <trkpt lat="47.268219" lon="11.235313"><ele>594</ele></trkpt>
      <trkpt lat="47.268166" lon="11.235136"><ele>596</ele></trkpt>
      <trkpt lat="47.268081" lon="11.234840"><ele>597</ele></trkpt>
      <trkpt lat="47.267926" lon="11.234297"><ele>596</ele></trkpt>
      <trkpt lat="47.268091" lon="11.234221"><ele>595</ele></trkpt>
      <trkpt lat="47.268261" lon="11.234151"><ele>596</ele></trkpt>
      <trkpt lat="47.268474" lon="11.232989"><ele>595</ele></trkpt>
      <trkpt lat="47.268698" lon="11.232275"><ele>594</ele></trkpt>
      <trkpt lat="47.268929" lon="11.231675"><ele>594</ele></trkpt>
      <trkpt lat="47.269420" lon="11.232289"><ele>594</ele></trkpt>
      <trkpt lat="47.269749" lon="11.231749"><ele>594</ele></trkpt>
      <trkpt lat="47.269896" lon="11.231926"><ele>594</ele></trkpt>
      <trkpt lat="47.270044" lon="11.231694"><ele>595</ele></trkpt>
      <trkpt lat="47.270135" lon="11.231460"><ele>594</ele></trkpt>
      <trkpt lat="47.270323" lon="11.230903"><ele>595</ele></trkpt>
      <trkpt lat="47.270526" lon="11.230396"><ele>595</ele></trkpt>
      <trkpt lat="47.270611" lon="11.230245"><ele>595</ele></trkpt>
      <trkpt lat="47.270744" lon="11.230059"><ele>596</ele></trkpt>
      <trkpt lat="47.270906" lon="11.229862"><ele>596</ele></trkpt>
      <trkpt lat="47.271096" lon="11.229594"><ele>596</ele></trkpt>
      <trkpt lat="47.271400" lon="11.228933"><ele>595</ele></trkpt>
      <trkpt lat="47.271649" lon="11.228343"><ele>595</ele></trkpt>
      <trkpt lat="47.272124" lon="11.227392"><ele>595</ele></trkpt>
      <trkpt lat="47.272230" lon="11.227157"><ele>595</ele></trkpt>
      <trkpt lat="47.272456" lon="11.226566"><ele>595</ele></trkpt>
      <trkpt lat="47.272731" lon="11.226022"><ele>595</ele></trkpt>
      <trkpt lat="47.272888" lon="11.225605"><ele>595</ele></trkpt>
      <trkpt lat="47.273067" lon="11.224767"><ele>595</ele></trkpt>
      <trkpt lat="47.273424" lon="11.223436"><ele>596</ele></trkpt>
      <trkpt lat="47.274290" lon="11.221279"><ele>596</ele></trkpt>
      <trkpt lat="47.274845" lon="11.220264"><ele>596</ele></trkpt>
      <trkpt lat="47.275071" lon="11.219788"><ele>597</ele></trkpt>
      <trkpt lat="47.275254" lon="11.219338"><ele>597</ele></trkpt>
      <trkpt lat="47.275336" lon="11.218935"><ele>597</ele></trkpt>
      <trkpt lat="47.275351" lon="11.218147"><ele>598</ele></trkpt>
      <trkpt lat="47.275458" lon="11.217618"><ele>598</ele></trkpt>
      <trkpt lat="47.275525" lon="11.217339"><ele>598</ele></trkpt>
      <trkpt lat="47.275585" lon="11.217122"><ele>598</ele></trkpt>
      <trkpt lat="47.275616" lon="11.216997"><ele>597</ele></trkpt>
      <trkpt lat="47.275656" lon="11.216449"><ele>597</ele></trkpt>
      <trkpt lat="47.275689" lon="11.216133"><ele>598</ele></trkpt>
      <trkpt lat="47.275807" lon="11.215629"><ele>599</ele></trkpt>
      <trkpt lat="47.275996" lon="11.215122"><ele>598</ele></trkpt>
      <trkpt lat="47.276216" lon="11.214561"><ele>597</ele></trkpt>
      <trkpt lat="47.276664" lon="11.213472"><ele>599</ele></trkpt>
      <trkpt lat="47.277244" lon="11.212064"><ele>598</ele></trkpt>
      <trkpt lat="47.278065" lon="11.210659"><ele>599</ele></trkpt>
      <trkpt lat="47.278380" lon="11.209899"><ele>599</ele></trkpt>
      <trkpt lat="47.278732" lon="11.208870"><ele>598</ele></trkpt>
      <trkpt lat="47.279072" lon="11.207780"><ele>598</ele></trkpt>
      <trkpt lat="47.279276" lon="11.207054"><ele>599</ele></trkpt>
      <trkpt lat="47.279356" lon="11.206716"><ele>600</ele></trkpt>
      <trkpt lat="47.279442" lon="11.206296"><ele>600</ele></trkpt>
      <trkpt lat="47.279515" lon="11.205886"><ele>600</ele></trkpt>
      <trkpt lat="47.279541" lon="11.205666"><ele>600</ele></trkpt>
      <trkpt lat="47.279576" lon="11.205437"><ele>600</ele></trkpt>
      <trkpt lat="47.279635" lon="11.204961"><ele>599</ele></trkpt>
      <trkpt lat="47.279706" lon="11.204065"><ele>601</ele></trkpt>
      <trkpt lat="47.279747" lon="11.203373"><ele>600</ele></trkpt>
      <trkpt lat="47.279862" lon="11.200335"><ele>603</ele></trkpt>
      <trkpt lat="47.279900" lon="11.200166"><ele>603</ele></trkpt>
      <trkpt lat="47.279962" lon="11.200006"><ele>602</ele></trkpt>
      <trkpt lat="47.280023" lon="11.199775"><ele>601</ele></trkpt>
      <trkpt lat="47.280043" lon="11.199522"><ele>600</ele></trkpt>
      <trkpt lat="47.279962" lon="11.198716"><ele>600</ele></trkpt>
      <trkpt lat="47.279864" lon="11.198305"><ele>599</ele></trkpt>
      <trkpt lat="47.279828" lon="11.197495"><ele>600</ele></trkpt>
      <trkpt lat="47.279738" lon="11.193673"><ele>602</ele></trkpt>
      <trkpt lat="47.279756" lon="11.193116"><ele>602</ele></trkpt>
      <trkpt lat="47.279831" lon="11.192662"><ele>601</ele></trkpt>
      <trkpt lat="47.280112" lon="11.191833"><ele>601</ele></trkpt>
      <trkpt lat="47.280145" lon="11.191747"><ele>601</ele></trkpt>
      <trkpt lat="47.280187" lon="11.191635"><ele>601</ele></trkpt>
      <trkpt lat="47.280207" lon="11.191571"><ele>601</ele></trkpt>
      <trkpt lat="47.280285" lon="11.191453"><ele>601</ele></trkpt>
      <trkpt lat="47.280348" lon="11.191355"><ele>601</ele></trkpt>
      <trkpt lat="47.280655" lon="11.190919"><ele>601</ele></trkpt>
      <trkpt lat="47.280913" lon="11.190594"><ele>601</ele></trkpt>
      <trkpt lat="47.281040" lon="11.190452"><ele>601</ele></trkpt>
      <trkpt lat="47.281176" lon="11.190346"><ele>601</ele></trkpt>
      <trkpt lat="47.281850" lon="11.189871"><ele>602</ele></trkpt>
      <trkpt lat="47.282173" lon="11.189529"><ele>602</ele></trkpt>
      <trkpt lat="47.282483" lon="11.189144"><ele>603</ele></trkpt>
      <trkpt lat="47.282782" lon="11.188676"><ele>602</ele></trkpt>
      <trkpt lat="47.283069" lon="11.188184"><ele>603</ele></trkpt>
      <trkpt lat="47.283269" lon="11.187804"><ele>602</ele></trkpt>
      <trkpt lat="47.283454" lon="11.187430"><ele>602</ele></trkpt>
      <trkpt lat="47.283698" lon="11.186855"><ele>602</ele></trkpt>
      <trkpt lat="47.283930" lon="11.186276"><ele>603</ele></trkpt>
      <trkpt lat="47.284151" lon="11.185596"><ele>604</ele></trkpt>
      <trkpt lat="47.284421" lon="11.184610"><ele>604</ele></trkpt>
      <trkpt lat="47.284641" lon="11.183501"><ele>602</ele></trkpt>
      <trkpt lat="47.284760" lon="11.182631"><ele>603</ele></trkpt>
      <trkpt lat="47.284807" lon="11.182185"><ele>602</ele></trkpt>
      <trkpt lat="47.284837" lon="11.181736"><ele>602</ele></trkpt>
      <trkpt lat="47.284866" lon="11.181009"><ele>602</ele></trkpt>
      <trkpt lat="47.284841" lon="11.179755"><ele>602</ele></trkpt>
      <trkpt lat="47.284723" lon="11.178232"><ele>605</ele></trkpt>
      <trkpt lat="47.284450" lon="11.176005"><ele>605</ele></trkpt>
      <trkpt lat="47.284277" lon="11.174718"><ele>604</ele></trkpt>
      <trkpt lat="47.284222" lon="11.174406"><ele>605</ele></trkpt>
      <trkpt lat="47.284099" lon="11.173877"><ele>604</ele></trkpt>
      <trkpt lat="47.283793" lon="11.172645"><ele>605</ele></trkpt>
      <trkpt lat="47.283736" lon="11.172387"><ele>605</ele></trkpt>
      <trkpt lat="47.283690" lon="11.172250"><ele>604</ele></trkpt>
      <trkpt lat="47.283642" lon="11.172170"><ele>605</ele></trkpt>
      <trkpt lat="47.283619" lon="11.172148"><ele>605</ele></trkpt>
      <trkpt lat="47.283583" lon="11.172135"><ele>605</ele></trkpt>
      <trkpt lat="47.283362" lon="11.172140"><ele>604</ele></trkpt>
      <trkpt lat="47.283237" lon="11.172144"><ele>604</ele></trkpt>
      <trkpt lat="47.283228" lon="11.172011"><ele>604</ele></trkpt>
      <trkpt lat="47.283179" lon="11.171727"><ele>604</ele></trkpt>
      <trkpt lat="47.283141" lon="11.171628"><ele>603</ele></trkpt>
      <trkpt lat="47.283105" lon="11.171563"><ele>603</ele></trkpt>
      <trkpt lat="47.283074" lon="11.171515"><ele>604</ele></trkpt>
      <trkpt lat="47.283059" lon="11.171492"><ele>604</ele></trkpt>
      <trkpt lat="47.282984" lon="11.171377"><ele>604</ele></trkpt>
      <trkpt lat="47.282881" lon="11.171220"><ele>604</ele></trkpt>
      <trkpt lat="47.282802" lon="11.171107"><ele>604</ele></trkpt>
      <trkpt lat="47.282661" lon="11.170935"><ele>604</ele></trkpt>
      <trkpt lat="47.282503" lon="11.170755"><ele>604</ele></trkpt>
      <trkpt lat="47.282359" lon="11.170621"><ele>604</ele></trkpt>
      <trkpt lat="47.282231" lon="11.170523"><ele>604</ele></trkpt>
      <trkpt lat="47.282043" lon="11.170379"><ele>604</ele></trkpt>
      <trkpt lat="47.281903" lon="11.170303"><ele>604</ele></trkpt>
      <trkpt lat="47.281879" lon="11.170275"><ele>604</ele></trkpt>
      <trkpt lat="47.281861" lon="11.170249"><ele>604</ele></trkpt>
      <trkpt lat="47.281848" lon="11.170209"><ele>604</ele></trkpt>
      <trkpt lat="47.281844" lon="11.170122"><ele>604</ele></trkpt>
      <trkpt lat="47.281860" lon="11.170010"><ele>604</ele></trkpt>
      <trkpt lat="47.281904" lon="11.170004"><ele>604</ele></trkpt>
      <trkpt lat="47.281932" lon="11.169979"><ele>604</ele></trkpt>
      <trkpt lat="47.281965" lon="11.169968"><ele>604</ele></trkpt>
      <trkpt lat="47.282098" lon="11.169953"><ele>604</ele></trkpt>
      <trkpt lat="47.282492" lon="11.169886"><ele>605</ele></trkpt>
      <trkpt lat="47.282752" lon="11.169815"><ele>606</ele></trkpt>
      <trkpt lat="47.283227" lon="11.169665"><ele>605</ele></trkpt>
      <trkpt lat="47.284184" lon="11.169372"><ele>609</ele></trkpt>
      <trkpt lat="47.284446" lon="11.169286"><ele>611</ele></trkpt>
      <trkpt lat="47.284440" lon="11.169234"><ele>612</ele></trkpt>
      <trkpt lat="47.284438" lon="11.169186"><ele>614</ele></trkpt>
      <trkpt lat="47.284455" lon="11.169137"><ele>613</ele></trkpt>
      <trkpt lat="47.284450" lon="11.169095"><ele>612</ele></trkpt>
      <trkpt lat="47.284416" lon="11.169078"><ele>612</ele></trkpt>
      <trkpt lat="47.284363" lon="11.169076"><ele>612</ele></trkpt>
      <trkpt lat="47.284202" lon="11.169095"><ele>610</ele></trkpt>
      <trkpt lat="47.284135" lon="11.169052"><ele>609</ele></trkpt>
      <trkpt lat="47.284089" lon="11.168998"><ele>608</ele></trkpt>
      <trkpt lat="47.284054" lon="11.168922"><ele>606</ele></trkpt>
      <trkpt lat="47.283994" lon="11.168712"><ele>605</ele></trkpt>
      <trkpt lat="47.283929" lon="11.168462"><ele>606</ele></trkpt>
      <trkpt lat="47.283837" lon="11.168038"><ele>605</ele></trkpt>
      <trkpt lat="47.283801" lon="11.167797"><ele>605</ele></trkpt>
      <trkpt lat="47.283734" lon="11.167263"><ele>605</ele></trkpt>
      <trkpt lat="47.283713" lon="11.166979"><ele>605</ele></trkpt>
      <trkpt lat="47.283701" lon="11.166661"><ele>605</ele></trkpt>
      <trkpt lat="47.283700" lon="11.166453"><ele>605</ele></trkpt>
      <trkpt lat="47.283725" lon="11.166213"><ele>605</ele></trkpt>
      <trkpt lat="47.283737" lon="11.166026"><ele>605</ele></trkpt>
      <trkpt lat="47.283904" lon="11.164926"><ele>606</ele></trkpt>
      <trkpt lat="47.283935" lon="11.164718"><ele>606</ele></trkpt>
      <trkpt lat="47.284018" lon="11.164413"><ele>605</ele></trkpt>
      <trkpt lat="47.284184" lon="11.163898"><ele>606</ele></trkpt>
      <trkpt lat="47.284531" lon="11.162951"><ele>605</ele></trkpt>
      <trkpt lat="47.284696" lon="11.162529"><ele>606</ele></trkpt>
      <trkpt lat="47.284975" lon="11.161860"><ele>606</ele></trkpt>
      <trkpt lat="47.285579" lon="11.160334"><ele>606</ele></trkpt>
      <trkpt lat="47.285742" lon="11.159966"><ele>606</ele></trkpt>
      <trkpt lat="47.286080" lon="11.159286"><ele>606</ele></trkpt>
      <trkpt lat="47.286347" lon="11.158820"><ele>607</ele></trkpt>
      <trkpt lat="47.286418" lon="11.158663"><ele>608</ele></trkpt>
      <trkpt lat="47.287121" lon="11.156762"><ele>607</ele></trkpt>
      <trkpt lat="47.287430" lon="11.156022"><ele>608</ele></trkpt>
      <trkpt lat="47.288425" lon="11.153737"><ele>608</ele></trkpt>
      <trkpt lat="47.289782" lon="11.150661"><ele>608</ele></trkpt>
      <trkpt lat="47.290458" lon="11.149054"><ele>608</ele></trkpt>
      <trkpt lat="47.291256" lon="11.147181"><ele>608</ele></trkpt>
      <trkpt lat="47.291565" lon="11.146389"><ele>608</ele></trkpt>
      <trkpt lat="47.291872" lon="11.145574"><ele>608</ele></trkpt>
      <trkpt lat="47.292307" lon="11.144468"><ele>608</ele></trkpt>
      <trkpt lat="47.292847" lon="11.143231"><ele>608</ele></trkpt>
      <trkpt lat="47.294063" lon="11.140385"><ele>609</ele></trkpt>
      <trkpt lat="47.294384" lon="11.139618"><ele>609</ele></trkpt>
      <trkpt lat="47.294873" lon="11.138390"><ele>609</ele></trkpt>
      <trkpt lat="47.295316" lon="11.137306"><ele>609</ele></trkpt>
      <trkpt lat="47.295758" lon="11.136247"><ele>609</ele></trkpt>
      <trkpt lat="47.296054" lon="11.135645"><ele>610</ele></trkpt>
      <trkpt lat="47.296334" lon="11.135093"><ele>610</ele></trkpt>
      <trkpt lat="47.297169" lon="11.133310"><ele>610</ele></trkpt>
      <trkpt lat="47.297653" lon="11.132237"><ele>610</ele></trkpt>
      <trkpt lat="47.298139" lon="11.131096"><ele>611</ele></trkpt>
      <trkpt lat="47.298398" lon="11.130456"><ele>611</ele></trkpt>
      <trkpt lat="47.298951" lon="11.129213"><ele>611</ele></trkpt>
      <trkpt lat="47.299691" lon="11.127502"><ele>612</ele></trkpt>
      <trkpt lat="47.300044" lon="11.126743"><ele>612</ele></trkpt>
      <trkpt lat="47.300239" lon="11.126373"><ele>612</ele></trkpt>
      <trkpt lat="47.300456" lon="11.125997"><ele>613</ele></trkpt>
      <trkpt lat="47.300780" lon="11.125478"><ele>613</ele></trkpt>
      <trkpt lat="47.301120" lon="11.124986"><ele>613</ele></trkpt>
      <trkpt lat="47.301193" lon="11.124885"><ele>612</ele></trkpt>
      <trkpt lat="47.301255" lon="11.124798"><ele>612</ele></trkpt>
      <trkpt lat="47.301675" lon="11.124252"><ele>612</ele></trkpt>
      <trkpt lat="47.302007" lon="11.123883"><ele>614</ele></trkpt>
      <trkpt lat="47.302401" lon="11.123491"><ele>614</ele></trkpt>
      <trkpt lat="47.302777" lon="11.123148"><ele>614</ele></trkpt>
      <trkpt lat="47.303230" lon="11.122799"><ele>614</ele></trkpt>
      <trkpt lat="47.303840" lon="11.122410"><ele>613</ele></trkpt>
      <trkpt lat="47.304765" lon="11.121857"><ele>613</ele></trkpt>
      <trkpt lat="47.304998" lon="11.121749"><ele>613</ele></trkpt>
      <trkpt lat="47.305354" lon="11.121627"><ele>614</ele></trkpt>
      <trkpt lat="47.305816" lon="11.121361"><ele>613</ele></trkpt>
      <trkpt lat="47.306325" lon="11.121101"><ele>614</ele></trkpt>
      <trkpt lat="47.306540" lon="11.120980"><ele>614</ele></trkpt>
      <trkpt lat="47.306758" lon="11.120842"><ele>614</ele></trkpt>
      <trkpt lat="47.307163" lon="11.120551"><ele>614</ele></trkpt>
      <trkpt lat="47.307618" lon="11.120192"><ele>614</ele></trkpt>
      <trkpt lat="47.308055" lon="11.119784"><ele>615</ele></trkpt>
      <trkpt lat="47.308283" lon="11.119529"><ele>614</ele></trkpt>
      <trkpt lat="47.308508" lon="11.119250"><ele>614</ele></trkpt>
      <trkpt lat="47.308892" lon="11.118743"><ele>615</ele></trkpt>
      <trkpt lat="47.309332" lon="11.118077"><ele>615</ele></trkpt>
      <trkpt lat="47.309608" lon="11.117602"><ele>614</ele></trkpt>
      <trkpt lat="47.309876" lon="11.117110"><ele>615</ele></trkpt>
      <trkpt lat="47.310080" lon="11.116690"><ele>615</ele></trkpt>
      <trkpt lat="47.310276" lon="11.116255"><ele>615</ele></trkpt>
      <trkpt lat="47.310561" lon="11.115521"><ele>616</ele></trkpt>
      <trkpt lat="47.310823" lon="11.114762"><ele>616</ele></trkpt>
      <trkpt lat="47.311131" lon="11.113547"><ele>616</ele></trkpt>
      <trkpt lat="47.311266" lon="11.112869"><ele>617</ele></trkpt>
      <trkpt lat="47.311364" lon="11.112195"><ele>616</ele></trkpt>
      <trkpt lat="47.311426" lon="11.111665"><ele>616</ele></trkpt>
      <trkpt lat="47.311477" lon="11.111122"><ele>617</ele></trkpt>
      <trkpt lat="47.311523" lon="11.110386"><ele>617</ele></trkpt>
      <trkpt lat="47.311540" lon="11.109649"><ele>618</ele></trkpt>
      <trkpt lat="47.311532" lon="11.109152"><ele>616</ele></trkpt>
      <trkpt lat="47.311504" lon="11.108746"><ele>616</ele></trkpt>
      <trkpt lat="47.311460" lon="11.108449"><ele>616</ele></trkpt>
      <trkpt lat="47.311393" lon="11.108153"><ele>616</ele></trkpt>
      <trkpt lat="47.311304" lon="11.107842"><ele>617</ele></trkpt>
      <trkpt lat="47.311178" lon="11.107543"><ele>616</ele></trkpt>
      <trkpt lat="47.311052" lon="11.107270"><ele>617</ele></trkpt>
      <trkpt lat="47.310883" lon="11.106998"><ele>617</ele></trkpt>
      <trkpt lat="47.310367" lon="11.106324"><ele>617</ele></trkpt>
      <trkpt lat="47.310219" lon="11.106109"><ele>616</ele></trkpt>
      <trkpt lat="47.310096" lon="11.105815"><ele>617</ele></trkpt>
      <trkpt lat="47.309990" lon="11.105492"><ele>617</ele></trkpt>
      <trkpt lat="47.309876" lon="11.104896"><ele>617</ele></trkpt>
      <trkpt lat="47.309864" lon="11.104721"><ele>618</ele></trkpt>
      <trkpt lat="47.309870" lon="11.104342"><ele>618</ele></trkpt>
      <trkpt lat="47.309887" lon="11.104153"><ele>618</ele></trkpt>
      <trkpt lat="47.309920" lon="11.103983"><ele>618</ele></trkpt>
      <trkpt lat="47.309997" lon="11.103705"><ele>617</ele></trkpt>
      <trkpt lat="47.310085" lon="11.103460"><ele>619</ele></trkpt>
      <trkpt lat="47.310178" lon="11.103289"><ele>618</ele></trkpt>
      <trkpt lat="47.310341" lon="11.103028"><ele>617</ele></trkpt>
      <trkpt lat="47.310357" lon="11.102969"><ele>617</ele></trkpt>
      <trkpt lat="47.310360" lon="11.102895"><ele>617</ele></trkpt>
      <trkpt lat="47.310345" lon="11.102800"><ele>617</ele></trkpt>
      <trkpt lat="47.309853" lon="11.101137"><ele>618</ele></trkpt>
      <trkpt lat="47.309597" lon="11.100321"><ele>618</ele></trkpt>
      <trkpt lat="47.308914" lon="11.098271"><ele>617</ele></trkpt>
      <trkpt lat="47.308771" lon="11.097885"><ele>618</ele></trkpt>
      <trkpt lat="47.308699" lon="11.097731"><ele>618</ele></trkpt>
      <trkpt lat="47.308610" lon="11.097617"><ele>617</ele></trkpt>
      <trkpt lat="47.308596" lon="11.097587"><ele>617</ele></trkpt>
      <trkpt lat="47.308554" lon="11.097504"><ele>617</ele></trkpt>
      <trkpt lat="47.308511" lon="11.097325"><ele>617</ele></trkpt>
      <trkpt lat="47.308448" lon="11.097132"><ele>618</ele></trkpt>
      <trkpt lat="47.308070" lon="11.096076"><ele>618</ele></trkpt>
      <trkpt lat="47.307604" lon="11.094858"><ele>618</ele></trkpt>
      <trkpt lat="47.307220" lon="11.093931"><ele>619</ele></trkpt>
      <trkpt lat="47.305832" lon="11.090463"><ele>618</ele></trkpt>
      <trkpt lat="47.305618" lon="11.089779"><ele>619</ele></trkpt>
      <trkpt lat="47.305036" lon="11.088294"><ele>619</ele></trkpt>
      <trkpt lat="47.304777" lon="11.087671"><ele>620</ele></trkpt>
      <trkpt lat="47.304598" lon="11.087361"><ele>619</ele></trkpt>
      <trkpt lat="47.304462" lon="11.086881"><ele>619</ele></trkpt>
      <trkpt lat="47.304366" lon="11.086639"><ele>619</ele></trkpt>
      <trkpt lat="47.303840" lon="11.085565"><ele>620</ele></trkpt>
      <trkpt lat="47.303614" lon="11.085049"><ele>620</ele></trkpt>
      <trkpt lat="47.303221" lon="11.084039"><ele>619</ele></trkpt>
      <trkpt lat="47.303179" lon="11.083915"><ele>618</ele></trkpt>
      <trkpt lat="47.303027" lon="11.083306"><ele>620</ele></trkpt>
      <trkpt lat="47.302759" lon="11.081771"><ele>621</ele></trkpt>
      <trkpt lat="47.302605" lon="11.080332"><ele>623</ele></trkpt>
      <trkpt lat="47.302327" lon="11.078634"><ele>623</ele></trkpt>
      <trkpt lat="47.302259" lon="11.078108"><ele>622</ele></trkpt>
      <trkpt lat="47.302192" lon="11.077555"><ele>621</ele></trkpt>
      <trkpt lat="47.302087" lon="11.077105"><ele>620</ele></trkpt>
      <trkpt lat="47.302042" lon="11.076758"><ele>620</ele></trkpt>
      <trkpt lat="47.302022" lon="11.076421"><ele>620</ele></trkpt>
      <trkpt lat="47.301942" lon="11.074657"><ele>623</ele></trkpt>
      <trkpt lat="47.301927" lon="11.073974"><ele>622</ele></trkpt>
      <trkpt lat="47.301992" lon="11.073968"><ele>623</ele></trkpt>
      <trkpt lat="47.302265" lon="11.073936"><ele>624</ele></trkpt>
      <trkpt lat="47.302376" lon="11.073857"><ele>623</ele></trkpt>
      <trkpt lat="47.303038" lon="11.073443"><ele>622</ele></trkpt>
      <trkpt lat="47.303201" lon="11.073350"><ele>622</ele></trkpt>
      <trkpt lat="47.303574" lon="11.073136"><ele>622</ele></trkpt>
      <trkpt lat="47.303719" lon="11.073056"><ele>622</ele></trkpt>
      <trkpt lat="47.303996" lon="11.072904"><ele>622</ele></trkpt>
      <trkpt lat="47.304631" lon="11.072542"><ele>622</ele></trkpt>
      <trkpt lat="47.304671" lon="11.072520"><ele>622</ele></trkpt>
      <trkpt lat="47.304771" lon="11.072464"><ele>622</ele></trkpt>
      <trkpt lat="47.304881" lon="11.072399"><ele>622</ele></trkpt>
      <trkpt lat="47.306062" lon="11.071746"><ele>625</ele></trkpt>
      <trkpt lat="47.306089" lon="11.071730"><ele>625</ele></trkpt>
      <trkpt lat="47.306260" lon="11.071628"><ele>625</ele></trkpt>
      <trkpt lat="47.306454" lon="11.071519"><ele>626</ele></trkpt>
      <trkpt lat="47.306509" lon="11.071644"><ele>625</ele></trkpt>
      <trkpt lat="47.306717" lon="11.071425"><ele>626</ele></trkpt>
      <trkpt lat="47.306744" lon="11.071357"><ele>627</ele></trkpt>
      <trkpt lat="47.306883" lon="11.071190"><ele>630</ele></trkpt>
      <trkpt lat="47.306981" lon="11.071109"><ele>631</ele></trkpt>
      <trkpt lat="47.307020" lon="11.071089"><ele>634</ele></trkpt>
      <trkpt lat="47.307200" lon="11.071001"><ele>634</ele></trkpt>
      <trkpt lat="47.307275" lon="11.070964"><ele>635</ele></trkpt>
      <trkpt lat="47.307360" lon="11.070894"><ele>635</ele></trkpt>
      <trkpt lat="47.307373" lon="11.070765"><ele>636</ele></trkpt>
      <trkpt lat="47.307722" lon="11.070432"><ele>637</ele></trkpt>
      <trkpt lat="47.307637" lon="11.070200"><ele>637</ele></trkpt>
      <trkpt lat="47.307523" lon="11.069886"><ele>637</ele></trkpt>
      <trkpt lat="47.307436" lon="11.069647"><ele>638</ele></trkpt>
      <trkpt lat="47.307429" lon="11.069627"><ele>638</ele></trkpt>
      <trkpt lat="47.307628" lon="11.069497"><ele>638</ele></trkpt>
      <trkpt lat="47.307680" lon="11.069463"><ele>638</ele></trkpt>
      <trkpt lat="47.307940" lon="11.069283"><ele>640</ele></trkpt>
      <trkpt lat="47.308067" lon="11.069193"><ele>641</ele></trkpt>
      <trkpt lat="47.308127" lon="11.069152"><ele>641</ele></trkpt>
      <trkpt lat="47.308151" lon="11.069197"><ele>641</ele></trkpt>
      <trkpt lat="47.308268" lon="11.069401"><ele>641</ele></trkpt>
      <trkpt lat="47.308306" lon="11.069429"><ele>641</ele></trkpt>
      <trkpt lat="47.308378" lon="11.069477"><ele>641</ele></trkpt>
      <trkpt lat="47.308529" lon="11.069500"><ele>641</ele></trkpt>
      <trkpt lat="47.308630" lon="11.069468"><ele>641</ele></trkpt>
      <trkpt lat="47.308835" lon="11.069349"><ele>642</ele></trkpt>
      <trkpt lat="47.309053" lon="11.069241"><ele>643</ele></trkpt>
      <trkpt lat="47.309418" lon="11.069130"><ele>645</ele></trkpt>
      <trkpt lat="47.309509" lon="11.069095"><ele>646</ele></trkpt>
      <trkpt lat="47.309612" lon="11.069055"><ele>646</ele></trkpt>
      <trkpt lat="47.310401" lon="11.068750"><ele>648</ele></trkpt>
      <trkpt lat="47.310458" lon="11.068728"><ele>648</ele></trkpt>
      <trkpt lat="47.310530" lon="11.068717"><ele>648</ele></trkpt>
      <trkpt lat="47.310599" lon="11.068737"><ele>648</ele></trkpt>
      <trkpt lat="47.310740" lon="11.068833"><ele>648</ele></trkpt>
      <trkpt lat="47.310837" lon="11.068991"><ele>648</ele></trkpt>
      <trkpt lat="47.311047" lon="11.069569"><ele>646</ele></trkpt>
      <trkpt lat="47.311108" lon="11.069663"><ele>646</ele></trkpt>
      <trkpt lat="47.311192" lon="11.069522"><ele>646</ele></trkpt>
      <trkpt lat="47.311358" lon="11.069127"><ele>648</ele></trkpt>
      <trkpt lat="47.311521" lon="11.068672"><ele>650</ele></trkpt>
      <trkpt lat="47.311703" lon="11.068142"><ele>652</ele></trkpt>
      <trkpt lat="47.311772" lon="11.067942"><ele>652</ele></trkpt>
      <trkpt lat="47.311868" lon="11.067537"><ele>654</ele></trkpt>
      <trkpt lat="47.311882" lon="11.067475"><ele>654</ele></trkpt>
      <trkpt lat="47.311904" lon="11.067077"><ele>656</ele></trkpt>
      <trkpt lat="47.311917" lon="11.066783"><ele>658</ele></trkpt>
      <trkpt lat="47.311979" lon="11.066575"><ele>660</ele></trkpt>
      <trkpt lat="47.312192" lon="11.066101"><ele>663</ele></trkpt>
      <trkpt lat="47.312594" lon="11.065400"><ele>666</ele></trkpt>
      <trkpt lat="47.312468" lon="11.065063"><ele>662</ele></trkpt>
      <trkpt lat="47.312311" lon="11.064771"><ele>662</ele></trkpt>
      <trkpt lat="47.312061" lon="11.064119"><ele>662</ele></trkpt>
      <trkpt lat="47.312238" lon="11.063979"><ele>664</ele></trkpt>
      <trkpt lat="47.312251" lon="11.063968"><ele>664</ele></trkpt>
      <trkpt lat="47.312443" lon="11.063816"><ele>665</ele></trkpt>
      <trkpt lat="47.312490" lon="11.063766"><ele>665</ele></trkpt>
      <trkpt lat="47.312681" lon="11.063580"><ele>668</ele></trkpt>
      <trkpt lat="47.312751" lon="11.063512"><ele>669</ele></trkpt>
      <trkpt lat="47.312756" lon="11.063389"><ele>668</ele></trkpt>
      <trkpt lat="47.312842" lon="11.062929"><ele>667</ele></trkpt>
      <trkpt lat="47.313235" lon="11.062296"><ele>669</ele></trkpt>
      <trkpt lat="47.313435" lon="11.061877"><ele>672</ele></trkpt>
      <trkpt lat="47.313569" lon="11.061596"><ele>672</ele></trkpt>
      <trkpt lat="47.313723" lon="11.061193"><ele>675</ele></trkpt>
      <trkpt lat="47.313780" lon="11.061097"><ele>676</ele></trkpt>
      <trkpt lat="47.314085" lon="11.060754"><ele>678</ele></trkpt>
      <trkpt lat="47.314261" lon="11.060515"><ele>680</ele></trkpt>
      <trkpt lat="47.314301" lon="11.060421"><ele>681</ele></trkpt>
      <trkpt lat="47.314393" lon="11.060110"><ele>682</ele></trkpt>
      <trkpt lat="47.314384" lon="11.059971"><ele>682</ele></trkpt>
      <trkpt lat="47.314416" lon="11.059771"><ele>682</ele></trkpt>
      <trkpt lat="47.314411" lon="11.059710"><ele>681</ele></trkpt>
      <trkpt lat="47.314355" lon="11.059621"><ele>681</ele></trkpt>
      <trkpt lat="47.314261" lon="11.059503"><ele>680</ele></trkpt>
      <trkpt lat="47.313944" lon="11.059320"><ele>682</ele></trkpt>
      <trkpt lat="47.313754" lon="11.059166"><ele>682</ele></trkpt>
      <trkpt lat="47.313782" lon="11.058995"><ele>684</ele></trkpt>
      <trkpt lat="47.313887" lon="11.058775"><ele>685</ele></trkpt>
      <trkpt lat="47.314320" lon="11.058335"><ele>687</ele></trkpt>
      <trkpt lat="47.314771" lon="11.057793"><ele>690</ele></trkpt>
      <trkpt lat="47.315007" lon="11.057318"><ele>694</ele></trkpt>
      <trkpt lat="47.314983" lon="11.057192"><ele>694</ele></trkpt>
      <trkpt lat="47.314876" lon="11.057053"><ele>695</ele></trkpt>
      <trkpt lat="47.314827" lon="11.057012"><ele>695</ele></trkpt>
      <trkpt lat="47.314777" lon="11.056906"><ele>696</ele></trkpt>
      <trkpt lat="47.314739" lon="11.056778"><ele>696</ele></trkpt>
      <trkpt lat="47.314729" lon="11.056445"><ele>697</ele></trkpt>
      <trkpt lat="47.314693" lon="11.056169"><ele>700</ele></trkpt>
      <trkpt lat="47.314641" lon="11.055889"><ele>701</ele></trkpt>
      <trkpt lat="47.314510" lon="11.055435"><ele>702</ele></trkpt>
      <trkpt lat="47.314402" lon="11.054973"><ele>707</ele></trkpt>
      <trkpt lat="47.314351" lon="11.054647"><ele>711</ele></trkpt>
      <trkpt lat="47.314332" lon="11.054127"><ele>714</ele></trkpt>
      <trkpt lat="47.314356" lon="11.053603"><ele>716</ele></trkpt>
      <trkpt lat="47.314414" lon="11.053308"><ele>716</ele></trkpt>
      <trkpt lat="47.314452" lon="11.052992"><ele>717</ele></trkpt>
      <trkpt lat="47.314458" lon="11.052705"><ele>718</ele></trkpt>
      <trkpt lat="47.314444" lon="11.052554"><ele>718</ele></trkpt>
      <trkpt lat="47.314394" lon="11.052243"><ele>721</ele></trkpt>
      <trkpt lat="47.314397" lon="11.051961"><ele>722</ele></trkpt>
      <trkpt lat="47.314379" lon="11.051783"><ele>723</ele></trkpt>
      <trkpt lat="47.314284" lon="11.051382"><ele>725</ele></trkpt>
      <trkpt lat="47.314219" lon="11.050947"><ele>726</ele></trkpt>
      <trkpt lat="47.314172" lon="11.050726"><ele>726</ele></trkpt>
      <trkpt lat="47.314106" lon="11.050478"><ele>729</ele></trkpt>
      <trkpt lat="47.313991" lon="11.049974"><ele>733</ele></trkpt>
      <trkpt lat="47.313734" lon="11.049096"><ele>736</ele></trkpt>
      <trkpt lat="47.313623" lon="11.048471"><ele>739</ele></trkpt>
      <trkpt lat="47.313552" lon="11.048268"><ele>741</ele></trkpt>
      <trkpt lat="47.313450" lon="11.048071"><ele>742</ele></trkpt>
      <trkpt lat="47.313326" lon="11.047893"><ele>744</ele></trkpt>
      <trkpt lat="47.313108" lon="11.047658"><ele>746</ele></trkpt>
      <trkpt lat="47.312805" lon="11.047420"><ele>746</ele></trkpt>
      <trkpt lat="47.312681" lon="11.047381"><ele>747</ele></trkpt>
      <trkpt lat="47.312439" lon="11.047414"><ele>747</ele></trkpt>
      <trkpt lat="47.312182" lon="11.047477"><ele>748</ele></trkpt>
      <trkpt lat="47.312055" lon="11.047517"><ele>748</ele></trkpt>
      <trkpt lat="47.311855" lon="11.047548"><ele>750</ele></trkpt>
      <trkpt lat="47.311745" lon="11.047591"><ele>751</ele></trkpt>
      <trkpt lat="47.311591" lon="11.047692"><ele>751</ele></trkpt>
      <trkpt lat="47.311519" lon="11.047717"><ele>751</ele></trkpt>
      <trkpt lat="47.311444" lon="11.047731"><ele>751</ele></trkpt>
      <trkpt lat="47.311184" lon="11.047718"><ele>753</ele></trkpt>
      <trkpt lat="47.310939" lon="11.047662"><ele>755</ele></trkpt>
      <trkpt lat="47.310807" lon="11.047581"><ele>756</ele></trkpt>
      <trkpt lat="47.310674" lon="11.047481"><ele>757</ele></trkpt>
      <trkpt lat="47.310553" lon="11.047339"><ele>759</ele></trkpt>
      <trkpt lat="47.310394" lon="11.047367"><ele>759</ele></trkpt>
      <trkpt lat="47.310355" lon="11.047362"><ele>760</ele></trkpt>
      <trkpt lat="47.310239" lon="11.047266"><ele>760</ele></trkpt>
      <trkpt lat="47.310153" lon="11.047104"><ele>762</ele></trkpt>
      <trkpt lat="47.310034" lon="11.046786"><ele>766</ele></trkpt>
      <trkpt lat="47.309916" lon="11.046210"><ele>772</ele></trkpt>
      <trkpt lat="47.309827" lon="11.045877"><ele>774</ele></trkpt>
      <trkpt lat="47.309812" lon="11.045675"><ele>775</ele></trkpt>
      <trkpt lat="47.309816" lon="11.045489"><ele>776</ele></trkpt>
      <trkpt lat="47.309858" lon="11.045209"><ele>775</ele></trkpt>
      <trkpt lat="47.310144" lon="11.043344"><ele>787</ele></trkpt>
      <trkpt lat="47.310299" lon="11.042998"><ele>789</ele></trkpt>
      <trkpt lat="47.310420" lon="11.042857"><ele>790</ele></trkpt>
      <trkpt lat="47.310539" lon="11.042548"><ele>793</ele></trkpt>
      <trkpt lat="47.310620" lon="11.042141"><ele>794</ele></trkpt>
      <trkpt lat="47.310651" lon="11.041885"><ele>794</ele></trkpt>
      <trkpt lat="47.310663" lon="11.041621"><ele>794</ele></trkpt>
      <trkpt lat="47.310650" lon="11.041037"><ele>798</ele></trkpt>
      <trkpt lat="47.310696" lon="11.040519"><ele>798</ele></trkpt>
      <trkpt lat="47.310798" lon="11.040168"><ele>799</ele></trkpt>
      <trkpt lat="47.311027" lon="11.039743"><ele>801</ele></trkpt>
      <trkpt lat="47.311191" lon="11.039521"><ele>802</ele></trkpt>
      <trkpt lat="47.311328" lon="11.039177"><ele>803</ele></trkpt>
      <trkpt lat="47.311732" lon="11.038651"><ele>804</ele></trkpt>
      <trkpt lat="47.311940" lon="11.038440"><ele>804</ele></trkpt>
      <trkpt lat="47.312234" lon="11.038057"><ele>805</ele></trkpt>
      <trkpt lat="47.312533" lon="11.037715"><ele>806</ele></trkpt>
      <trkpt lat="47.312615" lon="11.037525"><ele>806</ele></trkpt>
      <trkpt lat="47.312664" lon="11.037301"><ele>807</ele></trkpt>
      <trkpt lat="47.312867" lon="11.036713"><ele>809</ele></trkpt>
      <trkpt lat="47.313030" lon="11.036029"><ele>812</ele></trkpt>
      <trkpt lat="47.313075" lon="11.035319"><ele>813</ele></trkpt>
      <trkpt lat="47.313308" lon="11.034307"><ele>814</ele></trkpt>
      <trkpt lat="47.313444" lon="11.033980"><ele>814</ele></trkpt>
      <trkpt lat="47.313523" lon="11.033842"><ele>814</ele></trkpt>
      <trkpt lat="47.313615" lon="11.033732"><ele>815</ele></trkpt>
      <trkpt lat="47.313785" lon="11.033606"><ele>816</ele></trkpt>
      <trkpt lat="47.313973" lon="11.033501"><ele>816</ele></trkpt>
      <trkpt lat="47.314325" lon="11.033452"><ele>817</ele></trkpt>
      <trkpt lat="47.314706" lon="11.033421"><ele>818</ele></trkpt>
      <trkpt lat="47.314830" lon="11.033358"><ele>819</ele></trkpt>
      <trkpt lat="47.315080" lon="11.033091"><ele>819</ele></trkpt>
      <trkpt lat="47.315170" lon="11.033032"><ele>820</ele></trkpt>
      <trkpt lat="47.315379" lon="11.032992"><ele>820</ele></trkpt>
      <trkpt lat="47.315566" lon="11.032968"><ele>821</ele></trkpt>
      <trkpt lat="47.315740" lon="11.032960"><ele>821</ele></trkpt>
      <trkpt lat="47.315971" lon="11.032888"><ele>822</ele></trkpt>
      <trkpt lat="47.316301" lon="11.032742"><ele>822</ele></trkpt>
      <trkpt lat="47.316593" lon="11.032491"><ele>824</ele></trkpt>
      <trkpt lat="47.316734" lon="11.032250"><ele>824</ele></trkpt>
      <trkpt lat="47.316884" lon="11.031668"><ele>827</ele></trkpt>
      <trkpt lat="47.316919" lon="11.031444"><ele>828</ele></trkpt>
      <trkpt lat="47.316937" lon="11.031201"><ele>828</ele></trkpt>
      <trkpt lat="47.317000" lon="11.030974"><ele>830</ele></trkpt>
      <trkpt lat="47.317221" lon="11.030748"><ele>830</ele></trkpt>
      <trkpt lat="47.317406" lon="11.030635"><ele>831</ele></trkpt>
      <trkpt lat="47.317491" lon="11.030433"><ele>831</ele></trkpt>
      <trkpt lat="47.317604" lon="11.030130"><ele>833</ele></trkpt>
      <trkpt lat="47.317688" lon="11.030059"><ele>832</ele></trkpt>
      <trkpt lat="47.317758" lon="11.029924"><ele>832</ele></trkpt>
      <trkpt lat="47.317786" lon="11.029707"><ele>832</ele></trkpt>
      <trkpt lat="47.317795" lon="11.029442"><ele>833</ele></trkpt>
      <trkpt lat="47.317766" lon="11.029083"><ele>834</ele></trkpt>
      <trkpt lat="47.317764" lon="11.028739"><ele>834</ele></trkpt>
      <trkpt lat="47.317641" lon="11.028277"><ele>836</ele></trkpt>
      <trkpt lat="47.317535" lon="11.027993"><ele>835</ele></trkpt>
      <trkpt lat="47.317497" lon="11.027835"><ele>835</ele></trkpt>
      <trkpt lat="47.317473" lon="11.027669"><ele>835</ele></trkpt>
      <trkpt lat="47.317475" lon="11.027247"><ele>836</ele></trkpt>
      <trkpt lat="47.317494" lon="11.026949"><ele>836</ele></trkpt>
      <trkpt lat="47.317504" lon="11.026326"><ele>838</ele></trkpt>
      <trkpt lat="47.317444" lon="11.025412"><ele>841</ele></trkpt>
      <trkpt lat="47.317324" lon="11.024410"><ele>840</ele></trkpt>
      <trkpt lat="47.317340" lon="11.023958"><ele>841</ele></trkpt>
      <trkpt lat="47.317341" lon="11.023592"><ele>841</ele></trkpt>
      <trkpt lat="47.317349" lon="11.023315"><ele>842</ele></trkpt>
      <trkpt lat="47.317348" lon="11.023077"><ele>842</ele></trkpt>
      <trkpt lat="47.317276" lon="11.022569"><ele>843</ele></trkpt>
      <trkpt lat="47.317249" lon="11.022204"><ele>844</ele></trkpt>
      <trkpt lat="47.317221" lon="11.021935"><ele>844</ele></trkpt>
      <trkpt lat="47.317186" lon="11.021774"><ele>844</ele></trkpt>
      <trkpt lat="47.317126" lon="11.021626"><ele>845</ele></trkpt>
      <trkpt lat="47.316437" lon="11.020231"><ele>850</ele></trkpt>
      <trkpt lat="47.316315" lon="11.019911"><ele>850</ele></trkpt>
      <trkpt lat="47.316212" lon="11.019601"><ele>850</ele></trkpt>
      <trkpt lat="47.316074" lon="11.019139"><ele>850</ele></trkpt>
      <trkpt lat="47.315737" lon="11.017826"><ele>850</ele></trkpt>
      <trkpt lat="47.315690" lon="11.017596"><ele>850</ele></trkpt>
      <trkpt lat="47.315660" lon="11.017364"><ele>850</ele></trkpt>
      <trkpt lat="47.315642" lon="11.016961"><ele>849</ele></trkpt>
      <trkpt lat="47.315644" lon="11.016540"><ele>848</ele></trkpt>
      <trkpt lat="47.315657" lon="11.016122"><ele>848</ele></trkpt>
      <trkpt lat="47.315691" lon="11.015682"><ele>848</ele></trkpt>
      <trkpt lat="47.315683" lon="11.015455"><ele>849</ele></trkpt>
      <trkpt lat="47.315654" lon="11.015249"><ele>849</ele></trkpt>
      <trkpt lat="47.315706" lon="11.014716"><ele>850</ele></trkpt>
      <trkpt lat="47.315789" lon="11.014416"><ele>852</ele></trkpt>
      <trkpt lat="47.316065" lon="11.013647"><ele>856</ele></trkpt>
      <trkpt lat="47.316132" lon="11.013410"><ele>857</ele></trkpt>
      <trkpt lat="47.316166" lon="11.013235"><ele>857</ele></trkpt>
      <trkpt lat="47.316198" lon="11.012914"><ele>858</ele></trkpt>
      <trkpt lat="47.316209" lon="11.012271"><ele>858</ele></trkpt>
      <trkpt lat="47.316234" lon="11.011902"><ele>860</ele></trkpt>
      <trkpt lat="47.316264" lon="11.011716"><ele>860</ele></trkpt>
      <trkpt lat="47.316330" lon="11.011418"><ele>861</ele></trkpt>
      <trkpt lat="47.316384" lon="11.011246"><ele>862</ele></trkpt>
      <trkpt lat="47.316408" lon="11.011167"><ele>863</ele></trkpt>
      <trkpt lat="47.316511" lon="11.010919"><ele>864</ele></trkpt>
      <trkpt lat="47.316625" lon="11.010709"><ele>866</ele></trkpt>
      <trkpt lat="47.316826" lon="11.010432"><ele>868</ele></trkpt>
      <trkpt lat="47.316902" lon="11.010355"><ele>868</ele></trkpt>
      <trkpt lat="47.316969" lon="11.010250"><ele>869</ele></trkpt>
      <trkpt lat="47.317105" lon="11.010238"><ele>868</ele></trkpt>
      <trkpt lat="47.317406" lon="11.010132"><ele>868</ele></trkpt>
      <trkpt lat="47.317560" lon="11.010059"><ele>868</ele></trkpt>
      <trkpt lat="47.317911" lon="11.009503"><ele>866</ele></trkpt>
      <trkpt lat="47.317966" lon="11.009315"><ele>866</ele></trkpt>
      <trkpt lat="47.318156" lon="11.008774"><ele>865</ele></trkpt>
      <trkpt lat="47.318197" lon="11.008690"><ele>865</ele></trkpt>
      <trkpt lat="47.318330" lon="11.008405"><ele>866</ele></trkpt>
      <trkpt lat="47.318424" lon="11.008251"><ele>866</ele></trkpt>
      <trkpt lat="47.318467" lon="11.008157"><ele>867</ele></trkpt>
      <trkpt lat="47.318481" lon="11.008058"><ele>867</ele></trkpt>
      <trkpt lat="47.318451" lon="11.007810"><ele>868</ele></trkpt>
      <trkpt lat="47.318463" lon="11.007688"><ele>869</ele></trkpt>
      <trkpt lat="47.318499" lon="11.007376"><ele>870</ele></trkpt>
      <trkpt lat="47.318492" lon="11.007192"><ele>870</ele></trkpt>
      <trkpt lat="47.318466" lon="11.006915"><ele>870</ele></trkpt>
      <trkpt lat="47.318467" lon="11.006725"><ele>871</ele></trkpt>
      <trkpt lat="47.318468" lon="11.006685"><ele>871</ele></trkpt>
      <trkpt lat="47.318479" lon="11.006276"><ele>871</ele></trkpt>
      <trkpt lat="47.318508" lon="11.005910"><ele>871</ele></trkpt>
      <trkpt lat="47.318484" lon="11.005653"><ele>872</ele></trkpt>
      <trkpt lat="47.318423" lon="11.005278"><ele>873</ele></trkpt>
      <trkpt lat="47.318418" lon="11.005248"><ele>873</ele></trkpt>
      <trkpt lat="47.318356" lon="11.005058"><ele>874</ele></trkpt>
      <trkpt lat="47.318330" lon="11.005002"><ele>874</ele></trkpt>
      <trkpt lat="47.318292" lon="11.004981"><ele>874</ele></trkpt>
      <trkpt lat="47.318258" lon="11.004982"><ele>874</ele></trkpt>
      <trkpt lat="47.318220" lon="11.004999"><ele>874</ele></trkpt>
      <trkpt lat="47.317777" lon="11.005317"><ele>872</ele></trkpt>
      <trkpt lat="47.317705" lon="11.005149"><ele>872</ele></trkpt>
      <trkpt lat="47.317514" lon="11.004765"><ele>873</ele></trkpt>
      <trkpt lat="47.317452" lon="11.004662"><ele>873</ele></trkpt>
      <trkpt lat="47.317398" lon="11.004582"><ele>873</ele></trkpt>
      <trkpt lat="47.317288" lon="11.004393"><ele>873</ele></trkpt>
      <trkpt lat="47.317085" lon="11.003968"><ele>874</ele></trkpt>
      <trkpt lat="47.316999" lon="11.003838"><ele>874</ele></trkpt>
      <trkpt lat="47.316891" lon="11.003705"><ele>874</ele></trkpt>
      <trkpt lat="47.316797" lon="11.003574"><ele>874</ele></trkpt>
      <trkpt lat="47.316733" lon="11.003473"><ele>874</ele></trkpt>
      <trkpt lat="47.316377" lon="11.002692"><ele>874</ele></trkpt>
      <trkpt lat="47.316229" lon="11.002251"><ele>875</ele></trkpt>
      <trkpt lat="47.316155" lon="11.002073"><ele>875</ele></trkpt>
      <trkpt lat="47.315443" lon="11.000517"><ele>876</ele></trkpt>
      <trkpt lat="47.315130" lon="10.999884"><ele>879</ele></trkpt>
      <trkpt lat="47.315030" lon="10.999670"><ele>879</ele></trkpt>
      <trkpt lat="47.315106" lon="10.999527"><ele>880</ele></trkpt>
      <trkpt lat="47.315651" lon="10.998732"><ele>888</ele></trkpt>
      <trkpt lat="47.315167" lon="10.997929"><ele>888</ele></trkpt>
      <trkpt lat="47.314991" lon="10.997706"><ele>888</ele></trkpt>
      <trkpt lat="47.314683" lon="10.997444"><ele>889</ele></trkpt>
      <trkpt lat="47.314630" lon="10.997406"><ele>889</ele></trkpt>
      <trkpt lat="47.314233" lon="10.997166"><ele>888</ele></trkpt>
      <trkpt lat="47.314134" lon="10.996996"><ele>887</ele></trkpt>
      <trkpt lat="47.314054" lon="10.996974"><ele>886</ele></trkpt>
      <trkpt lat="47.313430" lon="10.996259"><ele>886</ele></trkpt>
      <trkpt lat="47.312712" lon="10.995683"><ele>884</ele></trkpt>
      <trkpt lat="47.312442" lon="10.995428"><ele>884</ele></trkpt>
      <trkpt lat="47.312251" lon="10.995158"><ele>884</ele></trkpt>
      <trkpt lat="47.312197" lon="10.995023"><ele>884</ele></trkpt>
      <trkpt lat="47.312150" lon="10.994902"><ele>884</ele></trkpt>
      <trkpt lat="47.312141" lon="10.994864"><ele>884</ele></trkpt>
      <trkpt lat="47.312028" lon="10.994366"><ele>885</ele></trkpt>
      <trkpt lat="47.311983" lon="10.994123"><ele>885</ele></trkpt>
      <trkpt lat="47.311861" lon="10.993652"><ele>886</ele></trkpt>
      <trkpt lat="47.311627" lon="10.992740"><ele>888</ele></trkpt>
      <trkpt lat="47.311509" lon="10.992244"><ele>887</ele></trkpt>
      <trkpt lat="47.311417" lon="10.992014"><ele>887</ele></trkpt>
      <trkpt lat="47.311329" lon="10.991842"><ele>886</ele></trkpt>
      <trkpt lat="47.311182" lon="10.991578"><ele>886</ele></trkpt>
      <trkpt lat="47.310782" lon="10.990953"><ele>886</ele></trkpt>
      <trkpt lat="47.310665" lon="10.990814"><ele>886</ele></trkpt>
      <trkpt lat="47.310637" lon="10.990782"><ele>886</ele></trkpt>
      <trkpt lat="47.310612" lon="10.990759"><ele>886</ele></trkpt>
      <trkpt lat="47.310185" lon="10.990376"><ele>884</ele></trkpt>
      <trkpt lat="47.309990" lon="10.990123"><ele>884</ele></trkpt>
      <trkpt lat="47.309738" lon="10.989693"><ele>884</ele></trkpt>
      <trkpt lat="47.309536" lon="10.989379"><ele>884</ele></trkpt>
      <trkpt lat="47.309129" lon="10.988862"><ele>882</ele></trkpt>
      <trkpt lat="47.308760" lon="10.988159"><ele>882</ele></trkpt>
      <trkpt lat="47.308612" lon="10.987943"><ele>881</ele></trkpt>
      <trkpt lat="47.308528" lon="10.987846"><ele>881</ele></trkpt>
      <trkpt lat="47.308268" lon="10.987546"><ele>880</ele></trkpt>
      <trkpt lat="47.307481" lon="10.986868"><ele>878</ele></trkpt>
      <trkpt lat="47.306961" lon="10.986409"><ele>878</ele></trkpt>
      <trkpt lat="47.306642" lon="10.985945"><ele>877</ele></trkpt>
      <trkpt lat="47.306498" lon="10.985697"><ele>876</ele></trkpt>
      <trkpt lat="47.306384" lon="10.985554"><ele>876</ele></trkpt>
      <trkpt lat="47.306238" lon="10.985392"><ele>875</ele></trkpt>
      <trkpt lat="47.306401" lon="10.985313"><ele>876</ele></trkpt>
      <trkpt lat="47.306900" lon="10.985135"><ele>878</ele></trkpt>
      <trkpt lat="47.307029" lon="10.985089"><ele>879</ele></trkpt>
      <trkpt lat="47.307103" lon="10.985049"><ele>880</ele></trkpt>
      <trkpt lat="47.307211" lon="10.984991"><ele>880</ele></trkpt>
      <trkpt lat="47.308070" lon="10.984393"><ele>885</ele></trkpt>
      <trkpt lat="47.308320" lon="10.984231"><ele>886</ele></trkpt>
      <trkpt lat="47.308531" lon="10.984102"><ele>888</ele></trkpt>
      <trkpt lat="47.308907" lon="10.983934"><ele>890</ele></trkpt>
      <trkpt lat="47.309454" lon="10.983800"><ele>892</ele></trkpt>
      <trkpt lat="47.309686" lon="10.983673"><ele>894</ele></trkpt>
      <trkpt lat="47.309871" lon="10.983687"><ele>894</ele></trkpt>
      <trkpt lat="47.310171" lon="10.983495"><ele>894</ele></trkpt>
      <trkpt lat="47.310435" lon="10.983268"><ele>894</ele></trkpt>
      <trkpt lat="47.310475" lon="10.983193"><ele>893</ele></trkpt>
      <trkpt lat="47.310498" lon="10.983022"><ele>892</ele></trkpt>
      <trkpt lat="47.310527" lon="10.982657"><ele>888</ele></trkpt>
      <trkpt lat="47.310540" lon="10.982463"><ele>888</ele></trkpt>
      <trkpt lat="47.310556" lon="10.982342"><ele>890</ele></trkpt>
      <trkpt lat="47.310594" lon="10.982277"><ele>891</ele></trkpt>
      <trkpt lat="47.310651" lon="10.982238"><ele>892</ele></trkpt>
      <trkpt lat="47.311133" lon="10.982012"><ele>896</ele></trkpt>
      <trkpt lat="47.311164" lon="10.981966"><ele>896</ele></trkpt>
      <trkpt lat="47.311177" lon="10.981932"><ele>896</ele></trkpt>
      <trkpt lat="47.311173" lon="10.981871"><ele>897</ele></trkpt>
      <trkpt lat="47.311132" lon="10.981822"><ele>898</ele></trkpt>
      <trkpt lat="47.311011" lon="10.981786"><ele>899</ele></trkpt>
      <trkpt lat="47.310861" lon="10.981761"><ele>900</ele></trkpt>
      <trkpt lat="47.310812" lon="10.981290"><ele>902</ele></trkpt>
      <trkpt lat="47.310740" lon="10.980614"><ele>900</ele></trkpt>
      <trkpt lat="47.310628" lon="10.979719"><ele>900</ele></trkpt>
      <trkpt lat="47.310579" lon="10.979339"><ele>900</ele></trkpt>
      <trkpt lat="47.310196" lon="10.976399"><ele>900</ele></trkpt>
      <trkpt lat="47.310179" lon="10.976160"><ele>900</ele></trkpt>
      <trkpt lat="47.309864" lon="10.971701"><ele>904</ele></trkpt>
      <trkpt lat="47.309760" lon="10.970371"><ele>904</ele></trkpt>
      <trkpt lat="47.309778" lon="10.970223"><ele>904</ele></trkpt>
      <trkpt lat="47.309852" lon="10.970113"><ele>905</ele></trkpt>
      <trkpt lat="47.309894" lon="10.969989"><ele>905</ele></trkpt>
      <trkpt lat="47.309885" lon="10.967345"><ele>906</ele></trkpt>
      <trkpt lat="47.309858" lon="10.966537"><ele>903</ele></trkpt>
      <trkpt lat="47.309664" lon="10.964811"><ele>899</ele></trkpt>
      <trkpt lat="47.309595" lon="10.964197"><ele>898</ele></trkpt>
      <trkpt lat="47.309518" lon="10.963595"><ele>895</ele></trkpt>
      <trkpt lat="47.309718" lon="10.963572"><ele>897</ele></trkpt>
      <trkpt lat="47.310052" lon="10.963632"><ele>898</ele></trkpt>
      <trkpt lat="47.310150" lon="10.963649"><ele>898</ele></trkpt>
      <trkpt lat="47.310225" lon="10.963643"><ele>899</ele></trkpt>
      <trkpt lat="47.310521" lon="10.963508"><ele>900</ele></trkpt>
      <trkpt lat="47.310670" lon="10.963430"><ele>900</ele></trkpt>
      <trkpt lat="47.310688" lon="10.963505"><ele>901</ele></trkpt>
      <trkpt lat="47.311245" lon="10.963645"><ele>904</ele></trkpt>
      <trkpt lat="47.311350" lon="10.963658"><ele>905</ele></trkpt>
      <trkpt lat="47.311460" lon="10.963646"><ele>906</ele></trkpt>
      <trkpt lat="47.311561" lon="10.963603"><ele>906</ele></trkpt>
      <trkpt lat="47.311654" lon="10.963519"><ele>907</ele></trkpt>
      <trkpt lat="47.311745" lon="10.963413"><ele>907</ele></trkpt>
      <trkpt lat="47.311813" lon="10.963292"><ele>907</ele></trkpt>
      <trkpt lat="47.311980" lon="10.962850"><ele>908</ele></trkpt>
      <trkpt lat="47.312079" lon="10.962513"><ele>908</ele></trkpt>
      <trkpt lat="47.312132" lon="10.962262"><ele>907</ele></trkpt>
      <trkpt lat="47.312169" lon="10.961999"><ele>908</ele></trkpt>
      <trkpt lat="47.312206" lon="10.961228"><ele>907</ele></trkpt>
      <trkpt lat="47.312194" lon="10.961088"><ele>907</ele></trkpt>
      <trkpt lat="47.312166" lon="10.961043"><ele>906</ele></trkpt>
      <trkpt lat="47.312112" lon="10.961026"><ele>906</ele></trkpt>
      <trkpt lat="47.311807" lon="10.961032"><ele>904</ele></trkpt>
      <trkpt lat="47.311755" lon="10.961015"><ele>904</ele></trkpt>
      <trkpt lat="47.311705" lon="10.960953"><ele>904</ele></trkpt>
      <trkpt lat="47.311673" lon="10.960861"><ele>904</ele></trkpt>
      <trkpt lat="47.311627" lon="10.960389"><ele>904</ele></trkpt>
      <trkpt lat="47.311533" lon="10.959618"><ele>904</ele></trkpt>
      <trkpt lat="47.311516" lon="10.959384"><ele>905</ele></trkpt>
      <trkpt lat="47.311516" lon="10.959225"><ele>905</ele></trkpt>
      <trkpt lat="47.311542" lon="10.959038"><ele>906</ele></trkpt>
      <trkpt lat="47.311589" lon="10.958853"><ele>906</ele></trkpt>
      <trkpt lat="47.311639" lon="10.958696"><ele>906</ele></trkpt>
      <trkpt lat="47.311694" lon="10.958571"><ele>906</ele></trkpt>
      <trkpt lat="47.311836" lon="10.958334"><ele>907</ele></trkpt>
      <trkpt lat="47.311876" lon="10.958216"><ele>908</ele></trkpt>
      <trkpt lat="47.311905" lon="10.958015"><ele>908</ele></trkpt>
      <trkpt lat="47.311923" lon="10.957838"><ele>909</ele></trkpt>
      <trkpt lat="47.311913" lon="10.957634"><ele>909</ele></trkpt>
      <trkpt lat="47.311856" lon="10.957214"><ele>910</ele></trkpt>
      <trkpt lat="47.311876" lon="10.956746"><ele>911</ele></trkpt>
      <trkpt lat="47.311834" lon="10.956074"><ele>912</ele></trkpt>
      <trkpt lat="47.311836" lon="10.956031"><ele>912</ele></trkpt>
      <trkpt lat="47.311836" lon="10.955867"><ele>912</ele></trkpt>
      <trkpt lat="47.311810" lon="10.955724"><ele>912</ele></trkpt>
      <trkpt lat="47.311663" lon="10.955307"><ele>912</ele></trkpt>
      <trkpt lat="47.311611" lon="10.955022"><ele>913</ele></trkpt>
      <trkpt lat="47.311623" lon="10.953956"><ele>914</ele></trkpt>
      <trkpt lat="47.311676" lon="10.953660"><ele>914</ele></trkpt>
      <trkpt lat="47.311804" lon="10.953330"><ele>914</ele></trkpt>
      <trkpt lat="47.311789" lon="10.953307"><ele>914</ele></trkpt>
      <trkpt lat="47.311763" lon="10.953264"><ele>914</ele></trkpt>
      <trkpt lat="47.311647" lon="10.953061"><ele>915</ele></trkpt>
      <trkpt lat="47.311579" lon="10.952718"><ele>916</ele></trkpt>
      <trkpt lat="47.311495" lon="10.952599"><ele>916</ele></trkpt>
      <trkpt lat="47.311157" lon="10.952451"><ele>915</ele></trkpt>
      <trkpt lat="47.310973" lon="10.952285"><ele>915</ele></trkpt>
      <trkpt lat="47.310828" lon="10.952024"><ele>916</ele></trkpt>
      <trkpt lat="47.310528" lon="10.950976"><ele>916</ele></trkpt>
      <trkpt lat="47.310511" lon="10.950875"><ele>916</ele></trkpt>
      <trkpt lat="47.310249" lon="10.950111"><ele>920</ele></trkpt>
      <trkpt lat="47.310065" lon="10.949838"><ele>921</ele></trkpt>
      <trkpt lat="47.309932" lon="10.949524"><ele>922</ele></trkpt>
      <trkpt lat="47.309771" lon="10.948884"><ele>924</ele></trkpt>
      <trkpt lat="47.309623" lon="10.948428"><ele>922</ele></trkpt>
      <trkpt lat="47.309631" lon="10.948304"><ele>922</ele></trkpt>
      <trkpt lat="47.309707" lon="10.947960"><ele>922</ele></trkpt>
      <trkpt lat="47.309735" lon="10.947676"><ele>922</ele></trkpt>
      <trkpt lat="47.309687" lon="10.947480"><ele>922</ele></trkpt>
      <trkpt lat="47.308813" lon="10.945520"><ele>924</ele></trkpt>
      <trkpt lat="47.308770" lon="10.945481"><ele>924</ele></trkpt>
      <trkpt lat="47.308717" lon="10.945538"><ele>924</ele></trkpt>
      <trkpt lat="47.308697" lon="10.945451"><ele>925</ele></trkpt>
      <trkpt lat="47.308659" lon="10.945349"><ele>926</ele></trkpt>
      <trkpt lat="47.308652" lon="10.945132"><ele>926</ele></trkpt>
      <trkpt lat="47.308659" lon="10.945017"><ele>927</ele></trkpt>
      <trkpt lat="47.308638" lon="10.944945"><ele>927</ele></trkpt>
      <trkpt lat="47.308598" lon="10.944882"><ele>927</ele></trkpt>
      <trkpt lat="47.308550" lon="10.944832"><ele>928</ele></trkpt>
      <trkpt lat="47.308493" lon="10.944743"><ele>928</ele></trkpt>
      <trkpt lat="47.308457" lon="10.944636"><ele>929</ele></trkpt>
      <trkpt lat="47.308408" lon="10.944631"><ele>930</ele></trkpt>
      <trkpt lat="47.308333" lon="10.944558"><ele>931</ele></trkpt>
      <trkpt lat="47.308203" lon="10.944457"><ele>932</ele></trkpt>
      <trkpt lat="47.308092" lon="10.944467"><ele>932</ele></trkpt>
      <trkpt lat="47.308014" lon="10.944518"><ele>933</ele></trkpt>
      <trkpt lat="47.307943" lon="10.944539"><ele>933</ele></trkpt>
      <trkpt lat="47.307855" lon="10.944521"><ele>934</ele></trkpt>
      <trkpt lat="47.307784" lon="10.944470"><ele>935</ele></trkpt>
      <trkpt lat="47.307598" lon="10.943880"><ele>940</ele></trkpt>
      <trkpt lat="47.307322" lon="10.943153"><ele>946</ele></trkpt>
      <trkpt lat="47.306973" lon="10.942473"><ele>948</ele></trkpt>
      <trkpt lat="47.306870" lon="10.942207"><ele>949</ele></trkpt>
      <trkpt lat="47.306910" lon="10.942194"><ele>950</ele></trkpt>
      <trkpt lat="47.307172" lon="10.942053"><ele>952</ele></trkpt>
      <trkpt lat="47.307423" lon="10.941600"><ele>953</ele></trkpt>
      <trkpt lat="47.307668" lon="10.941185"><ele>954</ele></trkpt>
      <trkpt lat="47.307956" lon="10.940744"><ele>956</ele></trkpt>
      <trkpt lat="47.308284" lon="10.940326"><ele>960</ele></trkpt>
      <trkpt lat="47.308373" lon="10.940191"><ele>961</ele></trkpt>
      <trkpt lat="47.308453" lon="10.940014"><ele>962</ele></trkpt>
      <trkpt lat="47.308559" lon="10.939548"><ele>966</ele></trkpt>
      <trkpt lat="47.308679" lon="10.939100"><ele>968</ele></trkpt>
      <trkpt lat="47.308845" lon="10.938732"><ele>969</ele></trkpt>
      <trkpt lat="47.309298" lon="10.938107"><ele>974</ele></trkpt>
      <trkpt lat="47.309327" lon="10.938021"><ele>975</ele></trkpt>
      <trkpt lat="47.309371" lon="10.937988"><ele>975</ele></trkpt>
      <trkpt lat="47.309371" lon="10.937873"><ele>976</ele></trkpt>
      <trkpt lat="47.309318" lon="10.937687"><ele>977</ele></trkpt>
      <trkpt lat="47.308933" lon="10.936756"><ele>984</ele></trkpt>
      <trkpt lat="47.308807" lon="10.936552"><ele>986</ele></trkpt>
      <trkpt lat="47.308585" lon="10.936328"><ele>988</ele></trkpt>
      <trkpt lat="47.308312" lon="10.935870"><ele>990</ele></trkpt>
      <trkpt lat="47.307994" lon="10.935487"><ele>992</ele></trkpt>
      <trkpt lat="47.307739" lon="10.935215"><ele>994</ele></trkpt>
      <trkpt lat="47.307285" lon="10.934715"><ele>998</ele></trkpt>
      <trkpt lat="47.307067" lon="10.934511"><ele>999</ele></trkpt>
      <trkpt lat="47.307008" lon="10.934412"><ele>999</ele></trkpt>
      <trkpt lat="47.306852" lon="10.934147"><ele>1001</ele></trkpt>
      <trkpt lat="47.306640" lon="10.933689"><ele>1003</ele></trkpt>
      <trkpt lat="47.306216" lon="10.932828"><ele>1006</ele></trkpt>
      <trkpt lat="47.306172" lon="10.932738"><ele>1006</ele></trkpt>
      <trkpt lat="47.305898" lon="10.932256"><ele>1007</ele></trkpt>
      <trkpt lat="47.305673" lon="10.931828"><ele>1008</ele></trkpt>
      <trkpt lat="47.305333" lon="10.931413"><ele>1008</ele></trkpt>
      <trkpt lat="47.305066" lon="10.930907"><ele>1007</ele></trkpt>
      <trkpt lat="47.304922" lon="10.930602"><ele>1008</ele></trkpt>
      <trkpt lat="47.304795" lon="10.930278"><ele>1009</ele></trkpt>
      <trkpt lat="47.304605" lon="10.929173"><ele>1013</ele></trkpt>
      <trkpt lat="47.304350" lon="10.928428"><ele>1015</ele></trkpt>
      <trkpt lat="47.304277" lon="10.928250"><ele>1015</ele></trkpt>
      <trkpt lat="47.304218" lon="10.928029"><ele>1015</ele></trkpt>
      <trkpt lat="47.304170" lon="10.927794"><ele>1015</ele></trkpt>
      <trkpt lat="47.304131" lon="10.927165"><ele>1016</ele></trkpt>
      <trkpt lat="47.304103" lon="10.926940"><ele>1015</ele></trkpt>
      <trkpt lat="47.304055" lon="10.926423"><ele>1017</ele></trkpt>
      <trkpt lat="47.304075" lon="10.926070"><ele>1018</ele></trkpt>
      <trkpt lat="47.304121" lon="10.925670"><ele>1019</ele></trkpt>
      <trkpt lat="47.304134" lon="10.924995"><ele>1022</ele></trkpt>
      <trkpt lat="47.304127" lon="10.924486"><ele>1026</ele></trkpt>
      <trkpt lat="47.304158" lon="10.924240"><ele>1027</ele></trkpt>
      <trkpt lat="47.304263" lon="10.923835"><ele>1030</ele></trkpt>
      <trkpt lat="47.304280" lon="10.923673"><ele>1030</ele></trkpt>
      <trkpt lat="47.304207" lon="10.922738"><ele>1036</ele></trkpt>
      <trkpt lat="47.304245" lon="10.922228"><ele>1038</ele></trkpt>
      <trkpt lat="47.304286" lon="10.921993"><ele>1040</ele></trkpt>
      <trkpt lat="47.304469" lon="10.921445"><ele>1042</ele></trkpt>
      <trkpt lat="47.304499" lon="10.921358"><ele>1042</ele></trkpt>
      <trkpt lat="47.304538" lon="10.921275"><ele>1042</ele></trkpt>
      <trkpt lat="47.304561" lon="10.921226"><ele>1042</ele></trkpt>
      <trkpt lat="47.304608" lon="10.921083"><ele>1043</ele></trkpt>
      <trkpt lat="47.304694" lon="10.920723"><ele>1045</ele></trkpt>
      <trkpt lat="47.304885" lon="10.920056"><ele>1050</ele></trkpt>
      <trkpt lat="47.304915" lon="10.919951"><ele>1050</ele></trkpt>
      <trkpt lat="47.305100" lon="10.918993"><ele>1053</ele></trkpt>
      <trkpt lat="47.305195" lon="10.918459"><ele>1054</ele></trkpt>
      <trkpt lat="47.305351" lon="10.917575"><ele>1060</ele></trkpt>
      <trkpt lat="47.305408" lon="10.917435"><ele>1061</ele></trkpt>
      <trkpt lat="47.305589" lon="10.917112"><ele>1064</ele></trkpt>
      <trkpt lat="47.305652" lon="10.917001"><ele>1065</ele></trkpt>
      <trkpt lat="47.305947" lon="10.916143"><ele>1073</ele></trkpt>
      <trkpt lat="47.306133" lon="10.915690"><ele>1076</ele></trkpt>
      <trkpt lat="47.306147" lon="10.915629"><ele>1076</ele></trkpt>
      <trkpt lat="47.306175" lon="10.915514"><ele>1076</ele></trkpt>
      <trkpt lat="47.306254" lon="10.914738"><ele>1081</ele></trkpt>
      <trkpt lat="47.306326" lon="10.914034"><ele>1085</ele></trkpt>
      <trkpt lat="47.306354" lon="10.913868"><ele>1085</ele></trkpt>
      <trkpt lat="47.306402" lon="10.913724"><ele>1086</ele></trkpt>
      <trkpt lat="47.306569" lon="10.913411"><ele>1089</ele></trkpt>
      <trkpt lat="47.306703" lon="10.913107"><ele>1092</ele></trkpt>
      <trkpt lat="47.307060" lon="10.912444"><ele>1096</ele></trkpt>
      <trkpt lat="47.307116" lon="10.912340"><ele>1096</ele></trkpt>
      <trkpt lat="47.307243" lon="10.912063"><ele>1098</ele></trkpt>
      <trkpt lat="47.307409" lon="10.911590"><ele>1100</ele></trkpt>
      <trkpt lat="47.307616" lon="10.911280"><ele>1103</ele></trkpt>
      <trkpt lat="47.307772" lon="10.910988"><ele>1104</ele></trkpt>
      <trkpt lat="47.308113" lon="10.910332"><ele>1107</ele></trkpt>
      <trkpt lat="47.308322" lon="10.909876"><ele>1109</ele></trkpt>
      <trkpt lat="47.308554" lon="10.909479"><ele>1111</ele></trkpt>
      <trkpt lat="47.308804" lon="10.909124"><ele>1113</ele></trkpt>
      <trkpt lat="47.308940" lon="10.908986"><ele>1114</ele></trkpt>
      <trkpt lat="47.309040" lon="10.908847"><ele>1115</ele></trkpt>
      <trkpt lat="47.309192" lon="10.908548"><ele>1116</ele></trkpt>
      <trkpt lat="47.309354" lon="10.908278"><ele>1118</ele></trkpt>
      <trkpt lat="47.309510" lon="10.908063"><ele>1119</ele></trkpt>
      <trkpt lat="47.309981" lon="10.907495"><ele>1122</ele></trkpt>
      <trkpt lat="47.310073" lon="10.907242"><ele>1122</ele></trkpt>
      <trkpt lat="47.310152" lon="10.906973"><ele>1123</ele></trkpt>
      <trkpt lat="47.310313" lon="10.906573"><ele>1124</ele></trkpt>
      <trkpt lat="47.310498" lon="10.906016"><ele>1126</ele></trkpt>
      <trkpt lat="47.310543" lon="10.905906"><ele>1126</ele></trkpt>
      <trkpt lat="47.310625" lon="10.905822"><ele>1126</ele></trkpt>
      <trkpt lat="47.310712" lon="10.905778"><ele>1127</ele></trkpt>
      <trkpt lat="47.310838" lon="10.905750"><ele>1128</ele></trkpt>
      <trkpt lat="47.310964" lon="10.905691"><ele>1130</ele></trkpt>
      <trkpt lat="47.311290" lon="10.905515"><ele>1131</ele></trkpt>
      <trkpt lat="47.311579" lon="10.905278"><ele>1133</ele></trkpt>
      <trkpt lat="47.311788" lon="10.905053"><ele>1135</ele></trkpt>
      <trkpt lat="47.311872" lon="10.904969"><ele>1136</ele></trkpt>
      <trkpt lat="47.312081" lon="10.904789"><ele>1136</ele></trkpt>
      <trkpt lat="47.312099" lon="10.904744"><ele>1135</ele></trkpt>
      <trkpt lat="47.312109" lon="10.904617"><ele>1135</ele></trkpt>
      <trkpt lat="47.312101" lon="10.904555"><ele>1136</ele></trkpt>
      <trkpt lat="47.312017" lon="10.904311"><ele>1139</ele></trkpt>
      <trkpt lat="47.312006" lon="10.904227"><ele>1140</ele></trkpt>
      <trkpt lat="47.312092" lon="10.903830"><ele>1144</ele></trkpt>
      <trkpt lat="47.312153" lon="10.903529"><ele>1145</ele></trkpt>
      <trkpt lat="47.312213" lon="10.903295"><ele>1148</ele></trkpt>
      <trkpt lat="47.312366" lon="10.903083"><ele>1148</ele></trkpt>
      <trkpt lat="47.312468" lon="10.902871"><ele>1148</ele></trkpt>
      <trkpt lat="47.312511" lon="10.902899"><ele>1148</ele></trkpt>
      <trkpt lat="47.312543" lon="10.902919"><ele>1148</ele></trkpt>
      <trkpt lat="47.312597" lon="10.902905"><ele>1148</ele></trkpt>
      <trkpt lat="47.312855" lon="10.902781"><ele>1149</ele></trkpt>
      <trkpt lat="47.312877" lon="10.902727"><ele>1149</ele></trkpt>
      <trkpt lat="47.312929" lon="10.902588"><ele>1149</ele></trkpt>
      <trkpt lat="47.312987" lon="10.902368"><ele>1150</ele></trkpt>
      <trkpt lat="47.313011" lon="10.902242"><ele>1150</ele></trkpt>
      <trkpt lat="47.313038" lon="10.902048"><ele>1150</ele></trkpt>
      <trkpt lat="47.313047" lon="10.901479"><ele>1150</ele></trkpt>
      <trkpt lat="47.313062" lon="10.901325"><ele>1151</ele></trkpt>
      <trkpt lat="47.313087" lon="10.901184"><ele>1151</ele></trkpt>
      <trkpt lat="47.313135" lon="10.900985"><ele>1151</ele></trkpt>
      <trkpt lat="47.313189" lon="10.900804"><ele>1151</ele></trkpt>
      <trkpt lat="47.313246" lon="10.900661"><ele>1150</ele></trkpt>
      <trkpt lat="47.313337" lon="10.900471"><ele>1150</ele></trkpt>
      <trkpt lat="47.313384" lon="10.900334"><ele>1149</ele></trkpt>
      <trkpt lat="47.313412" lon="10.900186"><ele>1149</ele></trkpt>
      <trkpt lat="47.313427" lon="10.900032"><ele>1148</ele></trkpt>
      <trkpt lat="47.313429" lon="10.899758"><ele>1147</ele></trkpt>
      <trkpt lat="47.313332" lon="10.898008"><ele>1146</ele></trkpt>
      <trkpt lat="47.313326" lon="10.897762"><ele>1146</ele></trkpt>
      <trkpt lat="47.313345" lon="10.897578"><ele>1146</ele></trkpt>
      <trkpt lat="47.313380" lon="10.897415"><ele>1147</ele></trkpt>
      <trkpt lat="47.313436" lon="10.897265"><ele>1148</ele></trkpt>
      <trkpt lat="47.313500" lon="10.897140"><ele>1148</ele></trkpt>
      <trkpt lat="47.313537" lon="10.896784"><ele>1148</ele></trkpt>
      <trkpt lat="47.313555" lon="10.896041"><ele>1148</ele></trkpt>
      <trkpt lat="47.313481" lon="10.895369"><ele>1144</ele></trkpt>
      <trkpt lat="47.313384" lon="10.894800"><ele>1140</ele></trkpt>
      <trkpt lat="47.313253" lon="10.894301"><ele>1136</ele></trkpt>
      <trkpt lat="47.312767" lon="10.892995"><ele>1128</ele></trkpt>
      <trkpt lat="47.312715" lon="10.892829"><ele>1128</ele></trkpt>
      <trkpt lat="47.312719" lon="10.892573"><ele>1127</ele></trkpt>
      <trkpt lat="47.312767" lon="10.892312"><ele>1126</ele></trkpt>
      <trkpt lat="47.312779" lon="10.892074"><ele>1125</ele></trkpt>
      <trkpt lat="47.312777" lon="10.891859"><ele>1124</ele></trkpt>
      <trkpt lat="47.312741" lon="10.891587"><ele>1124</ele></trkpt>
      <trkpt lat="47.312630" lon="10.891211"><ele>1122</ele></trkpt>
      <trkpt lat="47.312613" lon="10.891153"><ele>1122</ele></trkpt>
      <trkpt lat="47.312474" lon="10.890881"><ele>1120</ele></trkpt>
      <trkpt lat="47.311925" lon="10.889819"><ele>1114</ele></trkpt>
      <trkpt lat="47.311791" lon="10.889565"><ele>1113</ele></trkpt>
      <trkpt lat="47.311580" lon="10.888803"><ele>1109</ele></trkpt>
      <trkpt lat="47.311558" lon="10.888760"><ele>1109</ele></trkpt>
      <trkpt lat="47.311473" lon="10.888594"><ele>1108</ele></trkpt>
      <trkpt lat="47.311026" lon="10.887722"><ele>1103</ele></trkpt>
      <trkpt lat="47.310825" lon="10.887632"><ele>1102</ele></trkpt>
      <trkpt lat="47.310370" lon="10.887771"><ele>1102</ele></trkpt>
      <trkpt lat="47.310190" lon="10.887734"><ele>1101</ele></trkpt>
      <trkpt lat="47.310075" lon="10.887655"><ele>1100</ele></trkpt>
      <trkpt lat="47.309621" lon="10.887108"><ele>1096</ele></trkpt>
      <trkpt lat="47.309407" lon="10.887036"><ele>1095</ele></trkpt>
      <trkpt lat="47.309374" lon="10.887007"><ele>1095</ele></trkpt>
      <trkpt lat="47.309289" lon="10.886883"><ele>1094</ele></trkpt>
      <trkpt lat="47.309187" lon="10.886604"><ele>1095</ele></trkpt>
      <trkpt lat="47.309128" lon="10.886121"><ele>1096</ele></trkpt>
      <trkpt lat="47.309119" lon="10.886053"><ele>1096</ele></trkpt>
      <trkpt lat="47.308886" lon="10.885612"><ele>1094</ele></trkpt>
      <trkpt lat="47.308838" lon="10.885434"><ele>1093</ele></trkpt>
      <trkpt lat="47.308862" lon="10.885283"><ele>1092</ele></trkpt>
      <trkpt lat="47.308849" lon="10.885170"><ele>1092</ele></trkpt>
      <trkpt lat="47.308837" lon="10.885073"><ele>1092</ele></trkpt>
      <trkpt lat="47.308902" lon="10.885029"><ele>1092</ele></trkpt>
      <trkpt lat="47.309004" lon="10.884944"><ele>1092</ele></trkpt>
      <trkpt lat="47.309156" lon="10.884611"><ele>1091</ele></trkpt>
      <trkpt lat="47.309295" lon="10.884160"><ele>1090</ele></trkpt>
      <trkpt lat="47.309426" lon="10.883216"><ele>1086</ele></trkpt>
      <trkpt lat="47.309511" lon="10.882817"><ele>1086</ele></trkpt>
      <trkpt lat="47.309627" lon="10.882266"><ele>1084</ele></trkpt>
      <trkpt lat="47.309794" lon="10.881073"><ele>1077</ele></trkpt>
      <trkpt lat="47.310039" lon="10.880461"><ele>1075</ele></trkpt>
      <trkpt lat="47.310504" lon="10.879579"><ele>1071</ele></trkpt>
      <trkpt lat="47.310972" lon="10.878180"><ele>1066</ele></trkpt>
      <trkpt lat="47.311038" lon="10.877933"><ele>1065</ele></trkpt>
      <trkpt lat="47.311071" lon="10.877655"><ele>1064</ele></trkpt>
      <trkpt lat="47.311073" lon="10.877396"><ele>1063</ele></trkpt>
      <trkpt lat="47.311048" lon="10.877238"><ele>1062</ele></trkpt>
      <trkpt lat="47.310879" lon="10.876509"><ele>1056</ele></trkpt>
      <trkpt lat="47.310852" lon="10.876287"><ele>1056</ele></trkpt>
      <trkpt lat="47.310866" lon="10.876129"><ele>1056</ele></trkpt>
      <trkpt lat="47.310911" lon="10.875979"><ele>1056</ele></trkpt>
      <trkpt lat="47.310982" lon="10.875823"><ele>1055</ele></trkpt>
      <trkpt lat="47.311065" lon="10.875707"><ele>1052</ele></trkpt>
      <trkpt lat="47.311393" lon="10.875437"><ele>1045</ele></trkpt>
      <trkpt lat="47.311803" lon="10.875184"><ele>1038</ele></trkpt>
      <trkpt lat="47.311923" lon="10.875178"><ele>1038</ele></trkpt>
      <trkpt lat="47.312005" lon="10.875217"><ele>1036</ele></trkpt>
      <trkpt lat="47.312056" lon="10.875349"><ele>1034</ele></trkpt>
      <trkpt lat="47.312095" lon="10.875544"><ele>1033</ele></trkpt>
      <trkpt lat="47.312112" lon="10.875797"><ele>1032</ele></trkpt>
      <trkpt lat="47.312103" lon="10.876306"><ele>1027</ele></trkpt>
      <trkpt lat="47.312116" lon="10.876497"><ele>1026</ele></trkpt>
      <trkpt lat="47.312155" lon="10.876640"><ele>1024</ele></trkpt>
      <trkpt lat="47.312340" lon="10.877115"><ele>1017</ele></trkpt>
      <trkpt lat="47.312395" lon="10.877240"><ele>1016</ele></trkpt>
      <trkpt lat="47.312590" lon="10.877575"><ele>1010</ele></trkpt>
      <trkpt lat="47.312678" lon="10.877832"><ele>1008</ele></trkpt>
      <trkpt lat="47.312745" lon="10.878165"><ele>1007</ele></trkpt>
      <trkpt lat="47.312825" lon="10.878942"><ele>1000</ele></trkpt>
      <trkpt lat="47.312815" lon="10.879114"><ele>1000</ele></trkpt>
      <trkpt lat="47.312740" lon="10.879408"><ele>999</ele></trkpt>
      <trkpt lat="47.312616" lon="10.879830"><ele>999</ele></trkpt>
      <trkpt lat="47.312623" lon="10.880038"><ele>998</ele></trkpt>
      <trkpt lat="47.312669" lon="10.880119"><ele>995</ele></trkpt>
      <trkpt lat="47.312758" lon="10.880140"><ele>992</ele></trkpt>
      <trkpt lat="47.312810" lon="10.880110"><ele>992</ele></trkpt>
      <trkpt lat="47.312865" lon="10.879996"><ele>993</ele></trkpt>
      <trkpt lat="47.313102" lon="10.879057"><ele>987</ele></trkpt>
      <trkpt lat="47.313150" lon="10.878550"><ele>986</ele></trkpt>
      <trkpt lat="47.313189" lon="10.877658"><ele>980</ele></trkpt>
      <trkpt lat="47.313214" lon="10.877388"><ele>977</ele></trkpt>
      <trkpt lat="47.313240" lon="10.877284"><ele>976</ele></trkpt>
      <trkpt lat="47.313242" lon="10.877200"><ele>976</ele></trkpt>
      <trkpt lat="47.313220" lon="10.877150"><ele>975</ele></trkpt>
      <trkpt lat="47.313200" lon="10.876695"><ele>974</ele></trkpt>
      <trkpt lat="47.313227" lon="10.876178"><ele>970</ele></trkpt>
      <trkpt lat="47.313367" lon="10.875633"><ele>965</ele></trkpt>
      <trkpt lat="47.313656" lon="10.874811"><ele>960</ele></trkpt>
      <trkpt lat="47.314181" lon="10.873245"><ele>950</ele></trkpt>
      <trkpt lat="47.314246" lon="10.872787"><ele>949</ele></trkpt>
      <trkpt lat="47.314224" lon="10.872526"><ele>948</ele></trkpt>
      <trkpt lat="47.314163" lon="10.872339"><ele>947</ele></trkpt>
      <trkpt lat="47.314075" lon="10.872222"><ele>946</ele></trkpt>
      <trkpt lat="47.313818" lon="10.872117"><ele>945</ele></trkpt>
      <trkpt lat="47.313733" lon="10.872082"><ele>944</ele></trkpt>
      <trkpt lat="47.313563" lon="10.871926"><ele>942</ele></trkpt>
      <trkpt lat="47.313254" lon="10.871114"><ele>937</ele></trkpt>
      <trkpt lat="47.313193" lon="10.870944"><ele>936</ele></trkpt>
      <trkpt lat="47.312692" lon="10.869379"><ele>930</ele></trkpt>
      <trkpt lat="47.312589" lon="10.868739"><ele>927</ele></trkpt>
      <trkpt lat="47.312321" lon="10.866944"><ele>918</ele></trkpt>
      <trkpt lat="47.312316" lon="10.865023"><ele>910</ele></trkpt>
      <trkpt lat="47.312373" lon="10.864487"><ele>910</ele></trkpt>
      <trkpt lat="47.312412" lon="10.864200"><ele>908</ele></trkpt>
      <trkpt lat="47.312399" lon="10.863831"><ele>906</ele></trkpt>
      <trkpt lat="47.312333" lon="10.863337"><ele>903</ele></trkpt>
      <trkpt lat="47.312214" lon="10.862690"><ele>899</ele></trkpt>
      <trkpt lat="47.311964" lon="10.861789"><ele>896</ele></trkpt>
      <trkpt lat="47.311353" lon="10.859215"><ele>885</ele></trkpt>
      <trkpt lat="47.311098" lon="10.858386"><ele>881</ele></trkpt>
      <trkpt lat="47.311046" lon="10.858083"><ele>882</ele></trkpt>
      <trkpt lat="47.311040" lon="10.858049"><ele>882</ele></trkpt>
      <trkpt lat="47.310929" lon="10.857394"><ele>879</ele></trkpt>
      <trkpt lat="47.310879" lon="10.857101"><ele>878</ele></trkpt>
      <trkpt lat="47.310761" lon="10.856579"><ele>877</ele></trkpt>
      <trkpt lat="47.310618" lon="10.856142"><ele>877</ele></trkpt>
      <trkpt lat="47.310440" lon="10.855780"><ele>877</ele></trkpt>
      <trkpt lat="47.310173" lon="10.855398"><ele>876</ele></trkpt>
      <trkpt lat="47.310122" lon="10.855318"><ele>876</ele></trkpt>
      <trkpt lat="47.310038" lon="10.855146"><ele>875</ele></trkpt>
      <trkpt lat="47.309985" lon="10.854908"><ele>874</ele></trkpt>
      <trkpt lat="47.309946" lon="10.854675"><ele>874</ele></trkpt>
      <trkpt lat="47.309904" lon="10.854464"><ele>873</ele></trkpt>
      <trkpt lat="47.309703" lon="10.853880"><ele>870</ele></trkpt>
      <trkpt lat="47.309682" lon="10.853599"><ele>870</ele></trkpt>
      <trkpt lat="47.309673" lon="10.853310"><ele>869</ele></trkpt>
      <trkpt lat="47.309728" lon="10.852541"><ele>863</ele></trkpt>
      <trkpt lat="47.309750" lon="10.851906"><ele>860</ele></trkpt>
      <trkpt lat="47.309724" lon="10.850204"><ele>854</ele></trkpt>
      <trkpt lat="47.309762" lon="10.849151"><ele>852</ele></trkpt>
      <trkpt lat="47.309750" lon="10.848824"><ele>852</ele></trkpt>
      <trkpt lat="47.309706" lon="10.848303"><ele>850</ele></trkpt>
      <trkpt lat="47.309681" lon="10.847913"><ele>848</ele></trkpt>
      <trkpt lat="47.309675" lon="10.847814"><ele>848</ele></trkpt>
      <trkpt lat="47.309655" lon="10.847506"><ele>848</ele></trkpt>
      <trkpt lat="47.309622" lon="10.846978"><ele>846</ele></trkpt>
      <trkpt lat="47.309552" lon="10.846251"><ele>845</ele></trkpt>
      <trkpt lat="47.309581" lon="10.846198"><ele>845</ele></trkpt>
      <trkpt lat="47.309649" lon="10.846093"><ele>845</ele></trkpt>
      <trkpt lat="47.309686" lon="10.846040"><ele>844</ele></trkpt>
      <trkpt lat="47.310096" lon="10.845640"><ele>843</ele></trkpt>
      <trkpt lat="47.310168" lon="10.845530"><ele>842</ele></trkpt>
      <trkpt lat="47.310190" lon="10.845380"><ele>842</ele></trkpt>
      <trkpt lat="47.310308" lon="10.843634"><ele>838</ele></trkpt>
      <trkpt lat="47.310343" lon="10.843298"><ele>838</ele></trkpt>
      <trkpt lat="47.310386" lon="10.842969"><ele>838</ele></trkpt>
      <trkpt lat="47.310453" lon="10.842641"><ele>838</ele></trkpt>
      <trkpt lat="47.310562" lon="10.842265"><ele>835</ele></trkpt>
      <trkpt lat="47.310574" lon="10.842222"><ele>835</ele></trkpt>
      <trkpt lat="47.310618" lon="10.842071"><ele>836</ele></trkpt>
      <trkpt lat="47.310722" lon="10.841816"><ele>835</ele></trkpt>
      <trkpt lat="47.310828" lon="10.841620"><ele>834</ele></trkpt>
      <trkpt lat="47.310932" lon="10.841486"><ele>833</ele></trkpt>
      <trkpt lat="47.311068" lon="10.841353"><ele>833</ele></trkpt>
      <trkpt lat="47.311358" lon="10.841110"><ele>833</ele></trkpt>
      <trkpt lat="47.311658" lon="10.840838"><ele>832</ele></trkpt>
      <trkpt lat="47.312096" lon="10.840281"><ele>832</ele></trkpt>
      <trkpt lat="47.312169" lon="10.840186"><ele>832</ele></trkpt>
      <trkpt lat="47.312246" lon="10.840087"><ele>831</ele></trkpt>
      <trkpt lat="47.312254" lon="10.840036"><ele>831</ele></trkpt>
      <trkpt lat="47.312253" lon="10.839941"><ele>831</ele></trkpt>
      <trkpt lat="47.312304" lon="10.839903"><ele>831</ele></trkpt>
      <trkpt lat="47.312350" lon="10.839852"><ele>831</ele></trkpt>
      <trkpt lat="47.312427" lon="10.839761"><ele>831</ele></trkpt>
      <trkpt lat="47.312511" lon="10.839699"><ele>831</ele></trkpt>
      <trkpt lat="47.312598" lon="10.839649"><ele>831</ele></trkpt>
      <trkpt lat="47.312801" lon="10.839574"><ele>831</ele></trkpt>
      <trkpt lat="47.312979" lon="10.839530"><ele>832</ele></trkpt>
      <trkpt lat="47.313248" lon="10.839447"><ele>832</ele></trkpt>
      <trkpt lat="47.313612" lon="10.839315"><ele>834</ele></trkpt>
      <trkpt lat="47.313820" lon="10.839190"><ele>834</ele></trkpt>
      <trkpt lat="47.313946" lon="10.839076"><ele>834</ele></trkpt>
      <trkpt lat="47.314049" lon="10.838938"><ele>835</ele></trkpt>
      <trkpt lat="47.314175" lon="10.838705"><ele>836</ele></trkpt>
      <trkpt lat="47.314397" lon="10.838127"><ele>836</ele></trkpt>
      <trkpt lat="47.314531" lon="10.837769"><ele>837</ele></trkpt>
      <trkpt lat="47.314602" lon="10.837526"><ele>837</ele></trkpt>
      <trkpt lat="47.314708" lon="10.837228"><ele>837</ele></trkpt>
      <trkpt lat="47.314898" lon="10.836692"><ele>837</ele></trkpt>
      <trkpt lat="47.314921" lon="10.836617"><ele>837</ele></trkpt>
      <trkpt lat="47.315062" lon="10.836192"><ele>838</ele></trkpt>
      <trkpt lat="47.315142" lon="10.835947"><ele>838</ele></trkpt>
      <trkpt lat="47.315415" lon="10.835259"><ele>839</ele></trkpt>
      <trkpt lat="47.315536" lon="10.834925"><ele>839</ele></trkpt>
      <trkpt lat="47.315611" lon="10.834697"><ele>840</ele></trkpt>
      <trkpt lat="47.315728" lon="10.834423"><ele>839</ele></trkpt>
      <trkpt lat="47.316010" lon="10.833965"><ele>840</ele></trkpt>
      <trkpt lat="47.316307" lon="10.833609"><ele>841</ele></trkpt>
      <trkpt lat="47.316634" lon="10.833277"><ele>842</ele></trkpt>
      <trkpt lat="47.316886" lon="10.833038"><ele>842</ele></trkpt>
      <trkpt lat="47.317331" lon="10.832683"><ele>843</ele></trkpt>
      <trkpt lat="47.317216" lon="10.832417"><ele>843</ele></trkpt>
      <trkpt lat="47.317186" lon="10.832248"><ele>844</ele></trkpt>
      <trkpt lat="47.317148" lon="10.832024"><ele>843</ele></trkpt>
      <trkpt lat="47.317114" lon="10.831390"><ele>844</ele></trkpt>
      <trkpt lat="47.317147" lon="10.831121"><ele>844</ele></trkpt>
      <trkpt lat="47.317157" lon="10.831058"><ele>844</ele></trkpt>
      <trkpt lat="47.316824" lon="10.831181"><ele>844</ele></trkpt>
      <trkpt lat="47.316465" lon="10.831297"><ele>842</ele></trkpt>
      <trkpt lat="47.316203" lon="10.831324"><ele>842</ele></trkpt>
      <trkpt lat="47.316005" lon="10.831325"><ele>842</ele></trkpt>
      <trkpt lat="47.316203" lon="10.831324"><ele>842</ele></trkpt>
      <trkpt lat="47.316465" lon="10.831297"><ele>842</ele></trkpt>
      <trkpt lat="47.316824" lon="10.831181"><ele>844</ele></trkpt>
      <trkpt lat="47.317157" lon="10.831058"><ele>844</ele></trkpt>
      <trkpt lat="47.317147" lon="10.831121"><ele>844</ele></trkpt>
      <trkpt lat="47.317114" lon="10.831390"><ele>844</ele></trkpt>
      <trkpt lat="47.317148" lon="10.832024"><ele>843</ele></trkpt>
      <trkpt lat="47.317186" lon="10.832248"><ele>844</ele></trkpt>
      <trkpt lat="47.317216" lon="10.832417"><ele>843</ele></trkpt>
      <trkpt lat="47.317331" lon="10.832683"><ele>843</ele></trkpt>
      <trkpt lat="47.317622" lon="10.832366"><ele>844</ele></trkpt>
      <trkpt lat="47.318256" lon="10.831624"><ele>847</ele></trkpt>
      <trkpt lat="47.318452" lon="10.831399"><ele>846</ele></trkpt>
      <trkpt lat="47.318742" lon="10.831066"><ele>847</ele></trkpt>
      <trkpt lat="47.318907" lon="10.830895"><ele>848</ele></trkpt>
      <trkpt lat="47.319098" lon="10.830691"><ele>848</ele></trkpt>
      <trkpt lat="47.319190" lon="10.830584"><ele>848</ele></trkpt>
      <trkpt lat="47.319807" lon="10.829856"><ele>850</ele></trkpt>
      <trkpt lat="47.320399" lon="10.829147"><ele>852</ele></trkpt>
      <trkpt lat="47.320984" lon="10.828528"><ele>854</ele></trkpt>
      <trkpt lat="47.321215" lon="10.828259"><ele>854</ele></trkpt>
      <trkpt lat="47.321379" lon="10.828016"><ele>854</ele></trkpt>
      <trkpt lat="47.321512" lon="10.827778"><ele>856</ele></trkpt>
      <trkpt lat="47.321847" lon="10.827049"><ele>857</ele></trkpt>
      <trkpt lat="47.321954" lon="10.826843"><ele>857</ele></trkpt>
      <trkpt lat="47.322185" lon="10.826447"><ele>858</ele></trkpt>
      <trkpt lat="47.322298" lon="10.826237"><ele>859</ele></trkpt>
      <trkpt lat="47.322365" lon="10.826049"><ele>859</ele></trkpt>
      <trkpt lat="47.322392" lon="10.825823"><ele>860</ele></trkpt>
      <trkpt lat="47.322429" lon="10.825832"><ele>860</ele></trkpt>
      <trkpt lat="47.322480" lon="10.825813"><ele>861</ele></trkpt>
      <trkpt lat="47.322529" lon="10.825674"><ele>862</ele></trkpt>
      <trkpt lat="47.322586" lon="10.825553"><ele>862</ele></trkpt>
      <trkpt lat="47.322849" lon="10.825319"><ele>861</ele></trkpt>
      <trkpt lat="47.322966" lon="10.825247"><ele>863</ele></trkpt>
      <trkpt lat="47.323087" lon="10.825207"><ele>864</ele></trkpt>
      <trkpt lat="47.323253" lon="10.825186"><ele>864</ele></trkpt>
      <trkpt lat="47.323383" lon="10.825103"><ele>863</ele></trkpt>
      <trkpt lat="47.324041" lon="10.824728"><ele>866</ele></trkpt>
      <trkpt lat="47.324235" lon="10.824657"><ele>868</ele></trkpt>
      <trkpt lat="47.324454" lon="10.824500"><ele>870</ele></trkpt>
      <trkpt lat="47.324597" lon="10.824379"><ele>872</ele></trkpt>
      <trkpt lat="47.324886" lon="10.824108"><ele>874</ele></trkpt>
      <trkpt lat="47.325103" lon="10.823920"><ele>874</ele></trkpt>
      <trkpt lat="47.325414" lon="10.823632"><ele>874</ele></trkpt>
      <trkpt lat="47.325669" lon="10.823374"><ele>874</ele></trkpt>
      <trkpt lat="47.325824" lon="10.823275"><ele>874</ele></trkpt>
      <trkpt lat="47.326039" lon="10.823223"><ele>876</ele></trkpt>
      <trkpt lat="47.326191" lon="10.823082"><ele>876</ele></trkpt>
      <trkpt lat="47.326430" lon="10.822822"><ele>875</ele></trkpt>
      <trkpt lat="47.326704" lon="10.822607"><ele>875</ele></trkpt>
      <trkpt lat="47.327214" lon="10.822107"><ele>876</ele></trkpt>
      <trkpt lat="47.327415" lon="10.821919"><ele>878</ele></trkpt>
      <trkpt lat="47.327495" lon="10.821780"><ele>878</ele></trkpt>
      <trkpt lat="47.327584" lon="10.821576"><ele>878</ele></trkpt>
      <trkpt lat="47.327791" lon="10.821216"><ele>880</ele></trkpt>
      <trkpt lat="47.327998" lon="10.820903"><ele>882</ele></trkpt>
      <trkpt lat="47.328251" lon="10.820616"><ele>884</ele></trkpt>
      <trkpt lat="47.328577" lon="10.820178"><ele>886</ele></trkpt>
      <trkpt lat="47.328839" lon="10.819886"><ele>888</ele></trkpt>
      <trkpt lat="47.329398" lon="10.819445"><ele>893</ele></trkpt>
      <trkpt lat="47.329639" lon="10.819278"><ele>895</ele></trkpt>
      <trkpt lat="47.329863" lon="10.819158"><ele>897</ele></trkpt>
      <trkpt lat="47.330171" lon="10.819073"><ele>899</ele></trkpt>
      <trkpt lat="47.330548" lon="10.819031"><ele>901</ele></trkpt>
      <trkpt lat="47.330925" lon="10.819001"><ele>901</ele></trkpt>
      <trkpt lat="47.331377" lon="10.819025"><ele>904</ele></trkpt>
      <trkpt lat="47.331553" lon="10.819048"><ele>904</ele></trkpt>
      <trkpt lat="47.332091" lon="10.819135"><ele>908</ele></trkpt>
      <trkpt lat="47.332450" lon="10.819213"><ele>912</ele></trkpt>
      <trkpt lat="47.332724" lon="10.819289"><ele>916</ele></trkpt>
      <trkpt lat="47.333347" lon="10.819697"><ele>916</ele></trkpt>
      <trkpt lat="47.333661" lon="10.819946"><ele>916</ele></trkpt>
      <trkpt lat="47.333959" lon="10.820202"><ele>912</ele></trkpt>
      <trkpt lat="47.334199" lon="10.820181"><ele>910</ele></trkpt>
      <trkpt lat="47.334536" lon="10.820234"><ele>908</ele></trkpt>
      <trkpt lat="47.334865" lon="10.820198"><ele>907</ele></trkpt>
      <trkpt lat="47.334915" lon="10.820192"><ele>907</ele></trkpt>
      <trkpt lat="47.335144" lon="10.820075"><ele>907</ele></trkpt>
      <trkpt lat="47.335616" lon="10.819757"><ele>908</ele></trkpt>
      <trkpt lat="47.335972" lon="10.819479"><ele>906</ele></trkpt>
      <trkpt lat="47.336413" lon="10.819157"><ele>906</ele></trkpt>
      <trkpt lat="47.336483" lon="10.819054"><ele>907</ele></trkpt>
      <trkpt lat="47.336719" lon="10.818996"><ele>908</ele></trkpt>
      <trkpt lat="47.337021" lon="10.818876"><ele>908</ele></trkpt>
      <trkpt lat="47.337172" lon="10.818850"><ele>909</ele></trkpt>
      <trkpt lat="47.337295" lon="10.818812"><ele>911</ele></trkpt>
      <trkpt lat="47.337372" lon="10.818745"><ele>912</ele></trkpt>
      <trkpt lat="47.337519" lon="10.818499"><ele>909</ele></trkpt>
      <trkpt lat="47.337557" lon="10.818475"><ele>909</ele></trkpt>
      <trkpt lat="47.338516" lon="10.817875"><ele>913</ele></trkpt>
      <trkpt lat="47.338834" lon="10.817692"><ele>915</ele></trkpt>
      <trkpt lat="47.338972" lon="10.817625"><ele>916</ele></trkpt>
      <trkpt lat="47.339111" lon="10.817586"><ele>918</ele></trkpt>
      <trkpt lat="47.339285" lon="10.817568"><ele>918</ele></trkpt>
      <trkpt lat="47.339461" lon="10.817606"><ele>919</ele></trkpt>
      <trkpt lat="47.339571" lon="10.817666"><ele>920</ele></trkpt>
      <trkpt lat="47.339657" lon="10.817734"><ele>920</ele></trkpt>
      <trkpt lat="47.339755" lon="10.817854"><ele>924</ele></trkpt>
      <trkpt lat="47.339822" lon="10.817955"><ele>926</ele></trkpt>
      <trkpt lat="47.339927" lon="10.818136"><ele>926</ele></trkpt>
      <trkpt lat="47.340057" lon="10.818441"><ele>926</ele></trkpt>
      <trkpt lat="47.340138" lon="10.818574"><ele>928</ele></trkpt>
      <trkpt lat="47.340221" lon="10.818670"><ele>928</ele></trkpt>
      <trkpt lat="47.340730" lon="10.819153"><ele>930</ele></trkpt>
      <trkpt lat="47.341341" lon="10.819885"><ele>934</ele></trkpt>
      <trkpt lat="47.341460" lon="10.819971"><ele>934</ele></trkpt>
      <trkpt lat="47.341593" lon="10.820035"><ele>936</ele></trkpt>
      <trkpt lat="47.341735" lon="10.820047"><ele>936</ele></trkpt>
      <trkpt lat="47.341892" lon="10.820016"><ele>937</ele></trkpt>
      <trkpt lat="47.342358" lon="10.819876"><ele>937</ele></trkpt>
      <trkpt lat="47.342499" lon="10.819834"><ele>938</ele></trkpt>
      <trkpt lat="47.342758" lon="10.819738"><ele>941</ele></trkpt>
      <trkpt lat="47.342851" lon="10.819674"><ele>942</ele></trkpt>
      <trkpt lat="47.342996" lon="10.819518"><ele>942</ele></trkpt>
      <trkpt lat="47.343157" lon="10.819280"><ele>945</ele></trkpt>
      <trkpt lat="47.343331" lon="10.819002"><ele>947</ele></trkpt>
      <trkpt lat="47.343338" lon="10.818991"><ele>947</ele></trkpt>
      <trkpt lat="47.343440" lon="10.818842"><ele>947</ele></trkpt>
      <trkpt lat="47.343602" lon="10.818726"><ele>946</ele></trkpt>
      <trkpt lat="47.343661" lon="10.818701"><ele>946</ele></trkpt>
      <trkpt lat="47.343823" lon="10.818681"><ele>946</ele></trkpt>
      <trkpt lat="47.344076" lon="10.818670"><ele>946</ele></trkpt>
      <trkpt lat="47.344347" lon="10.818672"><ele>947</ele></trkpt>
      <trkpt lat="47.344479" lon="10.818707"><ele>946</ele></trkpt>
      <trkpt lat="47.344614" lon="10.818811"><ele>946</ele></trkpt>
      <trkpt lat="47.344697" lon="10.818891"><ele>947</ele></trkpt>
      <trkpt lat="47.344807" lon="10.818981"><ele>946</ele></trkpt>
      <trkpt lat="47.344846" lon="10.819002"><ele>945</ele></trkpt>
      <trkpt lat="47.344915" lon="10.819035"><ele>944</ele></trkpt>
      <trkpt lat="47.344978" lon="10.819052"><ele>943</ele></trkpt>
      <trkpt lat="47.345049" lon="10.819059"><ele>941</ele></trkpt>
      <trkpt lat="47.345120" lon="10.819044"><ele>942</ele></trkpt>
      <trkpt lat="47.345213" lon="10.819014"><ele>942</ele></trkpt>
      <trkpt lat="47.345478" lon="10.818902"><ele>943</ele></trkpt>
      <trkpt lat="47.345577" lon="10.818884"><ele>943</ele></trkpt>
      <trkpt lat="47.345669" lon="10.818908"><ele>948</ele></trkpt>
      <trkpt lat="47.345724" lon="10.818945"><ele>950</ele></trkpt>
      <trkpt lat="47.345778" lon="10.819012"><ele>951</ele></trkpt>
      <trkpt lat="47.345837" lon="10.819127"><ele>951</ele></trkpt>
      <trkpt lat="47.346021" lon="10.819577"><ele>957</ele></trkpt>
      <trkpt lat="47.346172" lon="10.819937"><ele>956</ele></trkpt>
      <trkpt lat="47.346261" lon="10.820090"><ele>957</ele></trkpt>
      <trkpt lat="47.346494" lon="10.820341"><ele>960</ele></trkpt>
      <trkpt lat="47.346633" lon="10.820561"><ele>958</ele></trkpt>
      <trkpt lat="47.346816" lon="10.820889"><ele>961</ele></trkpt>
      <trkpt lat="47.347156" lon="10.821533"><ele>964</ele></trkpt>
      <trkpt lat="47.347440" lon="10.822054"><ele>966</ele></trkpt>
      <trkpt lat="47.347536" lon="10.822266"><ele>968</ele></trkpt>
      <trkpt lat="47.347819" lon="10.822931"><ele>972</ele></trkpt>
      <trkpt lat="47.348043" lon="10.823485"><ele>976</ele></trkpt>
      <trkpt lat="47.348064" lon="10.823672"><ele>974</ele></trkpt>
      <trkpt lat="47.348126" lon="10.823794"><ele>974</ele></trkpt>
      <trkpt lat="47.348187" lon="10.823884"><ele>974</ele></trkpt>
      <trkpt lat="47.348246" lon="10.823940"><ele>974</ele></trkpt>
      <trkpt lat="47.348340" lon="10.823990"><ele>974</ele></trkpt>
      <trkpt lat="47.348469" lon="10.823938"><ele>977</ele></trkpt>
      <trkpt lat="47.348591" lon="10.823966"><ele>977</ele></trkpt>
      <trkpt lat="47.348705" lon="10.824015"><ele>984</ele></trkpt>
      <trkpt lat="47.348800" lon="10.824086"><ele>986</ele></trkpt>
      <trkpt lat="47.349007" lon="10.824312"><ele>984</ele></trkpt>
      <trkpt lat="47.349109" lon="10.824399"><ele>984</ele></trkpt>
      <trkpt lat="47.349207" lon="10.824452"><ele>983</ele></trkpt>
      <trkpt lat="47.349329" lon="10.824463"><ele>983</ele></trkpt>
      <trkpt lat="47.349425" lon="10.824450"><ele>984</ele></trkpt>
      <trkpt lat="47.349687" lon="10.824353"><ele>988</ele></trkpt>
      <trkpt lat="47.349796" lon="10.824356"><ele>988</ele></trkpt>
      <trkpt lat="47.349916" lon="10.824397"><ele>988</ele></trkpt>
      <trkpt lat="47.350697" lon="10.824829"><ele>994</ele></trkpt>
      <trkpt lat="47.350938" lon="10.825019"><ele>996</ele></trkpt>
      <trkpt lat="47.351144" lon="10.825214"><ele>998</ele></trkpt>
      <trkpt lat="47.351303" lon="10.825437"><ele>1000</ele></trkpt>
      <trkpt lat="47.351708" lon="10.826090"><ele>1002</ele></trkpt>
      <trkpt lat="47.351865" lon="10.826331"><ele>1004</ele></trkpt>
      <trkpt lat="47.352001" lon="10.826526"><ele>1004</ele></trkpt>
      <trkpt lat="47.352106" lon="10.826652"><ele>1005</ele></trkpt>
      <trkpt lat="47.352413" lon="10.827071"><ele>1008</ele></trkpt>
      <trkpt lat="47.352657" lon="10.827455"><ele>1008</ele></trkpt>
      <trkpt lat="47.352818" lon="10.827725"><ele>1010</ele></trkpt>
      <trkpt lat="47.352935" lon="10.827937"><ele>1012</ele></trkpt>
      <trkpt lat="47.352900" lon="10.828044"><ele>1009</ele></trkpt>
      <trkpt lat="47.352888" lon="10.828203"><ele>1009</ele></trkpt>
      <trkpt lat="47.352990" lon="10.828487"><ele>1013</ele></trkpt>
      <trkpt lat="47.353038" lon="10.828587"><ele>1014</ele></trkpt>
      <trkpt lat="47.353013" lon="10.828724"><ele>1014</ele></trkpt>
      <trkpt lat="47.352909" lon="10.828881"><ele>1013</ele></trkpt>
      <trkpt lat="47.352713" lon="10.829058"><ele>1008</ele></trkpt>
      <trkpt lat="47.352440" lon="10.829226"><ele>1001</ele></trkpt>
      <trkpt lat="47.352275" lon="10.829314"><ele>997</ele></trkpt>
      <trkpt lat="47.352072" lon="10.829518"><ele>991</ele></trkpt>
      <trkpt lat="47.352184" lon="10.829858"><ele>990</ele></trkpt>
      <trkpt lat="47.352296" lon="10.830090"><ele>990</ele></trkpt>
      <trkpt lat="47.352491" lon="10.830315"><ele>990</ele></trkpt>
      <trkpt lat="47.352858" lon="10.830491"><ele>992</ele></trkpt>
      <trkpt lat="47.352921" lon="10.830553"><ele>992</ele></trkpt>
      <trkpt lat="47.352961" lon="10.830661"><ele>992</ele></trkpt>
      <trkpt lat="47.352972" lon="10.830818"><ele>992</ele></trkpt>
      <trkpt lat="47.352959" lon="10.831109"><ele>995</ele></trkpt>
      <trkpt lat="47.352900" lon="10.831332"><ele>993</ele></trkpt>
      <trkpt lat="47.352817" lon="10.831511"><ele>992</ele></trkpt>
      <trkpt lat="47.352730" lon="10.831570"><ele>991</ele></trkpt>
      <trkpt lat="47.352635" lon="10.831693"><ele>990</ele></trkpt>
      <trkpt lat="47.352578" lon="10.832007"><ele>988</ele></trkpt>
      <trkpt lat="47.352561" lon="10.832231"><ele>987</ele></trkpt>
      <trkpt lat="47.352649" lon="10.832887"><ele>986</ele></trkpt>
      <trkpt lat="47.352881" lon="10.833001"><ele>984</ele></trkpt>
      <trkpt lat="47.353549" lon="10.833780"><ele>983</ele></trkpt>
      <trkpt lat="47.353735" lon="10.834593"><ele>988</ele></trkpt>
      <trkpt lat="47.353681" lon="10.836071"><ele>982</ele></trkpt>
      <trkpt lat="47.353564" lon="10.836827"><ele>978</ele></trkpt>
      <trkpt lat="47.353487" lon="10.837044"><ele>978</ele></trkpt>
      <trkpt lat="47.353223" lon="10.837617"><ele>984</ele></trkpt>
      <trkpt lat="47.352788" lon="10.838213"><ele>982</ele></trkpt>
      <trkpt lat="47.352649" lon="10.838224"><ele>981</ele></trkpt>
      <trkpt lat="47.352361" lon="10.837800"><ele>978</ele></trkpt>
      <trkpt lat="47.352129" lon="10.837617"><ele>978</ele></trkpt>
      <trkpt lat="47.351873" lon="10.837365"><ele>981</ele></trkpt>
      <trkpt lat="47.351694" lon="10.837583"><ele>981</ele></trkpt>
      <trkpt lat="47.351873" lon="10.837365"><ele>981</ele></trkpt>
      <trkpt lat="47.352129" lon="10.837617"><ele>978</ele></trkpt>
      <trkpt lat="47.352361" lon="10.837800"><ele>978</ele></trkpt>
      <trkpt lat="47.352649" lon="10.838224"><ele>981</ele></trkpt>
      <trkpt lat="47.352788" lon="10.838213"><ele>982</ele></trkpt>
      <trkpt lat="47.353223" lon="10.837617"><ele>984</ele></trkpt>
      <trkpt lat="47.353487" lon="10.837044"><ele>978</ele></trkpt>
      <trkpt lat="47.353564" lon="10.836827"><ele>978</ele></trkpt>
      <trkpt lat="47.353681" lon="10.836071"><ele>982</ele></trkpt>
      <trkpt lat="47.353735" lon="10.834593"><ele>988</ele></trkpt>
      <trkpt lat="47.353549" lon="10.833780"><ele>983</ele></trkpt>
      <trkpt lat="47.352881" lon="10.833001"><ele>984</ele></trkpt>
      <trkpt lat="47.352649" lon="10.832887"><ele>986</ele></trkpt>
      <trkpt lat="47.352561" lon="10.832231"><ele>987</ele></trkpt>
      <trkpt lat="47.352578" lon="10.832007"><ele>988</ele></trkpt>
      <trkpt lat="47.352635" lon="10.831693"><ele>990</ele></trkpt>
      <trkpt lat="47.352730" lon="10.831570"><ele>991</ele></trkpt>
      <trkpt lat="47.352817" lon="10.831511"><ele>992</ele></trkpt>
      <trkpt lat="47.352900" lon="10.831332"><ele>993</ele></trkpt>
      <trkpt lat="47.352959" lon="10.831109"><ele>995</ele></trkpt>
      <trkpt lat="47.352972" lon="10.830818"><ele>992</ele></trkpt>
      <trkpt lat="47.352961" lon="10.830661"><ele>992</ele></trkpt>
      <trkpt lat="47.352921" lon="10.830553"><ele>992</ele></trkpt>
      <trkpt lat="47.352858" lon="10.830491"><ele>992</ele></trkpt>
      <trkpt lat="47.352491" lon="10.830315"><ele>990</ele></trkpt>
      <trkpt lat="47.352296" lon="10.830090"><ele>990</ele></trkpt>
      <trkpt lat="47.352184" lon="10.829858"><ele>990</ele></trkpt>
      <trkpt lat="47.352072" lon="10.829518"><ele>991</ele></trkpt>
      <trkpt lat="47.352275" lon="10.829314"><ele>997</ele></trkpt>
      <trkpt lat="47.352440" lon="10.829226"><ele>1001</ele></trkpt>
      <trkpt lat="47.352713" lon="10.829058"><ele>1008</ele></trkpt>
      <trkpt lat="47.352909" lon="10.828881"><ele>1013</ele></trkpt>
      <trkpt lat="47.353094" lon="10.828917"><ele>1016</ele></trkpt>
      <trkpt lat="47.353175" lon="10.829173"><ele>1016</ele></trkpt>
      <trkpt lat="47.353302" lon="10.829375"><ele>1018</ele></trkpt>
      <trkpt lat="47.353467" lon="10.829484"><ele>1018</ele></trkpt>
      <trkpt lat="47.353534" lon="10.829485"><ele>1018</ele></trkpt>
      <trkpt lat="47.353614" lon="10.829532"><ele>1018</ele></trkpt>
      <trkpt lat="47.353688" lon="10.829551"><ele>1017</ele></trkpt>
      <trkpt lat="47.353757" lon="10.829492"><ele>1018</ele></trkpt>
      <trkpt lat="47.353822" lon="10.829459"><ele>1017</ele></trkpt>
      <trkpt lat="47.353869" lon="10.829359"><ele>1019</ele></trkpt>
      <trkpt lat="47.354065" lon="10.829233"><ele>1024</ele></trkpt>
      <trkpt lat="47.354276" lon="10.828935"><ele>1037</ele></trkpt>
      <trkpt lat="47.354301" lon="10.828821"><ele>1042</ele></trkpt>
      <trkpt lat="47.354366" lon="10.828703"><ele>1049</ele></trkpt>
      <trkpt lat="47.354499" lon="10.828543"><ele>1060</ele></trkpt>
      <trkpt lat="47.354567" lon="10.828491"><ele>1065</ele></trkpt>
      <trkpt lat="47.354632" lon="10.828456"><ele>1068</ele></trkpt>
      <trkpt lat="47.354791" lon="10.828524"><ele>1069</ele></trkpt>
      <trkpt lat="47.354868" lon="10.828495"><ele>1072</ele></trkpt>
      <trkpt lat="47.354997" lon="10.828407"><ele>1077</ele></trkpt>
      <trkpt lat="47.355096" lon="10.828350"><ele>1080</ele></trkpt>
      <trkpt lat="47.355375" lon="10.827845"><ele>1093</ele></trkpt>
      <trkpt lat="47.355407" lon="10.827653"><ele>1096</ele></trkpt>
      <trkpt lat="47.355406" lon="10.827345"><ele>1104</ele></trkpt>
      <trkpt lat="47.355481" lon="10.827217"><ele>1104</ele></trkpt>
      <trkpt lat="47.355542" lon="10.826960"><ele>1108</ele></trkpt>
      <trkpt lat="47.355567" lon="10.826772"><ele>1111</ele></trkpt>
      <trkpt lat="47.355637" lon="10.826416"><ele>1119</ele></trkpt>
      <trkpt lat="47.355736" lon="10.826352"><ele>1120</ele></trkpt>
      <trkpt lat="47.355813" lon="10.825920"><ele>1122</ele></trkpt>
      <trkpt lat="47.355815" lon="10.825854"><ele>1123</ele></trkpt>
      <trkpt lat="47.355830" lon="10.825795"><ele>1123</ele></trkpt>
      <trkpt lat="47.355681" lon="10.825878"><ele>1125</ele></trkpt>
      <trkpt lat="47.355673" lon="10.826031"><ele>1123</ele></trkpt>
      <trkpt lat="47.355575" lon="10.826251"><ele>1122</ele></trkpt>
      <trkpt lat="47.355532" lon="10.826311"><ele>1123</ele></trkpt>
      <trkpt lat="47.355555" lon="10.826218"><ele>1122</ele></trkpt>
      <trkpt lat="47.355581" lon="10.825937"><ele>1126</ele></trkpt>
      <trkpt lat="47.355631" lon="10.825704"><ele>1126</ele></trkpt>
      <trkpt lat="47.355606" lon="10.825557"><ele>1126</ele></trkpt>
      <trkpt lat="47.355602" lon="10.825225"><ele>1123</ele></trkpt>
      <trkpt lat="47.355573" lon="10.825075"><ele>1122</ele></trkpt>
      <trkpt lat="47.355561" lon="10.824884"><ele>1122</ele></trkpt>
      <trkpt lat="47.355632" lon="10.824204"><ele>1125</ele></trkpt>
      <trkpt lat="47.355716" lon="10.823698"><ele>1130</ele></trkpt>
      <trkpt lat="47.355781" lon="10.823525"><ele>1131</ele></trkpt>
      <trkpt lat="47.355874" lon="10.823367"><ele>1132</ele></trkpt>
      <trkpt lat="47.355905" lon="10.823267"><ele>1133</ele></trkpt>
      <trkpt lat="47.355980" lon="10.822950"><ele>1136</ele></trkpt>
      <trkpt lat="47.356099" lon="10.822645"><ele>1140</ele></trkpt>
      <trkpt lat="47.356126" lon="10.822504"><ele>1141</ele></trkpt>
      <trkpt lat="47.356117" lon="10.822154"><ele>1143</ele></trkpt>
      <trkpt lat="47.356115" lon="10.821862"><ele>1146</ele></trkpt>
      <trkpt lat="47.356135" lon="10.821790"><ele>1148</ele></trkpt>
      <trkpt lat="47.356258" lon="10.821653"><ele>1151</ele></trkpt>
      <trkpt lat="47.356260" lon="10.821607"><ele>1152</ele></trkpt>
      <trkpt lat="47.356238" lon="10.821569"><ele>1152</ele></trkpt>
      <trkpt lat="47.356094" lon="10.821397"><ele>1154</ele></trkpt>
      <trkpt lat="47.356092" lon="10.821300"><ele>1155</ele></trkpt>
      <trkpt lat="47.356119" lon="10.821202"><ele>1156</ele></trkpt>
      <trkpt lat="47.356150" lon="10.821169"><ele>1157</ele></trkpt>
      <trkpt lat="47.356290" lon="10.821148"><ele>1160</ele></trkpt>
      <trkpt lat="47.356406" lon="10.821118"><ele>1162</ele></trkpt>
      <trkpt lat="47.356457" lon="10.821086"><ele>1162</ele></trkpt>
      <trkpt lat="47.356531" lon="10.820989"><ele>1162</ele></trkpt>
      <trkpt lat="47.356532" lon="10.820960"><ele>1163</ele></trkpt>
      <trkpt lat="47.356453" lon="10.820848"><ele>1165</ele></trkpt>
      <trkpt lat="47.356434" lon="10.820764"><ele>1166</ele></trkpt>
      <trkpt lat="47.356440" lon="10.820722"><ele>1166</ele></trkpt>
      <trkpt lat="47.356501" lon="10.820686"><ele>1167</ele></trkpt>
      <trkpt lat="47.356597" lon="10.820613"><ele>1168</ele></trkpt>
      <trkpt lat="47.356674" lon="10.820530"><ele>1170</ele></trkpt>
      <trkpt lat="47.356739" lon="10.820492"><ele>1172</ele></trkpt>
      <trkpt lat="47.357082" lon="10.820876"><ele>1172</ele></trkpt>
      <trkpt lat="47.357150" lon="10.820991"><ele>1172</ele></trkpt>
      <trkpt lat="47.357262" lon="10.821301"><ele>1170</ele></trkpt>
      <trkpt lat="47.357487" lon="10.821587"><ele>1170</ele></trkpt>
      <trkpt lat="47.357591" lon="10.821825"><ele>1169</ele></trkpt>
      <trkpt lat="47.357639" lon="10.822070"><ele>1168</ele></trkpt>
      <trkpt lat="47.357694" lon="10.822206"><ele>1168</ele></trkpt>
      <trkpt lat="47.357746" lon="10.822240"><ele>1168</ele></trkpt>
      <trkpt lat="47.358050" lon="10.822326"><ele>1167</ele></trkpt>
      <trkpt lat="47.358180" lon="10.822577"><ele>1166</ele></trkpt>
      <trkpt lat="47.358222" lon="10.822633"><ele>1166</ele></trkpt>
      <trkpt lat="47.358284" lon="10.822666"><ele>1166</ele></trkpt>
      <trkpt lat="47.358358" lon="10.822646"><ele>1166</ele></trkpt>
      <trkpt lat="47.358533" lon="10.822388"><ele>1164</ele></trkpt>
      <trkpt lat="47.358567" lon="10.822148"><ele>1164</ele></trkpt>
      <trkpt lat="47.358865" lon="10.821886"><ele>1161</ele></trkpt>
      <trkpt lat="47.358948" lon="10.821876"><ele>1160</ele></trkpt>
      <trkpt lat="47.359016" lon="10.821903"><ele>1160</ele></trkpt>
      <trkpt lat="47.359076" lon="10.821801"><ele>1161</ele></trkpt>
      <trkpt lat="47.359331" lon="10.821588"><ele>1162</ele></trkpt>
      <trkpt lat="47.359448" lon="10.821609"><ele>1162</ele></trkpt>
      <trkpt lat="47.359519" lon="10.821698"><ele>1162</ele></trkpt>
      <trkpt lat="47.359571" lon="10.821815"><ele>1162</ele></trkpt>
      <trkpt lat="47.359662" lon="10.822114"><ele>1161</ele></trkpt>
      <trkpt lat="47.359996" lon="10.822424"><ele>1162</ele></trkpt>
      <trkpt lat="47.360134" lon="10.822502"><ele>1162</ele></trkpt>
      <trkpt lat="47.360301" lon="10.822456"><ele>1162</ele></trkpt>
      <trkpt lat="47.360640" lon="10.822424"><ele>1163</ele></trkpt>
      <trkpt lat="47.361122" lon="10.822333"><ele>1165</ele></trkpt>
      <trkpt lat="47.361289" lon="10.822322"><ele>1165</ele></trkpt>
      <trkpt lat="47.361426" lon="10.822338"><ele>1165</ele></trkpt>
      <trkpt lat="47.361867" lon="10.822447"><ele>1167</ele></trkpt>
      <trkpt lat="47.362172" lon="10.822438"><ele>1169</ele></trkpt>
      <trkpt lat="47.362533" lon="10.822580"><ele>1169</ele></trkpt>
      <trkpt lat="47.363150" lon="10.822887"><ele>1173</ele></trkpt>
      <trkpt lat="47.363214" lon="10.823067"><ele>1174</ele></trkpt>
      <trkpt lat="47.363265" lon="10.823259"><ele>1174</ele></trkpt>
      <trkpt lat="47.363189" lon="10.823521"><ele>1175</ele></trkpt>
      <trkpt lat="47.363115" lon="10.823749"><ele>1176</ele></trkpt>
      <trkpt lat="47.362938" lon="10.824443"><ele>1178</ele></trkpt>
      <trkpt lat="47.362931" lon="10.826191"><ele>1192</ele></trkpt>
      <trkpt lat="47.362915" lon="10.827950"><ele>1201</ele></trkpt>
      <trkpt lat="47.362966" lon="10.828544"><ele>1202</ele></trkpt>
      <trkpt lat="47.363049" lon="10.828880"><ele>1204</ele></trkpt>
      <trkpt lat="47.363092" lon="10.829216"><ele>1206</ele></trkpt>
      <trkpt lat="47.363006" lon="10.830056"><ele>1208</ele></trkpt>
      <trkpt lat="47.362903" lon="10.830607"><ele>1210</ele></trkpt>
      <trkpt lat="47.362783" lon="10.830899"><ele>1210</ele></trkpt>
      <trkpt lat="47.362902" lon="10.830807"><ele>1212</ele></trkpt>
      <trkpt lat="47.363041" lon="10.830780"><ele>1214</ele></trkpt>
      <trkpt lat="47.363085" lon="10.830804"><ele>1216</ele></trkpt>
      <trkpt lat="47.363161" lon="10.831055"><ele>1219</ele></trkpt>
      <trkpt lat="47.363219" lon="10.831216"><ele>1220</ele></trkpt>
      <trkpt lat="47.363286" lon="10.831327"><ele>1220</ele></trkpt>
      <trkpt lat="47.363315" lon="10.831431"><ele>1220</ele></trkpt>
      <trkpt lat="47.363402" lon="10.831743"><ele>1223</ele></trkpt>
      <trkpt lat="47.363424" lon="10.831970"><ele>1222</ele></trkpt>
      <trkpt lat="47.363438" lon="10.832077"><ele>1222</ele></trkpt>
      <trkpt lat="47.363490" lon="10.832222"><ele>1222</ele></trkpt>
      <trkpt lat="47.363511" lon="10.832345"><ele>1222</ele></trkpt>
      <trkpt lat="47.363508" lon="10.832444"><ele>1221</ele></trkpt>
      <trkpt lat="47.363415" lon="10.832644"><ele>1218</ele></trkpt>
      <trkpt lat="47.363347" lon="10.832724"><ele>1215</ele></trkpt>
      <trkpt lat="47.363218" lon="10.832845"><ele>1210</ele></trkpt>
      <trkpt lat="47.363189" lon="10.832868"><ele>1208</ele></trkpt>
      <trkpt lat="47.363118" lon="10.832874"><ele>1206</ele></trkpt>
      <trkpt lat="47.363063" lon="10.832851"><ele>1204</ele></trkpt>
      <trkpt lat="47.363016" lon="10.832782"><ele>1204</ele></trkpt>
      <trkpt lat="47.362978" lon="10.832631"><ele>1205</ele></trkpt>
      <trkpt lat="47.362886" lon="10.832367"><ele>1206</ele></trkpt>
      <trkpt lat="47.362814" lon="10.832226"><ele>1207</ele></trkpt>
      <trkpt lat="47.362737" lon="10.832114"><ele>1208</ele></trkpt>
      <trkpt lat="47.362529" lon="10.832008"><ele>1207</ele></trkpt>
      <trkpt lat="47.362431" lon="10.832017"><ele>1208</ele></trkpt>
      <trkpt lat="47.362337" lon="10.832007"><ele>1210</ele></trkpt>
      <trkpt lat="47.362315" lon="10.831952"><ele>1211</ele></trkpt>
      <trkpt lat="47.362315" lon="10.831893"><ele>1211</ele></trkpt>
      <trkpt lat="47.362326" lon="10.831814"><ele>1212</ele></trkpt>
      <trkpt lat="47.362258" lon="10.831996"><ele>1211</ele></trkpt>
      <trkpt lat="47.362236" lon="10.832057"><ele>1211</ele></trkpt>
      <trkpt lat="47.362138" lon="10.832324"><ele>1214</ele></trkpt>
      <trkpt lat="47.362047" lon="10.832825"><ele>1218</ele></trkpt>
      <trkpt lat="47.361872" lon="10.833282"><ele>1221</ele></trkpt>
      <trkpt lat="47.361808" lon="10.833641"><ele>1223</ele></trkpt>
      <trkpt lat="47.361770" lon="10.833697"><ele>1224</ele></trkpt>
      <trkpt lat="47.361746" lon="10.833623"><ele>1225</ele></trkpt>
      <trkpt lat="47.361714" lon="10.833317"><ele>1226</ele></trkpt>
      <trkpt lat="47.361667" lon="10.833162"><ele>1228</ele></trkpt>
      <trkpt lat="47.361638" lon="10.832950"><ele>1230</ele></trkpt>
      <trkpt lat="47.361483" lon="10.832497"><ele>1234</ele></trkpt>
      <trkpt lat="47.361363" lon="10.832393"><ele>1237</ele></trkpt>
      <trkpt lat="47.361188" lon="10.832315"><ele>1240</ele></trkpt>
      <trkpt lat="47.360986" lon="10.832138"><ele>1241</ele></trkpt>
      <trkpt lat="47.360659" lon="10.831983"><ele>1240</ele></trkpt>
      <trkpt lat="47.360518" lon="10.832061"><ele>1242</ele></trkpt>
      <trkpt lat="47.360141" lon="10.832160"><ele>1245</ele></trkpt>
      <trkpt lat="47.359941" lon="10.832413"><ele>1250</ele></trkpt>
      <trkpt lat="47.359857" lon="10.832376"><ele>1251</ele></trkpt>
      <trkpt lat="47.359717" lon="10.832272"><ele>1251</ele></trkpt>
      <trkpt lat="47.359606" lon="10.832264"><ele>1249</ele></trkpt>
      <trkpt lat="47.359491" lon="10.832370"><ele>1251</ele></trkpt>
      <trkpt lat="47.359366" lon="10.832527"><ele>1252</ele></trkpt>
      <trkpt lat="47.359337" lon="10.832734"><ele>1254</ele></trkpt>
      <trkpt lat="47.359319" lon="10.833114"><ele>1254</ele></trkpt>
      <trkpt lat="47.359284" lon="10.833213"><ele>1253</ele></trkpt>
      <trkpt lat="47.359111" lon="10.833442"><ele>1250</ele></trkpt>
      <trkpt lat="47.359062" lon="10.833468"><ele>1249</ele></trkpt>
      <trkpt lat="47.358971" lon="10.833447"><ele>1248</ele></trkpt>
      <trkpt lat="47.358711" lon="10.833360"><ele>1244</ele></trkpt>
      <trkpt lat="47.358560" lon="10.833422"><ele>1243</ele></trkpt>
      <trkpt lat="47.358413" lon="10.833580"><ele>1243</ele></trkpt>
      <trkpt lat="47.358342" lon="10.833576"><ele>1242</ele></trkpt>
      <trkpt lat="47.358161" lon="10.833494"><ele>1240</ele></trkpt>
      <trkpt lat="47.358073" lon="10.833377"><ele>1238</ele></trkpt>
      <trkpt lat="47.357974" lon="10.833222"><ele>1236</ele></trkpt>
      <trkpt lat="47.357801" lon="10.833058"><ele>1234</ele></trkpt>
      <trkpt lat="47.357632" lon="10.833056"><ele>1232</ele></trkpt>
      <trkpt lat="47.357487" lon="10.833094"><ele>1232</ele></trkpt>
      <trkpt lat="47.357325" lon="10.833244"><ele>1230</ele></trkpt>
      <trkpt lat="47.357217" lon="10.833416"><ele>1229</ele></trkpt>
      <trkpt lat="47.357144" lon="10.833615"><ele>1228</ele></trkpt>
      <trkpt lat="47.357000" lon="10.833852"><ele>1226</ele></trkpt>
      <trkpt lat="47.356977" lon="10.833939"><ele>1224</ele></trkpt>
      <trkpt lat="47.357009" lon="10.834129"><ele>1224</ele></trkpt>
      <trkpt lat="47.356977" lon="10.834183"><ele>1222</ele></trkpt>
      <trkpt lat="47.357038" lon="10.834333"><ele>1224</ele></trkpt>
      <trkpt lat="47.357069" lon="10.834503"><ele>1225</ele></trkpt>
      <trkpt lat="47.357058" lon="10.834666"><ele>1224</ele></trkpt>
      <trkpt lat="47.356980" lon="10.834942"><ele>1224</ele></trkpt>
      <trkpt lat="47.356924" lon="10.835773"><ele>1224</ele></trkpt>
      <trkpt lat="47.356877" lon="10.836323"><ele>1224</ele></trkpt>
      <trkpt lat="47.356907" lon="10.836821"><ele>1222</ele></trkpt>
      <trkpt lat="47.356864" lon="10.837289"><ele>1220</ele></trkpt>
      <trkpt lat="47.356864" lon="10.837594"><ele>1218</ele></trkpt>
      <trkpt lat="47.357040" lon="10.837979"><ele>1220</ele></trkpt>
      <trkpt lat="47.357095" lon="10.838348"><ele>1222</ele></trkpt>
      <trkpt lat="47.357078" lon="10.838692"><ele>1222</ele></trkpt>
      <trkpt lat="47.356954" lon="10.838987"><ele>1221</ele></trkpt>
      <trkpt lat="47.356789" lon="10.839065"><ele>1223</ele></trkpt>
      <trkpt lat="47.356595" lon="10.839017"><ele>1222</ele></trkpt>
      <trkpt lat="47.356515" lon="10.839087"><ele>1221</ele></trkpt>
      <trkpt lat="47.356430" lon="10.839296"><ele>1222</ele></trkpt>
      <trkpt lat="47.356403" lon="10.839496"><ele>1223</ele></trkpt>
      <trkpt lat="47.356473" lon="10.839761"><ele>1224</ele></trkpt>
      <trkpt lat="47.356511" lon="10.840048"><ele>1228</ele></trkpt>
      <trkpt lat="47.356495" lon="10.840638"><ele>1229</ele></trkpt>
      <trkpt lat="47.356481" lon="10.840801"><ele>1230</ele></trkpt>
      <trkpt lat="47.356356" lon="10.840874"><ele>1230</ele></trkpt>
      <trkpt lat="47.356198" lon="10.840941"><ele>1230</ele></trkpt>
      <trkpt lat="47.356161" lon="10.841011"><ele>1230</ele></trkpt>
      <trkpt lat="47.356134" lon="10.841342"><ele>1232</ele></trkpt>
      <trkpt lat="47.355965" lon="10.842142"><ele>1236</ele></trkpt>
      <trkpt lat="47.355447" lon="10.843773"><ele>1246</ele></trkpt>
      <trkpt lat="47.355331" lon="10.843979"><ele>1246</ele></trkpt>
      <trkpt lat="47.355265" lon="10.844074"><ele>1247</ele></trkpt>
      <trkpt lat="47.355195" lon="10.844101"><ele>1249</ele></trkpt>
      <trkpt lat="47.355114" lon="10.844065"><ele>1250</ele></trkpt>
      <trkpt lat="47.354957" lon="10.843819"><ele>1247</ele></trkpt>
      <trkpt lat="47.354892" lon="10.843813"><ele>1246</ele></trkpt>
      <trkpt lat="47.354864" lon="10.843852"><ele>1247</ele></trkpt>
      <trkpt lat="47.354710" lon="10.844070"><ele>1251</ele></trkpt>
      <trkpt lat="47.354374" lon="10.844461"><ele>1253</ele></trkpt>
      <trkpt lat="47.354094" lon="10.845088"><ele>1258</ele></trkpt>
      <trkpt lat="47.353935" lon="10.845304"><ele>1260</ele></trkpt>
      <trkpt lat="47.353687" lon="10.845538"><ele>1262</ele></trkpt>
      <trkpt lat="47.353264" lon="10.845956"><ele>1263</ele></trkpt>
      <trkpt lat="47.353053" lon="10.846224"><ele>1266</ele></trkpt>
      <trkpt lat="47.352563" lon="10.846906"><ele>1267</ele></trkpt>
      <trkpt lat="47.352464" lon="10.846947"><ele>1266</ele></trkpt>
      <trkpt lat="47.352348" lon="10.846908"><ele>1266</ele></trkpt>
      <trkpt lat="47.352263" lon="10.846873"><ele>1266</ele></trkpt>
      <trkpt lat="47.352180" lon="10.846815"><ele>1267</ele></trkpt>
      <trkpt lat="47.352104" lon="10.846785"><ele>1267</ele></trkpt>
      <trkpt lat="47.352045" lon="10.846778"><ele>1267</ele></trkpt>
      <trkpt lat="47.352010" lon="10.846815"><ele>1267</ele></trkpt>
      <trkpt lat="47.352017" lon="10.846913"><ele>1268</ele></trkpt>
      <trkpt lat="47.352042" lon="10.846976"><ele>1267</ele></trkpt>
      <trkpt lat="47.352076" lon="10.847023"><ele>1266</ele></trkpt>
      <trkpt lat="47.352172" lon="10.847018"><ele>1264</ele></trkpt>
      <trkpt lat="47.352422" lon="10.847181"><ele>1260</ele></trkpt>
      <trkpt lat="47.352609" lon="10.847238"><ele>1262</ele></trkpt>
      <trkpt lat="47.352652" lon="10.847321"><ele>1262</ele></trkpt>
      <trkpt lat="47.352661" lon="10.847444"><ele>1259</ele></trkpt>
      <trkpt lat="47.352636" lon="10.847508"><ele>1257</ele></trkpt>
      <trkpt lat="47.352586" lon="10.847522"><ele>1256</ele></trkpt>
      <trkpt lat="47.352502" lon="10.847473"><ele>1254</ele></trkpt>
      <trkpt lat="47.352364" lon="10.847394"><ele>1255</ele></trkpt>
      <trkpt lat="47.352278" lon="10.847443"><ele>1254</ele></trkpt>
      <trkpt lat="47.352258" lon="10.847476"><ele>1253</ele></trkpt>
      <trkpt lat="47.352234" lon="10.847515"><ele>1252</ele></trkpt>
      <trkpt lat="47.352228" lon="10.847632"><ele>1252</ele></trkpt>
      <trkpt lat="47.352276" lon="10.847751"><ele>1251</ele></trkpt>
      <trkpt lat="47.352406" lon="10.847764"><ele>1249</ele></trkpt>
      <trkpt lat="47.352564" lon="10.847805"><ele>1248</ele></trkpt>
      <trkpt lat="47.352624" lon="10.847867"><ele>1248</ele></trkpt>
      <trkpt lat="47.352720" lon="10.848021"><ele>1246</ele></trkpt>
      <trkpt lat="47.352820" lon="10.848198"><ele>1245</ele></trkpt>
      <trkpt lat="47.352922" lon="10.848295"><ele>1244</ele></trkpt>
      <trkpt lat="47.353214" lon="10.848399"><ele>1241</ele></trkpt>
      <trkpt lat="47.353541" lon="10.848563"><ele>1238</ele></trkpt>
      <trkpt lat="47.353611" lon="10.848637"><ele>1238</ele></trkpt>
      <trkpt lat="47.353624" lon="10.848764"><ele>1237</ele></trkpt>
      <trkpt lat="47.353595" lon="10.848865"><ele>1236</ele></trkpt>
      <trkpt lat="47.353484" lon="10.848975"><ele>1235</ele></trkpt>
      <trkpt lat="47.353311" lon="10.849102"><ele>1233</ele></trkpt>
      <trkpt lat="47.353212" lon="10.849349"><ele>1231</ele></trkpt>
      <trkpt lat="47.353166" lon="10.849629"><ele>1228</ele></trkpt>
      <trkpt lat="47.353166" lon="10.849960"><ele>1227</ele></trkpt>
      <trkpt lat="47.353190" lon="10.850242"><ele>1230</ele></trkpt>
      <trkpt lat="47.353234" lon="10.850577"><ele>1228</ele></trkpt>
      <trkpt lat="47.353322" lon="10.851017"><ele>1222</ele></trkpt>
      <trkpt lat="47.353408" lon="10.851252"><ele>1220</ele></trkpt>
      <trkpt lat="47.353587" lon="10.851464"><ele>1216</ele></trkpt>
      <trkpt lat="47.353698" lon="10.851650"><ele>1215</ele></trkpt>
      <trkpt lat="47.353743" lon="10.851687"><ele>1214</ele></trkpt>
      <trkpt lat="47.354142" lon="10.851864"><ele>1208</ele></trkpt>
      <trkpt lat="47.354199" lon="10.851925"><ele>1206</ele></trkpt>
      <trkpt lat="47.354317" lon="10.852051"><ele>1204</ele></trkpt>
      <trkpt lat="47.354418" lon="10.852158"><ele>1203</ele></trkpt>
      <trkpt lat="47.354557" lon="10.852407"><ele>1201</ele></trkpt>
      <trkpt lat="47.354589" lon="10.852539"><ele>1200</ele></trkpt>
      <trkpt lat="47.354567" lon="10.852636"><ele>1199</ele></trkpt>
      <trkpt lat="47.354459" lon="10.852811"><ele>1198</ele></trkpt>
      <trkpt lat="47.354449" lon="10.852872"><ele>1198</ele></trkpt>
      <trkpt lat="47.354458" lon="10.852934"><ele>1198</ele></trkpt>
      <trkpt lat="47.354481" lon="10.852971"><ele>1197</ele></trkpt>
      <trkpt lat="47.354528" lon="10.853002"><ele>1195</ele></trkpt>
      <trkpt lat="47.354567" lon="10.852982"><ele>1194</ele></trkpt>
      <trkpt lat="47.354610" lon="10.852933"><ele>1194</ele></trkpt>
      <trkpt lat="47.354771" lon="10.852694"><ele>1194</ele></trkpt>
      <trkpt lat="47.354815" lon="10.852556"><ele>1194</ele></trkpt>
      <trkpt lat="47.354815" lon="10.852447"><ele>1194</ele></trkpt>
      <trkpt lat="47.354795" lon="10.852272"><ele>1192</ele></trkpt>
      <trkpt lat="47.354817" lon="10.852119"><ele>1191</ele></trkpt>
      <trkpt lat="47.354915" lon="10.851965"><ele>1188</ele></trkpt>
      <trkpt lat="47.355028" lon="10.851849"><ele>1187</ele></trkpt>
      <trkpt lat="47.355193" lon="10.851798"><ele>1187</ele></trkpt>
      <trkpt lat="47.355267" lon="10.851871"><ele>1184</ele></trkpt>
      <trkpt lat="47.355430" lon="10.852124"><ele>1182</ele></trkpt>
      <trkpt lat="47.355610" lon="10.852382"><ele>1178</ele></trkpt>
      <trkpt lat="47.355692" lon="10.852681"><ele>1175</ele></trkpt>
      <trkpt lat="47.355677" lon="10.852922"><ele>1173</ele></trkpt>
      <trkpt lat="47.355621" lon="10.853085"><ele>1172</ele></trkpt>
      <trkpt lat="47.355505" lon="10.853240"><ele>1172</ele></trkpt>
      <trkpt lat="47.355336" lon="10.853663"><ele>1168</ele></trkpt>
      <trkpt lat="47.355191" lon="10.854004"><ele>1166</ele></trkpt>
      <trkpt lat="47.355058" lon="10.854463"><ele>1164</ele></trkpt>
      <trkpt lat="47.355069" lon="10.854733"><ele>1163</ele></trkpt>
      <trkpt lat="47.355109" lon="10.854851"><ele>1162</ele></trkpt>
      <trkpt lat="47.355176" lon="10.854886"><ele>1161</ele></trkpt>
      <trkpt lat="47.355224" lon="10.854870"><ele>1160</ele></trkpt>
      <trkpt lat="47.355303" lon="10.855055"><ele>1159</ele></trkpt>
      <trkpt lat="47.355338" lon="10.855173"><ele>1159</ele></trkpt>
      <trkpt lat="47.355371" lon="10.855333"><ele>1160</ele></trkpt>
      <trkpt lat="47.355393" lon="10.855585"><ele>1161</ele></trkpt>
      <trkpt lat="47.355419" lon="10.855695"><ele>1162</ele></trkpt>
      <trkpt lat="47.355465" lon="10.855761"><ele>1162</ele></trkpt>
      <trkpt lat="47.355486" lon="10.855779"><ele>1162</ele></trkpt>
      <trkpt lat="47.355543" lon="10.855796"><ele>1162</ele></trkpt>
      <trkpt lat="47.355646" lon="10.855760"><ele>1164</ele></trkpt>
      <trkpt lat="47.355831" lon="10.855657"><ele>1166</ele></trkpt>
      <trkpt lat="47.355924" lon="10.855630"><ele>1165</ele></trkpt>
      <trkpt lat="47.356001" lon="10.855645"><ele>1166</ele></trkpt>
      <trkpt lat="47.356077" lon="10.855713"><ele>1168</ele></trkpt>
      <trkpt lat="47.356162" lon="10.855813"><ele>1169</ele></trkpt>
      <trkpt lat="47.356350" lon="10.856161"><ele>1170</ele></trkpt>
      <trkpt lat="47.356469" lon="10.856335"><ele>1171</ele></trkpt>
      <trkpt lat="47.356652" lon="10.856643"><ele>1170</ele></trkpt>
      <trkpt lat="47.356719" lon="10.856701"><ele>1171</ele></trkpt>
      <trkpt lat="47.356776" lon="10.856721"><ele>1172</ele></trkpt>
      <trkpt lat="47.357001" lon="10.856688"><ele>1172</ele></trkpt>
      <trkpt lat="47.357210" lon="10.856705"><ele>1174</ele></trkpt>
      <trkpt lat="47.357445" lon="10.856645"><ele>1174</ele></trkpt>
      <trkpt lat="47.357680" lon="10.856621"><ele>1174</ele></trkpt>
      <trkpt lat="47.357931" lon="10.856638"><ele>1175</ele></trkpt>
      <trkpt lat="47.358090" lon="10.856702"><ele>1175</ele></trkpt>
      <trkpt lat="47.358184" lon="10.856698"><ele>1174</ele></trkpt>
      <trkpt lat="47.358543" lon="10.856540"><ele>1174</ele></trkpt>
      <trkpt lat="47.358956" lon="10.856222"><ele>1177</ele></trkpt>
      <trkpt lat="47.359081" lon="10.856160"><ele>1178</ele></trkpt>
      <trkpt lat="47.359228" lon="10.856148"><ele>1178</ele></trkpt>
      <trkpt lat="47.359312" lon="10.856191"><ele>1177</ele></trkpt>
      <trkpt lat="47.359364" lon="10.856249"><ele>1178</ele></trkpt>
      <trkpt lat="47.359442" lon="10.856385"><ele>1178</ele></trkpt>
      <trkpt lat="47.359554" lon="10.856716"><ele>1176</ele></trkpt>
      <trkpt lat="47.359617" lon="10.856992"><ele>1175</ele></trkpt>
      <trkpt lat="47.359667" lon="10.857368"><ele>1176</ele></trkpt>
      <trkpt lat="47.359654" lon="10.857760"><ele>1178</ele></trkpt>
      <trkpt lat="47.359693" lon="10.857962"><ele>1180</ele></trkpt>
      <trkpt lat="47.359809" lon="10.858061"><ele>1178</ele></trkpt>
      <trkpt lat="47.359831" lon="10.858192"><ele>1177</ele></trkpt>
      <trkpt lat="47.359833" lon="10.858378"><ele>1178</ele></trkpt>
      <trkpt lat="47.359803" lon="10.858550"><ele>1178</ele></trkpt>
      <trkpt lat="47.359744" lon="10.858653"><ele>1178</ele></trkpt>
      <trkpt lat="47.359697" lon="10.858799"><ele>1177</ele></trkpt>
      <trkpt lat="47.359665" lon="10.858983"><ele>1176</ele></trkpt>
      <trkpt lat="47.359667" lon="10.859297"><ele>1176</ele></trkpt>
      <trkpt lat="47.359628" lon="10.859372"><ele>1176</ele></trkpt>
      <trkpt lat="47.359383" lon="10.859638"><ele>1175</ele></trkpt>
      <trkpt lat="47.359255" lon="10.859812"><ele>1174</ele></trkpt>
      <trkpt lat="47.359154" lon="10.859991"><ele>1173</ele></trkpt>
      <trkpt lat="47.359129" lon="10.860152"><ele>1172</ele></trkpt>
      <trkpt lat="47.359129" lon="10.860360"><ele>1170</ele></trkpt>
      <trkpt lat="47.359106" lon="10.860802"><ele>1167</ele></trkpt>
      <trkpt lat="47.359128" lon="10.861297"><ele>1165</ele></trkpt>
      <trkpt lat="47.359176" lon="10.861451"><ele>1164</ele></trkpt>
      <trkpt lat="47.359251" lon="10.861534"><ele>1162</ele></trkpt>
      <trkpt lat="47.359392" lon="10.861588"><ele>1160</ele></trkpt>
      <trkpt lat="47.359607" lon="10.861590"><ele>1159</ele></trkpt>
      <trkpt lat="47.359829" lon="10.861695"><ele>1156</ele></trkpt>
      <trkpt lat="47.360004" lon="10.861794"><ele>1154</ele></trkpt>
      <trkpt lat="47.360085" lon="10.861900"><ele>1152</ele></trkpt>
      <trkpt lat="47.360118" lon="10.862039"><ele>1151</ele></trkpt>
      <trkpt lat="47.360135" lon="10.862390"><ele>1148</ele></trkpt>
      <trkpt lat="47.360166" lon="10.862550"><ele>1148</ele></trkpt>
      <trkpt lat="47.360206" lon="10.862687"><ele>1146</ele></trkpt>
      <trkpt lat="47.360304" lon="10.862832"><ele>1145</ele></trkpt>
      <trkpt lat="47.360364" lon="10.862881"><ele>1145</ele></trkpt>
      <trkpt lat="47.360455" lon="10.862895"><ele>1144</ele></trkpt>
      <trkpt lat="47.360630" lon="10.862982"><ele>1143</ele></trkpt>
      <trkpt lat="47.360765" lon="10.862972"><ele>1140</ele></trkpt>
      <trkpt lat="47.360957" lon="10.862846"><ele>1137</ele></trkpt>
      <trkpt lat="47.361098" lon="10.862789"><ele>1138</ele></trkpt>
      <trkpt lat="47.361239" lon="10.862801"><ele>1137</ele></trkpt>
      <trkpt lat="47.361291" lon="10.862839"><ele>1136</ele></trkpt>
      <trkpt lat="47.361321" lon="10.862931"><ele>1136</ele></trkpt>
      <trkpt lat="47.361330" lon="10.862973"><ele>1136</ele></trkpt>
      <trkpt lat="47.361335" lon="10.863080"><ele>1135</ele></trkpt>
      <trkpt lat="47.361324" lon="10.863153"><ele>1134</ele></trkpt>
      <trkpt lat="47.361298" lon="10.863230"><ele>1134</ele></trkpt>
      <trkpt lat="47.361082" lon="10.863628"><ele>1134</ele></trkpt>
      <trkpt lat="47.360899" lon="10.863751"><ele>1132</ele></trkpt>
      <trkpt lat="47.360782" lon="10.863853"><ele>1130</ele></trkpt>
      <trkpt lat="47.360679" lon="10.863888"><ele>1128</ele></trkpt>
      <trkpt lat="47.360478" lon="10.863873"><ele>1128</ele></trkpt>
      <trkpt lat="47.360380" lon="10.863916"><ele>1127</ele></trkpt>
      <trkpt lat="47.360353" lon="10.863961"><ele>1127</ele></trkpt>
      <trkpt lat="47.360331" lon="10.864046"><ele>1127</ele></trkpt>
      <trkpt lat="47.360304" lon="10.864280"><ele>1124</ele></trkpt>
      <trkpt lat="47.360267" lon="10.864357"><ele>1123</ele></trkpt>
      <trkpt lat="47.360039" lon="10.864528"><ele>1122</ele></trkpt>
      <trkpt lat="47.359987" lon="10.864614"><ele>1122</ele></trkpt>
      <trkpt lat="47.359986" lon="10.864729"><ele>1121</ele></trkpt>
      <trkpt lat="47.360061" lon="10.865108"><ele>1117</ele></trkpt>
      <trkpt lat="47.360064" lon="10.865216"><ele>1116</ele></trkpt>
      <trkpt lat="47.360049" lon="10.865368"><ele>1114</ele></trkpt>
      <trkpt lat="47.359954" lon="10.865534"><ele>1114</ele></trkpt>
      <trkpt lat="47.359850" lon="10.865664"><ele>1111</ele></trkpt>
      <trkpt lat="47.359801" lon="10.865745"><ele>1110</ele></trkpt>
      <trkpt lat="47.359794" lon="10.865872"><ele>1109</ele></trkpt>
      <trkpt lat="47.359848" lon="10.866212"><ele>1106</ele></trkpt>
      <trkpt lat="47.359907" lon="10.866420"><ele>1104</ele></trkpt>
      <trkpt lat="47.360003" lon="10.866572"><ele>1100</ele></trkpt>
      <trkpt lat="47.360080" lon="10.866644"><ele>1099</ele></trkpt>
      <trkpt lat="47.360322" lon="10.866748"><ele>1097</ele></trkpt>
      <trkpt lat="47.360451" lon="10.866881"><ele>1096</ele></trkpt>
      <trkpt lat="47.360599" lon="10.867099"><ele>1094</ele></trkpt>
      <trkpt lat="47.360697" lon="10.867310"><ele>1093</ele></trkpt>
      <trkpt lat="47.360770" lon="10.867541"><ele>1092</ele></trkpt>
      <trkpt lat="47.360859" lon="10.867861"><ele>1090</ele></trkpt>
      <trkpt lat="47.360929" lon="10.868024"><ele>1088</ele></trkpt>
      <trkpt lat="47.361042" lon="10.868214"><ele>1088</ele></trkpt>
      <trkpt lat="47.361584" lon="10.869582"><ele>1087</ele></trkpt>
      <trkpt lat="47.361770" lon="10.869867"><ele>1085</ele></trkpt>
      <trkpt lat="47.361899" lon="10.870301"><ele>1084</ele></trkpt>
      <trkpt lat="47.361947" lon="10.870531"><ele>1084</ele></trkpt>
      <trkpt lat="47.362016" lon="10.870785"><ele>1085</ele></trkpt>
      <trkpt lat="47.362086" lon="10.870942"><ele>1086</ele></trkpt>
      <trkpt lat="47.362147" lon="10.871111"><ele>1086</ele></trkpt>
      <trkpt lat="47.362262" lon="10.871579"><ele>1085</ele></trkpt>
      <trkpt lat="47.362353" lon="10.871917"><ele>1088</ele></trkpt>
      <trkpt lat="47.362395" lon="10.872071"><ele>1087</ele></trkpt>
      <trkpt lat="47.362482" lon="10.872444"><ele>1085</ele></trkpt>
      <trkpt lat="47.362579" lon="10.872712"><ele>1087</ele></trkpt>
      <trkpt lat="47.362679" lon="10.872920"><ele>1086</ele></trkpt>
      <trkpt lat="47.362775" lon="10.873276"><ele>1084</ele></trkpt>
      <trkpt lat="47.362893" lon="10.873505"><ele>1086</ele></trkpt>
      <trkpt lat="47.363027" lon="10.873810"><ele>1085</ele></trkpt>
      <trkpt lat="47.363113" lon="10.873983"><ele>1084</ele></trkpt>
      <trkpt lat="47.363161" lon="10.874051"><ele>1085</ele></trkpt>
      <trkpt lat="47.363427" lon="10.874252"><ele>1085</ele></trkpt>
      <trkpt lat="47.363583" lon="10.874406"><ele>1085</ele></trkpt>
      <trkpt lat="47.363781" lon="10.874636"><ele>1084</ele></trkpt>
      <trkpt lat="47.364099" lon="10.874909"><ele>1083</ele></trkpt>
      <trkpt lat="47.364314" lon="10.875246"><ele>1085</ele></trkpt>
      <trkpt lat="47.364426" lon="10.875401"><ele>1084</ele></trkpt>
      <trkpt lat="47.364589" lon="10.875837"><ele>1085</ele></trkpt>
      <trkpt lat="47.364801" lon="10.876205"><ele>1085</ele></trkpt>
      <trkpt lat="47.364837" lon="10.876249"><ele>1086</ele></trkpt>
      <trkpt lat="47.364923" lon="10.876279"><ele>1086</ele></trkpt>
      <trkpt lat="47.365156" lon="10.876388"><ele>1085</ele></trkpt>
      <trkpt lat="47.365335" lon="10.876828"><ele>1085</ele></trkpt>
      <trkpt lat="47.365855" lon="10.877974"><ele>1085</ele></trkpt>
      <trkpt lat="47.366020" lon="10.878601"><ele>1085</ele></trkpt>
      <trkpt lat="47.366087" lon="10.878956"><ele>1085</ele></trkpt>
      <trkpt lat="47.366147" lon="10.879228"><ele>1085</ele></trkpt>
      <trkpt lat="47.366216" lon="10.879452"><ele>1084</ele></trkpt>
      <trkpt lat="47.366387" lon="10.879894"><ele>1084</ele></trkpt>
      <trkpt lat="47.366536" lon="10.880184"><ele>1084</ele></trkpt>
      <trkpt lat="47.366612" lon="10.880325"><ele>1084</ele></trkpt>
      <trkpt lat="47.366649" lon="10.880376"><ele>1084</ele></trkpt>
      <trkpt lat="47.366844" lon="10.880638"><ele>1084</ele></trkpt>
      <trkpt lat="47.367536" lon="10.881393"><ele>1082</ele></trkpt>
      <trkpt lat="47.367863" lon="10.881721"><ele>1079</ele></trkpt>
      <trkpt lat="47.368190" lon="10.882011"><ele>1078</ele></trkpt>
      <trkpt lat="47.368937" lon="10.882611"><ele>1072</ele></trkpt>
      <trkpt lat="47.369211" lon="10.882799"><ele>1070</ele></trkpt>
      <trkpt lat="47.369916" lon="10.883076"><ele>1062</ele></trkpt>
      <trkpt lat="47.370151" lon="10.883312"><ele>1060</ele></trkpt>
      <trkpt lat="47.370392" lon="10.883735"><ele>1056</ele></trkpt>
      <trkpt lat="47.370519" lon="10.884051"><ele>1054</ele></trkpt>
      <trkpt lat="47.370611" lon="10.884335"><ele>1052</ele></trkpt>
      <trkpt lat="47.370815" lon="10.885199"><ele>1050</ele></trkpt>
      <trkpt lat="47.370907" lon="10.885525"><ele>1047</ele></trkpt>
      <trkpt lat="47.371095" lon="10.885916"><ele>1047</ele></trkpt>
      <trkpt lat="47.371375" lon="10.886450"><ele>1044</ele></trkpt>
      <trkpt lat="47.371625" lon="10.886884"><ele>1042</ele></trkpt>
      <trkpt lat="47.372007" lon="10.887324"><ele>1038</ele></trkpt>
      <trkpt lat="47.372550" lon="10.887815"><ele>1033</ele></trkpt>
      <trkpt lat="47.372533" lon="10.887859"><ele>1034</ele></trkpt>
      <trkpt lat="47.372504" lon="10.887912"><ele>1034</ele></trkpt>
      <trkpt lat="47.372457" lon="10.888294"><ele>1034</ele></trkpt>
      <trkpt lat="47.372431" lon="10.888360"><ele>1034</ele></trkpt>
      <trkpt lat="47.372573" lon="10.888481"><ele>1032</ele></trkpt>
      <trkpt lat="47.372733" lon="10.888594"><ele>1030</ele></trkpt>
      <trkpt lat="47.372883" lon="10.888703"><ele>1027</ele></trkpt>
      <trkpt lat="47.372965" lon="10.888784"><ele>1026</ele></trkpt>
      <trkpt lat="47.373075" lon="10.889162"><ele>1024</ele></trkpt>
      <trkpt lat="47.373120" lon="10.889352"><ele>1022</ele></trkpt>
      <trkpt lat="47.373207" lon="10.890164"><ele>1021</ele></trkpt>
      <trkpt lat="47.373239" lon="10.890277"><ele>1021</ele></trkpt>
      <trkpt lat="47.373609" lon="10.890557"><ele>1016</ele></trkpt>
      <trkpt lat="47.373800" lon="10.890660"><ele>1014</ele></trkpt>
      <trkpt lat="47.373942" lon="10.890712"><ele>1012</ele></trkpt>
      <trkpt lat="47.374260" lon="10.890869"><ele>1010</ele></trkpt>
      <trkpt lat="47.374399" lon="10.890967"><ele>1009</ele></trkpt>
      <trkpt lat="47.374533" lon="10.891115"><ele>1007</ele></trkpt>
      <trkpt lat="47.374619" lon="10.891263"><ele>1006</ele></trkpt>
      <trkpt lat="47.374660" lon="10.891300"><ele>1006</ele></trkpt>
      <trkpt lat="47.374780" lon="10.891314"><ele>1006</ele></trkpt>
      <trkpt lat="47.374890" lon="10.891356"><ele>1004</ele></trkpt>
      <trkpt lat="47.374923" lon="10.891394"><ele>1004</ele></trkpt>
      <trkpt lat="47.374956" lon="10.891431"><ele>1004</ele></trkpt>
      <trkpt lat="47.375207" lon="10.891589"><ele>1004</ele></trkpt>
      <trkpt lat="47.375306" lon="10.891631"><ele>1003</ele></trkpt>
      <trkpt lat="47.375367" lon="10.891645"><ele>1002</ele></trkpt>
      <trkpt lat="47.375394" lon="10.891668"><ele>1001</ele></trkpt>
      <trkpt lat="47.375412" lon="10.891741"><ele>1001</ele></trkpt>
      <trkpt lat="47.375433" lon="10.891789"><ele>1000</ele></trkpt>
      <trkpt lat="47.375462" lon="10.891877"><ele>1000</ele></trkpt>
      <trkpt lat="47.375554" lon="10.892040"><ele>1000</ele></trkpt>
      <trkpt lat="47.375822" lon="10.892272"><ele>1001</ele></trkpt>
      <trkpt lat="47.375963" lon="10.892367"><ele>1000</ele></trkpt>
      <trkpt lat="47.376005" lon="10.892416"><ele>1000</ele></trkpt>
      <trkpt lat="47.376025" lon="10.892483"><ele>1002</ele></trkpt>
      <trkpt lat="47.376039" lon="10.892590"><ele>1003</ele></trkpt>
      <trkpt lat="47.376045" lon="10.892704"><ele>1005</ele></trkpt>
      <trkpt lat="47.376079" lon="10.892767"><ele>1005</ele></trkpt>
      <trkpt lat="47.376719" lon="10.893390"><ele>1005</ele></trkpt>
      <trkpt lat="47.377084" lon="10.893704"><ele>1004</ele></trkpt>
      <trkpt lat="47.377333" lon="10.893919"><ele>1004</ele></trkpt>
      <trkpt lat="47.377778" lon="10.894198"><ele>1002</ele></trkpt>
      <trkpt lat="47.377938" lon="10.894331"><ele>1000</ele></trkpt>
      <trkpt lat="47.378270" lon="10.894755"><ele>995</ele></trkpt>
      <trkpt lat="47.378488" lon="10.894651"><ele>992</ele></trkpt>
      <trkpt lat="47.378734" lon="10.894414"><ele>988</ele></trkpt>
      <trkpt lat="47.378842" lon="10.894254"><ele>988</ele></trkpt>
      <trkpt lat="47.378888" lon="10.894214"><ele>988</ele></trkpt>
      <trkpt lat="47.378969" lon="10.894187"><ele>988</ele></trkpt>
      <trkpt lat="47.379146" lon="10.894183"><ele>987</ele></trkpt>
      <trkpt lat="47.379407" lon="10.894207"><ele>987</ele></trkpt>
      <trkpt lat="47.379644" lon="10.894214"><ele>987</ele></trkpt>
      <trkpt lat="47.379743" lon="10.894252"><ele>988</ele></trkpt>
      <trkpt lat="47.380055" lon="10.894435"><ele>987</ele></trkpt>
      <trkpt lat="47.380133" lon="10.894459"><ele>987</ele></trkpt>
      <trkpt lat="47.380226" lon="10.894460"><ele>987</ele></trkpt>
      <trkpt lat="47.380368" lon="10.894434"><ele>986</ele></trkpt>
      <trkpt lat="47.380451" lon="10.894408"><ele>986</ele></trkpt>
      <trkpt lat="47.380523" lon="10.894359"><ele>986</ele></trkpt>
      <trkpt lat="47.380712" lon="10.894086"><ele>984</ele></trkpt>
      <trkpt lat="47.380764" lon="10.894004"><ele>984</ele></trkpt>
      <trkpt lat="47.380877" lon="10.893871"><ele>984</ele></trkpt>
      <trkpt lat="47.380889" lon="10.893928"><ele>984</ele></trkpt>
      <trkpt lat="47.380994" lon="10.894163"><ele>983</ele></trkpt>
      <trkpt lat="47.381144" lon="10.894405"><ele>984</ele></trkpt>
      <trkpt lat="47.381228" lon="10.894580"><ele>984</ele></trkpt>
      <trkpt lat="47.381428" lon="10.894796"><ele>984</ele></trkpt>
      <trkpt lat="47.381696" lon="10.895399"><ele>984</ele></trkpt>
      <trkpt lat="47.381776" lon="10.895547"><ele>984</ele></trkpt>
      <trkpt lat="47.381829" lon="10.895671"><ele>984</ele></trkpt>
      <trkpt lat="47.381853" lon="10.895756"><ele>983</ele></trkpt>
      <trkpt lat="47.381940" lon="10.896082"><ele>982</ele></trkpt>
      <trkpt lat="47.382108" lon="10.896738"><ele>983</ele></trkpt>
      <trkpt lat="47.382378" lon="10.897489"><ele>982</ele></trkpt>
      <trkpt lat="47.382426" lon="10.897705"><ele>981</ele></trkpt>
      <trkpt lat="47.382454" lon="10.897992"><ele>981</ele></trkpt>
      <trkpt lat="47.382442" lon="10.898453"><ele>980</ele></trkpt>
      <trkpt lat="47.382460" lon="10.898627"><ele>980</ele></trkpt>
      <trkpt lat="47.382462" lon="10.898700"><ele>979</ele></trkpt>
      <trkpt lat="47.382457" lon="10.898760"><ele>979</ele></trkpt>
      <trkpt lat="47.382438" lon="10.898878"><ele>978</ele></trkpt>
      <trkpt lat="47.382210" lon="10.899628"><ele>979</ele></trkpt>
      <trkpt lat="47.382126" lon="10.900023"><ele>979</ele></trkpt>
      <trkpt lat="47.382069" lon="10.900449"><ele>978</ele></trkpt>
      <trkpt lat="47.382042" lon="10.901004"><ele>976</ele></trkpt>
      <trkpt lat="47.382037" lon="10.901112"><ele>976</ele></trkpt>
      <trkpt lat="47.382005" lon="10.901245"><ele>976</ele></trkpt>
      <trkpt lat="47.382034" lon="10.901283"><ele>975</ele></trkpt>
      <trkpt lat="47.382143" lon="10.901366"><ele>975</ele></trkpt>
      <trkpt lat="47.382198" lon="10.901433"><ele>975</ele></trkpt>
      <trkpt lat="47.382240" lon="10.901509"><ele>975</ele></trkpt>
      <trkpt lat="47.382275" lon="10.901613"><ele>975</ele></trkpt>
      <trkpt lat="47.382443" lon="10.901793"><ele>975</ele></trkpt>
      <trkpt lat="47.382457" lon="10.901859"><ele>975</ele></trkpt>
      <trkpt lat="47.382448" lon="10.901916"><ele>975</ele></trkpt>
      <trkpt lat="47.382390" lon="10.902061"><ele>975</ele></trkpt>
      <trkpt lat="47.382394" lon="10.902263"><ele>974</ele></trkpt>
      <trkpt lat="47.382461" lon="10.902414"><ele>973</ele></trkpt>
      <trkpt lat="47.382454" lon="10.902542"><ele>973</ele></trkpt>
      <trkpt lat="47.382365" lon="10.903034"><ele>972</ele></trkpt>
      <trkpt lat="47.382363" lon="10.903178"><ele>972</ele></trkpt>
      <trkpt lat="47.382376" lon="10.903252"><ele>972</ele></trkpt>
      <trkpt lat="47.382405" lon="10.903318"><ele>972</ele></trkpt>
      <trkpt lat="47.382461" lon="10.903390"><ele>972</ele></trkpt>
      <trkpt lat="47.382803" lon="10.903621"><ele>972</ele></trkpt>
      <trkpt lat="47.383017" lon="10.903823"><ele>970</ele></trkpt>
      <trkpt lat="47.383078" lon="10.903900"><ele>970</ele></trkpt>
      <trkpt lat="47.383113" lon="10.903956"><ele>970</ele></trkpt>
      <trkpt lat="47.383154" lon="10.904020"><ele>970</ele></trkpt>
      <trkpt lat="47.383179" lon="10.904094"><ele>970</ele></trkpt>
      <trkpt lat="47.383256" lon="10.904398"><ele>969</ele></trkpt>
      <trkpt lat="47.383267" lon="10.904468"><ele>968</ele></trkpt>
      <trkpt lat="47.383280" lon="10.904520"><ele>968</ele></trkpt>
      <trkpt lat="47.383391" lon="10.904686"><ele>968</ele></trkpt>
      <trkpt lat="47.383435" lon="10.904751"><ele>968</ele></trkpt>
      <trkpt lat="47.383529" lon="10.904784"><ele>968</ele></trkpt>
      <trkpt lat="47.383745" lon="10.904925"><ele>968</ele></trkpt>
      <trkpt lat="47.383821" lon="10.904876"><ele>968</ele></trkpt>
      <trkpt lat="47.383916" lon="10.904779"><ele>967</ele></trkpt>
      <trkpt lat="47.384109" lon="10.904634"><ele>967</ele></trkpt>
      <trkpt lat="47.384174" lon="10.904466"><ele>967</ele></trkpt>
      <trkpt lat="47.384222" lon="10.904429"><ele>966</ele></trkpt>
      <trkpt lat="47.384471" lon="10.904353"><ele>965</ele></trkpt>
      <trkpt lat="47.384575" lon="10.904359"><ele>966</ele></trkpt>
      <trkpt lat="47.384630" lon="10.904390"><ele>966</ele></trkpt>
      <trkpt lat="47.384885" lon="10.904642"><ele>965</ele></trkpt>
      <trkpt lat="47.385041" lon="10.904746"><ele>965</ele></trkpt>
      <trkpt lat="47.385286" lon="10.904851"><ele>964</ele></trkpt>
      <trkpt lat="47.386012" lon="10.905239"><ele>964</ele></trkpt>
      <trkpt lat="47.386276" lon="10.905420"><ele>964</ele></trkpt>
      <trkpt lat="47.386340" lon="10.905477"><ele>965</ele></trkpt>
      <trkpt lat="47.386468" lon="10.905651"><ele>964</ele></trkpt>
      <trkpt lat="47.386662" lon="10.905848"><ele>964</ele></trkpt>
      <trkpt lat="47.386833" lon="10.905918"><ele>964</ele></trkpt>
      <trkpt lat="47.387066" lon="10.905915"><ele>964</ele></trkpt>
      <trkpt lat="47.387362" lon="10.905830"><ele>964</ele></trkpt>
      <trkpt lat="47.387536" lon="10.905835"><ele>964</ele></trkpt>
      <trkpt lat="47.387640" lon="10.905855"><ele>964</ele></trkpt>
      <trkpt lat="47.387847" lon="10.905965"><ele>964</ele></trkpt>
      <trkpt lat="47.388117" lon="10.906170"><ele>963</ele></trkpt>
      <trkpt lat="47.388630" lon="10.906391"><ele>963</ele></trkpt>
      <trkpt lat="47.389022" lon="10.906715"><ele>963</ele></trkpt>
      <trkpt lat="47.389155" lon="10.906759"><ele>962</ele></trkpt>
      <trkpt lat="47.389337" lon="10.906768"><ele>963</ele></trkpt>
      <trkpt lat="47.389585" lon="10.906716"><ele>963</ele></trkpt>
      <trkpt lat="47.389746" lon="10.906760"><ele>962</ele></trkpt>
      <trkpt lat="47.389957" lon="10.906841"><ele>962</ele></trkpt>
      <trkpt lat="47.390072" lon="10.906836"><ele>962</ele></trkpt>
      <trkpt lat="47.390208" lon="10.906795"><ele>962</ele></trkpt>
      <trkpt lat="47.390308" lon="10.906712"><ele>963</ele></trkpt>
      <trkpt lat="47.390769" lon="10.906379"><ele>963</ele></trkpt>
      <trkpt lat="47.391571" lon="10.906348"><ele>963</ele></trkpt>
      <trkpt lat="47.391801" lon="10.906262"><ele>962</ele></trkpt>
      <trkpt lat="47.392121" lon="10.905992"><ele>962</ele></trkpt>
      <trkpt lat="47.392262" lon="10.905925"><ele>962</ele></trkpt>
      <trkpt lat="47.392601" lon="10.905973"><ele>962</ele></trkpt>
      <trkpt lat="47.392748" lon="10.905960"><ele>962</ele></trkpt>
      <trkpt lat="47.393464" lon="10.905635"><ele>962</ele></trkpt>
      <trkpt lat="47.393571" lon="10.905546"><ele>963</ele></trkpt>
      <trkpt lat="47.393985" lon="10.905324"><ele>962</ele></trkpt>
      <trkpt lat="47.394226" lon="10.905165"><ele>962</ele></trkpt>
      <trkpt lat="47.394335" lon="10.905052"><ele>962</ele></trkpt>
      <trkpt lat="47.394411" lon="10.904905"><ele>962</ele></trkpt>
      <trkpt lat="47.394482" lon="10.904690"><ele>963</ele></trkpt>
      <trkpt lat="47.394574" lon="10.904446"><ele>962</ele></trkpt>
      <trkpt lat="47.394728" lon="10.904125"><ele>963</ele></trkpt>
      <trkpt lat="47.394816" lon="10.903985"><ele>962</ele></trkpt>
      <trkpt lat="47.394915" lon="10.903854"><ele>962</ele></trkpt>
      <trkpt lat="47.395265" lon="10.903648"><ele>963</ele></trkpt>
      <trkpt lat="47.395468" lon="10.903613"><ele>963</ele></trkpt>
      <trkpt lat="47.395590" lon="10.903608"><ele>963</ele></trkpt>
      <trkpt lat="47.395947" lon="10.903698"><ele>962</ele></trkpt>
      <trkpt lat="47.396866" lon="10.903991"><ele>962</ele></trkpt>
      <trkpt lat="47.397635" lon="10.904062"><ele>962</ele></trkpt>
      <trkpt lat="47.397833" lon="10.904137"><ele>962</ele></trkpt>
      <trkpt lat="47.397997" lon="10.904229"><ele>962</ele></trkpt>
      <trkpt lat="47.398217" lon="10.904379"><ele>963</ele></trkpt>
      <trkpt lat="47.398413" lon="10.904607"><ele>962</ele></trkpt>
      <trkpt lat="47.398508" lon="10.904688"><ele>962</ele></trkpt>
      <trkpt lat="47.398599" lon="10.904729"><ele>963</ele></trkpt>
      <trkpt lat="47.398683" lon="10.904748"><ele>962</ele></trkpt>
      <trkpt lat="47.398778" lon="10.904731"><ele>962</ele></trkpt>
      <trkpt lat="47.398870" lon="10.904677"><ele>962</ele></trkpt>
      <trkpt lat="47.398962" lon="10.904601"><ele>963</ele></trkpt>
      <trkpt lat="47.399124" lon="10.904388"><ele>962</ele></trkpt>
      <trkpt lat="47.399312" lon="10.904176"><ele>962</ele></trkpt>
      <trkpt lat="47.399494" lon="10.904033"><ele>962</ele></trkpt>
      <trkpt lat="47.399532" lon="10.903987"><ele>962</ele></trkpt>
      <trkpt lat="47.399638" lon="10.903978"><ele>962</ele></trkpt>
      <trkpt lat="47.399747" lon="10.903943"><ele>962</ele></trkpt>
      <trkpt lat="47.399825" lon="10.903940"><ele>962</ele></trkpt>
      <trkpt lat="47.399910" lon="10.903968"><ele>962</ele></trkpt>
      <trkpt lat="47.400039" lon="10.904051"><ele>962</ele></trkpt>
      <trkpt lat="47.400183" lon="10.904175"><ele>962</ele></trkpt>
      <trkpt lat="47.401125" lon="10.905054"><ele>962</ele></trkpt>
      <trkpt lat="47.401195" lon="10.904871"><ele>963</ele></trkpt>
      <trkpt lat="47.401232" lon="10.904714"><ele>964</ele></trkpt>
      <trkpt lat="47.401221" lon="10.904474"><ele>964</ele></trkpt>
      <trkpt lat="47.401188" lon="10.904268"><ele>964</ele></trkpt>
      <trkpt lat="47.401159" lon="10.903878"><ele>964</ele></trkpt>
      <trkpt lat="47.401198" lon="10.903702"><ele>964</ele></trkpt>
      <trkpt lat="47.401258" lon="10.903565"><ele>964</ele></trkpt>
      <trkpt lat="47.401503" lon="10.903254"><ele>964</ele></trkpt>
      <trkpt lat="47.401549" lon="10.903141"><ele>964</ele></trkpt>
      <trkpt lat="47.401580" lon="10.903022"><ele>964</ele></trkpt>
      <trkpt lat="47.401802" lon="10.901529"><ele>964</ele></trkpt>
      <trkpt lat="47.401818" lon="10.901307"><ele>964</ele></trkpt>
      <trkpt lat="47.401783" lon="10.899911"><ele>964</ele></trkpt>
      <trkpt lat="47.401741" lon="10.898527"><ele>965</ele></trkpt>
      <trkpt lat="47.401692" lon="10.897675"><ele>965</ele></trkpt>
      <trkpt lat="47.401683" lon="10.896125"><ele>965</ele></trkpt>
      <trkpt lat="47.401676" lon="10.895850"><ele>966</ele></trkpt>
      <trkpt lat="47.401650" lon="10.895607"><ele>965</ele></trkpt>
      <trkpt lat="47.401619" lon="10.895220"><ele>966</ele></trkpt>
      <trkpt lat="47.401736" lon="10.892943"><ele>967</ele></trkpt>
      <trkpt lat="47.401658" lon="10.891964"><ele>967</ele></trkpt>
      <trkpt lat="47.401648" lon="10.891755"><ele>967</ele></trkpt>
      <trkpt lat="47.401677" lon="10.891572"><ele>967</ele></trkpt>
      <trkpt lat="47.401760" lon="10.891328"><ele>968</ele></trkpt>
      <trkpt lat="47.402035" lon="10.890643"><ele>968</ele></trkpt>
      <trkpt lat="47.402101" lon="10.890406"><ele>968</ele></trkpt>
      <trkpt lat="47.402219" lon="10.889325"><ele>968</ele></trkpt>
      <trkpt lat="47.402227" lon="10.889260"><ele>968</ele></trkpt>
      <trkpt lat="47.402246" lon="10.889221"><ele>969</ele></trkpt>
      <trkpt lat="47.402276" lon="10.889240"><ele>969</ele></trkpt>
      <trkpt lat="47.402327" lon="10.889318"><ele>968</ele></trkpt>
      <trkpt lat="47.402378" lon="10.889396"><ele>968</ele></trkpt>
      <trkpt lat="47.402530" lon="10.889330"><ele>969</ele></trkpt>
      <trkpt lat="47.402683" lon="10.889240"><ele>970</ele></trkpt>
      <trkpt lat="47.402763" lon="10.889238"><ele>970</ele></trkpt>
      <trkpt lat="47.402835" lon="10.889270"><ele>970</ele></trkpt>
      <trkpt lat="47.402945" lon="10.889340"><ele>970</ele></trkpt>
      <trkpt lat="47.403061" lon="10.889397"><ele>971</ele></trkpt>
      <trkpt lat="47.403124" lon="10.889408"><ele>971</ele></trkpt>
      <trkpt lat="47.403169" lon="10.889398"><ele>971</ele></trkpt>
      <trkpt lat="47.403247" lon="10.889331"><ele>971</ele></trkpt>
      <trkpt lat="47.403301" lon="10.889234"><ele>971</ele></trkpt>
      <trkpt lat="47.403373" lon="10.889053"><ele>971</ele></trkpt>
      <trkpt lat="47.403492" lon="10.888679"><ele>972</ele></trkpt>
      <trkpt lat="47.403558" lon="10.888550"><ele>972</ele></trkpt>
      <trkpt lat="47.403612" lon="10.888526"><ele>973</ele></trkpt>
      <trkpt lat="47.403662" lon="10.888535"><ele>974</ele></trkpt>
      <trkpt lat="47.403790" lon="10.888612"><ele>975</ele></trkpt>
      <trkpt lat="47.404027" lon="10.888811"><ele>978</ele></trkpt>
      <trkpt lat="47.404143" lon="10.888920"><ele>980</ele></trkpt>
      <trkpt lat="47.404318" lon="10.889122"><ele>984</ele></trkpt>
      <trkpt lat="47.404371" lon="10.889145"><ele>984</ele></trkpt>
      <trkpt lat="47.404401" lon="10.889139"><ele>985</ele></trkpt>
      <trkpt lat="47.404418" lon="10.889111"><ele>986</ele></trkpt>
      <trkpt lat="47.404439" lon="10.889065"><ele>986</ele></trkpt>
      <trkpt lat="47.404552" lon="10.888118"><ele>986</ele></trkpt>
      <trkpt lat="47.404568" lon="10.887121"><ele>988</ele></trkpt>
      <trkpt lat="47.404534" lon="10.886566"><ele>989</ele></trkpt>
      <trkpt lat="47.404467" lon="10.885997"><ele>988</ele></trkpt>
      <trkpt lat="47.404465" lon="10.885950"><ele>988</ele></trkpt>
      <trkpt lat="47.404436" lon="10.884437"><ele>988</ele></trkpt>
      <trkpt lat="47.404362" lon="10.883770"><ele>989</ele></trkpt>
      <trkpt lat="47.404364" lon="10.883355"><ele>991</ele></trkpt>
      <trkpt lat="47.404396" lon="10.882635"><ele>991</ele></trkpt>
      <trkpt lat="47.404375" lon="10.882572"><ele>991</ele></trkpt>
      <trkpt lat="47.404344" lon="10.882531"><ele>990</ele></trkpt>
      <trkpt lat="47.404207" lon="10.882527"><ele>988</ele></trkpt>
      <trkpt lat="47.404163" lon="10.882658"><ele>987</ele></trkpt>
      <trkpt lat="47.404094" lon="10.882718"><ele>986</ele></trkpt>
      <trkpt lat="47.404019" lon="10.882759"><ele>985</ele></trkpt>
      <trkpt lat="47.403912" lon="10.882745"><ele>984</ele></trkpt>
      <trkpt lat="47.403818" lon="10.882706"><ele>983</ele></trkpt>
      <trkpt lat="47.403760" lon="10.882672"><ele>982</ele></trkpt>
      <trkpt lat="47.403659" lon="10.882566"><ele>982</ele></trkpt>
      <trkpt lat="47.403582" lon="10.882502"><ele>981</ele></trkpt>
      <trkpt lat="47.403464" lon="10.882467"><ele>980</ele></trkpt>
      <trkpt lat="47.403459" lon="10.882121"><ele>981</ele></trkpt>
      <trkpt lat="47.403452" lon="10.882017"><ele>981</ele></trkpt>
      <trkpt lat="47.403438" lon="10.881883"><ele>982</ele></trkpt>
      <trkpt lat="47.403373" lon="10.881427"><ele>982</ele></trkpt>
      <trkpt lat="47.403313" lon="10.881078"><ele>982</ele></trkpt>
      <trkpt lat="47.403257" lon="10.880593"><ele>984</ele></trkpt>
      <trkpt lat="47.403249" lon="10.880457"><ele>984</ele></trkpt>
      <trkpt lat="47.403212" lon="10.880462"><ele>984</ele></trkpt>
      <trkpt lat="47.403126" lon="10.880478"><ele>984</ele></trkpt>
      <trkpt lat="47.402936" lon="10.880503"><ele>983</ele></trkpt>
      <trkpt lat="47.402727" lon="10.880505"><ele>981</ele></trkpt>
      <trkpt lat="47.402314" lon="10.880493"><ele>979</ele></trkpt>
      <trkpt lat="47.402287" lon="10.880477"><ele>979</ele></trkpt>
      <trkpt lat="47.402249" lon="10.880403"><ele>980</ele></trkpt>
      <trkpt lat="47.402131" lon="10.880530"><ele>979</ele></trkpt>
      <trkpt lat="47.402074" lon="10.880606"><ele>978</ele></trkpt>
      <trkpt lat="47.402020" lon="10.880365"><ele>979</ele></trkpt>
      <trkpt lat="47.402000" lon="10.880228"><ele>979</ele></trkpt>
      <trkpt lat="47.402013" lon="10.880131"><ele>980</ele></trkpt>
      <trkpt lat="47.402032" lon="10.880072"><ele>980</ele></trkpt>
      <trkpt lat="47.402052" lon="10.879956"><ele>980</ele></trkpt>
      <trkpt lat="47.402061" lon="10.879842"><ele>980</ele></trkpt>
      <trkpt lat="47.402061" lon="10.879739"><ele>981</ele></trkpt>
      <trkpt lat="47.402059" lon="10.879572"><ele>981</ele></trkpt>
      <trkpt lat="47.402137" lon="10.879068"><ele>983</ele></trkpt>
      <trkpt lat="47.402140" lon="10.879034"><ele>985</ele></trkpt>
      <trkpt lat="47.402137" lon="10.879068"><ele>983</ele></trkpt>
      <trkpt lat="47.402059" lon="10.879572"><ele>981</ele></trkpt>
      <trkpt lat="47.402061" lon="10.879739"><ele>981</ele></trkpt>
      <trkpt lat="47.402061" lon="10.879842"><ele>980</ele></trkpt>
      <trkpt lat="47.402052" lon="10.879956"><ele>980</ele></trkpt>
      <trkpt lat="47.402032" lon="10.880072"><ele>980</ele></trkpt>
      <trkpt lat="47.402013" lon="10.880131"><ele>980</ele></trkpt>
      <trkpt lat="47.402000" lon="10.880228"><ele>979</ele></trkpt>
      <trkpt lat="47.402020" lon="10.880365"><ele>979</ele></trkpt>
      <trkpt lat="47.402074" lon="10.880606"><ele>978</ele></trkpt>
      <trkpt lat="47.402131" lon="10.880530"><ele>979</ele></trkpt>
      <trkpt lat="47.402249" lon="10.880403"><ele>980</ele></trkpt>
      <trkpt lat="47.402287" lon="10.880477"><ele>979</ele></trkpt>
      <trkpt lat="47.402314" lon="10.880493"><ele>979</ele></trkpt>
      <trkpt lat="47.402727" lon="10.880505"><ele>981</ele></trkpt>
      <trkpt lat="47.402936" lon="10.880503"><ele>983</ele></trkpt>
      <trkpt lat="47.403126" lon="10.880478"><ele>984</ele></trkpt>
      <trkpt lat="47.403212" lon="10.880462"><ele>984</ele></trkpt>
      <trkpt lat="47.403249" lon="10.880457"><ele>984</ele></trkpt>
      <trkpt lat="47.403419" lon="10.880445"><ele>985</ele></trkpt>
      <trkpt lat="47.403658" lon="10.880465"><ele>987</ele></trkpt>
      <trkpt lat="47.403893" lon="10.880492"><ele>989</ele></trkpt>
      <trkpt lat="47.403945" lon="10.880498"><ele>990</ele></trkpt>
      <trkpt lat="47.404125" lon="10.880520"><ele>991</ele></trkpt>
      <trkpt lat="47.404498" lon="10.880545"><ele>994</ele></trkpt>
      <trkpt lat="47.404624" lon="10.880550"><ele>996</ele></trkpt>
      <trkpt lat="47.404678" lon="10.880535"><ele>996</ele></trkpt>
      <trkpt lat="47.404730" lon="10.880503"><ele>997</ele></trkpt>
      <trkpt lat="47.404808" lon="10.880430"><ele>998</ele></trkpt>
      <trkpt lat="47.404867" lon="10.880362"><ele>998</ele></trkpt>
      <trkpt lat="47.404919" lon="10.880207"><ele>999</ele></trkpt>
      <trkpt lat="47.404948" lon="10.879974"><ele>1000</ele></trkpt>
      <trkpt lat="47.405040" lon="10.879242"><ele>1002</ele></trkpt>
      <trkpt lat="47.405066" lon="10.879171"><ele>1002</ele></trkpt>
      <trkpt lat="47.405092" lon="10.879130"><ele>1003</ele></trkpt>
      <trkpt lat="47.405194" lon="10.879053"><ele>1004</ele></trkpt>
      <trkpt lat="47.405244" lon="10.878988"><ele>1004</ele></trkpt>
      <trkpt lat="47.405266" lon="10.878923"><ele>1005</ele></trkpt>
      <trkpt lat="47.405283" lon="10.878756"><ele>1005</ele></trkpt>
      <trkpt lat="47.405303" lon="10.878500"><ele>1005</ele></trkpt>
      <trkpt lat="47.405324" lon="10.878321"><ele>1005</ele></trkpt>
      <trkpt lat="47.405360" lon="10.877812"><ele>1005</ele></trkpt>
      <trkpt lat="47.405360" lon="10.877726"><ele>1005</ele></trkpt>
      <trkpt lat="47.405335" lon="10.877600"><ele>1004</ele></trkpt>
      <trkpt lat="47.405330" lon="10.877480"><ele>1004</ele></trkpt>
      <trkpt lat="47.405367" lon="10.877218"><ele>1002</ele></trkpt>
      <trkpt lat="47.405391" lon="10.876720"><ele>1000</ele></trkpt>
      <trkpt lat="47.405386" lon="10.876512"><ele>1000</ele></trkpt>
      <trkpt lat="47.405363" lon="10.876333"><ele>1000</ele></trkpt>
      <trkpt lat="47.405341" lon="10.876295"><ele>1000</ele></trkpt>
      <trkpt lat="47.405258" lon="10.876250"><ele>998</ele></trkpt>
      <trkpt lat="47.405299" lon="10.876048"><ele>1000</ele></trkpt>
      <trkpt lat="47.405335" lon="10.875815"><ele>1001</ele></trkpt>
      <trkpt lat="47.405354" lon="10.875627"><ele>1002</ele></trkpt>
      <trkpt lat="47.405365" lon="10.875433"><ele>1002</ele></trkpt>
      <trkpt lat="47.405369" lon="10.875079"><ele>1004</ele></trkpt>
      <trkpt lat="47.405359" lon="10.874177"><ele>1006</ele></trkpt>
      <trkpt lat="47.405346" lon="10.873812"><ele>1008</ele></trkpt>
      <trkpt lat="47.405339" lon="10.873639"><ele>1009</ele></trkpt>
      <trkpt lat="47.405409" lon="10.873606"><ele>1010</ele></trkpt>
      <trkpt lat="47.405425" lon="10.873456"><ele>1010</ele></trkpt>
      <trkpt lat="47.405442" lon="10.873164"><ele>1012</ele></trkpt>
      <trkpt lat="47.405453" lon="10.873082"><ele>1012</ele></trkpt>
      <trkpt lat="47.405461" lon="10.873043"><ele>1012</ele></trkpt>
      <trkpt lat="47.405512" lon="10.872821"><ele>1012</ele></trkpt>
      <trkpt lat="47.405525" lon="10.872725"><ele>1012</ele></trkpt>
      <trkpt lat="47.405549" lon="10.872587"><ele>1014</ele></trkpt>
      <trkpt lat="47.405560" lon="10.872394"><ele>1013</ele></trkpt>
      <trkpt lat="47.405609" lon="10.872177"><ele>1013</ele></trkpt>
      <trkpt lat="47.405776" lon="10.871708"><ele>1014</ele></trkpt>
      <trkpt lat="47.405843" lon="10.871519"><ele>1013</ele></trkpt>
      <trkpt lat="47.405993" lon="10.871151"><ele>1013</ele></trkpt>
      <trkpt lat="47.406019" lon="10.871088"><ele>1013</ele></trkpt>
      <trkpt lat="47.406133" lon="10.870671"><ele>1012</ele></trkpt>
      <trkpt lat="47.406089" lon="10.870613"><ele>1011</ele></trkpt>
      <trkpt lat="47.406242" lon="10.870234"><ele>1010</ele></trkpt>
      <trkpt lat="47.406403" lon="10.869832"><ele>1010</ele></trkpt>
      <trkpt lat="47.406552" lon="10.869472"><ele>1010</ele></trkpt>
      <trkpt lat="47.406876" lon="10.868713"><ele>1011</ele></trkpt>
      <trkpt lat="47.406909" lon="10.868633"><ele>1011</ele></trkpt>
      <trkpt lat="47.407004" lon="10.868407"><ele>1012</ele></trkpt>
      <trkpt lat="47.407151" lon="10.868097"><ele>1012</ele></trkpt>
      <trkpt lat="47.407215" lon="10.867972"><ele>1013</ele></trkpt>
      <trkpt lat="47.407071" lon="10.867727"><ele>1013</ele></trkpt>
      <trkpt lat="47.406980" lon="10.867599"><ele>1014</ele></trkpt>
      <trkpt lat="47.406848" lon="10.867455"><ele>1014</ele></trkpt>
      <trkpt lat="47.406673" lon="10.867331"><ele>1014</ele></trkpt>
      <trkpt lat="47.406537" lon="10.867225"><ele>1015</ele></trkpt>
      <trkpt lat="47.406499" lon="10.867173"><ele>1015</ele></trkpt>
      <trkpt lat="47.406476" lon="10.867109"><ele>1015</ele></trkpt>
      <trkpt lat="47.406463" lon="10.866998"><ele>1015</ele></trkpt>
      <trkpt lat="47.406469" lon="10.866887"><ele>1016</ele></trkpt>
      <trkpt lat="47.406543" lon="10.866609"><ele>1016</ele></trkpt>
      <trkpt lat="47.406826" lon="10.866177"><ele>1018</ele></trkpt>
      <trkpt lat="47.407102" lon="10.865840"><ele>1019</ele></trkpt>
      <trkpt lat="47.407485" lon="10.865291"><ele>1020</ele></trkpt>
      <trkpt lat="47.407559" lon="10.865176"><ele>1020</ele></trkpt>
      <trkpt lat="47.407654" lon="10.864963"><ele>1021</ele></trkpt>
      <trkpt lat="47.407799" lon="10.864526"><ele>1020</ele></trkpt>
      <trkpt lat="47.408017" lon="10.864025"><ele>1022</ele></trkpt>
      <trkpt lat="47.408295" lon="10.863569"><ele>1023</ele></trkpt>
      <trkpt lat="47.408673" lon="10.863099"><ele>1026</ele></trkpt>
      <trkpt lat="47.409080" lon="10.862764"><ele>1028</ele></trkpt>
      <trkpt lat="47.409438" lon="10.862573"><ele>1030</ele></trkpt>
      <trkpt lat="47.409614" lon="10.862426"><ele>1031</ele></trkpt>
      <trkpt lat="47.409739" lon="10.862279"><ele>1032</ele></trkpt>
      <trkpt lat="47.409808" lon="10.862117"><ele>1033</ele></trkpt>
      <trkpt lat="47.409857" lon="10.862075"><ele>1034</ele></trkpt>
      <trkpt lat="47.409951" lon="10.861968"><ele>1034</ele></trkpt>
      <trkpt lat="47.409983" lon="10.861938"><ele>1035</ele></trkpt>
      <trkpt lat="47.410049" lon="10.861877"><ele>1035</ele></trkpt>
      <trkpt lat="47.410188" lon="10.861786"><ele>1035</ele></trkpt>
      <trkpt lat="47.410283" lon="10.861769"><ele>1034</ele></trkpt>
      <trkpt lat="47.410455" lon="10.861769"><ele>1034</ele></trkpt>
      <trkpt lat="47.410555" lon="10.861750"><ele>1033</ele></trkpt>
      <trkpt lat="47.410649" lon="10.861740"><ele>1033</ele></trkpt>
      <trkpt lat="47.410711" lon="10.861747"><ele>1033</ele></trkpt>
      <trkpt lat="47.410795" lon="10.861774"><ele>1033</ele></trkpt>
      <trkpt lat="47.410822" lon="10.861781"><ele>1033</ele></trkpt>
      <trkpt lat="47.410829" lon="10.861698"><ele>1033</ele></trkpt>
      <trkpt lat="47.410827" lon="10.861600"><ele>1033</ele></trkpt>
      <trkpt lat="47.410812" lon="10.861480"><ele>1033</ele></trkpt>
      <trkpt lat="47.410820" lon="10.861324"><ele>1033</ele></trkpt>
      <trkpt lat="47.410908" lon="10.861191"><ele>1034</ele></trkpt>
      <trkpt lat="47.411162" lon="10.860647"><ele>1034</ele></trkpt>
      <trkpt lat="47.411464" lon="10.859909"><ele>1036</ele></trkpt>
      <trkpt lat="47.411752" lon="10.859032"><ele>1039</ele></trkpt>
      <trkpt lat="47.411858" lon="10.858825"><ele>1040</ele></trkpt>
      <trkpt lat="47.411938" lon="10.858559"><ele>1039</ele></trkpt>
      <trkpt lat="47.412040" lon="10.858336"><ele>1040</ele></trkpt>
      <trkpt lat="47.412115" lon="10.857969"><ele>1044</ele></trkpt>
      <trkpt lat="47.412208" lon="10.857634"><ele>1042</ele></trkpt>
      <trkpt lat="47.412298" lon="10.857228"><ele>1044</ele></trkpt>
      <trkpt lat="47.412382" lon="10.856787"><ele>1048</ele></trkpt>
      <trkpt lat="47.412461" lon="10.856305"><ele>1046</ele></trkpt>
      <trkpt lat="47.412512" lon="10.855959"><ele>1046</ele></trkpt>
      <trkpt lat="47.412568" lon="10.855703"><ele>1048</ele></trkpt>
      <trkpt lat="47.412765" lon="10.855317"><ele>1048</ele></trkpt>
      <trkpt lat="47.413080" lon="10.854787"><ele>1052</ele></trkpt>
      <trkpt lat="47.413173" lon="10.854523"><ele>1054</ele></trkpt>
      <trkpt lat="47.413224" lon="10.854274"><ele>1054</ele></trkpt>
      <trkpt lat="47.413410" lon="10.854215"><ele>1052</ele></trkpt>
      <trkpt lat="47.413462" lon="10.854201"><ele>1052</ele></trkpt>
      <trkpt lat="47.413604" lon="10.854221"><ele>1051</ele></trkpt>
      <trkpt lat="47.413735" lon="10.854287"><ele>1051</ele></trkpt>
      <trkpt lat="47.413811" lon="10.853923"><ele>1054</ele></trkpt>
      <trkpt lat="47.413974" lon="10.853504"><ele>1058</ele></trkpt>
      <trkpt lat="47.414087" lon="10.853055"><ele>1060</ele></trkpt>
      <trkpt lat="47.414253" lon="10.852538"><ele>1062</ele></trkpt>
      <trkpt lat="47.414544" lon="10.851938"><ele>1064</ele></trkpt>
      <trkpt lat="47.414671" lon="10.851467"><ele>1068</ele></trkpt>
      <trkpt lat="47.414712" lon="10.851021"><ele>1070</ele></trkpt>
      <trkpt lat="47.414844" lon="10.850339"><ele>1071</ele></trkpt>
      <trkpt lat="47.415036" lon="10.849566"><ele>1075</ele></trkpt>
      <trkpt lat="47.415328" lon="10.848575"><ele>1079</ele></trkpt>
      <trkpt lat="47.415432" lon="10.848107"><ele>1081</ele></trkpt>
      <trkpt lat="47.415538" lon="10.847555"><ele>1084</ele></trkpt>
      <trkpt lat="47.415744" lon="10.846590"><ele>1088</ele></trkpt>
      <trkpt lat="47.415890" lon="10.846210"><ele>1090</ele></trkpt>
      <trkpt lat="47.416031" lon="10.845911"><ele>1092</ele></trkpt>
      <trkpt lat="47.416121" lon="10.845661"><ele>1092</ele></trkpt>
      <trkpt lat="47.416382" lon="10.845099"><ele>1097</ele></trkpt>
      <trkpt lat="47.416532" lon="10.844889"><ele>1099</ele></trkpt>
      <trkpt lat="47.416757" lon="10.844646"><ele>1099</ele></trkpt>
      <trkpt lat="47.416819" lon="10.844553"><ele>1099</ele></trkpt>
      <trkpt lat="47.416925" lon="10.844343"><ele>1098</ele></trkpt>
      <trkpt lat="47.416995" lon="10.844073"><ele>1099</ele></trkpt>
      <trkpt lat="47.417114" lon="10.843383"><ele>1100</ele></trkpt>
      <trkpt lat="47.417174" lon="10.843237"><ele>1100</ele></trkpt>
      <trkpt lat="47.417314" lon="10.842815"><ele>1102</ele></trkpt>
      <trkpt lat="47.417353" lon="10.842730"><ele>1102</ele></trkpt>
      <trkpt lat="47.417401" lon="10.842617"><ele>1103</ele></trkpt>
      <trkpt lat="47.417483" lon="10.842351"><ele>1103</ele></trkpt>
      <trkpt lat="47.417552" lon="10.842082"><ele>1103</ele></trkpt>
      <trkpt lat="47.417595" lon="10.841809"><ele>1104</ele></trkpt>
      <trkpt lat="47.417605" lon="10.841592"><ele>1106</ele></trkpt>
      <trkpt lat="47.417590" lon="10.841385"><ele>1106</ele></trkpt>
      <trkpt lat="47.417596" lon="10.841055"><ele>1108</ele></trkpt>
      <trkpt lat="47.417568" lon="10.840812"><ele>1108</ele></trkpt>
      <trkpt lat="47.417617" lon="10.840036"><ele>1111</ele></trkpt>
      <trkpt lat="47.417638" lon="10.839475"><ele>1113</ele></trkpt>
      <trkpt lat="47.417598" lon="10.839066"><ele>1114</ele></trkpt>
      <trkpt lat="47.417571" lon="10.838903"><ele>1115</ele></trkpt>
      <trkpt lat="47.417560" lon="10.838654"><ele>1116</ele></trkpt>
      <trkpt lat="47.417552" lon="10.838391"><ele>1118</ele></trkpt>
      <trkpt lat="47.417553" lon="10.837454"><ele>1123</ele></trkpt>
      <trkpt lat="47.417519" lon="10.836765"><ele>1128</ele></trkpt>
      <trkpt lat="47.417528" lon="10.836456"><ele>1128</ele></trkpt>
      <trkpt lat="47.417568" lon="10.835602"><ele>1125</ele></trkpt>
      <trkpt lat="47.417559" lon="10.835024"><ele>1121</ele></trkpt>
      <trkpt lat="47.417551" lon="10.834640"><ele>1121</ele></trkpt>
      <trkpt lat="47.417528" lon="10.834318"><ele>1122</ele></trkpt>
      <trkpt lat="47.417490" lon="10.833700"><ele>1121</ele></trkpt>
      <trkpt lat="47.417505" lon="10.833104"><ele>1119</ele></trkpt>
      <trkpt lat="47.417563" lon="10.832495"><ele>1114</ele></trkpt>
      <trkpt lat="47.417650" lon="10.831765"><ele>1110</ele></trkpt>
      <trkpt lat="47.417760" lon="10.831175"><ele>1106</ele></trkpt>
      <trkpt lat="47.417813" lon="10.830676"><ele>1104</ele></trkpt>
      <trkpt lat="47.417808" lon="10.830550"><ele>1103</ele></trkpt>
      <trkpt lat="47.417744" lon="10.830235"><ele>1102</ele></trkpt>
      <trkpt lat="47.417729" lon="10.830067"><ele>1100</ele></trkpt>
      <trkpt lat="47.417770" lon="10.829845"><ele>1099</ele></trkpt>
      <trkpt lat="47.417875" lon="10.829364"><ele>1099</ele></trkpt>
      <trkpt lat="47.417921" lon="10.828954"><ele>1098</ele></trkpt>
      <trkpt lat="47.417953" lon="10.828550"><ele>1096</ele></trkpt>
      <trkpt lat="47.417956" lon="10.828166"><ele>1095</ele></trkpt>
      <trkpt lat="47.417980" lon="10.827148"><ele>1092</ele></trkpt>
      <trkpt lat="47.418004" lon="10.826349"><ele>1090</ele></trkpt>
      <trkpt lat="47.418023" lon="10.826159"><ele>1089</ele></trkpt>
      <trkpt lat="47.418106" lon="10.825980"><ele>1089</ele></trkpt>
      <trkpt lat="47.418165" lon="10.825779"><ele>1090</ele></trkpt>
      <trkpt lat="47.418176" lon="10.825577"><ele>1089</ele></trkpt>
      <trkpt lat="47.418205" lon="10.824171"><ele>1086</ele></trkpt>
      <trkpt lat="47.418234" lon="10.823428"><ele>1086</ele></trkpt>
      <trkpt lat="47.418262" lon="10.822696"><ele>1086</ele></trkpt>
      <trkpt lat="47.418240" lon="10.822441"><ele>1086</ele></trkpt>
      <trkpt lat="47.418232" lon="10.822359"><ele>1086</ele></trkpt>
      <trkpt lat="47.418232" lon="10.822351"><ele>1086</ele></trkpt>
      <trkpt lat="47.418341" lon="10.821270"><ele>1080</ele></trkpt>
      <trkpt lat="47.418371" lon="10.820391"><ele>1079</ele></trkpt>
      <trkpt lat="47.418371" lon="10.820222"><ele>1079</ele></trkpt>
      <trkpt lat="47.418370" lon="10.819689"><ele>1078</ele></trkpt>
      <trkpt lat="47.418354" lon="10.818909"><ele>1078</ele></trkpt>
      <trkpt lat="47.418372" lon="10.818695"><ele>1078</ele></trkpt>
      <trkpt lat="47.418306" lon="10.818178"><ele>1078</ele></trkpt>
      <trkpt lat="47.418201" lon="10.817431"><ele>1080</ele></trkpt>
      <trkpt lat="47.418079" lon="10.816633"><ele>1081</ele></trkpt>
      <trkpt lat="47.417980" lon="10.816120"><ele>1080</ele></trkpt>
      <trkpt lat="47.417869" lon="10.815926"><ele>1081</ele></trkpt>
      <trkpt lat="47.417717" lon="10.815692"><ele>1082</ele></trkpt>
      <trkpt lat="47.417672" lon="10.815606"><ele>1082</ele></trkpt>
      <trkpt lat="47.417643" lon="10.815497"><ele>1081</ele></trkpt>
      <trkpt lat="47.417619" lon="10.815166"><ele>1082</ele></trkpt>
      <trkpt lat="47.417625" lon="10.814711"><ele>1082</ele></trkpt>
      <trkpt lat="47.417590" lon="10.813561"><ele>1086</ele></trkpt>
      <trkpt lat="47.417581" lon="10.812987"><ele>1089</ele></trkpt>
      <trkpt lat="47.417667" lon="10.812221"><ele>1091</ele></trkpt>
      <trkpt lat="47.417712" lon="10.811477"><ele>1092</ele></trkpt>
      <trkpt lat="47.417761" lon="10.810725"><ele>1094</ele></trkpt>
      <trkpt lat="47.417766" lon="10.810651"><ele>1094</ele></trkpt>
      <trkpt lat="47.417856" lon="10.810133"><ele>1094</ele></trkpt>
      <trkpt lat="47.417893" lon="10.809428"><ele>1095</ele></trkpt>
      <trkpt lat="47.417925" lon="10.808646"><ele>1094</ele></trkpt>
      <trkpt lat="47.417918" lon="10.808162"><ele>1094</ele></trkpt>
      <trkpt lat="47.417881" lon="10.807333"><ele>1091</ele></trkpt>
      <trkpt lat="47.417811" lon="10.806744"><ele>1090</ele></trkpt>
      <trkpt lat="47.417708" lon="10.806106"><ele>1088</ele></trkpt>
      <trkpt lat="47.417625" lon="10.805546"><ele>1088</ele></trkpt>
      <trkpt lat="47.417586" lon="10.805349"><ele>1087</ele></trkpt>
      <trkpt lat="47.417466" lon="10.804889"><ele>1084</ele></trkpt>
      <trkpt lat="47.417165" lon="10.803646"><ele>1079</ele></trkpt>
      <trkpt lat="47.417105" lon="10.803384"><ele>1078</ele></trkpt>
      <trkpt lat="47.417042" lon="10.803072"><ele>1077</ele></trkpt>
      <trkpt lat="47.416995" lon="10.802777"><ele>1076</ele></trkpt>
      <trkpt lat="47.416983" lon="10.802653"><ele>1076</ele></trkpt>
      <trkpt lat="47.416969" lon="10.802475"><ele>1076</ele></trkpt>
      <trkpt lat="47.416935" lon="10.801984"><ele>1074</ele></trkpt>
      <trkpt lat="47.416930" lon="10.801363"><ele>1073</ele></trkpt>
      <trkpt lat="47.416955" lon="10.800921"><ele>1073</ele></trkpt>
      <trkpt lat="47.417008" lon="10.800431"><ele>1073</ele></trkpt>
      <trkpt lat="47.417078" lon="10.800033"><ele>1073</ele></trkpt>
      <trkpt lat="47.417099" lon="10.799527"><ele>1074</ele></trkpt>
      <trkpt lat="47.417119" lon="10.799346"><ele>1074</ele></trkpt>
      <trkpt lat="47.417096" lon="10.799220"><ele>1074</ele></trkpt>
      <trkpt lat="47.417087" lon="10.798780"><ele>1074</ele></trkpt>
      <trkpt lat="47.417088" lon="10.798192"><ele>1075</ele></trkpt>
      <trkpt lat="47.417102" lon="10.797623"><ele>1076</ele></trkpt>
      <trkpt lat="47.417130" lon="10.797327"><ele>1076</ele></trkpt>
      <trkpt lat="47.417167" lon="10.797055"><ele>1077</ele></trkpt>
      <trkpt lat="47.417271" lon="10.796574"><ele>1078</ele></trkpt>
      <trkpt lat="47.417416" lon="10.796107"><ele>1078</ele></trkpt>
      <trkpt lat="47.417902" lon="10.794670"><ele>1081</ele></trkpt>
      <trkpt lat="47.417910" lon="10.794646"><ele>1081</ele></trkpt>
      <trkpt lat="47.418144" lon="10.793966"><ele>1082</ele></trkpt>
      <trkpt lat="47.418231" lon="10.793723"><ele>1082</ele></trkpt>
      <trkpt lat="47.418315" lon="10.793524"><ele>1082</ele></trkpt>
      <trkpt lat="47.418815" lon="10.792414"><ele>1083</ele></trkpt>
      <trkpt lat="47.418922" lon="10.792226"><ele>1083</ele></trkpt>
      <trkpt lat="47.419031" lon="10.792087"><ele>1082</ele></trkpt>
      <trkpt lat="47.419221" lon="10.791824"><ele>1082</ele></trkpt>
      <trkpt lat="47.419394" lon="10.791672"><ele>1082</ele></trkpt>
      <trkpt lat="47.419800" lon="10.791336"><ele>1080</ele></trkpt>
      <trkpt lat="47.419832" lon="10.791309"><ele>1080</ele></trkpt>
      <trkpt lat="47.419970" lon="10.791165"><ele>1079</ele></trkpt>
      <trkpt lat="47.420098" lon="10.790994"><ele>1080</ele></trkpt>
      <trkpt lat="47.420162" lon="10.790826"><ele>1080</ele></trkpt>
      <trkpt lat="47.420222" lon="10.790611"><ele>1079</ele></trkpt>
      <trkpt lat="47.420262" lon="10.790393"><ele>1078</ele></trkpt>
      <trkpt lat="47.420297" lon="10.790087"><ele>1078</ele></trkpt>
      <trkpt lat="47.420321" lon="10.789866"><ele>1078</ele></trkpt>
      <trkpt lat="47.420324" lon="10.789796"><ele>1078</ele></trkpt>
      <trkpt lat="47.420302" lon="10.789591"><ele>1079</ele></trkpt>
      <trkpt lat="47.420265" lon="10.789404"><ele>1079</ele></trkpt>
      <trkpt lat="47.420253" lon="10.789267"><ele>1079</ele></trkpt>
      <trkpt lat="47.420246" lon="10.789052"><ele>1079</ele></trkpt>
      <trkpt lat="47.420245" lon="10.789022"><ele>1079</ele></trkpt>
      <trkpt lat="47.420239" lon="10.788466"><ele>1079</ele></trkpt>
      <trkpt lat="47.420176" lon="10.788256"><ele>1079</ele></trkpt>
      <trkpt lat="47.420224" lon="10.788164"><ele>1079</ele></trkpt>
      <trkpt lat="47.420256" lon="10.788080"><ele>1079</ele></trkpt>
      <trkpt lat="47.420320" lon="10.787871"><ele>1079</ele></trkpt>
      <trkpt lat="47.420373" lon="10.787749"><ele>1078</ele></trkpt>
      <trkpt lat="47.420436" lon="10.787651"><ele>1078</ele></trkpt>
      <trkpt lat="47.420518" lon="10.787543"><ele>1078</ele></trkpt>
      <trkpt lat="47.420811" lon="10.787164"><ele>1077</ele></trkpt>
      <trkpt lat="47.420874" lon="10.787082"><ele>1077</ele></trkpt>
      <trkpt lat="47.421101" lon="10.786786"><ele>1076</ele></trkpt>
      <trkpt lat="47.421278" lon="10.786524"><ele>1076</ele></trkpt>
      <trkpt lat="47.421375" lon="10.786254"><ele>1074</ele></trkpt>
      <trkpt lat="47.421642" lon="10.785831"><ele>1073</ele></trkpt>
      <trkpt lat="47.421695" lon="10.785725"><ele>1072</ele></trkpt>
      <trkpt lat="47.421795" lon="10.785371"><ele>1072</ele></trkpt>
      <trkpt lat="47.421859" lon="10.785169"><ele>1072</ele></trkpt>
      <trkpt lat="47.421923" lon="10.784967"><ele>1071</ele></trkpt>
      <trkpt lat="47.422221" lon="10.784024"><ele>1068</ele></trkpt>
      <trkpt lat="47.422351" lon="10.783683"><ele>1068</ele></trkpt>
      <trkpt lat="47.422405" lon="10.783538"><ele>1068</ele></trkpt>
      <trkpt lat="47.422491" lon="10.783231"><ele>1067</ele></trkpt>
      <trkpt lat="47.422557" lon="10.783156"><ele>1066</ele></trkpt>
      <trkpt lat="47.422632" lon="10.783119"><ele>1066</ele></trkpt>
      <trkpt lat="47.422631" lon="10.783026"><ele>1066</ele></trkpt>
      <trkpt lat="47.422633" lon="10.782988"><ele>1066</ele></trkpt>
      <trkpt lat="47.422664" lon="10.782841"><ele>1066</ele></trkpt>
      <trkpt lat="47.422843" lon="10.782441"><ele>1064</ele></trkpt>
      <trkpt lat="47.423395" lon="10.781177"><ele>1061</ele></trkpt>
      <trkpt lat="47.423477" lon="10.780942"><ele>1060</ele></trkpt>
      <trkpt lat="47.423521" lon="10.780851"><ele>1060</ele></trkpt>
      <trkpt lat="47.423568" lon="10.780780"><ele>1060</ele></trkpt>
      <trkpt lat="47.423944" lon="10.780402"><ele>1058</ele></trkpt>
      <trkpt lat="47.424272" lon="10.779969"><ele>1056</ele></trkpt>
      <trkpt lat="47.424436" lon="10.779610"><ele>1055</ele></trkpt>
      <trkpt lat="47.424573" lon="10.779392"><ele>1055</ele></trkpt>
      <trkpt lat="47.424734" lon="10.779111"><ele>1053</ele></trkpt>
      <trkpt lat="47.425681" lon="10.778332"><ele>1051</ele></trkpt>
      <trkpt lat="47.426450" lon="10.777678"><ele>1049</ele></trkpt>
      <trkpt lat="47.427046" lon="10.777378"><ele>1046</ele></trkpt>
      <trkpt lat="47.427397" lon="10.777258"><ele>1045</ele></trkpt>
      <trkpt lat="47.427498" lon="10.777247"><ele>1044</ele></trkpt>
      <trkpt lat="47.427601" lon="10.777244"><ele>1044</ele></trkpt>
      <trkpt lat="47.427629" lon="10.777249"><ele>1044</ele></trkpt>
      <trkpt lat="47.427667" lon="10.777255"><ele>1044</ele></trkpt>
      <trkpt lat="47.427698" lon="10.777252"><ele>1043</ele></trkpt>
      <trkpt lat="47.427778" lon="10.777238"><ele>1043</ele></trkpt>
      <trkpt lat="47.427834" lon="10.777210"><ele>1043</ele></trkpt>
      <trkpt lat="47.428126" lon="10.776993"><ele>1042</ele></trkpt>
      <trkpt lat="47.428050" lon="10.776350"><ele>1042</ele></trkpt>
      <trkpt lat="47.428055" lon="10.775591"><ele>1039</ele></trkpt>
      <trkpt lat="47.428090" lon="10.775083"><ele>1039</ele></trkpt>
      <trkpt lat="47.428155" lon="10.774705"><ele>1038</ele></trkpt>
      <trkpt lat="47.428270" lon="10.774266"><ele>1037</ele></trkpt>
      <trkpt lat="47.428747" lon="10.773129"><ele>1036</ele></trkpt>
      <trkpt lat="47.428853" lon="10.772700"><ele>1036</ele></trkpt>
      <trkpt lat="47.429073" lon="10.772321"><ele>1037</ele></trkpt>
      <trkpt lat="47.429210" lon="10.771965"><ele>1035</ele></trkpt>
      <trkpt lat="47.429749" lon="10.770280"><ele>1034</ele></trkpt>
      <trkpt lat="47.429851" lon="10.770059"><ele>1033</ele></trkpt>
      <trkpt lat="47.429969" lon="10.769861"><ele>1032</ele></trkpt>
      <trkpt lat="47.430110" lon="10.769672"><ele>1033</ele></trkpt>
      <trkpt lat="47.430714" lon="10.768956"><ele>1031</ele></trkpt>
      <trkpt lat="47.430779" lon="10.768878"><ele>1030</ele></trkpt>
      <trkpt lat="47.431526" lon="10.767949"><ele>1026</ele></trkpt>
      <trkpt lat="47.432487" lon="10.766696"><ele>1027</ele></trkpt>
      <trkpt lat="47.432602" lon="10.766616"><ele>1025</ele></trkpt>
      <trkpt lat="47.432705" lon="10.766605"><ele>1024</ele></trkpt>
      <trkpt lat="47.432908" lon="10.766705"><ele>1022</ele></trkpt>
      <trkpt lat="47.433030" lon="10.766720"><ele>1021</ele></trkpt>
      <trkpt lat="47.433276" lon="10.766619"><ele>1021</ele></trkpt>
      <trkpt lat="47.433323" lon="10.766552"><ele>1021</ele></trkpt>
      <trkpt lat="47.433317" lon="10.766401"><ele>1021</ele></trkpt>
      <trkpt lat="47.433324" lon="10.766070"><ele>1022</ele></trkpt>
      <trkpt lat="47.433361" lon="10.765909"><ele>1023</ele></trkpt>
      <trkpt lat="47.433439" lon="10.765766"><ele>1024</ele></trkpt>
      <trkpt lat="47.433461" lon="10.765743"><ele>1024</ele></trkpt>
      <trkpt lat="47.433528" lon="10.765674"><ele>1024</ele></trkpt>
      <trkpt lat="47.433727" lon="10.765516"><ele>1025</ele></trkpt>
      <trkpt lat="47.433876" lon="10.765280"><ele>1026</ele></trkpt>
      <trkpt lat="47.434063" lon="10.764778"><ele>1026</ele></trkpt>
      <trkpt lat="47.434138" lon="10.764491"><ele>1025</ele></trkpt>
      <trkpt lat="47.434205" lon="10.764357"><ele>1024</ele></trkpt>
      <trkpt lat="47.434303" lon="10.764256"><ele>1023</ele></trkpt>
      <trkpt lat="47.434438" lon="10.764091"><ele>1020</ele></trkpt>
      <trkpt lat="47.434615" lon="10.763780"><ele>1020</ele></trkpt>
      <trkpt lat="47.434676" lon="10.763727"><ele>1019</ele></trkpt>
      <trkpt lat="47.434766" lon="10.763648"><ele>1018</ele></trkpt>
      <trkpt lat="47.434892" lon="10.763483"><ele>1018</ele></trkpt>
      <trkpt lat="47.435031" lon="10.763221"><ele>1018</ele></trkpt>
      <trkpt lat="47.435285" lon="10.762924"><ele>1016</ele></trkpt>
      <trkpt lat="47.435453" lon="10.762814"><ele>1017</ele></trkpt>
      <trkpt lat="47.435935" lon="10.762661"><ele>1016</ele></trkpt>
      <trkpt lat="47.436075" lon="10.762552"><ele>1016</ele></trkpt>
      <trkpt lat="47.436128" lon="10.762396"><ele>1017</ele></trkpt>
      <trkpt lat="47.436193" lon="10.762262"><ele>1017</ele></trkpt>
      <trkpt lat="47.436259" lon="10.762225"><ele>1016</ele></trkpt>
      <trkpt lat="47.436414" lon="10.762230"><ele>1016</ele></trkpt>
      <trkpt lat="47.436516" lon="10.762207"><ele>1016</ele></trkpt>
      <trkpt lat="47.436707" lon="10.762031"><ele>1016</ele></trkpt>
      <trkpt lat="47.436825" lon="10.761830"><ele>1016</ele></trkpt>
      <trkpt lat="47.436976" lon="10.761611"><ele>1016</ele></trkpt>
      <trkpt lat="47.437221" lon="10.761324"><ele>1015</ele></trkpt>
      <trkpt lat="47.437615" lon="10.760774"><ele>1013</ele></trkpt>
      <trkpt lat="47.437884" lon="10.760461"><ele>1012</ele></trkpt>
      <trkpt lat="47.438187" lon="10.759987"><ele>1012</ele></trkpt>
      <trkpt lat="47.438934" lon="10.758592"><ele>1010</ele></trkpt>
      <trkpt lat="47.439366" lon="10.757831"><ele>1008</ele></trkpt>
      <trkpt lat="47.439903" lon="10.757062"><ele>1007</ele></trkpt>
      <trkpt lat="47.440465" lon="10.756091"><ele>1006</ele></trkpt>
      <trkpt lat="47.440749" lon="10.755512"><ele>1004</ele></trkpt>
      <trkpt lat="47.441047" lon="10.755029"><ele>1003</ele></trkpt>
      <trkpt lat="47.441522" lon="10.754329"><ele>1000</ele></trkpt>
      <trkpt lat="47.442505" lon="10.752955"><ele>998</ele></trkpt>
      <trkpt lat="47.442809" lon="10.752175"><ele>998</ele></trkpt>
      <trkpt lat="47.442977" lon="10.751641"><ele>998</ele></trkpt>
      <trkpt lat="47.443088" lon="10.751438"><ele>998</ele></trkpt>
      <trkpt lat="47.443185" lon="10.751260"><ele>998</ele></trkpt>
      <trkpt lat="47.443477" lon="10.750804"><ele>997</ele></trkpt>
      <trkpt lat="47.443690" lon="10.750537"><ele>996</ele></trkpt>
      <trkpt lat="47.443813" lon="10.750400"><ele>996</ele></trkpt>
      <trkpt lat="47.444008" lon="10.750214"><ele>995</ele></trkpt>
      <trkpt lat="47.444079" lon="10.750118"><ele>995</ele></trkpt>
      <trkpt lat="47.444123" lon="10.750040"><ele>995</ele></trkpt>
      <trkpt lat="47.444169" lon="10.749902"><ele>995</ele></trkpt>
      <trkpt lat="47.444252" lon="10.749429"><ele>994</ele></trkpt>
      <trkpt lat="47.444293" lon="10.749332"><ele>994</ele></trkpt>
      <trkpt lat="47.444679" lon="10.749571"><ele>991</ele></trkpt>
      <trkpt lat="47.444894" lon="10.749688"><ele>990</ele></trkpt>
      <trkpt lat="47.445014" lon="10.749673"><ele>990</ele></trkpt>
      <trkpt lat="47.445094" lon="10.749448"><ele>990</ele></trkpt>
      <trkpt lat="47.445187" lon="10.749336"><ele>989</ele></trkpt>
      <trkpt lat="47.445342" lon="10.749319"><ele>989</ele></trkpt>
      <trkpt lat="47.445432" lon="10.749404"><ele>989</ele></trkpt>
      <trkpt lat="47.445513" lon="10.749544"><ele>989</ele></trkpt>
      <trkpt lat="47.445698" lon="10.750055"><ele>989</ele></trkpt>
      <trkpt lat="47.445976" lon="10.750671"><ele>988</ele></trkpt>
      <trkpt lat="47.446051" lon="10.750840"><ele>988</ele></trkpt>
      <trkpt lat="47.446148" lon="10.750995"><ele>988</ele></trkpt>
      <trkpt lat="47.446243" lon="10.751164"><ele>988</ele></trkpt>
      <trkpt lat="47.446380" lon="10.751363"><ele>988</ele></trkpt>
      <trkpt lat="47.446602" lon="10.751635"><ele>988</ele></trkpt>
      <trkpt lat="47.446805" lon="10.751903"><ele>988</ele></trkpt>
      <trkpt lat="47.446924" lon="10.752101"><ele>987</ele></trkpt>
      <trkpt lat="47.446999" lon="10.752267"><ele>987</ele></trkpt>
      <trkpt lat="47.447138" lon="10.752623"><ele>987</ele></trkpt>
      <trkpt lat="47.447209" lon="10.752784"><ele>987</ele></trkpt>
      <trkpt lat="47.447274" lon="10.752909"><ele>987</ele></trkpt>
      <trkpt lat="47.447457" lon="10.753119"><ele>986</ele></trkpt>
      <trkpt lat="47.447961" lon="10.753502"><ele>986</ele></trkpt>
      <trkpt lat="47.448193" lon="10.753704"><ele>986</ele></trkpt>
      <trkpt lat="47.449151" lon="10.754766"><ele>985</ele></trkpt>
      <trkpt lat="47.449297" lon="10.754900"><ele>986</ele></trkpt>
      <trkpt lat="47.449676" lon="10.755159"><ele>986</ele></trkpt>
      <trkpt lat="47.449889" lon="10.755277"><ele>985</ele></trkpt>
      <trkpt lat="47.450427" lon="10.755454"><ele>984</ele></trkpt>
      <trkpt lat="47.451005" lon="10.755737"><ele>983</ele></trkpt>
      <trkpt lat="47.451266" lon="10.755819"><ele>983</ele></trkpt>
      <trkpt lat="47.451713" lon="10.755914"><ele>982</ele></trkpt>
      <trkpt lat="47.451919" lon="10.755973"><ele>982</ele></trkpt>
      <trkpt lat="47.452063" lon="10.756024"><ele>982</ele></trkpt>
      <trkpt lat="47.452333" lon="10.756170"><ele>982</ele></trkpt>
      <trkpt lat="47.452527" lon="10.756313"><ele>981</ele></trkpt>
      <trkpt lat="47.452847" lon="10.756677"><ele>981</ele></trkpt>
      <trkpt lat="47.453006" lon="10.756823"><ele>980</ele></trkpt>
      <trkpt lat="47.454382" lon="10.757917"><ele>979</ele></trkpt>
      <trkpt lat="47.454650" lon="10.758131"><ele>978</ele></trkpt>
      <trkpt lat="47.454738" lon="10.758254"><ele>978</ele></trkpt>
      <trkpt lat="47.454893" lon="10.758474"><ele>978</ele></trkpt>
      <trkpt lat="47.455365" lon="10.759353"><ele>978</ele></trkpt>
      <trkpt lat="47.455571" lon="10.759550"><ele>977</ele></trkpt>
      <trkpt lat="47.455670" lon="10.759591"><ele>977</ele></trkpt>
      <trkpt lat="47.455829" lon="10.759608"><ele>976</ele></trkpt>
      <trkpt lat="47.455921" lon="10.759608"><ele>976</ele></trkpt>
      <trkpt lat="47.455994" lon="10.759582"><ele>976</ele></trkpt>
      <trkpt lat="47.456160" lon="10.759491"><ele>976</ele></trkpt>
      <trkpt lat="47.456291" lon="10.759446"><ele>976</ele></trkpt>
      <trkpt lat="47.456406" lon="10.759426"><ele>976</ele></trkpt>
      <trkpt lat="47.456467" lon="10.759416"><ele>976</ele></trkpt>
      <trkpt lat="47.456569" lon="10.759397"><ele>976</ele></trkpt>
      <trkpt lat="47.457010" lon="10.759320"><ele>979</ele></trkpt>
      <trkpt lat="47.457273" lon="10.759295"><ele>984</ele></trkpt>
      <trkpt lat="47.458037" lon="10.759468"><ele>1002</ele></trkpt>
      <trkpt lat="47.458193" lon="10.759690"><ele>1007</ele></trkpt>
      <trkpt lat="47.458356" lon="10.759734"><ele>1012</ele></trkpt>
      <trkpt lat="47.458475" lon="10.759803"><ele>1016</ele></trkpt>
      <trkpt lat="47.458633" lon="10.759658"><ele>1022</ele></trkpt>
      <trkpt lat="47.458794" lon="10.759481"><ele>1030</ele></trkpt>
      <trkpt lat="47.458829" lon="10.759429"><ele>1031</ele></trkpt>
      <trkpt lat="47.458859" lon="10.759447"><ele>1032</ele></trkpt>
      <trkpt lat="47.458889" lon="10.759420"><ele>1034</ele></trkpt>
      <trkpt lat="47.458900" lon="10.759273"><ele>1035</ele></trkpt>
      <trkpt lat="47.458955" lon="10.759077"><ele>1039</ele></trkpt>
      <trkpt lat="47.459054" lon="10.759213"><ele>1044</ele></trkpt>
      <trkpt lat="47.459094" lon="10.759126"><ele>1046</ele></trkpt>
      <trkpt lat="47.459069" lon="10.758996"><ele>1047</ele></trkpt>
      <trkpt lat="47.459124" lon="10.758985"><ele>1050</ele></trkpt>
      <trkpt lat="47.459274" lon="10.759159"><ele>1055</ele></trkpt>
      <trkpt lat="47.459399" lon="10.758942"><ele>1065</ele></trkpt>
      <trkpt lat="47.459300" lon="10.758567"><ele>1068</ele></trkpt>
      <trkpt lat="47.459326" lon="10.758388"><ele>1075</ele></trkpt>
      <trkpt lat="47.459282" lon="10.758170"><ele>1081</ele></trkpt>
      <trkpt lat="47.459293" lon="10.757937"><ele>1088</ele></trkpt>
      <trkpt lat="47.459329" lon="10.757785"><ele>1093</ele></trkpt>
      <trkpt lat="47.459403" lon="10.757806"><ele>1096</ele></trkpt>
      <trkpt lat="47.459520" lon="10.757719"><ele>1104</ele></trkpt>
      <trkpt lat="47.459561" lon="10.757600"><ele>1107</ele></trkpt>
      <trkpt lat="47.459531" lon="10.757556"><ele>1106</ele></trkpt>
      <trkpt lat="47.459501" lon="10.757360"><ele>1106</ele></trkpt>
      <trkpt lat="47.459462" lon="10.755664"><ele>1115</ele></trkpt>
      <trkpt lat="47.459431" lon="10.755390"><ele>1115</ele></trkpt>
      <trkpt lat="47.459397" lon="10.755261"><ele>1115</ele></trkpt>
      <trkpt lat="47.459360" lon="10.755154"><ele>1116</ele></trkpt>
      <trkpt lat="47.459312" lon="10.755083"><ele>1116</ele></trkpt>
      <trkpt lat="47.459245" lon="10.755063"><ele>1116</ele></trkpt>
      <trkpt lat="47.459100" lon="10.755108"><ele>1114</ele></trkpt>
      <trkpt lat="47.458936" lon="10.755103"><ele>1113</ele></trkpt>
      <trkpt lat="47.458806" lon="10.755056"><ele>1114</ele></trkpt>
      <trkpt lat="47.458686" lon="10.754977"><ele>1115</ele></trkpt>
      <trkpt lat="47.458628" lon="10.754904"><ele>1114</ele></trkpt>
      <trkpt lat="47.458686" lon="10.754977"><ele>1115</ele></trkpt>
      <trkpt lat="47.458806" lon="10.755056"><ele>1114</ele></trkpt>
      <trkpt lat="47.458936" lon="10.755103"><ele>1113</ele></trkpt>
      <trkpt lat="47.459100" lon="10.755108"><ele>1114</ele></trkpt>
      <trkpt lat="47.459245" lon="10.755063"><ele>1116</ele></trkpt>
      <trkpt lat="47.459312" lon="10.755083"><ele>1116</ele></trkpt>
      <trkpt lat="47.459360" lon="10.755154"><ele>1116</ele></trkpt>
      <trkpt lat="47.459397" lon="10.755261"><ele>1115</ele></trkpt>
      <trkpt lat="47.459431" lon="10.755390"><ele>1115</ele></trkpt>
      <trkpt lat="47.459462" lon="10.755664"><ele>1115</ele></trkpt>
      <trkpt lat="47.459501" lon="10.757360"><ele>1106</ele></trkpt>
      <trkpt lat="47.459531" lon="10.757556"><ele>1106</ele></trkpt>
      <trkpt lat="47.459561" lon="10.757600"><ele>1107</ele></trkpt>
      <trkpt lat="47.459520" lon="10.757719"><ele>1104</ele></trkpt>
      <trkpt lat="47.459403" lon="10.757806"><ele>1096</ele></trkpt>
      <trkpt lat="47.459329" lon="10.757785"><ele>1093</ele></trkpt>
      <trkpt lat="47.459293" lon="10.757937"><ele>1088</ele></trkpt>
      <trkpt lat="47.459282" lon="10.758170"><ele>1081</ele></trkpt>
      <trkpt lat="47.459326" lon="10.758388"><ele>1075</ele></trkpt>
      <trkpt lat="47.459300" lon="10.758567"><ele>1068</ele></trkpt>
      <trkpt lat="47.459399" lon="10.758942"><ele>1065</ele></trkpt>
      <trkpt lat="47.459274" lon="10.759159"><ele>1055</ele></trkpt>
      <trkpt lat="47.459124" lon="10.758985"><ele>1050</ele></trkpt>
      <trkpt lat="47.459069" lon="10.758996"><ele>1047</ele></trkpt>
      <trkpt lat="47.459094" lon="10.759126"><ele>1046</ele></trkpt>
      <trkpt lat="47.459054" lon="10.759213"><ele>1044</ele></trkpt>
      <trkpt lat="47.458955" lon="10.759077"><ele>1039</ele></trkpt>
      <trkpt lat="47.458900" lon="10.759273"><ele>1035</ele></trkpt>
      <trkpt lat="47.458889" lon="10.759420"><ele>1034</ele></trkpt>
      <trkpt lat="47.458859" lon="10.759447"><ele>1032</ele></trkpt>
      <trkpt lat="47.458829" lon="10.759429"><ele>1031</ele></trkpt>
      <trkpt lat="47.458794" lon="10.759481"><ele>1030</ele></trkpt>
      <trkpt lat="47.458633" lon="10.759658"><ele>1022</ele></trkpt>
      <trkpt lat="47.458475" lon="10.759803"><ele>1016</ele></trkpt>
      <trkpt lat="47.458356" lon="10.759734"><ele>1012</ele></trkpt>
      <trkpt lat="47.458193" lon="10.759690"><ele>1007</ele></trkpt>
      <trkpt lat="47.458037" lon="10.759468"><ele>1002</ele></trkpt>
      <trkpt lat="47.457273" lon="10.759295"><ele>984</ele></trkpt>
      <trkpt lat="47.457010" lon="10.759320"><ele>979</ele></trkpt>
      <trkpt lat="47.456569" lon="10.759397"><ele>976</ele></trkpt>
      <trkpt lat="47.456467" lon="10.759416"><ele>976</ele></trkpt>
      <trkpt lat="47.456406" lon="10.759426"><ele>976</ele></trkpt>
      <trkpt lat="47.456291" lon="10.759446"><ele>976</ele></trkpt>
      <trkpt lat="47.456160" lon="10.759491"><ele>976</ele></trkpt>
      <trkpt lat="47.455994" lon="10.759582"><ele>976</ele></trkpt>
      <trkpt lat="47.455921" lon="10.759608"><ele>976</ele></trkpt>
      <trkpt lat="47.455829" lon="10.759608"><ele>976</ele></trkpt>
      <trkpt lat="47.455670" lon="10.759591"><ele>977</ele></trkpt>
      <trkpt lat="47.455571" lon="10.759550"><ele>977</ele></trkpt>
      <trkpt lat="47.455365" lon="10.759353"><ele>978</ele></trkpt>
      <trkpt lat="47.454893" lon="10.758474"><ele>978</ele></trkpt>
      <trkpt lat="47.454738" lon="10.758254"><ele>978</ele></trkpt>
      <trkpt lat="47.454650" lon="10.758131"><ele>978</ele></trkpt>
      <trkpt lat="47.454382" lon="10.757917"><ele>979</ele></trkpt>
      <trkpt lat="47.453006" lon="10.756823"><ele>980</ele></trkpt>
      <trkpt lat="47.452847" lon="10.756677"><ele>981</ele></trkpt>
      <trkpt lat="47.452527" lon="10.756313"><ele>981</ele></trkpt>
      <trkpt lat="47.452333" lon="10.756170"><ele>982</ele></trkpt>
      <trkpt lat="47.452063" lon="10.756024"><ele>982</ele></trkpt>
      <trkpt lat="47.451919" lon="10.755973"><ele>982</ele></trkpt>
      <trkpt lat="47.451713" lon="10.755914"><ele>982</ele></trkpt>
      <trkpt lat="47.451266" lon="10.755819"><ele>983</ele></trkpt>
      <trkpt lat="47.451005" lon="10.755737"><ele>983</ele></trkpt>
      <trkpt lat="47.450427" lon="10.755454"><ele>984</ele></trkpt>
      <trkpt lat="47.449889" lon="10.755277"><ele>985</ele></trkpt>
      <trkpt lat="47.449244" lon="10.754362"><ele>984</ele></trkpt>
      <trkpt lat="47.448927" lon="10.753844"><ele>984</ele></trkpt>
      <trkpt lat="47.448603" lon="10.753224"><ele>984</ele></trkpt>
      <trkpt lat="47.448468" lon="10.752943"><ele>984</ele></trkpt>
      <trkpt lat="47.448295" lon="10.752490"><ele>985</ele></trkpt>
      <trkpt lat="47.448150" lon="10.752066"><ele>985</ele></trkpt>
      <trkpt lat="47.447835" lon="10.751060"><ele>985</ele></trkpt>
      <trkpt lat="47.447762" lon="10.750768"><ele>985</ele></trkpt>
      <trkpt lat="47.447692" lon="10.750532"><ele>985</ele></trkpt>
      <trkpt lat="47.447633" lon="10.750288"><ele>985</ele></trkpt>
      <trkpt lat="47.447610" lon="10.750073"><ele>985</ele></trkpt>
      <trkpt lat="47.447572" lon="10.749595"><ele>986</ele></trkpt>
      <trkpt lat="47.447545" lon="10.749076"><ele>985</ele></trkpt>
      <trkpt lat="47.447538" lon="10.749025"><ele>985</ele></trkpt>
      <trkpt lat="47.447494" lon="10.748725"><ele>985</ele></trkpt>
      <trkpt lat="47.447362" lon="10.747928"><ele>984</ele></trkpt>
      <trkpt lat="47.447363" lon="10.747725"><ele>984</ele></trkpt>
      <trkpt lat="47.447365" lon="10.747596"><ele>984</ele></trkpt>
      <trkpt lat="47.447354" lon="10.747446"><ele>984</ele></trkpt>
      <trkpt lat="47.447313" lon="10.747341"><ele>984</ele></trkpt>
      <trkpt lat="47.447253" lon="10.747234"><ele>984</ele></trkpt>
      <trkpt lat="47.447004" lon="10.746977"><ele>985</ele></trkpt>
      <trkpt lat="47.447294" lon="10.746176"><ele>984</ele></trkpt>
      <trkpt lat="47.447376" lon="10.745947"><ele>984</ele></trkpt>
      <trkpt lat="47.447423" lon="10.745646"><ele>984</ele></trkpt>
      <trkpt lat="47.447430" lon="10.745274"><ele>984</ele></trkpt>
      <trkpt lat="47.447428" lon="10.745122"><ele>984</ele></trkpt>
      <trkpt lat="47.447452" lon="10.744864"><ele>984</ele></trkpt>
      <trkpt lat="47.447501" lon="10.744537"><ele>984</ele></trkpt>
      <trkpt lat="47.447541" lon="10.744412"><ele>984</ele></trkpt>
      <trkpt lat="47.447523" lon="10.744102"><ele>985</ele></trkpt>
      <trkpt lat="47.447578" lon="10.743938"><ele>986</ele></trkpt>
      <trkpt lat="47.447482" lon="10.743847"><ele>986</ele></trkpt>
      <trkpt lat="47.447516" lon="10.743737"><ele>986</ele></trkpt>
      <trkpt lat="47.447693" lon="10.743500"><ele>986</ele></trkpt>
      <trkpt lat="47.447862" lon="10.743174"><ele>987</ele></trkpt>
      <trkpt lat="47.447954" lon="10.743043"><ele>987</ele></trkpt>
      <trkpt lat="47.447986" lon="10.742989"><ele>987</ele></trkpt>
      <trkpt lat="47.448163" lon="10.742587"><ele>989</ele></trkpt>
      <trkpt lat="47.448246" lon="10.742411"><ele>990</ele></trkpt>
      <trkpt lat="47.448309" lon="10.742236"><ele>990</ele></trkpt>
      <trkpt lat="47.448382" lon="10.741997"><ele>991</ele></trkpt>
      <trkpt lat="47.448421" lon="10.741811"><ele>991</ele></trkpt>
      <trkpt lat="47.448454" lon="10.741603"><ele>992</ele></trkpt>
      <trkpt lat="47.448482" lon="10.741194"><ele>994</ele></trkpt>
      <trkpt lat="47.448496" lon="10.740965"><ele>994</ele></trkpt>
      <trkpt lat="47.448518" lon="10.740592"><ele>995</ele></trkpt>
      <trkpt lat="47.448558" lon="10.740071"><ele>997</ele></trkpt>
      <trkpt lat="47.448599" lon="10.739756"><ele>999</ele></trkpt>
      <trkpt lat="47.448708" lon="10.739207"><ele>1001</ele></trkpt>
      <trkpt lat="47.448793" lon="10.738892"><ele>1003</ele></trkpt>
      <trkpt lat="47.448795" lon="10.738651"><ele>1004</ele></trkpt>
      <trkpt lat="47.448866" lon="10.738474"><ele>1004</ele></trkpt>
      <trkpt lat="47.449038" lon="10.737882"><ele>1007</ele></trkpt>
      <trkpt lat="47.449803" lon="10.735211"><ele>1019</ele></trkpt>
      <trkpt lat="47.449938" lon="10.734809"><ele>1022</ele></trkpt>
      <trkpt lat="47.450008" lon="10.734583"><ele>1023</ele></trkpt>
      <trkpt lat="47.450037" lon="10.734460"><ele>1024</ele></trkpt>
      <trkpt lat="47.450101" lon="10.734298"><ele>1024</ele></trkpt>
      <trkpt lat="47.450157" lon="10.734202"><ele>1025</ele></trkpt>
      <trkpt lat="47.450320" lon="10.734018"><ele>1025</ele></trkpt>
      <trkpt lat="47.450595" lon="10.733558"><ele>1028</ele></trkpt>
      <trkpt lat="47.450625" lon="10.733482"><ele>1028</ele></trkpt>
      <trkpt lat="47.450647" lon="10.733380"><ele>1028</ele></trkpt>
      <trkpt lat="47.450665" lon="10.733223"><ele>1029</ele></trkpt>
      <trkpt lat="47.450665" lon="10.733162"><ele>1030</ele></trkpt>
      <trkpt lat="47.450662" lon="10.733087"><ele>1030</ele></trkpt>
      <trkpt lat="47.450696" lon="10.733024"><ele>1031</ele></trkpt>
      <trkpt lat="47.450686" lon="10.732926"><ele>1032</ele></trkpt>
      <trkpt lat="47.450657" lon="10.732709"><ele>1033</ele></trkpt>
      <trkpt lat="47.450640" lon="10.732598"><ele>1033</ele></trkpt>
      <trkpt lat="47.450631" lon="10.732541"><ele>1034</ele></trkpt>
      <trkpt lat="47.450565" lon="10.731747"><ele>1038</ele></trkpt>
      <trkpt lat="47.450451" lon="10.731488"><ele>1042</ele></trkpt>
      <trkpt lat="47.450161" lon="10.731141"><ele>1044</ele></trkpt>
      <trkpt lat="47.449886" lon="10.730849"><ele>1045</ele></trkpt>
      <trkpt lat="47.449887" lon="10.730765"><ele>1046</ele></trkpt>
      <trkpt lat="47.449929" lon="10.730710"><ele>1046</ele></trkpt>
      <trkpt lat="47.450011" lon="10.730729"><ele>1046</ele></trkpt>
      <trkpt lat="47.450176" lon="10.730847"><ele>1046</ele></trkpt>
      <trkpt lat="47.450527" lon="10.731252"><ele>1045</ele></trkpt>
      <trkpt lat="47.450688" lon="10.731345"><ele>1045</ele></trkpt>
      <trkpt lat="47.450921" lon="10.731338"><ele>1046</ele></trkpt>
      <trkpt lat="47.450985" lon="10.731319"><ele>1046</ele></trkpt>
      <trkpt lat="47.451184" lon="10.731410"><ele>1046</ele></trkpt>
      <trkpt lat="47.451271" lon="10.731418"><ele>1045</ele></trkpt>
      <trkpt lat="47.451597" lon="10.731252"><ele>1045</ele></trkpt>
      <trkpt lat="47.451929" lon="10.731020"><ele>1046</ele></trkpt>
      <trkpt lat="47.452801" lon="10.730364"><ele>1047</ele></trkpt>
      <trkpt lat="47.453012" lon="10.730138"><ele>1048</ele></trkpt>
      <trkpt lat="47.453115" lon="10.729990"><ele>1048</ele></trkpt>
      <trkpt lat="47.453198" lon="10.729836"><ele>1048</ele></trkpt>
      <trkpt lat="47.453347" lon="10.729476"><ele>1046</ele></trkpt>
      <trkpt lat="47.453464" lon="10.729120"><ele>1044</ele></trkpt>
      <trkpt lat="47.453728" lon="10.728469"><ele>1037</ele></trkpt>
      <trkpt lat="47.453878" lon="10.727897"><ele>1032</ele></trkpt>
      <trkpt lat="47.454045" lon="10.727475"><ele>1028</ele></trkpt>
      <trkpt lat="47.454926" lon="10.724965"><ele>1017</ele></trkpt>
      <trkpt lat="47.455108" lon="10.724786"><ele>1014</ele></trkpt>
      <trkpt lat="47.455558" lon="10.723605"><ele>1009</ele></trkpt>
      <trkpt lat="47.455602" lon="10.723097"><ele>1009</ele></trkpt>
      <trkpt lat="47.455579" lon="10.722697"><ele>1009</ele></trkpt>
      <trkpt lat="47.455663" lon="10.722273"><ele>1008</ele></trkpt>
      <trkpt lat="47.455707" lon="10.721406"><ele>1008</ele></trkpt>
      <trkpt lat="47.456035" lon="10.720831"><ele>1010</ele></trkpt>
      <trkpt lat="47.456812" lon="10.720366"><ele>1005</ele></trkpt>
      <trkpt lat="47.456927" lon="10.720073"><ele>1003</ele></trkpt>
      <trkpt lat="47.457096" lon="10.719607"><ele>1002</ele></trkpt>
      <trkpt lat="47.457175" lon="10.719476"><ele>1002</ele></trkpt>
      <trkpt lat="47.457558" lon="10.719640"><ele>1002</ele></trkpt>
      <trkpt lat="47.458036" lon="10.719939"><ele>1002</ele></trkpt>
      <trkpt lat="47.458133" lon="10.720025"><ele>1002</ele></trkpt>
      <trkpt lat="47.458328" lon="10.720089"><ele>1002</ele></trkpt>
      <trkpt lat="47.458471" lon="10.720169"><ele>1003</ele></trkpt>
      <trkpt lat="47.458720" lon="10.720351"><ele>1004</ele></trkpt>
      <trkpt lat="47.458915" lon="10.720425"><ele>1008</ele></trkpt>
      <trkpt lat="47.459131" lon="10.720492"><ele>1006</ele></trkpt>
      <trkpt lat="47.459271" lon="10.720503"><ele>1004</ele></trkpt>
      <trkpt lat="47.459295" lon="10.720443"><ele>1004</ele></trkpt>
      <trkpt lat="47.459301" lon="10.720301"><ele>1004</ele></trkpt>
      <trkpt lat="47.459215" lon="10.719531"><ele>1002</ele></trkpt>
      <trkpt lat="47.459206" lon="10.719303"><ele>1000</ele></trkpt>
      <trkpt lat="47.459195" lon="10.719073"><ele>995</ele></trkpt>
      <trkpt lat="47.459220" lon="10.718795"><ele>990</ele></trkpt>
      <trkpt lat="47.459175" lon="10.718737"><ele>988</ele></trkpt>
      <trkpt lat="47.459148" lon="10.718687"><ele>988</ele></trkpt>
      <trkpt lat="47.459128" lon="10.718628"><ele>988</ele></trkpt>
      <trkpt lat="47.459114" lon="10.718562"><ele>988</ele></trkpt>
      <trkpt lat="47.459112" lon="10.718498"><ele>987</ele></trkpt>
      <trkpt lat="47.459117" lon="10.718422"><ele>986</ele></trkpt>
      <trkpt lat="47.459161" lon="10.718214"><ele>982</ele></trkpt>
      <trkpt lat="47.459187" lon="10.717997"><ele>981</ele></trkpt>
      <trkpt lat="47.459193" lon="10.717852"><ele>979</ele></trkpt>
      <trkpt lat="47.459223" lon="10.717552"><ele>979</ele></trkpt>
      <trkpt lat="47.459226" lon="10.717466"><ele>978</ele></trkpt>
      <trkpt lat="47.459220" lon="10.717320"><ele>977</ele></trkpt>
      <trkpt lat="47.459164" lon="10.717014"><ele>969</ele></trkpt>
      <trkpt lat="47.459161" lon="10.716895"><ele>968</ele></trkpt>
      <trkpt lat="47.459178" lon="10.716603"><ele>964</ele></trkpt>
      <trkpt lat="47.459188" lon="10.716217"><ele>960</ele></trkpt>
      <trkpt lat="47.459227" lon="10.716045"><ele>958</ele></trkpt>
      <trkpt lat="47.459266" lon="10.715934"><ele>957</ele></trkpt>
      <trkpt lat="47.459329" lon="10.715835"><ele>956</ele></trkpt>
      <trkpt lat="47.459396" lon="10.715777"><ele>954</ele></trkpt>
      <trkpt lat="47.459475" lon="10.715765"><ele>953</ele></trkpt>
      <trkpt lat="47.459548" lon="10.715765"><ele>952</ele></trkpt>
      <trkpt lat="47.459738" lon="10.715778"><ele>950</ele></trkpt>
      <trkpt lat="47.459934" lon="10.715767"><ele>949</ele></trkpt>
      <trkpt lat="47.460022" lon="10.715764"><ele>948</ele></trkpt>
      <trkpt lat="47.460117" lon="10.715736"><ele>948</ele></trkpt>
      <trkpt lat="47.460903" lon="10.715350"><ele>947</ele></trkpt>
      <trkpt lat="47.461095" lon="10.715302"><ele>947</ele></trkpt>
      <trkpt lat="47.461144" lon="10.715297"><ele>947</ele></trkpt>
      <trkpt lat="47.461250" lon="10.715294"><ele>948</ele></trkpt>
      <trkpt lat="47.461366" lon="10.715313"><ele>948</ele></trkpt>
      <trkpt lat="47.461464" lon="10.715362"><ele>949</ele></trkpt>
      <trkpt lat="47.461725" lon="10.715583"><ele>950</ele></trkpt>
      <trkpt lat="47.461751" lon="10.715618"><ele>950</ele></trkpt>
      <trkpt lat="47.462385" lon="10.716448"><ele>949</ele></trkpt>
      <trkpt lat="47.462703" lon="10.716906"><ele>949</ele></trkpt>
      <trkpt lat="47.462907" lon="10.717177"><ele>948</ele></trkpt>
      <trkpt lat="47.463299" lon="10.717579"><ele>945</ele></trkpt>
      <trkpt lat="47.463636" lon="10.717984"><ele>946</ele></trkpt>
      <trkpt lat="47.463679" lon="10.718040"><ele>946</ele></trkpt>
      <trkpt lat="47.463801" lon="10.718201"><ele>946</ele></trkpt>
      <trkpt lat="47.463839" lon="10.718250"><ele>946</ele></trkpt>
      <trkpt lat="47.463914" lon="10.718400"><ele>946</ele></trkpt>
      <trkpt lat="47.463983" lon="10.718536"><ele>946</ele></trkpt>
      <trkpt lat="47.464006" lon="10.718582"><ele>946</ele></trkpt>
      <trkpt lat="47.464041" lon="10.718654"><ele>946</ele></trkpt>
      <trkpt lat="47.464120" lon="10.718820"><ele>945</ele></trkpt>
      <trkpt lat="47.464155" lon="10.718893"><ele>945</ele></trkpt>
      <trkpt lat="47.464171" lon="10.718930"><ele>945</ele></trkpt>
      <trkpt lat="47.464193" lon="10.718974"><ele>945</ele></trkpt>
      <trkpt lat="47.464254" lon="10.719099"><ele>945</ele></trkpt>
      <trkpt lat="47.464366" lon="10.719335"><ele>944</ele></trkpt>
      <trkpt lat="47.464396" lon="10.719383"><ele>944</ele></trkpt>
      <trkpt lat="47.464437" lon="10.719450"><ele>943</ele></trkpt>
      <trkpt lat="47.464480" lon="10.719521"><ele>944</ele></trkpt>
      <trkpt lat="47.464529" lon="10.719601"><ele>944</ele></trkpt>
      <trkpt lat="47.464571" lon="10.719670"><ele>944</ele></trkpt>
      <trkpt lat="47.464664" lon="10.719822"><ele>944</ele></trkpt>
      <trkpt lat="47.464786" lon="10.720021"><ele>944</ele></trkpt>
      <trkpt lat="47.464771" lon="10.720049"><ele>943</ele></trkpt>
      <trkpt lat="47.464763" lon="10.720083"><ele>943</ele></trkpt>
      <trkpt lat="47.464764" lon="10.720118"><ele>943</ele></trkpt>
      <trkpt lat="47.464773" lon="10.720151"><ele>943</ele></trkpt>
      <trkpt lat="47.464789" lon="10.720178"><ele>943</ele></trkpt>
      <trkpt lat="47.464810" lon="10.720195"><ele>943</ele></trkpt>
      <trkpt lat="47.464833" lon="10.720201"><ele>943</ele></trkpt>
      <trkpt lat="47.464857" lon="10.720195"><ele>943</ele></trkpt>
      <trkpt lat="47.464878" lon="10.720177"><ele>943</ele></trkpt>
      <trkpt lat="47.465028" lon="10.720397"><ele>943</ele></trkpt>
      <trkpt lat="47.465438" lon="10.721014"><ele>942</ele></trkpt>
      <trkpt lat="47.465886" lon="10.721751"><ele>942</ele></trkpt>
      <trkpt lat="47.465941" lon="10.721720"><ele>943</ele></trkpt>
      <trkpt lat="47.465979" lon="10.721736"><ele>943</ele></trkpt>
      <trkpt lat="47.466115" lon="10.721893"><ele>940</ele></trkpt>
      <trkpt lat="47.466161" lon="10.721934"><ele>940</ele></trkpt>
      <trkpt lat="47.466327" lon="10.722034"><ele>938</ele></trkpt>
      <trkpt lat="47.466519" lon="10.722114"><ele>938</ele></trkpt>
      <trkpt lat="47.466591" lon="10.722165"><ele>936</ele></trkpt>
      <trkpt lat="47.467135" lon="10.722495"><ele>931</ele></trkpt>
      <trkpt lat="47.467326" lon="10.722587"><ele>930</ele></trkpt>
      <trkpt lat="47.467542" lon="10.722660"><ele>928</ele></trkpt>
      <trkpt lat="47.467750" lon="10.722702"><ele>927</ele></trkpt>
      <trkpt lat="47.468007" lon="10.722717"><ele>927</ele></trkpt>
      <trkpt lat="47.468431" lon="10.722860"><ele>926</ele></trkpt>
      <trkpt lat="47.468712" lon="10.723139"><ele>924</ele></trkpt>
      <trkpt lat="47.470269" lon="10.724070"><ele>907</ele></trkpt>
      <trkpt lat="47.470845" lon="10.724315"><ele>900</ele></trkpt>
      <trkpt lat="47.470919" lon="10.724308"><ele>900</ele></trkpt>
      <trkpt lat="47.471151" lon="10.724145"><ele>895</ele></trkpt>
      <trkpt lat="47.471228" lon="10.724085"><ele>894</ele></trkpt>
      <trkpt lat="47.471437" lon="10.723933"><ele>889</ele></trkpt>
      <trkpt lat="47.471558" lon="10.723811"><ele>886</ele></trkpt>
      <trkpt lat="47.471719" lon="10.723633"><ele>882</ele></trkpt>
      <trkpt lat="47.471950" lon="10.723308"><ele>876</ele></trkpt>
      <trkpt lat="47.472013" lon="10.723137"><ele>873</ele></trkpt>
      <trkpt lat="47.472033" lon="10.722929"><ele>872</ele></trkpt>
      <trkpt lat="47.472076" lon="10.722688"><ele>870</ele></trkpt>
      <trkpt lat="47.472091" lon="10.722415"><ele>866</ele></trkpt>
      <trkpt lat="47.472095" lon="10.722086"><ele>864</ele></trkpt>
      <trkpt lat="47.472121" lon="10.721601"><ele>862</ele></trkpt>
      <trkpt lat="47.472145" lon="10.721488"><ele>861</ele></trkpt>
      <trkpt lat="47.472188" lon="10.721386"><ele>860</ele></trkpt>
      <trkpt lat="47.472232" lon="10.721310"><ele>858</ele></trkpt>
      <trkpt lat="47.472291" lon="10.721231"><ele>858</ele></trkpt>
      <trkpt lat="47.472364" lon="10.721159"><ele>857</ele></trkpt>
      <trkpt lat="47.472454" lon="10.721089"><ele>857</ele></trkpt>
      <trkpt lat="47.472530" lon="10.721051"><ele>856</ele></trkpt>
      <trkpt lat="47.472633" lon="10.721021"><ele>856</ele></trkpt>
      <trkpt lat="47.472773" lon="10.720998"><ele>856</ele></trkpt>
      <trkpt lat="47.472928" lon="10.720992"><ele>856</ele></trkpt>
      <trkpt lat="47.473063" lon="10.721003"><ele>856</ele></trkpt>
      <trkpt lat="47.473199" lon="10.721047"><ele>857</ele></trkpt>
      <trkpt lat="47.473298" lon="10.721126"><ele>857</ele></trkpt>
      <trkpt lat="47.473371" lon="10.721129"><ele>858</ele></trkpt>
      <trkpt lat="47.473440" lon="10.721229"><ele>858</ele></trkpt>
      <trkpt lat="47.473502" lon="10.721345"><ele>858</ele></trkpt>
      <trkpt lat="47.473786" lon="10.722080"><ele>859</ele></trkpt>
      <trkpt lat="47.473988" lon="10.722162"><ele>860</ele></trkpt>
      <trkpt lat="47.474679" lon="10.722906"><ele>863</ele></trkpt>
      <trkpt lat="47.475064" lon="10.723246"><ele>861</ele></trkpt>
      <trkpt lat="47.475412" lon="10.723419"><ele>860</ele></trkpt>
      <trkpt lat="47.475884" lon="10.723433"><ele>860</ele></trkpt>
      <trkpt lat="47.476605" lon="10.723274"><ele>858</ele></trkpt>
      <trkpt lat="47.476722" lon="10.723253"><ele>857</ele></trkpt>
      <trkpt lat="47.476839" lon="10.723222"><ele>856</ele></trkpt>
      <trkpt lat="47.476926" lon="10.723221"><ele>854</ele></trkpt>
      <trkpt lat="47.476980" lon="10.723207"><ele>854</ele></trkpt>
      <trkpt lat="47.477163" lon="10.723108"><ele>854</ele></trkpt>
      <trkpt lat="47.477335" lon="10.722981"><ele>854</ele></trkpt>
      <trkpt lat="47.478174" lon="10.722210"><ele>853</ele></trkpt>
      <trkpt lat="47.478918" lon="10.721529"><ele>853</ele></trkpt>
      <trkpt lat="47.478946" lon="10.721584"><ele>853</ele></trkpt>
      <trkpt lat="47.479319" lon="10.721294"><ele>853</ele></trkpt>
      <trkpt lat="47.479560" lon="10.721123"><ele>853</ele></trkpt>
      <trkpt lat="47.479711" lon="10.721035"><ele>853</ele></trkpt>
      <trkpt lat="47.479819" lon="10.720984"><ele>853</ele></trkpt>
      <trkpt lat="47.480191" lon="10.720853"><ele>852</ele></trkpt>
      <trkpt lat="47.480205" lon="10.720848"><ele>852</ele></trkpt>
      <trkpt lat="47.480408" lon="10.720778"><ele>852</ele></trkpt>
      <trkpt lat="47.480427" lon="10.720772"><ele>852</ele></trkpt>
      <trkpt lat="47.480588" lon="10.720725"><ele>852</ele></trkpt>
      <trkpt lat="47.480831" lon="10.720672"><ele>852</ele></trkpt>
      <trkpt lat="47.480918" lon="10.720656"><ele>852</ele></trkpt>
      <trkpt lat="47.481176" lon="10.720606"><ele>853</ele></trkpt>
      <trkpt lat="47.481458" lon="10.720554"><ele>853</ele></trkpt>
      <trkpt lat="47.481735" lon="10.720532"><ele>853</ele></trkpt>
      <trkpt lat="47.481773" lon="10.720532"><ele>853</ele></trkpt>
      <trkpt lat="47.481931" lon="10.720529"><ele>853</ele></trkpt>
      <trkpt lat="47.481960" lon="10.720529"><ele>853</ele></trkpt>
      <trkpt lat="47.482205" lon="10.720541"><ele>853</ele></trkpt>
      <trkpt lat="47.482440" lon="10.720578"><ele>853</ele></trkpt>
      <trkpt lat="47.482490" lon="10.720588"><ele>853</ele></trkpt>
      <trkpt lat="47.482579" lon="10.720610"><ele>853</ele></trkpt>
      <trkpt lat="47.482635" lon="10.720623"><ele>853</ele></trkpt>
      <trkpt lat="47.482931" lon="10.720718"><ele>852</ele></trkpt>
      <trkpt lat="47.483138" lon="10.720794"><ele>852</ele></trkpt>
      <trkpt lat="47.483281" lon="10.720850"><ele>852</ele></trkpt>
      <trkpt lat="47.483563" lon="10.720975"><ele>852</ele></trkpt>
      <trkpt lat="47.483672" lon="10.721023"><ele>852</ele></trkpt>
      <trkpt lat="47.483934" lon="10.721144"><ele>852</ele></trkpt>
      <trkpt lat="47.484026" lon="10.721206"><ele>852</ele></trkpt>
      <trkpt lat="47.484076" lon="10.721265"><ele>852</ele></trkpt>
      <trkpt lat="47.484115" lon="10.721313"><ele>852</ele></trkpt>
      <trkpt lat="47.484210" lon="10.721178"><ele>852</ele></trkpt>
      <trkpt lat="47.484318" lon="10.721060"><ele>852</ele></trkpt>
      <trkpt lat="47.484440" lon="10.720954"><ele>852</ele></trkpt>
      <trkpt lat="47.484604" lon="10.720840"><ele>852</ele></trkpt>
      <trkpt lat="47.484713" lon="10.720778"><ele>852</ele></trkpt>
      <trkpt lat="47.484761" lon="10.720758"><ele>852</ele></trkpt>
      <trkpt lat="47.484809" lon="10.720754"><ele>852</ele></trkpt>
      <trkpt lat="47.484884" lon="10.720761"><ele>852</ele></trkpt>
      <trkpt lat="47.484957" lon="10.720769"><ele>853</ele></trkpt>
      <trkpt lat="47.485212" lon="10.720856"><ele>853</ele></trkpt>
      <trkpt lat="47.485268" lon="10.720864"><ele>853</ele></trkpt>
      <trkpt lat="47.485327" lon="10.720855"><ele>853</ele></trkpt>
      <trkpt lat="47.485421" lon="10.720797"><ele>853</ele></trkpt>
      <trkpt lat="47.485741" lon="10.720434"><ele>853</ele></trkpt>
      <trkpt lat="47.486020" lon="10.720100"><ele>853</ele></trkpt>
      <trkpt lat="47.486254" lon="10.719883"><ele>853</ele></trkpt>
      <trkpt lat="47.486427" lon="10.719757"><ele>853</ele></trkpt>
      <trkpt lat="47.486379" lon="10.719598"><ele>853</ele></trkpt>
      <trkpt lat="47.486247" lon="10.719180"><ele>853</ele></trkpt>
      <trkpt lat="47.486106" lon="10.718751"><ele>853</ele></trkpt>
      <trkpt lat="47.486099" lon="10.718737"><ele>853</ele></trkpt>
      <trkpt lat="47.486048" lon="10.718587"><ele>853</ele></trkpt>
      <trkpt lat="47.486045" lon="10.718577"><ele>853</ele></trkpt>
      <trkpt lat="47.485987" lon="10.718414"><ele>853</ele></trkpt>
      <trkpt lat="47.485900" lon="10.718163"><ele>853</ele></trkpt>
      <trkpt lat="47.486014" lon="10.718085"><ele>853</ele></trkpt>
      <trkpt lat="47.486024" lon="10.718077"><ele>853</ele></trkpt>
    </trkseg></trk>
</gpx>
