<?xml version="1.0" encoding="UTF-8"?>
<gpx xmlns="http://www.topografix.com/GPX/1/1" xmlns:xsi="http://www.w3.org/2001/XMLSchema-instance" xsi:schemaLocation="http://www.topografix.com/GPX/1/1 http://www.topografix.com/GPX/1/1/gpx.xsd" version="1.1" creator="radtouren extract_tracks.py">
  <trk>
    <name>Timmelsjoch – Passeier – Dolomites 2017 2017-07-30</name>
    <trkseg>
      <trkpt lat="46.551101" lon="11.810805">
        <ele>2102.5</ele>
        <time>2017-07-30T09:24:40</time>
      </trkpt>
      <trkpt lat="46.551188" lon="11.810736">
        <ele>2102.4</ele>
        <time>2017-07-30T09:24:55</time>
      </trkpt>
      <trkpt lat="46.551282" lon="11.810733">
        <ele>2102.2</ele>
        <time>2017-07-30T09:24:56</time>
      </trkpt>
      <trkpt lat="46.551367" lon="11.810757">
        <ele>2102.0</ele>
        <time>2017-07-30T09:24:57</time>
      </trkpt>
      <trkpt lat="46.551513" lon="11.810822">
        <ele>2101.6</ele>
        <time>2017-07-30T09:24:59</time>
      </trkpt>
      <trkpt lat="46.551593" lon="11.810894">
        <ele>2101.1</ele>
        <time>2017-07-30T09:25:00</time>
      </trkpt>
      <trkpt lat="46.551666" lon="11.810974">
        <ele>2100.5</ele>
        <time>2017-07-30T09:25:01</time>
      </trkpt>
      <trkpt lat="46.551703" lon="11.811102">
        <ele>2099.7</ele>
        <time>2017-07-30T09:25:02</time>
      </trkpt>
      <trkpt lat="46.551753" lon="11.811227">
        <ele>2098.8</ele>
        <time>2017-07-30T09:25:03</time>
      </trkpt>
      <trkpt lat="46.551775" lon="11.811347">
        <ele>2097.9</ele>
        <time>2017-07-30T09:25:04</time>
      </trkpt>
      <trkpt lat="46.551755" lon="11.811486">
        <ele>2096.9</ele>
        <time>2017-07-30T09:25:05</time>
      </trkpt>
      <trkpt lat="46.551731" lon="11.811616">
        <ele>2096.0</ele>
        <time>2017-07-30T09:25:06</time>
      </trkpt>
      <trkpt lat="46.551723" lon="11.811759">
        <ele>2095.3</ele>
        <time>2017-07-30T09:25:07</time>
      </trkpt>
      <trkpt lat="46.551702" lon="11.811897">
        <ele>2094.6</ele>
        <time>2017-07-30T09:25:08</time>
      </trkpt>
      <trkpt lat="46.551698" lon="11.812023">
        <ele>2093.8</ele>
        <time>2017-07-30T09:25:09</time>
      </trkpt>
      <trkpt lat="46.551698" lon="11.812148">
        <ele>2093.0</ele>
        <time>2017-07-30T09:25:10</time>
      </trkpt>
      <trkpt lat="46.551705" lon="11.81227">
        <ele>2092.3</ele>
        <time>2017-07-30T09:25:11</time>
      </trkpt>
      <trkpt lat="46.551716" lon="11.812389">
        <ele>2091.5</ele>
        <time>2017-07-30T09:25:12</time>
      </trkpt>
      <trkpt lat="46.55167" lon="11.812603">
        <ele>2090.8</ele>
        <time>2017-07-30T09:25:14</time>
      </trkpt>
      <trkpt lat="46.551523" lon="11.812689">
        <ele>2090.0</ele>
        <time>2017-07-30T09:25:16</time>
      </trkpt>
      <trkpt lat="46.551445" lon="11.812647">
        <ele>2089.0</ele>
        <time>2017-07-30T09:25:17</time>
      </trkpt>
      <trkpt lat="46.551365" lon="11.812592">
        <ele>2087.7</ele>
        <time>2017-07-30T09:25:18</time>
      </trkpt>
      <trkpt lat="46.551242" lon="11.812492">
        <ele>2086.3</ele>
        <time>2017-07-30T09:25:20</time>
      </trkpt>
      <trkpt lat="46.551137" lon="11.812402">
        <ele>2084.5</ele>
        <time>2017-07-30T09:25:22</time>
      </trkpt>
      <trkpt lat="46.55103" lon="11.812308">
        <ele>2082.7</ele>
        <time>2017-07-30T09:25:24</time>
      </trkpt>
      <trkpt lat="46.550919" lon="11.812365">
        <ele>2081.2</ele>
        <time>2017-07-30T09:25:26</time>
      </trkpt>
      <trkpt lat="46.550816" lon="11.812485">
        <ele>2079.9</ele>
        <time>2017-07-30T09:25:28</time>
      </trkpt>
      <trkpt lat="46.550752" lon="11.812631">
        <ele>2078.6</ele>
        <time>2017-07-30T09:25:30</time>
      </trkpt>
      <trkpt lat="46.550729" lon="11.812751">
        <ele>2077.5</ele>
        <time>2017-07-30T09:25:31</time>
      </trkpt>
      <trkpt lat="46.550744" lon="11.81287">
        <ele>2076.5</ele>
        <time>2017-07-30T09:25:32</time>
      </trkpt>
      <trkpt lat="46.550801" lon="11.813028">
        <ele>2075.5</ele>
        <time>2017-07-30T09:25:33</time>
      </trkpt>
      <trkpt lat="46.550816" lon="11.813193">
        <ele>2074.5</ele>
        <time>2017-07-30T09:25:34</time>
      </trkpt>
      <trkpt lat="46.55081" lon="11.813345">
        <ele>2073.6</ele>
        <time>2017-07-30T09:25:35</time>
      </trkpt>
      <trkpt lat="46.550816" lon="11.813521">
        <ele>2072.5</ele>
        <time>2017-07-30T09:25:36</time>
      </trkpt>
      <trkpt lat="46.550808" lon="11.813707">
        <ele>2071.4</ele>
        <time>2017-07-30T09:25:37</time>
      </trkpt>
      <trkpt lat="46.550785" lon="11.813884">
        <ele>2070.2</ele>
        <time>2017-07-30T09:25:38</time>
      </trkpt>
      <trkpt lat="46.550754" lon="11.814056">
        <ele>2069.1</ele>
        <time>2017-07-30T09:25:39</time>
      </trkpt>
      <trkpt lat="46.550703" lon="11.814223">
        <ele>2068.0</ele>
        <time>2017-07-30T09:25:40</time>
      </trkpt>
      <trkpt lat="46.550655" lon="11.814401">
        <ele>2067.1</ele>
        <time>2017-07-30T09:25:41</time>
      </trkpt>
      <trkpt lat="46.550617" lon="11.814572">
        <ele>2066.3</ele>
        <time>2017-07-30T09:25:42</time>
      </trkpt>
      <trkpt lat="46.550632" lon="11.814764">
        <ele>2065.6</ele>
        <time>2017-07-30T09:25:43</time>
      </trkpt>
      <trkpt lat="46.550659" lon="11.814929">
        <ele>2065.2</ele>
        <time>2017-07-30T09:25:44</time>
      </trkpt>
      <trkpt lat="46.550691" lon="11.815077">
        <ele>2064.9</ele>
        <time>2017-07-30T09:25:45</time>
      </trkpt>
      <trkpt lat="46.550723" lon="11.815232">
        <ele>2064.9</ele>
        <time>2017-07-30T09:25:46</time>
      </trkpt>
      <trkpt lat="46.550757" lon="11.815341">
        <ele>2065.1</ele>
        <time>2017-07-30T09:25:47</time>
      </trkpt>
      <trkpt lat="46.550829" lon="11.815405">
        <ele>2065.3</ele>
        <time>2017-07-30T09:25:48</time>
      </trkpt>
      <trkpt lat="46.550904" lon="11.815499">
        <ele>2065.5</ele>
        <time>2017-07-30T09:25:49</time>
      </trkpt>
      <trkpt lat="46.550975" lon="11.815694">
        <ele>2065.5</ele>
        <time>2017-07-30T09:25:51</time>
      </trkpt>
      <trkpt lat="46.550984" lon="11.815815">
        <ele>2065.4</ele>
        <time>2017-07-30T09:25:52</time>
      </trkpt>
      <trkpt lat="46.550872" lon="11.815852">
        <ele>2064.9</ele>
        <time>2017-07-30T09:25:53</time>
      </trkpt>
      <trkpt lat="46.550759" lon="11.815855">
        <ele>2064.1</ele>
        <time>2017-07-30T09:25:55</time>
      </trkpt>
      <trkpt lat="46.55068" lon="11.815649">
        <ele>2063.0</ele>
        <time>2017-07-30T09:25:57</time>
      </trkpt>
      <trkpt lat="46.550681" lon="11.815508">
        <ele>2061.7</ele>
        <time>2017-07-30T09:25:58</time>
      </trkpt>
      <trkpt lat="46.55062" lon="11.815291">
        <ele>2060.4</ele>
        <time>2017-07-30T09:26:00</time>
      </trkpt>
      <trkpt lat="46.550555" lon="11.815217">
        <ele>2059.0</ele>
        <time>2017-07-30T09:26:01</time>
      </trkpt>
      <trkpt lat="46.550449" lon="11.815156">
        <ele>2057.7</ele>
        <time>2017-07-30T09:26:02</time>
      </trkpt>
      <trkpt lat="46.550393" lon="11.815068">
        <ele>2056.7</ele>
        <time>2017-07-30T09:26:03</time>
      </trkpt>
      <trkpt lat="46.550341" lon="11.814922">
        <ele>2055.9</ele>
        <time>2017-07-30T09:26:04</time>
      </trkpt>
      <trkpt lat="46.550315" lon="11.814785">
        <ele>2055.1</ele>
        <time>2017-07-30T09:26:05</time>
      </trkpt>
      <trkpt lat="46.550301" lon="11.814641">
        <ele>2054.5</ele>
        <time>2017-07-30T09:26:06</time>
      </trkpt>
      <trkpt lat="46.550245" lon="11.8145">
        <ele>2053.9</ele>
        <time>2017-07-30T09:26:07</time>
      </trkpt>
      <trkpt lat="46.550196" lon="11.814364">
        <ele>2053.6</ele>
        <time>2017-07-30T09:26:08</time>
      </trkpt>
      <trkpt lat="46.550166" lon="11.814189">
        <ele>2053.5</ele>
        <time>2017-07-30T09:26:09</time>
      </trkpt>
      <trkpt lat="46.550152" lon="11.81401">
        <ele>2053.5</ele>
        <time>2017-07-30T09:26:10</time>
      </trkpt>
      <trkpt lat="46.550126" lon="11.81383">
        <ele>2053.5</ele>
        <time>2017-07-30T09:26:11</time>
      </trkpt>
      <trkpt lat="46.550087" lon="11.813692">
        <ele>2053.5</ele>
        <time>2017-07-30T09:26:12</time>
      </trkpt>
      <trkpt lat="46.550064" lon="11.813536">
        <ele>2052.9</ele>
        <time>2017-07-30T09:26:13</time>
      </trkpt>
      <trkpt lat="46.550013" lon="11.813426">
        <ele>2052.4</ele>
        <time>2017-07-30T09:26:14</time>
      </trkpt>
      <trkpt lat="46.549927" lon="11.813334">
        <ele>2051.7</ele>
        <time>2017-07-30T09:26:15</time>
      </trkpt>
      <trkpt lat="46.549849" lon="11.813241">
        <ele>2051.0</ele>
        <time>2017-07-30T09:26:16</time>
      </trkpt>
      <trkpt lat="46.549742" lon="11.813211">
        <ele>2050.3</ele>
        <time>2017-07-30T09:26:17</time>
      </trkpt>
      <trkpt lat="46.549687" lon="11.813591">
        <ele>2049.5</ele>
        <time>2017-07-30T09:26:18</time>
      </trkpt>
      <trkpt lat="46.549603" lon="11.813663">
        <ele>2048.7</ele>
        <time>2017-07-30T09:26:19</time>
      </trkpt>
      <trkpt lat="46.549511" lon="11.813711">
        <ele>2047.7</ele>
        <time>2017-07-30T09:26:20</time>
      </trkpt>
      <trkpt lat="46.549409" lon="11.813745">
        <ele>2046.5</ele>
        <time>2017-07-30T09:26:21</time>
      </trkpt>
      <trkpt lat="46.549314" lon="11.813772">
        <ele>2045.3</ele>
        <time>2017-07-30T09:26:22</time>
      </trkpt>
      <trkpt lat="46.549233" lon="11.813792">
        <ele>2044.0</ele>
        <time>2017-07-30T09:26:23</time>
      </trkpt>
      <trkpt lat="46.549119" lon="11.813862">
        <ele>2043.4</ele>
        <time>2017-07-30T09:26:25</time>
      </trkpt>
      <trkpt lat="46.549101" lon="11.814052">
        <ele>2042.6</ele>
        <time>2017-07-30T09:26:27</time>
      </trkpt>
      <trkpt lat="46.549155" lon="11.814142">
        <ele>2041.8</ele>
        <time>2017-07-30T09:26:29</time>
      </trkpt>
      <trkpt lat="46.549288" lon="11.814192">
        <ele>2040.9</ele>
        <time>2017-07-30T09:26:31</time>
      </trkpt>
      <trkpt lat="46.549377" lon="11.814222">
        <ele>2039.9</ele>
        <time>2017-07-30T09:26:32</time>
      </trkpt>
      <trkpt lat="46.549446" lon="11.814304">
        <ele>2039.0</ele>
        <time>2017-07-30T09:26:33</time>
      </trkpt>
      <trkpt lat="46.549526" lon="11.814383">
        <ele>2038.1</ele>
        <time>2017-07-30T09:26:34</time>
      </trkpt>
      <trkpt lat="46.549587" lon="11.814485">
        <ele>2037.4</ele>
        <time>2017-07-30T09:26:35</time>
      </trkpt>
      <trkpt lat="46.54962" lon="11.814607">
        <ele>2036.6</ele>
        <time>2017-07-30T09:26:36</time>
      </trkpt>
      <trkpt lat="46.549663" lon="11.814738">
        <ele>2035.8</ele>
        <time>2017-07-30T09:26:37</time>
      </trkpt>
      <trkpt lat="46.549661" lon="11.814908">
        <ele>2034.5</ele>
        <time>2017-07-30T09:26:38</time>
      </trkpt>
      <trkpt lat="46.549658" lon="11.81506">
        <ele>2032.9</ele>
        <time>2017-07-30T09:26:39</time>
      </trkpt>
      <trkpt lat="46.549652" lon="11.815211">
        <ele>2031.3</ele>
        <time>2017-07-30T09:26:40</time>
      </trkpt>
      <trkpt lat="46.549615" lon="11.815339">
        <ele>2029.6</ele>
        <time>2017-07-30T09:26:41</time>
      </trkpt>
      <trkpt lat="46.549583" lon="11.815462">
        <ele>2028.2</ele>
        <time>2017-07-30T09:26:42</time>
      </trkpt>
      <trkpt lat="46.549512" lon="11.815682">
        <ele>2026.9</ele>
        <time>2017-07-30T09:26:44</time>
      </trkpt>
      <trkpt lat="46.549448" lon="11.815917">
        <ele>2025.6</ele>
        <time>2017-07-30T09:26:46</time>
      </trkpt>
      <trkpt lat="46.549397" lon="11.816028">
        <ele>2024.5</ele>
        <time>2017-07-30T09:26:47</time>
      </trkpt>
      <trkpt lat="46.549385" lon="11.816155">
        <ele>2023.3</ele>
        <time>2017-07-30T09:26:48</time>
      </trkpt>
      <trkpt lat="46.549385" lon="11.816297">
        <ele>2022.3</ele>
        <time>2017-07-30T09:26:49</time>
      </trkpt>
      <trkpt lat="46.549382" lon="11.816416">
        <ele>2021.5</ele>
        <time>2017-07-30T09:26:50</time>
      </trkpt>
      <trkpt lat="46.549389" lon="11.81657">
        <ele>2021.1</ele>
        <time>2017-07-30T09:26:51</time>
      </trkpt>
      <trkpt lat="46.549405" lon="11.816697">
        <ele>2021.0</ele>
        <time>2017-07-30T09:26:52</time>
      </trkpt>
      <trkpt lat="46.549426" lon="11.816816">
        <ele>2020.7</ele>
        <time>2017-07-30T09:26:53</time>
      </trkpt>
      <trkpt lat="46.549484" lon="11.817029">
        <ele>2020.5</ele>
        <time>2017-07-30T09:26:55</time>
      </trkpt>
      <trkpt lat="46.54955" lon="11.817223">
        <ele>2020.2</ele>
        <time>2017-07-30T09:26:57</time>
      </trkpt>
      <trkpt lat="46.54958" lon="11.81735">
        <ele>2019.8</ele>
        <time>2017-07-30T09:26:59</time>
      </trkpt>
      <trkpt lat="46.549586" lon="11.817472">
        <ele>2019.5</ele>
        <time>2017-07-30T09:27:01</time>
      </trkpt>
      <trkpt lat="46.549472" lon="11.817532">
        <ele>2019.0</ele>
        <time>2017-07-30T09:27:04</time>
      </trkpt>
      <trkpt lat="46.549396" lon="11.817368">
        <ele>2018.5</ele>
        <time>2017-07-30T09:27:06</time>
      </trkpt>
      <trkpt lat="46.549343" lon="11.817163">
        <ele>2017.8</ele>
        <time>2017-07-30T09:27:08</time>
      </trkpt>
      <trkpt lat="46.549303" lon="11.817049">
        <ele>2017.1</ele>
        <time>2017-07-30T09:27:09</time>
      </trkpt>
      <trkpt lat="46.54925" lon="11.816907">
        <ele>2016.2</ele>
        <time>2017-07-30T09:27:10</time>
      </trkpt>
      <trkpt lat="46.549201" lon="11.816767">
        <ele>2015.3</ele>
        <time>2017-07-30T09:27:11</time>
      </trkpt>
      <trkpt lat="46.549137" lon="11.816645">
        <ele>2014.5</ele>
        <time>2017-07-30T09:27:12</time>
      </trkpt>
      <trkpt lat="46.549088" lon="11.816521">
        <ele>2013.8</ele>
        <time>2017-07-30T09:27:13</time>
      </trkpt>
      <trkpt lat="46.549021" lon="11.816326">
        <ele>2013.0</ele>
        <time>2017-07-30T09:27:15</time>
      </trkpt>
      <trkpt lat="46.548935" lon="11.816211">
        <ele>2012.0</ele>
        <time>2017-07-30T09:27:17</time>
      </trkpt>
      <trkpt lat="46.548833" lon="11.816266">
        <ele>2010.7</ele>
        <time>2017-07-30T09:27:19</time>
      </trkpt>
      <trkpt lat="46.548841" lon="11.816469">
        <ele>2009.5</ele>
        <time>2017-07-30T09:27:21</time>
      </trkpt>
      <trkpt lat="46.54883" lon="11.816739">
        <ele>2008.3</ele>
        <time>2017-07-30T09:27:23</time>
      </trkpt>
      <trkpt lat="46.548812" lon="11.816871">
        <ele>2007.2</ele>
        <time>2017-07-30T09:27:24</time>
      </trkpt>
      <trkpt lat="46.548786" lon="11.817013">
        <ele>2006.1</ele>
        <time>2017-07-30T09:27:25</time>
      </trkpt>
      <trkpt lat="46.548756" lon="11.817156">
        <ele>2005.3</ele>
        <time>2017-07-30T09:27:26</time>
      </trkpt>
      <trkpt lat="46.548765" lon="11.817304">
        <ele>2004.6</ele>
        <time>2017-07-30T09:27:27</time>
      </trkpt>
      <trkpt lat="46.548809" lon="11.817454">
        <ele>2004.1</ele>
        <time>2017-07-30T09:27:28</time>
      </trkpt>
      <trkpt lat="46.548851" lon="11.817587">
        <ele>2003.6</ele>
        <time>2017-07-30T09:27:29</time>
      </trkpt>
      <trkpt lat="46.548891" lon="11.817713">
        <ele>2003.1</ele>
        <time>2017-07-30T09:27:30</time>
      </trkpt>
      <trkpt lat="46.548932" lon="11.817846">
        <ele>2002.5</ele>
        <time>2017-07-30T09:27:31</time>
      </trkpt>
      <trkpt lat="46.548953" lon="11.817977">
        <ele>2002.1</ele>
        <time>2017-07-30T09:27:32</time>
      </trkpt>
      <trkpt lat="46.54893" lon="11.818135">
        <ele>2001.5</ele>
        <time>2017-07-30T09:27:33</time>
      </trkpt>
      <trkpt lat="46.548912" lon="11.818288">
        <ele>2000.7</ele>
        <time>2017-07-30T09:27:34</time>
      </trkpt>
      <trkpt lat="46.548867" lon="11.818437">
        <ele>1999.8</ele>
        <time>2017-07-30T09:27:35</time>
      </trkpt>
      <trkpt lat="46.548819" lon="11.818569">
        <ele>1998.8</ele>
        <time>2017-07-30T09:27:36</time>
      </trkpt>
      <trkpt lat="46.548766" lon="11.818699">
        <ele>1997.6</ele>
        <time>2017-07-30T09:27:37</time>
      </trkpt>
      <trkpt lat="46.548713" lon="11.818816">
        <ele>1996.3</ele>
        <time>2017-07-30T09:27:38</time>
      </trkpt>
      <trkpt lat="46.548681" lon="11.818947">
        <ele>1995.0</ele>
        <time>2017-07-30T09:27:39</time>
      </trkpt>
      <trkpt lat="46.548694" lon="11.819081">
        <ele>1993.8</ele>
        <time>2017-07-30T09:27:40</time>
      </trkpt>
      <trkpt lat="46.548741" lon="11.819202">
        <ele>1992.8</ele>
        <time>2017-07-30T09:27:41</time>
      </trkpt>
      <trkpt lat="46.548807" lon="11.819308">
        <ele>1992.0</ele>
        <time>2017-07-30T09:27:42</time>
      </trkpt>
      <trkpt lat="46.548878" lon="11.819405">
        <ele>1991.3</ele>
        <time>2017-07-30T09:27:43</time>
      </trkpt>
      <trkpt lat="46.548948" lon="11.81949">
        <ele>1990.7</ele>
        <time>2017-07-30T09:27:44</time>
      </trkpt>
      <trkpt lat="46.549015" lon="11.819578">
        <ele>1990.1</ele>
        <time>2017-07-30T09:27:45</time>
      </trkpt>
      <trkpt lat="46.549081" lon="11.819655">
        <ele>1989.5</ele>
        <time>2017-07-30T09:27:46</time>
      </trkpt>
      <trkpt lat="46.549143" lon="11.819753">
        <ele>1988.7</ele>
        <time>2017-07-30T09:27:47</time>
      </trkpt>
      <trkpt lat="46.549153" lon="11.819893">
        <ele>1988.0</ele>
        <time>2017-07-30T09:27:48</time>
      </trkpt>
      <trkpt lat="46.54916" lon="11.820028">
        <ele>1987.3</ele>
        <time>2017-07-30T09:27:49</time>
      </trkpt>
      <trkpt lat="46.54917" lon="11.820158">
        <ele>1986.7</ele>
        <time>2017-07-30T09:27:50</time>
      </trkpt>
      <trkpt lat="46.549128" lon="11.8203">
        <ele>1986.3</ele>
        <time>2017-07-30T09:27:51</time>
      </trkpt>
      <trkpt lat="46.549145" lon="11.82043">
        <ele>1985.9</ele>
        <time>2017-07-30T09:27:52</time>
      </trkpt>
      <trkpt lat="46.549184" lon="11.820545">
        <ele>1985.5</ele>
        <time>2017-07-30T09:27:53</time>
      </trkpt>
      <trkpt lat="46.549249" lon="11.820632">
        <ele>1985.0</ele>
        <time>2017-07-30T09:27:54</time>
      </trkpt>
      <trkpt lat="46.549417" lon="11.820698">
        <ele>1984.2</ele>
        <time>2017-07-30T09:27:56</time>
      </trkpt>
      <trkpt lat="46.549522" lon="11.820713">
        <ele>1983.4</ele>
        <time>2017-07-30T09:27:57</time>
      </trkpt>
      <trkpt lat="46.549645" lon="11.820789">
        <ele>1982.5</ele>
        <time>2017-07-30T09:27:59</time>
      </trkpt>
      <trkpt lat="46.549729" lon="11.820939">
        <ele>1981.5</ele>
        <time>2017-07-30T09:28:01</time>
      </trkpt>
      <trkpt lat="46.549688" lon="11.821078">
        <ele>1980.3</ele>
        <time>2017-07-30T09:28:03</time>
      </trkpt>
      <trkpt lat="46.549532" lon="11.821092">
        <ele>1979.1</ele>
        <time>2017-07-30T09:28:05</time>
      </trkpt>
      <trkpt lat="46.549448" lon="11.821079">
        <ele>1977.6</ele>
        <time>2017-07-30T09:28:06</time>
      </trkpt>
      <trkpt lat="46.549355" lon="11.821085">
        <ele>1975.9</ele>
        <time>2017-07-30T09:28:07</time>
      </trkpt>
      <trkpt lat="46.549265" lon="11.821122">
        <ele>1974.2</ele>
        <time>2017-07-30T09:28:08</time>
      </trkpt>
      <trkpt lat="46.549173" lon="11.821157">
        <ele>1972.5</ele>
        <time>2017-07-30T09:28:09</time>
      </trkpt>
      <trkpt lat="46.549075" lon="11.821168">
        <ele>1971.2</ele>
        <time>2017-07-30T09:28:10</time>
      </trkpt>
      <trkpt lat="46.548971" lon="11.821128">
        <ele>1970.2</ele>
        <time>2017-07-30T09:28:11</time>
      </trkpt>
      <trkpt lat="46.54887" lon="11.821094">
        <ele>1969.4</ele>
        <time>2017-07-30T09:28:12</time>
      </trkpt>
      <trkpt lat="46.548778" lon="11.821006">
        <ele>1968.8</ele>
        <time>2017-07-30T09:28:13</time>
      </trkpt>
      <trkpt lat="46.548686" lon="11.820917">
        <ele>1968.4</ele>
        <time>2017-07-30T09:28:14</time>
      </trkpt>
      <trkpt lat="46.548604" lon="11.820848">
        <ele>1968.0</ele>
        <time>2017-07-30T09:28:15</time>
      </trkpt>
      <trkpt lat="46.548513" lon="11.820799">
        <ele>1967.5</ele>
        <time>2017-07-30T09:28:16</time>
      </trkpt>
      <trkpt lat="46.548412" lon="11.820781">
        <ele>1966.7</ele>
        <time>2017-07-30T09:28:17</time>
      </trkpt>
      <trkpt lat="46.548316" lon="11.820794">
        <ele>1966.0</ele>
        <time>2017-07-30T09:28:18</time>
      </trkpt>
      <trkpt lat="46.548226" lon="11.820857">
        <ele>1965.1</ele>
        <time>2017-07-30T09:28:19</time>
      </trkpt>
      <trkpt lat="46.54813" lon="11.820923">
        <ele>1964.0</ele>
        <time>2017-07-30T09:28:20</time>
      </trkpt>
      <trkpt lat="46.54803" lon="11.820993">
        <ele>1962.7</ele>
        <time>2017-07-30T09:28:21</time>
      </trkpt>
      <trkpt lat="46.547933" lon="11.821069">
        <ele>1961.3</ele>
        <time>2017-07-30T09:28:22</time>
      </trkpt>
      <trkpt lat="46.547844" lon="11.821133">
        <ele>1959.7</ele>
        <time>2017-07-30T09:28:23</time>
      </trkpt>
      <trkpt lat="46.547752" lon="11.821178">
        <ele>1958.2</ele>
        <time>2017-07-30T09:28:24</time>
      </trkpt>
      <trkpt lat="46.547664" lon="11.821218">
        <ele>1956.8</ele>
        <time>2017-07-30T09:28:25</time>
      </trkpt>
      <trkpt lat="46.547534" lon="11.821355">
        <ele>1955.5</ele>
        <time>2017-07-30T09:28:27</time>
      </trkpt>
      <trkpt lat="46.547554" lon="11.821477">
        <ele>1954.7</ele>
        <time>2017-07-30T09:28:28</time>
      </trkpt>
      <trkpt lat="46.547621" lon="11.821599">
        <ele>1954.2</ele>
        <time>2017-07-30T09:28:30</time>
      </trkpt>
      <trkpt lat="46.547739" lon="11.821651">
        <ele>1953.8</ele>
        <time>2017-07-30T09:28:32</time>
      </trkpt>
      <trkpt lat="46.547848" lon="11.821645">
        <ele>1953.6</ele>
        <time>2017-07-30T09:28:33</time>
      </trkpt>
      <trkpt lat="46.548007" lon="11.821642">
        <ele>1953.7</ele>
        <time>2017-07-30T09:28:35</time>
      </trkpt>
      <trkpt lat="46.548176" lon="11.821652">
        <ele>1953.9</ele>
        <time>2017-07-30T09:28:37</time>
      </trkpt>
      <trkpt lat="46.548272" lon="11.821644">
        <ele>1954.3</ele>
        <time>2017-07-30T09:28:38</time>
      </trkpt>
      <trkpt lat="46.548365" lon="11.821643">
        <ele>1954.6</ele>
        <time>2017-07-30T09:28:39</time>
      </trkpt>
      <trkpt lat="46.548475" lon="11.821652">
        <ele>1954.8</ele>
        <time>2017-07-30T09:28:40</time>
      </trkpt>
      <trkpt lat="46.54858" lon="11.821665">
        <ele>1954.9</ele>
        <time>2017-07-30T09:28:41</time>
      </trkpt>
      <trkpt lat="46.548702" lon="11.821715">
        <ele>1954.9</ele>
        <time>2017-07-30T09:28:42</time>
      </trkpt>
      <trkpt lat="46.548816" lon="11.821765">
        <ele>1954.7</ele>
        <time>2017-07-30T09:28:43</time>
      </trkpt>
      <trkpt lat="46.54889" lon="11.821874">
        <ele>1954.5</ele>
        <time>2017-07-30T09:28:44</time>
      </trkpt>
      <trkpt lat="46.548954" lon="11.821968">
        <ele>1953.9</ele>
        <time>2017-07-30T09:28:45</time>
      </trkpt>
      <trkpt lat="46.549032" lon="11.822058">
        <ele>1953.1</ele>
        <time>2017-07-30T09:28:46</time>
      </trkpt>
      <trkpt lat="46.549121" lon="11.822131">
        <ele>1952.1</ele>
        <time>2017-07-30T09:28:47</time>
      </trkpt>
      <trkpt lat="46.549204" lon="11.822177">
        <ele>1951.0</ele>
        <time>2017-07-30T09:28:48</time>
      </trkpt>
      <trkpt lat="46.549295" lon="11.822237">
        <ele>1949.7</ele>
        <time>2017-07-30T09:28:49</time>
      </trkpt>
      <trkpt lat="46.549318" lon="11.822353">
        <ele>1948.5</ele>
        <time>2017-07-30T09:28:51</time>
      </trkpt>
      <trkpt lat="46.54928" lon="11.822457">
        <ele>1947.2</ele>
        <time>2017-07-30T09:28:53</time>
      </trkpt>
      <trkpt lat="46.549172" lon="11.822413">
        <ele>1945.9</ele>
        <time>2017-07-30T09:28:54</time>
      </trkpt>
      <trkpt lat="46.549089" lon="11.8224">
        <ele>1944.8</ele>
        <time>2017-07-30T09:28:55</time>
      </trkpt>
      <trkpt lat="46.548927" lon="11.822393">
        <ele>1943.7</ele>
        <time>2017-07-30T09:28:57</time>
      </trkpt>
      <trkpt lat="46.548837" lon="11.822396">
        <ele>1942.6</ele>
        <time>2017-07-30T09:28:58</time>
      </trkpt>
      <trkpt lat="46.548752" lon="11.822397">
        <ele>1941.7</ele>
        <time>2017-07-30T09:28:59</time>
      </trkpt>
      <trkpt lat="46.548664" lon="11.822392">
        <ele>1941.0</ele>
        <time>2017-07-30T09:29:00</time>
      </trkpt>
      <trkpt lat="46.548574" lon="11.822365">
        <ele>1940.3</ele>
        <time>2017-07-30T09:29:01</time>
      </trkpt>
      <trkpt lat="46.548487" lon="11.822339">
        <ele>1939.6</ele>
        <time>2017-07-30T09:29:02</time>
      </trkpt>
      <trkpt lat="46.548403" lon="11.822314">
        <ele>1939.1</ele>
        <time>2017-07-30T09:29:03</time>
      </trkpt>
      <trkpt lat="46.548318" lon="11.822273">
        <ele>1938.5</ele>
        <time>2017-07-30T09:29:04</time>
      </trkpt>
      <trkpt lat="46.548237" lon="11.822267">
        <ele>1938.1</ele>
        <time>2017-07-30T09:29:05</time>
      </trkpt>
      <trkpt lat="46.548153" lon="11.822286">
        <ele>1937.5</ele>
        <time>2017-07-30T09:29:06</time>
      </trkpt>
      <trkpt lat="46.548073" lon="11.822352">
        <ele>1936.6</ele>
        <time>2017-07-30T09:29:07</time>
      </trkpt>
      <trkpt lat="46.548005" lon="11.822429">
        <ele>1935.8</ele>
        <time>2017-07-30T09:29:08</time>
      </trkpt>
      <trkpt lat="46.547935" lon="11.822521">
        <ele>1935.2</ele>
        <time>2017-07-30T09:29:09</time>
      </trkpt>
      <trkpt lat="46.547866" lon="11.82261">
        <ele>1934.5</ele>
        <time>2017-07-30T09:29:10</time>
      </trkpt>
      <trkpt lat="46.547753" lon="11.822747">
        <ele>1933.8</ele>
        <time>2017-07-30T09:29:12</time>
      </trkpt>
      <trkpt lat="46.547762" lon="11.8229">
        <ele>1933.0</ele>
        <time>2017-07-30T09:29:14</time>
      </trkpt>
      <trkpt lat="46.54785" lon="11.822985">
        <ele>1932.1</ele>
        <time>2017-07-30T09:29:16</time>
      </trkpt>
      <trkpt lat="46.548007" lon="11.822908">
        <ele>1931.2</ele>
        <time>2017-07-30T09:29:18</time>
      </trkpt>
      <trkpt lat="46.548115" lon="11.822832">
        <ele>1930.3</ele>
        <time>2017-07-30T09:29:19</time>
      </trkpt>
      <trkpt lat="46.548212" lon="11.822865">
        <ele>1929.5</ele>
        <time>2017-07-30T09:29:20</time>
      </trkpt>
      <trkpt lat="46.548295" lon="11.822914">
        <ele>1928.8</ele>
        <time>2017-07-30T09:29:21</time>
      </trkpt>
      <trkpt lat="46.548365" lon="11.82301">
        <ele>1928.4</ele>
        <time>2017-07-30T09:29:22</time>
      </trkpt>
      <trkpt lat="46.548429" lon="11.823101">
        <ele>1927.8</ele>
        <time>2017-07-30T09:29:23</time>
      </trkpt>
      <trkpt lat="46.548528" lon="11.823127">
        <ele>1927.2</ele>
        <time>2017-07-30T09:29:24</time>
      </trkpt>
      <trkpt lat="46.548617" lon="11.823168">
        <ele>1926.5</ele>
        <time>2017-07-30T09:29:25</time>
      </trkpt>
      <trkpt lat="46.548701" lon="11.823182">
        <ele>1925.7</ele>
        <time>2017-07-30T09:29:26</time>
      </trkpt>
      <trkpt lat="46.548792" lon="11.823167">
        <ele>1925.0</ele>
        <time>2017-07-30T09:29:27</time>
      </trkpt>
      <trkpt lat="46.548887" lon="11.823173">
        <ele>1924.4</ele>
        <time>2017-07-30T09:29:28</time>
      </trkpt>
      <trkpt lat="46.548975" lon="11.823198">
        <ele>1923.5</ele>
        <time>2017-07-30T09:29:29</time>
      </trkpt>
      <trkpt lat="46.549056" lon="11.82327">
        <ele>1922.6</ele>
        <time>2017-07-30T09:29:30</time>
      </trkpt>
      <trkpt lat="46.549141" lon="11.823361">
        <ele>1921.6</ele>
        <time>2017-07-30T09:29:31</time>
      </trkpt>
      <trkpt lat="46.549204" lon="11.823448">
        <ele>1920.9</ele>
        <time>2017-07-30T09:29:32</time>
      </trkpt>
      <trkpt lat="46.549241" lon="11.823569">
        <ele>1920.3</ele>
        <time>2017-07-30T09:29:33</time>
      </trkpt>
      <trkpt lat="46.549267" lon="11.823741">
        <ele>1919.7</ele>
        <time>2017-07-30T09:29:35</time>
      </trkpt>
      <trkpt lat="46.549238" lon="11.823891">
        <ele>1919.2</ele>
        <time>2017-07-30T09:29:37</time>
      </trkpt>
      <trkpt lat="46.54914" lon="11.823844">
        <ele>1918.7</ele>
        <time>2017-07-30T09:29:39</time>
      </trkpt>
      <trkpt lat="46.549048" lon="11.823705">
        <ele>1918.3</ele>
        <time>2017-07-30T09:29:41</time>
      </trkpt>
      <trkpt lat="46.548932" lon="11.8236">
        <ele>1917.9</ele>
        <time>2017-07-30T09:29:43</time>
      </trkpt>
      <trkpt lat="46.548852" lon="11.823558">
        <ele>1917.5</ele>
        <time>2017-07-30T09:29:44</time>
      </trkpt>
      <trkpt lat="46.54868" lon="11.823537">
        <ele>1917.0</ele>
        <time>2017-07-30T09:29:46</time>
      </trkpt>
      <trkpt lat="46.548598" lon="11.823574">
        <ele>1916.7</ele>
        <time>2017-07-30T09:29:47</time>
      </trkpt>
      <trkpt lat="46.548515" lon="11.823616">
        <ele>1916.5</ele>
        <time>2017-07-30T09:29:48</time>
      </trkpt>
      <trkpt lat="46.548382" lon="11.823698">
        <ele>1915.8</ele>
        <time>2017-07-30T09:29:50</time>
      </trkpt>
      <trkpt lat="46.548265" lon="11.823781">
        <ele>1915.0</ele>
        <time>2017-07-30T09:29:52</time>
      </trkpt>
      <trkpt lat="46.548229" lon="11.823924">
        <ele>1914.1</ele>
        <time>2017-07-30T09:29:54</time>
      </trkpt>
      <trkpt lat="46.548321" lon="11.823998">
        <ele>1912.9</ele>
        <time>2017-07-30T09:29:56</time>
      </trkpt>
      <trkpt lat="46.54847" lon="11.824041">
        <ele>1911.5</ele>
        <time>2017-07-30T09:29:58</time>
      </trkpt>
      <trkpt lat="46.548562" lon="11.824083">
        <ele>1909.8</ele>
        <time>2017-07-30T09:29:59</time>
      </trkpt>
      <trkpt lat="46.548638" lon="11.824133">
        <ele>1908.2</ele>
        <time>2017-07-30T09:30:00</time>
      </trkpt>
      <trkpt lat="46.54872" lon="11.824222">
        <ele>1906.8</ele>
        <time>2017-07-30T09:30:01</time>
      </trkpt>
      <trkpt lat="46.548807" lon="11.824313">
        <ele>1905.6</ele>
        <time>2017-07-30T09:30:02</time>
      </trkpt>
      <trkpt lat="46.548925" lon="11.824478">
        <ele>1904.8</ele>
        <time>2017-07-30T09:30:04</time>
      </trkpt>
      <trkpt lat="46.549049" lon="11.824623">
        <ele>1904.3</ele>
        <time>2017-07-30T09:30:06</time>
      </trkpt>
      <trkpt lat="46.549258" lon="11.82462">
        <ele>1903.8</ele>
        <time>2017-07-30T09:30:08</time>
      </trkpt>
      <trkpt lat="46.549348" lon="11.824582">
        <ele>1903.5</ele>
        <time>2017-07-30T09:30:09</time>
      </trkpt>
      <trkpt lat="46.549443" lon="11.824569">
        <ele>1903.1</ele>
        <time>2017-07-30T09:30:10</time>
      </trkpt>
      <trkpt lat="46.549573" lon="11.824554">
        <ele>1902.8</ele>
        <time>2017-07-30T09:30:12</time>
      </trkpt>
      <trkpt lat="46.549676" lon="11.82459">
        <ele>1903.1</ele>
        <time>2017-07-30T09:30:13</time>
      </trkpt>
      <trkpt lat="46.549739" lon="11.824674">
        <ele>1903.8</ele>
        <time>2017-07-30T09:30:14</time>
      </trkpt>
      <trkpt lat="46.549799" lon="11.824777">
        <ele>1904.5</ele>
        <time>2017-07-30T09:30:15</time>
      </trkpt>
      <trkpt lat="46.549796" lon="11.824916">
        <ele>1905.1</ele>
        <time>2017-07-30T09:30:16</time>
      </trkpt>
      <trkpt lat="46.549807" lon="11.825042">
        <ele>1906.1</ele>
        <time>2017-07-30T09:30:17</time>
      </trkpt>
      <trkpt lat="46.549866" lon="11.825227">
        <ele>1906.6</ele>
        <time>2017-07-30T09:30:18</time>
      </trkpt>
      <trkpt lat="46.549936" lon="11.82537">
        <ele>1906.7</ele>
        <time>2017-07-30T09:30:19</time>
      </trkpt>
      <trkpt lat="46.549955" lon="11.825522">
        <ele>1906.5</ele>
        <time>2017-07-30T09:30:20</time>
      </trkpt>
      <trkpt lat="46.549983" lon="11.825693">
        <ele>1905.6</ele>
        <time>2017-07-30T09:30:21</time>
      </trkpt>
      <trkpt lat="46.550042" lon="11.825861">
        <ele>1904.9</ele>
        <time>2017-07-30T09:30:22</time>
      </trkpt>
      <trkpt lat="46.550107" lon="11.826043">
        <ele>1905.1</ele>
        <time>2017-07-30T09:30:23</time>
      </trkpt>
      <trkpt lat="46.550156" lon="11.826236">
        <ele>1905.2</ele>
        <time>2017-07-30T09:30:24</time>
      </trkpt>
      <trkpt lat="46.550209" lon="11.82643">
        <ele>1904.6</ele>
        <time>2017-07-30T09:30:25</time>
      </trkpt>
      <trkpt lat="46.550255" lon="11.826625">
        <ele>1903.3</ele>
        <time>2017-07-30T09:30:26</time>
      </trkpt>
      <trkpt lat="46.550278" lon="11.826738">
        <ele>1901.2</ele>
        <time>2017-07-30T09:30:27</time>
      </trkpt>
      <trkpt lat="46.550321" lon="11.826948">
        <ele>1898.4</ele>
        <time>2017-07-30T09:30:28</time>
      </trkpt>
      <trkpt lat="46.550387" lon="11.827243">
        <ele>1895.5</ele>
        <time>2017-07-30T09:30:29</time>
      </trkpt>
      <trkpt lat="46.550413" lon="11.827442">
        <ele>1893.2</ele>
        <time>2017-07-30T09:30:30</time>
      </trkpt>
      <trkpt lat="46.550425" lon="11.827646">
        <ele>1891.7</ele>
        <time>2017-07-30T09:30:31</time>
      </trkpt>
      <trkpt lat="46.55046" lon="11.827807">
        <ele>1890.5</ele>
        <time>2017-07-30T09:30:32</time>
      </trkpt>
      <trkpt lat="46.55045" lon="11.827958">
        <ele>1888.5</ele>
        <time>2017-07-30T09:30:33</time>
      </trkpt>
      <trkpt lat="46.550454" lon="11.828093">
        <ele>1885.7</ele>
        <time>2017-07-30T09:30:34</time>
      </trkpt>
      <trkpt lat="46.550501" lon="11.828302">
        <ele>1882.5</ele>
        <time>2017-07-30T09:30:36</time>
      </trkpt>
      <trkpt lat="46.550576" lon="11.828469">
        <ele>1879.6</ele>
        <time>2017-07-30T09:30:38</time>
      </trkpt>
      <trkpt lat="46.550513" lon="11.828577">
        <ele>1877.5</ele>
        <time>2017-07-30T09:30:40</time>
      </trkpt>
      <trkpt lat="46.550375" lon="11.828549">
        <ele>1876.2</ele>
        <time>2017-07-30T09:30:42</time>
      </trkpt>
      <trkpt lat="46.550379" lon="11.828352">
        <ele>1875.5</ele>
        <time>2017-07-30T09:30:43</time>
      </trkpt>
      <trkpt lat="46.550344" lon="11.828232">
        <ele>1875.2</ele>
        <time>2017-07-30T09:30:44</time>
      </trkpt>
      <trkpt lat="46.550318" lon="11.828117">
        <ele>1874.6</ele>
        <time>2017-07-30T09:30:45</time>
      </trkpt>
      <trkpt lat="46.550281" lon="11.82799">
        <ele>1873.8</ele>
        <time>2017-07-30T09:30:46</time>
      </trkpt>
      <trkpt lat="46.550244" lon="11.827863">
        <ele>1873.3</ele>
        <time>2017-07-30T09:30:47</time>
      </trkpt>
      <trkpt lat="46.550213" lon="11.827729">
        <ele>1873.4</ele>
        <time>2017-07-30T09:30:48</time>
      </trkpt>
      <trkpt lat="46.550173" lon="11.827595">
        <ele>1873.5</ele>
        <time>2017-07-30T09:30:49</time>
      </trkpt>
      <trkpt lat="46.550134" lon="11.827466">
        <ele>1873.5</ele>
        <time>2017-07-30T09:30:50</time>
      </trkpt>
      <trkpt lat="46.550101" lon="11.827326">
        <ele>1873.7</ele>
        <time>2017-07-30T09:30:51</time>
      </trkpt>
      <trkpt lat="46.550053" lon="11.827213">
        <ele>1873.8</ele>
        <time>2017-07-30T09:30:52</time>
      </trkpt>
      <trkpt lat="46.550004" lon="11.82708">
        <ele>1873.6</ele>
        <time>2017-07-30T09:30:53</time>
      </trkpt>
      <trkpt lat="46.549965" lon="11.826962">
        <ele>1872.8</ele>
        <time>2017-07-30T09:30:54</time>
      </trkpt>
      <trkpt lat="46.549882" lon="11.826767">
        <ele>1871.3</ele>
        <time>2017-07-30T09:30:56</time>
      </trkpt>
      <trkpt lat="46.549824" lon="11.826678">
        <ele>1869.5</ele>
        <time>2017-07-30T09:30:57</time>
      </trkpt>
      <trkpt lat="46.549725" lon="11.826516">
        <ele>1867.6</ele>
        <time>2017-07-30T09:30:59</time>
      </trkpt>
      <trkpt lat="46.54962" lon="11.826371">
        <ele>1865.9</ele>
        <time>2017-07-30T09:31:01</time>
      </trkpt>
      <trkpt lat="46.549484" lon="11.826352">
        <ele>1864.4</ele>
        <time>2017-07-30T09:31:03</time>
      </trkpt>
      <trkpt lat="46.54938" lon="11.826472">
        <ele>1862.1</ele>
        <time>2017-07-30T09:31:05</time>
      </trkpt>
      <trkpt lat="46.549463" lon="11.826669">
        <ele>1859.8</ele>
        <time>2017-07-30T09:31:07</time>
      </trkpt>
      <trkpt lat="46.549529" lon="11.826801">
        <ele>1857.5</ele>
        <time>2017-07-30T09:31:08</time>
      </trkpt>
      <trkpt lat="46.54958" lon="11.826959">
        <ele>1855.5</ele>
        <time>2017-07-30T09:31:09</time>
      </trkpt>
      <trkpt lat="46.549649" lon="11.827097">
        <ele>1853.7</ele>
        <time>2017-07-30T09:31:10</time>
      </trkpt>
      <trkpt lat="46.549676" lon="11.827584">
        <ele>1852.5</ele>
        <time>2017-07-30T09:31:13</time>
      </trkpt>
      <trkpt lat="46.54973" lon="11.82773">
        <ele>1851.6</ele>
        <time>2017-07-30T09:31:14</time>
      </trkpt>
      <trkpt lat="46.549771" lon="11.828004">
        <ele>1851.1</ele>
        <time>2017-07-30T09:31:16</time>
      </trkpt>
      <trkpt lat="46.549868" lon="11.828167">
        <ele>1850.3</ele>
        <time>2017-07-30T09:31:17</time>
      </trkpt>
      <trkpt lat="46.549934" lon="11.828507">
        <ele>1848.9</ele>
        <time>2017-07-30T09:31:19</time>
      </trkpt>
      <trkpt lat="46.549966" lon="11.828672">
        <ele>1847.2</ele>
        <time>2017-07-30T09:31:20</time>
      </trkpt>
      <trkpt lat="46.549998" lon="11.828862">
        <ele>1846.3</ele>
        <time>2017-07-30T09:31:21</time>
      </trkpt>
      <trkpt lat="46.550101" lon="11.829245">
        <ele>1845.5</ele>
        <time>2017-07-30T09:31:23</time>
      </trkpt>
      <trkpt lat="46.550129" lon="11.829456">
        <ele>1845.1</ele>
        <time>2017-07-30T09:31:24</time>
      </trkpt>
      <trkpt lat="46.550207" lon="11.829849">
        <ele>1844.5</ele>
        <time>2017-07-30T09:31:26</time>
      </trkpt>
      <trkpt lat="46.550211" lon="11.830057">
        <ele>1843.8</ele>
        <time>2017-07-30T09:31:27</time>
      </trkpt>
      <trkpt lat="46.550235" lon="11.830235">
        <ele>1842.8</ele>
        <time>2017-07-30T09:31:28</time>
      </trkpt>
      <trkpt lat="46.550249" lon="11.830407">
        <ele>1841.7</ele>
        <time>2017-07-30T09:31:29</time>
      </trkpt>
      <trkpt lat="46.550278" lon="11.83059">
        <ele>1839.6</ele>
        <time>2017-07-30T09:31:30</time>
      </trkpt>
      <trkpt lat="46.550314" lon="11.830781">
        <ele>1837.5</ele>
        <time>2017-07-30T09:31:31</time>
      </trkpt>
      <trkpt lat="46.550347" lon="11.830952">
        <ele>1835.8</ele>
        <time>2017-07-30T09:31:32</time>
      </trkpt>
      <trkpt lat="46.550383" lon="11.831128">
        <ele>1834.3</ele>
        <time>2017-07-30T09:31:33</time>
      </trkpt>
      <trkpt lat="46.550408" lon="11.831312">
        <ele>1832.6</ele>
        <time>2017-07-30T09:31:34</time>
      </trkpt>
      <trkpt lat="46.550451" lon="11.831688">
        <ele>1831.0</ele>
        <time>2017-07-30T09:31:36</time>
      </trkpt>
      <trkpt lat="46.550473" lon="11.831884">
        <ele>1829.3</ele>
        <time>2017-07-30T09:31:37</time>
      </trkpt>
      <trkpt lat="46.550467" lon="11.832075">
        <ele>1827.5</ele>
        <time>2017-07-30T09:31:38</time>
      </trkpt>
      <trkpt lat="46.550492" lon="11.832261">
        <ele>1826.2</ele>
        <time>2017-07-30T09:31:39</time>
      </trkpt>
      <trkpt lat="46.550544" lon="11.832446">
        <ele>1825.6</ele>
        <time>2017-07-30T09:31:40</time>
      </trkpt>
      <trkpt lat="46.550572" lon="11.832618">
        <ele>1825.7</ele>
        <time>2017-07-30T09:31:41</time>
      </trkpt>
      <trkpt lat="46.5506" lon="11.832782">
        <ele>1826.3</ele>
        <time>2017-07-30T09:31:42</time>
      </trkpt>
      <trkpt lat="46.550647" lon="11.83292">
        <ele>1826.2</ele>
        <time>2017-07-30T09:31:43</time>
      </trkpt>
      <trkpt lat="46.550714" lon="11.83302">
        <ele>1826.1</ele>
        <time>2017-07-30T09:31:44</time>
      </trkpt>
      <trkpt lat="46.550828" lon="11.833103">
        <ele>1825.8</ele>
        <time>2017-07-30T09:31:45</time>
      </trkpt>
      <trkpt lat="46.550932" lon="11.833269">
        <ele>1825.4</ele>
        <time>2017-07-30T09:31:47</time>
      </trkpt>
      <trkpt lat="46.550946" lon="11.833438">
        <ele>1824.8</ele>
        <time>2017-07-30T09:31:49</time>
      </trkpt>
      <trkpt lat="46.550804" lon="11.833458">
        <ele>1824.2</ele>
        <time>2017-07-30T09:31:51</time>
      </trkpt>
      <trkpt lat="46.550707" lon="11.833329">
        <ele>1823.4</ele>
        <time>2017-07-30T09:31:53</time>
      </trkpt>
      <trkpt lat="46.550625" lon="11.833172">
        <ele>1822.2</ele>
        <time>2017-07-30T09:31:55</time>
      </trkpt>
      <trkpt lat="46.550575" lon="11.833071">
        <ele>1820.2</ele>
        <time>2017-07-30T09:31:56</time>
      </trkpt>
      <trkpt lat="46.550522" lon="11.832967">
        <ele>1817.6</ele>
        <time>2017-07-30T09:31:57</time>
      </trkpt>
      <trkpt lat="46.55046" lon="11.832872">
        <ele>1815.2</ele>
        <time>2017-07-30T09:31:58</time>
      </trkpt>
      <trkpt lat="46.550399" lon="11.832773">
        <ele>1813.5</ele>
        <time>2017-07-30T09:31:59</time>
      </trkpt>
      <trkpt lat="46.550339" lon="11.83267">
        <ele>1811.8</ele>
        <time>2017-07-30T09:32:00</time>
      </trkpt>
      <trkpt lat="46.55027" lon="11.832559">
        <ele>1810.4</ele>
        <time>2017-07-30T09:32:01</time>
      </trkpt>
      <trkpt lat="46.550202" lon="11.832438">
        <ele>1809.2</ele>
        <time>2017-07-30T09:32:02</time>
      </trkpt>
      <trkpt lat="46.550129" lon="11.832322">
        <ele>1808.0</ele>
        <time>2017-07-30T09:32:03</time>
      </trkpt>
      <trkpt lat="46.550055" lon="11.832208">
        <ele>1806.8</ele>
        <time>2017-07-30T09:32:04</time>
      </trkpt>
      <trkpt lat="46.549977" lon="11.83209">
        <ele>1805.5</ele>
        <time>2017-07-30T09:32:05</time>
      </trkpt>
      <trkpt lat="46.549903" lon="11.83196">
        <ele>1804.0</ele>
        <time>2017-07-30T09:32:06</time>
      </trkpt>
      <trkpt lat="46.549829" lon="11.831827">
        <ele>1802.5</ele>
        <time>2017-07-30T09:32:07</time>
      </trkpt>
      <trkpt lat="46.549748" lon="11.831696">
        <ele>1801.2</ele>
        <time>2017-07-30T09:32:08</time>
      </trkpt>
      <trkpt lat="46.549667" lon="11.831575">
        <ele>1799.9</ele>
        <time>2017-07-30T09:32:09</time>
      </trkpt>
      <trkpt lat="46.549587" lon="11.831447">
        <ele>1798.7</ele>
        <time>2017-07-30T09:32:10</time>
      </trkpt>
      <trkpt lat="46.549512" lon="11.831323">
        <ele>1797.5</ele>
        <time>2017-07-30T09:32:11</time>
      </trkpt>
      <trkpt lat="46.549438" lon="11.831208">
        <ele>1796.5</ele>
        <time>2017-07-30T09:32:12</time>
      </trkpt>
      <trkpt lat="46.549379" lon="11.831069">
        <ele>1795.6</ele>
        <time>2017-07-30T09:32:13</time>
      </trkpt>
      <trkpt lat="46.549307" lon="11.83094">
        <ele>1795.1</ele>
        <time>2017-07-30T09:32:14</time>
      </trkpt>
      <trkpt lat="46.549237" lon="11.830812">
        <ele>1794.5</ele>
        <time>2017-07-30T09:32:15</time>
      </trkpt>
      <trkpt lat="46.549179" lon="11.830676">
        <ele>1793.6</ele>
        <time>2017-07-30T09:32:16</time>
      </trkpt>
      <trkpt lat="46.549135" lon="11.830546">
        <ele>1793.0</ele>
        <time>2017-07-30T09:32:17</time>
      </trkpt>
      <trkpt lat="46.549088" lon="11.830435">
        <ele>1792.5</ele>
        <time>2017-07-30T09:32:18</time>
      </trkpt>
      <trkpt lat="46.548991" lon="11.830272">
        <ele>1792.2</ele>
        <time>2017-07-30T09:32:20</time>
      </trkpt>
      <trkpt lat="46.548881" lon="11.830268">
        <ele>1791.8</ele>
        <time>2017-07-30T09:32:22</time>
      </trkpt>
      <trkpt lat="46.548916" lon="11.830564">
        <ele>1791.5</ele>
        <time>2017-07-30T09:32:24</time>
      </trkpt>
      <trkpt lat="46.548925" lon="11.830683">
        <ele>1791.1</ele>
        <time>2017-07-30T09:32:25</time>
      </trkpt>
      <trkpt lat="46.548931" lon="11.830804">
        <ele>1790.4</ele>
        <time>2017-07-30T09:32:26</time>
      </trkpt>
      <trkpt lat="46.548951" lon="11.83092">
        <ele>1789.2</ele>
        <time>2017-07-30T09:32:27</time>
      </trkpt>
      <trkpt lat="46.548972" lon="11.831042">
        <ele>1787.6</ele>
        <time>2017-07-30T09:32:28</time>
      </trkpt>
      <trkpt lat="46.549006" lon="11.831191">
        <ele>1786.3</ele>
        <time>2017-07-30T09:32:29</time>
      </trkpt>
      <trkpt lat="46.549025" lon="11.831323">
        <ele>1785.4</ele>
        <time>2017-07-30T09:32:30</time>
      </trkpt>
      <trkpt lat="46.549045" lon="11.831473">
        <ele>1784.5</ele>
        <time>2017-07-30T09:32:31</time>
      </trkpt>
      <trkpt lat="46.549073" lon="11.831616">
        <ele>1783.7</ele>
        <time>2017-07-30T09:32:32</time>
      </trkpt>
      <trkpt lat="46.549109" lon="11.831764">
        <ele>1782.9</ele>
        <time>2017-07-30T09:32:33</time>
      </trkpt>
      <trkpt lat="46.549159" lon="11.831914">
        <ele>1782.1</ele>
        <time>2017-07-30T09:32:34</time>
      </trkpt>
      <trkpt lat="46.549212" lon="11.832057">
        <ele>1781.0</ele>
        <time>2017-07-30T09:32:35</time>
      </trkpt>
      <trkpt lat="46.549264" lon="11.832202">
        <ele>1779.9</ele>
        <time>2017-07-30T09:32:36</time>
      </trkpt>
      <trkpt lat="46.549338" lon="11.832331">
        <ele>1779.0</ele>
        <time>2017-07-30T09:32:37</time>
      </trkpt>
      <trkpt lat="46.549401" lon="11.832473">
        <ele>1778.3</ele>
        <time>2017-07-30T09:32:38</time>
      </trkpt>
      <trkpt lat="46.549442" lon="11.832629">
        <ele>1777.5</ele>
        <time>2017-07-30T09:32:39</time>
      </trkpt>
      <trkpt lat="46.549403" lon="11.832834">
        <ele>1776.5</ele>
        <time>2017-07-30T09:32:40</time>
      </trkpt>
      <trkpt lat="46.549466" lon="11.832986">
        <ele>1775.6</ele>
        <time>2017-07-30T09:32:41</time>
      </trkpt>
      <trkpt lat="46.549499" lon="11.833157">
        <ele>1774.6</ele>
        <time>2017-07-30T09:32:42</time>
      </trkpt>
      <trkpt lat="46.549544" lon="11.833333">
        <ele>1773.6</ele>
        <time>2017-07-30T09:32:43</time>
      </trkpt>
      <trkpt lat="46.549559" lon="11.833508">
        <ele>1772.6</ele>
        <time>2017-07-30T09:32:44</time>
      </trkpt>
      <trkpt lat="46.549591" lon="11.833686">
        <ele>1771.8</ele>
        <time>2017-07-30T09:32:45</time>
      </trkpt>
      <trkpt lat="46.54962" lon="11.833862">
        <ele>1771.4</ele>
        <time>2017-07-30T09:32:46</time>
      </trkpt>
      <trkpt lat="46.549637" lon="11.834039">
        <ele>1771.0</ele>
        <time>2017-07-30T09:32:47</time>
      </trkpt>
      <trkpt lat="46.549671" lon="11.834207">
        <ele>1771.0</ele>
        <time>2017-07-30T09:32:48</time>
      </trkpt>
      <trkpt lat="46.54971" lon="11.834384">
        <ele>1771.0</ele>
        <time>2017-07-30T09:32:49</time>
      </trkpt>
      <trkpt lat="46.549747" lon="11.834537">
        <ele>1771.1</ele>
        <time>2017-07-30T09:32:50</time>
      </trkpt>
      <trkpt lat="46.549756" lon="11.834695">
        <ele>1771.1</ele>
        <time>2017-07-30T09:32:51</time>
      </trkpt>
      <trkpt lat="46.549775" lon="11.834849">
        <ele>1771.0</ele>
        <time>2017-07-30T09:32:52</time>
      </trkpt>
      <trkpt lat="46.549802" lon="11.83515">
        <ele>1770.6</ele>
        <time>2017-07-30T09:32:54</time>
      </trkpt>
      <trkpt lat="46.549771" lon="11.835274">
        <ele>1770.1</ele>
        <time>2017-07-30T09:32:55</time>
      </trkpt>
      <trkpt lat="46.549742" lon="11.835408">
        <ele>1769.4</ele>
        <time>2017-07-30T09:32:56</time>
      </trkpt>
      <trkpt lat="46.549722" lon="11.835544">
        <ele>1768.4</ele>
        <time>2017-07-30T09:32:57</time>
      </trkpt>
      <trkpt lat="46.5497" lon="11.835688">
        <ele>1767.3</ele>
        <time>2017-07-30T09:32:58</time>
      </trkpt>
      <trkpt lat="46.549662" lon="11.83585">
        <ele>1766.0</ele>
        <time>2017-07-30T09:32:59</time>
      </trkpt>
      <trkpt lat="46.549682" lon="11.836025">
        <ele>1764.5</ele>
        <time>2017-07-30T09:33:00</time>
      </trkpt>
      <trkpt lat="46.549684" lon="11.83618">
        <ele>1763.1</ele>
        <time>2017-07-30T09:33:01</time>
      </trkpt>
      <trkpt lat="46.549677" lon="11.836334">
        <ele>1761.8</ele>
        <time>2017-07-30T09:33:02</time>
      </trkpt>
      <trkpt lat="46.549661" lon="11.836488">
        <ele>1760.6</ele>
        <time>2017-07-30T09:33:03</time>
      </trkpt>
      <trkpt lat="46.549627" lon="11.836627">
        <ele>1759.5</ele>
        <time>2017-07-30T09:33:04</time>
      </trkpt>
      <trkpt lat="46.549607" lon="11.836774">
        <ele>1758.7</ele>
        <time>2017-07-30T09:33:05</time>
      </trkpt>
      <trkpt lat="46.549603" lon="11.836935">
        <ele>1758.0</ele>
        <time>2017-07-30T09:33:06</time>
      </trkpt>
      <trkpt lat="46.549571" lon="11.837096">
        <ele>1757.4</ele>
        <time>2017-07-30T09:33:07</time>
      </trkpt>
      <trkpt lat="46.549541" lon="11.837252">
        <ele>1756.6</ele>
        <time>2017-07-30T09:33:08</time>
      </trkpt>
      <trkpt lat="46.54952" lon="11.837411">
        <ele>1755.9</ele>
        <time>2017-07-30T09:33:09</time>
      </trkpt>
      <trkpt lat="46.549501" lon="11.83757">
        <ele>1755.3</ele>
        <time>2017-07-30T09:33:10</time>
      </trkpt>
      <trkpt lat="46.549477" lon="11.837722">
        <ele>1754.5</ele>
        <time>2017-07-30T09:33:11</time>
      </trkpt>
      <trkpt lat="46.549466" lon="11.83787">
        <ele>1753.7</ele>
        <time>2017-07-30T09:33:12</time>
      </trkpt>
      <trkpt lat="46.549443" lon="11.83802">
        <ele>1752.8</ele>
        <time>2017-07-30T09:33:13</time>
      </trkpt>
      <trkpt lat="46.549438" lon="11.838176">
        <ele>1751.9</ele>
        <time>2017-07-30T09:33:14</time>
      </trkpt>
      <trkpt lat="46.549438" lon="11.838334">
        <ele>1750.7</ele>
        <time>2017-07-30T09:33:15</time>
      </trkpt>
      <trkpt lat="46.54943" lon="11.838501">
        <ele>1749.5</ele>
        <time>2017-07-30T09:33:16</time>
      </trkpt>
      <trkpt lat="46.549431" lon="11.838678">
        <ele>1748.2</ele>
        <time>2017-07-30T09:33:17</time>
      </trkpt>
      <trkpt lat="46.54943" lon="11.83887">
        <ele>1746.9</ele>
        <time>2017-07-30T09:33:18</time>
      </trkpt>
      <trkpt lat="46.549442" lon="11.839059">
        <ele>1745.8</ele>
        <time>2017-07-30T09:33:19</time>
      </trkpt>
      <trkpt lat="46.549406" lon="11.839239">
        <ele>1744.7</ele>
        <time>2017-07-30T09:33:20</time>
      </trkpt>
      <trkpt lat="46.549426" lon="11.839396">
        <ele>1743.5</ele>
        <time>2017-07-30T09:33:21</time>
      </trkpt>
      <trkpt lat="46.549433" lon="11.839538">
        <ele>1742.3</ele>
        <time>2017-07-30T09:33:22</time>
      </trkpt>
      <trkpt lat="46.549437" lon="11.839682">
        <ele>1741.1</ele>
        <time>2017-07-30T09:33:23</time>
      </trkpt>
      <trkpt lat="46.549452" lon="11.839808">
        <ele>1740.0</ele>
        <time>2017-07-30T09:33:24</time>
      </trkpt>
      <trkpt lat="46.549477" lon="11.839995">
        <ele>1739.1</ele>
        <time>2017-07-30T09:33:26</time>
      </trkpt>
      <trkpt lat="46.549455" lon="11.840144">
        <ele>1738.5</ele>
        <time>2017-07-30T09:33:28</time>
      </trkpt>
      <trkpt lat="46.549337" lon="11.84014">
        <ele>1737.9</ele>
        <time>2017-07-30T09:33:30</time>
      </trkpt>
      <trkpt lat="46.549304" lon="11.839992">
        <ele>1737.5</ele>
        <time>2017-07-30T09:33:32</time>
      </trkpt>
      <trkpt lat="46.549277" lon="11.839828">
        <ele>1737.0</ele>
        <time>2017-07-30T09:33:34</time>
      </trkpt>
      <trkpt lat="46.549232" lon="11.839618">
        <ele>1736.5</ele>
        <time>2017-07-30T09:33:36</time>
      </trkpt>
      <trkpt lat="46.549198" lon="11.839509">
        <ele>1736.1</ele>
        <time>2017-07-30T09:33:37</time>
      </trkpt>
      <trkpt lat="46.54915" lon="11.839399">
        <ele>1735.7</ele>
        <time>2017-07-30T09:33:38</time>
      </trkpt>
      <trkpt lat="46.54911" lon="11.839292">
        <ele>1735.5</ele>
        <time>2017-07-30T09:33:39</time>
      </trkpt>
      <trkpt lat="46.549072" lon="11.839176">
        <ele>1735.3</ele>
        <time>2017-07-30T09:33:40</time>
      </trkpt>
      <trkpt lat="46.549036" lon="11.839059">
        <ele>1735.1</ele>
        <time>2017-07-30T09:33:41</time>
      </trkpt>
      <trkpt lat="46.549009" lon="11.838931">
        <ele>1735.1</ele>
        <time>2017-07-30T09:33:42</time>
      </trkpt>
      <trkpt lat="46.548987" lon="11.838798">
        <ele>1735.3</ele>
        <time>2017-07-30T09:33:43</time>
      </trkpt>
      <trkpt lat="46.548984" lon="11.838647">
        <ele>1735.7</ele>
        <time>2017-07-30T09:33:44</time>
      </trkpt>
      <trkpt lat="46.548999" lon="11.838487">
        <ele>1736.5</ele>
        <time>2017-07-30T09:33:45</time>
      </trkpt>
      <trkpt lat="46.549009" lon="11.838332">
        <ele>1737.2</ele>
        <time>2017-07-30T09:33:46</time>
      </trkpt>
      <trkpt lat="46.549034" lon="11.838192">
        <ele>1737.5</ele>
        <time>2017-07-30T09:33:47</time>
      </trkpt>
      <trkpt lat="46.549067" lon="11.838054">
        <ele>1737.6</ele>
        <time>2017-07-30T09:33:48</time>
      </trkpt>
      <trkpt lat="46.549102" lon="11.837935">
        <ele>1737.9</ele>
        <time>2017-07-30T09:33:49</time>
      </trkpt>
      <trkpt lat="46.549147" lon="11.837731">
        <ele>1737.9</ele>
        <time>2017-07-30T09:33:51</time>
      </trkpt>
      <trkpt lat="46.549127" lon="11.83758">
        <ele>1737.7</ele>
        <time>2017-07-30T09:33:53</time>
      </trkpt>
      <trkpt lat="46.548972" lon="11.837573">
        <ele>1737.1</ele>
        <time>2017-07-30T09:33:55</time>
      </trkpt>
      <trkpt lat="46.548927" lon="11.837739">
        <ele>1736.0</ele>
        <time>2017-07-30T09:33:57</time>
      </trkpt>
      <trkpt lat="46.548936" lon="11.83786">
        <ele>1734.6</ele>
        <time>2017-07-30T09:33:58</time>
      </trkpt>
      <trkpt lat="46.548923" lon="11.838079">
        <ele>1733.0</ele>
        <time>2017-07-30T09:34:00</time>
      </trkpt>
      <trkpt lat="46.548898" lon="11.838212">
        <ele>1731.0</ele>
        <time>2017-07-30T09:34:01</time>
      </trkpt>
      <trkpt lat="46.548825" lon="11.838432">
        <ele>1729.1</ele>
        <time>2017-07-30T09:34:03</time>
      </trkpt>
      <trkpt lat="46.548797" lon="11.838567">
        <ele>1727.6</ele>
        <time>2017-07-30T09:34:04</time>
      </trkpt>
      <trkpt lat="46.548776" lon="11.838696">
        <ele>1726.4</ele>
        <time>2017-07-30T09:34:05</time>
      </trkpt>
      <trkpt lat="46.548759" lon="11.83883">
        <ele>1724.9</ele>
        <time>2017-07-30T09:34:06</time>
      </trkpt>
      <trkpt lat="46.548747" lon="11.838979">
        <ele>1723.5</ele>
        <time>2017-07-30T09:34:07</time>
      </trkpt>
      <trkpt lat="46.548733" lon="11.839124">
        <ele>1722.3</ele>
        <time>2017-07-30T09:34:08</time>
      </trkpt>
      <trkpt lat="46.548724" lon="11.839276">
        <ele>1721.2</ele>
        <time>2017-07-30T09:34:09</time>
      </trkpt>
      <trkpt lat="46.548725" lon="11.839443">
        <ele>1720.2</ele>
        <time>2017-07-30T09:34:10</time>
      </trkpt>
      <trkpt lat="46.548717" lon="11.839587">
        <ele>1719.3</ele>
        <time>2017-07-30T09:34:11</time>
      </trkpt>
      <trkpt lat="46.54871" lon="11.839733">
        <ele>1718.5</ele>
        <time>2017-07-30T09:34:12</time>
      </trkpt>
      <trkpt lat="46.548706" lon="11.839872">
        <ele>1717.8</ele>
        <time>2017-07-30T09:34:13</time>
      </trkpt>
      <trkpt lat="46.548708" lon="11.840011">
        <ele>1717.2</ele>
        <time>2017-07-30T09:34:14</time>
      </trkpt>
      <trkpt lat="46.548723" lon="11.840152">
        <ele>1716.5</ele>
        <time>2017-07-30T09:34:15</time>
      </trkpt>
      <trkpt lat="46.548759" lon="11.840294">
        <ele>1715.9</ele>
        <time>2017-07-30T09:34:16</time>
      </trkpt>
      <trkpt lat="46.548811" lon="11.840435">
        <ele>1715.5</ele>
        <time>2017-07-30T09:34:17</time>
      </trkpt>
      <trkpt lat="46.548878" lon="11.840575">
        <ele>1715.3</ele>
        <time>2017-07-30T09:34:18</time>
      </trkpt>
      <trkpt lat="46.548936" lon="11.840713">
        <ele>1715.2</ele>
        <time>2017-07-30T09:34:19</time>
      </trkpt>
      <trkpt lat="46.548977" lon="11.840839">
        <ele>1715.1</ele>
        <time>2017-07-30T09:34:20</time>
      </trkpt>
      <trkpt lat="46.549013" lon="11.841001">
        <ele>1714.7</ele>
        <time>2017-07-30T09:34:21</time>
      </trkpt>
      <trkpt lat="46.549089" lon="11.84114">
        <ele>1713.9</ele>
        <time>2017-07-30T09:34:22</time>
      </trkpt>
      <trkpt lat="46.54915" lon="11.841262">
        <ele>1712.4</ele>
        <time>2017-07-30T09:34:23</time>
      </trkpt>
      <trkpt lat="46.549214" lon="11.841383">
        <ele>1710.5</ele>
        <time>2017-07-30T09:34:24</time>
      </trkpt>
      <trkpt lat="46.549315" lon="11.841497">
        <ele>1708.6</ele>
        <time>2017-07-30T09:34:25</time>
      </trkpt>
      <trkpt lat="46.549391" lon="11.841618">
        <ele>1706.8</ele>
        <time>2017-07-30T09:34:26</time>
      </trkpt>
      <trkpt lat="46.54947" lon="11.841736">
        <ele>1705.3</ele>
        <time>2017-07-30T09:34:27</time>
      </trkpt>
      <trkpt lat="46.549586" lon="11.841918">
        <ele>1703.7</ele>
        <time>2017-07-30T09:34:29</time>
      </trkpt>
      <trkpt lat="46.549682" lon="11.842052">
        <ele>1702.0</ele>
        <time>2017-07-30T09:34:30</time>
      </trkpt>
      <trkpt lat="46.549752" lon="11.842145">
        <ele>1700.2</ele>
        <time>2017-07-30T09:34:31</time>
      </trkpt>
      <trkpt lat="46.549842" lon="11.842204">
        <ele>1698.3</ele>
        <time>2017-07-30T09:34:32</time>
      </trkpt>
      <trkpt lat="46.54996" lon="11.842347">
        <ele>1696.5</ele>
        <time>2017-07-30T09:34:34</time>
      </trkpt>
      <trkpt lat="46.549994" lon="11.842549">
        <ele>1694.7</ele>
        <time>2017-07-30T09:34:35</time>
      </trkpt>
      <trkpt lat="46.55003" lon="11.842681">
        <ele>1693.6</ele>
        <time>2017-07-30T09:34:36</time>
      </trkpt>
      <trkpt lat="46.550022" lon="11.842825">
        <ele>1692.6</ele>
        <time>2017-07-30T09:34:37</time>
      </trkpt>
      <trkpt lat="46.55002" lon="11.842969">
        <ele>1691.8</ele>
        <time>2017-07-30T09:34:38</time>
      </trkpt>
      <trkpt lat="46.550003" lon="11.843125">
        <ele>1691.0</ele>
        <time>2017-07-30T09:34:39</time>
      </trkpt>
      <trkpt lat="46.549972" lon="11.843408">
        <ele>1689.8</ele>
        <time>2017-07-30T09:34:41</time>
      </trkpt>
      <trkpt lat="46.549962" lon="11.84354">
        <ele>1688.4</ele>
        <time>2017-07-30T09:34:42</time>
      </trkpt>
      <trkpt lat="46.549957" lon="11.843686">
        <ele>1686.8</ele>
        <time>2017-07-30T09:34:43</time>
      </trkpt>
      <trkpt lat="46.549984" lon="11.843831">
        <ele>1685.4</ele>
        <time>2017-07-30T09:34:44</time>
      </trkpt>
      <trkpt lat="46.550017" lon="11.843967">
        <ele>1684.2</ele>
        <time>2017-07-30T09:34:45</time>
      </trkpt>
      <trkpt lat="46.55006" lon="11.844089">
        <ele>1683.3</ele>
        <time>2017-07-30T09:34:46</time>
      </trkpt>
      <trkpt lat="46.550125" lon="11.844274">
        <ele>1682.7</ele>
        <time>2017-07-30T09:34:48</time>
      </trkpt>
      <trkpt lat="46.55022" lon="11.844425">
        <ele>1682.1</ele>
        <time>2017-07-30T09:34:49</time>
      </trkpt>
      <trkpt lat="46.550296" lon="11.844535">
        <ele>1681.5</ele>
        <time>2017-07-30T09:34:50</time>
      </trkpt>
      <trkpt lat="46.550374" lon="11.844646">
        <ele>1680.5</ele>
        <time>2017-07-30T09:34:51</time>
      </trkpt>
      <trkpt lat="46.550452" lon="11.844728">
        <ele>1679.5</ele>
        <time>2017-07-30T09:34:52</time>
      </trkpt>
      <trkpt lat="46.550516" lon="11.844839">
        <ele>1678.6</ele>
        <time>2017-07-30T09:34:53</time>
      </trkpt>
      <trkpt lat="46.550586" lon="11.844918">
        <ele>1678.0</ele>
        <time>2017-07-30T09:34:54</time>
      </trkpt>
      <trkpt lat="46.550652" lon="11.844987">
        <ele>1677.6</ele>
        <time>2017-07-30T09:34:55</time>
      </trkpt>
      <trkpt lat="46.55076" lon="11.845122">
        <ele>1677.3</ele>
        <time>2017-07-30T09:34:57</time>
      </trkpt>
      <trkpt lat="46.550858" lon="11.845279">
        <ele>1676.9</ele>
        <time>2017-07-30T09:34:59</time>
      </trkpt>
      <trkpt lat="46.550957" lon="11.845432">
        <ele>1676.5</ele>
        <time>2017-07-30T09:35:01</time>
      </trkpt>
      <trkpt lat="46.551022" lon="11.845502">
        <ele>1676.0</ele>
        <time>2017-07-30T09:35:02</time>
      </trkpt>
      <trkpt lat="46.551151" lon="11.845635">
        <ele>1675.6</ele>
        <time>2017-07-30T09:35:04</time>
      </trkpt>
      <trkpt lat="46.551229" lon="11.845695">
        <ele>1675.3</ele>
        <time>2017-07-30T09:35:05</time>
      </trkpt>
      <trkpt lat="46.551307" lon="11.845744">
        <ele>1675.1</ele>
        <time>2017-07-30T09:35:06</time>
      </trkpt>
      <trkpt lat="46.551385" lon="11.845793">
        <ele>1675.0</ele>
        <time>2017-07-30T09:35:07</time>
      </trkpt>
      <trkpt lat="46.551526" lon="11.84588">
        <ele>1674.9</ele>
        <time>2017-07-30T09:35:09</time>
      </trkpt>
      <trkpt lat="46.551603" lon="11.845934">
        <ele>1674.7</ele>
        <time>2017-07-30T09:35:10</time>
      </trkpt>
      <trkpt lat="46.551691" lon="11.845996">
        <ele>1674.3</ele>
        <time>2017-07-30T09:35:11</time>
      </trkpt>
      <trkpt lat="46.551764" lon="11.846054">
        <ele>1673.5</ele>
        <time>2017-07-30T09:35:12</time>
      </trkpt>
      <trkpt lat="46.551847" lon="11.846114">
        <ele>1672.7</ele>
        <time>2017-07-30T09:35:13</time>
      </trkpt>
      <trkpt lat="46.55193" lon="11.846149">
        <ele>1671.9</ele>
        <time>2017-07-30T09:35:14</time>
      </trkpt>
      <trkpt lat="46.552087" lon="11.846208">
        <ele>1671.1</ele>
        <time>2017-07-30T09:35:16</time>
      </trkpt>
      <trkpt lat="46.552128" lon="11.846315">
        <ele>1670.2</ele>
        <time>2017-07-30T09:35:17</time>
      </trkpt>
      <trkpt lat="46.552224" lon="11.846504">
        <ele>1669.3</ele>
        <time>2017-07-30T09:35:19</time>
      </trkpt>
      <trkpt lat="46.552277" lon="11.846611">
        <ele>1668.5</ele>
        <time>2017-07-30T09:35:20</time>
      </trkpt>
      <trkpt lat="46.552335" lon="11.846723">
        <ele>1667.5</ele>
        <time>2017-07-30T09:35:21</time>
      </trkpt>
      <trkpt lat="46.552396" lon="11.846826">
        <ele>1666.6</ele>
        <time>2017-07-30T09:35:22</time>
      </trkpt>
      <trkpt lat="46.552455" lon="11.846931">
        <ele>1665.7</ele>
        <time>2017-07-30T09:35:23</time>
      </trkpt>
      <trkpt lat="46.552514" lon="11.847038">
        <ele>1665.0</ele>
        <time>2017-07-30T09:35:24</time>
      </trkpt>
      <trkpt lat="46.552579" lon="11.847123">
        <ele>1664.5</ele>
        <time>2017-07-30T09:35:25</time>
      </trkpt>
      <trkpt lat="46.552636" lon="11.847228">
        <ele>1664.1</ele>
        <time>2017-07-30T09:35:26</time>
      </trkpt>
      <trkpt lat="46.552685" lon="11.84733">
        <ele>1663.6</ele>
        <time>2017-07-30T09:35:27</time>
      </trkpt>
      <trkpt lat="46.552737" lon="11.847447">
        <ele>1663.1</ele>
        <time>2017-07-30T09:35:28</time>
      </trkpt>
      <trkpt lat="46.552787" lon="11.847558">
        <ele>1662.5</ele>
        <time>2017-07-30T09:35:29</time>
      </trkpt>
      <trkpt lat="46.552834" lon="11.847678">
        <ele>1662.0</ele>
        <time>2017-07-30T09:35:30</time>
      </trkpt>
      <trkpt lat="46.552872" lon="11.847812">
        <ele>1661.3</ele>
        <time>2017-07-30T09:35:31</time>
      </trkpt>
      <trkpt lat="46.552862" lon="11.847996">
        <ele>1660.5</ele>
        <time>2017-07-30T09:35:32</time>
      </trkpt>
      <trkpt lat="46.552896" lon="11.848151">
        <ele>1659.8</ele>
        <time>2017-07-30T09:35:33</time>
      </trkpt>
      <trkpt lat="46.552918" lon="11.848317">
        <ele>1659.1</ele>
        <time>2017-07-30T09:35:34</time>
      </trkpt>
      <trkpt lat="46.552941" lon="11.848481">
        <ele>1658.4</ele>
        <time>2017-07-30T09:35:35</time>
      </trkpt>
      <trkpt lat="46.552952" lon="11.848644">
        <ele>1657.5</ele>
        <time>2017-07-30T09:35:36</time>
      </trkpt>
      <trkpt lat="46.552961" lon="11.848784">
        <ele>1656.8</ele>
        <time>2017-07-30T09:35:37</time>
      </trkpt>
      <trkpt lat="46.552985" lon="11.848913">
        <ele>1656.1</ele>
        <time>2017-07-30T09:35:38</time>
      </trkpt>
      <trkpt lat="46.552994" lon="11.849051">
        <ele>1655.4</ele>
        <time>2017-07-30T09:35:39</time>
      </trkpt>
      <trkpt lat="46.553022" lon="11.849195">
        <ele>1654.6</ele>
        <time>2017-07-30T09:35:40</time>
      </trkpt>
      <trkpt lat="46.553039" lon="11.849317">
        <ele>1653.9</ele>
        <time>2017-07-30T09:35:41</time>
      </trkpt>
      <trkpt lat="46.55306" lon="11.849431">
        <ele>1653.1</ele>
        <time>2017-07-30T09:35:42</time>
      </trkpt>
      <trkpt lat="46.553116" lon="11.849626">
        <ele>1652.3</ele>
        <time>2017-07-30T09:35:44</time>
      </trkpt>
      <trkpt lat="46.553187" lon="11.849829">
        <ele>1651.4</ele>
        <time>2017-07-30T09:35:46</time>
      </trkpt>
      <trkpt lat="46.553235" lon="11.849936">
        <ele>1650.5</ele>
        <time>2017-07-30T09:35:47</time>
      </trkpt>
      <trkpt lat="46.553297" lon="11.850021">
        <ele>1649.5</ele>
        <time>2017-07-30T09:35:48</time>
      </trkpt>
      <trkpt lat="46.553382" lon="11.850197">
        <ele>1648.5</ele>
        <time>2017-07-30T09:35:50</time>
      </trkpt>
      <trkpt lat="46.553447" lon="11.850363">
        <ele>1647.4</ele>
        <time>2017-07-30T09:35:52</time>
      </trkpt>
      <trkpt lat="46.55352" lon="11.850538">
        <ele>1646.4</ele>
        <time>2017-07-30T09:35:54</time>
      </trkpt>
      <trkpt lat="46.553608" lon="11.850687">
        <ele>1645.4</ele>
        <time>2017-07-30T09:35:56</time>
      </trkpt>
      <trkpt lat="46.553665" lon="11.850799">
        <ele>1644.5</ele>
        <time>2017-07-30T09:35:57</time>
      </trkpt>
      <trkpt lat="46.55367" lon="11.851">
        <ele>1643.6</ele>
        <time>2017-07-30T09:35:59</time>
      </trkpt>
      <trkpt lat="46.553696" lon="11.851166">
        <ele>1642.9</ele>
        <time>2017-07-30T09:36:01</time>
      </trkpt>
      <trkpt lat="46.553743" lon="11.85133">
        <ele>1642.2</ele>
        <time>2017-07-30T09:36:03</time>
      </trkpt>
      <trkpt lat="46.553781" lon="11.8515">
        <ele>1641.4</ele>
        <time>2017-07-30T09:36:05</time>
      </trkpt>
      <trkpt lat="46.553774" lon="11.851686">
        <ele>1640.4</ele>
        <time>2017-07-30T09:36:07</time>
      </trkpt>
      <trkpt lat="46.553779" lon="11.851892">
        <ele>1639.3</ele>
        <time>2017-07-30T09:36:09</time>
      </trkpt>
      <trkpt lat="46.553765" lon="11.852094">
        <ele>1638.3</ele>
        <time>2017-07-30T09:36:11</time>
      </trkpt>
      <trkpt lat="46.553738" lon="11.852301">
        <ele>1637.4</ele>
        <time>2017-07-30T09:36:13</time>
      </trkpt>
      <trkpt lat="46.553702" lon="11.852514">
        <ele>1636.5</ele>
        <time>2017-07-30T09:36:15</time>
      </trkpt>
      <trkpt lat="46.553647" lon="11.852748">
        <ele>1635.6</ele>
        <time>2017-07-30T09:36:17</time>
      </trkpt>
      <trkpt lat="46.553616" lon="11.852981">
        <ele>1634.8</ele>
        <time>2017-07-30T09:36:19</time>
      </trkpt>
      <trkpt lat="46.553607" lon="11.853098">
        <ele>1633.9</ele>
        <time>2017-07-30T09:36:20</time>
      </trkpt>
      <trkpt lat="46.553564" lon="11.853212">
        <ele>1633.1</ele>
        <time>2017-07-30T09:36:21</time>
      </trkpt>
      <trkpt lat="46.553476" lon="11.853408">
        <ele>1632.3</ele>
        <time>2017-07-30T09:36:23</time>
      </trkpt>
      <trkpt lat="46.55343" lon="11.853513">
        <ele>1631.5</ele>
        <time>2017-07-30T09:36:24</time>
      </trkpt>
      <trkpt lat="46.553331" lon="11.853696">
        <ele>1630.9</ele>
        <time>2017-07-30T09:36:26</time>
      </trkpt>
      <trkpt lat="46.553276" lon="11.853783">
        <ele>1630.3</ele>
        <time>2017-07-30T09:36:27</time>
      </trkpt>
      <trkpt lat="46.553222" lon="11.853985">
        <ele>1629.6</ele>
        <time>2017-07-30T09:36:29</time>
      </trkpt>
      <trkpt lat="46.553195" lon="11.854195">
        <ele>1628.9</ele>
        <time>2017-07-30T09:36:31</time>
      </trkpt>
      <trkpt lat="46.553174" lon="11.854391">
        <ele>1628.2</ele>
        <time>2017-07-30T09:36:33</time>
      </trkpt>
      <trkpt lat="46.553134" lon="11.854564">
        <ele>1627.5</ele>
        <time>2017-07-30T09:36:35</time>
      </trkpt>
      <trkpt lat="46.553128" lon="11.854776">
        <ele>1626.7</ele>
        <time>2017-07-30T09:36:37</time>
      </trkpt>
      <trkpt lat="46.553106" lon="11.854944">
        <ele>1625.9</ele>
        <time>2017-07-30T09:36:39</time>
      </trkpt>
      <trkpt lat="46.553069" lon="11.855068">
        <ele>1625.0</ele>
        <time>2017-07-30T09:36:41</time>
      </trkpt>
      <trkpt lat="46.553046" lon="11.855204">
        <ele>1624.0</ele>
        <time>2017-07-30T09:37:04</time>
      </trkpt>
      <trkpt lat="46.553047" lon="11.855363">
        <ele>1623.0</ele>
        <time>2017-07-30T09:37:07</time>
      </trkpt>
      <trkpt lat="46.55304" lon="11.855522">
        <ele>1622.1</ele>
        <time>2017-07-30T09:37:09</time>
      </trkpt>
      <trkpt lat="46.553021" lon="11.855725">
        <ele>1621.4</ele>
        <time>2017-07-30T09:37:11</time>
      </trkpt>
      <trkpt lat="46.552989" lon="11.855933">
        <ele>1620.5</ele>
        <time>2017-07-30T09:37:13</time>
      </trkpt>
      <trkpt lat="46.552957" lon="11.856153">
        <ele>1619.9</ele>
        <time>2017-07-30T09:37:15</time>
      </trkpt>
      <trkpt lat="46.552942" lon="11.85627">
        <ele>1619.3</ele>
        <time>2017-07-30T09:37:16</time>
      </trkpt>
      <trkpt lat="46.552923" lon="11.856385">
        <ele>1618.6</ele>
        <time>2017-07-30T09:37:17</time>
      </trkpt>
      <trkpt lat="46.552899" lon="11.856504">
        <ele>1618.1</ele>
        <time>2017-07-30T09:37:18</time>
      </trkpt>
      <trkpt lat="46.552887" lon="11.856631">
        <ele>1617.7</ele>
        <time>2017-07-30T09:37:19</time>
      </trkpt>
      <trkpt lat="46.552869" lon="11.856751">
        <ele>1617.5</ele>
        <time>2017-07-30T09:37:20</time>
      </trkpt>
      <trkpt lat="46.552813" lon="11.856859">
        <ele>1617.5</ele>
        <time>2017-07-30T09:37:21</time>
      </trkpt>
      <trkpt lat="46.552749" lon="11.856966">
        <ele>1617.5</ele>
        <time>2017-07-30T09:37:22</time>
      </trkpt>
      <trkpt lat="46.552671" lon="11.857062">
        <ele>1617.4</ele>
        <time>2017-07-30T09:37:23</time>
      </trkpt>
      <trkpt lat="46.55259" lon="11.857151">
        <ele>1617.2</ele>
        <time>2017-07-30T09:37:24</time>
      </trkpt>
      <trkpt lat="46.5525" lon="11.857238">
        <ele>1616.8</ele>
        <time>2017-07-30T09:37:25</time>
      </trkpt>
      <trkpt lat="46.552389" lon="11.85728">
        <ele>1616.0</ele>
        <time>2017-07-30T09:37:26</time>
      </trkpt>
      <trkpt lat="46.552233" lon="11.857199">
        <ele>1614.9</ele>
        <time>2017-07-30T09:37:27</time>
      </trkpt>
      <trkpt lat="46.552118" lon="11.857163">
        <ele>1613.5</ele>
        <time>2017-07-30T09:37:28</time>
      </trkpt>
      <trkpt lat="46.552001" lon="11.857118">
        <ele>1611.9</ele>
        <time>2017-07-30T09:37:29</time>
      </trkpt>
      <trkpt lat="46.55188" lon="11.857078">
        <ele>1610.1</ele>
        <time>2017-07-30T09:37:30</time>
      </trkpt>
      <trkpt lat="46.551696" lon="11.857006">
        <ele>1607.8</ele>
        <time>2017-07-30T09:37:32</time>
      </trkpt>
      <trkpt lat="46.551574" lon="11.85689">
        <ele>1605.5</ele>
        <time>2017-07-30T09:37:33</time>
      </trkpt>
      <trkpt lat="46.55149" lon="11.856779">
        <ele>1603.4</ele>
        <time>2017-07-30T09:37:34</time>
      </trkpt>
      <trkpt lat="46.551429" lon="11.856645">
        <ele>1601.5</ele>
        <time>2017-07-30T09:37:35</time>
      </trkpt>
      <trkpt lat="46.551384" lon="11.85649">
        <ele>1599.8</ele>
        <time>2017-07-30T09:37:36</time>
      </trkpt>
      <trkpt lat="46.55126" lon="11.856225">
        <ele>1598.7</ele>
        <time>2017-07-30T09:37:38</time>
      </trkpt>
      <trkpt lat="46.551252" lon="11.856067">
        <ele>1597.7</ele>
        <time>2017-07-30T09:37:39</time>
      </trkpt>
      <trkpt lat="46.55123" lon="11.855933">
        <ele>1596.8</ele>
        <time>2017-07-30T09:37:40</time>
      </trkpt>
      <trkpt lat="46.551201" lon="11.855793">
        <ele>1595.6</ele>
        <time>2017-07-30T09:37:41</time>
      </trkpt>
      <trkpt lat="46.551168" lon="11.855674">
        <ele>1594.3</ele>
        <time>2017-07-30T09:37:42</time>
      </trkpt>
      <trkpt lat="46.551131" lon="11.8555">
        <ele>1592.7</ele>
        <time>2017-07-30T09:37:44</time>
      </trkpt>
      <trkpt lat="46.551023" lon="11.855507">
        <ele>1591.7</ele>
        <time>2017-07-30T09:37:45</time>
      </trkpt>
      <trkpt lat="46.550935" lon="11.855507">
        <ele>1590.7</ele>
        <time>2017-07-30T09:37:46</time>
      </trkpt>
      <trkpt lat="46.550801" lon="11.85561">
        <ele>1589.7</ele>
        <time>2017-07-30T09:37:48</time>
      </trkpt>
      <trkpt lat="46.550716" lon="11.855618">
        <ele>1588.8</ele>
        <time>2017-07-30T09:37:49</time>
      </trkpt>
      <trkpt lat="46.550746" lon="11.855844">
        <ele>1587.9</ele>
        <time>2017-07-30T09:37:50</time>
      </trkpt>
      <trkpt lat="46.550818" lon="11.856059">
        <ele>1586.5</ele>
        <time>2017-07-30T09:37:51</time>
      </trkpt>
      <trkpt lat="46.550813" lon="11.856218">
        <ele>1585.4</ele>
        <time>2017-07-30T09:37:52</time>
      </trkpt>
      <trkpt lat="46.550821" lon="11.856385">
        <ele>1584.3</ele>
        <time>2017-07-30T09:37:53</time>
      </trkpt>
      <trkpt lat="46.550831" lon="11.856563">
        <ele>1583.5</ele>
        <time>2017-07-30T09:37:54</time>
      </trkpt>
      <trkpt lat="46.550833" lon="11.856727">
        <ele>1583.0</ele>
        <time>2017-07-30T09:37:55</time>
      </trkpt>
      <trkpt lat="46.550834" lon="11.856888">
        <ele>1582.8</ele>
        <time>2017-07-30T09:37:56</time>
      </trkpt>
      <trkpt lat="46.550845" lon="11.857069">
        <ele>1582.4</ele>
        <time>2017-07-30T09:37:57</time>
      </trkpt>
      <trkpt lat="46.550838" lon="11.857245">
        <ele>1581.9</ele>
        <time>2017-07-30T09:37:58</time>
      </trkpt>
      <trkpt lat="46.550827" lon="11.857435">
        <ele>1581.2</ele>
        <time>2017-07-30T09:37:59</time>
      </trkpt>
      <trkpt lat="46.550825" lon="11.857622">
        <ele>1580.2</ele>
        <time>2017-07-30T09:38:00</time>
      </trkpt>
      <trkpt lat="46.550822" lon="11.857812">
        <ele>1578.8</ele>
        <time>2017-07-30T09:38:01</time>
      </trkpt>
      <trkpt lat="46.550829" lon="11.857998">
        <ele>1577.5</ele>
        <time>2017-07-30T09:38:02</time>
      </trkpt>
      <trkpt lat="46.550852" lon="11.858177">
        <ele>1576.2</ele>
        <time>2017-07-30T09:38:03</time>
      </trkpt>
      <trkpt lat="46.550879" lon="11.858364">
        <ele>1574.9</ele>
        <time>2017-07-30T09:38:04</time>
      </trkpt>
      <trkpt lat="46.550958" lon="11.85853">
        <ele>1573.7</ele>
        <time>2017-07-30T09:38:05</time>
      </trkpt>
      <trkpt lat="46.551037" lon="11.858702">
        <ele>1572.5</ele>
        <time>2017-07-30T09:38:06</time>
      </trkpt>
      <trkpt lat="46.551116" lon="11.858848">
        <ele>1571.0</ele>
        <time>2017-07-30T09:38:07</time>
      </trkpt>
      <trkpt lat="46.55119" lon="11.858974">
        <ele>1569.5</ele>
        <time>2017-07-30T09:38:08</time>
      </trkpt>
      <trkpt lat="46.551266" lon="11.8591">
        <ele>1567.9</ele>
        <time>2017-07-30T09:38:09</time>
      </trkpt>
      <trkpt lat="46.551345" lon="11.859228">
        <ele>1566.5</ele>
        <time>2017-07-30T09:38:10</time>
      </trkpt>
      <trkpt lat="46.551393" lon="11.859405">
        <ele>1565.0</ele>
        <time>2017-07-30T09:38:11</time>
      </trkpt>
      <trkpt lat="46.551416" lon="11.859579">
        <ele>1563.5</ele>
        <time>2017-07-30T09:38:12</time>
      </trkpt>
      <trkpt lat="46.551433" lon="11.859744">
        <ele>1561.8</ele>
        <time>2017-07-30T09:38:13</time>
      </trkpt>
      <trkpt lat="46.55146" lon="11.859918">
        <ele>1560.0</ele>
        <time>2017-07-30T09:38:14</time>
      </trkpt>
      <trkpt lat="46.551488" lon="11.86009">
        <ele>1558.3</ele>
        <time>2017-07-30T09:38:15</time>
      </trkpt>
      <trkpt lat="46.551527" lon="11.860272">
        <ele>1556.5</ele>
        <time>2017-07-30T09:38:16</time>
      </trkpt>
      <trkpt lat="46.551555" lon="11.860454">
        <ele>1554.8</ele>
        <time>2017-07-30T09:38:17</time>
      </trkpt>
      <trkpt lat="46.551624" lon="11.860843">
        <ele>1553.1</ele>
        <time>2017-07-30T09:38:19</time>
      </trkpt>
      <trkpt lat="46.551659" lon="11.861031">
        <ele>1551.5</ele>
        <time>2017-07-30T09:38:20</time>
      </trkpt>
      <trkpt lat="46.551697" lon="11.861216">
        <ele>1549.7</ele>
        <time>2017-07-30T09:38:21</time>
      </trkpt>
      <trkpt lat="46.55173" lon="11.861404">
        <ele>1548.0</ele>
        <time>2017-07-30T09:38:22</time>
      </trkpt>
      <trkpt lat="46.551775" lon="11.861699">
        <ele>1546.4</ele>
        <time>2017-07-30T09:38:24</time>
      </trkpt>
      <trkpt lat="46.551818" lon="11.861906">
        <ele>1544.9</ele>
        <time>2017-07-30T09:38:25</time>
      </trkpt>
      <trkpt lat="46.551824" lon="11.862084">
        <ele>1543.9</ele>
        <time>2017-07-30T09:38:26</time>
      </trkpt>
      <trkpt lat="46.551824" lon="11.862356">
        <ele>1543.1</ele>
        <time>2017-07-30T09:38:28</time>
      </trkpt>
      <trkpt lat="46.55176" lon="11.862598">
        <ele>1542.4</ele>
        <time>2017-07-30T09:38:29</time>
      </trkpt>
      <trkpt lat="46.551702" lon="11.862744">
        <ele>1541.8</ele>
        <time>2017-07-30T09:38:30</time>
      </trkpt>
      <trkpt lat="46.551611" lon="11.862847">
        <ele>1541.6</ele>
        <time>2017-07-30T09:38:31</time>
      </trkpt>
      <trkpt lat="46.551528" lon="11.862966">
        <ele>1541.6</ele>
        <time>2017-07-30T09:38:32</time>
      </trkpt>
      <trkpt lat="46.551442" lon="11.863073">
        <ele>1541.7</ele>
        <time>2017-07-30T09:38:33</time>
      </trkpt>
      <trkpt lat="46.551366" lon="11.863184">
        <ele>1542.0</ele>
        <time>2017-07-30T09:38:34</time>
      </trkpt>
      <trkpt lat="46.551299" lon="11.863295">
        <ele>1542.3</ele>
        <time>2017-07-30T09:38:35</time>
      </trkpt>
      <trkpt lat="46.5512" lon="11.863553">
        <ele>1542.5</ele>
        <time>2017-07-30T09:38:37</time>
      </trkpt>
      <trkpt lat="46.551166" lon="11.863687">
        <ele>1542.7</ele>
        <time>2017-07-30T09:38:38</time>
      </trkpt>
      <trkpt lat="46.551144" lon="11.863824">
        <ele>1542.8</ele>
        <time>2017-07-30T09:38:39</time>
      </trkpt>
      <trkpt lat="46.55112" lon="11.863957">
        <ele>1542.7</ele>
        <time>2017-07-30T09:38:40</time>
      </trkpt>
      <trkpt lat="46.55112" lon="11.864094">
        <ele>1542.5</ele>
        <time>2017-07-30T09:38:41</time>
      </trkpt>
      <trkpt lat="46.551136" lon="11.864229">
        <ele>1542.0</ele>
        <time>2017-07-30T09:38:42</time>
      </trkpt>
      <trkpt lat="46.55114" lon="11.864355">
        <ele>1541.5</ele>
        <time>2017-07-30T09:38:43</time>
      </trkpt>
      <trkpt lat="46.551146" lon="11.864501">
        <ele>1540.8</ele>
        <time>2017-07-30T09:38:44</time>
      </trkpt>
      <trkpt lat="46.551154" lon="11.864644">
        <ele>1540.2</ele>
        <time>2017-07-30T09:38:45</time>
      </trkpt>
      <trkpt lat="46.551143" lon="11.864782">
        <ele>1539.5</ele>
        <time>2017-07-30T09:38:46</time>
      </trkpt>
      <trkpt lat="46.55115" lon="11.864921">
        <ele>1538.9</ele>
        <time>2017-07-30T09:38:47</time>
      </trkpt>
      <trkpt lat="46.551153" lon="11.865053">
        <ele>1538.3</ele>
        <time>2017-07-30T09:38:48</time>
      </trkpt>
      <trkpt lat="46.551155" lon="11.865179">
        <ele>1537.7</ele>
        <time>2017-07-30T09:38:49</time>
      </trkpt>
      <trkpt lat="46.551157" lon="11.865319">
        <ele>1537.2</ele>
        <time>2017-07-30T09:38:50</time>
      </trkpt>
      <trkpt lat="46.551165" lon="11.865459">
        <ele>1536.6</ele>
        <time>2017-07-30T09:38:51</time>
      </trkpt>
      <trkpt lat="46.551172" lon="11.865597">
        <ele>1536.2</ele>
        <time>2017-07-30T09:38:52</time>
      </trkpt>
      <trkpt lat="46.551177" lon="11.865731">
        <ele>1535.7</ele>
        <time>2017-07-30T09:38:53</time>
      </trkpt>
      <trkpt lat="46.551185" lon="11.865873">
        <ele>1535.2</ele>
        <time>2017-07-30T09:38:54</time>
      </trkpt>
      <trkpt lat="46.551195" lon="11.866005">
        <ele>1534.6</ele>
        <time>2017-07-30T09:38:55</time>
      </trkpt>
      <trkpt lat="46.551201" lon="11.866139">
        <ele>1534.1</ele>
        <time>2017-07-30T09:38:56</time>
      </trkpt>
      <trkpt lat="46.551206" lon="11.866279">
        <ele>1533.5</ele>
        <time>2017-07-30T09:38:57</time>
      </trkpt>
      <trkpt lat="46.551194" lon="11.866541">
        <ele>1533.1</ele>
        <time>2017-07-30T09:38:59</time>
      </trkpt>
      <trkpt lat="46.551204" lon="11.866675">
        <ele>1532.6</ele>
        <time>2017-07-30T09:39:00</time>
      </trkpt>
      <trkpt lat="46.55121" lon="11.866807">
        <ele>1532.2</ele>
        <time>2017-07-30T09:39:01</time>
      </trkpt>
      <trkpt lat="46.551216" lon="11.866942">
        <ele>1531.8</ele>
        <time>2017-07-30T09:39:02</time>
      </trkpt>
      <trkpt lat="46.55122" lon="11.867068">
        <ele>1531.5</ele>
        <time>2017-07-30T09:39:03</time>
      </trkpt>
      <trkpt lat="46.551225" lon="11.867202">
        <ele>1531.1</ele>
        <time>2017-07-30T09:39:04</time>
      </trkpt>
      <trkpt lat="46.551227" lon="11.867337">
        <ele>1530.7</ele>
        <time>2017-07-30T09:39:05</time>
      </trkpt>
      <trkpt lat="46.551234" lon="11.867461">
        <ele>1530.5</ele>
        <time>2017-07-30T09:39:06</time>
      </trkpt>
      <trkpt lat="46.551233" lon="11.867591">
        <ele>1530.3</ele>
        <time>2017-07-30T09:39:07</time>
      </trkpt>
      <trkpt lat="46.551237" lon="11.867716">
        <ele>1530.0</ele>
        <time>2017-07-30T09:39:08</time>
      </trkpt>
      <trkpt lat="46.551236" lon="11.867846">
        <ele>1529.7</ele>
        <time>2017-07-30T09:39:09</time>
      </trkpt>
      <trkpt lat="46.551244" lon="11.867973">
        <ele>1529.4</ele>
        <time>2017-07-30T09:39:10</time>
      </trkpt>
      <trkpt lat="46.551249" lon="11.868101">
        <ele>1529.0</ele>
        <time>2017-07-30T09:39:11</time>
      </trkpt>
      <trkpt lat="46.551254" lon="11.86823">
        <ele>1528.5</ele>
        <time>2017-07-30T09:39:12</time>
      </trkpt>
      <trkpt lat="46.551262" lon="11.868359">
        <ele>1528.1</ele>
        <time>2017-07-30T09:39:13</time>
      </trkpt>
      <trkpt lat="46.551266" lon="11.868491">
        <ele>1527.6</ele>
        <time>2017-07-30T09:39:14</time>
      </trkpt>
      <trkpt lat="46.551267" lon="11.868611">
        <ele>1527.1</ele>
        <time>2017-07-30T09:39:15</time>
      </trkpt>
      <trkpt lat="46.551273" lon="11.868739">
        <ele>1526.6</ele>
        <time>2017-07-30T09:39:16</time>
      </trkpt>
      <trkpt lat="46.551281" lon="11.868864">
        <ele>1526.1</ele>
        <time>2017-07-30T09:39:17</time>
      </trkpt>
      <trkpt lat="46.551297" lon="11.86899">
        <ele>1525.5</ele>
        <time>2017-07-30T09:39:18</time>
      </trkpt>
      <trkpt lat="46.551318" lon="11.869115">
        <ele>1525.1</ele>
        <time>2017-07-30T09:39:19</time>
      </trkpt>
      <trkpt lat="46.551337" lon="11.869233">
        <ele>1524.6</ele>
        <time>2017-07-30T09:39:20</time>
      </trkpt>
      <trkpt lat="46.551352" lon="11.869359">
        <ele>1524.3</ele>
        <time>2017-07-30T09:39:21</time>
      </trkpt>
      <trkpt lat="46.551375" lon="11.869482">
        <ele>1523.9</ele>
        <time>2017-07-30T09:39:22</time>
      </trkpt>
      <trkpt lat="46.551396" lon="11.869602">
        <ele>1523.7</ele>
        <time>2017-07-30T09:39:23</time>
      </trkpt>
      <trkpt lat="46.551417" lon="11.869727">
        <ele>1523.5</ele>
        <time>2017-07-30T09:39:24</time>
      </trkpt>
      <trkpt lat="46.551459" lon="11.869951">
        <ele>1523.5</ele>
        <time>2017-07-30T09:39:26</time>
      </trkpt>
      <trkpt lat="46.551486" lon="11.870064">
        <ele>1523.5</ele>
        <time>2017-07-30T09:39:27</time>
      </trkpt>
      <trkpt lat="46.55151" lon="11.870178">
        <ele>1523.5</ele>
        <time>2017-07-30T09:39:28</time>
      </trkpt>
      <trkpt lat="46.55155" lon="11.870382">
        <ele>1523.6</ele>
        <time>2017-07-30T09:39:30</time>
      </trkpt>
      <trkpt lat="46.551549" lon="11.870507">
        <ele>1523.8</ele>
        <time>2017-07-30T09:39:32</time>
      </trkpt>
      <trkpt lat="46.551467" lon="11.870584">
        <ele>1524.0</ele>
        <time>2017-07-30T09:42:43</time>
      </trkpt>
      <trkpt lat="46.55138" lon="11.870622">
        <ele>1524.2</ele>
        <time>2017-07-30T09:42:48</time>
      </trkpt>
      <trkpt lat="46.551308" lon="11.870688">
        <ele>1524.5</ele>
        <time>2017-07-30T09:43:28</time>
      </trkpt>
      <trkpt lat="46.55121" lon="11.870701">
        <ele>1524.7</ele>
        <time>2017-07-30T09:43:33</time>
      </trkpt>
      <trkpt lat="46.551126" lon="11.870714">
        <ele>1525.0</ele>
        <time>2017-07-30T09:43:37</time>
      </trkpt>
      <trkpt lat="46.551035" lon="11.870736">
        <ele>1525.3</ele>
        <time>2017-07-30T09:43:42</time>
      </trkpt>
      <trkpt lat="46.55093" lon="11.87076">
        <ele>1525.5</ele>
        <time>2017-07-30T09:43:46</time>
      </trkpt>
      <trkpt lat="46.550837" lon="11.870777">
        <ele>1525.9</ele>
        <time>2017-07-30T09:43:49</time>
      </trkpt>
      <trkpt lat="46.550748" lon="11.870786">
        <ele>1526.3</ele>
        <time>2017-07-30T09:43:52</time>
      </trkpt>
      <trkpt lat="46.550669" lon="11.870811">
        <ele>1526.5</ele>
        <time>2017-07-30T09:43:55</time>
      </trkpt>
      <trkpt lat="46.550575" lon="11.870831">
        <ele>1526.9</ele>
        <time>2017-07-30T09:43:58</time>
      </trkpt>
      <trkpt lat="46.550485" lon="11.870851">
        <ele>1527.3</ele>
        <time>2017-07-30T09:44:01</time>
      </trkpt>
      <trkpt lat="46.550383" lon="11.870865">
        <ele>1527.7</ele>
        <time>2017-07-30T09:44:04</time>
      </trkpt>
      <trkpt lat="46.550276" lon="11.870886">
        <ele>1528.1</ele>
        <time>2017-07-30T09:44:07</time>
      </trkpt>
      <trkpt lat="46.55017" lon="11.870902">
        <ele>1528.5</ele>
        <time>2017-07-30T09:44:10</time>
      </trkpt>
      <trkpt lat="46.550084" lon="11.870945">
        <ele>1529.0</ele>
        <time>2017-07-30T09:44:13</time>
      </trkpt>
      <trkpt lat="46.550008" lon="11.871021">
        <ele>1529.5</ele>
        <time>2017-07-30T09:44:16</time>
      </trkpt>
      <trkpt lat="46.54994" lon="11.871121">
        <ele>1530.1</ele>
        <time>2017-07-30T09:44:19</time>
      </trkpt>
      <trkpt lat="46.549869" lon="11.871183">
        <ele>1530.6</ele>
        <time>2017-07-30T09:44:22</time>
      </trkpt>
      <trkpt lat="46.549778" lon="11.87122">
        <ele>1531.3</ele>
        <time>2017-07-30T09:44:26</time>
      </trkpt>
      <trkpt lat="46.549682" lon="11.871277">
        <ele>1531.9</ele>
        <time>2017-07-30T09:44:30</time>
      </trkpt>
      <trkpt lat="46.549605" lon="11.87133">
        <ele>1532.5</ele>
        <time>2017-07-30T09:44:33</time>
      </trkpt>
      <trkpt lat="46.549523" lon="11.871385">
        <ele>1533.2</ele>
        <time>2017-07-30T09:44:36</time>
      </trkpt>
      <trkpt lat="46.549433" lon="11.871434">
        <ele>1533.8</ele>
        <time>2017-07-30T09:44:39</time>
      </trkpt>
      <trkpt lat="46.549347" lon="11.871485">
        <ele>1534.5</ele>
        <time>2017-07-30T09:44:42</time>
      </trkpt>
      <trkpt lat="46.549276" lon="11.871542">
        <ele>1535.2</ele>
        <time>2017-07-30T09:44:45</time>
      </trkpt>
      <trkpt lat="46.549193" lon="11.87159">
        <ele>1535.8</ele>
        <time>2017-07-30T09:44:50</time>
      </trkpt>
      <trkpt lat="46.549112" lon="11.871662">
        <ele>1536.5</ele>
        <time>2017-07-30T09:44:55</time>
      </trkpt>
      <trkpt lat="46.549022" lon="11.871726">
        <ele>1537.2</ele>
        <time>2017-07-30T09:45:00</time>
      </trkpt>
      <trkpt lat="46.548945" lon="11.871764">
        <ele>1537.8</ele>
        <time>2017-07-30T09:45:03</time>
      </trkpt>
      <trkpt lat="46.548848" lon="11.871812">
        <ele>1538.4</ele>
        <time>2017-07-30T09:45:07</time>
      </trkpt>
      <trkpt lat="46.548767" lon="11.871866">
        <ele>1538.9</ele>
        <time>2017-07-30T09:45:11</time>
      </trkpt>
      <trkpt lat="46.548678" lon="11.871928">
        <ele>1539.4</ele>
        <time>2017-07-30T09:45:15</time>
      </trkpt>
      <trkpt lat="46.548604" lon="11.871976">
        <ele>1539.8</ele>
        <time>2017-07-30T09:45:18</time>
      </trkpt>
      <trkpt lat="46.54851" lon="11.872009">
        <ele>1540.2</ele>
        <time>2017-07-30T09:45:22</time>
      </trkpt>
      <trkpt lat="46.548412" lon="11.872028">
        <ele>1540.5</ele>
        <time>2017-07-30T09:45:26</time>
      </trkpt>
      <trkpt lat="46.548314" lon="11.872029">
        <ele>1540.8</ele>
        <time>2017-07-30T09:45:30</time>
      </trkpt>
      <trkpt lat="46.548233" lon="11.872057">
        <ele>1541.1</ele>
        <time>2017-07-30T09:45:34</time>
      </trkpt>
      <trkpt lat="46.548136" lon="11.872066">
        <ele>1541.3</ele>
        <time>2017-07-30T09:45:38</time>
      </trkpt>
      <trkpt lat="46.54804" lon="11.872109">
        <ele>1541.5</ele>
        <time>2017-07-30T09:45:42</time>
      </trkpt>
      <trkpt lat="46.547949" lon="11.872136">
        <ele>1541.6</ele>
        <time>2017-07-30T09:45:46</time>
      </trkpt>
      <trkpt lat="46.547855" lon="11.872182">
        <ele>1541.8</ele>
        <time>2017-07-30T09:45:51</time>
      </trkpt>
      <trkpt lat="46.547789" lon="11.87228">
        <ele>1541.9</ele>
        <time>2017-07-30T09:45:55</time>
      </trkpt>
      <trkpt lat="46.54772" lon="11.87236">
        <ele>1542.1</ele>
        <time>2017-07-30T09:46:00</time>
      </trkpt>
      <trkpt lat="46.547634" lon="11.872425">
        <ele>1542.3</ele>
        <time>2017-07-30T09:46:04</time>
      </trkpt>
      <trkpt lat="46.547563" lon="11.872505">
        <ele>1542.5</ele>
        <time>2017-07-30T09:46:08</time>
      </trkpt>
      <trkpt lat="46.547497" lon="11.872615">
        <ele>1542.6</ele>
        <time>2017-07-30T09:46:13</time>
      </trkpt>
      <trkpt lat="46.547453" lon="11.872735">
        <ele>1542.7</ele>
        <time>2017-07-30T09:46:17</time>
      </trkpt>
      <trkpt lat="46.547415" lon="11.872842">
        <ele>1542.9</ele>
        <time>2017-07-30T09:46:21</time>
      </trkpt>
      <trkpt lat="46.547378" lon="11.87296">
        <ele>1543.1</ele>
        <time>2017-07-30T09:46:27</time>
      </trkpt>
      <trkpt lat="46.547303" lon="11.87306">
        <ele>1543.3</ele>
        <time>2017-07-30T09:46:30</time>
      </trkpt>
      <trkpt lat="46.547242" lon="11.873138">
        <ele>1543.5</ele>
        <time>2017-07-30T09:46:32</time>
      </trkpt>
      <trkpt lat="46.547186" lon="11.873227">
        <ele>1543.7</ele>
        <time>2017-07-30T09:46:34</time>
      </trkpt>
      <trkpt lat="46.547115" lon="11.873365">
        <ele>1544.2</ele>
        <time>2017-07-30T09:46:37</time>
      </trkpt>
      <trkpt lat="46.547069" lon="11.873502">
        <ele>1544.5</ele>
        <time>2017-07-30T09:46:40</time>
      </trkpt>
      <trkpt lat="46.547053" lon="11.873652">
        <ele>1545.0</ele>
        <time>2017-07-30T09:46:43</time>
      </trkpt>
      <trkpt lat="46.547038" lon="11.873804">
        <ele>1545.5</ele>
        <time>2017-07-30T09:46:46</time>
      </trkpt>
      <trkpt lat="46.547008" lon="11.873945">
        <ele>1546.2</ele>
        <time>2017-07-30T09:46:49</time>
      </trkpt>
      <trkpt lat="46.546947" lon="11.874062">
        <ele>1546.9</ele>
        <time>2017-07-30T09:46:53</time>
      </trkpt>
      <trkpt lat="46.546923" lon="11.874182">
        <ele>1547.6</ele>
        <time>2017-07-30T09:46:57</time>
      </trkpt>
      <trkpt lat="46.5469" lon="11.874302">
        <ele>1548.5</ele>
        <time>2017-07-30T09:47:02</time>
      </trkpt>
      <trkpt lat="46.546874" lon="11.874432">
        <ele>1549.2</ele>
        <time>2017-07-30T09:47:07</time>
      </trkpt>
      <trkpt lat="46.546851" lon="11.874546">
        <ele>1550.0</ele>
        <time>2017-07-30T09:47:12</time>
      </trkpt>
      <trkpt lat="46.546856" lon="11.874666">
        <ele>1550.8</ele>
        <time>2017-07-30T09:47:16</time>
      </trkpt>
      <trkpt lat="46.546866" lon="11.874793">
        <ele>1551.5</ele>
        <time>2017-07-30T09:47:22</time>
      </trkpt>
      <trkpt lat="46.546901" lon="11.874917">
        <ele>1552.4</ele>
        <time>2017-07-30T09:47:28</time>
      </trkpt>
      <trkpt lat="46.546929" lon="11.875044">
        <ele>1553.2</ele>
        <time>2017-07-30T09:47:33</time>
      </trkpt>
      <trkpt lat="46.546893" lon="11.875155">
        <ele>1554.0</ele>
        <time>2017-07-30T09:47:40</time>
      </trkpt>
      <trkpt lat="46.546814" lon="11.875221">
        <ele>1554.9</ele>
        <time>2017-07-30T09:47:45</time>
      </trkpt>
      <trkpt lat="46.5468" lon="11.875343">
        <ele>1555.8</ele>
        <time>2017-07-30T09:47:50</time>
      </trkpt>
      <trkpt lat="46.546822" lon="11.875471">
        <ele>1556.7</ele>
        <time>2017-07-30T09:47:55</time>
      </trkpt>
      <trkpt lat="46.546873" lon="11.875571">
        <ele>1557.6</ele>
        <time>2017-07-30T09:48:00</time>
      </trkpt>
      <trkpt lat="46.546947" lon="11.875641">
        <ele>1558.5</ele>
        <time>2017-07-30T09:48:05</time>
      </trkpt>
      <trkpt lat="46.547019" lon="11.875722">
        <ele>1559.5</ele>
        <time>2017-07-30T09:48:10</time>
      </trkpt>
      <trkpt lat="46.54704" lon="11.875845">
        <ele>1560.3</ele>
        <time>2017-07-30T09:48:15</time>
      </trkpt>
      <trkpt lat="46.54701" lon="11.875967">
        <ele>1561.1</ele>
        <time>2017-07-30T09:48:20</time>
      </trkpt>
      <trkpt lat="46.546941" lon="11.876042">
        <ele>1561.8</ele>
        <time>2017-07-30T09:48:24</time>
      </trkpt>
      <trkpt lat="46.546864" lon="11.87609">
        <ele>1562.4</ele>
        <time>2017-07-30T09:48:28</time>
      </trkpt>
      <trkpt lat="46.546788" lon="11.876176">
        <ele>1562.7</ele>
        <time>2017-07-30T09:48:32</time>
      </trkpt>
      <trkpt lat="46.546711" lon="11.876258">
        <ele>1563.0</ele>
        <time>2017-07-30T09:48:36</time>
      </trkpt>
      <trkpt lat="46.54663" lon="11.876334">
        <ele>1563.2</ele>
        <time>2017-07-30T09:48:40</time>
      </trkpt>
      <trkpt lat="46.546536" lon="11.876369">
        <ele>1563.4</ele>
        <time>2017-07-30T09:48:44</time>
      </trkpt>
      <trkpt lat="46.546452" lon="11.876325">
        <ele>1563.6</ele>
        <time>2017-07-30T09:48:47</time>
      </trkpt>
      <trkpt lat="46.546369" lon="11.876267">
        <ele>1564.1</ele>
        <time>2017-07-30T09:48:50</time>
      </trkpt>
      <trkpt lat="46.546274" lon="11.87622">
        <ele>1564.5</ele>
        <time>2017-07-30T09:48:54</time>
      </trkpt>
      <trkpt lat="46.54618" lon="11.87615">
        <ele>1564.8</ele>
        <time>2017-07-30T09:48:58</time>
      </trkpt>
      <trkpt lat="46.546101" lon="11.8761">
        <ele>1565.1</ele>
        <time>2017-07-30T09:49:01</time>
      </trkpt>
      <trkpt lat="46.54604" lon="11.87602">
        <ele>1565.3</ele>
        <time>2017-07-30T09:49:04</time>
      </trkpt>
      <trkpt lat="46.54599" lon="11.875916">
        <ele>1565.5</ele>
        <time>2017-07-30T09:49:10</time>
      </trkpt>
      <trkpt lat="46.54598" lon="11.875776">
        <ele>1565.7</ele>
        <time>2017-07-30T09:49:15</time>
      </trkpt>
      <trkpt lat="46.545955" lon="11.875638">
        <ele>1566.0</ele>
        <time>2017-07-30T09:49:20</time>
      </trkpt>
      <trkpt lat="46.545945" lon="11.875502">
        <ele>1566.5</ele>
        <time>2017-07-30T09:49:25</time>
      </trkpt>
      <trkpt lat="46.545937" lon="11.875379">
        <ele>1567.0</ele>
        <time>2017-07-30T09:49:31</time>
      </trkpt>
      <trkpt lat="46.545916" lon="11.875261">
        <ele>1567.5</ele>
        <time>2017-07-30T09:49:37</time>
      </trkpt>
      <trkpt lat="46.545845" lon="11.875185">
        <ele>1567.8</ele>
        <time>2017-07-30T09:49:43</time>
      </trkpt>
      <trkpt lat="46.545754" lon="11.875178">
        <ele>1568.3</ele>
        <time>2017-07-30T09:49:47</time>
      </trkpt>
      <trkpt lat="46.545708" lon="11.875287">
        <ele>1568.8</ele>
        <time>2017-07-30T09:49:54</time>
      </trkpt>
      <trkpt lat="46.545716" lon="11.875408">
        <ele>1569.5</ele>
        <time>2017-07-30T09:49:58</time>
      </trkpt>
      <trkpt lat="46.54573" lon="11.875526">
        <ele>1570.5</ele>
        <time>2017-07-30T09:50:02</time>
      </trkpt>
      <trkpt lat="46.545728" lon="11.875646">
        <ele>1571.5</ele>
        <time>2017-07-30T09:50:06</time>
      </trkpt>
      <trkpt lat="46.54576" lon="11.875781">
        <ele>1572.7</ele>
        <time>2017-07-30T09:50:11</time>
      </trkpt>
      <trkpt lat="46.545762" lon="11.875913">
        <ele>1573.9</ele>
        <time>2017-07-30T09:50:15</time>
      </trkpt>
      <trkpt lat="46.545712" lon="11.876028">
        <ele>1575.0</ele>
        <time>2017-07-30T09:50:20</time>
      </trkpt>
      <trkpt lat="46.545625" lon="11.876048">
        <ele>1576.0</ele>
        <time>2017-07-30T09:50:24</time>
      </trkpt>
      <trkpt lat="46.545547" lon="11.876003">
        <ele>1577.0</ele>
        <time>2017-07-30T09:50:28</time>
      </trkpt>
      <trkpt lat="46.545466" lon="11.875952">
        <ele>1578.0</ele>
        <time>2017-07-30T09:50:33</time>
      </trkpt>
      <trkpt lat="46.545385" lon="11.875901">
        <ele>1579.0</ele>
        <time>2017-07-30T09:50:38</time>
      </trkpt>
      <trkpt lat="46.545303" lon="11.875844">
        <ele>1580.0</ele>
        <time>2017-07-30T09:50:44</time>
      </trkpt>
      <trkpt lat="46.545221" lon="11.875787">
        <ele>1581.0</ele>
        <time>2017-07-30T09:50:51</time>
      </trkpt>
      <trkpt lat="46.545143" lon="11.875721">
        <ele>1582.1</ele>
        <time>2017-07-30T09:50:57</time>
      </trkpt>
      <trkpt lat="46.54506" lon="11.875661">
        <ele>1583.3</ele>
        <time>2017-07-30T09:51:03</time>
      </trkpt>
      <trkpt lat="46.544978" lon="11.875603">
        <ele>1584.5</ele>
        <time>2017-07-30T09:51:09</time>
      </trkpt>
      <trkpt lat="46.544885" lon="11.875585">
        <ele>1585.6</ele>
        <time>2017-07-30T09:51:15</time>
      </trkpt>
      <trkpt lat="46.544807" lon="11.875631">
        <ele>1586.8</ele>
        <time>2017-07-30T09:51:20</time>
      </trkpt>
      <trkpt lat="46.544759" lon="11.875726">
        <ele>1588.0</ele>
        <time>2017-07-30T09:51:25</time>
      </trkpt>
      <trkpt lat="46.544737" lon="11.875852">
        <ele>1589.1</ele>
        <time>2017-07-30T09:51:29</time>
      </trkpt>
      <trkpt lat="46.544774" lon="11.875978">
        <ele>1590.2</ele>
        <time>2017-07-30T09:51:33</time>
      </trkpt>
      <trkpt lat="46.544834" lon="11.876099">
        <ele>1591.3</ele>
        <time>2017-07-30T09:51:38</time>
      </trkpt>
      <trkpt lat="46.544883" lon="11.876203">
        <ele>1592.4</ele>
        <time>2017-07-30T09:51:42</time>
      </trkpt>
      <trkpt lat="46.544921" lon="11.876324">
        <ele>1593.5</ele>
        <time>2017-07-30T09:51:47</time>
      </trkpt>
      <trkpt lat="46.544942" lon="11.876446">
        <ele>1594.5</ele>
        <time>2017-07-30T09:51:51</time>
      </trkpt>
      <trkpt lat="46.544955" lon="11.876573">
        <ele>1595.3</ele>
        <time>2017-07-30T09:51:55</time>
      </trkpt>
      <trkpt lat="46.544904" lon="11.876699">
        <ele>1596.0</ele>
        <time>2017-07-30T09:51:59</time>
      </trkpt>
      <trkpt lat="46.544813" lon="11.87676">
        <ele>1596.5</ele>
        <time>2017-07-30T09:52:03</time>
      </trkpt>
      <trkpt lat="46.544732" lon="11.876745">
        <ele>1596.9</ele>
        <time>2017-07-30T09:52:07</time>
      </trkpt>
      <trkpt lat="46.544643" lon="11.876707">
        <ele>1597.2</ele>
        <time>2017-07-30T09:52:12</time>
      </trkpt>
      <trkpt lat="46.544555" lon="11.876646">
        <ele>1597.5</ele>
        <time>2017-07-30T09:52:16</time>
      </trkpt>
      <trkpt lat="46.54448" lon="11.8766">
        <ele>1598.0</ele>
        <time>2017-07-30T09:52:19</time>
      </trkpt>
      <trkpt lat="46.544399" lon="11.876559">
        <ele>1598.5</ele>
        <time>2017-07-30T09:52:22</time>
      </trkpt>
      <trkpt lat="46.544308" lon="11.876519">
        <ele>1599.1</ele>
        <time>2017-07-30T09:52:26</time>
      </trkpt>
      <trkpt lat="46.544221" lon="11.876516">
        <ele>1599.5</ele>
        <time>2017-07-30T09:52:30</time>
      </trkpt>
      <trkpt lat="46.544148" lon="11.876609">
        <ele>1599.9</ele>
        <time>2017-07-30T09:52:35</time>
      </trkpt>
      <trkpt lat="46.544147" lon="11.876738">
        <ele>1600.3</ele>
        <time>2017-07-30T09:52:39</time>
      </trkpt>
      <trkpt lat="46.544191" lon="11.876846">
        <ele>1600.5</ele>
        <time>2017-07-30T09:52:42</time>
      </trkpt>
      <trkpt lat="46.54425" lon="11.876968">
        <ele>1601.0</ele>
        <time>2017-07-30T09:52:46</time>
      </trkpt>
      <trkpt lat="46.544291" lon="11.877105">
        <ele>1601.5</ele>
        <time>2017-07-30T09:52:51</time>
      </trkpt>
      <trkpt lat="46.544329" lon="11.877246">
        <ele>1602.2</ele>
        <time>2017-07-30T09:52:55</time>
      </trkpt>
      <trkpt lat="46.544347" lon="11.877395">
        <ele>1602.8</ele>
        <time>2017-07-30T09:52:59</time>
      </trkpt>
      <trkpt lat="46.544363" lon="11.877515">
        <ele>1603.5</ele>
        <time>2017-07-30T09:53:03</time>
      </trkpt>
      <trkpt lat="46.544373" lon="11.877635">
        <ele>1604.0</ele>
        <time>2017-07-30T09:53:07</time>
      </trkpt>
      <trkpt lat="46.544376" lon="11.877767">
        <ele>1604.5</ele>
        <time>2017-07-30T09:53:12</time>
      </trkpt>
      <trkpt lat="46.544357" lon="11.877894">
        <ele>1605.2</ele>
        <time>2017-07-30T09:53:16</time>
      </trkpt>
      <trkpt lat="46.544344" lon="11.878024">
        <ele>1605.9</ele>
        <time>2017-07-30T09:53:21</time>
      </trkpt>
      <trkpt lat="46.544341" lon="11.878162">
        <ele>1606.8</ele>
        <time>2017-07-30T09:53:26</time>
      </trkpt>
      <trkpt lat="46.544337" lon="11.87829">
        <ele>1607.9</ele>
        <time>2017-07-30T09:53:31</time>
      </trkpt>
      <trkpt lat="46.544359" lon="11.878429">
        <ele>1609.0</ele>
        <time>2017-07-30T09:53:36</time>
      </trkpt>
      <trkpt lat="46.544335" lon="11.878563">
        <ele>1610.1</ele>
        <time>2017-07-30T09:53:41</time>
      </trkpt>
      <trkpt lat="46.544266" lon="11.878663">
        <ele>1611.0</ele>
        <time>2017-07-30T09:53:45</time>
      </trkpt>
      <trkpt lat="46.54419" lon="11.878711">
        <ele>1611.8</ele>
        <time>2017-07-30T09:53:49</time>
      </trkpt>
      <trkpt lat="46.544107" lon="11.878681">
        <ele>1612.5</ele>
        <time>2017-07-30T09:53:54</time>
      </trkpt>
      <trkpt lat="46.54404" lon="11.878606">
        <ele>1613.1</ele>
        <time>2017-07-30T09:53:59</time>
      </trkpt>
      <trkpt lat="46.544009" lon="11.878485">
        <ele>1613.8</ele>
        <time>2017-07-30T09:54:04</time>
      </trkpt>
      <trkpt lat="46.543973" lon="11.878353">
        <ele>1614.5</ele>
        <time>2017-07-30T09:54:09</time>
      </trkpt>
      <trkpt lat="46.543941" lon="11.87821">
        <ele>1615.3</ele>
        <time>2017-07-30T09:54:13</time>
      </trkpt>
      <trkpt lat="46.543908" lon="11.878093">
        <ele>1615.9</ele>
        <time>2017-07-30T09:54:17</time>
      </trkpt>
      <trkpt lat="46.543875" lon="11.87796">
        <ele>1616.5</ele>
        <time>2017-07-30T09:54:22</time>
      </trkpt>
      <trkpt lat="46.543847" lon="11.877842">
        <ele>1617.1</ele>
        <time>2017-07-30T09:54:27</time>
      </trkpt>
      <trkpt lat="46.543808" lon="11.877726">
        <ele>1617.7</ele>
        <time>2017-07-30T09:54:32</time>
      </trkpt>
      <trkpt lat="46.54375" lon="11.877628">
        <ele>1618.6</ele>
        <time>2017-07-30T09:54:36</time>
      </trkpt>
      <trkpt lat="46.54366" lon="11.877575">
        <ele>1619.5</ele>
        <time>2017-07-30T09:54:40</time>
      </trkpt>
      <trkpt lat="46.543572" lon="11.877569">
        <ele>1620.5</ele>
        <time>2017-07-30T09:54:44</time>
      </trkpt>
      <trkpt lat="46.543479" lon="11.877615">
        <ele>1621.3</ele>
        <time>2017-07-30T09:54:49</time>
      </trkpt>
      <trkpt lat="46.543392" lon="11.877681">
        <ele>1622.0</ele>
        <time>2017-07-30T09:54:53</time>
      </trkpt>
      <trkpt lat="46.543328" lon="11.87777">
        <ele>1622.6</ele>
        <time>2017-07-30T09:54:56</time>
      </trkpt>
      <trkpt lat="46.543273" lon="11.877893">
        <ele>1623.2</ele>
        <time>2017-07-30T09:54:59</time>
      </trkpt>
      <trkpt lat="46.543241" lon="11.878012">
        <ele>1623.6</ele>
        <time>2017-07-30T09:55:02</time>
      </trkpt>
      <trkpt lat="46.543224" lon="11.878129">
        <ele>1624.0</ele>
        <time>2017-07-30T09:55:06</time>
      </trkpt>
      <trkpt lat="46.543234" lon="11.878249">
        <ele>1624.4</ele>
        <time>2017-07-30T09:55:09</time>
      </trkpt>
      <trkpt lat="46.54327" lon="11.878356">
        <ele>1624.6</ele>
        <time>2017-07-30T09:55:12</time>
      </trkpt>
      <trkpt lat="46.54331" lon="11.878467">
        <ele>1624.7</ele>
        <time>2017-07-30T09:55:15</time>
      </trkpt>
      <trkpt lat="46.543353" lon="11.878594">
        <ele>1624.8</ele>
        <time>2017-07-30T09:55:19</time>
      </trkpt>
      <trkpt lat="46.543371" lon="11.878712">
        <ele>1624.9</ele>
        <time>2017-07-30T09:55:22</time>
      </trkpt>
      <trkpt lat="46.543409" lon="11.878843">
        <ele>1625.1</ele>
        <time>2017-07-30T09:55:26</time>
      </trkpt>
      <trkpt lat="46.543435" lon="11.878965">
        <ele>1625.3</ele>
        <time>2017-07-30T09:55:29</time>
      </trkpt>
      <trkpt lat="46.543461" lon="11.879078">
        <ele>1625.5</ele>
        <time>2017-07-30T09:55:32</time>
      </trkpt>
      <trkpt lat="46.543482" lon="11.879206">
        <ele>1625.9</ele>
        <time>2017-07-30T09:55:36</time>
      </trkpt>
      <trkpt lat="46.543468" lon="11.879324">
        <ele>1626.5</ele>
        <time>2017-07-30T09:55:40</time>
      </trkpt>
      <trkpt lat="46.543393" lon="11.879414">
        <ele>1627.1</ele>
        <time>2017-07-30T09:55:43</time>
      </trkpt>
      <trkpt lat="46.543319" lon="11.879493">
        <ele>1627.8</ele>
        <time>2017-07-30T09:55:46</time>
      </trkpt>
      <trkpt lat="46.54325" lon="11.879587">
        <ele>1628.7</ele>
        <time>2017-07-30T09:55:51</time>
      </trkpt>
      <trkpt lat="46.543197" lon="11.879698">
        <ele>1629.7</ele>
        <time>2017-07-30T09:55:56</time>
      </trkpt>
      <trkpt lat="46.543162" lon="11.879812">
        <ele>1630.9</ele>
        <time>2017-07-30T09:56:01</time>
      </trkpt>
      <trkpt lat="46.543124" lon="11.879944">
        <ele>1632.1</ele>
        <time>2017-07-30T09:56:06</time>
      </trkpt>
      <trkpt lat="46.54309" lon="11.880071">
        <ele>1633.1</ele>
        <time>2017-07-30T09:56:12</time>
      </trkpt>
      <trkpt lat="46.543052" lon="11.880181">
        <ele>1633.8</ele>
        <time>2017-07-30T09:56:17</time>
      </trkpt>
      <trkpt lat="46.542959" lon="11.880198">
        <ele>1634.5</ele>
        <time>2017-07-30T09:56:23</time>
      </trkpt>
      <trkpt lat="46.542885" lon="11.880133">
        <ele>1635.3</ele>
        <time>2017-07-30T09:56:27</time>
      </trkpt>
      <trkpt lat="46.542838" lon="11.880024">
        <ele>1635.8</ele>
        <time>2017-07-30T09:56:32</time>
      </trkpt>
      <trkpt lat="46.542821" lon="11.879886">
        <ele>1636.4</ele>
        <time>2017-07-30T09:56:36</time>
      </trkpt>
      <trkpt lat="46.542787" lon="11.879745">
        <ele>1636.9</ele>
        <time>2017-07-30T09:56:40</time>
      </trkpt>
      <trkpt lat="46.54275" lon="11.879618">
        <ele>1637.5</ele>
        <time>2017-07-30T09:56:44</time>
      </trkpt>
      <trkpt lat="46.542713" lon="11.879487">
        <ele>1638.0</ele>
        <time>2017-07-30T09:56:50</time>
      </trkpt>
      <trkpt lat="46.542667" lon="11.879377">
        <ele>1638.5</ele>
        <time>2017-07-30T09:56:55</time>
      </trkpt>
      <trkpt lat="46.542604" lon="11.8793">
        <ele>1639.1</ele>
        <time>2017-07-30T09:56:59</time>
      </trkpt>
      <trkpt lat="46.542512" lon="11.879267">
        <ele>1639.9</ele>
        <time>2017-07-30T09:57:04</time>
      </trkpt>
      <trkpt lat="46.542415" lon="11.879264">
        <ele>1640.9</ele>
        <time>2017-07-30T09:57:09</time>
      </trkpt>
      <trkpt lat="46.542332" lon="11.879285">
        <ele>1641.9</ele>
        <time>2017-07-30T09:57:13</time>
      </trkpt>
      <trkpt lat="46.542267" lon="11.879359">
        <ele>1642.8</ele>
        <time>2017-07-30T09:57:17</time>
      </trkpt>
      <trkpt lat="46.542216" lon="11.879481">
        <ele>1643.8</ele>
        <time>2017-07-30T09:57:22</time>
      </trkpt>
      <trkpt lat="46.542205" lon="11.879608">
        <ele>1644.9</ele>
        <time>2017-07-30T09:57:26</time>
      </trkpt>
      <trkpt lat="46.542241" lon="11.879726">
        <ele>1646.0</ele>
        <time>2017-07-30T09:57:30</time>
      </trkpt>
      <trkpt lat="46.542275" lon="11.879847">
        <ele>1646.9</ele>
        <time>2017-07-30T09:57:34</time>
      </trkpt>
      <trkpt lat="46.542296" lon="11.879963">
        <ele>1647.7</ele>
        <time>2017-07-30T09:57:38</time>
      </trkpt>
      <trkpt lat="46.542291" lon="11.880107">
        <ele>1648.6</ele>
        <time>2017-07-30T09:57:43</time>
      </trkpt>
      <trkpt lat="46.542251" lon="11.880233">
        <ele>1649.4</ele>
        <time>2017-07-30T09:57:48</time>
      </trkpt>
      <trkpt lat="46.54223" lon="11.88035">
        <ele>1649.9</ele>
        <time>2017-07-30T09:57:53</time>
      </trkpt>
      <trkpt lat="46.54226" lon="11.880475">
        <ele>1650.5</ele>
        <time>2017-07-30T09:57:58</time>
      </trkpt>
      <trkpt lat="46.542276" lon="11.88061">
        <ele>1650.9</ele>
        <time>2017-07-30T09:58:02</time>
      </trkpt>
      <trkpt lat="46.542214" lon="11.880727">
        <ele>1651.5</ele>
        <time>2017-07-30T09:58:06</time>
      </trkpt>
      <trkpt lat="46.542185" lon="11.880845">
        <ele>1652.2</ele>
        <time>2017-07-30T09:58:11</time>
      </trkpt>
      <trkpt lat="46.542183" lon="11.880968">
        <ele>1652.8</ele>
        <time>2017-07-30T09:58:16</time>
      </trkpt>
      <trkpt lat="46.542142" lon="11.881101">
        <ele>1653.5</ele>
        <time>2017-07-30T09:58:21</time>
      </trkpt>
      <trkpt lat="46.542109" lon="11.881232">
        <ele>1654.3</ele>
        <time>2017-07-30T09:58:26</time>
      </trkpt>
      <trkpt lat="46.54207" lon="11.881351">
        <ele>1655.2</ele>
        <time>2017-07-30T09:58:32</time>
      </trkpt>
      <trkpt lat="46.542043" lon="11.88148">
        <ele>1656.1</ele>
        <time>2017-07-30T09:58:38</time>
      </trkpt>
      <trkpt lat="46.542027" lon="11.881599">
        <ele>1657.1</ele>
        <time>2017-07-30T09:58:42</time>
      </trkpt>
      <trkpt lat="46.542038" lon="11.881728">
        <ele>1658.2</ele>
        <time>2017-07-30T09:58:48</time>
      </trkpt>
      <trkpt lat="46.542034" lon="11.881859">
        <ele>1659.3</ele>
        <time>2017-07-30T09:58:54</time>
      </trkpt>
      <trkpt lat="46.542011" lon="11.881976">
        <ele>1660.4</ele>
        <time>2017-07-30T09:58:59</time>
      </trkpt>
      <trkpt lat="46.541962" lon="11.882072">
        <ele>1661.3</ele>
        <time>2017-07-30T09:59:04</time>
      </trkpt>
      <trkpt lat="46.541877" lon="11.882014">
        <ele>1662.1</ele>
        <time>2017-07-30T09:59:09</time>
      </trkpt>
      <trkpt lat="46.541821" lon="11.881919">
        <ele>1662.7</ele>
        <time>2017-07-30T09:59:14</time>
      </trkpt>
      <trkpt lat="46.541755" lon="11.881801">
        <ele>1663.3</ele>
        <time>2017-07-30T09:59:19</time>
      </trkpt>
      <trkpt lat="46.541698" lon="11.881692">
        <ele>1663.7</ele>
        <time>2017-07-30T09:59:24</time>
      </trkpt>
      <trkpt lat="46.54162" lon="11.881645">
        <ele>1664.3</ele>
        <time>2017-07-30T09:59:29</time>
      </trkpt>
      <trkpt lat="46.541522" lon="11.881635">
        <ele>1664.7</ele>
        <time>2017-07-30T09:59:34</time>
      </trkpt>
      <trkpt lat="46.541427" lon="11.881635">
        <ele>1665.2</ele>
        <time>2017-07-30T09:59:39</time>
      </trkpt>
      <trkpt lat="46.541366" lon="11.88174">
        <ele>1665.7</ele>
        <time>2017-07-30T09:59:44</time>
      </trkpt>
      <trkpt lat="46.541362" lon="11.881864">
        <ele>1666.4</ele>
        <time>2017-07-30T09:59:48</time>
      </trkpt>
      <trkpt lat="46.541387" lon="11.881994">
        <ele>1667.1</ele>
        <time>2017-07-30T09:59:52</time>
      </trkpt>
      <trkpt lat="46.541441" lon="11.882099">
        <ele>1667.9</ele>
        <time>2017-07-30T09:59:56</time>
      </trkpt>
      <trkpt lat="46.541491" lon="11.88221">
        <ele>1668.9</ele>
        <time>2017-07-30T10:00:01</time>
      </trkpt>
      <trkpt lat="46.541522" lon="11.882335">
        <ele>1670.0</ele>
        <time>2017-07-30T10:00:06</time>
      </trkpt>
      <trkpt lat="46.541563" lon="11.882441">
        <ele>1671.3</ele>
        <time>2017-07-30T10:00:11</time>
      </trkpt>
      <trkpt lat="46.54158" lon="11.882583">
        <ele>1672.5</ele>
        <time>2017-07-30T10:00:16</time>
      </trkpt>
      <trkpt lat="46.541556" lon="11.882711">
        <ele>1673.5</ele>
        <time>2017-07-30T10:00:21</time>
      </trkpt>
      <trkpt lat="46.541495" lon="11.882821">
        <ele>1674.5</ele>
        <time>2017-07-30T10:00:26</time>
      </trkpt>
      <trkpt lat="46.541426" lon="11.882916">
        <ele>1675.5</ele>
        <time>2017-07-30T10:00:31</time>
      </trkpt>
      <trkpt lat="46.541362" lon="11.882997">
        <ele>1676.4</ele>
        <time>2017-07-30T10:00:35</time>
      </trkpt>
      <trkpt lat="46.541309" lon="11.883089">
        <ele>1677.3</ele>
        <time>2017-07-30T10:00:39</time>
      </trkpt>
      <trkpt lat="46.541255" lon="11.883199">
        <ele>1678.2</ele>
        <time>2017-07-30T10:00:43</time>
      </trkpt>
      <trkpt lat="46.541211" lon="11.883331">
        <ele>1679.1</ele>
        <time>2017-07-30T10:00:48</time>
      </trkpt>
      <trkpt lat="46.541212" lon="11.883469">
        <ele>1679.9</ele>
        <time>2017-07-30T10:00:53</time>
      </trkpt>
      <trkpt lat="46.541234" lon="11.883585">
        <ele>1680.7</ele>
        <time>2017-07-30T10:00:57</time>
      </trkpt>
      <trkpt lat="46.541257" lon="11.883722">
        <ele>1681.4</ele>
        <time>2017-07-30T10:01:01</time>
      </trkpt>
      <trkpt lat="46.541263" lon="11.883847">
        <ele>1682.1</ele>
        <time>2017-07-30T10:01:05</time>
      </trkpt>
      <trkpt lat="46.541233" lon="11.883957">
        <ele>1682.7</ele>
        <time>2017-07-30T10:01:09</time>
      </trkpt>
      <trkpt lat="46.541162" lon="11.884035">
        <ele>1683.5</ele>
        <time>2017-07-30T10:01:13</time>
      </trkpt>
      <trkpt lat="46.541069" lon="11.884026">
        <ele>1684.2</ele>
        <time>2017-07-30T10:01:18</time>
      </trkpt>
      <trkpt lat="46.540985" lon="11.884002">
        <ele>1684.8</ele>
        <time>2017-07-30T10:01:22</time>
      </trkpt>
      <trkpt lat="46.540903" lon="11.883985">
        <ele>1685.3</ele>
        <time>2017-07-30T10:01:25</time>
      </trkpt>
      <trkpt lat="46.540799" lon="11.883993">
        <ele>1685.6</ele>
        <time>2017-07-30T10:01:29</time>
      </trkpt>
      <trkpt lat="46.540718" lon="11.883976">
        <ele>1685.8</ele>
        <time>2017-07-30T10:01:32</time>
      </trkpt>
      <trkpt lat="46.540639" lon="11.883917">
        <ele>1685.9</ele>
        <time>2017-07-30T10:01:36</time>
      </trkpt>
      <trkpt lat="46.54056" lon="11.883841">
        <ele>1685.8</ele>
        <time>2017-07-30T10:01:40</time>
      </trkpt>
      <trkpt lat="46.540485" lon="11.88377">
        <ele>1685.7</ele>
        <time>2017-07-30T10:01:43</time>
      </trkpt>
      <trkpt lat="46.5404" lon="11.883704">
        <ele>1685.6</ele>
        <time>2017-07-30T10:01:47</time>
      </trkpt>
      <trkpt lat="46.540329" lon="11.883643">
        <ele>1685.6</ele>
        <time>2017-07-30T10:01:50</time>
      </trkpt>
      <trkpt lat="46.540235" lon="11.883605">
        <ele>1685.6</ele>
        <time>2017-07-30T10:01:53</time>
      </trkpt>
      <trkpt lat="46.540128" lon="11.883603">
        <ele>1685.7</ele>
        <time>2017-07-30T10:01:56</time>
      </trkpt>
      <trkpt lat="46.540032" lon="11.883681">
        <ele>1685.9</ele>
        <time>2017-07-30T10:01:59</time>
      </trkpt>
      <trkpt lat="46.539967" lon="11.883755">
        <ele>1686.2</ele>
        <time>2017-07-30T10:02:01</time>
      </trkpt>
      <trkpt lat="46.539882" lon="11.883869">
        <ele>1686.5</ele>
        <time>2017-07-30T10:02:04</time>
      </trkpt>
      <trkpt lat="46.539796" lon="11.883951">
        <ele>1687.1</ele>
        <time>2017-07-30T10:02:07</time>
      </trkpt>
      <trkpt lat="46.539707" lon="11.884033">
        <ele>1687.7</ele>
        <time>2017-07-30T10:02:10</time>
      </trkpt>
      <trkpt lat="46.539617" lon="11.884107">
        <ele>1688.5</ele>
        <time>2017-07-30T10:02:13</time>
      </trkpt>
      <trkpt lat="46.539532" lon="11.884178">
        <ele>1689.3</ele>
        <time>2017-07-30T10:02:16</time>
      </trkpt>
      <trkpt lat="46.539441" lon="11.88425">
        <ele>1690.1</ele>
        <time>2017-07-30T10:02:19</time>
      </trkpt>
      <trkpt lat="46.539339" lon="11.884319">
        <ele>1690.8</ele>
        <time>2017-07-30T10:02:22</time>
      </trkpt>
      <trkpt lat="46.539239" lon="11.884391">
        <ele>1691.5</ele>
        <time>2017-07-30T10:02:25</time>
      </trkpt>
      <trkpt lat="46.539141" lon="11.884471">
        <ele>1692.2</ele>
        <time>2017-07-30T10:02:28</time>
      </trkpt>
      <trkpt lat="46.539045" lon="11.884558">
        <ele>1692.7</ele>
        <time>2017-07-30T10:02:31</time>
      </trkpt>
      <trkpt lat="46.538957" lon="11.884649">
        <ele>1693.3</ele>
        <time>2017-07-30T10:02:34</time>
      </trkpt>
      <trkpt lat="46.538857" lon="11.884731">
        <ele>1693.7</ele>
        <time>2017-07-30T10:02:37</time>
      </trkpt>
      <trkpt lat="46.538749" lon="11.884788">
        <ele>1694.1</ele>
        <time>2017-07-30T10:02:40</time>
      </trkpt>
      <trkpt lat="46.538646" lon="11.884854">
        <ele>1694.4</ele>
        <time>2017-07-30T10:02:43</time>
      </trkpt>
      <trkpt lat="46.538546" lon="11.884945">
        <ele>1694.6</ele>
        <time>2017-07-30T10:02:46</time>
      </trkpt>
      <trkpt lat="46.538477" lon="11.885013">
        <ele>1694.7</ele>
        <time>2017-07-30T10:02:48</time>
      </trkpt>
      <trkpt lat="46.538424" lon="11.885112">
        <ele>1694.6</ele>
        <time>2017-07-30T10:02:50</time>
      </trkpt>
      <trkpt lat="46.538367" lon="11.885224">
        <ele>1694.5</ele>
        <time>2017-07-30T10:02:52</time>
      </trkpt>
      <trkpt lat="46.538295" lon="11.885311">
        <ele>1694.4</ele>
        <time>2017-07-30T10:02:54</time>
      </trkpt>
      <trkpt lat="46.538211" lon="11.885428">
        <ele>1694.3</ele>
        <time>2017-07-30T10:02:57</time>
      </trkpt>
      <trkpt lat="46.538136" lon="11.885526">
        <ele>1694.3</ele>
        <time>2017-07-30T10:02:59</time>
      </trkpt>
      <trkpt lat="46.538082" lon="11.885624">
        <ele>1694.4</ele>
        <time>2017-07-30T10:03:01</time>
      </trkpt>
      <trkpt lat="46.538066" lon="11.885761">
        <ele>1694.5</ele>
        <time>2017-07-30T10:03:03</time>
      </trkpt>
      <trkpt lat="46.538048" lon="11.885891">
        <ele>1694.7</ele>
        <time>2017-07-30T10:03:05</time>
      </trkpt>
      <trkpt lat="46.53803" lon="11.886039">
        <ele>1695.0</ele>
        <time>2017-07-30T10:03:07</time>
      </trkpt>
      <trkpt lat="46.538005" lon="11.886162">
        <ele>1695.3</ele>
        <time>2017-07-30T10:03:09</time>
      </trkpt>
      <trkpt lat="46.537962" lon="11.886267">
        <ele>1695.6</ele>
        <time>2017-07-30T10:03:11</time>
      </trkpt>
      <trkpt lat="46.53788" lon="11.886404">
        <ele>1696.1</ele>
        <time>2017-07-30T10:03:14</time>
      </trkpt>
      <trkpt lat="46.53779" lon="11.886517">
        <ele>1696.5</ele>
        <time>2017-07-30T10:03:17</time>
      </trkpt>
      <trkpt lat="46.537676" lon="11.886573">
        <ele>1697.0</ele>
        <time>2017-07-30T10:03:20</time>
      </trkpt>
      <trkpt lat="46.537587" lon="11.886622">
        <ele>1697.5</ele>
        <time>2017-07-30T10:03:22</time>
      </trkpt>
      <trkpt lat="46.537475" lon="11.886633">
        <ele>1697.9</ele>
        <time>2017-07-30T10:03:24</time>
      </trkpt>
      <trkpt lat="46.537392" lon="11.886633">
        <ele>1698.5</ele>
        <time>2017-07-30T10:03:26</time>
      </trkpt>
      <trkpt lat="46.537274" lon="11.886644">
        <ele>1699.2</ele>
        <time>2017-07-30T10:03:29</time>
      </trkpt>
      <trkpt lat="46.537163" lon="11.886636">
        <ele>1699.8</ele>
        <time>2017-07-30T10:03:32</time>
      </trkpt>
      <trkpt lat="46.537042" lon="11.88665">
        <ele>1700.4</ele>
        <time>2017-07-30T10:03:35</time>
      </trkpt>
      <trkpt lat="46.536929" lon="11.886659">
        <ele>1700.9</ele>
        <time>2017-07-30T10:03:38</time>
      </trkpt>
      <trkpt lat="46.536839" lon="11.886688">
        <ele>1701.5</ele>
        <time>2017-07-30T10:03:41</time>
      </trkpt>
      <trkpt lat="46.536751" lon="11.886738">
        <ele>1702.0</ele>
        <time>2017-07-30T10:03:44</time>
      </trkpt>
      <trkpt lat="46.536688" lon="11.886824">
        <ele>1702.6</ele>
        <time>2017-07-30T10:03:47</time>
      </trkpt>
      <trkpt lat="46.536614" lon="11.886915">
        <ele>1703.4</ele>
        <time>2017-07-30T10:03:51</time>
      </trkpt>
      <trkpt lat="46.536543" lon="11.887018">
        <ele>1704.1</ele>
        <time>2017-07-30T10:03:56</time>
      </trkpt>
      <trkpt lat="46.536474" lon="11.887098">
        <ele>1704.8</ele>
        <time>2017-07-30T10:04:01</time>
      </trkpt>
      <trkpt lat="46.536383" lon="11.887156">
        <ele>1705.4</ele>
        <time>2017-07-30T10:04:07</time>
      </trkpt>
      <trkpt lat="46.536291" lon="11.887202">
        <ele>1705.9</ele>
        <time>2017-07-30T10:04:13</time>
      </trkpt>
      <trkpt lat="46.536198" lon="11.887242">
        <ele>1706.5</ele>
        <time>2017-07-30T10:04:18</time>
      </trkpt>
      <trkpt lat="46.536106" lon="11.887271">
        <ele>1707.0</ele>
        <time>2017-07-30T10:04:24</time>
      </trkpt>
      <trkpt lat="46.536026" lon="11.887295">
        <ele>1707.5</ele>
        <time>2017-07-30T10:04:29</time>
      </trkpt>
      <trkpt lat="46.535945" lon="11.887337">
        <ele>1708.1</ele>
        <time>2017-07-30T10:04:33</time>
      </trkpt>
      <trkpt lat="46.535856" lon="11.887363">
        <ele>1708.6</ele>
        <time>2017-07-30T10:04:37</time>
      </trkpt>
      <trkpt lat="46.53577" lon="11.887409">
        <ele>1709.1</ele>
        <time>2017-07-30T10:04:41</time>
      </trkpt>
      <trkpt lat="46.535692" lon="11.887453">
        <ele>1709.5</ele>
        <time>2017-07-30T10:04:45</time>
      </trkpt>
      <trkpt lat="46.535602" lon="11.887479">
        <ele>1710.0</ele>
        <time>2017-07-30T10:04:50</time>
      </trkpt>
      <trkpt lat="46.535528" lon="11.8874">
        <ele>1710.5</ele>
        <time>2017-07-30T10:04:54</time>
      </trkpt>
      <trkpt lat="46.535496" lon="11.887272">
        <ele>1711.2</ele>
        <time>2017-07-30T10:04:59</time>
      </trkpt>
      <trkpt lat="46.535555" lon="11.887153">
        <ele>1711.8</ele>
        <time>2017-07-30T10:05:03</time>
      </trkpt>
      <trkpt lat="46.535614" lon="11.88705">
        <ele>1712.5</ele>
        <time>2017-07-30T10:05:07</time>
      </trkpt>
      <trkpt lat="46.535693" lon="11.886965">
        <ele>1713.2</ele>
        <time>2017-07-30T10:05:12</time>
      </trkpt>
      <trkpt lat="46.535742" lon="11.886847">
        <ele>1713.7</ele>
        <time>2017-07-30T10:05:17</time>
      </trkpt>
      <trkpt lat="46.535754" lon="11.886729">
        <ele>1714.2</ele>
        <time>2017-07-30T10:05:22</time>
      </trkpt>
      <trkpt lat="46.535715" lon="11.886603">
        <ele>1714.5</ele>
        <time>2017-07-30T10:05:26</time>
      </trkpt>
      <trkpt lat="46.535632" lon="11.886545">
        <ele>1715.0</ele>
        <time>2017-07-30T10:05:31</time>
      </trkpt>
      <trkpt lat="46.535543" lon="11.886594">
        <ele>1715.5</ele>
        <time>2017-07-30T10:05:36</time>
      </trkpt>
      <trkpt lat="46.535462" lon="11.886674">
        <ele>1715.9</ele>
        <time>2017-07-30T10:05:40</time>
      </trkpt>
      <trkpt lat="46.535367" lon="11.88674">
        <ele>1716.4</ele>
        <time>2017-07-30T10:05:44</time>
      </trkpt>
      <trkpt lat="46.535271" lon="11.886782">
        <ele>1716.8</ele>
        <time>2017-07-30T10:05:49</time>
      </trkpt>
      <trkpt lat="46.535184" lon="11.886758">
        <ele>1717.4</ele>
        <time>2017-07-30T10:05:53</time>
      </trkpt>
      <trkpt lat="46.535096" lon="11.886736">
        <ele>1717.8</ele>
        <time>2017-07-30T10:05:57</time>
      </trkpt>
      <trkpt lat="46.535" lon="11.886737">
        <ele>1718.4</ele>
        <time>2017-07-30T10:06:02</time>
      </trkpt>
      <trkpt lat="46.534905" lon="11.886741">
        <ele>1719.0</ele>
        <time>2017-07-30T10:06:06</time>
      </trkpt>
      <trkpt lat="46.534824" lon="11.886732">
        <ele>1719.7</ele>
        <time>2017-07-30T10:06:09</time>
      </trkpt>
      <trkpt lat="46.534723" lon="11.886723">
        <ele>1720.5</ele>
        <time>2017-07-30T10:06:13</time>
      </trkpt>
      <trkpt lat="46.534633" lon="11.886695">
        <ele>1721.0</ele>
        <time>2017-07-30T10:06:17</time>
      </trkpt>
      <trkpt lat="46.534538" lon="11.886664">
        <ele>1721.5</ele>
        <time>2017-07-30T10:06:22</time>
      </trkpt>
      <trkpt lat="46.534439" lon="11.886618">
        <ele>1722.1</ele>
        <time>2017-07-30T10:06:27</time>
      </trkpt>
      <trkpt lat="46.534338" lon="11.886588">
        <ele>1722.7</ele>
        <time>2017-07-30T10:06:31</time>
      </trkpt>
      <trkpt lat="46.534237" lon="11.886569">
        <ele>1723.4</ele>
        <time>2017-07-30T10:06:35</time>
      </trkpt>
      <trkpt lat="46.534154" lon="11.886528">
        <ele>1724.1</ele>
        <time>2017-07-30T10:06:39</time>
      </trkpt>
      <trkpt lat="46.53408" lon="11.886437">
        <ele>1725.0</ele>
        <time>2017-07-30T10:06:44</time>
      </trkpt>
      <trkpt lat="46.534048" lon="11.886296">
        <ele>1726.0</ele>
        <time>2017-07-30T10:06:49</time>
      </trkpt>
      <trkpt lat="46.534036" lon="11.88617">
        <ele>1727.1</ele>
        <time>2017-07-30T10:06:52</time>
      </trkpt>
      <trkpt lat="46.534052" lon="11.886037">
        <ele>1728.4</ele>
        <time>2017-07-30T10:06:56</time>
      </trkpt>
      <trkpt lat="46.534059" lon="11.885912">
        <ele>1729.8</ele>
        <time>2017-07-30T10:06:59</time>
      </trkpt>
      <trkpt lat="46.534066" lon="11.885776">
        <ele>1731.6</ele>
        <time>2017-07-30T10:07:03</time>
      </trkpt>
      <trkpt lat="46.534072" lon="11.885656">
        <ele>1733.5</ele>
        <time>2017-07-30T10:07:06</time>
      </trkpt>
      <trkpt lat="46.534073" lon="11.885537">
        <ele>1735.5</ele>
        <time>2017-07-30T10:07:09</time>
      </trkpt>
      <trkpt lat="46.534083" lon="11.885396">
        <ele>1737.1</ele>
        <time>2017-07-30T10:07:13</time>
      </trkpt>
      <trkpt lat="46.534069" lon="11.885275">
        <ele>1738.6</ele>
        <time>2017-07-30T10:07:16</time>
      </trkpt>
      <trkpt lat="46.534026" lon="11.885146">
        <ele>1740.1</ele>
        <time>2017-07-30T10:07:20</time>
      </trkpt>
      <trkpt lat="46.533953" lon="11.885037">
        <ele>1741.4</ele>
        <time>2017-07-30T10:07:24</time>
      </trkpt>
      <trkpt lat="46.533879" lon="11.884983">
        <ele>1742.6</ele>
        <time>2017-07-30T10:07:27</time>
      </trkpt>
      <trkpt lat="46.533789" lon="11.884957">
        <ele>1743.8</ele>
        <time>2017-07-30T10:07:31</time>
      </trkpt>
      <trkpt lat="46.533696" lon="11.884944">
        <ele>1745.0</ele>
        <time>2017-07-30T10:07:36</time>
      </trkpt>
      <trkpt lat="46.533621" lon="11.884891">
        <ele>1746.2</ele>
        <time>2017-07-30T10:07:40</time>
      </trkpt>
      <trkpt lat="46.533531" lon="11.884835">
        <ele>1747.2</ele>
        <time>2017-07-30T10:07:44</time>
      </trkpt>
      <trkpt lat="46.533433" lon="11.88478">
        <ele>1748.1</ele>
        <time>2017-07-30T10:07:48</time>
      </trkpt>
      <trkpt lat="46.533345" lon="11.884719">
        <ele>1749.0</ele>
        <time>2017-07-30T10:07:52</time>
      </trkpt>
      <trkpt lat="46.533262" lon="11.884649">
        <ele>1750.0</ele>
        <time>2017-07-30T10:07:56</time>
      </trkpt>
      <trkpt lat="46.533187" lon="11.884577">
        <ele>1751.0</ele>
        <time>2017-07-30T10:08:00</time>
      </trkpt>
      <trkpt lat="46.533113" lon="11.884519">
        <ele>1752.1</ele>
        <time>2017-07-30T10:08:04</time>
      </trkpt>
      <trkpt lat="46.533029" lon="11.884445">
        <ele>1753.3</ele>
        <time>2017-07-30T10:08:08</time>
      </trkpt>
      <trkpt lat="46.532943" lon="11.88437">
        <ele>1754.5</ele>
        <time>2017-07-30T10:08:12</time>
      </trkpt>
      <trkpt lat="46.532863" lon="11.884305">
        <ele>1755.6</ele>
        <time>2017-07-30T10:08:16</time>
      </trkpt>
      <trkpt lat="46.532772" lon="11.884246">
        <ele>1756.5</ele>
        <time>2017-07-30T10:08:21</time>
      </trkpt>
      <trkpt lat="46.532684" lon="11.884176">
        <ele>1757.3</ele>
        <time>2017-07-30T10:08:26</time>
      </trkpt>
      <trkpt lat="46.53259" lon="11.884131">
        <ele>1757.8</ele>
        <time>2017-07-30T10:08:31</time>
      </trkpt>
      <trkpt lat="46.532503" lon="11.884098">
        <ele>1758.3</ele>
        <time>2017-07-30T10:08:36</time>
      </trkpt>
      <trkpt lat="46.532417" lon="11.884092">
        <ele>1758.5</ele>
        <time>2017-07-30T10:08:40</time>
      </trkpt>
      <trkpt lat="46.53232" lon="11.884092">
        <ele>1758.5</ele>
        <time>2017-07-30T10:08:44</time>
      </trkpt>
      <trkpt lat="46.532218" lon="11.884102">
        <ele>1758.4</ele>
        <time>2017-07-30T10:08:48</time>
      </trkpt>
      <trkpt lat="46.532118" lon="11.8841">
        <ele>1757.9</ele>
        <time>2017-07-30T10:08:52</time>
      </trkpt>
      <trkpt lat="46.532022" lon="11.884094">
        <ele>1757.3</ele>
        <time>2017-07-30T10:08:57</time>
      </trkpt>
      <trkpt lat="46.53193" lon="11.884109">
        <ele>1756.5</ele>
        <time>2017-07-30T10:09:01</time>
      </trkpt>
      <trkpt lat="46.531825" lon="11.884149">
        <ele>1755.8</ele>
        <time>2017-07-30T10:09:06</time>
      </trkpt>
      <trkpt lat="46.531737" lon="11.884178">
        <ele>1755.1</ele>
        <time>2017-07-30T10:09:10</time>
      </trkpt>
      <trkpt lat="46.531648" lon="11.884174">
        <ele>1754.5</ele>
        <time>2017-07-30T10:09:14</time>
      </trkpt>
      <trkpt lat="46.531554" lon="11.884189">
        <ele>1754.0</ele>
        <time>2017-07-30T10:09:19</time>
      </trkpt>
      <trkpt lat="46.531466" lon="11.884201">
        <ele>1753.6</ele>
        <time>2017-07-30T10:09:23</time>
      </trkpt>
      <trkpt lat="46.531374" lon="11.884221">
        <ele>1753.5</ele>
        <time>2017-07-30T10:09:28</time>
      </trkpt>
      <trkpt lat="46.531284" lon="11.884205">
        <ele>1753.5</ele>
        <time>2017-07-30T10:09:32</time>
      </trkpt>
      <trkpt lat="46.531197" lon="11.884161">
        <ele>1753.8</ele>
        <time>2017-07-30T10:09:37</time>
      </trkpt>
      <trkpt lat="46.531143" lon="11.884071">
        <ele>1754.2</ele>
        <time>2017-07-30T10:09:41</time>
      </trkpt>
      <trkpt lat="46.531094" lon="11.883965">
        <ele>1754.6</ele>
        <time>2017-07-30T10:09:45</time>
      </trkpt>
      <trkpt lat="46.531022" lon="11.883864">
        <ele>1755.1</ele>
        <time>2017-07-30T10:09:49</time>
      </trkpt>
      <trkpt lat="46.530951" lon="11.883748">
        <ele>1755.5</ele>
        <time>2017-07-30T10:09:53</time>
      </trkpt>
      <trkpt lat="46.530881" lon="11.883626">
        <ele>1756.0</ele>
        <time>2017-07-30T10:09:57</time>
      </trkpt>
      <trkpt lat="46.53081" lon="11.883519">
        <ele>1756.5</ele>
        <time>2017-07-30T10:10:01</time>
      </trkpt>
      <trkpt lat="46.530757" lon="11.883429">
        <ele>1757.1</ele>
        <time>2017-07-30T10:10:04</time>
      </trkpt>
      <trkpt lat="46.530701" lon="11.88334">
        <ele>1757.5</ele>
        <time>2017-07-30T10:10:08</time>
      </trkpt>
      <trkpt lat="46.530639" lon="11.883258">
        <ele>1758.1</ele>
        <time>2017-07-30T10:10:11</time>
      </trkpt>
      <trkpt lat="46.530562" lon="11.88317">
        <ele>1758.6</ele>
        <time>2017-07-30T10:10:15</time>
      </trkpt>
      <trkpt lat="46.530502" lon="11.883083">
        <ele>1759.1</ele>
        <time>2017-07-30T10:10:18</time>
      </trkpt>
      <trkpt lat="46.530427" lon="11.882988">
        <ele>1759.5</ele>
        <time>2017-07-30T10:10:22</time>
      </trkpt>
      <trkpt lat="46.530363" lon="11.882915">
        <ele>1759.9</ele>
        <time>2017-07-30T10:10:25</time>
      </trkpt>
      <trkpt lat="46.530298" lon="11.882838">
        <ele>1760.3</ele>
        <time>2017-07-30T10:10:28</time>
      </trkpt>
      <trkpt lat="46.530227" lon="11.882748">
        <ele>1760.6</ele>
        <time>2017-07-30T10:10:31</time>
      </trkpt>
      <trkpt lat="46.530162" lon="11.882667">
        <ele>1761.1</ele>
        <time>2017-07-30T10:10:34</time>
      </trkpt>
      <trkpt lat="46.530092" lon="11.882584">
        <ele>1761.5</ele>
        <time>2017-07-30T10:10:37</time>
      </trkpt>
      <trkpt lat="46.530015" lon="11.882474">
        <ele>1762.1</ele>
        <time>2017-07-30T10:10:40</time>
      </trkpt>
      <trkpt lat="46.529947" lon="11.882377">
        <ele>1762.8</ele>
        <time>2017-07-30T10:10:43</time>
      </trkpt>
      <trkpt lat="46.529886" lon="11.882289">
        <ele>1763.5</ele>
        <time>2017-07-30T10:10:46</time>
      </trkpt>
      <trkpt lat="46.529809" lon="11.882209">
        <ele>1764.4</ele>
        <time>2017-07-30T10:10:49</time>
      </trkpt>
      <trkpt lat="46.529726" lon="11.882113">
        <ele>1765.4</ele>
        <time>2017-07-30T10:10:53</time>
      </trkpt>
      <trkpt lat="46.52965" lon="11.882026">
        <ele>1766.5</ele>
        <time>2017-07-30T10:10:56</time>
      </trkpt>
      <trkpt lat="46.529575" lon="11.881932">
        <ele>1767.7</ele>
        <time>2017-07-30T10:11:00</time>
      </trkpt>
      <trkpt lat="46.52951" lon="11.881846">
        <ele>1769.2</ele>
        <time>2017-07-30T10:11:04</time>
      </trkpt>
      <trkpt lat="46.529435" lon="11.881771">
        <ele>1770.7</ele>
        <time>2017-07-30T10:11:08</time>
      </trkpt>
      <trkpt lat="46.529363" lon="11.881674">
        <ele>1772.3</ele>
        <time>2017-07-30T10:11:13</time>
      </trkpt>
      <trkpt lat="46.529296" lon="11.881598">
        <ele>1773.9</ele>
        <time>2017-07-30T10:11:17</time>
      </trkpt>
      <trkpt lat="46.529214" lon="11.881524">
        <ele>1775.5</ele>
        <time>2017-07-30T10:11:22</time>
      </trkpt>
      <trkpt lat="46.529142" lon="11.881427">
        <ele>1776.8</ele>
        <time>2017-07-30T10:11:27</time>
      </trkpt>
      <trkpt lat="46.529072" lon="11.881311">
        <ele>1778.1</ele>
        <time>2017-07-30T10:11:32</time>
      </trkpt>
      <trkpt lat="46.529012" lon="11.881217">
        <ele>1779.3</ele>
        <time>2017-07-30T10:11:36</time>
      </trkpt>
      <trkpt lat="46.528964" lon="11.881116">
        <ele>1780.5</ele>
        <time>2017-07-30T10:11:40</time>
      </trkpt>
      <trkpt lat="46.528906" lon="11.881008">
        <ele>1781.6</ele>
        <time>2017-07-30T10:11:44</time>
      </trkpt>
      <trkpt lat="46.528828" lon="11.880926">
        <ele>1782.7</ele>
        <time>2017-07-30T10:11:48</time>
      </trkpt>
      <trkpt lat="46.528767" lon="11.880838">
        <ele>1783.5</ele>
        <time>2017-07-30T10:11:52</time>
      </trkpt>
      <trkpt lat="46.528698" lon="11.880758">
        <ele>1784.2</ele>
        <time>2017-07-30T10:11:57</time>
      </trkpt>
      <trkpt lat="46.528627" lon="11.880665">
        <ele>1784.9</ele>
        <time>2017-07-30T10:12:02</time>
      </trkpt>
      <trkpt lat="46.528571" lon="11.88056">
        <ele>1785.5</ele>
        <time>2017-07-30T10:12:07</time>
      </trkpt>
      <trkpt lat="46.528502" lon="11.880468">
        <ele>1786.2</ele>
        <time>2017-07-30T10:12:11</time>
      </trkpt>
      <trkpt lat="46.528418" lon="11.880374">
        <ele>1786.8</ele>
        <time>2017-07-30T10:12:16</time>
      </trkpt>
      <trkpt lat="46.528352" lon="11.880293">
        <ele>1787.5</ele>
        <time>2017-07-30T10:12:21</time>
      </trkpt>
      <trkpt lat="46.528284" lon="11.88018">
        <ele>1788.0</ele>
        <time>2017-07-30T10:12:26</time>
      </trkpt>
      <trkpt lat="46.528221" lon="11.880079">
        <ele>1788.4</ele>
        <time>2017-07-30T10:12:31</time>
      </trkpt>
      <trkpt lat="46.528154" lon="11.880004">
        <ele>1788.6</ele>
        <time>2017-07-30T10:12:36</time>
      </trkpt>
      <trkpt lat="46.528091" lon="11.879923">
        <ele>1788.9</ele>
        <time>2017-07-30T10:12:41</time>
      </trkpt>
      <trkpt lat="46.528021" lon="11.879843">
        <ele>1789.3</ele>
        <time>2017-07-30T10:12:46</time>
      </trkpt>
      <trkpt lat="46.527952" lon="11.879772">
        <ele>1789.7</ele>
        <time>2017-07-30T10:12:50</time>
      </trkpt>
      <trkpt lat="46.527883" lon="11.879679">
        <ele>1790.1</ele>
        <time>2017-07-30T10:12:54</time>
      </trkpt>
      <trkpt lat="46.527812" lon="11.879582">
        <ele>1790.4</ele>
        <time>2017-07-30T10:12:58</time>
      </trkpt>
      <trkpt lat="46.527752" lon="11.879492">
        <ele>1790.6</ele>
        <time>2017-07-30T10:13:02</time>
      </trkpt>
      <trkpt lat="46.527685" lon="11.879422">
        <ele>1791.0</ele>
        <time>2017-07-30T10:13:07</time>
      </trkpt>
      <trkpt lat="46.527608" lon="11.879318">
        <ele>1791.4</ele>
        <time>2017-07-30T10:13:12</time>
      </trkpt>
      <trkpt lat="46.527519" lon="11.879248">
        <ele>1791.8</ele>
        <time>2017-07-30T10:13:18</time>
      </trkpt>
      <trkpt lat="46.527436" lon="11.87919">
        <ele>1792.5</ele>
        <time>2017-07-30T10:13:22</time>
      </trkpt>
      <trkpt lat="46.527358" lon="11.879148">
        <ele>1793.1</ele>
        <time>2017-07-30T10:13:26</time>
      </trkpt>
      <trkpt lat="46.527279" lon="11.879076">
        <ele>1793.7</ele>
        <time>2017-07-30T10:13:31</time>
      </trkpt>
      <trkpt lat="46.527208" lon="11.879006">
        <ele>1794.3</ele>
        <time>2017-07-30T10:13:35</time>
      </trkpt>
      <trkpt lat="46.527133" lon="11.878938">
        <ele>1794.8</ele>
        <time>2017-07-30T10:13:40</time>
      </trkpt>
      <trkpt lat="46.527056" lon="11.878883">
        <ele>1795.4</ele>
        <time>2017-07-30T10:13:45</time>
      </trkpt>
      <trkpt lat="46.526971" lon="11.878835">
        <ele>1795.9</ele>
        <time>2017-07-30T10:13:50</time>
      </trkpt>
      <trkpt lat="46.526897" lon="11.878767">
        <ele>1796.5</ele>
        <time>2017-07-30T10:13:54</time>
      </trkpt>
      <trkpt lat="46.526829" lon="11.878694">
        <ele>1797.0</ele>
        <time>2017-07-30T10:13:58</time>
      </trkpt>
      <trkpt lat="46.526748" lon="11.878613">
        <ele>1797.5</ele>
        <time>2017-07-30T10:14:02</time>
      </trkpt>
      <trkpt lat="46.526665" lon="11.878549">
        <ele>1798.1</ele>
        <time>2017-07-30T10:14:07</time>
      </trkpt>
      <trkpt lat="46.526582" lon="11.878494">
        <ele>1798.5</ele>
        <time>2017-07-30T10:14:12</time>
      </trkpt>
      <trkpt lat="46.526509" lon="11.878437">
        <ele>1798.8</ele>
        <time>2017-07-30T10:14:16</time>
      </trkpt>
      <trkpt lat="46.526427" lon="11.878389">
        <ele>1799.2</ele>
        <time>2017-07-30T10:14:21</time>
      </trkpt>
      <trkpt lat="46.526349" lon="11.878356">
        <ele>1799.7</ele>
        <time>2017-07-30T10:14:25</time>
      </trkpt>
      <trkpt lat="46.526277" lon="11.878298">
        <ele>1800.4</ele>
        <time>2017-07-30T10:14:29</time>
      </trkpt>
      <trkpt lat="46.526198" lon="11.878245">
        <ele>1801.1</ele>
        <time>2017-07-30T10:14:34</time>
      </trkpt>
      <trkpt lat="46.526114" lon="11.878208">
        <ele>1801.8</ele>
        <time>2017-07-30T10:14:39</time>
      </trkpt>
      <trkpt lat="46.526026" lon="11.878159">
        <ele>1802.5</ele>
        <time>2017-07-30T10:14:44</time>
      </trkpt>
      <trkpt lat="46.525946" lon="11.878075">
        <ele>1803.0</ele>
        <time>2017-07-30T10:14:49</time>
      </trkpt>
      <trkpt lat="46.525867" lon="11.877987">
        <ele>1803.5</ele>
        <time>2017-07-30T10:14:53</time>
      </trkpt>
      <trkpt lat="46.52579" lon="11.877947">
        <ele>1804.0</ele>
        <time>2017-07-30T10:14:57</time>
      </trkpt>
      <trkpt lat="46.525705" lon="11.877893">
        <ele>1804.5</ele>
        <time>2017-07-30T10:15:02</time>
      </trkpt>
      <trkpt lat="46.52563" lon="11.877821">
        <ele>1805.2</ele>
        <time>2017-07-30T10:15:06</time>
      </trkpt>
      <trkpt lat="46.525558" lon="11.877758">
        <ele>1806.0</ele>
        <time>2017-07-30T10:15:10</time>
      </trkpt>
      <trkpt lat="46.525463" lon="11.877717">
        <ele>1806.8</ele>
        <time>2017-07-30T10:15:14</time>
      </trkpt>
      <trkpt lat="46.525369" lon="11.877668">
        <ele>1807.6</ele>
        <time>2017-07-30T10:15:18</time>
      </trkpt>
      <trkpt lat="46.525282" lon="11.877589">
        <ele>1808.5</ele>
        <time>2017-07-30T10:15:22</time>
      </trkpt>
      <trkpt lat="46.525209" lon="11.877494">
        <ele>1809.5</ele>
        <time>2017-07-30T10:15:26</time>
      </trkpt>
      <trkpt lat="46.525143" lon="11.877403">
        <ele>1810.7</ele>
        <time>2017-07-30T10:15:29</time>
      </trkpt>
      <trkpt lat="46.525075" lon="11.877314">
        <ele>1811.9</ele>
        <time>2017-07-30T10:15:32</time>
      </trkpt>
      <trkpt lat="46.525002" lon="11.877222">
        <ele>1813.0</ele>
        <time>2017-07-30T10:15:36</time>
      </trkpt>
      <trkpt lat="46.524932" lon="11.877122">
        <ele>1814.1</ele>
        <time>2017-07-30T10:15:40</time>
      </trkpt>
      <trkpt lat="46.52486" lon="11.877039">
        <ele>1815.1</ele>
        <time>2017-07-30T10:15:44</time>
      </trkpt>
      <trkpt lat="46.524797" lon="11.876956">
        <ele>1815.9</ele>
        <time>2017-07-30T10:15:48</time>
      </trkpt>
      <trkpt lat="46.52473" lon="11.876878">
        <ele>1816.6</ele>
        <time>2017-07-30T10:15:53</time>
      </trkpt>
      <trkpt lat="46.524655" lon="11.876791">
        <ele>1817.4</ele>
        <time>2017-07-30T10:15:57</time>
      </trkpt>
      <trkpt lat="46.524587" lon="11.876705">
        <ele>1818.2</ele>
        <time>2017-07-30T10:16:01</time>
      </trkpt>
      <trkpt lat="46.524513" lon="11.876614">
        <ele>1818.9</ele>
        <time>2017-07-30T10:16:06</time>
      </trkpt>
      <trkpt lat="46.524458" lon="11.876528">
        <ele>1819.6</ele>
        <time>2017-07-30T10:16:10</time>
      </trkpt>
      <trkpt lat="46.524382" lon="11.876467">
        <ele>1820.4</ele>
        <time>2017-07-30T10:16:14</time>
      </trkpt>
      <trkpt lat="46.524308" lon="11.876366">
        <ele>1821.2</ele>
        <time>2017-07-30T10:16:19</time>
      </trkpt>
      <trkpt lat="46.524229" lon="11.876286">
        <ele>1822.0</ele>
        <time>2017-07-30T10:16:23</time>
      </trkpt>
      <trkpt lat="46.524152" lon="11.87621">
        <ele>1822.9</ele>
        <time>2017-07-30T10:16:27</time>
      </trkpt>
      <trkpt lat="46.524077" lon="11.876127">
        <ele>1823.8</ele>
        <time>2017-07-30T10:16:31</time>
      </trkpt>
      <trkpt lat="46.523999" lon="11.876049">
        <ele>1824.7</ele>
        <time>2017-07-30T10:16:35</time>
      </trkpt>
      <trkpt lat="46.523922" lon="11.875972">
        <ele>1825.6</ele>
        <time>2017-07-30T10:16:40</time>
      </trkpt>
      <trkpt lat="46.523851" lon="11.875896">
        <ele>1826.5</ele>
        <time>2017-07-30T10:16:45</time>
      </trkpt>
      <trkpt lat="46.523771" lon="11.875819">
        <ele>1827.3</ele>
        <time>2017-07-30T10:16:50</time>
      </trkpt>
      <trkpt lat="46.523696" lon="11.875771">
        <ele>1827.9</ele>
        <time>2017-07-30T10:16:54</time>
      </trkpt>
      <trkpt lat="46.523607" lon="11.875703">
        <ele>1828.5</ele>
        <time>2017-07-30T10:16:59</time>
      </trkpt>
      <trkpt lat="46.523542" lon="11.875599">
        <ele>1829.0</ele>
        <time>2017-07-30T10:17:03</time>
      </trkpt>
      <trkpt lat="46.523474" lon="11.875508">
        <ele>1829.5</ele>
        <time>2017-07-30T10:17:07</time>
      </trkpt>
      <trkpt lat="46.523398" lon="11.875437">
        <ele>1829.9</ele>
        <time>2017-07-30T10:17:11</time>
      </trkpt>
      <trkpt lat="46.523305" lon="11.875379">
        <ele>1830.3</ele>
        <time>2017-07-30T10:17:15</time>
      </trkpt>
      <trkpt lat="46.523216" lon="11.875329">
        <ele>1830.6</ele>
        <time>2017-07-30T10:17:19</time>
      </trkpt>
      <trkpt lat="46.523134" lon="11.875264">
        <ele>1831.0</ele>
        <time>2017-07-30T10:17:24</time>
      </trkpt>
      <trkpt lat="46.523038" lon="11.87522">
        <ele>1831.3</ele>
        <time>2017-07-30T10:17:28</time>
      </trkpt>
      <trkpt lat="46.522959" lon="11.875166">
        <ele>1831.5</ele>
        <time>2017-07-30T10:17:32</time>
      </trkpt>
      <trkpt lat="46.522887" lon="11.875106">
        <ele>1831.7</ele>
        <time>2017-07-30T10:17:37</time>
      </trkpt>
      <trkpt lat="46.522786" lon="11.875025">
        <ele>1832.0</ele>
        <time>2017-07-30T10:17:41</time>
      </trkpt>
      <trkpt lat="46.522684" lon="11.874945">
        <ele>1832.2</ele>
        <time>2017-07-30T10:17:44</time>
      </trkpt>
      <trkpt lat="46.522595" lon="11.87487">
        <ele>1832.4</ele>
        <time>2017-07-30T10:17:47</time>
      </trkpt>
      <trkpt lat="46.522508" lon="11.874793">
        <ele>1832.5</ele>
        <time>2017-07-30T10:17:50</time>
      </trkpt>
      <trkpt lat="46.522431" lon="11.874716">
        <ele>1832.5</ele>
        <time>2017-07-30T10:17:53</time>
      </trkpt>
      <trkpt lat="46.522362" lon="11.874647">
        <ele>1832.7</ele>
        <time>2017-07-30T10:17:56</time>
      </trkpt>
      <trkpt lat="46.522288" lon="11.874562">
        <ele>1832.9</ele>
        <time>2017-07-30T10:17:59</time>
      </trkpt>
      <trkpt lat="46.522196" lon="11.874482">
        <ele>1833.1</ele>
        <time>2017-07-30T10:18:03</time>
      </trkpt>
      <trkpt lat="46.522125" lon="11.874421">
        <ele>1833.4</ele>
        <time>2017-07-30T10:18:06</time>
      </trkpt>
      <trkpt lat="46.522031" lon="11.874347">
        <ele>1833.7</ele>
        <time>2017-07-30T10:18:10</time>
      </trkpt>
      <trkpt lat="46.521956" lon="11.874284">
        <ele>1834.1</ele>
        <time>2017-07-30T10:18:13</time>
      </trkpt>
      <trkpt lat="46.521883" lon="11.874204">
        <ele>1834.5</ele>
        <time>2017-07-30T10:18:16</time>
      </trkpt>
      <trkpt lat="46.52181" lon="11.874123">
        <ele>1834.9</ele>
        <time>2017-07-30T10:18:19</time>
      </trkpt>
      <trkpt lat="46.521723" lon="11.874044">
        <ele>1835.3</ele>
        <time>2017-07-30T10:18:22</time>
      </trkpt>
      <trkpt lat="46.521628" lon="11.873955">
        <ele>1835.6</ele>
        <time>2017-07-30T10:18:25</time>
      </trkpt>
      <trkpt lat="46.521552" lon="11.873889">
        <ele>1836.0</ele>
        <time>2017-07-30T10:18:28</time>
      </trkpt>
      <trkpt lat="46.521467" lon="11.873812">
        <ele>1836.3</ele>
        <time>2017-07-30T10:18:32</time>
      </trkpt>
      <trkpt lat="46.521397" lon="11.873742">
        <ele>1836.6</ele>
        <time>2017-07-30T10:18:35</time>
      </trkpt>
      <trkpt lat="46.521317" lon="11.873706">
        <ele>1837.1</ele>
        <time>2017-07-30T10:18:38</time>
      </trkpt>
      <trkpt lat="46.521213" lon="11.873678">
        <ele>1837.5</ele>
        <time>2017-07-30T10:18:42</time>
      </trkpt>
      <trkpt lat="46.521127" lon="11.873643">
        <ele>1837.8</ele>
        <time>2017-07-30T10:18:46</time>
      </trkpt>
      <trkpt lat="46.521046" lon="11.873645">
        <ele>1838.2</ele>
        <time>2017-07-30T10:18:50</time>
      </trkpt>
      <trkpt lat="46.520962" lon="11.873659">
        <ele>1838.5</ele>
        <time>2017-07-30T10:18:53</time>
      </trkpt>
      <trkpt lat="46.520865" lon="11.873658">
        <ele>1838.9</ele>
        <time>2017-07-30T10:18:57</time>
      </trkpt>
      <trkpt lat="46.520781" lon="11.873689">
        <ele>1839.5</ele>
        <time>2017-07-30T10:19:01</time>
      </trkpt>
      <trkpt lat="46.5207" lon="11.873704">
        <ele>1840.1</ele>
        <time>2017-07-30T10:19:04</time>
      </trkpt>
      <trkpt lat="46.520592" lon="11.873706">
        <ele>1840.8</ele>
        <time>2017-07-30T10:19:08</time>
      </trkpt>
      <trkpt lat="46.520499" lon="11.8737">
        <ele>1841.6</ele>
        <time>2017-07-30T10:19:12</time>
      </trkpt>
      <trkpt lat="46.520394" lon="11.873708">
        <ele>1842.4</ele>
        <time>2017-07-30T10:19:16</time>
      </trkpt>
      <trkpt lat="46.52029" lon="11.873733">
        <ele>1843.1</ele>
        <time>2017-07-30T10:19:20</time>
      </trkpt>
      <trkpt lat="46.52019" lon="11.873745">
        <ele>1843.8</ele>
        <time>2017-07-30T10:19:24</time>
      </trkpt>
      <trkpt lat="46.520084" lon="11.873761">
        <ele>1844.5</ele>
        <time>2017-07-30T10:19:28</time>
      </trkpt>
      <trkpt lat="46.51999" lon="11.873779">
        <ele>1844.9</ele>
        <time>2017-07-30T10:19:32</time>
      </trkpt>
      <trkpt lat="46.519906" lon="11.873795">
        <ele>1845.3</ele>
        <time>2017-07-30T10:19:36</time>
      </trkpt>
      <trkpt lat="46.519805" lon="11.873782">
        <ele>1845.6</ele>
        <time>2017-07-30T10:19:41</time>
      </trkpt>
      <trkpt lat="46.519709" lon="11.873769">
        <ele>1846.1</ele>
        <time>2017-07-30T10:19:45</time>
      </trkpt>
      <trkpt lat="46.519645" lon="11.873694">
        <ele>1846.5</ele>
        <time>2017-07-30T10:19:55</time>
      </trkpt>
      <trkpt lat="46.519543" lon="11.873702">
        <ele>1846.9</ele>
        <time>2017-07-30T10:20:20</time>
      </trkpt>
      <trkpt lat="46.519452" lon="11.873681">
        <ele>1847.1</ele>
        <time>2017-07-30T10:20:24</time>
      </trkpt>
      <trkpt lat="46.519362" lon="11.873687">
        <ele>1847.4</ele>
        <time>2017-07-30T10:20:28</time>
      </trkpt>
      <trkpt lat="46.519282" lon="11.873722">
        <ele>1847.6</ele>
        <time>2017-07-30T10:20:32</time>
      </trkpt>
      <trkpt lat="46.519195" lon="11.873682">
        <ele>1848.2</ele>
        <time>2017-07-30T10:20:37</time>
      </trkpt>
      <trkpt lat="46.519125" lon="11.873613">
        <ele>1849.0</ele>
        <time>2017-07-30T10:20:41</time>
      </trkpt>
      <trkpt lat="46.519049" lon="11.873535">
        <ele>1850.1</ele>
        <time>2017-07-30T10:20:45</time>
      </trkpt>
      <trkpt lat="46.51896" lon="11.873488">
        <ele>1851.2</ele>
        <time>2017-07-30T10:20:49</time>
      </trkpt>
      <trkpt lat="46.51886" lon="11.873444">
        <ele>1852.2</ele>
        <time>2017-07-30T10:20:53</time>
      </trkpt>
      <trkpt lat="46.518747" lon="11.873426">
        <ele>1853.2</ele>
        <time>2017-07-30T10:20:57</time>
      </trkpt>
      <trkpt lat="46.518664" lon="11.87345">
        <ele>1854.2</ele>
        <time>2017-07-30T10:20:59</time>
      </trkpt>
      <trkpt lat="46.518577" lon="11.873434">
        <ele>1855.3</ele>
        <time>2017-07-30T10:21:03</time>
      </trkpt>
      <trkpt lat="46.518516" lon="11.873328">
        <ele>1856.5</ele>
        <time>2017-07-30T10:21:08</time>
      </trkpt>
      <trkpt lat="46.518455" lon="11.873247">
        <ele>1857.7</ele>
        <time>2017-07-30T10:21:12</time>
      </trkpt>
      <trkpt lat="46.518365" lon="11.873207">
        <ele>1858.8</ele>
        <time>2017-07-30T10:21:16</time>
      </trkpt>
      <trkpt lat="46.518267" lon="11.873182">
        <ele>1859.6</ele>
        <time>2017-07-30T10:21:20</time>
      </trkpt>
      <trkpt lat="46.518177" lon="11.87315">
        <ele>1860.2</ele>
        <time>2017-07-30T10:21:25</time>
      </trkpt>
      <trkpt lat="46.51809" lon="11.873109">
        <ele>1860.5</ele>
        <time>2017-07-30T10:21:29</time>
      </trkpt>
      <trkpt lat="46.518001" lon="11.873079">
        <ele>1861.1</ele>
        <time>2017-07-30T10:21:33</time>
      </trkpt>
      <trkpt lat="46.517931" lon="11.872991">
        <ele>1861.7</ele>
        <time>2017-07-30T10:21:37</time>
      </trkpt>
      <trkpt lat="46.517862" lon="11.872906">
        <ele>1862.3</ele>
        <time>2017-07-30T10:21:41</time>
      </trkpt>
      <trkpt lat="46.51779" lon="11.872838">
        <ele>1862.8</ele>
        <time>2017-07-30T10:21:44</time>
      </trkpt>
      <trkpt lat="46.517679" lon="11.872802">
        <ele>1863.4</ele>
        <time>2017-07-30T10:21:48</time>
      </trkpt>
      <trkpt lat="46.517568" lon="11.872796">
        <ele>1863.8</ele>
        <time>2017-07-30T10:21:51</time>
      </trkpt>
      <trkpt lat="46.517486" lon="11.872775">
        <ele>1864.3</ele>
        <time>2017-07-30T10:21:54</time>
      </trkpt>
      <trkpt lat="46.517378" lon="11.87274">
        <ele>1864.7</ele>
        <time>2017-07-30T10:21:58</time>
      </trkpt>
      <trkpt lat="46.517296" lon="11.872742">
        <ele>1865.2</ele>
        <time>2017-07-30T10:22:01</time>
      </trkpt>
      <trkpt lat="46.517186" lon="11.87276">
        <ele>1865.5</ele>
        <time>2017-07-30T10:22:05</time>
      </trkpt>
      <trkpt lat="46.517093" lon="11.872743">
        <ele>1865.9</ele>
        <time>2017-07-30T10:22:09</time>
      </trkpt>
      <trkpt lat="46.516988" lon="11.872752">
        <ele>1866.2</ele>
        <time>2017-07-30T10:22:13</time>
      </trkpt>
      <trkpt lat="46.516887" lon="11.872787">
        <ele>1866.4</ele>
        <time>2017-07-30T10:22:16</time>
      </trkpt>
      <trkpt lat="46.51677" lon="11.872815">
        <ele>1866.5</ele>
        <time>2017-07-30T10:22:19</time>
      </trkpt>
      <trkpt lat="46.516683" lon="11.872838">
        <ele>1866.8</ele>
        <time>2017-07-30T10:22:21</time>
      </trkpt>
      <trkpt lat="46.516603" lon="11.87286">
        <ele>1867.1</ele>
        <time>2017-07-30T10:22:23</time>
      </trkpt>
      <trkpt lat="46.5165" lon="11.872866">
        <ele>1867.5</ele>
        <time>2017-07-30T10:22:26</time>
      </trkpt>
      <trkpt lat="46.51639" lon="11.87289">
        <ele>1868.0</ele>
        <time>2017-07-30T10:22:29</time>
      </trkpt>
      <trkpt lat="46.516291" lon="11.872871">
        <ele>1868.4</ele>
        <time>2017-07-30T10:22:32</time>
      </trkpt>
      <trkpt lat="46.516179" lon="11.872891">
        <ele>1868.7</ele>
        <time>2017-07-30T10:22:35</time>
      </trkpt>
      <trkpt lat="46.516099" lon="11.872916">
        <ele>1869.3</ele>
        <time>2017-07-30T10:22:37</time>
      </trkpt>
      <trkpt lat="46.515983" lon="11.872938">
        <ele>1869.9</ele>
        <time>2017-07-30T10:22:40</time>
      </trkpt>
      <trkpt lat="46.515885" lon="11.872881">
        <ele>1870.6</ele>
        <time>2017-07-30T10:22:43</time>
      </trkpt>
      <trkpt lat="46.515812" lon="11.872814">
        <ele>1871.5</ele>
        <time>2017-07-30T10:22:46</time>
      </trkpt>
      <trkpt lat="46.515725" lon="11.872795">
        <ele>1872.5</ele>
        <time>2017-07-30T10:22:49</time>
      </trkpt>
      <trkpt lat="46.515625" lon="11.872795">
        <ele>1873.2</ele>
        <time>2017-07-30T10:22:52</time>
      </trkpt>
      <trkpt lat="46.515542" lon="11.872802">
        <ele>1873.7</ele>
        <time>2017-07-30T10:22:55</time>
      </trkpt>
      <trkpt lat="46.515462" lon="11.87277">
        <ele>1874.1</ele>
        <time>2017-07-30T10:22:58</time>
      </trkpt>
      <trkpt lat="46.515372" lon="11.872744">
        <ele>1874.4</ele>
        <time>2017-07-30T10:23:01</time>
      </trkpt>
      <trkpt lat="46.515283" lon="11.872689">
        <ele>1874.6</ele>
        <time>2017-07-30T10:23:05</time>
      </trkpt>
      <trkpt lat="46.515205" lon="11.872642">
        <ele>1874.8</ele>
        <time>2017-07-30T10:23:09</time>
      </trkpt>
      <trkpt lat="46.515118" lon="11.872606">
        <ele>1875.0</ele>
        <time>2017-07-30T10:23:13</time>
      </trkpt>
      <trkpt lat="46.515023" lon="11.872574">
        <ele>1875.3</ele>
        <time>2017-07-30T10:23:17</time>
      </trkpt>
      <trkpt lat="46.514933" lon="11.872529">
        <ele>1875.5</ele>
        <time>2017-07-30T10:23:21</time>
      </trkpt>
      <trkpt lat="46.514831" lon="11.872535">
        <ele>1875.6</ele>
        <time>2017-07-30T10:23:24</time>
      </trkpt>
      <trkpt lat="46.514747" lon="11.872511">
        <ele>1875.5</ele>
        <time>2017-07-30T10:23:27</time>
      </trkpt>
      <trkpt lat="46.514662" lon="11.872493">
        <ele>1875.4</ele>
        <time>2017-07-30T10:23:30</time>
      </trkpt>
      <trkpt lat="46.514572" lon="11.872472">
        <ele>1875.2</ele>
        <time>2017-07-30T10:23:33</time>
      </trkpt>
      <trkpt lat="46.514487" lon="11.872407">
        <ele>1875.0</ele>
        <time>2017-07-30T10:23:36</time>
      </trkpt>
      <trkpt lat="46.514402" lon="11.872376">
        <ele>1874.9</ele>
        <time>2017-07-30T10:23:39</time>
      </trkpt>
      <trkpt lat="46.514308" lon="11.872356">
        <ele>1874.9</ele>
        <time>2017-07-30T10:23:42</time>
      </trkpt>
      <trkpt lat="46.514218" lon="11.872338">
        <ele>1875.1</ele>
        <time>2017-07-30T10:23:45</time>
      </trkpt>
      <trkpt lat="46.514132" lon="11.872309">
        <ele>1875.2</ele>
        <time>2017-07-30T10:23:48</time>
      </trkpt>
      <trkpt lat="46.514046" lon="11.872314">
        <ele>1875.1</ele>
        <time>2017-07-30T10:23:51</time>
      </trkpt>
      <trkpt lat="46.51396" lon="11.872313">
        <ele>1874.9</ele>
        <time>2017-07-30T10:23:55</time>
      </trkpt>
      <trkpt lat="46.513879" lon="11.872327">
        <ele>1874.7</ele>
        <time>2017-07-30T10:24:00</time>
      </trkpt>
      <trkpt lat="46.513798" lon="11.872389">
        <ele>1874.5</ele>
        <time>2017-07-30T10:24:07</time>
      </trkpt>
      <trkpt lat="46.513716" lon="11.872376">
        <ele>1874.5</ele>
        <time>2017-07-30T10:25:02</time>
      </trkpt>
      <trkpt lat="46.513673" lon="11.872492">
        <ele>1874.4</ele>
        <time>2017-07-30T10:27:19</time>
      </trkpt>
      <trkpt lat="46.513603" lon="11.872571">
        <ele>1874.3</ele>
        <time>2017-07-30T10:27:23</time>
      </trkpt>
      <trkpt lat="46.51354" lon="11.872659">
        <ele>1874.3</ele>
        <time>2017-07-30T10:27:26</time>
      </trkpt>
      <trkpt lat="46.513476" lon="11.872789">
        <ele>1874.2</ele>
        <time>2017-07-30T10:27:30</time>
      </trkpt>
      <trkpt lat="46.513389" lon="11.872884">
        <ele>1873.9</ele>
        <time>2017-07-30T10:27:33</time>
      </trkpt>
      <trkpt lat="46.513303" lon="11.87299">
        <ele>1873.5</ele>
        <time>2017-07-30T10:27:36</time>
      </trkpt>
      <trkpt lat="46.513236" lon="11.873097">
        <ele>1873.1</ele>
        <time>2017-07-30T10:27:38</time>
      </trkpt>
      <trkpt lat="46.513147" lon="11.873181">
        <ele>1872.5</ele>
        <time>2017-07-30T10:27:40</time>
      </trkpt>
      <trkpt lat="46.513067" lon="11.873294">
        <ele>1872.0</ele>
        <time>2017-07-30T10:27:42</time>
      </trkpt>
      <trkpt lat="46.512953" lon="11.873411">
        <ele>1871.5</ele>
        <time>2017-07-30T10:27:44</time>
      </trkpt>
      <trkpt lat="46.512823" lon="11.873513">
        <ele>1871.1</ele>
        <time>2017-07-30T10:27:46</time>
      </trkpt>
      <trkpt lat="46.512708" lon="11.873652">
        <ele>1870.6</ele>
        <time>2017-07-30T10:27:48</time>
      </trkpt>
      <trkpt lat="46.512644" lon="11.873727">
        <ele>1870.1</ele>
        <time>2017-07-30T10:27:49</time>
      </trkpt>
      <trkpt lat="46.512581" lon="11.873804">
        <ele>1869.5</ele>
        <time>2017-07-30T10:27:50</time>
      </trkpt>
      <trkpt lat="46.512519" lon="11.87388">
        <ele>1868.8</ele>
        <time>2017-07-30T10:27:51</time>
      </trkpt>
      <trkpt lat="46.512451" lon="11.87395">
        <ele>1868.2</ele>
        <time>2017-07-30T10:27:52</time>
      </trkpt>
      <trkpt lat="46.512334" lon="11.87409">
        <ele>1867.5</ele>
        <time>2017-07-30T10:27:54</time>
      </trkpt>
      <trkpt lat="46.512263" lon="11.874148">
        <ele>1867.0</ele>
        <time>2017-07-30T10:27:55</time>
      </trkpt>
      <trkpt lat="46.51219" lon="11.874206">
        <ele>1866.5</ele>
        <time>2017-07-30T10:27:56</time>
      </trkpt>
      <trkpt lat="46.512041" lon="11.874315">
        <ele>1866.2</ele>
        <time>2017-07-30T10:27:58</time>
      </trkpt>
      <trkpt lat="46.511902" lon="11.874412">
        <ele>1865.8</ele>
        <time>2017-07-30T10:28:00</time>
      </trkpt>
      <trkpt lat="46.511768" lon="11.874486">
        <ele>1865.5</ele>
        <time>2017-07-30T10:28:02</time>
      </trkpt>
      <trkpt lat="46.511697" lon="11.874557">
        <ele>1865.3</ele>
        <time>2017-07-30T10:28:03</time>
      </trkpt>
      <trkpt lat="46.511559" lon="11.874618">
        <ele>1865.1</ele>
        <time>2017-07-30T10:28:05</time>
      </trkpt>
      <trkpt lat="46.51142" lon="11.874678">
        <ele>1864.8</ele>
        <time>2017-07-30T10:28:07</time>
      </trkpt>
      <trkpt lat="46.511298" lon="11.874788">
        <ele>1864.6</ele>
        <time>2017-07-30T10:28:09</time>
      </trkpt>
      <trkpt lat="46.511221" lon="11.87484">
        <ele>1864.5</ele>
        <time>2017-07-30T10:28:10</time>
      </trkpt>
      <trkpt lat="46.51108" lon="11.874956">
        <ele>1864.5</ele>
        <time>2017-07-30T10:28:12</time>
      </trkpt>
      <trkpt lat="46.510935" lon="11.875013">
        <ele>1864.5</ele>
        <time>2017-07-30T10:28:14</time>
      </trkpt>
      <trkpt lat="46.510789" lon="11.875057">
        <ele>1864.3</ele>
        <time>2017-07-30T10:28:16</time>
      </trkpt>
      <trkpt lat="46.510637" lon="11.87513">
        <ele>1863.9</ele>
        <time>2017-07-30T10:28:18</time>
      </trkpt>
      <trkpt lat="46.510562" lon="11.875182">
        <ele>1863.5</ele>
        <time>2017-07-30T10:28:19</time>
      </trkpt>
      <trkpt lat="46.510476" lon="11.875236">
        <ele>1862.8</ele>
        <time>2017-07-30T10:28:20</time>
      </trkpt>
      <trkpt lat="46.510397" lon="11.875289">
        <ele>1862.0</ele>
        <time>2017-07-30T10:28:21</time>
      </trkpt>
      <trkpt lat="46.510323" lon="11.875337">
        <ele>1861.1</ele>
        <time>2017-07-30T10:28:22</time>
      </trkpt>
      <trkpt lat="46.510251" lon="11.87541">
        <ele>1860.1</ele>
        <time>2017-07-30T10:28:23</time>
      </trkpt>
      <trkpt lat="46.510179" lon="11.875485">
        <ele>1859.0</ele>
        <time>2017-07-30T10:28:24</time>
      </trkpt>
      <trkpt lat="46.510047" lon="11.875618">
        <ele>1857.7</ele>
        <time>2017-07-30T10:28:26</time>
      </trkpt>
      <trkpt lat="46.509976" lon="11.875698">
        <ele>1856.4</ele>
        <time>2017-07-30T10:28:27</time>
      </trkpt>
      <trkpt lat="46.509907" lon="11.875785">
        <ele>1854.9</ele>
        <time>2017-07-30T10:28:28</time>
      </trkpt>
      <trkpt lat="46.509831" lon="11.875865">
        <ele>1853.5</ele>
        <time>2017-07-30T10:28:29</time>
      </trkpt>
      <trkpt lat="46.509761" lon="11.875962">
        <ele>1852.0</ele>
        <time>2017-07-30T10:28:30</time>
      </trkpt>
      <trkpt lat="46.509703" lon="11.876066">
        <ele>1850.4</ele>
        <time>2017-07-30T10:28:31</time>
      </trkpt>
      <trkpt lat="46.509643" lon="11.876167">
        <ele>1848.9</ele>
        <time>2017-07-30T10:28:32</time>
      </trkpt>
      <trkpt lat="46.509543" lon="11.87634">
        <ele>1847.4</ele>
        <time>2017-07-30T10:28:34</time>
      </trkpt>
      <trkpt lat="46.509479" lon="11.876412">
        <ele>1845.9</ele>
        <time>2017-07-30T10:28:35</time>
      </trkpt>
      <trkpt lat="46.509336" lon="11.876531">
        <ele>1844.6</ele>
        <time>2017-07-30T10:28:37</time>
      </trkpt>
      <trkpt lat="46.509179" lon="11.87658">
        <ele>1843.4</ele>
        <time>2017-07-30T10:28:39</time>
      </trkpt>
      <trkpt lat="46.509097" lon="11.876593">
        <ele>1842.1</ele>
        <time>2017-07-30T10:28:40</time>
      </trkpt>
      <trkpt lat="46.508949" lon="11.876548">
        <ele>1840.7</ele>
        <time>2017-07-30T10:28:42</time>
      </trkpt>
      <trkpt lat="46.508883" lon="11.876456">
        <ele>1839.5</ele>
        <time>2017-07-30T10:28:43</time>
      </trkpt>
      <trkpt lat="46.508773" lon="11.876299">
        <ele>1838.3</ele>
        <time>2017-07-30T10:28:45</time>
      </trkpt>
      <trkpt lat="46.508627" lon="11.87627">
        <ele>1837.2</ele>
        <time>2017-07-30T10:28:47</time>
      </trkpt>
      <trkpt lat="46.508502" lon="11.876359">
        <ele>1836.4</ele>
        <time>2017-07-30T10:28:49</time>
      </trkpt>
      <trkpt lat="46.508452" lon="11.876519">
        <ele>1835.6</ele>
        <time>2017-07-30T10:28:51</time>
      </trkpt>
      <trkpt lat="46.508448" lon="11.876659">
        <ele>1834.9</ele>
        <time>2017-07-30T10:28:52</time>
      </trkpt>
      <trkpt lat="46.508426" lon="11.876778">
        <ele>1834.3</ele>
        <time>2017-07-30T10:28:53</time>
      </trkpt>
      <trkpt lat="46.50839" lon="11.876892">
        <ele>1833.5</ele>
        <time>2017-07-30T10:28:54</time>
      </trkpt>
      <trkpt lat="46.508345" lon="11.877005">
        <ele>1832.7</ele>
        <time>2017-07-30T10:28:55</time>
      </trkpt>
      <trkpt lat="46.508286" lon="11.877102">
        <ele>1832.2</ele>
        <time>2017-07-30T10:28:57</time>
      </trkpt>
      <trkpt lat="46.508149" lon="11.877154">
        <ele>1831.7</ele>
        <time>2017-07-30T10:28:58</time>
      </trkpt>
      <trkpt lat="46.508051" lon="11.87726">
        <ele>1831.4</ele>
        <time>2017-07-30T10:28:59</time>
      </trkpt>
      <trkpt lat="46.507962" lon="11.877374">
        <ele>1830.5</ele>
        <time>2017-07-30T10:29:00</time>
      </trkpt>
      <trkpt lat="46.507808" lon="11.877499">
        <ele>1829.5</ele>
        <time>2017-07-30T10:29:02</time>
      </trkpt>
      <trkpt lat="46.507769" lon="11.877618">
        <ele>1828.3</ele>
        <time>2017-07-30T10:29:03</time>
      </trkpt>
      <trkpt lat="46.507662" lon="11.877777">
        <ele>1826.6</ele>
        <time>2017-07-30T10:29:05</time>
      </trkpt>
      <trkpt lat="46.507544" lon="11.877923">
        <ele>1824.6</ele>
        <time>2017-07-30T10:29:07</time>
      </trkpt>
      <trkpt lat="46.5074" lon="11.877874">
        <ele>1822.6</ele>
        <time>2017-07-30T10:29:08</time>
      </trkpt>
      <trkpt lat="46.507315" lon="11.877858">
        <ele>1820.8</ele>
        <time>2017-07-30T10:29:09</time>
      </trkpt>
      <trkpt lat="46.507169" lon="11.877831">
        <ele>1819.4</ele>
        <time>2017-07-30T10:29:11</time>
      </trkpt>
      <trkpt lat="46.507041" lon="11.877778">
        <ele>1817.9</ele>
        <time>2017-07-30T10:29:13</time>
      </trkpt>
      <trkpt lat="46.507137" lon="11.877544">
        <ele>1816.7</ele>
        <time>2017-07-30T10:29:15</time>
      </trkpt>
      <trkpt lat="46.507298" lon="11.877423">
        <ele>1815.6</ele>
        <time>2017-07-30T10:29:17</time>
      </trkpt>
      <trkpt lat="46.507373" lon="11.877366">
        <ele>1815.4</ele>
        <time>2017-07-30T10:29:18</time>
      </trkpt>
      <trkpt lat="46.507456" lon="11.877316">
        <ele>1815.3</ele>
        <time>2017-07-30T10:29:19</time>
      </trkpt>
      <trkpt lat="46.507538" lon="11.877262">
        <ele>1815.2</ele>
        <time>2017-07-30T10:29:20</time>
      </trkpt>
      <trkpt lat="46.507599" lon="11.87716">
        <ele>1815.1</ele>
        <time>2017-07-30T10:29:21</time>
      </trkpt>
      <trkpt lat="46.507658" lon="11.877074">
        <ele>1815.4</ele>
        <time>2017-07-30T10:29:22</time>
      </trkpt>
      <trkpt lat="46.507775" lon="11.877045">
        <ele>1815.4</ele>
        <time>2017-07-30T10:29:24</time>
      </trkpt>
      <trkpt lat="46.507818" lon="11.876906">
        <ele>1815.0</ele>
        <time>2017-07-30T10:29:26</time>
      </trkpt>
      <trkpt lat="46.507759" lon="11.876777">
        <ele>1814.3</ele>
        <time>2017-07-30T10:29:28</time>
      </trkpt>
      <trkpt lat="46.507659" lon="11.876739">
        <ele>1813.3</ele>
        <time>2017-07-30T10:29:29</time>
      </trkpt>
      <trkpt lat="46.507564" lon="11.87673">
        <ele>1811.9</ele>
        <time>2017-07-30T10:29:30</time>
      </trkpt>
      <trkpt lat="46.507477" lon="11.876888">
        <ele>1810.5</ele>
        <time>2017-07-30T10:29:31</time>
      </trkpt>
      <trkpt lat="46.507381" lon="11.876935">
        <ele>1808.6</ele>
        <time>2017-07-30T10:29:32</time>
      </trkpt>
      <trkpt lat="46.507293" lon="11.877005">
        <ele>1806.7</ele>
        <time>2017-07-30T10:29:33</time>
      </trkpt>
      <trkpt lat="46.507197" lon="11.87708">
        <ele>1805.1</ele>
        <time>2017-07-30T10:29:34</time>
      </trkpt>
      <trkpt lat="46.5071" lon="11.877147">
        <ele>1803.8</ele>
        <time>2017-07-30T10:29:35</time>
      </trkpt>
      <trkpt lat="46.507009" lon="11.877217">
        <ele>1802.6</ele>
        <time>2017-07-30T10:29:36</time>
      </trkpt>
      <trkpt lat="46.506902" lon="11.877293">
        <ele>1801.9</ele>
        <time>2017-07-30T10:29:37</time>
      </trkpt>
      <trkpt lat="46.506791" lon="11.877329">
        <ele>1801.3</ele>
        <time>2017-07-30T10:29:38</time>
      </trkpt>
      <trkpt lat="46.506703" lon="11.877396">
        <ele>1800.5</ele>
        <time>2017-07-30T10:29:39</time>
      </trkpt>
      <trkpt lat="46.506542" lon="11.877523">
        <ele>1799.8</ele>
        <time>2017-07-30T10:29:41</time>
      </trkpt>
      <trkpt lat="46.506393" lon="11.87759">
        <ele>1799.3</ele>
        <time>2017-07-30T10:29:42</time>
      </trkpt>
      <trkpt lat="46.506323" lon="11.877671">
        <ele>1798.6</ele>
        <time>2017-07-30T10:29:44</time>
      </trkpt>
      <trkpt lat="46.506185" lon="11.877705">
        <ele>1798.1</ele>
        <time>2017-07-30T10:29:45</time>
      </trkpt>
      <trkpt lat="46.506035" lon="11.877698">
        <ele>1797.5</ele>
        <time>2017-07-30T10:29:46</time>
      </trkpt>
      <trkpt lat="46.505802" lon="11.877725">
        <ele>1797.0</ele>
        <time>2017-07-30T10:29:48</time>
      </trkpt>
      <trkpt lat="46.505678" lon="11.877726">
        <ele>1795.5</ele>
        <time>2017-07-30T10:29:49</time>
      </trkpt>
      <trkpt lat="46.505573" lon="11.877716">
        <ele>1793.9</ele>
        <time>2017-07-30T10:29:50</time>
      </trkpt>
      <trkpt lat="46.505342" lon="11.877777">
        <ele>1791.9</ele>
        <time>2017-07-30T10:29:52</time>
      </trkpt>
      <trkpt lat="46.505207" lon="11.877776">
        <ele>1790.2</ele>
        <time>2017-07-30T10:29:53</time>
      </trkpt>
      <trkpt lat="46.505082" lon="11.877787">
        <ele>1788.5</ele>
        <time>2017-07-30T10:29:54</time>
      </trkpt>
      <trkpt lat="46.50467" lon="11.877746">
        <ele>1787.1</ele>
        <time>2017-07-30T10:29:58</time>
      </trkpt>
      <trkpt lat="46.504558" lon="11.877738">
        <ele>1785.5</ele>
        <time>2017-07-30T10:29:59</time>
      </trkpt>
      <trkpt lat="46.504455" lon="11.877736">
        <ele>1784.2</ele>
        <time>2017-07-30T10:30:00</time>
      </trkpt>
      <trkpt lat="46.504344" lon="11.877756">
        <ele>1782.5</ele>
        <time>2017-07-30T10:30:01</time>
      </trkpt>
      <trkpt lat="46.504178" lon="11.877725">
        <ele>1780.9</ele>
        <time>2017-07-30T10:30:03</time>
      </trkpt>
      <trkpt lat="46.504095" lon="11.87772">
        <ele>1778.7</ele>
        <time>2017-07-30T10:30:04</time>
      </trkpt>
      <trkpt lat="46.504" lon="11.877705">
        <ele>1777.1</ele>
        <time>2017-07-30T10:30:05</time>
      </trkpt>
      <trkpt lat="46.503897" lon="11.8777">
        <ele>1775.5</ele>
        <time>2017-07-30T10:30:06</time>
      </trkpt>
      <trkpt lat="46.503808" lon="11.877652">
        <ele>1774.1</ele>
        <time>2017-07-30T10:30:07</time>
      </trkpt>
      <trkpt lat="46.503703" lon="11.87764">
        <ele>1772.5</ele>
        <time>2017-07-30T10:30:08</time>
      </trkpt>
      <trkpt lat="46.503659" lon="11.877357">
        <ele>1770.9</ele>
        <time>2017-07-30T10:30:10</time>
      </trkpt>
      <trkpt lat="46.503543" lon="11.877209">
        <ele>1769.3</ele>
        <time>2017-07-30T10:30:12</time>
      </trkpt>
      <trkpt lat="46.503515" lon="11.877098">
        <ele>1767.6</ele>
        <time>2017-07-30T10:30:13</time>
      </trkpt>
      <trkpt lat="46.503457" lon="11.877009">
        <ele>1765.8</ele>
        <time>2017-07-30T10:30:14</time>
      </trkpt>
      <trkpt lat="46.503389" lon="11.876929">
        <ele>1763.9</ele>
        <time>2017-07-30T10:30:15</time>
      </trkpt>
      <trkpt lat="46.503307" lon="11.87688">
        <ele>1761.7</ele>
        <time>2017-07-30T10:30:16</time>
      </trkpt>
      <trkpt lat="46.503208" lon="11.876852">
        <ele>1760.0</ele>
        <time>2017-07-30T10:30:17</time>
      </trkpt>
      <trkpt lat="46.5031" lon="11.876863">
        <ele>1758.5</ele>
        <time>2017-07-30T10:30:18</time>
      </trkpt>
      <trkpt lat="46.503023" lon="11.877017">
        <ele>1757.1</ele>
        <time>2017-07-30T10:30:19</time>
      </trkpt>
      <trkpt lat="46.502922" lon="11.877103">
        <ele>1755.8</ele>
        <time>2017-07-30T10:30:20</time>
      </trkpt>
      <trkpt lat="46.502755" lon="11.877225">
        <ele>1754.8</ele>
        <time>2017-07-30T10:30:22</time>
      </trkpt>
      <trkpt lat="46.502696" lon="11.877321">
        <ele>1754.3</ele>
        <time>2017-07-30T10:30:23</time>
      </trkpt>
      <trkpt lat="46.502647" lon="11.877438">
        <ele>1754.4</ele>
        <time>2017-07-30T10:30:24</time>
      </trkpt>
      <trkpt lat="46.502625" lon="11.877568">
        <ele>1754.8</ele>
        <time>2017-07-30T10:30:25</time>
      </trkpt>
      <trkpt lat="46.502594" lon="11.877695">
        <ele>1755.0</ele>
        <time>2017-07-30T10:30:26</time>
      </trkpt>
      <trkpt lat="46.502584" lon="11.877832">
        <ele>1755.4</ele>
        <time>2017-07-30T10:30:27</time>
      </trkpt>
      <trkpt lat="46.502552" lon="11.878089">
        <ele>1755.8</ele>
        <time>2017-07-30T10:30:29</time>
      </trkpt>
      <trkpt lat="46.502516" lon="11.878283">
        <ele>1756.3</ele>
        <time>2017-07-30T10:30:30</time>
      </trkpt>
      <trkpt lat="46.502465" lon="11.878404">
        <ele>1756.6</ele>
        <time>2017-07-30T10:30:31</time>
      </trkpt>
      <trkpt lat="46.50229" lon="11.87851">
        <ele>1756.9</ele>
        <time>2017-07-30T10:30:33</time>
      </trkpt>
      <trkpt lat="46.502153" lon="11.878657">
        <ele>1756.5</ele>
        <time>2017-07-30T10:30:34</time>
      </trkpt>
      <trkpt lat="46.502074" lon="11.87872">
        <ele>1756.0</ele>
        <time>2017-07-30T10:30:35</time>
      </trkpt>
      <trkpt lat="46.502021" lon="11.878865">
        <ele>1755.5</ele>
        <time>2017-07-30T10:30:36</time>
      </trkpt>
      <trkpt lat="46.501967" lon="11.879014">
        <ele>1754.5</ele>
        <time>2017-07-30T10:30:37</time>
      </trkpt>
      <trkpt lat="46.501891" lon="11.87933">
        <ele>1752.9</ele>
        <time>2017-07-30T10:30:39</time>
      </trkpt>
      <trkpt lat="46.501766" lon="11.879439">
        <ele>1751.6</ele>
        <time>2017-07-30T10:30:40</time>
      </trkpt>
      <trkpt lat="46.501738" lon="11.879802">
        <ele>1750.5</ele>
        <time>2017-07-30T10:30:42</time>
      </trkpt>
      <trkpt lat="46.501756" lon="11.879972">
        <ele>1749.6</ele>
        <time>2017-07-30T10:30:43</time>
      </trkpt>
      <trkpt lat="46.501749" lon="11.880158">
        <ele>1748.5</ele>
        <time>2017-07-30T10:30:44</time>
      </trkpt>
      <trkpt lat="46.501704" lon="11.880334">
        <ele>1747.5</ele>
        <time>2017-07-30T10:30:45</time>
      </trkpt>
      <trkpt lat="46.501686" lon="11.880502">
        <ele>1746.5</ele>
        <time>2017-07-30T10:30:46</time>
      </trkpt>
      <trkpt lat="46.501693" lon="11.880669">
        <ele>1746.0</ele>
        <time>2017-07-30T10:30:47</time>
      </trkpt>
      <trkpt lat="46.501677" lon="11.880829">
        <ele>1745.0</ele>
        <time>2017-07-30T10:30:48</time>
      </trkpt>
      <trkpt lat="46.501687" lon="11.881167">
        <ele>1743.6</ele>
        <time>2017-07-30T10:30:50</time>
      </trkpt>
      <trkpt lat="46.501688" lon="11.88132">
        <ele>1741.7</ele>
        <time>2017-07-30T10:30:51</time>
      </trkpt>
      <trkpt lat="46.501678" lon="11.881628">
        <ele>1739.7</ele>
        <time>2017-07-30T10:30:53</time>
      </trkpt>
      <trkpt lat="46.501641" lon="11.881748">
        <ele>1737.6</ele>
        <time>2017-07-30T10:30:54</time>
      </trkpt>
      <trkpt lat="46.50163" lon="11.881961">
        <ele>1735.5</ele>
        <time>2017-07-30T10:30:55</time>
      </trkpt>
      <trkpt lat="46.501638" lon="11.882103">
        <ele>1733.4</ele>
        <time>2017-07-30T10:30:56</time>
      </trkpt>
      <trkpt lat="46.501626" lon="11.882377">
        <ele>1731.7</ele>
        <time>2017-07-30T10:30:58</time>
      </trkpt>
      <trkpt lat="46.501618" lon="11.88251">
        <ele>1730.3</ele>
        <time>2017-07-30T10:30:59</time>
      </trkpt>
      <trkpt lat="46.501616" lon="11.882648">
        <ele>1729.2</ele>
        <time>2017-07-30T10:31:00</time>
      </trkpt>
      <trkpt lat="46.501644" lon="11.882797">
        <ele>1728.5</ele>
        <time>2017-07-30T10:31:01</time>
      </trkpt>
      <trkpt lat="46.501658" lon="11.882937">
        <ele>1728.1</ele>
        <time>2017-07-30T10:31:02</time>
      </trkpt>
      <trkpt lat="46.50169" lon="11.883067">
        <ele>1727.6</ele>
        <time>2017-07-30T10:31:03</time>
      </trkpt>
      <trkpt lat="46.501724" lon="11.883186">
        <ele>1727.2</ele>
        <time>2017-07-30T10:31:04</time>
      </trkpt>
      <trkpt lat="46.501783" lon="11.88344">
        <ele>1726.7</ele>
        <time>2017-07-30T10:31:06</time>
      </trkpt>
      <trkpt lat="46.501796" lon="11.883591">
        <ele>1726.0</ele>
        <time>2017-07-30T10:31:07</time>
      </trkpt>
      <trkpt lat="46.501807" lon="11.883741">
        <ele>1725.3</ele>
        <time>2017-07-30T10:31:08</time>
      </trkpt>
      <trkpt lat="46.501821" lon="11.883901">
        <ele>1724.5</ele>
        <time>2017-07-30T10:31:09</time>
      </trkpt>
      <trkpt lat="46.501834" lon="11.884042">
        <ele>1723.8</ele>
        <time>2017-07-30T10:31:10</time>
      </trkpt>
      <trkpt lat="46.501853" lon="11.884186">
        <ele>1722.9</ele>
        <time>2017-07-30T10:31:11</time>
      </trkpt>
      <trkpt lat="46.501861" lon="11.884313">
        <ele>1721.5</ele>
        <time>2017-07-30T10:31:12</time>
      </trkpt>
      <trkpt lat="46.50197" lon="11.884593">
        <ele>1719.8</ele>
        <time>2017-07-30T10:31:14</time>
      </trkpt>
      <trkpt lat="46.502007" lon="11.884723">
        <ele>1717.7</ele>
        <time>2017-07-30T10:31:15</time>
      </trkpt>
      <trkpt lat="46.502025" lon="11.884844">
        <ele>1715.4</ele>
        <time>2017-07-30T10:31:16</time>
      </trkpt>
      <trkpt lat="46.502037" lon="11.884975">
        <ele>1713.4</ele>
        <time>2017-07-30T10:31:17</time>
      </trkpt>
      <trkpt lat="46.501912" lon="11.885368">
        <ele>1711.5</ele>
        <time>2017-07-30T10:31:20</time>
      </trkpt>
      <trkpt lat="46.501847" lon="11.885507">
        <ele>1710.2</ele>
        <time>2017-07-30T10:31:21</time>
      </trkpt>
      <trkpt lat="46.501723" lon="11.885797">
        <ele>1708.7</ele>
        <time>2017-07-30T10:31:23</time>
      </trkpt>
      <trkpt lat="46.501669" lon="11.885937">
        <ele>1707.3</ele>
        <time>2017-07-30T10:31:24</time>
      </trkpt>
      <trkpt lat="46.501614" lon="11.886093">
        <ele>1705.7</ele>
        <time>2017-07-30T10:31:25</time>
      </trkpt>
      <trkpt lat="46.501528" lon="11.88639">
        <ele>1705.0</ele>
        <time>2017-07-30T10:31:27</time>
      </trkpt>
      <trkpt lat="46.501501" lon="11.886536">
        <ele>1704.1</ele>
        <time>2017-07-30T10:31:28</time>
      </trkpt>
      <trkpt lat="46.501485" lon="11.88666">
        <ele>1702.5</ele>
        <time>2017-07-30T10:31:29</time>
      </trkpt>
      <trkpt lat="46.501463" lon="11.886782">
        <ele>1701.0</ele>
        <time>2017-07-30T10:31:30</time>
      </trkpt>
      <trkpt lat="46.501462" lon="11.887033">
        <ele>1699.8</ele>
        <time>2017-07-30T10:31:32</time>
      </trkpt>
      <trkpt lat="46.501565" lon="11.887306">
        <ele>1698.7</ele>
        <time>2017-07-30T10:31:35</time>
      </trkpt>
      <trkpt lat="46.501507" lon="11.887436">
        <ele>1697.6</ele>
        <time>2017-07-30T10:31:37</time>
      </trkpt>
      <trkpt lat="46.501397" lon="11.887383">
        <ele>1696.5</ele>
        <time>2017-07-30T10:31:38</time>
      </trkpt>
      <trkpt lat="46.501341" lon="11.887265">
        <ele>1695.5</ele>
        <time>2017-07-30T10:31:40</time>
      </trkpt>
      <trkpt lat="46.501324" lon="11.887116">
        <ele>1694.4</ele>
        <time>2017-07-30T10:31:42</time>
      </trkpt>
      <trkpt lat="46.501302" lon="11.886917">
        <ele>1693.1</ele>
        <time>2017-07-30T10:31:44</time>
      </trkpt>
      <trkpt lat="46.501284" lon="11.886698">
        <ele>1690.7</ele>
        <time>2017-07-30T10:31:46</time>
      </trkpt>
      <trkpt lat="46.501294" lon="11.886571">
        <ele>1688.6</ele>
        <time>2017-07-30T10:31:47</time>
      </trkpt>
      <trkpt lat="46.501324" lon="11.886421">
        <ele>1687.3</ele>
        <time>2017-07-30T10:31:48</time>
      </trkpt>
      <trkpt lat="46.501307" lon="11.886291">
        <ele>1686.2</ele>
        <time>2017-07-30T10:31:49</time>
      </trkpt>
      <trkpt lat="46.501303" lon="11.886161">
        <ele>1685.0</ele>
        <time>2017-07-30T10:31:50</time>
      </trkpt>
      <trkpt lat="46.501278" lon="11.886039">
        <ele>1683.6</ele>
        <time>2017-07-30T10:31:51</time>
      </trkpt>
      <trkpt lat="46.501269" lon="11.885912">
        <ele>1682.3</ele>
        <time>2017-07-30T10:31:52</time>
      </trkpt>
      <trkpt lat="46.501259" lon="11.885783">
        <ele>1680.9</ele>
        <time>2017-07-30T10:31:53</time>
      </trkpt>
      <trkpt lat="46.501247" lon="11.885658">
        <ele>1679.5</ele>
        <time>2017-07-30T10:31:54</time>
      </trkpt>
      <trkpt lat="46.501229" lon="11.885506">
        <ele>1678.2</ele>
        <time>2017-07-30T10:31:55</time>
      </trkpt>
      <trkpt lat="46.50121" lon="11.885378">
        <ele>1677.1</ele>
        <time>2017-07-30T10:31:56</time>
      </trkpt>
      <trkpt lat="46.501188" lon="11.885259">
        <ele>1676.3</ele>
        <time>2017-07-30T10:31:57</time>
      </trkpt>
      <trkpt lat="46.501172" lon="11.885138">
        <ele>1675.6</ele>
        <time>2017-07-30T10:31:58</time>
      </trkpt>
      <trkpt lat="46.501162" lon="11.885021">
        <ele>1675.1</ele>
        <time>2017-07-30T10:31:59</time>
      </trkpt>
      <trkpt lat="46.501152" lon="11.884899">
        <ele>1674.5</ele>
        <time>2017-07-30T10:32:00</time>
      </trkpt>
      <trkpt lat="46.501156" lon="11.884775">
        <ele>1673.5</ele>
        <time>2017-07-30T10:32:01</time>
      </trkpt>
      <trkpt lat="46.501154" lon="11.884653">
        <ele>1672.2</ele>
        <time>2017-07-30T10:32:02</time>
      </trkpt>
      <trkpt lat="46.501166" lon="11.88453">
        <ele>1670.7</ele>
        <time>2017-07-30T10:32:03</time>
      </trkpt>
      <trkpt lat="46.501143" lon="11.884312">
        <ele>1669.5</ele>
        <time>2017-07-30T10:32:05</time>
      </trkpt>
      <trkpt lat="46.50109" lon="11.884219">
        <ele>1668.2</ele>
        <time>2017-07-30T10:32:06</time>
      </trkpt>
      <trkpt lat="46.500982" lon="11.884205">
        <ele>1666.7</ele>
        <time>2017-07-30T10:32:08</time>
      </trkpt>
      <trkpt lat="46.500875" lon="11.88431">
        <ele>1665.1</ele>
        <time>2017-07-30T10:32:09</time>
      </trkpt>
      <trkpt lat="46.500815" lon="11.884418">
        <ele>1663.5</ele>
        <time>2017-07-30T10:32:10</time>
      </trkpt>
      <trkpt lat="46.500864" lon="11.884592">
        <ele>1661.9</ele>
        <time>2017-07-30T10:32:11</time>
      </trkpt>
      <trkpt lat="46.50085" lon="11.884756">
        <ele>1659.8</ele>
        <time>2017-07-30T10:32:12</time>
      </trkpt>
      <trkpt lat="46.500831" lon="11.884913">
        <ele>1657.5</ele>
        <time>2017-07-30T10:32:13</time>
      </trkpt>
      <trkpt lat="46.500789" lon="11.885061">
        <ele>1656.0</ele>
        <time>2017-07-30T10:32:14</time>
      </trkpt>
      <trkpt lat="46.50077" lon="11.885221">
        <ele>1654.8</ele>
        <time>2017-07-30T10:32:15</time>
      </trkpt>
      <trkpt lat="46.500765" lon="11.885407">
        <ele>1654.1</ele>
        <time>2017-07-30T10:32:17</time>
      </trkpt>
      <trkpt lat="46.500637" lon="11.885448">
        <ele>1653.1</ele>
        <time>2017-07-30T10:32:19</time>
      </trkpt>
      <trkpt lat="46.500542" lon="11.885426">
        <ele>1652.3</ele>
        <time>2017-07-30T10:32:21</time>
      </trkpt>
      <trkpt lat="46.500636" lon="11.885195">
        <ele>1651.5</ele>
        <time>2017-07-30T10:32:23</time>
      </trkpt>
      <trkpt lat="46.500675" lon="11.884954">
        <ele>1650.5</ele>
        <time>2017-07-30T10:32:25</time>
      </trkpt>
      <trkpt lat="46.500689" lon="11.884714">
        <ele>1649.4</ele>
        <time>2017-07-30T10:32:27</time>
      </trkpt>
      <trkpt lat="46.500655" lon="11.884461">
        <ele>1647.7</ele>
        <time>2017-07-30T10:32:29</time>
      </trkpt>
      <trkpt lat="46.500652" lon="11.884317">
        <ele>1646.6</ele>
        <time>2017-07-30T10:32:30</time>
      </trkpt>
      <trkpt lat="46.500626" lon="11.884194">
        <ele>1645.8</ele>
        <time>2017-07-30T10:32:31</time>
      </trkpt>
      <trkpt lat="46.500575" lon="11.883911">
        <ele>1644.7</ele>
        <time>2017-07-30T10:32:33</time>
      </trkpt>
      <trkpt lat="46.50054" lon="11.883774">
        <ele>1643.7</ele>
        <time>2017-07-30T10:32:34</time>
      </trkpt>
      <trkpt lat="46.500483" lon="11.883641">
        <ele>1642.7</ele>
        <time>2017-07-30T10:32:35</time>
      </trkpt>
      <trkpt lat="46.500436" lon="11.883514">
        <ele>1641.7</ele>
        <time>2017-07-30T10:32:36</time>
      </trkpt>
      <trkpt lat="46.500381" lon="11.883402">
        <ele>1640.6</ele>
        <time>2017-07-30T10:32:37</time>
      </trkpt>
      <trkpt lat="46.500334" lon="11.883295">
        <ele>1639.6</ele>
        <time>2017-07-30T10:32:38</time>
      </trkpt>
      <trkpt lat="46.500284" lon="11.883177">
        <ele>1639.1</ele>
        <time>2017-07-30T10:32:39</time>
      </trkpt>
      <trkpt lat="46.500242" lon="11.883041">
        <ele>1638.7</ele>
        <time>2017-07-30T10:32:40</time>
      </trkpt>
      <trkpt lat="46.500204" lon="11.882908">
        <ele>1638.6</ele>
        <time>2017-07-30T10:32:41</time>
      </trkpt>
      <trkpt lat="46.500167" lon="11.882759">
        <ele>1638.5</ele>
        <time>2017-07-30T10:32:42</time>
      </trkpt>
      <trkpt lat="46.500127" lon="11.882604">
        <ele>1638.1</ele>
        <time>2017-07-30T10:32:43</time>
      </trkpt>
      <trkpt lat="46.500093" lon="11.882445">
        <ele>1637.6</ele>
        <time>2017-07-30T10:32:44</time>
      </trkpt>
      <trkpt lat="46.500055" lon="11.882284">
        <ele>1637.1</ele>
        <time>2017-07-30T10:32:45</time>
      </trkpt>
      <trkpt lat="46.500014" lon="11.88211">
        <ele>1636.5</ele>
        <time>2017-07-30T10:32:46</time>
      </trkpt>
      <trkpt lat="46.499975" lon="11.881937">
        <ele>1635.8</ele>
        <time>2017-07-30T10:32:47</time>
      </trkpt>
      <trkpt lat="46.499942" lon="11.88177">
        <ele>1635.1</ele>
        <time>2017-07-30T10:32:48</time>
      </trkpt>
      <trkpt lat="46.499911" lon="11.881599">
        <ele>1634.2</ele>
        <time>2017-07-30T10:32:49</time>
      </trkpt>
      <trkpt lat="46.499885" lon="11.881443">
        <ele>1633.0</ele>
        <time>2017-07-30T10:32:50</time>
      </trkpt>
      <trkpt lat="46.499842" lon="11.881171">
        <ele>1631.7</ele>
        <time>2017-07-30T10:32:52</time>
      </trkpt>
      <trkpt lat="46.499819" lon="11.880936">
        <ele>1630.5</ele>
        <time>2017-07-30T10:32:53</time>
      </trkpt>
      <trkpt lat="46.49979" lon="11.880757">
        <ele>1629.4</ele>
        <time>2017-07-30T10:32:54</time>
      </trkpt>
      <trkpt lat="46.499766" lon="11.880598">
        <ele>1628.5</ele>
        <time>2017-07-30T10:32:55</time>
      </trkpt>
      <trkpt lat="46.499741" lon="11.880448">
        <ele>1627.8</ele>
        <time>2017-07-30T10:32:56</time>
      </trkpt>
      <trkpt lat="46.499717" lon="11.880308">
        <ele>1627.0</ele>
        <time>2017-07-30T10:32:57</time>
      </trkpt>
      <trkpt lat="46.499696" lon="11.88018">
        <ele>1625.9</ele>
        <time>2017-07-30T10:32:58</time>
      </trkpt>
      <trkpt lat="46.499651" lon="11.879915">
        <ele>1624.6</ele>
        <time>2017-07-30T10:33:00</time>
      </trkpt>
      <trkpt lat="46.499627" lon="11.879785">
        <ele>1623.4</ele>
        <time>2017-07-30T10:33:01</time>
      </trkpt>
      <trkpt lat="46.49959" lon="11.879652">
        <ele>1622.3</ele>
        <time>2017-07-30T10:33:02</time>
      </trkpt>
      <trkpt lat="46.499557" lon="11.879534">
        <ele>1621.5</ele>
        <time>2017-07-30T10:33:03</time>
      </trkpt>
      <trkpt lat="46.499489" lon="11.87942">
        <ele>1620.7</ele>
        <time>2017-07-30T10:33:04</time>
      </trkpt>
      <trkpt lat="46.499452" lon="11.879301">
        <ele>1619.9</ele>
        <time>2017-07-30T10:33:05</time>
      </trkpt>
      <trkpt lat="46.499423" lon="11.879168">
        <ele>1618.9</ele>
        <time>2017-07-30T10:33:06</time>
      </trkpt>
      <trkpt lat="46.499408" lon="11.879024">
        <ele>1617.7</ele>
        <time>2017-07-30T10:33:07</time>
      </trkpt>
      <trkpt lat="46.499398" lon="11.878872">
        <ele>1616.6</ele>
        <time>2017-07-30T10:33:08</time>
      </trkpt>
      <trkpt lat="46.499385" lon="11.878713">
        <ele>1615.6</ele>
        <time>2017-07-30T10:33:09</time>
      </trkpt>
      <trkpt lat="46.499361" lon="11.87843">
        <ele>1614.8</ele>
        <time>2017-07-30T10:33:11</time>
      </trkpt>
      <trkpt lat="46.499352" lon="11.878289">
        <ele>1614.2</ele>
        <time>2017-07-30T10:33:12</time>
      </trkpt>
      <trkpt lat="46.499344" lon="11.878135">
        <ele>1613.5</ele>
        <time>2017-07-30T10:33:13</time>
      </trkpt>
      <trkpt lat="46.499341" lon="11.877989">
        <ele>1612.9</ele>
        <time>2017-07-30T10:33:14</time>
      </trkpt>
      <trkpt lat="46.499323" lon="11.877847">
        <ele>1612.3</ele>
        <time>2017-07-30T10:33:15</time>
      </trkpt>
      <trkpt lat="46.499294" lon="11.877711">
        <ele>1611.6</ele>
        <time>2017-07-30T10:33:16</time>
      </trkpt>
      <trkpt lat="46.49926" lon="11.877583">
        <ele>1611.1</ele>
        <time>2017-07-30T10:33:17</time>
      </trkpt>
      <trkpt lat="46.499237" lon="11.877464">
        <ele>1610.7</ele>
        <time>2017-07-30T10:33:18</time>
      </trkpt>
      <trkpt lat="46.499225" lon="11.877345">
        <ele>1610.5</ele>
        <time>2017-07-30T10:33:19</time>
      </trkpt>
      <trkpt lat="46.499227" lon="11.877216">
        <ele>1610.5</ele>
        <time>2017-07-30T10:33:20</time>
      </trkpt>
      <trkpt lat="46.49924" lon="11.877085">
        <ele>1610.5</ele>
        <time>2017-07-30T10:33:21</time>
      </trkpt>
      <trkpt lat="46.499266" lon="11.876946">
        <ele>1610.4</ele>
        <time>2017-07-30T10:33:22</time>
      </trkpt>
      <trkpt lat="46.499286" lon="11.876829">
        <ele>1610.3</ele>
        <time>2017-07-30T10:33:23</time>
      </trkpt>
      <trkpt lat="46.499324" lon="11.876685">
        <ele>1610.1</ele>
        <time>2017-07-30T10:33:24</time>
      </trkpt>
      <trkpt lat="46.49934" lon="11.876547">
        <ele>1609.8</ele>
        <time>2017-07-30T10:33:25</time>
      </trkpt>
      <trkpt lat="46.499344" lon="11.876406">
        <ele>1609.4</ele>
        <time>2017-07-30T10:33:26</time>
      </trkpt>
      <trkpt lat="46.499297" lon="11.8763">
        <ele>1609.0</ele>
        <time>2017-07-30T10:33:27</time>
      </trkpt>
      <trkpt lat="46.499269" lon="11.876168">
        <ele>1608.7</ele>
        <time>2017-07-30T10:33:28</time>
      </trkpt>
      <trkpt lat="46.499247" lon="11.87604">
        <ele>1608.4</ele>
        <time>2017-07-30T10:33:29</time>
      </trkpt>
      <trkpt lat="46.499239" lon="11.875903">
        <ele>1608.0</ele>
        <time>2017-07-30T10:33:30</time>
      </trkpt>
      <trkpt lat="46.499234" lon="11.875779">
        <ele>1607.5</ele>
        <time>2017-07-30T10:33:31</time>
      </trkpt>
      <trkpt lat="46.499256" lon="11.875651">
        <ele>1607.1</ele>
        <time>2017-07-30T10:33:32</time>
      </trkpt>
      <trkpt lat="46.499293" lon="11.875515">
        <ele>1606.7</ele>
        <time>2017-07-30T10:33:33</time>
      </trkpt>
      <trkpt lat="46.499324" lon="11.875395">
        <ele>1606.4</ele>
        <time>2017-07-30T10:33:34</time>
      </trkpt>
      <trkpt lat="46.49935" lon="11.875278">
        <ele>1606.0</ele>
        <time>2017-07-30T10:33:35</time>
      </trkpt>
      <trkpt lat="46.499342" lon="11.875072">
        <ele>1605.7</ele>
        <time>2017-07-30T10:33:37</time>
      </trkpt>
      <trkpt lat="46.499223" lon="11.874947">
        <ele>1605.5</ele>
        <time>2017-07-30T10:33:39</time>
      </trkpt>
      <trkpt lat="46.499097" lon="11.874865">
        <ele>1605.0</ele>
        <time>2017-07-30T10:33:41</time>
      </trkpt>
      <trkpt lat="46.499011" lon="11.874841">
        <ele>1604.3</ele>
        <time>2017-07-30T10:33:42</time>
      </trkpt>
      <trkpt lat="46.498851" lon="11.874763">
        <ele>1603.5</ele>
        <time>2017-07-30T10:33:44</time>
      </trkpt>
      <trkpt lat="46.498768" lon="11.874714">
        <ele>1602.6</ele>
        <time>2017-07-30T10:33:45</time>
      </trkpt>
      <trkpt lat="46.498634" lon="11.874615">
        <ele>1601.7</ele>
        <time>2017-07-30T10:33:47</time>
      </trkpt>
      <trkpt lat="46.498526" lon="11.874532">
        <ele>1600.8</ele>
        <time>2017-07-30T10:33:49</time>
      </trkpt>
      <trkpt lat="46.49841" lon="11.874474">
        <ele>1600.1</ele>
        <time>2017-07-30T10:33:51</time>
      </trkpt>
      <trkpt lat="46.49829" lon="11.874448">
        <ele>1599.5</ele>
        <time>2017-07-30T10:33:53</time>
      </trkpt>
      <trkpt lat="46.498182" lon="11.874428">
        <ele>1599.1</ele>
        <time>2017-07-30T10:33:55</time>
      </trkpt>
      <trkpt lat="46.498075" lon="11.87442">
        <ele>1598.8</ele>
        <time>2017-07-30T10:33:57</time>
      </trkpt>
      <trkpt lat="46.497968" lon="11.874431">
        <ele>1598.6</ele>
        <time>2017-07-30T10:33:59</time>
      </trkpt>
      <trkpt lat="46.497873" lon="11.874436">
        <ele>1598.6</ele>
        <time>2017-07-30T10:34:01</time>
      </trkpt>
      <trkpt lat="46.497796" lon="11.874481">
        <ele>1598.8</ele>
        <time>2017-07-30T10:34:03</time>
      </trkpt>
      <trkpt lat="46.497705" lon="11.874417">
        <ele>1599.2</ele>
        <time>2017-07-30T10:34:06</time>
      </trkpt>
      <trkpt lat="46.497611" lon="11.874386">
        <ele>1599.5</ele>
        <time>2017-07-30T10:34:11</time>
      </trkpt>
      <trkpt lat="46.49753" lon="11.874368">
        <ele>1600.0</ele>
        <time>2017-07-30T10:34:15</time>
      </trkpt>
      <trkpt lat="46.49744" lon="11.874347">
        <ele>1600.5</ele>
        <time>2017-07-30T10:34:19</time>
      </trkpt>
      <trkpt lat="46.497362" lon="11.87428">
        <ele>1600.7</ele>
        <time>2017-07-30T10:34:23</time>
      </trkpt>
      <trkpt lat="46.497326" lon="11.87417">
        <ele>1601.1</ele>
        <time>2017-07-30T10:34:28</time>
      </trkpt>
      <trkpt lat="46.497251" lon="11.874218">
        <ele>1601.4</ele>
        <time>2017-07-30T10:36:47</time>
      </trkpt>
      <trkpt lat="46.497181" lon="11.874297">
        <ele>1601.6</ele>
        <time>2017-07-30T10:36:54</time>
      </trkpt>
      <trkpt lat="46.497258" lon="11.874247">
        <ele>1602.0</ele>
        <time>2017-07-30T10:38:35</time>
      </trkpt>
      <trkpt lat="46.497344" lon="11.874238">
        <ele>1602.4</ele>
        <time>2017-07-30T10:38:51</time>
      </trkpt>
      <trkpt lat="46.497344" lon="11.874098">
        <ele>1602.8</ele>
        <time>2017-07-30T10:38:59</time>
      </trkpt>
      <trkpt lat="46.497289" lon="11.873993">
        <ele>1603.3</ele>
        <time>2017-07-30T10:39:04</time>
      </trkpt>
      <trkpt lat="46.497248" lon="11.873887">
        <ele>1603.8</ele>
        <time>2017-07-30T10:39:09</time>
      </trkpt>
      <trkpt lat="46.497202" lon="11.873786">
        <ele>1604.5</ele>
        <time>2017-07-30T10:39:14</time>
      </trkpt>
      <trkpt lat="46.497133" lon="11.873694">
        <ele>1605.2</ele>
        <time>2017-07-30T10:39:19</time>
      </trkpt>
      <trkpt lat="46.497072" lon="11.873607">
        <ele>1606.0</ele>
        <time>2017-07-30T10:39:24</time>
      </trkpt>
      <trkpt lat="46.496982" lon="11.873545">
        <ele>1606.7</ele>
        <time>2017-07-30T10:39:30</time>
      </trkpt>
      <trkpt lat="46.496896" lon="11.873493">
        <ele>1607.5</ele>
        <time>2017-07-30T10:39:35</time>
      </trkpt>
      <trkpt lat="46.496808" lon="11.873465">
        <ele>1608.3</ele>
        <time>2017-07-30T10:39:39</time>
      </trkpt>
      <trkpt lat="46.496718" lon="11.87341">
        <ele>1609.0</ele>
        <time>2017-07-30T10:39:44</time>
      </trkpt>
      <trkpt lat="46.496635" lon="11.873386">
        <ele>1609.8</ele>
        <time>2017-07-30T10:39:49</time>
      </trkpt>
      <trkpt lat="46.496553" lon="11.873341">
        <ele>1610.6</ele>
        <time>2017-07-30T10:39:54</time>
      </trkpt>
      <trkpt lat="46.49646" lon="11.873293">
        <ele>1611.5</ele>
        <time>2017-07-30T10:39:59</time>
      </trkpt>
      <trkpt lat="46.49641" lon="11.873188">
        <ele>1612.2</ele>
        <time>2017-07-30T10:40:05</time>
      </trkpt>
      <trkpt lat="46.496421" lon="11.873061">
        <ele>1612.9</ele>
        <time>2017-07-30T10:40:09</time>
      </trkpt>
      <trkpt lat="46.496446" lon="11.872947">
        <ele>1613.5</ele>
        <time>2017-07-30T10:40:13</time>
      </trkpt>
      <trkpt lat="46.496468" lon="11.872814">
        <ele>1614.3</ele>
        <time>2017-07-30T10:40:18</time>
      </trkpt>
      <trkpt lat="46.496496" lon="11.872682">
        <ele>1615.0</ele>
        <time>2017-07-30T10:40:23</time>
      </trkpt>
      <trkpt lat="46.496519" lon="11.872564">
        <ele>1615.7</ele>
        <time>2017-07-30T10:40:28</time>
      </trkpt>
      <trkpt lat="46.496551" lon="11.872449">
        <ele>1616.5</ele>
        <time>2017-07-30T10:40:32</time>
      </trkpt>
      <trkpt lat="46.496584" lon="11.872335">
        <ele>1617.1</ele>
        <time>2017-07-30T10:40:36</time>
      </trkpt>
      <trkpt lat="46.496608" lon="11.87221">
        <ele>1617.6</ele>
        <time>2017-07-30T10:40:41</time>
      </trkpt>
      <trkpt lat="46.496621" lon="11.872075">
        <ele>1618.1</ele>
        <time>2017-07-30T10:40:46</time>
      </trkpt>
      <trkpt lat="46.49662" lon="11.871955">
        <ele>1618.6</ele>
        <time>2017-07-30T10:40:51</time>
      </trkpt>
      <trkpt lat="46.496673" lon="11.871841">
        <ele>1619.3</ele>
        <time>2017-07-30T10:40:56</time>
      </trkpt>
      <trkpt lat="46.496721" lon="11.87174">
        <ele>1619.8</ele>
        <time>2017-07-30T10:41:00</time>
      </trkpt>
      <trkpt lat="46.496751" lon="11.871611">
        <ele>1620.5</ele>
        <time>2017-07-30T10:41:05</time>
      </trkpt>
      <trkpt lat="46.49674" lon="11.87149">
        <ele>1621.0</ele>
        <time>2017-07-30T10:41:09</time>
      </trkpt>
      <trkpt lat="46.496672" lon="11.871414">
        <ele>1621.5</ele>
        <time>2017-07-30T10:41:14</time>
      </trkpt>
      <trkpt lat="46.496581" lon="11.8714">
        <ele>1621.8</ele>
        <time>2017-07-30T10:41:18</time>
      </trkpt>
      <trkpt lat="46.496512" lon="11.871467">
        <ele>1622.1</ele>
        <time>2017-07-30T10:41:22</time>
      </trkpt>
      <trkpt lat="46.496423" lon="11.871538">
        <ele>1622.4</ele>
        <time>2017-07-30T10:41:27</time>
      </trkpt>
      <trkpt lat="46.496352" lon="11.871626">
        <ele>1622.5</ele>
        <time>2017-07-30T10:41:32</time>
      </trkpt>
      <trkpt lat="46.496268" lon="11.871709">
        <ele>1622.7</ele>
        <time>2017-07-30T10:41:36</time>
      </trkpt>
      <trkpt lat="46.496213" lon="11.871796">
        <ele>1622.8</ele>
        <time>2017-07-30T10:41:41</time>
      </trkpt>
      <trkpt lat="46.496156" lon="11.871884">
        <ele>1622.9</ele>
        <time>2017-07-30T10:41:45</time>
      </trkpt>
      <trkpt lat="46.496058" lon="11.871896">
        <ele>1623.1</ele>
        <time>2017-07-30T10:41:49</time>
      </trkpt>
      <trkpt lat="46.495998" lon="11.871814">
        <ele>1623.3</ele>
        <time>2017-07-30T10:41:52</time>
      </trkpt>
      <trkpt lat="46.495984" lon="11.871692">
        <ele>1623.5</ele>
        <time>2017-07-30T10:41:55</time>
      </trkpt>
      <trkpt lat="46.496009" lon="11.871569">
        <ele>1624.0</ele>
        <time>2017-07-30T10:41:59</time>
      </trkpt>
      <trkpt lat="46.496035" lon="11.871443">
        <ele>1624.5</ele>
        <time>2017-07-30T10:42:03</time>
      </trkpt>
      <trkpt lat="46.496024" lon="11.871297">
        <ele>1625.4</ele>
        <time>2017-07-30T10:42:08</time>
      </trkpt>
      <trkpt lat="46.496047" lon="11.871182">
        <ele>1626.4</ele>
        <time>2017-07-30T10:42:11</time>
      </trkpt>
      <trkpt lat="46.496091" lon="11.871059">
        <ele>1627.5</ele>
        <time>2017-07-30T10:42:15</time>
      </trkpt>
      <trkpt lat="46.496147" lon="11.870939">
        <ele>1628.9</ele>
        <time>2017-07-30T10:42:19</time>
      </trkpt>
      <trkpt lat="46.496162" lon="11.870818">
        <ele>1630.3</ele>
        <time>2017-07-30T10:42:23</time>
      </trkpt>
      <trkpt lat="46.496165" lon="11.870685">
        <ele>1631.5</ele>
        <time>2017-07-30T10:42:29</time>
      </trkpt>
      <trkpt lat="46.496175" lon="11.870568">
        <ele>1632.7</ele>
        <time>2017-07-30T10:42:33</time>
      </trkpt>
      <trkpt lat="46.49615" lon="11.870431">
        <ele>1633.8</ele>
        <time>2017-07-30T10:42:38</time>
      </trkpt>
      <trkpt lat="46.496066" lon="11.870348">
        <ele>1634.8</ele>
        <time>2017-07-30T10:42:42</time>
      </trkpt>
      <trkpt lat="46.495984" lon="11.870314">
        <ele>1635.6</ele>
        <time>2017-07-30T10:42:45</time>
      </trkpt>
      <trkpt lat="46.495909" lon="11.870373">
        <ele>1636.5</ele>
        <time>2017-07-30T10:42:50</time>
      </trkpt>
      <trkpt lat="46.495875" lon="11.870491">
        <ele>1637.2</ele>
        <time>2017-07-30T10:42:54</time>
      </trkpt>
      <trkpt lat="46.495795" lon="11.870562">
        <ele>1637.8</ele>
        <time>2017-07-30T10:42:58</time>
      </trkpt>
      <trkpt lat="46.495704" lon="11.870599">
        <ele>1638.4</ele>
        <time>2017-07-30T10:43:02</time>
      </trkpt>
      <trkpt lat="46.495623" lon="11.870657">
        <ele>1638.8</ele>
        <time>2017-07-30T10:43:06</time>
      </trkpt>
      <trkpt lat="46.495537" lon="11.870658">
        <ele>1639.3</ele>
        <time>2017-07-30T10:43:11</time>
      </trkpt>
      <trkpt lat="46.495501" lon="11.870529">
        <ele>1639.7</ele>
        <time>2017-07-30T10:43:16</time>
      </trkpt>
      <trkpt lat="46.49548" lon="11.870393">
        <ele>1640.2</ele>
        <time>2017-07-30T10:43:21</time>
      </trkpt>
      <trkpt lat="46.495452" lon="11.870263">
        <ele>1640.6</ele>
        <time>2017-07-30T10:43:25</time>
      </trkpt>
      <trkpt lat="46.495431" lon="11.870135">
        <ele>1641.2</ele>
        <time>2017-07-30T10:43:30</time>
      </trkpt>
      <trkpt lat="46.495396" lon="11.870025">
        <ele>1641.8</ele>
        <time>2017-07-30T10:43:34</time>
      </trkpt>
      <trkpt lat="46.495361" lon="11.869906">
        <ele>1642.5</ele>
        <time>2017-07-30T10:43:39</time>
      </trkpt>
      <trkpt lat="46.495335" lon="11.869783">
        <ele>1643.1</ele>
        <time>2017-07-30T10:43:44</time>
      </trkpt>
      <trkpt lat="46.495298" lon="11.869657">
        <ele>1643.6</ele>
        <time>2017-07-30T10:43:48</time>
      </trkpt>
      <trkpt lat="46.495257" lon="11.869532">
        <ele>1644.2</ele>
        <time>2017-07-30T10:43:53</time>
      </trkpt>
      <trkpt lat="46.495208" lon="11.869408">
        <ele>1644.6</ele>
        <time>2017-07-30T10:43:58</time>
      </trkpt>
      <trkpt lat="46.49514" lon="11.869307">
        <ele>1645.1</ele>
        <time>2017-07-30T10:44:04</time>
      </trkpt>
      <trkpt lat="46.495079" lon="11.8692">
        <ele>1645.6</ele>
        <time>2017-07-30T10:44:08</time>
      </trkpt>
      <trkpt lat="46.495021" lon="11.869089">
        <ele>1646.2</ele>
        <time>2017-07-30T10:44:13</time>
      </trkpt>
      <trkpt lat="46.494976" lon="11.86899">
        <ele>1646.9</ele>
        <time>2017-07-30T10:44:17</time>
      </trkpt>
      <trkpt lat="46.494923" lon="11.868885">
        <ele>1647.7</ele>
        <time>2017-07-30T10:44:22</time>
      </trkpt>
      <trkpt lat="46.494867" lon="11.868789">
        <ele>1648.6</ele>
        <time>2017-07-30T10:44:27</time>
      </trkpt>
      <trkpt lat="46.494812" lon="11.868697">
        <ele>1649.6</ele>
        <time>2017-07-30T10:44:31</time>
      </trkpt>
      <trkpt lat="46.494748" lon="11.868608">
        <ele>1650.7</ele>
        <time>2017-07-30T10:44:36</time>
      </trkpt>
      <trkpt lat="46.494718" lon="11.868499">
        <ele>1651.9</ele>
        <time>2017-07-30T10:44:40</time>
      </trkpt>
      <trkpt lat="46.494727" lon="11.868368">
        <ele>1653.1</ele>
        <time>2017-07-30T10:44:44</time>
      </trkpt>
      <trkpt lat="46.494719" lon="11.868233">
        <ele>1654.4</ele>
        <time>2017-07-30T10:44:48</time>
      </trkpt>
      <trkpt lat="46.49475" lon="11.868124">
        <ele>1655.5</ele>
        <time>2017-07-30T10:44:52</time>
      </trkpt>
      <trkpt lat="46.494769" lon="11.867983">
        <ele>1656.6</ele>
        <time>2017-07-30T10:44:56</time>
      </trkpt>
      <trkpt lat="46.494772" lon="11.867842">
        <ele>1657.7</ele>
        <time>2017-07-30T10:45:00</time>
      </trkpt>
      <trkpt lat="46.49475" lon="11.867726">
        <ele>1658.6</ele>
        <time>2017-07-30T10:45:04</time>
      </trkpt>
      <trkpt lat="46.494701" lon="11.867608">
        <ele>1659.4</ele>
        <time>2017-07-30T10:45:09</time>
      </trkpt>
      <trkpt lat="46.494642" lon="11.867507">
        <ele>1660.0</ele>
        <time>2017-07-30T10:45:13</time>
      </trkpt>
      <trkpt lat="46.494588" lon="11.867411">
        <ele>1660.5</ele>
        <time>2017-07-30T10:45:18</time>
      </trkpt>
      <trkpt lat="46.494532" lon="11.867318">
        <ele>1660.7</ele>
        <time>2017-07-30T10:45:23</time>
      </trkpt>
      <trkpt lat="46.494454" lon="11.867229">
        <ele>1661.0</ele>
        <time>2017-07-30T10:45:28</time>
      </trkpt>
      <trkpt lat="46.494383" lon="11.867153">
        <ele>1661.3</ele>
        <time>2017-07-30T10:45:32</time>
      </trkpt>
      <trkpt lat="46.494324" lon="11.867056">
        <ele>1661.5</ele>
        <time>2017-07-30T10:45:37</time>
      </trkpt>
      <trkpt lat="46.494274" lon="11.866954">
        <ele>1661.7</ele>
        <time>2017-07-30T10:45:42</time>
      </trkpt>
      <trkpt lat="46.494238" lon="11.866846">
        <ele>1661.9</ele>
        <time>2017-07-30T10:45:46</time>
      </trkpt>
      <trkpt lat="46.494255" lon="11.866719">
        <ele>1662.1</ele>
        <time>2017-07-30T10:45:50</time>
      </trkpt>
      <trkpt lat="46.494336" lon="11.866702">
        <ele>1662.4</ele>
        <time>2017-07-30T10:45:53</time>
      </trkpt>
      <trkpt lat="46.494408" lon="11.866783">
        <ele>1662.8</ele>
        <time>2017-07-30T10:45:57</time>
      </trkpt>
      <trkpt lat="46.49444" lon="11.866902">
        <ele>1663.4</ele>
        <time>2017-07-30T10:46:02</time>
      </trkpt>
      <trkpt lat="46.494489" lon="11.867023">
        <ele>1664.2</ele>
        <time>2017-07-30T10:46:07</time>
      </trkpt>
      <trkpt lat="46.494552" lon="11.867109">
        <ele>1665.1</ele>
        <time>2017-07-30T10:46:12</time>
      </trkpt>
      <trkpt lat="46.494636" lon="11.867144">
        <ele>1666.2</ele>
        <time>2017-07-30T10:46:16</time>
      </trkpt>
      <trkpt lat="46.494694" lon="11.867035">
        <ele>1667.4</ele>
        <time>2017-07-30T10:46:20</time>
      </trkpt>
      <trkpt lat="46.494725" lon="11.866911">
        <ele>1668.5</ele>
        <time>2017-07-30T10:46:23</time>
      </trkpt>
      <trkpt lat="46.494751" lon="11.866749">
        <ele>1669.8</ele>
        <time>2017-07-30T10:46:27</time>
      </trkpt>
      <trkpt lat="46.494785" lon="11.866636">
        <ele>1671.2</ele>
        <time>2017-07-30T10:46:30</time>
      </trkpt>
      <trkpt lat="46.494865" lon="11.866557">
        <ele>1672.5</ele>
        <time>2017-07-30T10:46:35</time>
      </trkpt>
      <trkpt lat="46.494966" lon="11.86656">
        <ele>1673.9</ele>
        <time>2017-07-30T10:46:40</time>
      </trkpt>
      <trkpt lat="46.495049" lon="11.86661">
        <ele>1675.2</ele>
        <time>2017-07-30T10:46:44</time>
      </trkpt>
      <trkpt lat="46.495131" lon="11.866647">
        <ele>1676.5</ele>
        <time>2017-07-30T10:46:49</time>
      </trkpt>
      <trkpt lat="46.495216" lon="11.866701">
        <ele>1677.5</ele>
        <time>2017-07-30T10:46:54</time>
      </trkpt>
      <trkpt lat="46.495289" lon="11.866761">
        <ele>1678.7</ele>
        <time>2017-07-30T10:46:58</time>
      </trkpt>
      <trkpt lat="46.495366" lon="11.866805">
        <ele>1679.8</ele>
        <time>2017-07-30T10:47:02</time>
      </trkpt>
      <trkpt lat="46.495445" lon="11.866847">
        <ele>1680.7</ele>
        <time>2017-07-30T10:47:06</time>
      </trkpt>
      <trkpt lat="46.495517" lon="11.866911">
        <ele>1681.5</ele>
        <time>2017-07-30T10:47:11</time>
      </trkpt>
      <trkpt lat="46.495601" lon="11.8669">
        <ele>1682.2</ele>
        <time>2017-07-30T10:47:15</time>
      </trkpt>
      <trkpt lat="46.495637" lon="11.866769">
        <ele>1682.9</ele>
        <time>2017-07-30T10:47:19</time>
      </trkpt>
      <trkpt lat="46.495617" lon="11.866643">
        <ele>1683.6</ele>
        <time>2017-07-30T10:47:23</time>
      </trkpt>
      <trkpt lat="46.495539" lon="11.866575">
        <ele>1684.3</ele>
        <time>2017-07-30T10:47:27</time>
      </trkpt>
      <trkpt lat="46.495467" lon="11.866479">
        <ele>1684.9</ele>
        <time>2017-07-30T10:47:32</time>
      </trkpt>
      <trkpt lat="46.495403" lon="11.866368">
        <ele>1685.5</ele>
        <time>2017-07-30T10:47:37</time>
      </trkpt>
      <trkpt lat="46.495347" lon="11.866276">
        <ele>1686.1</ele>
        <time>2017-07-30T10:47:41</time>
      </trkpt>
      <trkpt lat="46.495297" lon="11.866153">
        <ele>1686.5</ele>
        <time>2017-07-30T10:47:46</time>
      </trkpt>
      <trkpt lat="46.495249" lon="11.866052">
        <ele>1686.9</ele>
        <time>2017-07-30T10:47:50</time>
      </trkpt>
      <trkpt lat="46.495224" lon="11.865938">
        <ele>1687.4</ele>
        <time>2017-07-30T10:47:54</time>
      </trkpt>
      <trkpt lat="46.495213" lon="11.8658">
        <ele>1688.1</ele>
        <time>2017-07-30T10:47:59</time>
      </trkpt>
      <trkpt lat="46.495182" lon="11.865662">
        <ele>1688.8</ele>
        <time>2017-07-30T10:48:04</time>
      </trkpt>
      <trkpt lat="46.495153" lon="11.865526">
        <ele>1689.5</ele>
        <time>2017-07-30T10:48:09</time>
      </trkpt>
      <trkpt lat="46.495139" lon="11.865409">
        <ele>1690.4</ele>
        <time>2017-07-30T10:48:13</time>
      </trkpt>
      <trkpt lat="46.495104" lon="11.865286">
        <ele>1691.3</ele>
        <time>2017-07-30T10:48:18</time>
      </trkpt>
      <trkpt lat="46.495086" lon="11.865148">
        <ele>1692.2</ele>
        <time>2017-07-30T10:48:23</time>
      </trkpt>
      <trkpt lat="46.495053" lon="11.865031">
        <ele>1693.1</ele>
        <time>2017-07-30T10:48:28</time>
      </trkpt>
      <trkpt lat="46.495025" lon="11.864911">
        <ele>1694.0</ele>
        <time>2017-07-30T10:48:32</time>
      </trkpt>
      <trkpt lat="46.495012" lon="11.864762">
        <ele>1694.9</ele>
        <time>2017-07-30T10:48:37</time>
      </trkpt>
      <trkpt lat="46.494996" lon="11.864635">
        <ele>1695.8</ele>
        <time>2017-07-30T10:48:41</time>
      </trkpt>
      <trkpt lat="46.494964" lon="11.864498">
        <ele>1696.7</ele>
        <time>2017-07-30T10:48:47</time>
      </trkpt>
      <trkpt lat="46.494948" lon="11.864374">
        <ele>1697.5</ele>
        <time>2017-07-30T10:48:51</time>
      </trkpt>
      <trkpt lat="46.494922" lon="11.864241">
        <ele>1698.3</ele>
        <time>2017-07-30T10:48:56</time>
      </trkpt>
      <trkpt lat="46.4949" lon="11.864117">
        <ele>1699.2</ele>
        <time>2017-07-30T10:49:00</time>
      </trkpt>
      <trkpt lat="46.494889" lon="11.863984">
        <ele>1700.2</ele>
        <time>2017-07-30T10:49:05</time>
      </trkpt>
      <trkpt lat="46.494864" lon="11.863836">
        <ele>1701.3</ele>
        <time>2017-07-30T10:49:09</time>
      </trkpt>
      <trkpt lat="46.494835" lon="11.863702">
        <ele>1702.3</ele>
        <time>2017-07-30T10:49:13</time>
      </trkpt>
      <trkpt lat="46.494825" lon="11.863555">
        <ele>1703.2</ele>
        <time>2017-07-30T10:49:18</time>
      </trkpt>
      <trkpt lat="46.494837" lon="11.863435">
        <ele>1704.2</ele>
        <time>2017-07-30T10:49:22</time>
      </trkpt>
      <trkpt lat="46.494836" lon="11.863288">
        <ele>1705.1</ele>
        <time>2017-07-30T10:49:26</time>
      </trkpt>
      <trkpt lat="46.494835" lon="11.863153">
        <ele>1705.9</ele>
        <time>2017-07-30T10:49:30</time>
      </trkpt>
      <trkpt lat="46.494811" lon="11.863018">
        <ele>1706.6</ele>
        <time>2017-07-30T10:49:36</time>
      </trkpt>
      <trkpt lat="46.4948" lon="11.862887">
        <ele>1707.4</ele>
        <time>2017-07-30T10:49:40</time>
      </trkpt>
      <trkpt lat="46.494795" lon="11.862747">
        <ele>1708.0</ele>
        <time>2017-07-30T10:49:45</time>
      </trkpt>
      <trkpt lat="46.494785" lon="11.862631">
        <ele>1708.5</ele>
        <time>2017-07-30T10:49:50</time>
      </trkpt>
      <trkpt lat="46.49477" lon="11.862504">
        <ele>1708.9</ele>
        <time>2017-07-30T10:49:54</time>
      </trkpt>
      <trkpt lat="46.494738" lon="11.862372">
        <ele>1709.2</ele>
        <time>2017-07-30T10:49:59</time>
      </trkpt>
      <trkpt lat="46.49469" lon="11.862276">
        <ele>1709.5</ele>
        <time>2017-07-30T10:50:03</time>
      </trkpt>
      <trkpt lat="46.494637" lon="11.862186">
        <ele>1709.9</ele>
        <time>2017-07-30T10:50:07</time>
      </trkpt>
      <trkpt lat="46.494569" lon="11.862082">
        <ele>1710.3</ele>
        <time>2017-07-30T10:50:13</time>
      </trkpt>
      <trkpt lat="46.494506" lon="11.862002">
        <ele>1710.6</ele>
        <time>2017-07-30T10:50:17</time>
      </trkpt>
      <trkpt lat="46.494447" lon="11.861914">
        <ele>1711.0</ele>
        <time>2017-07-30T10:50:22</time>
      </trkpt>
      <trkpt lat="46.494388" lon="11.861811">
        <ele>1711.5</ele>
        <time>2017-07-30T10:50:26</time>
      </trkpt>
      <trkpt lat="46.49432" lon="11.861714">
        <ele>1712.0</ele>
        <time>2017-07-30T10:50:31</time>
      </trkpt>
      <trkpt lat="46.494269" lon="11.86162">
        <ele>1712.6</ele>
        <time>2017-07-30T10:50:35</time>
      </trkpt>
      <trkpt lat="46.494206" lon="11.861518">
        <ele>1713.3</ele>
        <time>2017-07-30T10:50:39</time>
      </trkpt>
      <trkpt lat="46.494142" lon="11.861412">
        <ele>1714.0</ele>
        <time>2017-07-30T10:50:43</time>
      </trkpt>
      <trkpt lat="46.494094" lon="11.861291">
        <ele>1714.6</ele>
        <time>2017-07-30T10:50:47</time>
      </trkpt>
      <trkpt lat="46.494082" lon="11.861164">
        <ele>1715.3</ele>
        <time>2017-07-30T10:50:52</time>
      </trkpt>
      <trkpt lat="46.494071" lon="11.861044">
        <ele>1716.0</ele>
        <time>2017-07-30T10:50:56</time>
      </trkpt>
      <trkpt lat="46.494078" lon="11.860926">
        <ele>1716.6</ele>
        <time>2017-07-30T10:51:00</time>
      </trkpt>
      <trkpt lat="46.494064" lon="11.860803">
        <ele>1717.4</ele>
        <time>2017-07-30T10:51:05</time>
      </trkpt>
      <trkpt lat="46.49405" lon="11.860681">
        <ele>1718.1</ele>
        <time>2017-07-30T10:51:09</time>
      </trkpt>
      <trkpt lat="46.494044" lon="11.860561">
        <ele>1718.9</ele>
        <time>2017-07-30T10:51:13</time>
      </trkpt>
      <trkpt lat="46.494031" lon="11.860436">
        <ele>1719.7</ele>
        <time>2017-07-30T10:51:18</time>
      </trkpt>
      <trkpt lat="46.493984" lon="11.860312">
        <ele>1720.6</ele>
        <time>2017-07-30T10:51:22</time>
      </trkpt>
      <trkpt lat="46.493941" lon="11.860198">
        <ele>1721.5</ele>
        <time>2017-07-30T10:51:26</time>
      </trkpt>
      <trkpt lat="46.493908" lon="11.860082">
        <ele>1722.5</ele>
        <time>2017-07-30T10:51:31</time>
      </trkpt>
      <trkpt lat="46.493887" lon="11.859961">
        <ele>1723.4</ele>
        <time>2017-07-30T10:51:36</time>
      </trkpt>
      <trkpt lat="46.493864" lon="11.859844">
        <ele>1724.2</ele>
        <time>2017-07-30T10:51:40</time>
      </trkpt>
      <trkpt lat="46.493847" lon="11.859708">
        <ele>1724.8</ele>
        <time>2017-07-30T10:51:44</time>
      </trkpt>
      <trkpt lat="46.493823" lon="11.859587">
        <ele>1725.4</ele>
        <time>2017-07-30T10:51:49</time>
      </trkpt>
      <trkpt lat="46.493782" lon="11.859463">
        <ele>1725.6</ele>
        <time>2017-07-30T10:51:54</time>
      </trkpt>
      <trkpt lat="46.493695" lon="11.859414">
        <ele>1725.9</ele>
        <time>2017-07-30T10:51:58</time>
      </trkpt>
      <trkpt lat="46.493609" lon="11.859401">
        <ele>1726.2</ele>
        <time>2017-07-30T10:52:03</time>
      </trkpt>
      <trkpt lat="46.493528" lon="11.859408">
        <ele>1726.5</ele>
        <time>2017-07-30T10:52:07</time>
      </trkpt>
      <trkpt lat="46.493443" lon="11.859393">
        <ele>1726.8</ele>
        <time>2017-07-30T10:52:11</time>
      </trkpt>
      <trkpt lat="46.493356" lon="11.859431">
        <ele>1727.1</ele>
        <time>2017-07-30T10:52:15</time>
      </trkpt>
      <trkpt lat="46.493256" lon="11.859396">
        <ele>1727.5</ele>
        <time>2017-07-30T10:52:19</time>
      </trkpt>
      <trkpt lat="46.493231" lon="11.85928">
        <ele>1728.1</ele>
        <time>2017-07-30T10:52:22</time>
      </trkpt>
      <trkpt lat="46.493241" lon="11.859149">
        <ele>1728.7</ele>
        <time>2017-07-30T10:52:26</time>
      </trkpt>
      <trkpt lat="46.493256" lon="11.859023">
        <ele>1729.5</ele>
        <time>2017-07-30T10:52:30</time>
      </trkpt>
      <trkpt lat="46.493265" lon="11.858889">
        <ele>1730.5</ele>
        <time>2017-07-30T10:52:34</time>
      </trkpt>
      <trkpt lat="46.493285" lon="11.858747">
        <ele>1731.7</ele>
        <time>2017-07-30T10:52:39</time>
      </trkpt>
      <trkpt lat="46.493297" lon="11.858631">
        <ele>1732.9</ele>
        <time>2017-07-30T10:52:44</time>
      </trkpt>
      <trkpt lat="46.493302" lon="11.858501">
        <ele>1733.9</ele>
        <time>2017-07-30T10:52:49</time>
      </trkpt>
      <trkpt lat="46.493287" lon="11.858378">
        <ele>1734.9</ele>
        <time>2017-07-30T10:52:53</time>
      </trkpt>
      <trkpt lat="46.493243" lon="11.85826">
        <ele>1736.0</ele>
        <time>2017-07-30T10:52:59</time>
      </trkpt>
      <trkpt lat="46.493156" lon="11.858226">
        <ele>1737.1</ele>
        <time>2017-07-30T10:53:04</time>
      </trkpt>
      <trkpt lat="46.493081" lon="11.858181">
        <ele>1737.9</ele>
        <time>2017-07-30T10:53:07</time>
      </trkpt>
      <trkpt lat="46.493031" lon="11.858077">
        <ele>1738.8</ele>
        <time>2017-07-30T10:53:10</time>
      </trkpt>
      <trkpt lat="46.493014" lon="11.857939">
        <ele>1739.7</ele>
        <time>2017-07-30T10:53:14</time>
      </trkpt>
      <trkpt lat="46.493002" lon="11.857809">
        <ele>1740.5</ele>
        <time>2017-07-30T10:53:18</time>
      </trkpt>
      <trkpt lat="46.492997" lon="11.857667">
        <ele>1741.2</ele>
        <time>2017-07-30T10:53:22</time>
      </trkpt>
      <trkpt lat="46.49296" lon="11.857531">
        <ele>1741.7</ele>
        <time>2017-07-30T10:53:28</time>
      </trkpt>
      <trkpt lat="46.493017" lon="11.857403">
        <ele>1742.3</ele>
        <time>2017-07-30T10:53:32</time>
      </trkpt>
      <trkpt lat="46.493103" lon="11.857397">
        <ele>1743.0</ele>
        <time>2017-07-30T10:53:35</time>
      </trkpt>
      <trkpt lat="46.493129" lon="11.857511">
        <ele>1743.6</ele>
        <time>2017-07-30T10:53:39</time>
      </trkpt>
      <trkpt lat="46.493146" lon="11.857632">
        <ele>1744.3</ele>
        <time>2017-07-30T10:53:43</time>
      </trkpt>
      <trkpt lat="46.493197" lon="11.857756">
        <ele>1744.9</ele>
        <time>2017-07-30T10:53:48</time>
      </trkpt>
      <trkpt lat="46.493279" lon="11.857807">
        <ele>1745.7</ele>
        <time>2017-07-30T10:53:52</time>
      </trkpt>
      <trkpt lat="46.49336" lon="11.85775">
        <ele>1746.4</ele>
        <time>2017-07-30T10:53:56</time>
      </trkpt>
      <trkpt lat="46.493384" lon="11.85763">
        <ele>1746.9</ele>
        <time>2017-07-30T10:53:59</time>
      </trkpt>
      <trkpt lat="46.493369" lon="11.857506">
        <ele>1747.5</ele>
        <time>2017-07-30T10:54:03</time>
      </trkpt>
      <trkpt lat="46.493332" lon="11.857386">
        <ele>1748.5</ele>
        <time>2017-07-30T10:54:07</time>
      </trkpt>
      <trkpt lat="46.493294" lon="11.857248">
        <ele>1749.8</ele>
        <time>2017-07-30T10:54:11</time>
      </trkpt>
      <trkpt lat="46.493253" lon="11.857127">
        <ele>1751.1</ele>
        <time>2017-07-30T10:54:17</time>
      </trkpt>
      <trkpt lat="46.493204" lon="11.857026">
        <ele>1752.2</ele>
        <time>2017-07-30T10:54:22</time>
      </trkpt>
      <trkpt lat="46.493189" lon="11.8569">
        <ele>1753.3</ele>
        <time>2017-07-30T10:54:27</time>
      </trkpt>
      <trkpt lat="46.493262" lon="11.856813">
        <ele>1754.5</ele>
        <time>2017-07-30T10:54:31</time>
      </trkpt>
      <trkpt lat="46.493358" lon="11.856857">
        <ele>1755.6</ele>
        <time>2017-07-30T10:54:35</time>
      </trkpt>
      <trkpt lat="46.493391" lon="11.856971">
        <ele>1756.6</ele>
        <time>2017-07-30T10:54:39</time>
      </trkpt>
      <trkpt lat="46.493462" lon="11.857052">
        <ele>1757.5</ele>
        <time>2017-07-30T10:54:45</time>
      </trkpt>
      <trkpt lat="46.493543" lon="11.857047">
        <ele>1758.5</ele>
        <time>2017-07-30T10:54:49</time>
      </trkpt>
      <trkpt lat="46.493595" lon="11.856956">
        <ele>1759.5</ele>
        <time>2017-07-30T10:54:52</time>
      </trkpt>
      <trkpt lat="46.493595" lon="11.85682">
        <ele>1760.4</ele>
        <time>2017-07-30T10:54:56</time>
      </trkpt>
      <trkpt lat="46.493529" lon="11.856731">
        <ele>1761.0</ele>
        <time>2017-07-30T10:54:59</time>
      </trkpt>
      <trkpt lat="46.493462" lon="11.856662">
        <ele>1761.7</ele>
        <time>2017-07-30T10:55:02</time>
      </trkpt>
      <trkpt lat="46.49341" lon="11.856561">
        <ele>1762.5</ele>
        <time>2017-07-30T10:55:06</time>
      </trkpt>
      <trkpt lat="46.493356" lon="11.856438">
        <ele>1763.5</ele>
        <time>2017-07-30T10:55:10</time>
      </trkpt>
      <trkpt lat="46.493316" lon="11.856322">
        <ele>1764.2</ele>
        <time>2017-07-30T10:55:15</time>
      </trkpt>
      <trkpt lat="46.493272" lon="11.856211">
        <ele>1764.9</ele>
        <time>2017-07-30T10:55:19</time>
      </trkpt>
      <trkpt lat="46.493227" lon="11.856096">
        <ele>1765.7</ele>
        <time>2017-07-30T10:55:24</time>
      </trkpt>
      <trkpt lat="46.493199" lon="11.85598">
        <ele>1766.8</ele>
        <time>2017-07-30T10:55:29</time>
      </trkpt>
      <trkpt lat="46.493186" lon="11.855837">
        <ele>1768.0</ele>
        <time>2017-07-30T10:55:34</time>
      </trkpt>
      <trkpt lat="46.493155" lon="11.855694">
        <ele>1769.1</ele>
        <time>2017-07-30T10:55:38</time>
      </trkpt>
      <trkpt lat="46.493131" lon="11.855562">
        <ele>1770.1</ele>
        <time>2017-07-30T10:55:43</time>
      </trkpt>
      <trkpt lat="46.493085" lon="11.855458">
        <ele>1771.0</ele>
        <time>2017-07-30T10:55:47</time>
      </trkpt>
      <trkpt lat="46.493068" lon="11.85533">
        <ele>1771.7</ele>
        <time>2017-07-30T10:55:52</time>
      </trkpt>
      <trkpt lat="46.493028" lon="11.855221">
        <ele>1772.3</ele>
        <time>2017-07-30T10:55:59</time>
      </trkpt>
      <trkpt lat="46.492934" lon="11.855189">
        <ele>1772.5</ele>
        <time>2017-07-30T10:56:03</time>
      </trkpt>
      <trkpt lat="46.492845" lon="11.855164">
        <ele>1772.8</ele>
        <time>2017-07-30T10:56:08</time>
      </trkpt>
      <trkpt lat="46.492758" lon="11.855145">
        <ele>1773.0</ele>
        <time>2017-07-30T10:56:12</time>
      </trkpt>
      <trkpt lat="46.492662" lon="11.855154">
        <ele>1773.1</ele>
        <time>2017-07-30T10:56:18</time>
      </trkpt>
      <trkpt lat="46.492573" lon="11.855126">
        <ele>1773.1</ele>
        <time>2017-07-30T10:56:23</time>
      </trkpt>
      <trkpt lat="46.492478" lon="11.855079">
        <ele>1772.9</ele>
        <time>2017-07-30T10:56:28</time>
      </trkpt>
      <trkpt lat="46.49239" lon="11.85505">
        <ele>1772.8</ele>
        <time>2017-07-30T10:56:33</time>
      </trkpt>
      <trkpt lat="46.492306" lon="11.855043">
        <ele>1772.9</ele>
        <time>2017-07-30T10:56:37</time>
      </trkpt>
      <trkpt lat="46.492224" lon="11.854969">
        <ele>1773.2</ele>
        <time>2017-07-30T10:56:42</time>
      </trkpt>
      <trkpt lat="46.49214" lon="11.854921">
        <ele>1773.6</ele>
        <time>2017-07-30T10:56:47</time>
      </trkpt>
      <trkpt lat="46.492059" lon="11.854885">
        <ele>1774.3</ele>
        <time>2017-07-30T10:56:53</time>
      </trkpt>
      <trkpt lat="46.491993" lon="11.854808">
        <ele>1775.1</ele>
        <time>2017-07-30T10:56:58</time>
      </trkpt>
      <trkpt lat="46.491918" lon="11.854713">
        <ele>1775.9</ele>
        <time>2017-07-30T10:57:03</time>
      </trkpt>
      <trkpt lat="46.491837" lon="11.85465">
        <ele>1776.8</ele>
        <time>2017-07-30T10:57:08</time>
      </trkpt>
      <trkpt lat="46.491756" lon="11.85458">
        <ele>1777.8</ele>
        <time>2017-07-30T10:57:14</time>
      </trkpt>
      <trkpt lat="46.491676" lon="11.854518">
        <ele>1778.8</ele>
        <time>2017-07-30T10:57:19</time>
      </trkpt>
      <trkpt lat="46.49159" lon="11.854455">
        <ele>1779.8</ele>
        <time>2017-07-30T10:57:24</time>
      </trkpt>
      <trkpt lat="46.491522" lon="11.854382">
        <ele>1780.7</ele>
        <time>2017-07-30T10:57:29</time>
      </trkpt>
      <trkpt lat="46.491464" lon="11.85429">
        <ele>1781.5</ele>
        <time>2017-07-30T10:57:34</time>
      </trkpt>
      <trkpt lat="46.491396" lon="11.854214">
        <ele>1782.2</ele>
        <time>2017-07-30T10:57:39</time>
      </trkpt>
      <trkpt lat="46.491337" lon="11.854127">
        <ele>1783.0</ele>
        <time>2017-07-30T10:57:43</time>
      </trkpt>
      <trkpt lat="46.491268" lon="11.854044">
        <ele>1783.8</ele>
        <time>2017-07-30T10:57:47</time>
      </trkpt>
      <trkpt lat="46.491191" lon="11.853999">
        <ele>1784.6</ele>
        <time>2017-07-30T10:57:51</time>
      </trkpt>
      <trkpt lat="46.491139" lon="11.853899">
        <ele>1785.4</ele>
        <time>2017-07-30T10:57:56</time>
      </trkpt>
      <trkpt lat="46.491083" lon="11.853783">
        <ele>1786.0</ele>
        <time>2017-07-30T10:58:01</time>
      </trkpt>
      <trkpt lat="46.491048" lon="11.853643">
        <ele>1786.5</ele>
        <time>2017-07-30T10:58:05</time>
      </trkpt>
      <trkpt lat="46.491027" lon="11.853502">
        <ele>1787.0</ele>
        <time>2017-07-30T10:58:08</time>
      </trkpt>
      <trkpt lat="46.490999" lon="11.85339">
        <ele>1787.5</ele>
        <time>2017-07-30T10:58:12</time>
      </trkpt>
      <trkpt lat="46.490944" lon="11.8533">
        <ele>1788.2</ele>
        <time>2017-07-30T10:58:17</time>
      </trkpt>
      <trkpt lat="46.490888" lon="11.853193">
        <ele>1788.8</ele>
        <time>2017-07-30T10:58:22</time>
      </trkpt>
      <trkpt lat="46.490821" lon="11.853108">
        <ele>1789.5</ele>
        <time>2017-07-30T10:58:28</time>
      </trkpt>
      <trkpt lat="46.490757" lon="11.853012">
        <ele>1790.1</ele>
        <time>2017-07-30T10:58:33</time>
      </trkpt>
      <trkpt lat="46.490729" lon="11.852895">
        <ele>1790.7</ele>
        <time>2017-07-30T10:58:38</time>
      </trkpt>
      <trkpt lat="46.490682" lon="11.852797">
        <ele>1791.3</ele>
        <time>2017-07-30T10:58:43</time>
      </trkpt>
      <trkpt lat="46.490611" lon="11.852737">
        <ele>1791.9</ele>
        <time>2017-07-30T10:58:48</time>
      </trkpt>
      <trkpt lat="46.490558" lon="11.852624">
        <ele>1792.5</ele>
        <time>2017-07-30T10:58:53</time>
      </trkpt>
      <trkpt lat="46.490521" lon="11.852483">
        <ele>1793.2</ele>
        <time>2017-07-30T10:58:57</time>
      </trkpt>
      <trkpt lat="46.490484" lon="11.852351">
        <ele>1793.8</ele>
        <time>2017-07-30T10:59:01</time>
      </trkpt>
      <trkpt lat="46.490436" lon="11.852253">
        <ele>1794.5</ele>
        <time>2017-07-30T10:59:06</time>
      </trkpt>
      <trkpt lat="46.49041" lon="11.852138">
        <ele>1795.2</ele>
        <time>2017-07-30T10:59:10</time>
      </trkpt>
      <trkpt lat="46.490375" lon="11.852">
        <ele>1795.9</ele>
        <time>2017-07-30T10:59:14</time>
      </trkpt>
      <trkpt lat="46.490342" lon="11.851864">
        <ele>1796.7</ele>
        <time>2017-07-30T10:59:18</time>
      </trkpt>
      <trkpt lat="46.490311" lon="11.851737">
        <ele>1797.5</ele>
        <time>2017-07-30T10:59:24</time>
      </trkpt>
      <trkpt lat="46.490315" lon="11.851576">
        <ele>1798.2</ele>
        <time>2017-07-30T10:59:28</time>
      </trkpt>
      <trkpt lat="46.490291" lon="11.851438">
        <ele>1798.9</ele>
        <time>2017-07-30T10:59:32</time>
      </trkpt>
      <trkpt lat="46.490263" lon="11.851317">
        <ele>1799.6</ele>
        <time>2017-07-30T10:59:36</time>
      </trkpt>
      <trkpt lat="46.490261" lon="11.851186">
        <ele>1800.5</ele>
        <time>2017-07-30T10:59:41</time>
      </trkpt>
      <trkpt lat="46.490273" lon="11.85107">
        <ele>1801.4</ele>
        <time>2017-07-30T10:59:44</time>
      </trkpt>
      <trkpt lat="46.49028" lon="11.850949">
        <ele>1802.4</ele>
        <time>2017-07-30T10:59:47</time>
      </trkpt>
      <trkpt lat="46.490273" lon="11.850803">
        <ele>1803.2</ele>
        <time>2017-07-30T10:59:51</time>
      </trkpt>
      <trkpt lat="46.490247" lon="11.85067">
        <ele>1804.0</ele>
        <time>2017-07-30T10:59:56</time>
      </trkpt>
      <trkpt lat="46.490227" lon="11.850548">
        <ele>1804.8</ele>
        <time>2017-07-30T11:00:00</time>
      </trkpt>
      <trkpt lat="46.490204" lon="11.850426">
        <ele>1805.5</ele>
        <time>2017-07-30T11:00:04</time>
      </trkpt>
      <trkpt lat="46.490191" lon="11.850306">
        <ele>1806.3</ele>
        <time>2017-07-30T11:00:08</time>
      </trkpt>
      <trkpt lat="46.49017" lon="11.850172">
        <ele>1807.1</ele>
        <time>2017-07-30T11:00:12</time>
      </trkpt>
      <trkpt lat="46.490145" lon="11.85004">
        <ele>1808.0</ele>
        <time>2017-07-30T11:00:16</time>
      </trkpt>
      <trkpt lat="46.490116" lon="11.849916">
        <ele>1808.9</ele>
        <time>2017-07-30T11:00:20</time>
      </trkpt>
      <trkpt lat="46.490111" lon="11.849773">
        <ele>1809.7</ele>
        <time>2017-07-30T11:00:24</time>
      </trkpt>
      <trkpt lat="46.490116" lon="11.849654">
        <ele>1810.5</ele>
        <time>2017-07-30T11:00:27</time>
      </trkpt>
      <trkpt lat="46.490102" lon="11.849517">
        <ele>1811.1</ele>
        <time>2017-07-30T11:00:31</time>
      </trkpt>
      <trkpt lat="46.490101" lon="11.849392">
        <ele>1811.9</ele>
        <time>2017-07-30T11:00:35</time>
      </trkpt>
      <trkpt lat="46.490089" lon="11.849265">
        <ele>1812.9</ele>
        <time>2017-07-30T11:00:41</time>
      </trkpt>
      <trkpt lat="46.490039" lon="11.84916">
        <ele>1814.0</ele>
        <time>2017-07-30T11:00:46</time>
      </trkpt>
      <trkpt lat="46.490018" lon="11.849037">
        <ele>1815.1</ele>
        <time>2017-07-30T11:00:51</time>
      </trkpt>
      <trkpt lat="46.489953" lon="11.848945">
        <ele>1816.3</ele>
        <time>2017-07-30T11:00:56</time>
      </trkpt>
      <trkpt lat="46.489919" lon="11.848838">
        <ele>1817.5</ele>
        <time>2017-07-30T11:01:00</time>
      </trkpt>
      <trkpt lat="46.489893" lon="11.848724">
        <ele>1818.5</ele>
        <time>2017-07-30T11:01:05</time>
      </trkpt>
      <trkpt lat="46.489827" lon="11.848629">
        <ele>1819.5</ele>
        <time>2017-07-30T11:01:10</time>
      </trkpt>
      <trkpt lat="46.489768" lon="11.848538">
        <ele>1820.6</ele>
        <time>2017-07-30T11:01:14</time>
      </trkpt>
      <trkpt lat="46.48971" lon="11.848426">
        <ele>1821.7</ele>
        <time>2017-07-30T11:01:19</time>
      </trkpt>
      <trkpt lat="46.489676" lon="11.848304">
        <ele>1822.7</ele>
        <time>2017-07-30T11:01:25</time>
      </trkpt>
      <trkpt lat="46.489605" lon="11.848249">
        <ele>1823.5</ele>
        <time>2017-07-30T11:01:29</time>
      </trkpt>
      <trkpt lat="46.489528" lon="11.848188">
        <ele>1823.8</ele>
        <time>2017-07-30T11:01:35</time>
      </trkpt>
      <trkpt lat="46.489461" lon="11.848077">
        <ele>1823.9</ele>
        <time>2017-07-30T11:01:41</time>
      </trkpt>
      <trkpt lat="46.489386" lon="11.848002">
        <ele>1823.7</ele>
        <time>2017-07-30T11:01:46</time>
      </trkpt>
      <trkpt lat="46.4893" lon="11.847937">
        <ele>1823.5</ele>
        <time>2017-07-30T11:01:51</time>
      </trkpt>
      <trkpt lat="46.489217" lon="11.847906">
        <ele>1823.3</ele>
        <time>2017-07-30T11:01:56</time>
      </trkpt>
      <trkpt lat="46.489126" lon="11.847892">
        <ele>1823.3</ele>
        <time>2017-07-30T11:02:01</time>
      </trkpt>
      <trkpt lat="46.489035" lon="11.847828">
        <ele>1823.6</ele>
        <time>2017-07-30T11:02:07</time>
      </trkpt>
      <trkpt lat="46.488938" lon="11.847816">
        <ele>1824.2</ele>
        <time>2017-07-30T11:02:11</time>
      </trkpt>
      <trkpt lat="46.488905" lon="11.847693">
        <ele>1825.0</ele>
        <time>2017-07-30T11:02:16</time>
      </trkpt>
      <trkpt lat="46.488927" lon="11.847578">
        <ele>1826.2</ele>
        <time>2017-07-30T11:02:20</time>
      </trkpt>
      <trkpt lat="46.488981" lon="11.847487">
        <ele>1827.5</ele>
        <time>2017-07-30T11:02:23</time>
      </trkpt>
      <trkpt lat="46.489062" lon="11.84741">
        <ele>1829.0</ele>
        <time>2017-07-30T11:02:27</time>
      </trkpt>
      <trkpt lat="46.489146" lon="11.847354">
        <ele>1830.4</ele>
        <time>2017-07-30T11:02:31</time>
      </trkpt>
      <trkpt lat="46.489213" lon="11.847258">
        <ele>1831.8</ele>
        <time>2017-07-30T11:02:36</time>
      </trkpt>
      <trkpt lat="46.489211" lon="11.84713">
        <ele>1833.1</ele>
        <time>2017-07-30T11:02:40</time>
      </trkpt>
      <trkpt lat="46.489158" lon="11.847037">
        <ele>1834.0</ele>
        <time>2017-07-30T11:02:46</time>
      </trkpt>
      <trkpt lat="46.489062" lon="11.84702">
        <ele>1834.7</ele>
        <time>2017-07-30T11:02:50</time>
      </trkpt>
      <trkpt lat="46.488978" lon="11.847007">
        <ele>1835.2</ele>
        <time>2017-07-30T11:02:54</time>
      </trkpt>
      <trkpt lat="46.488897" lon="11.84695">
        <ele>1835.4</ele>
        <time>2017-07-30T11:02:59</time>
      </trkpt>
      <trkpt lat="46.488812" lon="11.846933">
        <ele>1835.4</ele>
        <time>2017-07-30T11:03:03</time>
      </trkpt>
      <trkpt lat="46.488735" lon="11.84685">
        <ele>1835.2</ele>
        <time>2017-07-30T11:03:08</time>
      </trkpt>
      <trkpt lat="46.488713" lon="11.846736">
        <ele>1835.1</ele>
        <time>2017-07-30T11:03:12</time>
      </trkpt>
      <trkpt lat="46.488725" lon="11.846606">
        <ele>1835.2</ele>
        <time>2017-07-30T11:03:17</time>
      </trkpt>
      <trkpt lat="46.488728" lon="11.846475">
        <ele>1835.6</ele>
        <time>2017-07-30T11:03:21</time>
      </trkpt>
      <trkpt lat="46.488703" lon="11.846345">
        <ele>1836.3</ele>
        <time>2017-07-30T11:03:26</time>
      </trkpt>
      <trkpt lat="46.488693" lon="11.84622">
        <ele>1837.2</ele>
        <time>2017-07-30T11:03:31</time>
      </trkpt>
      <trkpt lat="46.488691" lon="11.846093">
        <ele>1838.3</ele>
        <time>2017-07-30T11:03:36</time>
      </trkpt>
      <trkpt lat="46.488692" lon="11.845955">
        <ele>1839.4</ele>
        <time>2017-07-30T11:03:41</time>
      </trkpt>
      <trkpt lat="46.488687" lon="11.845835">
        <ele>1840.5</ele>
        <time>2017-07-30T11:03:45</time>
      </trkpt>
      <trkpt lat="46.488683" lon="11.845703">
        <ele>1841.7</ele>
        <time>2017-07-30T11:03:48</time>
      </trkpt>
      <trkpt lat="46.488692" lon="11.845584">
        <ele>1843.1</ele>
        <time>2017-07-30T11:03:53</time>
      </trkpt>
      <trkpt lat="46.488704" lon="11.845462">
        <ele>1844.4</ele>
        <time>2017-07-30T11:03:58</time>
      </trkpt>
      <trkpt lat="46.488671" lon="11.845342">
        <ele>1845.5</ele>
        <time>2017-07-30T11:04:03</time>
      </trkpt>
      <trkpt lat="46.488645" lon="11.845213">
        <ele>1846.6</ele>
        <time>2017-07-30T11:04:08</time>
      </trkpt>
      <trkpt lat="46.488622" lon="11.845078">
        <ele>1847.5</ele>
        <time>2017-07-30T11:04:14</time>
      </trkpt>
      <trkpt lat="46.488598" lon="11.844947">
        <ele>1848.4</ele>
        <time>2017-07-30T11:04:19</time>
      </trkpt>
      <trkpt lat="46.48854" lon="11.844829">
        <ele>1849.1</ele>
        <time>2017-07-30T11:04:23</time>
      </trkpt>
      <trkpt lat="46.488477" lon="11.844734">
        <ele>1849.7</ele>
        <time>2017-07-30T11:04:27</time>
      </trkpt>
      <trkpt lat="46.488401" lon="11.844635">
        <ele>1850.4</ele>
        <time>2017-07-30T11:04:32</time>
      </trkpt>
      <trkpt lat="46.488314" lon="11.844595">
        <ele>1850.9</ele>
        <time>2017-07-30T11:04:37</time>
      </trkpt>
      <trkpt lat="46.488211" lon="11.844593">
        <ele>1851.4</ele>
        <time>2017-07-30T11:04:41</time>
      </trkpt>
      <trkpt lat="46.488124" lon="11.844673">
        <ele>1851.6</ele>
        <time>2017-07-30T11:04:44</time>
      </trkpt>
      <trkpt lat="46.488071" lon="11.844821">
        <ele>1851.9</ele>
        <time>2017-07-30T11:04:47</time>
      </trkpt>
      <trkpt lat="46.488033" lon="11.844952">
        <ele>1852.2</ele>
        <time>2017-07-30T11:04:50</time>
      </trkpt>
      <trkpt lat="46.487996" lon="11.845063">
        <ele>1852.5</ele>
        <time>2017-07-30T11:04:53</time>
      </trkpt>
      <trkpt lat="46.487953" lon="11.845169">
        <ele>1853.1</ele>
        <time>2017-07-30T11:04:56</time>
      </trkpt>
      <trkpt lat="46.487901" lon="11.845282">
        <ele>1853.8</ele>
        <time>2017-07-30T11:04:59</time>
      </trkpt>
      <trkpt lat="46.487862" lon="11.845415">
        <ele>1854.5</ele>
        <time>2017-07-30T11:05:03</time>
      </trkpt>
      <trkpt lat="46.487802" lon="11.845512">
        <ele>1855.3</ele>
        <time>2017-07-30T11:05:07</time>
      </trkpt>
      <trkpt lat="46.487719" lon="11.845584">
        <ele>1856.1</ele>
        <time>2017-07-30T11:05:10</time>
      </trkpt>
      <trkpt lat="46.487646" lon="11.845532">
        <ele>1856.8</ele>
        <time>2017-07-30T11:05:13</time>
      </trkpt>
      <trkpt lat="46.487612" lon="11.845383">
        <ele>1857.5</ele>
        <time>2017-07-30T11:05:17</time>
      </trkpt>
      <trkpt lat="46.487642" lon="11.845258">
        <ele>1858.1</ele>
        <time>2017-07-30T11:05:20</time>
      </trkpt>
      <trkpt lat="46.487683" lon="11.845156">
        <ele>1858.7</ele>
        <time>2017-07-30T11:05:23</time>
      </trkpt>
      <trkpt lat="46.487702" lon="11.845031">
        <ele>1859.4</ele>
        <time>2017-07-30T11:05:27</time>
      </trkpt>
      <trkpt lat="46.487735" lon="11.844899">
        <ele>1860.1</ele>
        <time>2017-07-30T11:05:32</time>
      </trkpt>
      <trkpt lat="46.487752" lon="11.844781">
        <ele>1860.6</ele>
        <time>2017-07-30T11:05:37</time>
      </trkpt>
      <trkpt lat="46.487743" lon="11.84465">
        <ele>1861.0</ele>
        <time>2017-07-30T11:05:43</time>
      </trkpt>
      <trkpt lat="46.48772" lon="11.844529">
        <ele>1861.2</ele>
        <time>2017-07-30T11:05:49</time>
      </trkpt>
      <trkpt lat="46.487683" lon="11.844415">
        <ele>1861.4</ele>
        <time>2017-07-30T11:05:55</time>
      </trkpt>
      <trkpt lat="46.487647" lon="11.844289">
        <ele>1861.6</ele>
        <time>2017-07-30T11:06:01</time>
      </trkpt>
      <trkpt lat="46.487636" lon="11.844148">
        <ele>1862.2</ele>
        <time>2017-07-30T11:06:06</time>
      </trkpt>
      <trkpt lat="46.487652" lon="11.844007">
        <ele>1862.9</ele>
        <time>2017-07-30T11:06:11</time>
      </trkpt>
      <trkpt lat="46.487677" lon="11.843895">
        <ele>1863.8</ele>
        <time>2017-07-30T11:06:15</time>
      </trkpt>
      <trkpt lat="46.487697" lon="11.843759">
        <ele>1864.5</ele>
        <time>2017-07-30T11:06:21</time>
      </trkpt>
      <trkpt lat="46.487681" lon="11.843628">
        <ele>1865.1</ele>
        <time>2017-07-30T11:06:26</time>
      </trkpt>
      <trkpt lat="46.487596" lon="11.843579">
        <ele>1865.5</ele>
        <time>2017-07-30T11:06:30</time>
      </trkpt>
      <trkpt lat="46.487517" lon="11.843606">
        <ele>1866.3</ele>
        <time>2017-07-30T11:06:33</time>
      </trkpt>
      <trkpt lat="46.487459" lon="11.8437">
        <ele>1867.1</ele>
        <time>2017-07-30T11:06:37</time>
      </trkpt>
      <trkpt lat="46.48749" lon="11.843829">
        <ele>1867.9</ele>
        <time>2017-07-30T11:06:41</time>
      </trkpt>
      <trkpt lat="46.487516" lon="11.843974">
        <ele>1868.7</ele>
        <time>2017-07-30T11:06:45</time>
      </trkpt>
      <trkpt lat="46.487498" lon="11.844107">
        <ele>1869.4</ele>
        <time>2017-07-30T11:06:49</time>
      </trkpt>
      <trkpt lat="46.487412" lon="11.844159">
        <ele>1869.9</ele>
        <time>2017-07-30T11:06:53</time>
      </trkpt>
      <trkpt lat="46.487363" lon="11.844063">
        <ele>1870.3</ele>
        <time>2017-07-30T11:06:58</time>
      </trkpt>
      <trkpt lat="46.487389" lon="11.843951">
        <ele>1870.5</ele>
        <time>2017-07-30T11:07:01</time>
      </trkpt>
      <trkpt lat="46.48741" lon="11.843834">
        <ele>1871.1</ele>
        <time>2017-07-30T11:07:04</time>
      </trkpt>
      <trkpt lat="46.487415" lon="11.843691">
        <ele>1871.8</ele>
        <time>2017-07-30T11:07:09</time>
      </trkpt>
      <trkpt lat="46.487396" lon="11.843573">
        <ele>1872.5</ele>
        <time>2017-07-30T11:07:14</time>
      </trkpt>
      <trkpt lat="46.487384" lon="11.843449">
        <ele>1872.9</ele>
        <time>2017-07-30T11:07:18</time>
      </trkpt>
      <trkpt lat="46.487381" lon="11.843324">
        <ele>1873.5</ele>
        <time>2017-07-30T11:07:22</time>
      </trkpt>
      <trkpt lat="46.487365" lon="11.843197">
        <ele>1874.3</ele>
        <time>2017-07-30T11:07:27</time>
      </trkpt>
      <trkpt lat="46.487361" lon="11.843052">
        <ele>1875.1</ele>
        <time>2017-07-30T11:07:31</time>
      </trkpt>
      <trkpt lat="46.487368" lon="11.842913">
        <ele>1876.0</ele>
        <time>2017-07-30T11:07:35</time>
      </trkpt>
      <trkpt lat="46.487316" lon="11.84279">
        <ele>1876.8</ele>
        <time>2017-07-30T11:07:40</time>
      </trkpt>
      <trkpt lat="46.487219" lon="11.842752">
        <ele>1877.5</ele>
        <time>2017-07-30T11:07:44</time>
      </trkpt>
      <trkpt lat="46.487135" lon="11.842813">
        <ele>1878.2</ele>
        <time>2017-07-30T11:07:48</time>
      </trkpt>
      <trkpt lat="46.487119" lon="11.842935">
        <ele>1878.7</ele>
        <time>2017-07-30T11:07:51</time>
      </trkpt>
      <trkpt lat="46.487112" lon="11.843062">
        <ele>1879.4</ele>
        <time>2017-07-30T11:07:54</time>
      </trkpt>
      <trkpt lat="46.487102" lon="11.843185">
        <ele>1880.3</ele>
        <time>2017-07-30T11:07:58</time>
      </trkpt>
      <trkpt lat="46.487089" lon="11.843324">
        <ele>1881.1</ele>
        <time>2017-07-30T11:08:02</time>
      </trkpt>
      <trkpt lat="46.487074" lon="11.843451">
        <ele>1881.6</ele>
        <time>2017-07-30T11:08:06</time>
      </trkpt>
      <trkpt lat="46.487067" lon="11.843596">
        <ele>1882.0</ele>
        <time>2017-07-30T11:08:10</time>
      </trkpt>
      <trkpt lat="46.48699" lon="11.843676">
        <ele>1882.3</ele>
        <time>2017-07-30T11:08:15</time>
      </trkpt>
      <trkpt lat="46.486911" lon="11.843591">
        <ele>1882.5</ele>
        <time>2017-07-30T11:08:19</time>
      </trkpt>
      <trkpt lat="46.486906" lon="11.843472">
        <ele>1882.8</ele>
        <time>2017-07-30T11:08:23</time>
      </trkpt>
      <trkpt lat="46.48693" lon="11.843358">
        <ele>1883.2</ele>
        <time>2017-07-30T11:08:26</time>
      </trkpt>
      <trkpt lat="46.486952" lon="11.843233">
        <ele>1883.6</ele>
        <time>2017-07-30T11:08:30</time>
      </trkpt>
      <trkpt lat="46.486971" lon="11.843098">
        <ele>1884.1</ele>
        <time>2017-07-30T11:08:36</time>
      </trkpt>
      <trkpt lat="46.48695" lon="11.84297">
        <ele>1884.5</ele>
        <time>2017-07-30T11:08:41</time>
      </trkpt>
      <trkpt lat="46.486925" lon="11.842832">
        <ele>1884.6</ele>
        <time>2017-07-30T11:08:46</time>
      </trkpt>
      <trkpt lat="46.486892" lon="11.842698">
        <ele>1884.9</ele>
        <time>2017-07-30T11:08:51</time>
      </trkpt>
      <trkpt lat="46.486871" lon="11.842582">
        <ele>1885.4</ele>
        <time>2017-07-30T11:08:55</time>
      </trkpt>
      <trkpt lat="46.486837" lon="11.842455">
        <ele>1885.9</ele>
        <time>2017-07-30T11:09:00</time>
      </trkpt>
      <trkpt lat="46.486808" lon="11.842324">
        <ele>1886.7</ele>
        <time>2017-07-30T11:09:04</time>
      </trkpt>
      <trkpt lat="46.486798" lon="11.842186">
        <ele>1887.6</ele>
        <time>2017-07-30T11:09:09</time>
      </trkpt>
      <trkpt lat="46.486786" lon="11.842043">
        <ele>1888.8</ele>
        <time>2017-07-30T11:09:13</time>
      </trkpt>
      <trkpt lat="46.486746" lon="11.841921">
        <ele>1890.0</ele>
        <time>2017-07-30T11:09:17</time>
      </trkpt>
      <trkpt lat="46.486685" lon="11.841818">
        <ele>1891.1</ele>
        <time>2017-07-30T11:09:23</time>
      </trkpt>
      <trkpt lat="46.486662" lon="11.841704">
        <ele>1892.2</ele>
        <time>2017-07-30T11:09:27</time>
      </trkpt>
      <trkpt lat="46.48662" lon="11.841577">
        <ele>1893.3</ele>
        <time>2017-07-30T11:09:32</time>
      </trkpt>
      <trkpt lat="46.486534" lon="11.841617">
        <ele>1894.2</ele>
        <time>2017-07-30T11:09:41</time>
      </trkpt>
      <trkpt lat="46.486509" lon="11.841731">
        <ele>1895.1</ele>
        <time>2017-07-30T11:09:45</time>
      </trkpt>
      <trkpt lat="46.486476" lon="11.841847">
        <ele>1895.9</ele>
        <time>2017-07-30T11:09:49</time>
      </trkpt>
      <trkpt lat="46.486449" lon="11.841959">
        <ele>1896.7</ele>
        <time>2017-07-30T11:09:53</time>
      </trkpt>
      <trkpt lat="46.48642" lon="11.842099">
        <ele>1897.5</ele>
        <time>2017-07-30T11:09:58</time>
      </trkpt>
      <trkpt lat="46.486412" lon="11.842229">
        <ele>1898.0</ele>
        <time>2017-07-30T11:10:03</time>
      </trkpt>
      <trkpt lat="46.486405" lon="11.842383">
        <ele>1898.4</ele>
        <time>2017-07-30T11:10:08</time>
      </trkpt>
      <trkpt lat="46.486404" lon="11.842509">
        <ele>1898.9</ele>
        <time>2017-07-30T11:10:12</time>
      </trkpt>
      <trkpt lat="46.4864" lon="11.842641">
        <ele>1899.5</ele>
        <time>2017-07-30T11:10:17</time>
      </trkpt>
      <trkpt lat="46.486387" lon="11.842783">
        <ele>1900.3</ele>
        <time>2017-07-30T11:10:22</time>
      </trkpt>
      <trkpt lat="46.486377" lon="11.842936">
        <ele>1901.0</ele>
        <time>2017-07-30T11:10:27</time>
      </trkpt>
      <trkpt lat="46.486342" lon="11.843043">
        <ele>1901.8</ele>
        <time>2017-07-30T11:10:31</time>
      </trkpt>
      <trkpt lat="46.486259" lon="11.84304">
        <ele>1902.6</ele>
        <time>2017-07-30T11:10:35</time>
      </trkpt>
      <trkpt lat="46.486181" lon="11.842949">
        <ele>1903.5</ele>
        <time>2017-07-30T11:10:39</time>
      </trkpt>
      <trkpt lat="46.48611" lon="11.84285">
        <ele>1904.4</ele>
        <time>2017-07-30T11:10:43</time>
      </trkpt>
      <trkpt lat="46.486095" lon="11.842726">
        <ele>1905.2</ele>
        <time>2017-07-30T11:10:47</time>
      </trkpt>
      <trkpt lat="46.486089" lon="11.842588">
        <ele>1906.1</ele>
        <time>2017-07-30T11:10:51</time>
      </trkpt>
      <trkpt lat="46.486067" lon="11.84247">
        <ele>1906.9</ele>
        <time>2017-07-30T11:10:54</time>
      </trkpt>
      <trkpt lat="46.486045" lon="11.842329">
        <ele>1907.6</ele>
        <time>2017-07-30T11:10:58</time>
      </trkpt>
      <trkpt lat="46.486035" lon="11.8422">
        <ele>1908.4</ele>
        <time>2017-07-30T11:11:03</time>
      </trkpt>
      <trkpt lat="46.485996" lon="11.842087">
        <ele>1909.0</ele>
        <time>2017-07-30T11:11:08</time>
      </trkpt>
      <trkpt lat="46.485967" lon="11.841961">
        <ele>1909.5</ele>
        <time>2017-07-30T11:11:13</time>
      </trkpt>
      <trkpt lat="46.485947" lon="11.841829">
        <ele>1910.3</ele>
        <time>2017-07-30T11:11:17</time>
      </trkpt>
      <trkpt lat="46.485917" lon="11.841701">
        <ele>1911.0</ele>
        <time>2017-07-30T11:11:22</time>
      </trkpt>
      <trkpt lat="46.485883" lon="11.84159">
        <ele>1911.8</ele>
        <time>2017-07-30T11:11:26</time>
      </trkpt>
      <trkpt lat="46.485859" lon="11.84147">
        <ele>1912.8</ele>
        <time>2017-07-30T11:11:31</time>
      </trkpt>
      <trkpt lat="46.485813" lon="11.84134">
        <ele>1913.7</ele>
        <time>2017-07-30T11:11:37</time>
      </trkpt>
      <trkpt lat="46.485752" lon="11.841244">
        <ele>1914.5</ele>
        <time>2017-07-30T11:11:42</time>
      </trkpt>
      <trkpt lat="46.48568" lon="11.841172">
        <ele>1915.2</ele>
        <time>2017-07-30T11:11:46</time>
      </trkpt>
      <trkpt lat="46.485597" lon="11.841086">
        <ele>1915.8</ele>
        <time>2017-07-30T11:11:51</time>
      </trkpt>
      <trkpt lat="46.485531" lon="11.84099">
        <ele>1916.5</ele>
        <time>2017-07-30T11:11:56</time>
      </trkpt>
      <trkpt lat="46.485528" lon="11.840859">
        <ele>1917.1</ele>
        <time>2017-07-30T11:12:01</time>
      </trkpt>
      <trkpt lat="46.485556" lon="11.840727">
        <ele>1917.8</ele>
        <time>2017-07-30T11:12:06</time>
      </trkpt>
      <trkpt lat="46.48556" lon="11.840592">
        <ele>1918.5</ele>
        <time>2017-07-30T11:12:11</time>
      </trkpt>
      <trkpt lat="46.485549" lon="11.840473">
        <ele>1919.1</ele>
        <time>2017-07-30T11:12:15</time>
      </trkpt>
      <trkpt lat="46.485531" lon="11.840344">
        <ele>1919.7</ele>
        <time>2017-07-30T11:12:20</time>
      </trkpt>
      <trkpt lat="46.48555" lon="11.840229">
        <ele>1920.3</ele>
        <time>2017-07-30T11:12:25</time>
      </trkpt>
      <trkpt lat="46.485601" lon="11.840115">
        <ele>1920.8</ele>
        <time>2017-07-30T11:12:31</time>
      </trkpt>
      <trkpt lat="46.485645" lon="11.839979">
        <ele>1921.5</ele>
        <time>2017-07-30T11:12:36</time>
      </trkpt>
      <trkpt lat="46.485684" lon="11.839875">
        <ele>1922.1</ele>
        <time>2017-07-30T11:12:40</time>
      </trkpt>
      <trkpt lat="46.485707" lon="11.839738">
        <ele>1922.8</ele>
        <time>2017-07-30T11:12:45</time>
      </trkpt>
      <trkpt lat="46.485724" lon="11.839619">
        <ele>1923.5</ele>
        <time>2017-07-30T11:12:49</time>
      </trkpt>
      <trkpt lat="46.485727" lon="11.839497">
        <ele>1924.2</ele>
        <time>2017-07-30T11:12:53</time>
      </trkpt>
      <trkpt lat="46.485735" lon="11.839379">
        <ele>1925.0</ele>
        <time>2017-07-30T11:12:58</time>
      </trkpt>
      <trkpt lat="46.485758" lon="11.83923">
        <ele>1925.9</ele>
        <time>2017-07-30T11:13:03</time>
      </trkpt>
      <trkpt lat="46.485758" lon="11.839092">
        <ele>1926.8</ele>
        <time>2017-07-30T11:13:08</time>
      </trkpt>
      <trkpt lat="46.485753" lon="11.838953">
        <ele>1927.5</ele>
        <time>2017-07-30T11:13:13</time>
      </trkpt>
      <trkpt lat="46.485737" lon="11.838838">
        <ele>1927.9</ele>
        <time>2017-07-30T11:13:18</time>
      </trkpt>
      <trkpt lat="46.48565" lon="11.838749">
        <ele>1928.4</ele>
        <time>2017-07-30T11:13:22</time>
      </trkpt>
      <trkpt lat="46.485553" lon="11.838741">
        <ele>1928.8</ele>
        <time>2017-07-30T11:13:26</time>
      </trkpt>
      <trkpt lat="46.48549" lon="11.838822">
        <ele>1929.3</ele>
        <time>2017-07-30T11:13:30</time>
      </trkpt>
      <trkpt lat="46.48547" lon="11.838958">
        <ele>1929.7</ele>
        <time>2017-07-30T11:13:34</time>
      </trkpt>
      <trkpt lat="46.485467" lon="11.839091">
        <ele>1930.2</ele>
        <time>2017-07-30T11:13:38</time>
      </trkpt>
      <trkpt lat="46.485441" lon="11.839217">
        <ele>1930.7</ele>
        <time>2017-07-30T11:13:43</time>
      </trkpt>
      <trkpt lat="46.485414" lon="11.839349">
        <ele>1931.2</ele>
        <time>2017-07-30T11:13:48</time>
      </trkpt>
      <trkpt lat="46.485363" lon="11.839452">
        <ele>1931.5</ele>
        <time>2017-07-30T11:13:52</time>
      </trkpt>
      <trkpt lat="46.485302" lon="11.839541">
        <ele>1931.9</ele>
        <time>2017-07-30T11:13:57</time>
      </trkpt>
      <trkpt lat="46.485267" lon="11.839657">
        <ele>1932.5</ele>
        <time>2017-07-30T11:14:02</time>
      </trkpt>
      <trkpt lat="46.485219" lon="11.839772">
        <ele>1933.2</ele>
        <time>2017-07-30T11:14:06</time>
      </trkpt>
      <trkpt lat="46.485197" lon="11.83991">
        <ele>1934.0</ele>
        <time>2017-07-30T11:14:11</time>
      </trkpt>
      <trkpt lat="46.485174" lon="11.840033">
        <ele>1934.9</ele>
        <time>2017-07-30T11:14:15</time>
      </trkpt>
      <trkpt lat="46.485154" lon="11.840154">
        <ele>1936.0</ele>
        <time>2017-07-30T11:14:20</time>
      </trkpt>
      <trkpt lat="46.485122" lon="11.840269">
        <ele>1937.0</ele>
        <time>2017-07-30T11:14:25</time>
      </trkpt>
      <trkpt lat="46.485096" lon="11.840388">
        <ele>1938.1</ele>
        <time>2017-07-30T11:14:30</time>
      </trkpt>
      <trkpt lat="46.485067" lon="11.840514">
        <ele>1939.1</ele>
        <time>2017-07-30T11:14:35</time>
      </trkpt>
      <trkpt lat="46.485044" lon="11.840627">
        <ele>1940.1</ele>
        <time>2017-07-30T11:14:39</time>
      </trkpt>
      <trkpt lat="46.485023" lon="11.840746">
        <ele>1941.0</ele>
        <time>2017-07-30T11:14:43</time>
      </trkpt>
      <trkpt lat="46.485009" lon="11.840885">
        <ele>1942.0</ele>
        <time>2017-07-30T11:14:48</time>
      </trkpt>
      <trkpt lat="46.484982" lon="11.841008">
        <ele>1943.2</ele>
        <time>2017-07-30T11:14:53</time>
      </trkpt>
      <trkpt lat="46.484949" lon="11.841128">
        <ele>1944.5</ele>
        <time>2017-07-30T11:14:58</time>
      </trkpt>
      <trkpt lat="46.484902" lon="11.841236">
        <ele>1945.8</ele>
        <time>2017-07-30T11:15:03</time>
      </trkpt>
      <trkpt lat="46.484875" lon="11.841348">
        <ele>1947.1</ele>
        <time>2017-07-30T11:15:08</time>
      </trkpt>
      <trkpt lat="46.484786" lon="11.84143">
        <ele>1948.1</ele>
        <time>2017-07-30T11:15:12</time>
      </trkpt>
      <trkpt lat="46.484692" lon="11.841401">
        <ele>1949.0</ele>
        <time>2017-07-30T11:15:18</time>
      </trkpt>
      <trkpt lat="46.484638" lon="11.84127">
        <ele>1949.7</ele>
        <time>2017-07-30T11:15:22</time>
      </trkpt>
      <trkpt lat="46.484658" lon="11.841153">
        <ele>1950.5</ele>
        <time>2017-07-30T11:15:27</time>
      </trkpt>
      <trkpt lat="46.484687" lon="11.841029">
        <ele>1951.2</ele>
        <time>2017-07-30T11:15:34</time>
      </trkpt>
      <trkpt lat="46.484737" lon="11.840906">
        <ele>1952.0</ele>
        <time>2017-07-30T11:15:39</time>
      </trkpt>
      <trkpt lat="46.484784" lon="11.840807">
        <ele>1952.7</ele>
        <time>2017-07-30T11:15:44</time>
      </trkpt>
      <trkpt lat="46.48479" lon="11.840657">
        <ele>1953.3</ele>
        <time>2017-07-30T11:15:49</time>
      </trkpt>
      <trkpt lat="46.484765" lon="11.840516">
        <ele>1953.5</ele>
        <time>2017-07-30T11:15:53</time>
      </trkpt>
      <trkpt lat="46.484741" lon="11.840375">
        <ele>1953.8</ele>
        <time>2017-07-30T11:15:57</time>
      </trkpt>
      <trkpt lat="46.484712" lon="11.840228">
        <ele>1954.1</ele>
        <time>2017-07-30T11:16:01</time>
      </trkpt>
      <trkpt lat="46.484693" lon="11.840091">
        <ele>1954.5</ele>
        <time>2017-07-30T11:16:06</time>
      </trkpt>
      <trkpt lat="46.484668" lon="11.839963">
        <ele>1955.3</ele>
        <time>2017-07-30T11:16:11</time>
      </trkpt>
      <trkpt lat="46.484644" lon="11.839837">
        <ele>1956.3</ele>
        <time>2017-07-30T11:16:16</time>
      </trkpt>
      <trkpt lat="46.484633" lon="11.839697">
        <ele>1957.3</ele>
        <time>2017-07-30T11:16:22</time>
      </trkpt>
      <trkpt lat="46.484604" lon="11.839575">
        <ele>1958.4</ele>
        <time>2017-07-30T11:16:26</time>
      </trkpt>
      <trkpt lat="46.484563" lon="11.839444">
        <ele>1959.5</ele>
        <time>2017-07-30T11:16:30</time>
      </trkpt>
      <trkpt lat="46.484532" lon="11.839323">
        <ele>1960.5</ele>
        <time>2017-07-30T11:16:34</time>
      </trkpt>
      <trkpt lat="46.484509" lon="11.839184">
        <ele>1961.5</ele>
        <time>2017-07-30T11:16:42</time>
      </trkpt>
      <trkpt lat="46.4845" lon="11.839055">
        <ele>1962.4</ele>
        <time>2017-07-30T11:16:46</time>
      </trkpt>
      <trkpt lat="46.484464" lon="11.838921">
        <ele>1963.2</ele>
        <time>2017-07-30T11:16:50</time>
      </trkpt>
      <trkpt lat="46.484433" lon="11.838801">
        <ele>1964.1</ele>
        <time>2017-07-30T11:16:53</time>
      </trkpt>
      <trkpt lat="46.484403" lon="11.838683">
        <ele>1965.0</ele>
        <time>2017-07-30T11:16:56</time>
      </trkpt>
      <trkpt lat="46.484374" lon="11.838544">
        <ele>1965.9</ele>
        <time>2017-07-30T11:17:00</time>
      </trkpt>
      <trkpt lat="46.484355" lon="11.838425">
        <ele>1966.8</ele>
        <time>2017-07-30T11:17:04</time>
      </trkpt>
      <trkpt lat="46.48434" lon="11.838293">
        <ele>1967.7</ele>
        <time>2017-07-30T11:17:09</time>
      </trkpt>
      <trkpt lat="46.484337" lon="11.838166">
        <ele>1968.6</ele>
        <time>2017-07-30T11:17:13</time>
      </trkpt>
      <trkpt lat="46.484342" lon="11.838034">
        <ele>1969.5</ele>
        <time>2017-07-30T11:17:17</time>
      </trkpt>
      <trkpt lat="46.484347" lon="11.837894">
        <ele>1970.5</ele>
        <time>2017-07-30T11:17:22</time>
      </trkpt>
      <trkpt lat="46.484359" lon="11.837751">
        <ele>1971.7</ele>
        <time>2017-07-30T11:17:28</time>
      </trkpt>
      <trkpt lat="46.484389" lon="11.837613">
        <ele>1972.9</ele>
        <time>2017-07-30T11:17:33</time>
      </trkpt>
      <trkpt lat="46.484404" lon="11.837496">
        <ele>1974.2</ele>
        <time>2017-07-30T11:17:37</time>
      </trkpt>
      <trkpt lat="46.484377" lon="11.837361">
        <ele>1975.3</ele>
        <time>2017-07-30T11:17:41</time>
      </trkpt>
      <trkpt lat="46.484358" lon="11.837246">
        <ele>1976.3</ele>
        <time>2017-07-30T11:17:45</time>
      </trkpt>
      <trkpt lat="46.484341" lon="11.837118">
        <ele>1977.1</ele>
        <time>2017-07-30T11:17:49</time>
      </trkpt>
      <trkpt lat="46.484355" lon="11.836995">
        <ele>1977.6</ele>
        <time>2017-07-30T11:17:53</time>
      </trkpt>
      <trkpt lat="46.484364" lon="11.836868">
        <ele>1978.1</ele>
        <time>2017-07-30T11:17:57</time>
      </trkpt>
      <trkpt lat="46.484359" lon="11.836737">
        <ele>1978.3</ele>
        <time>2017-07-30T11:18:02</time>
      </trkpt>
      <trkpt lat="46.484352" lon="11.8366">
        <ele>1978.5</ele>
        <time>2017-07-30T11:18:07</time>
      </trkpt>
      <trkpt lat="46.484333" lon="11.836468">
        <ele>1978.4</ele>
        <time>2017-07-30T11:18:12</time>
      </trkpt>
      <trkpt lat="46.48433" lon="11.836329">
        <ele>1978.3</ele>
        <time>2017-07-30T11:18:17</time>
      </trkpt>
      <trkpt lat="46.48435" lon="11.836197">
        <ele>1978.3</ele>
        <time>2017-07-30T11:18:21</time>
      </trkpt>
      <trkpt lat="46.484371" lon="11.836052">
        <ele>1978.3</ele>
        <time>2017-07-30T11:18:26</time>
      </trkpt>
      <trkpt lat="46.484359" lon="11.835925">
        <ele>1978.4</ele>
        <time>2017-07-30T11:18:30</time>
      </trkpt>
      <trkpt lat="46.484377" lon="11.835795">
        <ele>1978.5</ele>
        <time>2017-07-30T11:18:35</time>
      </trkpt>
      <trkpt lat="46.484371" lon="11.835665">
        <ele>1978.7</ele>
        <time>2017-07-30T11:18:40</time>
      </trkpt>
      <trkpt lat="46.484362" lon="11.835548">
        <ele>1979.2</ele>
        <time>2017-07-30T11:18:44</time>
      </trkpt>
      <trkpt lat="46.484364" lon="11.8354">
        <ele>1979.8</ele>
        <time>2017-07-30T11:18:49</time>
      </trkpt>
      <trkpt lat="46.484343" lon="11.835265">
        <ele>1980.6</ele>
        <time>2017-07-30T11:18:53</time>
      </trkpt>
      <trkpt lat="46.484335" lon="11.835128">
        <ele>1981.5</ele>
        <time>2017-07-30T11:18:57</time>
      </trkpt>
      <trkpt lat="46.484339" lon="11.835007">
        <ele>1982.4</ele>
        <time>2017-07-30T11:19:01</time>
      </trkpt>
      <trkpt lat="46.484327" lon="11.834859">
        <ele>1983.2</ele>
        <time>2017-07-30T11:19:06</time>
      </trkpt>
      <trkpt lat="46.484321" lon="11.834722">
        <ele>1984.1</ele>
        <time>2017-07-30T11:19:11</time>
      </trkpt>
      <trkpt lat="46.484321" lon="11.834584">
        <ele>1984.9</ele>
        <time>2017-07-30T11:19:16</time>
      </trkpt>
      <trkpt lat="46.484313" lon="11.834462">
        <ele>1985.6</ele>
        <time>2017-07-30T11:19:22</time>
      </trkpt>
      <trkpt lat="46.484305" lon="11.834327">
        <ele>1986.5</ele>
        <time>2017-07-30T11:19:28</time>
      </trkpt>
      <trkpt lat="46.484297" lon="11.834191">
        <ele>1987.4</ele>
        <time>2017-07-30T11:19:32</time>
      </trkpt>
      <trkpt lat="46.484277" lon="11.834062">
        <ele>1988.3</ele>
        <time>2017-07-30T11:19:36</time>
      </trkpt>
      <trkpt lat="46.484313" lon="11.833929">
        <ele>1989.2</ele>
        <time>2017-07-30T11:19:41</time>
      </trkpt>
      <trkpt lat="46.484356" lon="11.833819">
        <ele>1990.2</ele>
        <time>2017-07-30T11:19:46</time>
      </trkpt>
      <trkpt lat="46.484375" lon="11.833699">
        <ele>1991.2</ele>
        <time>2017-07-30T11:19:50</time>
      </trkpt>
      <trkpt lat="46.484407" lon="11.833574">
        <ele>1992.3</ele>
        <time>2017-07-30T11:19:54</time>
      </trkpt>
      <trkpt lat="46.484445" lon="11.833453">
        <ele>1993.4</ele>
        <time>2017-07-30T11:19:58</time>
      </trkpt>
      <trkpt lat="46.48447" lon="11.83334">
        <ele>1994.4</ele>
        <time>2017-07-30T11:20:02</time>
      </trkpt>
      <trkpt lat="46.484526" lon="11.833231">
        <ele>1995.3</ele>
        <time>2017-07-30T11:20:07</time>
      </trkpt>
      <trkpt lat="46.484563" lon="11.833116">
        <ele>1996.2</ele>
        <time>2017-07-30T11:20:12</time>
      </trkpt>
      <trkpt lat="46.484621" lon="11.832994">
        <ele>1996.9</ele>
        <time>2017-07-30T11:20:17</time>
      </trkpt>
      <trkpt lat="46.484687" lon="11.832879">
        <ele>1997.6</ele>
        <time>2017-07-30T11:20:21</time>
      </trkpt>
      <trkpt lat="46.484736" lon="11.832773">
        <ele>1998.3</ele>
        <time>2017-07-30T11:20:25</time>
      </trkpt>
      <trkpt lat="46.484774" lon="11.832652">
        <ele>1998.8</ele>
        <time>2017-07-30T11:20:30</time>
      </trkpt>
      <trkpt lat="46.484803" lon="11.832534">
        <ele>1999.4</ele>
        <time>2017-07-30T11:20:35</time>
      </trkpt>
      <trkpt lat="46.484814" lon="11.832406">
        <ele>2000.1</ele>
        <time>2017-07-30T11:20:40</time>
      </trkpt>
      <trkpt lat="46.484854" lon="11.832268">
        <ele>2000.8</ele>
        <time>2017-07-30T11:20:45</time>
      </trkpt>
      <trkpt lat="46.484895" lon="11.83213">
        <ele>2001.5</ele>
        <time>2017-07-30T11:20:49</time>
      </trkpt>
      <trkpt lat="46.484933" lon="11.832019">
        <ele>2002.3</ele>
        <time>2017-07-30T11:20:53</time>
      </trkpt>
      <trkpt lat="46.484964" lon="11.831891">
        <ele>2003.1</ele>
        <time>2017-07-30T11:20:57</time>
      </trkpt>
      <trkpt lat="46.484974" lon="11.831748">
        <ele>2004.0</ele>
        <time>2017-07-30T11:21:01</time>
      </trkpt>
      <trkpt lat="46.484987" lon="11.831627">
        <ele>2005.1</ele>
        <time>2017-07-30T11:21:05</time>
      </trkpt>
      <trkpt lat="46.485014" lon="11.831498">
        <ele>2006.2</ele>
        <time>2017-07-30T11:21:09</time>
      </trkpt>
      <trkpt lat="46.485021" lon="11.831373">
        <ele>2007.2</ele>
        <time>2017-07-30T11:21:13</time>
      </trkpt>
      <trkpt lat="46.485057" lon="11.831257">
        <ele>2008.0</ele>
        <time>2017-07-30T11:21:17</time>
      </trkpt>
      <trkpt lat="46.485069" lon="11.831138">
        <ele>2008.5</ele>
        <time>2017-07-30T11:21:21</time>
      </trkpt>
      <trkpt lat="46.485014" lon="11.831032">
        <ele>2008.7</ele>
        <time>2017-07-30T11:21:27</time>
      </trkpt>
      <trkpt lat="46.484923" lon="11.831024">
        <ele>2008.7</ele>
        <time>2017-07-30T11:21:33</time>
      </trkpt>
      <trkpt lat="46.484853" lon="11.831128">
        <ele>2008.7</ele>
        <time>2017-07-30T11:21:38</time>
      </trkpt>
      <trkpt lat="46.48482" lon="11.831269">
        <ele>2008.6</ele>
        <time>2017-07-30T11:21:41</time>
      </trkpt>
      <trkpt lat="46.484794" lon="11.831412">
        <ele>2008.6</ele>
        <time>2017-07-30T11:21:44</time>
      </trkpt>
      <trkpt lat="46.484761" lon="11.83155">
        <ele>2008.5</ele>
        <time>2017-07-30T11:21:48</time>
      </trkpt>
      <trkpt lat="46.484709" lon="11.831665">
        <ele>2008.3</ele>
        <time>2017-07-30T11:21:51</time>
      </trkpt>
      <trkpt lat="46.484655" lon="11.831754">
        <ele>2008.0</ele>
        <time>2017-07-30T11:21:54</time>
      </trkpt>
      <trkpt lat="46.484583" lon="11.831858">
        <ele>2008.0</ele>
        <time>2017-07-30T11:21:59</time>
      </trkpt>
      <trkpt lat="46.48452" lon="11.83194">
        <ele>2008.2</ele>
        <time>2017-07-30T11:22:02</time>
      </trkpt>
      <trkpt lat="46.484456" lon="11.832043">
        <ele>2008.5</ele>
        <time>2017-07-30T11:22:06</time>
      </trkpt>
      <trkpt lat="46.484434" lon="11.832181">
        <ele>2009.0</ele>
        <time>2017-07-30T11:22:10</time>
      </trkpt>
      <trkpt lat="46.484387" lon="11.832297">
        <ele>2009.6</ele>
        <time>2017-07-30T11:22:13</time>
      </trkpt>
      <trkpt lat="46.484279" lon="11.832304">
        <ele>2010.3</ele>
        <time>2017-07-30T11:22:18</time>
      </trkpt>
      <trkpt lat="46.484235" lon="11.832204">
        <ele>2011.0</ele>
        <time>2017-07-30T11:22:20</time>
      </trkpt>
      <trkpt lat="46.484228" lon="11.832063">
        <ele>2011.9</ele>
        <time>2017-07-30T11:22:23</time>
      </trkpt>
      <trkpt lat="46.484254" lon="11.831921">
        <ele>2012.9</ele>
        <time>2017-07-30T11:22:27</time>
      </trkpt>
      <trkpt lat="46.484293" lon="11.831791">
        <ele>2013.8</ele>
        <time>2017-07-30T11:22:32</time>
      </trkpt>
      <trkpt lat="46.484339" lon="11.831669">
        <ele>2014.9</ele>
        <time>2017-07-30T11:22:36</time>
      </trkpt>
      <trkpt lat="46.484358" lon="11.831539">
        <ele>2016.0</ele>
        <time>2017-07-30T11:22:41</time>
      </trkpt>
      <trkpt lat="46.484362" lon="11.831394">
        <ele>2017.3</ele>
        <time>2017-07-30T11:22:46</time>
      </trkpt>
      <trkpt lat="46.484392" lon="11.831282">
        <ele>2018.5</ele>
        <time>2017-07-30T11:22:51</time>
      </trkpt>
      <trkpt lat="46.484447" lon="11.831194">
        <ele>2019.8</ele>
        <time>2017-07-30T11:22:55</time>
      </trkpt>
      <trkpt lat="46.484465" lon="11.831058">
        <ele>2021.0</ele>
        <time>2017-07-30T11:23:00</time>
      </trkpt>
      <trkpt lat="46.484468" lon="11.83092">
        <ele>2022.1</ele>
        <time>2017-07-30T11:23:04</time>
      </trkpt>
      <trkpt lat="46.484477" lon="11.830802">
        <ele>2023.1</ele>
        <time>2017-07-30T11:23:08</time>
      </trkpt>
      <trkpt lat="46.484518" lon="11.830684">
        <ele>2024.0</ele>
        <time>2017-07-30T11:23:12</time>
      </trkpt>
      <trkpt lat="46.484566" lon="11.830564">
        <ele>2025.0</ele>
        <time>2017-07-30T11:23:16</time>
      </trkpt>
      <trkpt lat="46.484632" lon="11.830458">
        <ele>2026.2</ele>
        <time>2017-07-30T11:23:20</time>
      </trkpt>
      <trkpt lat="46.484695" lon="11.830379">
        <ele>2027.1</ele>
        <time>2017-07-30T11:23:24</time>
      </trkpt>
      <trkpt lat="46.484757" lon="11.830293">
        <ele>2027.7</ele>
        <time>2017-07-30T11:23:28</time>
      </trkpt>
      <trkpt lat="46.484824" lon="11.830206">
        <ele>2028.0</ele>
        <time>2017-07-30T11:23:33</time>
      </trkpt>
      <trkpt lat="46.484891" lon="11.830102">
        <ele>2028.1</ele>
        <time>2017-07-30T11:23:37</time>
      </trkpt>
      <trkpt lat="46.484944" lon="11.830007">
        <ele>2028.1</ele>
        <time>2017-07-30T11:23:41</time>
      </trkpt>
      <trkpt lat="46.485021" lon="11.829916">
        <ele>2028.2</ele>
        <time>2017-07-30T11:23:46</time>
      </trkpt>
      <trkpt lat="46.485073" lon="11.829826">
        <ele>2028.5</ele>
        <time>2017-07-30T11:23:50</time>
      </trkpt>
      <trkpt lat="46.485131" lon="11.829735">
        <ele>2029.0</ele>
        <time>2017-07-30T11:23:54</time>
      </trkpt>
      <trkpt lat="46.485178" lon="11.829636">
        <ele>2029.5</ele>
        <time>2017-07-30T11:23:58</time>
      </trkpt>
      <trkpt lat="46.485215" lon="11.829531">
        <ele>2029.8</ele>
        <time>2017-07-30T11:24:02</time>
      </trkpt>
      <trkpt lat="46.48523" lon="11.829401">
        <ele>2030.2</ele>
        <time>2017-07-30T11:24:06</time>
      </trkpt>
      <trkpt lat="46.485218" lon="11.82926">
        <ele>2030.6</ele>
        <time>2017-07-30T11:24:10</time>
      </trkpt>
      <trkpt lat="46.485221" lon="11.829129">
        <ele>2031.2</ele>
        <time>2017-07-30T11:24:15</time>
      </trkpt>
      <trkpt lat="46.485208" lon="11.829002">
        <ele>2031.8</ele>
        <time>2017-07-30T11:24:20</time>
      </trkpt>
      <trkpt lat="46.485202" lon="11.828865">
        <ele>2032.6</ele>
        <time>2017-07-30T11:24:26</time>
      </trkpt>
      <trkpt lat="46.485186" lon="11.828733">
        <ele>2033.7</ele>
        <time>2017-07-30T11:24:30</time>
      </trkpt>
      <trkpt lat="46.485189" lon="11.828596">
        <ele>2034.9</ele>
        <time>2017-07-30T11:24:35</time>
      </trkpt>
      <trkpt lat="46.485181" lon="11.828472">
        <ele>2036.1</ele>
        <time>2017-07-30T11:24:39</time>
      </trkpt>
      <trkpt lat="46.48518" lon="11.828345">
        <ele>2037.4</ele>
        <time>2017-07-30T11:24:45</time>
      </trkpt>
      <trkpt lat="46.485173" lon="11.828209">
        <ele>2038.7</ele>
        <time>2017-07-30T11:24:49</time>
      </trkpt>
      <trkpt lat="46.485139" lon="11.828075">
        <ele>2040.1</ele>
        <time>2017-07-30T11:24:54</time>
      </trkpt>
      <trkpt lat="46.485088" lon="11.827971">
        <ele>2041.4</ele>
        <time>2017-07-30T11:24:58</time>
      </trkpt>
      <trkpt lat="46.485032" lon="11.827885">
        <ele>2042.5</ele>
        <time>2017-07-30T11:25:01</time>
      </trkpt>
      <trkpt lat="46.484933" lon="11.827847">
        <ele>2043.5</ele>
        <time>2017-07-30T11:25:05</time>
      </trkpt>
      <trkpt lat="46.484842" lon="11.827865">
        <ele>2044.5</ele>
        <time>2017-07-30T11:25:09</time>
      </trkpt>
      <trkpt lat="46.484765" lon="11.827952">
        <ele>2045.3</ele>
        <time>2017-07-30T11:25:13</time>
      </trkpt>
      <trkpt lat="46.484734" lon="11.828084">
        <ele>2045.8</ele>
        <time>2017-07-30T11:25:16</time>
      </trkpt>
      <trkpt lat="46.484725" lon="11.828217">
        <ele>2046.1</ele>
        <time>2017-07-30T11:25:19</time>
      </trkpt>
      <trkpt lat="46.484738" lon="11.828344">
        <ele>2046.4</ele>
        <time>2017-07-30T11:25:22</time>
      </trkpt>
      <trkpt lat="46.484767" lon="11.828458">
        <ele>2046.6</ele>
        <time>2017-07-30T11:25:25</time>
      </trkpt>
      <trkpt lat="46.484819" lon="11.828562">
        <ele>2046.8</ele>
        <time>2017-07-30T11:25:30</time>
      </trkpt>
      <trkpt lat="46.484847" lon="11.82869">
        <ele>2047.0</ele>
        <time>2017-07-30T11:25:35</time>
      </trkpt>
      <trkpt lat="46.484879" lon="11.828817">
        <ele>2047.3</ele>
        <time>2017-07-30T11:25:40</time>
      </trkpt>
      <trkpt lat="46.484842" lon="11.828947">
        <ele>2047.7</ele>
        <time>2017-07-30T11:25:45</time>
      </trkpt>
      <trkpt lat="46.484799" lon="11.829073">
        <ele>2048.3</ele>
        <time>2017-07-30T11:25:50</time>
      </trkpt>
      <trkpt lat="46.484758" lon="11.829195">
        <ele>2048.8</ele>
        <time>2017-07-30T11:25:55</time>
      </trkpt>
      <trkpt lat="46.484711" lon="11.829305">
        <ele>2049.5</ele>
        <time>2017-07-30T11:25:59</time>
      </trkpt>
      <trkpt lat="46.484623" lon="11.829362">
        <ele>2050.0</ele>
        <time>2017-07-30T11:26:03</time>
      </trkpt>
      <trkpt lat="46.484569" lon="11.829255">
        <ele>2050.7</ele>
        <time>2017-07-30T11:26:08</time>
      </trkpt>
      <trkpt lat="46.484609" lon="11.829141">
        <ele>2051.5</ele>
        <time>2017-07-30T11:26:13</time>
      </trkpt>
      <trkpt lat="46.484659" lon="11.829013">
        <ele>2052.4</ele>
        <time>2017-07-30T11:26:18</time>
      </trkpt>
      <trkpt lat="46.48469" lon="11.828905">
        <ele>2053.2</ele>
        <time>2017-07-30T11:26:22</time>
      </trkpt>
      <trkpt lat="46.484687" lon="11.828765">
        <ele>2053.9</ele>
        <time>2017-07-30T11:26:27</time>
      </trkpt>
      <trkpt lat="46.484628" lon="11.828681">
        <ele>2054.5</ele>
        <time>2017-07-30T11:26:31</time>
      </trkpt>
      <trkpt lat="46.484529" lon="11.828667">
        <ele>2054.9</ele>
        <time>2017-07-30T11:26:35</time>
      </trkpt>
      <trkpt lat="46.484461" lon="11.828778">
        <ele>2055.2</ele>
        <time>2017-07-30T11:26:41</time>
      </trkpt>
      <trkpt lat="46.484434" lon="11.828903">
        <ele>2055.4</ele>
        <time>2017-07-30T11:26:44</time>
      </trkpt>
      <trkpt lat="46.484428" lon="11.829023">
        <ele>2055.7</ele>
        <time>2017-07-30T11:26:47</time>
      </trkpt>
      <trkpt lat="46.484416" lon="11.82915">
        <ele>2056.2</ele>
        <time>2017-07-30T11:26:51</time>
      </trkpt>
      <trkpt lat="46.484389" lon="11.82928">
        <ele>2056.5</ele>
        <time>2017-07-30T11:26:57</time>
      </trkpt>
      <trkpt lat="46.484345" lon="11.829393">
        <ele>2056.6</ele>
        <time>2017-07-30T11:27:02</time>
      </trkpt>
      <trkpt lat="46.484295" lon="11.829492">
        <ele>2056.5</ele>
        <time>2017-07-30T11:27:06</time>
      </trkpt>
      <trkpt lat="46.484224" lon="11.829572">
        <ele>2056.4</ele>
        <time>2017-07-30T11:27:09</time>
      </trkpt>
      <trkpt lat="46.48415" lon="11.829652">
        <ele>2056.1</ele>
        <time>2017-07-30T11:27:13</time>
      </trkpt>
      <trkpt lat="46.484109" lon="11.829771">
        <ele>2055.7</ele>
        <time>2017-07-30T11:27:17</time>
      </trkpt>
      <trkpt lat="46.484062" lon="11.829868">
        <ele>2055.8</ele>
        <time>2017-07-30T11:27:20</time>
      </trkpt>
      <trkpt lat="46.483984" lon="11.829949">
        <ele>2056.3</ele>
        <time>2017-07-30T11:27:23</time>
      </trkpt>
      <trkpt lat="46.483921" lon="11.830036">
        <ele>2057.0</ele>
        <time>2017-07-30T11:27:26</time>
      </trkpt>
      <trkpt lat="46.48387" lon="11.830165">
        <ele>2057.5</ele>
        <time>2017-07-30T11:27:31</time>
      </trkpt>
      <trkpt lat="46.483812" lon="11.830256">
        <ele>2058.0</ele>
        <time>2017-07-30T11:27:34</time>
      </trkpt>
      <trkpt lat="46.483717" lon="11.830222">
        <ele>2058.5</ele>
        <time>2017-07-30T11:27:38</time>
      </trkpt>
      <trkpt lat="46.483687" lon="11.830094">
        <ele>2059.2</ele>
        <time>2017-07-30T11:27:41</time>
      </trkpt>
      <trkpt lat="46.483735" lon="11.829973">
        <ele>2059.9</ele>
        <time>2017-07-30T11:27:46</time>
      </trkpt>
      <trkpt lat="46.483803" lon="11.829907">
        <ele>2060.7</ele>
        <time>2017-07-30T11:27:50</time>
      </trkpt>
      <trkpt lat="46.483878" lon="11.829825">
        <ele>2061.8</ele>
        <time>2017-07-30T11:27:54</time>
      </trkpt>
      <trkpt lat="46.483938" lon="11.829721">
        <ele>2063.1</ele>
        <time>2017-07-30T11:27:58</time>
      </trkpt>
      <trkpt lat="46.48396" lon="11.829583">
        <ele>2064.1</ele>
        <time>2017-07-30T11:28:03</time>
      </trkpt>
      <trkpt lat="46.483977" lon="11.829448">
        <ele>2065.0</ele>
        <time>2017-07-30T11:28:08</time>
      </trkpt>
      <trkpt lat="46.484004" lon="11.829316">
        <ele>2065.9</ele>
        <time>2017-07-30T11:28:13</time>
      </trkpt>
      <trkpt lat="46.484013" lon="11.829179">
        <ele>2067.1</ele>
        <time>2017-07-30T11:28:17</time>
      </trkpt>
      <trkpt lat="46.484011" lon="11.829034">
        <ele>2068.5</ele>
        <time>2017-07-30T11:28:21</time>
      </trkpt>
      <trkpt lat="46.484023" lon="11.828908">
        <ele>2069.8</ele>
        <time>2017-07-30T11:28:25</time>
      </trkpt>
      <trkpt lat="46.484039" lon="11.828766">
        <ele>2071.0</ele>
        <time>2017-07-30T11:28:30</time>
      </trkpt>
      <trkpt lat="46.484036" lon="11.828635">
        <ele>2072.1</ele>
        <time>2017-07-30T11:28:34</time>
      </trkpt>
      <trkpt lat="46.484024" lon="11.828494">
        <ele>2073.1</ele>
        <time>2017-07-30T11:28:39</time>
      </trkpt>
      <trkpt lat="46.484001" lon="11.828351">
        <ele>2074.1</ele>
        <time>2017-07-30T11:28:44</time>
      </trkpt>
      <trkpt lat="46.483998" lon="11.828193">
        <ele>2075.2</ele>
        <time>2017-07-30T11:28:48</time>
      </trkpt>
      <trkpt lat="46.483987" lon="11.828051">
        <ele>2076.4</ele>
        <time>2017-07-30T11:28:52</time>
      </trkpt>
      <trkpt lat="46.483962" lon="11.827914">
        <ele>2077.5</ele>
        <time>2017-07-30T11:28:56</time>
      </trkpt>
      <trkpt lat="46.483949" lon="11.827774">
        <ele>2078.5</ele>
        <time>2017-07-30T11:29:00</time>
      </trkpt>
      <trkpt lat="46.483917" lon="11.827638">
        <ele>2079.5</ele>
        <time>2017-07-30T11:29:04</time>
      </trkpt>
      <trkpt lat="46.483869" lon="11.827513">
        <ele>2080.5</ele>
        <time>2017-07-30T11:29:08</time>
      </trkpt>
      <trkpt lat="46.483826" lon="11.827408">
        <ele>2081.5</ele>
        <time>2017-07-30T11:29:12</time>
      </trkpt>
      <trkpt lat="46.483771" lon="11.827305">
        <ele>2082.7</ele>
        <time>2017-07-30T11:29:15</time>
      </trkpt>
      <trkpt lat="46.483703" lon="11.827184">
        <ele>2083.7</ele>
        <time>2017-07-30T11:29:19</time>
      </trkpt>
      <trkpt lat="46.48364" lon="11.827089">
        <ele>2084.8</ele>
        <time>2017-07-30T11:29:23</time>
      </trkpt>
      <trkpt lat="46.483589" lon="11.826974">
        <ele>2085.6</ele>
        <time>2017-07-30T11:29:27</time>
      </trkpt>
      <trkpt lat="46.483537" lon="11.82687">
        <ele>2086.2</ele>
        <time>2017-07-30T11:29:31</time>
      </trkpt>
      <trkpt lat="46.483548" lon="11.826743">
        <ele>2086.5</ele>
        <time>2017-07-30T11:29:35</time>
      </trkpt>
      <trkpt lat="46.48362" lon="11.826642">
        <ele>2086.9</ele>
        <time>2017-07-30T11:29:38</time>
      </trkpt>
      <trkpt lat="46.483685" lon="11.826552">
        <ele>2087.2</ele>
        <time>2017-07-30T11:29:42</time>
      </trkpt>
      <trkpt lat="46.483772" lon="11.826526">
        <ele>2087.5</ele>
        <time>2017-07-30T11:29:46</time>
      </trkpt>
      <trkpt lat="46.48386" lon="11.826471">
        <ele>2087.8</ele>
        <time>2017-07-30T11:29:51</time>
      </trkpt>
      <trkpt lat="46.483926" lon="11.826396">
        <ele>2088.2</ele>
        <time>2017-07-30T11:29:55</time>
      </trkpt>
      <trkpt lat="46.483982" lon="11.826283">
        <ele>2088.5</ele>
        <time>2017-07-30T11:29:59</time>
      </trkpt>
      <trkpt lat="46.484031" lon="11.826164">
        <ele>2088.9</ele>
        <time>2017-07-30T11:30:03</time>
      </trkpt>
      <trkpt lat="46.48405" lon="11.826036">
        <ele>2089.2</ele>
        <time>2017-07-30T11:30:07</time>
      </trkpt>
      <trkpt lat="46.484071" lon="11.825897">
        <ele>2089.5</ele>
        <time>2017-07-30T11:30:12</time>
      </trkpt>
      <trkpt lat="46.484088" lon="11.825782">
        <ele>2090.1</ele>
        <time>2017-07-30T11:30:16</time>
      </trkpt>
      <trkpt lat="46.484122" lon="11.825659">
        <ele>2090.8</ele>
        <time>2017-07-30T11:30:21</time>
      </trkpt>
      <trkpt lat="46.484172" lon="11.825558">
        <ele>2091.6</ele>
        <time>2017-07-30T11:30:25</time>
      </trkpt>
      <trkpt lat="46.484214" lon="11.825455">
        <ele>2092.6</ele>
        <time>2017-07-30T11:30:30</time>
      </trkpt>
      <trkpt lat="46.484248" lon="11.825338">
        <ele>2093.6</ele>
        <time>2017-07-30T11:30:35</time>
      </trkpt>
      <trkpt lat="46.484272" lon="11.825217">
        <ele>2094.5</ele>
        <time>2017-07-30T11:30:39</time>
      </trkpt>
      <trkpt lat="46.484301" lon="11.825077">
        <ele>2095.5</ele>
        <time>2017-07-30T11:30:43</time>
      </trkpt>
      <trkpt lat="46.48432" lon="11.824927">
        <ele>2096.5</ele>
        <time>2017-07-30T11:30:47</time>
      </trkpt>
      <trkpt lat="46.484353" lon="11.824797">
        <ele>2097.8</ele>
        <time>2017-07-30T11:30:51</time>
      </trkpt>
      <trkpt lat="46.484404" lon="11.824703">
        <ele>2099.1</ele>
        <time>2017-07-30T11:30:55</time>
      </trkpt>
      <trkpt lat="46.484487" lon="11.824641">
        <ele>2100.3</ele>
        <time>2017-07-30T11:31:00</time>
      </trkpt>
      <trkpt lat="46.484564" lon="11.824599">
        <ele>2101.3</ele>
        <time>2017-07-30T11:31:04</time>
      </trkpt>
      <trkpt lat="46.484635" lon="11.824502">
        <ele>2102.1</ele>
        <time>2017-07-30T11:31:08</time>
      </trkpt>
      <trkpt lat="46.484694" lon="11.824384">
        <ele>2102.7</ele>
        <time>2017-07-30T11:31:12</time>
      </trkpt>
      <trkpt lat="46.484779" lon="11.824311">
        <ele>2103.3</ele>
        <time>2017-07-30T11:31:16</time>
      </trkpt>
      <trkpt lat="46.484858" lon="11.824267">
        <ele>2103.9</ele>
        <time>2017-07-30T11:31:20</time>
      </trkpt>
      <trkpt lat="46.484949" lon="11.824226">
        <ele>2104.5</ele>
        <time>2017-07-30T11:31:25</time>
      </trkpt>
      <trkpt lat="46.485023" lon="11.824143">
        <ele>2105.2</ele>
        <time>2017-07-30T11:31:29</time>
      </trkpt>
      <trkpt lat="46.485027" lon="11.824012">
        <ele>2105.7</ele>
        <time>2017-07-30T11:31:33</time>
      </trkpt>
      <trkpt lat="46.484953" lon="11.823909">
        <ele>2106.2</ele>
        <time>2017-07-30T11:31:37</time>
      </trkpt>
      <trkpt lat="46.484865" lon="11.823873">
        <ele>2106.9</ele>
        <time>2017-07-30T11:31:41</time>
      </trkpt>
      <trkpt lat="46.484783" lon="11.823915">
        <ele>2107.8</ele>
        <time>2017-07-30T11:31:45</time>
      </trkpt>
      <trkpt lat="46.484692" lon="11.823959">
        <ele>2108.9</ele>
        <time>2017-07-30T11:31:49</time>
      </trkpt>
      <trkpt lat="46.484606" lon="11.823994">
        <ele>2110.1</ele>
        <time>2017-07-30T11:31:54</time>
      </trkpt>
      <trkpt lat="46.484515" lon="11.823993">
        <ele>2111.3</ele>
        <time>2017-07-30T11:31:59</time>
      </trkpt>
      <trkpt lat="46.484428" lon="11.824001">
        <ele>2112.3</ele>
        <time>2017-07-30T11:32:04</time>
      </trkpt>
      <trkpt lat="46.484327" lon="11.824029">
        <ele>2113.1</ele>
        <time>2017-07-30T11:32:09</time>
      </trkpt>
      <trkpt lat="46.484249" lon="11.824074">
        <ele>2113.8</ele>
        <time>2017-07-30T11:32:12</time>
      </trkpt>
      <trkpt lat="46.484167" lon="11.824129">
        <ele>2114.5</ele>
        <time>2017-07-30T11:32:17</time>
      </trkpt>
      <trkpt lat="46.484089" lon="11.824195">
        <ele>2115.4</ele>
        <time>2017-07-30T11:32:21</time>
      </trkpt>
      <trkpt lat="46.484014" lon="11.824268">
        <ele>2116.1</ele>
        <time>2017-07-30T11:32:26</time>
      </trkpt>
      <trkpt lat="46.483943" lon="11.824332">
        <ele>2116.7</ele>
        <time>2017-07-30T11:32:30</time>
      </trkpt>
      <trkpt lat="46.483856" lon="11.824398">
        <ele>2117.2</ele>
        <time>2017-07-30T11:32:36</time>
      </trkpt>
      <trkpt lat="46.483781" lon="11.824459">
        <ele>2117.5</ele>
        <time>2017-07-30T11:32:40</time>
      </trkpt>
      <trkpt lat="46.483691" lon="11.824521">
        <ele>2117.8</ele>
        <time>2017-07-30T11:32:46</time>
      </trkpt>
      <trkpt lat="46.48363" lon="11.824619">
        <ele>2118.1</ele>
        <time>2017-07-30T11:32:51</time>
      </trkpt>
      <trkpt lat="46.483571" lon="11.824723">
        <ele>2118.4</ele>
        <time>2017-07-30T11:32:55</time>
      </trkpt>
      <trkpt lat="46.483525" lon="11.824837">
        <ele>2118.6</ele>
        <time>2017-07-30T11:32:59</time>
      </trkpt>
      <trkpt lat="46.483479" lon="11.824951">
        <ele>2119.0</ele>
        <time>2017-07-30T11:33:03</time>
      </trkpt>
      <trkpt lat="46.483443" lon="11.825069">
        <ele>2119.2</ele>
        <time>2017-07-30T11:33:06</time>
      </trkpt>
      <trkpt lat="46.483407" lon="11.82519">
        <ele>2119.1</ele>
        <time>2017-07-30T11:33:09</time>
      </trkpt>
      <trkpt lat="46.483374" lon="11.82533">
        <ele>2118.9</ele>
        <time>2017-07-30T11:33:13</time>
      </trkpt>
      <trkpt lat="46.483344" lon="11.825448">
        <ele>2118.7</ele>
        <time>2017-07-30T11:33:17</time>
      </trkpt>
      <trkpt lat="46.483293" lon="11.825566">
        <ele>2118.8</ele>
        <time>2017-07-30T11:33:23</time>
      </trkpt>
      <trkpt lat="46.483249" lon="11.825667">
        <ele>2119.2</ele>
        <time>2017-07-30T11:33:27</time>
      </trkpt>
      <trkpt lat="46.483211" lon="11.825788">
        <ele>2119.8</ele>
        <time>2017-07-30T11:33:31</time>
      </trkpt>
      <trkpt lat="46.483158" lon="11.825898">
        <ele>2120.5</ele>
        <time>2017-07-30T11:33:36</time>
      </trkpt>
      <trkpt lat="46.48306" lon="11.825939">
        <ele>2121.3</ele>
        <time>2017-07-30T11:33:41</time>
      </trkpt>
      <trkpt lat="46.482982" lon="11.825881">
        <ele>2121.9</ele>
        <time>2017-07-30T11:33:45</time>
      </trkpt>
      <trkpt lat="46.482978" lon="11.825729">
        <ele>2122.4</ele>
        <time>2017-07-30T11:33:49</time>
      </trkpt>
      <trkpt lat="46.483019" lon="11.825602">
        <ele>2122.9</ele>
        <time>2017-07-30T11:33:53</time>
      </trkpt>
      <trkpt lat="46.483065" lon="11.825468">
        <ele>2123.5</ele>
        <time>2017-07-30T11:33:57</time>
      </trkpt>
      <trkpt lat="46.483115" lon="11.825366">
        <ele>2124.4</ele>
        <time>2017-07-30T11:34:01</time>
      </trkpt>
      <trkpt lat="46.483169" lon="11.825278">
        <ele>2125.2</ele>
        <time>2017-07-30T11:34:05</time>
      </trkpt>
      <trkpt lat="46.483208" lon="11.825149">
        <ele>2125.9</ele>
        <time>2017-07-30T11:34:10</time>
      </trkpt>
      <trkpt lat="46.48322" lon="11.825015">
        <ele>2126.5</ele>
        <time>2017-07-30T11:34:15</time>
      </trkpt>
      <trkpt lat="46.483224" lon="11.824886">
        <ele>2127.2</ele>
        <time>2017-07-30T11:34:18</time>
      </trkpt>
      <trkpt lat="46.483234" lon="11.824738">
        <ele>2127.9</ele>
        <time>2017-07-30T11:34:22</time>
      </trkpt>
      <trkpt lat="46.483241" lon="11.824588">
        <ele>2128.8</ele>
        <time>2017-07-30T11:34:26</time>
      </trkpt>
      <trkpt lat="46.483252" lon="11.824455">
        <ele>2129.9</ele>
        <time>2017-07-30T11:34:30</time>
      </trkpt>
      <trkpt lat="46.483265" lon="11.824327">
        <ele>2131.2</ele>
        <time>2017-07-30T11:34:35</time>
      </trkpt>
      <trkpt lat="46.48328" lon="11.824192">
        <ele>2132.5</ele>
        <time>2017-07-30T11:34:39</time>
      </trkpt>
      <trkpt lat="46.483288" lon="11.824056">
        <ele>2134.1</ele>
        <time>2017-07-30T11:34:44</time>
      </trkpt>
      <trkpt lat="46.483308" lon="11.823935">
        <ele>2135.7</ele>
        <time>2017-07-30T11:34:47</time>
      </trkpt>
      <trkpt lat="46.483318" lon="11.823794">
        <ele>2137.5</ele>
        <time>2017-07-30T11:34:50</time>
      </trkpt>
      <trkpt lat="46.483364" lon="11.823666">
        <ele>2139.4</ele>
        <time>2017-07-30T11:34:55</time>
      </trkpt>
      <trkpt lat="46.483405" lon="11.823536">
        <ele>2140.9</ele>
        <time>2017-07-30T11:35:00</time>
      </trkpt>
      <trkpt lat="46.483437" lon="11.823409">
        <ele>2142.2</ele>
        <time>2017-07-30T11:35:05</time>
      </trkpt>
      <trkpt lat="46.483471" lon="11.82326">
        <ele>2143.3</ele>
        <time>2017-07-30T11:35:09</time>
      </trkpt>
      <trkpt lat="46.483517" lon="11.823136">
        <ele>2144.3</ele>
        <time>2017-07-30T11:35:13</time>
      </trkpt>
      <trkpt lat="46.483591" lon="11.823057">
        <ele>2145.2</ele>
        <time>2017-07-30T11:35:18</time>
      </trkpt>
      <trkpt lat="46.483673" lon="11.823045">
        <ele>2146.1</ele>
        <time>2017-07-30T11:35:21</time>
      </trkpt>
      <trkpt lat="46.483758" lon="11.823004">
        <ele>2146.9</ele>
        <time>2017-07-30T11:35:25</time>
      </trkpt>
      <trkpt lat="46.483829" lon="11.82291">
        <ele>2147.6</ele>
        <time>2017-07-30T11:35:30</time>
      </trkpt>
      <trkpt lat="46.483807" lon="11.822789">
        <ele>2148.3</ele>
        <time>2017-07-30T11:35:34</time>
      </trkpt>
      <trkpt lat="46.483729" lon="11.822725">
        <ele>2148.7</ele>
        <time>2017-07-30T11:35:38</time>
      </trkpt>
      <trkpt lat="46.483644" lon="11.822757">
        <ele>2149.2</ele>
        <time>2017-07-30T11:35:42</time>
      </trkpt>
      <trkpt lat="46.483564" lon="11.822789">
        <ele>2149.5</ele>
        <time>2017-07-30T11:35:46</time>
      </trkpt>
      <trkpt lat="46.483461" lon="11.822769">
        <ele>2149.7</ele>
        <time>2017-07-30T11:35:51</time>
      </trkpt>
      <trkpt lat="46.483362" lon="11.822762">
        <ele>2149.7</ele>
        <time>2017-07-30T11:35:55</time>
      </trkpt>
      <trkpt lat="46.483272" lon="11.822743">
        <ele>2149.6</ele>
        <time>2017-07-30T11:36:00</time>
      </trkpt>
      <trkpt lat="46.483179" lon="11.822785">
        <ele>2149.6</ele>
        <time>2017-07-30T11:36:05</time>
      </trkpt>
      <trkpt lat="46.483121" lon="11.822899">
        <ele>2149.7</ele>
        <time>2017-07-30T11:36:09</time>
      </trkpt>
      <trkpt lat="46.483087" lon="11.823017">
        <ele>2150.1</ele>
        <time>2017-07-30T11:36:13</time>
      </trkpt>
      <trkpt lat="46.48305" lon="11.823146">
        <ele>2150.4</ele>
        <time>2017-07-30T11:36:17</time>
      </trkpt>
      <trkpt lat="46.48302" lon="11.823261">
        <ele>2150.5</ele>
        <time>2017-07-30T11:36:21</time>
      </trkpt>
      <trkpt lat="46.482964" lon="11.823355">
        <ele>2150.6</ele>
        <time>2017-07-30T11:36:25</time>
      </trkpt>
      <trkpt lat="46.482865" lon="11.823376">
        <ele>2150.7</ele>
        <time>2017-07-30T11:36:30</time>
      </trkpt>
      <trkpt lat="46.482765" lon="11.823381">
        <ele>2151.1</ele>
        <time>2017-07-30T11:36:34</time>
      </trkpt>
      <trkpt lat="46.482686" lon="11.823438">
        <ele>2151.7</ele>
        <time>2017-07-30T11:36:37</time>
      </trkpt>
      <trkpt lat="46.482604" lon="11.823486">
        <ele>2152.6</ele>
        <time>2017-07-30T11:36:41</time>
      </trkpt>
      <trkpt lat="46.482519" lon="11.823487">
        <ele>2153.6</ele>
        <time>2017-07-30T11:36:45</time>
      </trkpt>
      <trkpt lat="46.482426" lon="11.823515">
        <ele>2154.6</ele>
        <time>2017-07-30T11:36:49</time>
      </trkpt>
      <trkpt lat="46.482344" lon="11.82357">
        <ele>2155.5</ele>
        <time>2017-07-30T11:36:53</time>
      </trkpt>
      <trkpt lat="46.482253" lon="11.823629">
        <ele>2156.3</ele>
        <time>2017-07-30T11:36:57</time>
      </trkpt>
      <trkpt lat="46.482159" lon="11.823594">
        <ele>2157.2</ele>
        <time>2017-07-30T11:37:02</time>
      </trkpt>
      <trkpt lat="46.482087" lon="11.823505">
        <ele>2158.0</ele>
        <time>2017-07-30T11:37:06</time>
      </trkpt>
      <trkpt lat="46.482041" lon="11.823404">
        <ele>2158.8</ele>
        <time>2017-07-30T11:37:10</time>
      </trkpt>
      <trkpt lat="46.48204" lon="11.823256">
        <ele>2159.5</ele>
        <time>2017-07-30T11:37:15</time>
      </trkpt>
      <trkpt lat="46.482055" lon="11.823133">
        <ele>2160.0</ele>
        <time>2017-07-30T11:37:18</time>
      </trkpt>
      <trkpt lat="46.482091" lon="11.822997">
        <ele>2160.5</ele>
        <time>2017-07-30T11:37:23</time>
      </trkpt>
      <trkpt lat="46.482182" lon="11.822943">
        <ele>2160.8</ele>
        <time>2017-07-30T11:37:28</time>
      </trkpt>
      <trkpt lat="46.482281" lon="11.822913">
        <ele>2161.2</ele>
        <time>2017-07-30T11:37:32</time>
      </trkpt>
      <trkpt lat="46.482376" lon="11.822863">
        <ele>2161.5</ele>
        <time>2017-07-30T11:37:36</time>
      </trkpt>
      <trkpt lat="46.482455" lon="11.822807">
        <ele>2161.9</ele>
        <time>2017-07-30T11:37:41</time>
      </trkpt>
      <trkpt lat="46.482538" lon="11.822731">
        <ele>2162.4</ele>
        <time>2017-07-30T11:37:47</time>
      </trkpt>
      <trkpt lat="46.482634" lon="11.82268">
        <ele>2162.7</ele>
        <time>2017-07-30T11:37:52</time>
      </trkpt>
      <trkpt lat="46.4827" lon="11.822571">
        <ele>2163.4</ele>
        <time>2017-07-30T11:37:57</time>
      </trkpt>
      <trkpt lat="46.482763" lon="11.822466">
        <ele>2164.1</ele>
        <time>2017-07-30T11:38:02</time>
      </trkpt>
      <trkpt lat="46.482824" lon="11.82236">
        <ele>2164.9</ele>
        <time>2017-07-30T11:38:06</time>
      </trkpt>
      <trkpt lat="46.482904" lon="11.822271">
        <ele>2165.8</ele>
        <time>2017-07-30T11:38:10</time>
      </trkpt>
      <trkpt lat="46.48295" lon="11.822171">
        <ele>2166.9</ele>
        <time>2017-07-30T11:38:14</time>
      </trkpt>
      <trkpt lat="46.482966" lon="11.822052">
        <ele>2168.1</ele>
        <time>2017-07-30T11:38:19</time>
      </trkpt>
      <trkpt lat="46.482987" lon="11.821928">
        <ele>2169.4</ele>
        <time>2017-07-30T11:38:24</time>
      </trkpt>
      <trkpt lat="46.483025" lon="11.821814">
        <ele>2170.6</ele>
        <time>2017-07-30T11:38:29</time>
      </trkpt>
      <trkpt lat="46.483053" lon="11.821688">
        <ele>2171.8</ele>
        <time>2017-07-30T11:38:33</time>
      </trkpt>
      <trkpt lat="46.483076" lon="11.821564">
        <ele>2172.9</ele>
        <time>2017-07-30T11:38:37</time>
      </trkpt>
      <trkpt lat="46.483093" lon="11.821445">
        <ele>2174.1</ele>
        <time>2017-07-30T11:38:42</time>
      </trkpt>
      <trkpt lat="46.483114" lon="11.821325">
        <ele>2175.2</ele>
        <time>2017-07-30T11:38:46</time>
      </trkpt>
      <trkpt lat="46.483137" lon="11.821201">
        <ele>2176.2</ele>
        <time>2017-07-30T11:38:50</time>
      </trkpt>
      <trkpt lat="46.483196" lon="11.821088">
        <ele>2177.2</ele>
        <time>2017-07-30T11:38:54</time>
      </trkpt>
      <trkpt lat="46.483224" lon="11.820973">
        <ele>2178.2</ele>
        <time>2017-07-30T11:38:58</time>
      </trkpt>
      <trkpt lat="46.483211" lon="11.820851">
        <ele>2178.9</ele>
        <time>2017-07-30T11:39:04</time>
      </trkpt>
      <trkpt lat="46.483202" lon="11.820711">
        <ele>2179.5</ele>
        <time>2017-07-30T11:39:09</time>
      </trkpt>
      <trkpt lat="46.483201" lon="11.820592">
        <ele>2180.0</ele>
        <time>2017-07-30T11:39:13</time>
      </trkpt>
      <trkpt lat="46.483206" lon="11.820449">
        <ele>2180.4</ele>
        <time>2017-07-30T11:39:18</time>
      </trkpt>
      <trkpt lat="46.483207" lon="11.820292">
        <ele>2180.6</ele>
        <time>2017-07-30T11:39:22</time>
      </trkpt>
      <trkpt lat="46.483222" lon="11.820153">
        <ele>2180.8</ele>
        <time>2017-07-30T11:39:26</time>
      </trkpt>
      <trkpt lat="46.483243" lon="11.820023">
        <ele>2180.9</ele>
        <time>2017-07-30T11:39:31</time>
      </trkpt>
      <trkpt lat="46.483262" lon="11.819906">
        <ele>2181.0</ele>
        <time>2017-07-30T11:39:35</time>
      </trkpt>
      <trkpt lat="46.483272" lon="11.819765">
        <ele>2181.2</ele>
        <time>2017-07-30T11:39:39</time>
      </trkpt>
      <trkpt lat="46.483304" lon="11.819644">
        <ele>2181.5</ele>
        <time>2017-07-30T11:39:43</time>
      </trkpt>
      <trkpt lat="46.483334" lon="11.819526">
        <ele>2181.7</ele>
        <time>2017-07-30T11:39:48</time>
      </trkpt>
      <trkpt lat="46.483356" lon="11.819392">
        <ele>2182.2</ele>
        <time>2017-07-30T11:39:54</time>
      </trkpt>
      <trkpt lat="46.483375" lon="11.819277">
        <ele>2182.7</ele>
        <time>2017-07-30T11:39:58</time>
      </trkpt>
      <trkpt lat="46.483419" lon="11.819162">
        <ele>2183.4</ele>
        <time>2017-07-30T11:40:02</time>
      </trkpt>
      <trkpt lat="46.483454" lon="11.819046">
        <ele>2184.0</ele>
        <time>2017-07-30T11:40:06</time>
      </trkpt>
      <trkpt lat="46.483451" lon="11.818917">
        <ele>2184.8</ele>
        <time>2017-07-30T11:40:10</time>
      </trkpt>
      <trkpt lat="46.483486" lon="11.818799">
        <ele>2185.7</ele>
        <time>2017-07-30T11:40:15</time>
      </trkpt>
      <trkpt lat="46.483536" lon="11.818701">
        <ele>2186.6</ele>
        <time>2017-07-30T11:40:20</time>
      </trkpt>
      <trkpt lat="46.483567" lon="11.81858">
        <ele>2187.6</ele>
        <time>2017-07-30T11:40:26</time>
      </trkpt>
      <trkpt lat="46.483612" lon="11.818471">
        <ele>2188.7</ele>
        <time>2017-07-30T11:40:31</time>
      </trkpt>
      <trkpt lat="46.483653" lon="11.818357">
        <ele>2189.7</ele>
        <time>2017-07-30T11:40:36</time>
      </trkpt>
      <trkpt lat="46.483674" lon="11.818229">
        <ele>2190.9</ele>
        <time>2017-07-30T11:40:41</time>
      </trkpt>
      <trkpt lat="46.483685" lon="11.818087">
        <ele>2192.2</ele>
        <time>2017-07-30T11:40:47</time>
      </trkpt>
      <trkpt lat="46.483732" lon="11.817956">
        <ele>2193.5</ele>
        <time>2017-07-30T11:40:52</time>
      </trkpt>
      <trkpt lat="46.483737" lon="11.817816">
        <ele>2194.9</ele>
        <time>2017-07-30T11:40:58</time>
      </trkpt>
      <trkpt lat="46.483814" lon="11.817716">
        <ele>2196.3</ele>
        <time>2017-07-30T11:41:02</time>
      </trkpt>
      <trkpt lat="46.48385" lon="11.817578">
        <ele>2197.5</ele>
        <time>2017-07-30T11:41:06</time>
      </trkpt>
      <trkpt lat="46.483878" lon="11.817466">
        <ele>2198.5</ele>
        <time>2017-07-30T11:41:10</time>
      </trkpt>
      <trkpt lat="46.48393" lon="11.817357">
        <ele>2199.4</ele>
        <time>2017-07-30T11:41:15</time>
      </trkpt>
      <trkpt lat="46.483993" lon="11.817271">
        <ele>2199.9</ele>
        <time>2017-07-30T11:41:20</time>
      </trkpt>
      <trkpt lat="46.484067" lon="11.817216">
        <ele>2200.1</ele>
        <time>2017-07-30T11:41:24</time>
      </trkpt>
      <trkpt lat="46.484148" lon="11.817181">
        <ele>2200.1</ele>
        <time>2017-07-30T11:41:28</time>
      </trkpt>
      <trkpt lat="46.484255" lon="11.817172">
        <ele>2199.9</ele>
        <time>2017-07-30T11:41:32</time>
      </trkpt>
      <trkpt lat="46.484329" lon="11.817117">
        <ele>2199.5</ele>
        <time>2017-07-30T11:41:37</time>
      </trkpt>
      <trkpt lat="46.484419" lon="11.817078">
        <ele>2199.1</ele>
        <time>2017-07-30T11:41:41</time>
      </trkpt>
      <trkpt lat="46.484503" lon="11.817062">
        <ele>2198.7</ele>
        <time>2017-07-30T11:41:45</time>
      </trkpt>
      <trkpt lat="46.484603" lon="11.817026">
        <ele>2198.5</ele>
        <time>2017-07-30T11:41:49</time>
      </trkpt>
      <trkpt lat="46.484669" lon="11.816934">
        <ele>2198.4</ele>
        <time>2017-07-30T11:41:53</time>
      </trkpt>
      <trkpt lat="46.48473" lon="11.816831">
        <ele>2198.5</ele>
        <time>2017-07-30T11:41:57</time>
      </trkpt>
      <trkpt lat="46.484767" lon="11.816723">
        <ele>2198.9</ele>
        <time>2017-07-30T11:42:00</time>
      </trkpt>
      <trkpt lat="46.484795" lon="11.816583">
        <ele>2199.6</ele>
        <time>2017-07-30T11:42:04</time>
      </trkpt>
      <trkpt lat="46.484865" lon="11.816475">
        <ele>2200.5</ele>
        <time>2017-07-30T11:42:08</time>
      </trkpt>
      <trkpt lat="46.484942" lon="11.816387">
        <ele>2201.8</ele>
        <time>2017-07-30T11:42:12</time>
      </trkpt>
      <trkpt lat="46.485003" lon="11.816275">
        <ele>2203.2</ele>
        <time>2017-07-30T11:42:16</time>
      </trkpt>
      <trkpt lat="46.485051" lon="11.816177">
        <ele>2204.6</ele>
        <time>2017-07-30T11:42:19</time>
      </trkpt>
      <trkpt lat="46.485094" lon="11.816055">
        <ele>2206.0</ele>
        <time>2017-07-30T11:42:24</time>
      </trkpt>
      <trkpt lat="46.485182" lon="11.815975">
        <ele>2207.1</ele>
        <time>2017-07-30T11:42:28</time>
      </trkpt>
      <trkpt lat="46.485249" lon="11.815897">
        <ele>2207.8</ele>
        <time>2017-07-30T11:42:32</time>
      </trkpt>
      <trkpt lat="46.485308" lon="11.815811">
        <ele>2208.4</ele>
        <time>2017-07-30T11:42:36</time>
      </trkpt>
      <trkpt lat="46.48539" lon="11.81577">
        <ele>2208.7</ele>
        <time>2017-07-30T11:42:40</time>
      </trkpt>
      <trkpt lat="46.485472" lon="11.815778">
        <ele>2208.8</ele>
        <time>2017-07-30T11:42:44</time>
      </trkpt>
      <trkpt lat="46.485563" lon="11.81583">
        <ele>2208.6</ele>
        <time>2017-07-30T11:42:48</time>
      </trkpt>
      <trkpt lat="46.485658" lon="11.815931">
        <ele>2208.5</ele>
        <time>2017-07-30T11:42:52</time>
      </trkpt>
      <trkpt lat="46.485742" lon="11.816008">
        <ele>2208.5</ele>
        <time>2017-07-30T11:42:55</time>
      </trkpt>
      <trkpt lat="46.485836" lon="11.816072">
        <ele>2208.5</ele>
        <time>2017-07-30T11:42:59</time>
      </trkpt>
      <trkpt lat="46.485922" lon="11.816142">
        <ele>2208.6</ele>
        <time>2017-07-30T11:43:03</time>
      </trkpt>
      <trkpt lat="46.486023" lon="11.81615">
        <ele>2209.0</ele>
        <time>2017-07-30T11:43:08</time>
      </trkpt>
      <trkpt lat="46.486107" lon="11.816104">
        <ele>2209.5</ele>
        <time>2017-07-30T11:43:12</time>
      </trkpt>
      <trkpt lat="46.48619" lon="11.816039">
        <ele>2210.2</ele>
        <time>2017-07-30T11:43:17</time>
      </trkpt>
      <trkpt lat="46.486254" lon="11.81595">
        <ele>2211.3</ele>
        <time>2017-07-30T11:43:21</time>
      </trkpt>
      <trkpt lat="46.486325" lon="11.81586">
        <ele>2212.4</ele>
        <time>2017-07-30T11:43:26</time>
      </trkpt>
      <trkpt lat="46.486396" lon="11.81578">
        <ele>2213.7</ele>
        <time>2017-07-30T11:43:31</time>
      </trkpt>
      <trkpt lat="46.486466" lon="11.815716">
        <ele>2215.2</ele>
        <time>2017-07-30T11:43:35</time>
      </trkpt>
      <trkpt lat="46.486539" lon="11.815654">
        <ele>2216.6</ele>
        <time>2017-07-30T11:43:39</time>
      </trkpt>
      <trkpt lat="46.486619" lon="11.815574">
        <ele>2218.1</ele>
        <time>2017-07-30T11:43:43</time>
      </trkpt>
      <trkpt lat="46.486684" lon="11.81548">
        <ele>2219.4</ele>
        <time>2017-07-30T11:43:48</time>
      </trkpt>
      <trkpt lat="46.486744" lon="11.815376">
        <ele>2220.4</ele>
        <time>2017-07-30T11:43:53</time>
      </trkpt>
      <trkpt lat="46.4868" lon="11.815284">
        <ele>2221.3</ele>
        <time>2017-07-30T11:43:58</time>
      </trkpt>
      <trkpt lat="46.486829" lon="11.815158">
        <ele>2222.4</ele>
        <time>2017-07-30T11:44:03</time>
      </trkpt>
      <trkpt lat="46.486838" lon="11.815015">
        <ele>2223.5</ele>
        <time>2017-07-30T11:44:08</time>
      </trkpt>
      <trkpt lat="46.486835" lon="11.814864">
        <ele>2224.4</ele>
        <time>2017-07-30T11:44:12</time>
      </trkpt>
      <trkpt lat="46.486819" lon="11.81472">
        <ele>2224.9</ele>
        <time>2017-07-30T11:44:17</time>
      </trkpt>
      <trkpt lat="46.486796" lon="11.814591">
        <ele>2225.4</ele>
        <time>2017-07-30T11:44:22</time>
      </trkpt>
      <trkpt lat="46.486777" lon="11.814451">
        <ele>2226.0</ele>
        <time>2017-07-30T11:44:27</time>
      </trkpt>
      <trkpt lat="46.486769" lon="11.814313">
        <ele>2226.6</ele>
        <time>2017-07-30T11:44:33</time>
      </trkpt>
      <trkpt lat="46.486769" lon="11.814313">
        <ele>2227.0</ele>
        <time>2017-07-30T11:44:33</time>
      </trkpt>
    </trkseg>
  </trk>
</gpx>