<?xml version="1.0" encoding="UTF-8"?>
<gpx xmlns="http://www.topografix.com/GPX/1/1" xmlns:xsi="http://www.w3.org/2001/XMLSchema-instance" xsi:schemaLocation="http://www.topografix.com/GPX/1/1 http://www.topografix.com/GPX/1/1/gpx.xsd" version="1.1" creator="radtouren extract_tracks.py">
  <trk>
    <name>Taiwan round-island 2022 2022-12-04</name>
    <trkseg>
      <trkpt lat="23.46892185509205" lon="120.43414877727628">
        <ele>62.0</ele>
        <time>2022-12-04T00:30:22</time>
      </trkpt>
      <trkpt lat="23.46869864501059" lon="120.43378072790802">
        <ele>62.0</ele>
        <time>2022-12-04T00:30:23</time>
      </trkpt>
      <trkpt lat="23.468724880367517" lon="120.4336728528142">
        <ele>62.0</ele>
        <time>2022-12-04T00:30:29</time>
      </trkpt>
      <trkpt lat="23.46875036135316" lon="120.43360252864659">
        <ele>63.0</ele>
        <time>2022-12-04T00:30:31</time>
      </trkpt>
      <trkpt lat="23.468765784054995" lon="120.43352809734643">
        <ele>63.0</ele>
        <time>2022-12-04T00:30:32</time>
      </trkpt>
      <trkpt lat="23.46881096251309" lon="120.43346305377781">
        <ele>63.0</ele>
        <time>2022-12-04T00:30:34</time>
      </trkpt>
      <trkpt lat="23.468840131536126" lon="120.43343053199351">
        <ele>63.0</ele>
        <time>2022-12-04T00:30:35</time>
      </trkpt>
      <trkpt lat="23.468875754624605" lon="120.43339834548533">
        <ele>63.0</ele>
        <time>2022-12-04T00:30:36</time>
      </trkpt>
      <trkpt lat="23.46887055784464" lon="120.43334352783859">
        <ele>63.0</ele>
        <time>2022-12-04T00:30:37</time>
      </trkpt>
      <trkpt lat="23.468997543677688" lon="120.43317815288901">
        <ele>63.0</ele>
        <time>2022-12-04T00:30:41</time>
      </trkpt>
      <trkpt lat="23.469243803992867" lon="120.43280834332108">
        <ele>62.0</ele>
        <time>2022-12-04T00:30:48</time>
      </trkpt>
      <trkpt lat="23.469510013237596" lon="120.4327539447695">
        <ele>61.0</ele>
        <time>2022-12-04T00:30:50</time>
      </trkpt>
      <trkpt lat="23.469660049304366" lon="120.43253819458187">
        <ele>60.0</ele>
        <time>2022-12-04T00:30:53</time>
      </trkpt>
      <trkpt lat="23.46976624801755" lon="120.4324278049171">
        <ele>60.0</ele>
        <time>2022-12-04T00:30:55</time>
      </trkpt>
      <trkpt lat="23.469861466437578" lon="120.43230433948338">
        <ele>60.0</ele>
        <time>2022-12-04T00:30:57</time>
      </trkpt>
      <trkpt lat="23.46999649889767" lon="120.43210887350142">
        <ele>60.0</ele>
        <time>2022-12-04T00:30:59</time>
      </trkpt>
      <trkpt lat="23.470033882185817" lon="120.43200728483498">
        <ele>60.0</ele>
        <time>2022-12-04T00:31:00</time>
      </trkpt>
      <trkpt lat="23.470075456425548" lon="120.43194081634283">
        <ele>59.0</ele>
        <time>2022-12-04T00:31:01</time>
      </trkpt>
      <trkpt lat="23.47017922438681" lon="120.43173219077289">
        <ele>60.0</ele>
        <time>2022-12-04T00:31:05</time>
      </trkpt>
      <trkpt lat="23.47025105729699" lon="120.43163001537323">
        <ele>60.0</ele>
        <time>2022-12-04T00:31:09</time>
      </trkpt>
      <trkpt lat="23.47027888521552" lon="120.43158911168575">
        <ele>61.0</ele>
        <time>2022-12-04T00:31:10</time>
      </trkpt>
      <trkpt lat="23.470355663448572" lon="120.43148282915354">
        <ele>61.0</ele>
        <time>2022-12-04T00:31:13</time>
      </trkpt>
      <trkpt lat="23.470415761694312" lon="120.43142256326973">
        <ele>61.0</ele>
        <time>2022-12-04T00:31:15</time>
      </trkpt>
      <trkpt lat="23.470519948750734" lon="120.43139280751348">
        <ele>61.0</ele>
        <time>2022-12-04T00:31:17</time>
      </trkpt>
      <trkpt lat="23.47059697844088" lon="120.43131778948009">
        <ele>61.0</ele>
        <time>2022-12-04T00:31:20</time>
      </trkpt>
      <trkpt lat="23.47063209861517" lon="120.43133983388543">
        <ele>62.0</ele>
        <time>2022-12-04T00:31:21</time>
      </trkpt>
      <trkpt lat="23.47078406251967" lon="120.43119457550347">
        <ele>62.0</ele>
        <time>2022-12-04T00:31:29</time>
      </trkpt>
      <trkpt lat="23.47081054933369" lon="120.43117437511683">
        <ele>62.0</ele>
        <time>2022-12-04T00:31:30</time>
      </trkpt>
      <trkpt lat="23.47094248048961" lon="120.43102517724037">
        <ele>62.0</ele>
        <time>2022-12-04T00:31:37</time>
      </trkpt>
      <trkpt lat="23.471079608425498" lon="120.43082459829748">
        <ele>62.0</ele>
        <time>2022-12-04T00:31:45</time>
      </trkpt>
      <trkpt lat="23.47108019515872" lon="120.43082526884973">
        <ele>62.0</ele>
        <time>2022-12-04T00:31:49</time>
      </trkpt>
      <trkpt lat="23.47107340581715" lon="120.43082761578262">
        <ele>62.0</ele>
        <time>2022-12-04T00:31:53</time>
      </trkpt>
      <trkpt lat="23.47107189707458" lon="120.43082300573587">
        <ele>62.0</ele>
        <time>2022-12-04T00:31:57</time>
      </trkpt>
      <trkpt lat="23.471071310341358" lon="120.43082241900265">
        <ele>62.0</ele>
        <time>2022-12-04T00:31:59</time>
      </trkpt>
      <trkpt lat="23.47107281908393" lon="120.43082878924906">
        <ele>63.0</ele>
        <time>2022-12-04T00:32:06</time>
      </trkpt>
      <trkpt lat="23.471078937873244" lon="120.43082225136459">
        <ele>63.0</ele>
        <time>2022-12-04T00:32:07</time>
      </trkpt>
      <trkpt lat="23.471088660880923" lon="120.43081152252853">
        <ele>62.0</ele>
        <time>2022-12-04T00:32:08</time>
      </trkpt>
      <trkpt lat="23.471108442172408" lon="120.43078863993287">
        <ele>62.0</ele>
        <time>2022-12-04T00:32:10</time>
      </trkpt>
      <trkpt lat="23.47112227231264" lon="120.4307712893933">
        <ele>62.0</ele>
        <time>2022-12-04T00:32:11</time>
      </trkpt>
      <trkpt lat="23.471160493791103" lon="120.43072493746877">
        <ele>61.0</ele>
        <time>2022-12-04T00:32:13</time>
      </trkpt>
      <trkpt lat="23.471182202920318" lon="120.43069895356894">
        <ele>61.0</ele>
        <time>2022-12-04T00:32:14</time>
      </trkpt>
      <trkpt lat="23.471203912049532" lon="120.43067422695458">
        <ele>61.0</ele>
        <time>2022-12-04T00:32:15</time>
      </trkpt>
      <trkpt lat="23.471225621178746" lon="120.4306510090828">
        <ele>61.0</ele>
        <time>2022-12-04T00:32:16</time>
      </trkpt>
      <trkpt lat="23.47130944021046" lon="120.43056056834757">
        <ele>61.0</ele>
        <time>2022-12-04T00:32:21</time>
      </trkpt>
      <trkpt lat="23.471306255087256" lon="120.43054170906544">
        <ele>60.0</ele>
        <time>2022-12-04T00:32:25</time>
      </trkpt>
      <trkpt lat="23.471306338906288" lon="120.43053952977061">
        <ele>60.0</ele>
        <time>2022-12-04T00:32:26</time>
      </trkpt>
      <trkpt lat="23.471305752173066" lon="120.43053651228547">
        <ele>60.0</ele>
        <time>2022-12-04T00:32:27</time>
      </trkpt>
      <trkpt lat="23.47130156122148" lon="120.43053651228547">
        <ele>59.0</ele>
        <time>2022-12-04T00:32:33</time>
      </trkpt>
      <trkpt lat="23.471300387755036" lon="120.4305381886661">
        <ele>59.0</ele>
        <time>2022-12-04T00:32:36</time>
      </trkpt>
      <trkpt lat="23.471299801021814" lon="120.4305381886661">
        <ele>59.0</ele>
        <time>2022-12-04T00:32:37</time>
      </trkpt>
      <trkpt lat="23.471296532079577" lon="120.43053735047579">
        <ele>59.0</ele>
        <time>2022-12-04T00:32:40</time>
      </trkpt>
      <trkpt lat="23.471293346956372" lon="120.43053735047579">
        <ele>58.0</ele>
        <time>2022-12-04T00:32:47</time>
      </trkpt>
      <trkpt lat="23.471293598413467" lon="120.43053751811385">
        <ele>58.0</ele>
        <time>2022-12-04T00:32:48</time>
      </trkpt>
      <trkpt lat="23.471274487674236" lon="120.43052041903138">
        <ele>58.0</ele>
        <time>2022-12-04T00:32:56</time>
      </trkpt>
      <trkpt lat="23.471238864585757" lon="120.43048831634223">
        <ele>58.0</ele>
        <time>2022-12-04T00:32:58</time>
      </trkpt>
      <trkpt lat="23.471191003918648" lon="120.43044590391219">
        <ele>58.0</ele>
        <time>2022-12-04T00:33:00</time>
      </trkpt>
      <trkpt lat="23.470969386398792" lon="120.43027088977396">
        <ele>57.0</ele>
        <time>2022-12-04T00:33:07</time>
      </trkpt>
      <trkpt lat="23.470936194062233" lon="120.43024356476963">
        <ele>57.0</ele>
        <time>2022-12-04T00:33:08</time>
      </trkpt>
      <trkpt lat="23.470829157158732" lon="120.4301568120718">
        <ele>57.0</ele>
        <time>2022-12-04T00:33:11</time>
      </trkpt>
      <trkpt lat="23.470754474401474" lon="120.43010015040636">
        <ele>57.0</ele>
        <time>2022-12-04T00:33:13</time>
      </trkpt>
      <trkpt lat="23.47063989378512" lon="120.4300085362047">
        <ele>57.0</ele>
        <time>2022-12-04T00:33:16</time>
      </trkpt>
      <trkpt lat="23.470526738092303" lon="120.42991541326046">
        <ele>58.0</ele>
        <time>2022-12-04T00:33:19</time>
      </trkpt>
      <trkpt lat="23.47041375003755" lon="120.42982622981071">
        <ele>58.0</ele>
        <time>2022-12-04T00:33:22</time>
      </trkpt>
      <trkpt lat="23.470288356766105" lon="120.42974341660738">
        <ele>58.0</ele>
        <time>2022-12-04T00:33:25</time>
      </trkpt>
      <trkpt lat="23.470205795019865" lon="120.42968566529453">
        <ele>59.0</ele>
        <time>2022-12-04T00:33:27</time>
      </trkpt>
      <trkpt lat="23.47009263932705" lon="120.42958583682775">
        <ele>59.0</ele>
        <time>2022-12-04T00:33:30</time>
      </trkpt>
      <trkpt lat="23.469983339309692" lon="120.42948014102876">
        <ele>60.0</ele>
        <time>2022-12-04T00:33:33</time>
      </trkpt>
      <trkpt lat="23.46990756690502" lon="120.42941149324179">
        <ele>60.0</ele>
        <time>2022-12-04T00:33:35</time>
      </trkpt>
      <trkpt lat="23.46979457885027" lon="120.42930814437568">
        <ele>61.0</ele>
        <time>2022-12-04T00:33:38</time>
      </trkpt>
      <trkpt lat="23.469722075387836" lon="120.42923555709422">
        <ele>61.0</ele>
        <time>2022-12-04T00:33:40</time>
      </trkpt>
      <trkpt lat="23.469616631045938" lon="120.42913145385683">
        <ele>61.0</ele>
        <time>2022-12-04T00:33:43</time>
      </trkpt>
      <trkpt lat="23.469542115926743" lon="120.42906196787953">
        <ele>61.0</ele>
        <time>2022-12-04T00:33:45</time>
      </trkpt>
      <trkpt lat="23.469348661601543" lon="120.42889013886452">
        <ele>62.0</ele>
        <time>2022-12-04T00:33:50</time>
      </trkpt>
      <trkpt lat="23.469271464273334" lon="120.42882283218205">
        <ele>62.0</ele>
        <time>2022-12-04T00:33:52</time>
      </trkpt>
      <trkpt lat="23.46919359639287" lon="120.42875695042312">
        <ele>62.0</ele>
        <time>2022-12-04T00:33:54</time>
      </trkpt>
      <trkpt lat="23.469153866171837" lon="120.42872275225818">
        <ele>62.0</ele>
        <time>2022-12-04T00:33:55</time>
      </trkpt>
      <trkpt lat="23.468957981094718" lon="120.42856190353632">
        <ele>62.0</ele>
        <time>2022-12-04T00:34:00</time>
      </trkpt>
      <trkpt lat="23.468916742131114" lon="120.42853139340878">
        <ele>62.0</ele>
        <time>2022-12-04T00:34:01</time>
      </trkpt>
      <trkpt lat="23.46875530667603" lon="120.42841044254601">
        <ele>62.0</ele>
        <time>2022-12-04T00:34:05</time>
      </trkpt>
      <trkpt lat="23.468720857053995" lon="120.42837431654334">
        <ele>62.0</ele>
        <time>2022-12-04T00:34:06</time>
      </trkpt>
      <trkpt lat="23.468649946153164" lon="120.42830516584218">
        <ele>62.0</ele>
        <time>2022-12-04T00:34:08</time>
      </trkpt>
      <trkpt lat="23.46834526397288" lon="120.42804482392967">
        <ele>62.0</ele>
        <time>2022-12-04T00:34:16</time>
      </trkpt>
      <trkpt lat="23.468153905123472" lon="120.42789378203452">
        <ele>61.0</ele>
        <time>2022-12-04T00:34:21</time>
      </trkpt>
      <trkpt lat="23.4680453594774" lon="120.42780057527125">
        <ele>61.0</ele>
        <time>2022-12-04T00:34:24</time>
      </trkpt>
      <trkpt lat="23.467784598469734" lon="120.42758968658745">
        <ele>61.0</ele>
        <time>2022-12-04T00:34:31</time>
      </trkpt>
      <trkpt lat="23.467569267377257" lon="120.42737402021885">
        <ele>61.0</ele>
        <time>2022-12-04T00:34:37</time>
      </trkpt>
      <trkpt lat="23.46726936288178" lon="120.42710823006928">
        <ele>60.0</ele>
        <time>2022-12-04T00:34:45</time>
      </trkpt>
      <trkpt lat="23.46722988411784" lon="120.4270792286843">
        <ele>60.0</ele>
        <time>2022-12-04T00:34:46</time>
      </trkpt>
      <trkpt lat="23.467056462541223" lon="120.42692508548498">
        <ele>60.0</ele>
        <time>2022-12-04T00:34:51</time>
      </trkpt>
      <trkpt lat="23.46699384972453" lon="120.42686163447797">
        <ele>60.0</ele>
        <time>2022-12-04T00:34:53</time>
      </trkpt>
      <trkpt lat="23.46696501597762" lon="120.42683171108365">
        <ele>60.0</ele>
        <time>2022-12-04T00:34:54</time>
      </trkpt>
      <trkpt lat="23.46683702431619" lon="120.42672517709434">
        <ele>60.0</ele>
        <time>2022-12-04T00:34:58</time>
      </trkpt>
      <trkpt lat="23.466808777302504" lon="120.42669609189034">
        <ele>61.0</ele>
        <time>2022-12-04T00:34:59</time>
      </trkpt>
      <trkpt lat="23.466698555275798" lon="120.42660682462156">
        <ele>62.0</ele>
        <time>2022-12-04T00:35:02</time>
      </trkpt>
      <trkpt lat="23.466647509485483" lon="120.42657245881855">
        <ele>63.0</ele>
        <time>2022-12-04T00:35:05</time>
      </trkpt>
      <trkpt lat="23.4665896743536" lon="120.42652585543692">
        <ele>63.0</ele>
        <time>2022-12-04T00:35:07</time>
      </trkpt>
      <trkpt lat="23.466468891128898" lon="120.42638906277716">
        <ele>64.0</ele>
        <time>2022-12-04T00:35:11</time>
      </trkpt>
      <trkpt lat="23.466233359649777" lon="120.42616317048669">
        <ele>64.0</ele>
        <time>2022-12-04T00:35:18</time>
      </trkpt>
      <trkpt lat="23.466161442920566" lon="120.42610114440322">
        <ele>64.0</ele>
        <time>2022-12-04T00:35:20</time>
      </trkpt>
      <trkpt lat="23.466050131246448" lon="120.42599687352777">
        <ele>65.0</ele>
        <time>2022-12-04T00:35:23</time>
      </trkpt>
      <trkpt lat="23.46592959947884" lon="120.42588757351041">
        <ele>65.0</ele>
        <time>2022-12-04T00:35:26</time>
      </trkpt>
      <trkpt lat="23.465687446296215" lon="120.42565581388772">
        <ele>65.0</ele>
        <time>2022-12-04T00:35:32</time>
      </trkpt>
      <trkpt lat="23.465599352493882" lon="120.42558607645333">
        <ele>65.0</ele>
        <time>2022-12-04T00:35:34</time>
      </trkpt>
      <trkpt lat="23.465556353330612" lon="120.42555355466902">
        <ele>65.0</ele>
        <time>2022-12-04T00:35:35</time>
      </trkpt>
      <trkpt lat="23.4652634896338" lon="120.42531190440059">
        <ele>65.0</ele>
        <time>2022-12-04T00:35:42</time>
      </trkpt>
      <trkpt lat="23.465221244841814" lon="120.42527644895017">
        <ele>65.0</ele>
        <time>2022-12-04T00:35:43</time>
      </trkpt>
      <trkpt lat="23.465178161859512" lon="120.425238981843">
        <ele>65.0</ele>
        <time>2022-12-04T00:35:44</time>
      </trkpt>
      <trkpt lat="23.46513407304883" lon="120.42520293965936">
        <ele>65.0</ele>
        <time>2022-12-04T00:35:45</time>
      </trkpt>
      <trkpt lat="23.465004907920957" lon="120.42509112507105">
        <ele>65.0</ele>
        <time>2022-12-04T00:35:48</time>
      </trkpt>
      <trkpt lat="23.464834755286574" lon="120.4249453637749">
        <ele>66.0</ele>
        <time>2022-12-04T00:35:52</time>
      </trkpt>
      <trkpt lat="23.4647920075804" lon="120.4249089024961">
        <ele>66.0</ele>
        <time>2022-12-04T00:35:53</time>
      </trkpt>
      <trkpt lat="23.464657478034496" lon="120.42480044066906">
        <ele>66.0</ele>
        <time>2022-12-04T00:35:56</time>
      </trkpt>
      <trkpt lat="23.464339887723327" lon="120.4245407693088">
        <ele>66.0</ele>
        <time>2022-12-04T00:36:03</time>
      </trkpt>
      <trkpt lat="23.464093040674925" lon="120.4243338201195">
        <ele>66.0</ele>
        <time>2022-12-04T00:36:09</time>
      </trkpt>
      <trkpt lat="23.463774947449565" lon="120.42405839078128">
        <ele>66.0</ele>
        <time>2022-12-04T00:36:17</time>
      </trkpt>
      <trkpt lat="23.463662462309003" lon="120.42395445518196">
        <ele>66.0</ele>
        <time>2022-12-04T00:36:20</time>
      </trkpt>
      <trkpt lat="23.463553497567773" lon="120.42385085485876">
        <ele>66.0</ele>
        <time>2022-12-04T00:36:23</time>
      </trkpt>
      <trkpt lat="23.463478395715356" lon="120.42378447018564">
        <ele>67.0</ele>
        <time>2022-12-04T00:36:25</time>
      </trkpt>
      <trkpt lat="23.463136749342084" lon="120.42348406277597">
        <ele>67.0</ele>
        <time>2022-12-04T00:36:34</time>
      </trkpt>
      <trkpt lat="23.462891913950443" lon="120.42327074334025">
        <ele>67.0</ele>
        <time>2022-12-04T00:36:41</time>
      </trkpt>
      <trkpt lat="23.46279409714043" lon="120.42318843305111">
        <ele>67.0</ele>
        <time>2022-12-04T00:36:46</time>
      </trkpt>
      <trkpt lat="23.462725449353456" lon="120.42312112636864">
        <ele>67.0</ele>
        <time>2022-12-04T00:36:49</time>
      </trkpt>
      <trkpt lat="23.46265185624361" lon="120.42307049967349">
        <ele>68.0</ele>
        <time>2022-12-04T00:36:51</time>
      </trkpt>
      <trkpt lat="23.462501149624586" lon="120.4229576792568">
        <ele>68.0</ele>
        <time>2022-12-04T00:36:55</time>
      </trkpt>
      <trkpt lat="23.46238455735147" lon="120.42285868898034">
        <ele>68.0</ele>
        <time>2022-12-04T00:36:58</time>
      </trkpt>
      <trkpt lat="23.46211382187903" lon="120.4226294439286">
        <ele>67.0</ele>
        <time>2022-12-04T00:37:05</time>
      </trkpt>
      <trkpt lat="23.46200544387102" lon="120.42252676561475">
        <ele>68.0</ele>
        <time>2022-12-04T00:37:08</time>
      </trkpt>
      <trkpt lat="23.461967054754496" lon="120.42249206453562">
        <ele>68.0</ele>
        <time>2022-12-04T00:37:09</time>
      </trkpt>
      <trkpt lat="23.461815007030964" lon="120.42235217057168">
        <ele>69.0</ele>
        <time>2022-12-04T00:37:13</time>
      </trkpt>
      <trkpt lat="23.461774522438645" lon="120.4223188944161">
        <ele>69.0</ele>
        <time>2022-12-04T00:37:14</time>
      </trkpt>
      <trkpt lat="23.461662624031305" lon="120.42222199961543">
        <ele>69.0</ele>
        <time>2022-12-04T00:37:17</time>
      </trkpt>
      <trkpt lat="23.461589282378554" lon="120.42214991524816">
        <ele>69.0</ele>
        <time>2022-12-04T00:37:19</time>
      </trkpt>
      <trkpt lat="23.461504792794585" lon="120.42208830825984">
        <ele>69.0</ele>
        <time>2022-12-04T00:37:21</time>
      </trkpt>
      <trkpt lat="23.461383674293756" lon="120.4219938442111">
        <ele>68.0</ele>
        <time>2022-12-04T00:37:24</time>
      </trkpt>
      <trkpt lat="23.461222490295768" lon="120.42184263467789">
        <ele>68.0</ele>
        <time>2022-12-04T00:37:28</time>
      </trkpt>
      <trkpt lat="23.461096929386258" lon="120.42173450812697">
        <ele>68.0</ele>
        <time>2022-12-04T00:37:31</time>
      </trkpt>
      <trkpt lat="23.461014535278082" lon="120.4216626752168">
        <ele>67.0</ele>
        <time>2022-12-04T00:37:33</time>
      </trkpt>
      <trkpt lat="23.460888219997287" lon="120.42155949398875">
        <ele>67.0</ele>
        <time>2022-12-04T00:37:36</time>
      </trkpt>
      <trkpt lat="23.460515895858407" lon="120.42124953120947">
        <ele>67.0</ele>
        <time>2022-12-04T00:37:45</time>
      </trkpt>
      <trkpt lat="23.460131753236055" lon="120.42093940079212">
        <ele>67.0</ele>
        <time>2022-12-04T00:37:54</time>
      </trkpt>
      <trkpt lat="23.45976202748716" lon="120.42062390595675">
        <ele>68.0</ele>
        <time>2022-12-04T00:38:03</time>
      </trkpt>
      <trkpt lat="23.459388865157962" lon="120.42030396871269">
        <ele>67.0</ele>
        <time>2022-12-04T00:38:12</time>
      </trkpt>
      <trkpt lat="23.459306554868817" lon="120.42023330926895">
        <ele>67.0</ele>
        <time>2022-12-04T00:38:14</time>
      </trkpt>
      <trkpt lat="23.459023078903556" lon="120.41998378001153">
        <ele>67.0</ele>
        <time>2022-12-04T00:38:21</time>
      </trkpt>
      <trkpt lat="23.45869744196534" lon="120.41970105841756">
        <ele>67.0</ele>
        <time>2022-12-04T00:38:29</time>
      </trkpt>
      <trkpt lat="23.45853801816702" lon="120.4195626731962">
        <ele>66.0</ele>
        <time>2022-12-04T00:38:33</time>
      </trkpt>
      <trkpt lat="23.458377672359347" lon="120.41943023912609">
        <ele>65.0</ele>
        <time>2022-12-04T00:38:37</time>
      </trkpt>
      <trkpt lat="23.458298044279218" lon="120.41936016641557">
        <ele>65.0</ele>
        <time>2022-12-04T00:38:39</time>
      </trkpt>
      <trkpt lat="23.4580485150218" lon="120.41914391331375">
        <ele>64.0</ele>
        <time>2022-12-04T00:38:45</time>
      </trkpt>
      <trkpt lat="23.458004090934992" lon="120.41910569183528">
        <ele>64.0</ele>
        <time>2022-12-04T00:38:46</time>
      </trkpt>
      <trkpt lat="23.457831423729658" lon="120.41896102018654">
        <ele>63.0</ele>
        <time>2022-12-04T00:38:50</time>
      </trkpt>
      <trkpt lat="23.457620032131672" lon="120.41878374293447">
        <ele>62.0</ele>
        <time>2022-12-04T00:38:54</time>
      </trkpt>
      <trkpt lat="23.457333287224174" lon="120.41853756643832">
        <ele>61.0</ele>
        <time>2022-12-04T00:39:03</time>
      </trkpt>
      <trkpt lat="23.457053247839212" lon="120.4183017835021">
        <ele>61.0</ele>
        <time>2022-12-04T00:39:10</time>
      </trkpt>
      <trkpt lat="23.45701301470399" lon="120.41826406493783">
        <ele>61.0</ele>
        <time>2022-12-04T00:39:11</time>
      </trkpt>
      <trkpt lat="23.45681461505592" lon="120.41806968860328">
        <ele>61.0</ele>
        <time>2022-12-04T00:39:17</time>
      </trkpt>
      <trkpt lat="23.45675367861986" lon="120.41801084764302">
        <ele>61.0</ele>
        <time>2022-12-04T00:39:21</time>
      </trkpt>
      <trkpt lat="23.456760803237557" lon="120.41802082210779">
        <ele>61.0</ele>
        <time>2022-12-04T00:39:27</time>
      </trkpt>
      <trkpt lat="23.456762647256255" lon="120.4180235043168">
        <ele>61.0</ele>
        <time>2022-12-04T00:39:30</time>
      </trkpt>
      <trkpt lat="23.45676390454173" lon="120.41802509687841">
        <ele>61.0</ele>
        <time>2022-12-04T00:39:31</time>
      </trkpt>
      <trkpt lat="23.45677027478814" lon="120.41802928783">
        <ele>60.0</ele>
        <time>2022-12-04T00:39:37</time>
      </trkpt>
      <trkpt lat="23.456772789359093" lon="120.41802844963968">
        <ele>59.0</ele>
        <time>2022-12-04T00:39:38</time>
      </trkpt>
      <trkpt lat="23.45677563920617" lon="120.41802702471614">
        <ele>59.0</ele>
        <time>2022-12-04T00:39:39</time>
      </trkpt>
      <trkpt lat="23.456777818500996" lon="120.4180258512497">
        <ele>59.0</ele>
        <time>2022-12-04T00:39:40</time>
      </trkpt>
      <trkpt lat="23.456780835986137" lon="120.4180235043168">
        <ele>59.0</ele>
        <time>2022-12-04T00:39:43</time>
      </trkpt>
      <trkpt lat="23.45678091980517" lon="120.41802383959293">
        <ele>58.0</ele>
        <time>2022-12-04T00:39:44</time>
      </trkpt>
      <trkpt lat="23.456781255081296" lon="120.418024007231">
        <ele>58.0</ele>
        <time>2022-12-04T00:39:45</time>
      </trkpt>
      <trkpt lat="23.45678150653839" lon="120.41802409105003">
        <ele>58.0</ele>
        <time>2022-12-04T00:39:46</time>
      </trkpt>
      <trkpt lat="23.456782093271613" lon="120.4180237557739">
        <ele>58.0</ele>
        <time>2022-12-04T00:39:47</time>
      </trkpt>
      <trkpt lat="23.456782680004835" lon="120.41802383959293">
        <ele>58.0</ele>
        <time>2022-12-04T00:39:48</time>
      </trkpt>
      <trkpt lat="23.456783685833216" lon="120.41802392341197">
        <ele>58.0</ele>
        <time>2022-12-04T00:39:50</time>
      </trkpt>
      <trkpt lat="23.456784272566438" lon="120.418024007231">
        <ele>57.0</ele>
        <time>2022-12-04T00:39:52</time>
      </trkpt>
      <trkpt lat="23.456784775480628" lon="120.41802425868809">
        <ele>57.0</ele>
        <time>2022-12-04T00:39:54</time>
      </trkpt>
      <trkpt lat="23.456784775480628" lon="120.41802417486906">
        <ele>57.0</ele>
        <time>2022-12-04T00:39:55</time>
      </trkpt>
      <trkpt lat="23.456782260909677" lon="120.4180235043168">
        <ele>57.0</ele>
        <time>2022-12-04T00:39:59</time>
      </trkpt>
      <trkpt lat="23.456782177090645" lon="120.41801579296589">
        <ele>58.0</ele>
        <time>2022-12-04T00:40:04</time>
      </trkpt>
      <trkpt lat="23.456758707761765" lon="120.41799517348409">
        <ele>58.0</ele>
        <time>2022-12-04T00:40:06</time>
      </trkpt>
      <trkpt lat="23.4566618129611" lon="120.41792023926973">
        <ele>59.0</ele>
        <time>2022-12-04T00:40:10</time>
      </trkpt>
      <trkpt lat="23.45662895590067" lon="120.41789484210312">
        <ele>59.0</ele>
        <time>2022-12-04T00:40:11</time>
      </trkpt>
      <trkpt lat="23.456561816856265" lon="120.41784170083702">
        <ele>60.0</ele>
        <time>2022-12-04T00:40:13</time>
      </trkpt>
      <trkpt lat="23.456455282866955" lon="120.41775930672884">
        <ele>61.0</ele>
        <time>2022-12-04T00:40:16</time>
      </trkpt>
      <trkpt lat="23.456420246511698" lon="120.41772913187742">
        <ele>61.0</ele>
        <time>2022-12-04T00:40:17</time>
      </trkpt>
      <trkpt lat="23.456384371966124" lon="120.417698957026">
        <ele>61.0</ele>
        <time>2022-12-04T00:40:18</time>
      </trkpt>
      <trkpt lat="23.456309689208865" lon="120.41763768531382">
        <ele>61.0</ele>
        <time>2022-12-04T00:40:20</time>
      </trkpt>
      <trkpt lat="23.456272976472974" lon="120.41760625317693">
        <ele>61.0</ele>
        <time>2022-12-04T00:40:21</time>
      </trkpt>
      <trkpt lat="23.456123359501362" lon="120.41747608222067">
        <ele>62.0</ele>
        <time>2022-12-04T00:40:25</time>
      </trkpt>
      <trkpt lat="23.45604071393609" lon="120.41741020046175">
        <ele>62.0</ele>
        <time>2022-12-04T00:40:27</time>
      </trkpt>
      <trkpt lat="23.455886570736766" lon="120.41727273724973">
        <ele>61.0</ele>
        <time>2022-12-04T00:40:31</time>
      </trkpt>
      <trkpt lat="23.455693116411567" lon="120.41710861958563">
        <ele>60.0</ele>
        <time>2022-12-04T00:40:36</time>
      </trkpt>
      <trkpt lat="23.455571327358484" lon="120.41701130568981">
        <ele>60.0</ele>
        <time>2022-12-04T00:40:39</time>
      </trkpt>
      <trkpt lat="23.455365300178528" lon="120.41682497598231">
        <ele>59.0</ele>
        <time>2022-12-04T00:40:44</time>
      </trkpt>
      <trkpt lat="23.45532087609172" lon="120.41678784415126">
        <ele>58.0</ele>
        <time>2022-12-04T00:40:45</time>
      </trkpt>
      <trkpt lat="23.455109987407923" lon="120.4166029393673">
        <ele>58.0</ele>
        <time>2022-12-04T00:40:50</time>
      </trkpt>
      <trkpt lat="23.454930866137147" lon="120.41646254248917">
        <ele>59.0</ele>
        <time>2022-12-04T00:40:52</time>
      </trkpt>
      <trkpt lat="23.454930866137147" lon="120.41646254248917">
        <ele>59.0</ele>
        <time>2022-12-04T00:40:53</time>
      </trkpt>
      <trkpt lat="23.454886190593243" lon="120.41642490774393">
        <ele>60.0</ele>
        <time>2022-12-04T00:40:54</time>
      </trkpt>
      <trkpt lat="23.45484210178256" lon="120.41638752445579">
        <ele>60.0</ele>
        <time>2022-12-04T00:40:56</time>
      </trkpt>
      <trkpt lat="23.454668009653687" lon="120.4162363987416">
        <ele>61.0</ele>
        <time>2022-12-04T00:41:00</time>
      </trkpt>
      <trkpt lat="23.454540772363544" lon="120.41612349450588">
        <ele>62.0</ele>
        <time>2022-12-04T00:41:03</time>
      </trkpt>
      <trkpt lat="23.454418564215302" lon="120.41601352393627">
        <ele>63.0</ele>
        <time>2022-12-04T00:41:06</time>
      </trkpt>
      <trkpt lat="23.454297948628664" lon="120.41590875014663">
        <ele>65.0</ele>
        <time>2022-12-04T00:41:09</time>
      </trkpt>
      <trkpt lat="23.454177668318152" lon="120.4158011265099">
        <ele>66.0</ele>
        <time>2022-12-04T00:41:12</time>
      </trkpt>
      <trkpt lat="23.453985722735524" lon="120.41563491337001">
        <ele>67.0</ele>
        <time>2022-12-04T00:41:17</time>
      </trkpt>
      <trkpt lat="23.453950937837362" lon="120.41560255922377">
        <ele>67.0</ele>
        <time>2022-12-04T00:41:18</time>
      </trkpt>
      <trkpt lat="23.45371196977794" lon="120.41540189646184">
        <ele>66.0</ele>
        <time>2022-12-04T00:41:25</time>
      </trkpt>
      <trkpt lat="23.453685399144888" lon="120.4153835400939">
        <ele>66.0</ele>
        <time>2022-12-04T00:41:26</time>
      </trkpt>
      <trkpt lat="23.453649440780282" lon="120.41535537689924">
        <ele>67.0</ele>
        <time>2022-12-04T00:41:30</time>
      </trkpt>
      <trkpt lat="23.45366897061467" lon="120.41537197306752">
        <ele>66.0</ele>
        <time>2022-12-04T00:41:36</time>
      </trkpt>
      <trkpt lat="23.453670227900147" lon="120.41537272743881">
        <ele>65.0</ele>
        <time>2022-12-04T00:41:37</time>
      </trkpt>
      <trkpt lat="23.453669976443052" lon="120.41537230834365">
        <ele>65.0</ele>
        <time>2022-12-04T00:41:38</time>
      </trkpt>
      <trkpt lat="23.453669724985957" lon="120.41537239216268">
        <ele>65.0</ele>
        <time>2022-12-04T00:41:40</time>
      </trkpt>
      <trkpt lat="23.45366989262402" lon="120.41536895558238">
        <ele>64.0</ele>
        <time>2022-12-04T00:41:46</time>
      </trkpt>
      <trkpt lat="23.45366980880499" lon="120.41536275297403">
        <ele>64.0</ele>
        <time>2022-12-04T00:41:49</time>
      </trkpt>
      <trkpt lat="23.453676598146558" lon="120.41536442935467">
        <ele>63.0</ele>
        <time>2022-12-04T00:41:52</time>
      </trkpt>
      <trkpt lat="23.453683890402317" lon="120.41536895558238">
        <ele>63.0</ele>
        <time>2022-12-04T00:41:53</time>
      </trkpt>
      <trkpt lat="23.45370995812118" lon="120.41539778932929">
        <ele>63.0</ele>
        <time>2022-12-04T00:41:56</time>
      </trkpt>
      <trkpt lat="23.453749772161245" lon="120.41544464416802">
        <ele>63.0</ele>
        <time>2022-12-04T00:41:59</time>
      </trkpt>
      <trkpt lat="23.453785479068756" lon="120.41546300053596">
        <ele>62.0</ele>
        <time>2022-12-04T00:42:01</time>
      </trkpt>
      <trkpt lat="23.45379444770515" lon="120.41546844877303">
        <ele>62.0</ele>
        <time>2022-12-04T00:42:02</time>
      </trkpt>
      <trkpt lat="23.45379989594221" lon="120.41547029279172">
        <ele>62.0</ele>
        <time>2022-12-04T00:42:04</time>
      </trkpt>
      <trkpt lat="23.453797632828355" lon="120.41546551510692">
        <ele>62.0</ele>
        <time>2022-12-04T00:42:06</time>
      </trkpt>
      <trkpt lat="23.453790172934532" lon="120.41544045321643">
        <ele>61.0</ele>
        <time>2022-12-04T00:42:09</time>
      </trkpt>
      <trkpt lat="23.453788831830025" lon="120.41543684899807">
        <ele>61.0</ele>
        <time>2022-12-04T00:42:11</time>
      </trkpt>
      <trkpt lat="23.453788999468088" lon="120.41543969884515">
        <ele>61.0</ele>
        <time>2022-12-04T00:42:13</time>
      </trkpt>
      <trkpt lat="23.453790759667754" lon="120.41544003412127">
        <ele>60.0</ele>
        <time>2022-12-04T00:42:15</time>
      </trkpt>
      <trkpt lat="23.453784557059407" lon="120.41544849984348">
        <ele>60.0</ele>
        <time>2022-12-04T00:42:18</time>
      </trkpt>
      <trkpt lat="23.453779025003314" lon="120.41545579209924">
        <ele>60.0</ele>
        <time>2022-12-04T00:42:20</time>
      </trkpt>
      <trkpt lat="23.45377835445106" lon="120.41545771993697">
        <ele>60.0</ele>
        <time>2022-12-04T00:42:22</time>
      </trkpt>
      <trkpt lat="23.453777683898807" lon="120.41545864194632">
        <ele>59.0</ele>
        <time>2022-12-04T00:42:25</time>
      </trkpt>
      <trkpt lat="23.453778102993965" lon="120.4154546186328">
        <ele>60.0</ele>
        <time>2022-12-04T00:42:30</time>
      </trkpt>
      <trkpt lat="23.453774163499475" lon="120.41545654647052">
        <ele>61.0</ele>
        <time>2022-12-04T00:42:34</time>
      </trkpt>
      <trkpt lat="23.45377734862268" lon="120.41545428335667">
        <ele>61.0</ele>
        <time>2022-12-04T00:42:38</time>
      </trkpt>
      <trkpt lat="23.453773828223348" lon="120.41545587591827">
        <ele>61.0</ele>
        <time>2022-12-04T00:42:40</time>
      </trkpt>
      <trkpt lat="23.453774582594633" lon="120.41545629501343">
        <ele>62.0</ele>
        <time>2022-12-04T00:42:44</time>
      </trkpt>
      <trkpt lat="23.453774750232697" lon="120.41545797139406">
        <ele>62.0</ele>
        <time>2022-12-04T00:42:45</time>
      </trkpt>
      <trkpt lat="23.453770224004984" lon="120.415457803756">
        <ele>62.0</ele>
        <time>2022-12-04T00:42:47</time>
      </trkpt>
      <trkpt lat="23.453769888728857" lon="120.4154596477747">
        <ele>62.0</ele>
        <time>2022-12-04T00:42:49</time>
      </trkpt>
      <trkpt lat="23.45378371886909" lon="120.4154575522989">
        <ele>61.0</ele>
        <time>2022-12-04T00:42:51</time>
      </trkpt>
      <trkpt lat="23.453782126307487" lon="120.41546073742211">
        <ele>61.0</ele>
        <time>2022-12-04T00:42:54</time>
      </trkpt>
      <trkpt lat="23.453778605908155" lon="120.41546559892595">
        <ele>61.0</ele>
        <time>2022-12-04T00:42:56</time>
      </trkpt>
      <trkpt lat="23.453777180984616" lon="120.4154665209353">
        <ele>61.0</ele>
        <time>2022-12-04T00:42:57</time>
      </trkpt>
      <trkpt lat="23.4537779353559" lon="120.41546400636435">
        <ele>60.0</ele>
        <time>2022-12-04T00:43:02</time>
      </trkpt>
      <trkpt lat="23.453776678070426" lon="120.41546534746885">
        <ele>60.0</ele>
        <time>2022-12-04T00:43:03</time>
      </trkpt>
      <trkpt lat="23.453774163499475" lon="120.4154770821333">
        <ele>60.0</ele>
        <time>2022-12-04T00:43:06</time>
      </trkpt>
      <trkpt lat="23.453773828223348" lon="120.41548152454197">
        <ele>59.0</ele>
        <time>2022-12-04T00:43:09</time>
      </trkpt>
      <trkpt lat="23.453770810738206" lon="120.41548353619874">
        <ele>59.0</ele>
        <time>2022-12-04T00:43:10</time>
      </trkpt>
      <trkpt lat="23.45376863144338" lon="120.41548445820808">
        <ele>59.0</ele>
        <time>2022-12-04T00:43:13</time>
      </trkpt>
      <trkpt lat="23.453767709434032" lon="120.41548621840775">
        <ele>58.0</ele>
        <time>2022-12-04T00:43:16</time>
      </trkpt>
      <trkpt lat="23.453773828223348" lon="120.41547691449523">
        <ele>58.0</ele>
        <time>2022-12-04T00:43:21</time>
      </trkpt>
      <trkpt lat="23.453772570937872" lon="120.41547808796167">
        <ele>58.0</ele>
        <time>2022-12-04T00:43:23</time>
      </trkpt>
      <trkpt lat="23.453772319480777" lon="120.41547741740942">
        <ele>58.0</ele>
        <time>2022-12-04T00:43:24</time>
      </trkpt>
      <trkpt lat="23.453776594251394" lon="120.41547364555299">
        <ele>57.0</ele>
        <time>2022-12-04T00:43:30</time>
      </trkpt>
      <trkpt lat="23.453776678070426" lon="120.41547364555299">
        <ele>57.0</ele>
        <time>2022-12-04T00:43:39</time>
      </trkpt>
      <trkpt lat="23.45377592369914" lon="120.41547238826752">
        <ele>57.0</ele>
        <time>2022-12-04T00:43:43</time>
      </trkpt>
      <trkpt lat="23.453777097165585" lon="120.41547272354364">
        <ele>57.0</ele>
        <time>2022-12-04T00:43:51</time>
      </trkpt>
      <trkpt lat="23.453777097165585" lon="120.41547297500074">
        <ele>57.0</ele>
        <time>2022-12-04T00:43:54</time>
      </trkpt>
      <trkpt lat="23.453778019174933" lon="120.41547331027687">
        <ele>57.0</ele>
        <time>2022-12-04T00:43:59</time>
      </trkpt>
      <trkpt lat="23.453779025003314" lon="120.41547331027687">
        <ele>56.0</ele>
        <time>2022-12-04T00:44:00</time>
      </trkpt>
      <trkpt lat="23.45378765836358" lon="120.41547691449523">
        <ele>56.0</ele>
        <time>2022-12-04T00:44:04</time>
      </trkpt>
      <trkpt lat="23.45378908328712" lon="120.4154770821333">
        <ele>56.0</ele>
        <time>2022-12-04T00:44:05</time>
      </trkpt>
      <trkpt lat="23.453789250925183" lon="120.41547691449523">
        <ele>56.0</ele>
        <time>2022-12-04T00:44:06</time>
      </trkpt>
      <trkpt lat="23.453794615343213" lon="120.41546953842044">
        <ele>56.0</ele>
        <time>2022-12-04T00:44:09</time>
      </trkpt>
      <trkpt lat="23.453796291723847" lon="120.4154681134969">
        <ele>56.0</ele>
        <time>2022-12-04T00:44:12</time>
      </trkpt>
      <trkpt lat="23.45377542078495" lon="120.4154873918742">
        <ele>57.0</ele>
        <time>2022-12-04T00:44:16</time>
      </trkpt>
      <trkpt lat="23.453774666413665" lon="120.41548881679773">
        <ele>57.0</ele>
        <time>2022-12-04T00:44:19</time>
      </trkpt>
      <trkpt lat="23.453772319480777" lon="120.41548772715032">
        <ele>57.0</ele>
        <time>2022-12-04T00:44:20</time>
      </trkpt>
      <trkpt lat="23.453766703605652" lon="120.41548454202712">
        <ele>57.0</ele>
        <time>2022-12-04T00:44:21</time>
      </trkpt>
      <trkpt lat="23.45374365337193" lon="120.41546685621142">
        <ele>57.0</ele>
        <time>2022-12-04T00:44:26</time>
      </trkpt>
      <trkpt lat="23.453727895393968" lon="120.41545562446117">
        <ele>57.0</ele>
        <time>2022-12-04T00:44:28</time>
      </trkpt>
      <trkpt lat="23.453712221235037" lon="120.4154355917126">
        <ele>57.0</ele>
        <time>2022-12-04T00:44:34</time>
      </trkpt>
      <trkpt lat="23.453715993091464" lon="120.4154385253787">
        <ele>56.0</ele>
        <time>2022-12-04T00:44:45</time>
      </trkpt>
      <trkpt lat="23.453714484348893" lon="120.41543207131326">
        <ele>56.0</ele>
        <time>2022-12-04T00:44:56</time>
      </trkpt>
      <trkpt lat="23.45371490344405" lon="120.41543207131326">
        <ele>56.0</ele>
        <time>2022-12-04T00:44:57</time>
      </trkpt>
      <trkpt lat="23.453720100224018" lon="120.41542863473296">
        <ele>56.0</ele>
        <time>2022-12-04T00:45:00</time>
      </trkpt>
      <trkpt lat="23.4537192620337" lon="120.41542335413396">
        <ele>56.0</ele>
        <time>2022-12-04T00:45:03</time>
      </trkpt>
      <trkpt lat="23.453706689178944" lon="120.41541212238371">
        <ele>56.0</ele>
        <time>2022-12-04T00:45:05</time>
      </trkpt>
      <trkpt lat="23.453698810189962" lon="120.41540340520442">
        <ele>56.0</ele>
        <time>2022-12-04T00:45:06</time>
      </trkpt>
      <trkpt lat="23.45364055596292" lon="120.41534422896802">
        <ele>56.0</ele>
        <time>2022-12-04T00:45:10</time>
      </trkpt>
      <trkpt lat="23.45360250212252" lon="120.41529628448188">
        <ele>55.0</ele>
        <time>2022-12-04T00:45:12</time>
      </trkpt>
      <trkpt lat="23.453592779114842" lon="120.41526895947754">
        <ele>55.0</ele>
        <time>2022-12-04T00:45:13</time>
      </trkpt>
      <trkpt lat="23.453590348362923" lon="120.415204083547">
        <ele>55.0</ele>
        <time>2022-12-04T00:45:15</time>
      </trkpt>
      <trkpt lat="23.453577775508165" lon="120.41517751291394">
        <ele>55.0</ele>
        <time>2022-12-04T00:45:16</time>
      </trkpt>
      <trkpt lat="23.45355061814189" lon="120.41516778990626">
        <ele>55.0</ele>
        <time>2022-12-04T00:45:18</time>
      </trkpt>
      <trkpt lat="23.453544666990638" lon="120.41517835110426">
        <ele>55.0</ele>
        <time>2022-12-04T00:45:19</time>
      </trkpt>
      <trkpt lat="23.45354533754289" lon="120.4152247030288">
        <ele>54.0</ele>
        <time>2022-12-04T00:45:25</time>
      </trkpt>
      <trkpt lat="23.4535379614681" lon="120.41523937135935">
        <ele>55.0</ele>
        <time>2022-12-04T00:45:34</time>
      </trkpt>
      <trkpt lat="23.45353787764907" lon="120.41523702442646">
        <ele>55.0</ele>
        <time>2022-12-04T00:45:36</time>
      </trkpt>
      <trkpt lat="23.453546091914177" lon="120.41523166000843">
        <ele>55.0</ele>
        <time>2022-12-04T00:45:42</time>
      </trkpt>
      <trkpt lat="23.453545421361923" lon="120.41523140855134">
        <ele>55.0</ele>
        <time>2022-12-04T00:45:43</time>
      </trkpt>
      <trkpt lat="23.45354190096259" lon="120.41523467749357">
        <ele>56.0</ele>
        <time>2022-12-04T00:45:50</time>
      </trkpt>
      <trkpt lat="23.45354081131518" lon="120.41523392312229">
        <ele>57.0</ele>
        <time>2022-12-04T00:45:55</time>
      </trkpt>
      <trkpt lat="23.453531926497817" lon="120.41522596031427">
        <ele>56.0</ele>
        <time>2022-12-04T00:46:04</time>
      </trkpt>
      <trkpt lat="23.453526897355914" lon="120.41522093117237">
        <ele>56.0</ele>
        <time>2022-12-04T00:46:11</time>
      </trkpt>
      <trkpt lat="23.453526897355914" lon="120.41521791368723">
        <ele>56.0</ele>
        <time>2022-12-04T00:46:13</time>
      </trkpt>
      <trkpt lat="23.453521197661757" lon="120.41522302664816">
        <ele>56.0</ele>
        <time>2022-12-04T00:46:15</time>
      </trkpt>
      <trkpt lat="23.453509211540222" lon="120.41525546461344">
        <ele>56.0</ele>
        <time>2022-12-04T00:46:17</time>
      </trkpt>
      <trkpt lat="23.4534568246454" lon="120.41541874408722">
        <ele>56.0</ele>
        <time>2022-12-04T00:46:22</time>
      </trkpt>
      <trkpt lat="23.45345875248313" lon="120.41555704548955">
        <ele>56.0</ele>
        <time>2022-12-04T00:46:26</time>
      </trkpt>
      <trkpt lat="23.453500997275114" lon="120.41561102494597">
        <ele>57.0</ele>
        <time>2022-12-04T00:46:28</time>
      </trkpt>
      <trkpt lat="23.453576182946563" lon="120.41567933745682">
        <ele>57.0</ele>
        <time>2022-12-04T00:46:31</time>
      </trkpt>
      <trkpt lat="23.453601161018014" lon="120.41569945402443">
        <ele>58.0</ele>
        <time>2022-12-04T00:46:32</time>
      </trkpt>
      <trkpt lat="23.453801656141877" lon="120.41586818173528">
        <ele>58.0</ele>
        <time>2022-12-04T00:46:41</time>
      </trkpt>
      <trkpt lat="23.45397239550948" lon="120.41602727025747">
        <ele>56.0</ele>
        <time>2022-12-04T00:46:48</time>
      </trkpt>
      <trkpt lat="23.453995026648045" lon="120.4160484764725">
        <ele>56.0</ele>
        <time>2022-12-04T00:46:51</time>
      </trkpt>
      <trkpt lat="23.45407934859395" lon="120.41611569933593">
        <ele>56.0</ele>
        <time>2022-12-04T00:46:54</time>
      </trkpt>
      <trkpt lat="23.454138692468405" lon="120.41616791859269">
        <ele>56.0</ele>
        <time>2022-12-04T00:46:56</time>
      </trkpt>
      <trkpt lat="23.45417615957558" lon="120.41619784198701">
        <ele>56.0</ele>
        <time>2022-12-04T00:46:57</time>
      </trkpt>
      <trkpt lat="23.454209603369236" lon="120.41622382588685">
        <ele>56.0</ele>
        <time>2022-12-04T00:46:58</time>
      </trkpt>
      <trkpt lat="23.454243130981922" lon="120.41625081561506">
        <ele>56.0</ele>
        <time>2022-12-04T00:46:59</time>
      </trkpt>
      <trkpt lat="23.454276407137513" lon="120.41627805680037">
        <ele>56.0</ele>
        <time>2022-12-04T00:47:00</time>
      </trkpt>
      <trkpt lat="23.454308174550533" lon="120.41630546562374">
        <ele>56.0</ele>
        <time>2022-12-04T00:47:01</time>
      </trkpt>
      <trkpt lat="23.4543979447335" lon="120.41638827882707">
        <ele>56.0</ele>
        <time>2022-12-04T00:47:04</time>
      </trkpt>
      <trkpt lat="23.454505065456033" lon="120.41648978367448">
        <ele>56.0</ele>
        <time>2022-12-04T00:47:08</time>
      </trkpt>
      <trkpt lat="23.45457379706204" lon="120.4165580123663">
        <ele>56.0</ele>
        <time>2022-12-04T00:47:11</time>
      </trkpt>
      <trkpt lat="23.45459332689643" lon="120.41657821275294">
        <ele>56.0</ele>
        <time>2022-12-04T00:47:12</time>
      </trkpt>
      <trkpt lat="23.454681085422635" lon="120.41665825992823">
        <ele>57.0</ele>
        <time>2022-12-04T00:47:16</time>
      </trkpt>
      <trkpt lat="23.454701621085405" lon="120.41667552664876">
        <ele>57.0</ele>
        <time>2022-12-04T00:47:17</time>
      </trkpt>
      <trkpt lat="23.454753421247005" lon="120.41671919636428">
        <ele>58.0</ele>
        <time>2022-12-04T00:47:21</time>
      </trkpt>
      <trkpt lat="23.454757193103433" lon="120.41671835817397">
        <ele>58.0</ele>
        <time>2022-12-04T00:47:22</time>
      </trkpt>
      <trkpt lat="23.454738669097424" lon="120.41668055579066">
        <ele>57.0</ele>
        <time>2022-12-04T00:47:31</time>
      </trkpt>
      <trkpt lat="23.454741686582565" lon="120.41669161990285">
        <ele>57.0</ele>
        <time>2022-12-04T00:47:37</time>
      </trkpt>
      <trkpt lat="23.454740764573216" lon="120.41669589467347">
        <ele>56.0</ele>
        <time>2022-12-04T00:47:40</time>
      </trkpt>
      <trkpt lat="23.454741267487407" lon="120.41669648140669">
        <ele>56.0</ele>
        <time>2022-12-04T00:47:44</time>
      </trkpt>
      <trkpt lat="23.454745039343834" lon="120.41669614613056">
        <ele>56.0</ele>
        <time>2022-12-04T00:47:46</time>
      </trkpt>
      <trkpt lat="23.454745542258024" lon="120.4166962299496">
        <ele>56.0</ele>
        <time>2022-12-04T00:47:48</time>
      </trkpt>
      <trkpt lat="23.454745542258024" lon="120.41669698432088">
        <ele>55.0</ele>
        <time>2022-12-04T00:47:50</time>
      </trkpt>
      <trkpt lat="23.45474529080093" lon="120.41669824160635">
        <ele>55.0</ele>
        <time>2022-12-04T00:47:52</time>
      </trkpt>
      <trkpt lat="23.454745206981897" lon="120.41669790633023">
        <ele>55.0</ele>
        <time>2022-12-04T00:47:53</time>
      </trkpt>
      <trkpt lat="23.45474436879158" lon="120.4166962299496">
        <ele>55.0</ele>
        <time>2022-12-04T00:47:54</time>
      </trkpt>
      <trkpt lat="23.45475166104734" lon="120.41669983416796">
        <ele>55.0</ele>
        <time>2022-12-04T00:47:56</time>
      </trkpt>
      <trkpt lat="23.454758366569877" lon="120.41670243255794">
        <ele>55.0</ele>
        <time>2022-12-04T00:47:57</time>
      </trkpt>
      <trkpt lat="23.454828020185232" lon="120.41675389744341">
        <ele>56.0</ele>
        <time>2022-12-04T00:48:02</time>
      </trkpt>
      <trkpt lat="23.454922065138817" lon="120.41685179807246">
        <ele>56.0</ele>
        <time>2022-12-04T00:48:07</time>
      </trkpt>
      <trkpt lat="23.454979648813605" lon="120.41690410114825">
        <ele>56.0</ele>
        <time>2022-12-04T00:48:09</time>
      </trkpt>
      <trkpt lat="23.455097414553165" lon="120.41703879833221">
        <ele>57.0</ele>
        <time>2022-12-04T00:48:14</time>
      </trkpt>
      <trkpt lat="23.45511669293046" lon="120.41707165539265">
        <ele>57.0</ele>
        <time>2022-12-04T00:48:15</time>
      </trkpt>
      <trkpt lat="23.455134462565184" lon="120.41710912249982">
        <ele>58.0</ele>
        <time>2022-12-04T00:48:16</time>
      </trkpt>
      <trkpt lat="23.45515139400959" lon="120.41714583523571">
        <ele>58.0</ele>
        <time>2022-12-04T00:48:17</time>
      </trkpt>
      <trkpt lat="23.455175617709756" lon="120.4171672090888">
        <ele>58.0</ele>
        <time>2022-12-04T00:48:18</time>
      </trkpt>
      <trkpt lat="23.455223478376865" lon="120.41718472726643">
        <ele>58.0</ele>
        <time>2022-12-04T00:48:19</time>
      </trkpt>
      <trkpt lat="23.455250971019268" lon="120.41717575863004">
        <ele>58.0</ele>
        <time>2022-12-04T00:48:20</time>
      </trkpt>
      <trkpt lat="23.455332359299064" lon="120.41710048913956">
        <ele>59.0</ele>
        <time>2022-12-04T00:48:23</time>
      </trkpt>
      <trkpt lat="23.4553961455822" lon="120.41704567149282">
        <ele>59.0</ele>
        <time>2022-12-04T00:48:25</time>
      </trkpt>
      <trkpt lat="23.455443251878023" lon="120.41697861626744">
        <ele>59.0</ele>
        <time>2022-12-04T00:48:27</time>
      </trkpt>
      <trkpt lat="23.455445263534784" lon="120.41693494655192">
        <ele>59.0</ele>
        <time>2022-12-04T00:48:28</time>
      </trkpt>
      <trkpt lat="23.45543093048036" lon="120.41689521633089">
        <ele>59.0</ele>
        <time>2022-12-04T00:48:29</time>
      </trkpt>
      <trkpt lat="23.455392960458994" lon="120.4168408177793">
        <ele>59.0</ele>
        <time>2022-12-04T00:48:30</time>
      </trkpt>
      <trkpt lat="23.455378962680697" lon="120.41682413779199">
        <ele>59.0</ele>
        <time>2022-12-04T00:48:31</time>
      </trkpt>
      <trkpt lat="23.45537074841559" lon="120.41681759990752">
        <ele>59.0</ele>
        <time>2022-12-04T00:48:35</time>
      </trkpt>
      <trkpt lat="23.455365803092718" lon="120.41681449860334">
        <ele>59.0</ele>
        <time>2022-12-04T00:48:36</time>
      </trkpt>
      <trkpt lat="23.45536043867469" lon="120.41681047528982">
        <ele>57.0</ele>
        <time>2022-12-04T00:48:42</time>
      </trkpt>
      <trkpt lat="23.455358175560832" lon="120.41680469177663">
        <ele>57.0</ele>
        <time>2022-12-04T00:48:46</time>
      </trkpt>
      <trkpt lat="23.455350045114756" lon="120.41679823771119">
        <ele>57.0</ele>
        <time>2022-12-04T00:48:48</time>
      </trkpt>
      <trkpt lat="23.455337723717093" lon="120.4167908616364">
        <ele>57.0</ele>
        <time>2022-12-04T00:48:49</time>
      </trkpt>
      <trkpt lat="23.455285169184208" lon="120.41676613502204">
        <ele>57.0</ele>
        <time>2022-12-04T00:48:52</time>
      </trkpt>
      <trkpt lat="23.455193303525448" lon="120.4166785441339">
        <ele>56.0</ele>
        <time>2022-12-04T00:48:57</time>
      </trkpt>
      <trkpt lat="23.45512247644365" lon="120.41662238538265">
        <ele>56.0</ele>
        <time>2022-12-04T00:49:00</time>
      </trkpt>
      <trkpt lat="23.45498233102262" lon="120.41648911312222">
        <ele>56.0</ele>
        <time>2022-12-04T00:49:07</time>
      </trkpt>
      <trkpt lat="23.454934135079384" lon="120.41643261909485">
        <ele>56.0</ele>
        <time>2022-12-04T00:49:10</time>
      </trkpt>
      <trkpt lat="23.454852160066366" lon="120.41637034155428">
        <ele>56.0</ele>
        <time>2022-12-04T00:49:16</time>
      </trkpt>
      <trkpt lat="23.45483874902129" lon="120.41635986417532">
        <ele>56.0</ele>
        <time>2022-12-04T00:49:19</time>
      </trkpt>
      <trkpt lat="23.454830115661025" lon="120.4163553379476">
        <ele>56.0</ele>
        <time>2022-12-04T00:49:20</time>
      </trkpt>
      <trkpt lat="23.454811507835984" lon="120.41634603403509">
        <ele>56.0</ele>
        <time>2022-12-04T00:49:22</time>
      </trkpt>
      <trkpt lat="23.454797929152846" lon="120.4163471236825">
        <ele>56.0</ele>
        <time>2022-12-04T00:49:26</time>
      </trkpt>
      <trkpt lat="23.45480538904667" lon="120.41634519584477">
        <ele>55.0</ele>
        <time>2022-12-04T00:49:28</time>
      </trkpt>
      <trkpt lat="23.454803880304098" lon="120.4163402505219">
        <ele>55.0</ele>
        <time>2022-12-04T00:49:31</time>
      </trkpt>
      <trkpt lat="23.454805221408606" lon="120.41634595021605">
        <ele>55.0</ele>
        <time>2022-12-04T00:49:34</time>
      </trkpt>
      <trkpt lat="23.454820727929473" lon="120.41634838096797">
        <ele>55.0</ele>
        <time>2022-12-04T00:49:38</time>
      </trkpt>
      <trkpt lat="23.454826343804598" lon="120.41634419001639">
        <ele>55.0</ele>
        <time>2022-12-04T00:49:40</time>
      </trkpt>
      <trkpt lat="23.45484310761094" lon="120.41632751002908">
        <ele>55.0</ele>
        <time>2022-12-04T00:49:49</time>
      </trkpt>
      <trkpt lat="23.454843442887068" lon="120.41631627827883">
        <ele>54.0</ele>
        <time>2022-12-04T00:49:56</time>
      </trkpt>
      <trkpt lat="23.45484310761094" lon="120.41631376370788">
        <ele>54.0</ele>
        <time>2022-12-04T00:49:57</time>
      </trkpt>
      <trkpt lat="23.454844281077385" lon="120.41630982421339">
        <ele>54.0</ele>
        <time>2022-12-04T00:49:58</time>
      </trkpt>
      <trkpt lat="23.45484411343932" lon="120.41630119085312">
        <ele>54.0</ele>
        <time>2022-12-04T00:50:00</time>
      </trkpt>
      <trkpt lat="23.45483908429742" lon="120.41630186140537">
        <ele>54.0</ele>
        <time>2022-12-04T00:50:05</time>
      </trkpt>
      <trkpt lat="23.454838916659355" lon="120.4162921383977">
        <ele>54.0</ele>
        <time>2022-12-04T00:50:10</time>
      </trkpt>
      <trkpt lat="23.454836905002594" lon="120.41629783809185">
        <ele>54.0</ele>
        <time>2022-12-04T00:50:12</time>
      </trkpt>
      <trkpt lat="23.454829612746835" lon="120.41631896048784">
        <ele>54.0</ele>
        <time>2022-12-04T00:50:20</time>
      </trkpt>
      <trkpt lat="23.45483623445034" lon="120.41632507927716">
        <ele>54.0</ele>
        <time>2022-12-04T00:50:21</time>
      </trkpt>
      <trkpt lat="23.454841347411275" lon="120.4163209721446">
        <ele>54.0</ele>
        <time>2022-12-04T00:50:23</time>
      </trkpt>
      <trkpt lat="23.454841012135148" lon="120.41632105596364">
        <ele>54.0</ele>
        <time>2022-12-04T00:50:25</time>
      </trkpt>
      <trkpt lat="23.454839503392577" lon="120.41631946340203">
        <ele>54.0</ele>
        <time>2022-12-04T00:50:27</time>
      </trkpt>
      <trkpt lat="23.45483967103064" lon="120.41631879284978">
        <ele>54.0</ele>
        <time>2022-12-04T00:50:28</time>
      </trkpt>
      <trkpt lat="23.45483958721161" lon="120.4163161944598">
        <ele>53.0</ele>
        <time>2022-12-04T00:50:32</time>
      </trkpt>
      <trkpt lat="23.45483531244099" lon="120.4162887018174">
        <ele>53.0</ele>
        <time>2022-12-04T00:50:37</time>
      </trkpt>
      <trkpt lat="23.454839503392577" lon="120.41627051308751">
        <ele>53.0</ele>
        <time>2022-12-04T00:50:40</time>
      </trkpt>
      <trkpt lat="23.454830534756184" lon="120.41623363271356">
        <ele>53.0</ele>
        <time>2022-12-04T00:50:46</time>
      </trkpt>
      <trkpt lat="23.454844616353512" lon="120.41623882949352">
        <ele>53.0</ele>
        <time>2022-12-04T00:50:51</time>
      </trkpt>
      <trkpt lat="23.45483615063131" lon="120.41624126024544">
        <ele>52.0</ele>
        <time>2022-12-04T00:50:54</time>
      </trkpt>
      <trkpt lat="23.454833887517452" lon="120.41624293662608">
        <ele>52.0</ele>
        <time>2022-12-04T00:50:56</time>
      </trkpt>
      <trkpt lat="23.454840509220958" lon="120.41625274345279">
        <ele>53.0</ele>
        <time>2022-12-04T00:51:02</time>
      </trkpt>
      <trkpt lat="23.454836988821626" lon="120.41625651530921">
        <ele>54.0</ele>
        <time>2022-12-04T00:51:05</time>
      </trkpt>
      <trkpt lat="23.45483724027872" lon="120.41625953279436">
        <ele>56.0</ele>
        <time>2022-12-04T00:51:08</time>
      </trkpt>
      <trkpt lat="23.45483715645969" lon="120.4162628017366">
        <ele>56.0</ele>
        <time>2022-12-04T00:51:13</time>
      </trkpt>
      <trkpt lat="23.454837575554848" lon="120.41626355610788">
        <ele>56.0</ele>
        <time>2022-12-04T00:51:14</time>
      </trkpt>
      <trkpt lat="23.454838497564197" lon="120.41626380756497">
        <ele>57.0</ele>
        <time>2022-12-04T00:51:16</time>
      </trkpt>
      <trkpt lat="23.45484109595418" lon="120.41626271791756">
        <ele>57.0</ele>
        <time>2022-12-04T00:51:21</time>
      </trkpt>
      <trkpt lat="23.45484017394483" lon="120.41626137681305">
        <ele>57.0</ele>
        <time>2022-12-04T00:51:25</time>
      </trkpt>
      <trkpt lat="23.454839922487736" lon="120.4162607062608">
        <ele>57.0</ele>
        <time>2022-12-04T00:51:27</time>
      </trkpt>
      <trkpt lat="23.45485827885568" lon="120.41630052030087">
        <ele>57.0</ele>
        <time>2022-12-04T00:51:37</time>
      </trkpt>
      <trkpt lat="23.45485878176987" lon="120.41630093939602">
        <ele>56.0</ele>
        <time>2022-12-04T00:51:38</time>
      </trkpt>
      <trkpt lat="23.454866157844663" lon="120.416303537786">
        <ele>56.0</ele>
        <time>2022-12-04T00:51:39</time>
      </trkpt>
      <trkpt lat="23.454794492572546" lon="120.41628543287516">
        <ele>56.0</ele>
        <time>2022-12-04T00:51:43</time>
      </trkpt>
      <trkpt lat="23.454755349084735" lon="120.41626037098467">
        <ele>55.0</ele>
        <time>2022-12-04T00:51:45</time>
      </trkpt>
      <trkpt lat="23.454701118171215" lon="120.41622097603977">
        <ele>55.0</ele>
        <time>2022-12-04T00:51:47</time>
      </trkpt>
      <trkpt lat="23.45464512705803" lon="120.4161708522588">
        <ele>55.0</ele>
        <time>2022-12-04T00:51:49</time>
      </trkpt>
      <trkpt lat="23.454548064619303" lon="120.41608795523643">
        <ele>55.0</ele>
        <time>2022-12-04T00:51:52</time>
      </trkpt>
      <trkpt lat="23.45445066690445" lon="120.41601972654462">
        <ele>55.0</ele>
        <time>2022-12-04T00:51:55</time>
      </trkpt>
      <trkpt lat="23.454367434605956" lon="120.41596650145948">
        <ele>55.0</ele>
        <time>2022-12-04T00:51:57</time>
      </trkpt>
      <trkpt lat="23.454282693564892" lon="120.41591377928853">
        <ele>55.0</ele>
        <time>2022-12-04T00:51:59</time>
      </trkpt>
      <trkpt lat="23.454033667221665" lon="120.41570984758437">
        <ele>54.0</ele>
        <time>2022-12-04T00:52:05</time>
      </trkpt>
      <trkpt lat="23.453883547335863" lon="120.41558470577002">
        <ele>54.0</ele>
        <time>2022-12-04T00:52:09</time>
      </trkpt>
      <trkpt lat="23.45374315045774" lon="120.41546735912561">
        <ele>53.0</ele>
        <time>2022-12-04T00:52:13</time>
      </trkpt>
      <trkpt lat="23.453676849603653" lon="120.41539854370058">
        <ele>53.0</ele>
        <time>2022-12-04T00:52:15</time>
      </trkpt>
      <trkpt lat="23.453540559858084" lon="120.41525504551828">
        <ele>53.0</ele>
        <time>2022-12-04T00:52:19</time>
      </trkpt>
      <trkpt lat="23.45347099006176" lon="120.4151969589293">
        <ele>54.0</ele>
        <time>2022-12-04T00:52:21</time>
      </trkpt>
      <trkpt lat="23.453312404453754" lon="120.41507324203849">
        <ele>54.0</ele>
        <time>2022-12-04T00:52:25</time>
      </trkpt>
      <trkpt lat="23.45313822850585" lon="120.41494407691061">
        <ele>54.0</ele>
        <time>2022-12-04T00:52:29</time>
      </trkpt>
      <trkpt lat="23.45309866592288" lon="120.41490895673633">
        <ele>55.0</ele>
        <time>2022-12-04T00:52:30</time>
      </trkpt>
      <trkpt lat="23.45295013859868" lon="120.41477777995169">
        <ele>55.0</ele>
        <time>2022-12-04T00:52:34</time>
      </trkpt>
      <trkpt lat="23.452877551317215" lon="120.41471323929727">
        <ele>55.0</ele>
        <time>2022-12-04T00:52:36</time>
      </trkpt>
      <trkpt lat="23.452808232977986" lon="120.41463947854936">
        <ele>56.0</ele>
        <time>2022-12-04T00:52:38</time>
      </trkpt>
      <trkpt lat="23.452705219388008" lon="120.41454157792032">
        <ele>56.0</ele>
        <time>2022-12-04T00:52:41</time>
      </trkpt>
      <trkpt lat="23.452514111995697" lon="120.41439363732934">
        <ele>56.0</ele>
        <time>2022-12-04T00:52:46</time>
      </trkpt>
      <trkpt lat="23.45240045338869" lon="120.41428978554904">
        <ele>56.0</ele>
        <time>2022-12-04T00:52:49</time>
      </trkpt>
      <trkpt lat="23.452268186956644" lon="120.41418224573135">
        <ele>56.0</ele>
        <time>2022-12-04T00:52:53</time>
      </trkpt>
      <trkpt lat="23.4522289596498" lon="120.41415106505156">
        <ele>56.0</ele>
        <time>2022-12-04T00:52:54</time>
      </trkpt>
      <trkpt lat="23.452106835320592" lon="120.41404847055674">
        <ele>56.0</ele>
        <time>2022-12-04T00:52:57</time>
      </trkpt>
      <trkpt lat="23.45190005376935" lon="120.41388929821551">
        <ele>55.0</ele>
        <time>2022-12-04T00:53:02</time>
      </trkpt>
      <trkpt lat="23.451626636087894" lon="120.41363373398781">
        <ele>55.0</ele>
        <time>2022-12-04T00:53:09</time>
      </trkpt>
      <trkpt lat="23.45154575072229" lon="120.41356718167663">
        <ele>55.0</ele>
        <time>2022-12-04T00:53:11</time>
      </trkpt>
      <trkpt lat="23.451444329693913" lon="120.41345788165927">
        <ele>55.0</ele>
        <time>2022-12-04T00:53:14</time>
      </trkpt>
      <trkpt lat="23.451406694948673" lon="120.41342418640852">
        <ele>54.0</ele>
        <time>2022-12-04T00:53:15</time>
      </trkpt>
      <trkpt lat="23.451369144022465" lon="120.41339183226228">
        <ele>54.0</ele>
        <time>2022-12-04T00:53:16</time>
      </trkpt>
      <trkpt lat="23.451284067705274" lon="120.41333014145494">
        <ele>54.0</ele>
        <time>2022-12-04T00:53:18</time>
      </trkpt>
      <trkpt lat="23.450888777151704" lon="120.41299855336547">
        <ele>55.0</ele>
        <time>2022-12-04T00:53:28</time>
      </trkpt>
      <trkpt lat="23.450807305052876" lon="120.41293920949101">
        <ele>55.0</ele>
        <time>2022-12-04T00:53:30</time>
      </trkpt>
      <trkpt lat="23.450587447732687" lon="120.41276947595179">
        <ele>54.0</ele>
        <time>2022-12-04T00:53:36</time>
      </trkpt>
      <trkpt lat="23.45025099813938" lon="120.41247594170272">
        <ele>55.0</ele>
        <time>2022-12-04T00:53:45</time>
      </trkpt>
      <trkpt lat="23.450044887140393" lon="120.41229237802327">
        <ele>55.0</ele>
        <time>2022-12-04T00:53:50</time>
      </trkpt>
      <trkpt lat="23.449892085045576" lon="120.41214359924197">
        <ele>55.0</ele>
        <time>2022-12-04T00:53:54</time>
      </trkpt>
      <trkpt lat="23.449647752568126" lon="120.41193061508238">
        <ele>55.0</ele>
        <time>2022-12-04T00:54:00</time>
      </trkpt>
      <trkpt lat="23.449568040668964" lon="120.41185827925801">
        <ele>56.0</ele>
        <time>2022-12-04T00:54:02</time>
      </trkpt>
      <trkpt lat="23.449526634067297" lon="120.4118223208934">
        <ele>56.0</ele>
        <time>2022-12-04T00:54:03</time>
      </trkpt>
      <trkpt lat="23.449370646849275" lon="120.41169927455485">
        <ele>56.0</ele>
        <time>2022-12-04T00:54:07</time>
      </trkpt>
      <trkpt lat="23.44922195188701" lon="120.41157614439726">
        <ele>56.0</ele>
        <time>2022-12-04T00:54:11</time>
      </trkpt>
      <trkpt lat="23.448949456214905" lon="120.4113550297916">
        <ele>57.0</ele>
        <time>2022-12-04T00:54:18</time>
      </trkpt>
      <trkpt lat="23.44887301325798" lon="120.41129032149911">
        <ele>57.0</ele>
        <time>2022-12-04T00:54:20</time>
      </trkpt>
      <trkpt lat="23.448743261396885" lon="120.41119325906038">
        <ele>57.0</ele>
        <time>2022-12-04T00:54:23</time>
      </trkpt>
      <trkpt lat="23.44853639602661" lon="120.41101891547441">
        <ele>57.0</ele>
        <time>2022-12-04T00:54:28</time>
      </trkpt>
      <trkpt lat="23.448210256174207" lon="120.41071440093219">
        <ele>58.0</ele>
        <time>2022-12-04T00:54:36</time>
      </trkpt>
      <trkpt lat="23.448125096037984" lon="120.41064826771617">
        <ele>58.0</ele>
        <time>2022-12-04T00:54:38</time>
      </trkpt>
      <trkpt lat="23.44803943298757" lon="120.41057609952986">
        <ele>58.0</ele>
        <time>2022-12-04T00:54:40</time>
      </trkpt>
      <trkpt lat="23.447836423292756" lon="120.41040971875191">
        <ele>58.0</ele>
        <time>2022-12-04T00:54:45</time>
      </trkpt>
      <trkpt lat="23.447436690330505" lon="120.41006463579834">
        <ele>58.0</ele>
        <time>2022-12-04T00:54:55</time>
      </trkpt>
      <trkpt lat="23.44724826514721" lon="120.4098832514137">
        <ele>58.0</ele>
        <time>2022-12-04T00:55:00</time>
      </trkpt>
      <trkpt lat="23.447055984288454" lon="120.40971561335027">
        <ele>58.0</ele>
        <time>2022-12-04T00:55:05</time>
      </trkpt>
      <trkpt lat="23.446935955435038" lon="120.40961000137031">
        <ele>58.0</ele>
        <time>2022-12-04T00:55:08</time>
      </trkpt>
      <trkpt lat="23.44677678309381" lon="120.40947714820504">
        <ele>59.0</ele>
        <time>2022-12-04T00:55:12</time>
      </trkpt>
      <trkpt lat="23.446737974882126" lon="120.40943993255496">
        <ele>59.0</ele>
        <time>2022-12-04T00:55:13</time>
      </trkpt>
      <trkpt lat="23.446424659341574" lon="120.40916391648352">
        <ele>60.0</ele>
        <time>2022-12-04T00:55:21</time>
      </trkpt>
      <trkpt lat="23.446227349340916" lon="120.40899963118136">
        <ele>60.0</ele>
        <time>2022-12-04T00:55:26</time>
      </trkpt>
      <trkpt lat="23.44614160247147" lon="120.40893173776567">
        <ele>59.0</ele>
        <time>2022-12-04T00:55:28</time>
      </trkpt>
      <trkpt lat="23.44577698968351" lon="120.40864482522011">
        <ele>59.0</ele>
        <time>2022-12-04T00:55:36</time>
      </trkpt>
      <trkpt lat="23.445730470120907" lon="120.40860794484615">
        <ele>60.0</ele>
        <time>2022-12-04T00:55:37</time>
      </trkpt>
      <trkpt lat="23.445641454309225" lon="120.40853451937437">
        <ele>62.0</ele>
        <time>2022-12-04T00:55:39</time>
      </trkpt>
      <trkpt lat="23.445551181212068" lon="120.40845992043614">
        <ele>63.0</ele>
        <time>2022-12-04T00:55:41</time>
      </trkpt>
      <trkpt lat="23.445423524826765" lon="120.40834592655301">
        <ele>64.0</ele>
        <time>2022-12-04T00:55:44</time>
      </trkpt>
      <trkpt lat="23.44521707855165" lon="120.40816085413098">
        <ele>64.0</ele>
        <time>2022-12-04T00:55:49</time>
      </trkpt>
      <trkpt lat="23.445092691108584" lon="120.40805616416037">
        <ele>64.0</ele>
        <time>2022-12-04T00:55:52</time>
      </trkpt>
      <trkpt lat="23.445049189031124" lon="120.40802070870996">
        <ele>64.0</ele>
        <time>2022-12-04T00:55:53</time>
      </trkpt>
      <trkpt lat="23.444854225963354" lon="120.4078487958759">
        <ele>63.0</ele>
        <time>2022-12-04T00:55:58</time>
      </trkpt>
      <trkpt lat="23.444775938987732" lon="120.40777578949928">
        <ele>63.0</ele>
        <time>2022-12-04T00:56:00</time>
      </trkpt>
      <trkpt lat="23.444693963974714" lon="120.40770303457975">
        <ele>62.0</ele>
        <time>2022-12-04T00:56:02</time>
      </trkpt>
      <trkpt lat="23.444652976468205" lon="120.4076677467674">
        <ele>62.0</ele>
        <time>2022-12-04T00:56:03</time>
      </trkpt>
      <trkpt lat="23.444611066952348" lon="120.40763212367892">
        <ele>62.0</ele>
        <time>2022-12-04T00:56:04</time>
      </trkpt>
      <trkpt lat="23.44441467896104" lon="120.40743632242084">
        <ele>61.0</ele>
        <time>2022-12-04T00:56:09</time>
      </trkpt>
      <trkpt lat="23.44437469728291" lon="120.40739960968494">
        <ele>61.0</ele>
        <time>2022-12-04T00:56:10</time>
      </trkpt>
      <trkpt lat="23.444332284852862" lon="120.40736532770097">
        <ele>60.0</ele>
        <time>2022-12-04T00:56:11</time>
      </trkpt>
      <trkpt lat="23.444167412817478" lon="120.40723348036408">
        <ele>60.0</ele>
        <time>2022-12-04T00:56:15</time>
      </trkpt>
      <trkpt lat="23.4439417719841" lon="120.40701915509999">
        <ele>61.0</ele>
        <time>2022-12-04T00:56:21</time>
      </trkpt>
      <trkpt lat="23.44389927573502" lon="120.40698420256376">
        <ele>61.0</ele>
        <time>2022-12-04T00:56:22</time>
      </trkpt>
      <trkpt lat="23.443749407306314" lon="120.4068231023848">
        <ele>61.0</ele>
        <time>2022-12-04T00:56:26</time>
      </trkpt>
      <trkpt lat="23.443661397323012" lon="120.40675680153072">
        <ele>62.0</ele>
        <time>2022-12-04T00:56:28</time>
      </trkpt>
      <trkpt lat="23.443618649616838" lon="120.40672386065125">
        <ele>62.0</ele>
        <time>2022-12-04T00:56:29</time>
      </trkpt>
      <trkpt lat="23.44330072402954" lon="120.40649042464793">
        <ele>62.0</ele>
        <time>2022-12-04T00:56:36</time>
      </trkpt>
      <trkpt lat="23.44325479120016" lon="120.40645429864526">
        <ele>62.0</ele>
        <time>2022-12-04T00:56:37</time>
      </trkpt>
      <trkpt lat="23.443169128149748" lon="120.40638397447765">
        <ele>62.0</ele>
        <time>2022-12-04T00:56:39</time>
      </trkpt>
      <trkpt lat="23.442923286929727" lon="120.40616436861455">
        <ele>62.0</ele>
        <time>2022-12-04T00:56:45</time>
      </trkpt>
      <trkpt lat="23.442715667188168" lon="120.405980553478">
        <ele>63.0</ele>
        <time>2022-12-04T00:56:50</time>
      </trkpt>
      <trkpt lat="23.44263075850904" lon="120.40591240860522">
        <ele>63.0</ele>
        <time>2022-12-04T00:56:52</time>
      </trkpt>
      <trkpt lat="23.442544173449278" lon="120.40584107860923">
        <ele>63.0</ele>
        <time>2022-12-04T00:56:54</time>
      </trkpt>
      <trkpt lat="23.442502934485674" lon="120.40580394677818">
        <ele>63.0</ele>
        <time>2022-12-04T00:56:55</time>
      </trkpt>
      <trkpt lat="23.44241970218718" lon="120.40572792291641">
        <ele>63.0</ele>
        <time>2022-12-04T00:56:57</time>
      </trkpt>
      <trkpt lat="23.44219531863928" lon="120.40553715080023">
        <ele>63.0</ele>
        <time>2022-12-04T00:57:02</time>
      </trkpt>
      <trkpt lat="23.442151648923755" lon="120.4054950736463">
        <ele>63.0</ele>
        <time>2022-12-04T00:57:03</time>
      </trkpt>
      <trkpt lat="23.44195945188403" lon="120.4053507372737">
        <ele>63.0</ele>
        <time>2022-12-04T00:57:07</time>
      </trkpt>
      <trkpt lat="23.441854426637292" lon="120.40528871119022">
        <ele>63.0</ele>
        <time>2022-12-04T00:57:09</time>
      </trkpt>
      <trkpt lat="23.441810254007578" lon="120.40525099262595">
        <ele>63.0</ele>
        <time>2022-12-04T00:57:10</time>
      </trkpt>
      <trkpt lat="23.441678658127785" lon="120.40512467734516">
        <ele>63.0</ele>
        <time>2022-12-04T00:57:13</time>
      </trkpt>
      <trkpt lat="23.4415190666914" lon="120.40496265515685">
        <ele>63.0</ele>
        <time>2022-12-04T00:57:17</time>
      </trkpt>
      <trkpt lat="23.44123223796487" lon="120.40470013394952">
        <ele>64.0</ele>
        <time>2022-12-04T00:57:24</time>
      </trkpt>
      <trkpt lat="23.441142551600933" lon="120.40462796576321">
        <ele>64.0</ele>
        <time>2022-12-04T00:57:26</time>
      </trkpt>
      <trkpt lat="23.440954545512795" lon="120.40447424165905">
        <ele>64.0</ele>
        <time>2022-12-04T00:57:30</time>
      </trkpt>
      <trkpt lat="23.440830996260047" lon="120.40437340736389">
        <ele>64.0</ele>
        <time>2022-12-04T00:57:33</time>
      </trkpt>
      <trkpt lat="23.440607031807303" lon="120.40416494943202">
        <ele>64.0</ele>
        <time>2022-12-04T00:57:39</time>
      </trkpt>
      <trkpt lat="23.44048272818327" lon="120.40405330248177">
        <ele>65.0</ele>
        <time>2022-12-04T00:57:42</time>
      </trkpt>
      <trkpt lat="23.44030888751149" lon="120.4039014223963">
        <ele>66.0</ele>
        <time>2022-12-04T00:57:46</time>
      </trkpt>
      <trkpt lat="23.440064303576946" lon="120.40368156507611">
        <ele>66.0</ele>
        <time>2022-12-04T00:57:52</time>
      </trkpt>
      <trkpt lat="23.440023567527533" lon="120.40364895947278">
        <ele>66.0</ele>
        <time>2022-12-04T00:57:53</time>
      </trkpt>
      <trkpt lat="23.439794909209013" lon="120.40344988927245">
        <ele>65.0</ele>
        <time>2022-12-04T00:57:59</time>
      </trkpt>
      <trkpt lat="23.439758447930217" lon="120.40341611020267">
        <ele>65.0</ele>
        <time>2022-12-04T00:58:00</time>
      </trkpt>
      <trkpt lat="23.439527777954936" lon="120.40321988984942">
        <ele>64.0</ele>
        <time>2022-12-04T00:58:06</time>
      </trkpt>
      <trkpt lat="23.439452089369297" lon="120.40315702557564">
        <ele>63.0</ele>
        <time>2022-12-04T00:58:07</time>
      </trkpt>
      <trkpt lat="23.439413029700518" lon="120.40312450379133">
        <ele>63.0</ele>
        <time>2022-12-04T00:58:08</time>
      </trkpt>
      <trkpt lat="23.439413029700518" lon="120.40312450379133">
        <ele>63.0</ele>
        <time>2022-12-04T00:58:09</time>
      </trkpt>
      <trkpt lat="23.43930817209184" lon="120.40302341803908">
        <ele>62.0</ele>
        <time>2022-12-04T00:58:12</time>
      </trkpt>
      <trkpt lat="23.439239021390676" lon="120.40295585989952">
        <ele>62.0</ele>
        <time>2022-12-04T00:58:14</time>
      </trkpt>
      <trkpt lat="23.439202224835753" lon="120.40292585268617">
        <ele>62.0</ele>
        <time>2022-12-04T00:58:15</time>
      </trkpt>
      <trkpt lat="23.439042549580336" lon="120.40280154906213">
        <ele>61.0</ele>
        <time>2022-12-04T00:58:19</time>
      </trkpt>
      <trkpt lat="23.438964430242777" lon="120.40273239836097">
        <ele>61.0</ele>
        <time>2022-12-04T00:58:21</time>
      </trkpt>
      <trkpt lat="23.438676176592708" lon="120.40248949080706">
        <ele>60.0</ele>
        <time>2022-12-04T00:58:28</time>
      </trkpt>
      <trkpt lat="23.438594872131944" lon="120.40241363458335">
        <ele>60.0</ele>
        <time>2022-12-04T00:58:30</time>
      </trkpt>
      <trkpt lat="23.438517590984702" lon="120.40233375504613">
        <ele>60.0</ele>
        <time>2022-12-04T00:58:32</time>
      </trkpt>
      <trkpt lat="23.438432095572352" lon="120.40225697681308">
        <ele>60.0</ele>
        <time>2022-12-04T00:58:34</time>
      </trkpt>
      <trkpt lat="23.438307121396065" lon="120.40213904343545">
        <ele>60.0</ele>
        <time>2022-12-04T00:58:37</time>
      </trkpt>
      <trkpt lat="23.438265128061175" lon="120.40209964849055">
        <ele>60.0</ele>
        <time>2022-12-04T00:58:38</time>
      </trkpt>
      <trkpt lat="23.43795759603381" lon="120.40182245895267">
        <ele>59.0</ele>
        <time>2022-12-04T00:58:45</time>
      </trkpt>
      <trkpt lat="23.43769616447389" lon="120.40157536044717">
        <ele>59.0</ele>
        <time>2022-12-04T00:58:51</time>
      </trkpt>
      <trkpt lat="23.437604382634163" lon="120.40149305015802">
        <ele>59.0</ele>
        <time>2022-12-04T00:58:53</time>
      </trkpt>
      <trkpt lat="23.437466332688928" lon="120.40137151256204">
        <ele>59.0</ele>
        <time>2022-12-04T00:58:56</time>
      </trkpt>
      <trkpt lat="23.43718939460814" lon="120.4011266771704">
        <ele>59.0</ele>
        <time>2022-12-04T00:59:02</time>
      </trkpt>
      <trkpt lat="23.436926119029522" lon="120.40088469162583">
        <ele>59.0</ele>
        <time>2022-12-04T00:59:08</time>
      </trkpt>
      <trkpt lat="23.436798714101315" lon="120.40076550096273">
        <ele>59.0</ele>
        <time>2022-12-04T00:59:11</time>
      </trkpt>
      <trkpt lat="23.436568547040224" lon="120.40058889426291">
        <ele>59.0</ele>
        <time>2022-12-04T00:59:16</time>
      </trkpt>
      <trkpt lat="23.436256237328053" lon="120.4003409575671">
        <ele>60.0</ele>
        <time>2022-12-04T00:59:23</time>
      </trkpt>
      <trkpt lat="23.435967145487666" lon="120.40010534226894">
        <ele>61.0</ele>
        <time>2022-12-04T00:59:30</time>
      </trkpt>
      <trkpt lat="23.43581627123058" lon="120.39998372085392">
        <ele>61.0</ele>
        <time>2022-12-04T00:59:34</time>
      </trkpt>
      <trkpt lat="23.435727674514055" lon="120.39992194622755">
        <ele>61.0</ele>
        <time>2022-12-04T00:59:36</time>
      </trkpt>
      <trkpt lat="23.435537992045283" lon="120.39977584965527">
        <ele>61.0</ele>
        <time>2022-12-04T00:59:40</time>
      </trkpt>
      <trkpt lat="23.435455346480012" lon="120.39970016106963">
        <ele>61.0</ele>
        <time>2022-12-04T00:59:42</time>
      </trkpt>
      <trkpt lat="23.435252839699388" lon="120.39952103979886">
        <ele>62.0</ele>
        <time>2022-12-04T00:59:47</time>
      </trkpt>
      <trkpt lat="23.4351709485054" lon="120.39944878779352">
        <ele>62.0</ele>
        <time>2022-12-04T00:59:48</time>
      </trkpt>
      <trkpt lat="23.435127530246973" lon="120.39941400289536">
        <ele>62.0</ele>
        <time>2022-12-04T00:59:49</time>
      </trkpt>
      <trkpt lat="23.43485235236585" lon="120.39915910921991">
        <ele>62.0</ele>
        <time>2022-12-04T00:59:57</time>
      </trkpt>
      <trkpt lat="23.43469242565334" lon="120.39901963435113">
        <ele>62.0</ele>
        <time>2022-12-04T01:00:01</time>
      </trkpt>
      <trkpt lat="23.434653617441654" lon="120.39898208342493">
        <ele>62.0</ele>
        <time>2022-12-04T01:00:02</time>
      </trkpt>
      <trkpt lat="23.43452336266637" lon="120.3988778963685">
        <ele>61.0</ele>
        <time>2022-12-04T01:00:05</time>
      </trkpt>
      <trkpt lat="23.434347258880734" lon="120.39876390248537">
        <ele>61.0</ele>
        <time>2022-12-04T01:00:09</time>
      </trkpt>
      <trkpt lat="23.434217423200607" lon="120.3986759763211">
        <ele>61.0</ele>
        <time>2022-12-04T01:00:12</time>
      </trkpt>
      <trkpt lat="23.434181129559875" lon="120.39864018559456">
        <ele>61.0</ele>
        <time>2022-12-04T01:00:13</time>
      </trkpt>
      <trkpt lat="23.434061938896775" lon="120.39854287169874">
        <ele>61.0</ele>
        <time>2022-12-04T01:00:16</time>
      </trkpt>
      <trkpt lat="23.43395322561264" lon="120.39845561608672">
        <ele>61.0</ele>
        <time>2022-12-04T01:00:19</time>
      </trkpt>
      <trkpt lat="23.43376060947776" lon="120.39830742403865">
        <ele>62.0</ele>
        <time>2022-12-04T01:00:26</time>
      </trkpt>
      <trkpt lat="23.43373278155923" lon="120.39830105379224">
        <ele>62.0</ele>
        <time>2022-12-04T01:00:31</time>
      </trkpt>
      <trkpt lat="23.43374216929078" lon="120.39830608293414">
        <ele>61.0</ele>
        <time>2022-12-04T01:00:35</time>
      </trkpt>
      <trkpt lat="23.433734457939863" lon="120.39830080233514">
        <ele>60.0</ele>
        <time>2022-12-04T01:00:39</time>
      </trkpt>
      <trkpt lat="23.43372942879796" lon="120.39829107932746">
        <ele>60.0</ele>
        <time>2022-12-04T01:00:40</time>
      </trkpt>
      <trkpt lat="23.43370109796524" lon="120.39825428277254">
        <ele>60.0</ele>
        <time>2022-12-04T01:00:44</time>
      </trkpt>
      <trkpt lat="23.43368500471115" lon="120.39824347011745">
        <ele>59.0</ele>
        <time>2022-12-04T01:00:46</time>
      </trkpt>
      <trkpt lat="23.433684585615993" lon="120.39823869243264">
        <ele>59.0</ele>
        <time>2022-12-04T01:00:47</time>
      </trkpt>
      <trkpt lat="23.43369380570948" lon="120.39823869243264">
        <ele>58.0</ele>
        <time>2022-12-04T01:00:52</time>
      </trkpt>
      <trkpt lat="23.43369472771883" lon="120.39823676459491">
        <ele>58.0</ele>
        <time>2022-12-04T01:00:53</time>
      </trkpt>
      <trkpt lat="23.433692883700132" lon="120.3982303943485">
        <ele>57.0</ele>
        <time>2022-12-04T01:00:56</time>
      </trkpt>
      <trkpt lat="23.433693889528513" lon="120.39822888560593">
        <ele>57.0</ele>
        <time>2022-12-04T01:00:57</time>
      </trkpt>
      <trkpt lat="23.433693554252386" lon="120.39822871796787">
        <ele>57.0</ele>
        <time>2022-12-04T01:00:59</time>
      </trkpt>
      <trkpt lat="23.433693470433354" lon="120.39822595193982">
        <ele>56.0</ele>
        <time>2022-12-04T01:01:01</time>
      </trkpt>
      <trkpt lat="23.43370260670781" lon="120.39820323698223">
        <ele>56.0</ele>
        <time>2022-12-04T01:01:06</time>
      </trkpt>
      <trkpt lat="23.433705205097795" lon="120.39819912984967">
        <ele>56.0</ele>
        <time>2022-12-04T01:01:07</time>
      </trkpt>
      <trkpt lat="23.433708306401968" lon="120.39819502271712">
        <ele>56.0</ele>
        <time>2022-12-04T01:01:09</time>
      </trkpt>
      <trkpt lat="23.43370847404003" lon="120.39819200523198">
        <ele>55.0</ele>
        <time>2022-12-04T01:01:10</time>
      </trkpt>
      <trkpt lat="23.433715011924505" lon="120.39817473851144">
        <ele>55.0</ele>
        <time>2022-12-04T01:01:14</time>
      </trkpt>
      <trkpt lat="23.433717945590615" lon="120.39816794916987">
        <ele>55.0</ele>
        <time>2022-12-04T01:01:16</time>
      </trkpt>
      <trkpt lat="23.433725824579597" lon="120.39815554395318">
        <ele>54.0</ele>
        <time>2022-12-04T01:01:19</time>
      </trkpt>
      <trkpt lat="23.433734038844705" lon="120.39815001189709">
        <ele>54.0</ele>
        <time>2022-12-04T01:01:24</time>
      </trkpt>
      <trkpt lat="23.433733200654387" lon="120.39815336465836">
        <ele>53.0</ele>
        <time>2022-12-04T01:01:27</time>
      </trkpt>
      <trkpt lat="23.43372993171215" lon="120.39816250093281">
        <ele>53.0</ele>
        <time>2022-12-04T01:01:32</time>
      </trkpt>
      <trkpt lat="23.433734457939863" lon="120.39815872907639">
        <ele>53.0</ele>
        <time>2022-12-04T01:01:37</time>
      </trkpt>
      <trkpt lat="23.433735631406307" lon="120.39815730415285">
        <ele>53.0</ele>
        <time>2022-12-04T01:01:38</time>
      </trkpt>
      <trkpt lat="23.43373470939696" lon="120.39816057309508">
        <ele>52.0</ele>
        <time>2022-12-04T01:01:40</time>
      </trkpt>
      <trkpt lat="23.433736134320498" lon="120.39815965108573">
        <ele>52.0</ele>
        <time>2022-12-04T01:01:42</time>
      </trkpt>
      <trkpt lat="23.43373135663569" lon="120.39815571159124">
        <ele>52.0</ele>
        <time>2022-12-04T01:01:43</time>
      </trkpt>
      <trkpt lat="23.433719454333186" lon="120.39814758114517">
        <ele>52.0</ele>
        <time>2022-12-04T01:01:44</time>
      </trkpt>
      <trkpt lat="23.43359984457493" lon="120.39807717315853">
        <ele>52.0</ele>
        <time>2022-12-04T01:01:49</time>
      </trkpt>
      <trkpt lat="23.433451652526855" lon="120.39799184538424">
        <ele>52.0</ele>
        <time>2022-12-04T01:01:53</time>
      </trkpt>
      <trkpt lat="23.433414017781615" lon="120.39796778932214">
        <ele>52.0</ele>
        <time>2022-12-04T01:01:54</time>
      </trkpt>
      <trkpt lat="23.433333970606327" lon="120.3979214373976">
        <ele>52.0</ele>
        <time>2022-12-04T01:01:56</time>
      </trkpt>
      <trkpt lat="23.433253671973944" lon="120.39787047542632">
        <ele>52.0</ele>
        <time>2022-12-04T01:01:58</time>
      </trkpt>
      <trkpt lat="23.433054769411683" lon="120.39772865362465">
        <ele>53.0</ele>
        <time>2022-12-04T01:02:03</time>
      </trkpt>
      <trkpt lat="23.43297245912254" lon="120.39766989648342">
        <ele>54.0</ele>
        <time>2022-12-04T01:02:05</time>
      </trkpt>
      <trkpt lat="23.432889729738235" lon="120.39760921150446">
        <ele>54.0</ele>
        <time>2022-12-04T01:02:07</time>
      </trkpt>
      <trkpt lat="23.432801300659776" lon="120.39755682460964">
        <ele>54.0</ele>
        <time>2022-12-04T01:02:09</time>
      </trkpt>
      <trkpt lat="23.432754278182983" lon="120.39753042161465">
        <ele>55.0</ele>
        <time>2022-12-04T01:02:10</time>
      </trkpt>
      <trkpt lat="23.432710273191333" lon="120.39750225841999">
        <ele>55.0</ele>
        <time>2022-12-04T01:02:11</time>
      </trkpt>
      <trkpt lat="23.43261882662773" lon="120.39744920097291">
        <ele>55.0</ele>
        <time>2022-12-04T01:02:13</time>
      </trkpt>
      <trkpt lat="23.432570714503527" lon="120.39742313325405">
        <ele>55.0</ele>
        <time>2022-12-04T01:02:14</time>
      </trkpt>
      <trkpt lat="23.43237784691155" lon="120.3973098937422">
        <ele>56.0</ele>
        <time>2022-12-04T01:02:18</time>
      </trkpt>
      <trkpt lat="23.432330237701535" lon="120.39728139527142">
        <ele>56.0</ele>
        <time>2022-12-04T01:02:19</time>
      </trkpt>
      <trkpt lat="23.432234935462475" lon="120.39722171612084">
        <ele>56.0</ele>
        <time>2022-12-04T01:02:21</time>
      </trkpt>
      <trkpt lat="23.432186907157302" lon="120.39719179272652">
        <ele>57.0</ele>
        <time>2022-12-04T01:02:22</time>
      </trkpt>
      <trkpt lat="23.43209537677467" lon="120.39713303558528">
        <ele>57.0</ele>
        <time>2022-12-04T01:02:24</time>
      </trkpt>
      <trkpt lat="23.432051623240113" lon="120.39710327982903">
        <ele>57.0</ele>
        <time>2022-12-04T01:02:25</time>
      </trkpt>
      <trkpt lat="23.431960931047797" lon="120.39704066701233">
        <ele>57.0</ele>
        <time>2022-12-04T01:02:27</time>
      </trkpt>
      <trkpt lat="23.431481570005417" lon="120.39674059487879">
        <ele>57.0</ele>
        <time>2022-12-04T01:02:37</time>
      </trkpt>
      <trkpt lat="23.431382747367024" lon="120.39668058045208">
        <ele>57.0</ele>
        <time>2022-12-04T01:02:39</time>
      </trkpt>
      <trkpt lat="23.43133362941444" lon="120.39665007032454">
        <ele>57.0</ele>
        <time>2022-12-04T01:02:40</time>
      </trkpt>
      <trkpt lat="23.43128333799541" lon="120.39662064984441">
        <ele>57.0</ele>
        <time>2022-12-04T01:02:41</time>
      </trkpt>
      <trkpt lat="23.431088626384735" lon="120.39649441838264">
        <ele>57.0</ele>
        <time>2022-12-04T01:02:45</time>
      </trkpt>
      <trkpt lat="23.430946888402104" lon="120.3964084200561">
        <ele>56.0</ele>
        <time>2022-12-04T01:02:48</time>
      </trkpt>
      <trkpt lat="23.430902799591422" lon="120.39638210088015">
        <ele>56.0</ele>
        <time>2022-12-04T01:02:49</time>
      </trkpt>
      <trkpt lat="23.430731557309628" lon="120.39626768790185">
        <ele>57.0</ele>
        <time>2022-12-04T01:02:53</time>
      </trkpt>
      <trkpt lat="23.43064715154469" lon="120.39620004594326">
        <ele>58.0</ele>
        <time>2022-12-04T01:02:55</time>
      </trkpt>
      <trkpt lat="23.430429305881262" lon="120.39603877812624">
        <ele>58.0</ele>
        <time>2022-12-04T01:03:00</time>
      </trkpt>
      <trkpt lat="23.43017080798745" lon="120.39584850892425">
        <ele>57.0</ele>
        <time>2022-12-04T01:03:06</time>
      </trkpt>
      <trkpt lat="23.43012579716742" lon="120.39582101628184">
        <ele>57.0</ele>
        <time>2022-12-04T01:03:07</time>
      </trkpt>
      <trkpt lat="23.43008087016642" lon="120.3957918472588">
        <ele>57.0</ele>
        <time>2022-12-04T01:03:08</time>
      </trkpt>
      <trkpt lat="23.429923206567764" lon="120.39563979953527">
        <ele>56.0</ele>
        <time>2022-12-04T01:03:12</time>
      </trkpt>
      <trkpt lat="23.429776523262262" lon="120.39548481814563">
        <ele>55.0</ele>
        <time>2022-12-04T01:03:16</time>
      </trkpt>
      <trkpt lat="23.429737212136388" lon="120.3954501170665">
        <ele>55.0</ele>
        <time>2022-12-04T01:03:17</time>
      </trkpt>
      <trkpt lat="23.42961475253105" lon="120.39534936659038">
        <ele>54.0</ele>
        <time>2022-12-04T01:03:20</time>
      </trkpt>
      <trkpt lat="23.42957217246294" lon="120.39531609043479">
        <ele>54.0</ele>
        <time>2022-12-04T01:03:21</time>
      </trkpt>
      <trkpt lat="23.429528586566448" lon="120.39528507739305">
        <ele>54.0</ele>
        <time>2022-12-04T01:03:22</time>
      </trkpt>
      <trkpt lat="23.429485419765115" lon="120.39525557309389">
        <ele>54.0</ele>
        <time>2022-12-04T01:03:23</time>
      </trkpt>
      <trkpt lat="23.429441582411528" lon="120.39522648788989">
        <ele>53.0</ele>
        <time>2022-12-04T01:03:24</time>
      </trkpt>
      <trkpt lat="23.429186856374145" lon="120.39504007436335">
        <ele>53.0</ele>
        <time>2022-12-04T01:03:30</time>
      </trkpt>
      <trkpt lat="23.42909918166697" lon="120.39498349651694">
        <ele>53.0</ele>
        <time>2022-12-04T01:03:32</time>
      </trkpt>
      <trkpt lat="23.428820399567485" lon="120.3948322031647">
        <ele>53.0</ele>
        <time>2022-12-04T01:03:38</time>
      </trkpt>
      <trkpt lat="23.428773544728756" lon="120.39480596780777">
        <ele>53.0</ele>
        <time>2022-12-04T01:03:39</time>
      </trkpt>
      <trkpt lat="23.428456373512745" lon="120.39460949599743">
        <ele>52.0</ele>
        <time>2022-12-04T01:03:46</time>
      </trkpt>
      <trkpt lat="23.4283153899014" lon="120.39452651515603">
        <ele>52.0</ele>
        <time>2022-12-04T01:03:49</time>
      </trkpt>
      <trkpt lat="23.427984388545156" lon="120.39433767087758">
        <ele>52.0</ele>
        <time>2022-12-04T01:03:56</time>
      </trkpt>
      <trkpt lat="23.42788891866803" lon="120.39427874609828">
        <ele>51.0</ele>
        <time>2022-12-04T01:03:58</time>
      </trkpt>
      <trkpt lat="23.427523551508784" lon="120.3940755687654">
        <ele>52.0</ele>
        <time>2022-12-04T01:04:06</time>
      </trkpt>
      <trkpt lat="23.42731853015721" lon="120.39396107196808">
        <ele>53.0</ele>
        <time>2022-12-04T01:04:11</time>
      </trkpt>
      <trkpt lat="23.427277961745858" lon="120.39394271560013">
        <ele>53.0</ele>
        <time>2022-12-04T01:04:12</time>
      </trkpt>
      <trkpt lat="23.427240159362555" lon="120.39392058737576">
        <ele>53.0</ele>
        <time>2022-12-04T01:04:13</time>
      </trkpt>
      <trkpt lat="23.42700253240764" lon="120.39379217661917">
        <ele>53.0</ele>
        <time>2022-12-04T01:04:20</time>
      </trkpt>
      <trkpt lat="23.426982583478093" lon="120.39378002285957">
        <ele>53.0</ele>
        <time>2022-12-04T01:04:21</time>
      </trkpt>
      <trkpt lat="23.42697160318494" lon="120.3937702998519">
        <ele>53.0</ele>
        <time>2022-12-04T01:04:22</time>
      </trkpt>
      <trkpt lat="23.426967915147543" lon="120.39376485161483">
        <ele>53.0</ele>
        <time>2022-12-04T01:04:24</time>
      </trkpt>
      <trkpt lat="23.42697411775589" lon="120.39377147331834">
        <ele>52.0</ele>
        <time>2022-12-04T01:04:29</time>
      </trkpt>
      <trkpt lat="23.426974955946207" lon="120.39376644417644">
        <ele>52.0</ele>
        <time>2022-12-04T01:04:33</time>
      </trkpt>
      <trkpt lat="23.426974955946207" lon="120.39376585744321">
        <ele>52.0</ele>
        <time>2022-12-04T01:04:36</time>
      </trkpt>
      <trkpt lat="23.42697604559362" lon="120.39376267232001">
        <ele>52.0</ele>
        <time>2022-12-04T01:04:43</time>
      </trkpt>
      <trkpt lat="23.42696825042367" lon="120.39375848136842">
        <ele>52.0</ele>
        <time>2022-12-04T01:04:46</time>
      </trkpt>
      <trkpt lat="23.426873199641705" lon="120.39371221326292">
        <ele>52.0</ele>
        <time>2022-12-04T01:04:51</time>
      </trkpt>
      <trkpt lat="23.42684905976057" lon="120.39369938895106">
        <ele>51.0</ele>
        <time>2022-12-04T01:04:52</time>
      </trkpt>
      <trkpt lat="23.426787117496133" lon="120.3936630114913">
        <ele>51.0</ele>
        <time>2022-12-04T01:04:54</time>
      </trkpt>
      <trkpt lat="23.42674990184605" lon="120.39364147000015">
        <ele>51.0</ele>
        <time>2022-12-04T01:04:55</time>
      </trkpt>
      <trkpt lat="23.4267111774534" lon="120.39361733011901">
        <ele>50.0</ele>
        <time>2022-12-04T01:04:56</time>
      </trkpt>
      <trkpt lat="23.4264849498868" lon="120.39348187856376">
        <ele>50.0</ele>
        <time>2022-12-04T01:05:02</time>
      </trkpt>
      <trkpt lat="23.42644438147545" lon="120.3934574034065">
        <ele>50.0</ele>
        <time>2022-12-04T01:05:03</time>
      </trkpt>
      <trkpt lat="23.426257129758596" lon="120.39332455024123">
        <ele>51.0</ele>
        <time>2022-12-04T01:05:08</time>
      </trkpt>
      <trkpt lat="23.426114385947585" lon="120.39324567653239">
        <ele>51.0</ele>
        <time>2022-12-04T01:05:11</time>
      </trkpt>
      <trkpt lat="23.426066525280476" lon="120.39322187192738">
        <ele>51.0</ele>
        <time>2022-12-04T01:05:12</time>
      </trkpt>
      <trkpt lat="23.426019670441747" lon="120.39319806732237">
        <ele>52.0</ele>
        <time>2022-12-04T01:05:13</time>
      </trkpt>
      <trkpt lat="23.425789838656783" lon="120.39307544007897">
        <ele>52.0</ele>
        <time>2022-12-04T01:05:18</time>
      </trkpt>
      <trkpt lat="23.42574273236096" lon="120.39304878562689">
        <ele>53.0</ele>
        <time>2022-12-04T01:05:19</time>
      </trkpt>
      <trkpt lat="23.42555472627282" lon="120.39294225163758">
        <ele>53.0</ele>
        <time>2022-12-04T01:05:23</time>
      </trkpt>
      <trkpt lat="23.425457160919905" lon="120.39289087057114">
        <ele>54.0</ele>
        <time>2022-12-04T01:05:25</time>
      </trkpt>
      <trkpt lat="23.425357919186354" lon="120.39283504709601">
        <ele>54.0</ele>
        <time>2022-12-04T01:05:27</time>
      </trkpt>
      <trkpt lat="23.42516421340406" lon="120.39272122085094">
        <ele>54.0</ele>
        <time>2022-12-04T01:05:31</time>
      </trkpt>
      <trkpt lat="23.425067737698555" lon="120.39267151616514">
        <ele>54.0</ele>
        <time>2022-12-04T01:05:33</time>
      </trkpt>
      <trkpt lat="23.424633387476206" lon="120.39243187755346">
        <ele>53.0</ele>
        <time>2022-12-04T01:05:42</time>
      </trkpt>
      <trkpt lat="23.424488212913275" lon="120.39235367439687">
        <ele>52.0</ele>
        <time>2022-12-04T01:05:45</time>
      </trkpt>
      <trkpt lat="23.42423290014267" lon="120.39221059530973">
        <ele>52.0</ele>
        <time>2022-12-04T01:05:50</time>
      </trkpt>
      <trkpt lat="23.42413181439042" lon="120.39216038770974">
        <ele>52.0</ele>
        <time>2022-12-04T01:05:52</time>
      </trkpt>
      <trkpt lat="23.424031734466553" lon="120.39211277849972">
        <ele>51.0</ele>
        <time>2022-12-04T01:05:54</time>
      </trkpt>
      <trkpt lat="23.42384196817875" lon="120.39201722480357">
        <ele>50.0</ele>
        <time>2022-12-04T01:05:58</time>
      </trkpt>
      <trkpt lat="23.423715317621827" lon="120.39193667471409">
        <ele>50.0</ele>
        <time>2022-12-04T01:06:01</time>
      </trkpt>
      <trkpt lat="23.423588918522" lon="120.39186433888972">
        <ele>50.0</ele>
        <time>2022-12-04T01:06:04</time>
      </trkpt>
      <trkpt lat="23.423530412837863" lon="120.39181773550808">
        <ele>50.0</ele>
        <time>2022-12-04T01:06:06</time>
      </trkpt>
      <trkpt lat="23.423369312658906" lon="120.39170851930976">
        <ele>51.0</ele>
        <time>2022-12-04T01:06:11</time>
      </trkpt>
      <trkpt lat="23.423325223848224" lon="120.39168412797153">
        <ele>52.0</ele>
        <time>2022-12-04T01:06:12</time>
      </trkpt>
      <trkpt lat="23.423065720126033" lon="120.39153115823865">
        <ele>52.0</ele>
        <time>2022-12-04T01:06:18</time>
      </trkpt>
      <trkpt lat="23.42298491857946" lon="120.3914805315435">
        <ele>53.0</ele>
        <time>2022-12-04T01:06:20</time>
      </trkpt>
      <trkpt lat="23.422854663804173" lon="120.39140123873949">
        <ele>53.0</ele>
        <time>2022-12-04T01:06:23</time>
      </trkpt>
      <trkpt lat="23.422683337703347" lon="120.39129428565502">
        <ele>53.0</ele>
        <time>2022-12-04T01:06:27</time>
      </trkpt>
      <trkpt lat="23.42259608209133" lon="120.39124139584601">
        <ele>54.0</ele>
        <time>2022-12-04T01:06:29</time>
      </trkpt>
      <trkpt lat="23.42250270769" lon="120.39118624292314">
        <ele>55.0</ele>
        <time>2022-12-04T01:06:31</time>
      </trkpt>
      <trkpt lat="23.422457026317716" lon="120.39115807972848">
        <ele>55.0</ele>
        <time>2022-12-04T01:06:32</time>
      </trkpt>
      <trkpt lat="23.422411428764462" lon="120.39112916216254">
        <ele>56.0</ele>
        <time>2022-12-04T01:06:33</time>
      </trkpt>
      <trkpt lat="23.422365244477987" lon="120.39110158570111">
        <ele>56.0</ele>
        <time>2022-12-04T01:06:34</time>
      </trkpt>
      <trkpt lat="23.42232132330537" lon="120.39107317104936">
        <ele>56.0</ele>
        <time>2022-12-04T01:06:35</time>
      </trkpt>
      <trkpt lat="23.422279246151447" lon="120.39104416966438">
        <ele>56.0</ele>
        <time>2022-12-04T01:06:36</time>
      </trkpt>
      <trkpt lat="23.421885883435607" lon="120.39079070091248">
        <ele>56.0</ele>
        <time>2022-12-04T01:06:45</time>
      </trkpt>
      <trkpt lat="23.421757305040956" lon="120.39070730097592">
        <ele>56.0</ele>
        <time>2022-12-04T01:06:48</time>
      </trkpt>
      <trkpt lat="23.42162218876183" lon="120.39062582887709">
        <ele>55.0</ele>
        <time>2022-12-04T01:06:51</time>
      </trkpt>
      <trkpt lat="23.421573489904404" lon="120.39059875532985">
        <ele>55.0</ele>
        <time>2022-12-04T01:06:52</time>
      </trkpt>
      <trkpt lat="23.42126403003931" lon="120.39040387608111">
        <ele>54.0</ele>
        <time>2022-12-04T01:06:59</time>
      </trkpt>
      <trkpt lat="23.42086329124868" lon="120.39015853777528">
        <ele>55.0</ele>
        <time>2022-12-04T01:07:08</time>
      </trkpt>
      <trkpt lat="23.420681823045015" lon="120.39004764519632">
        <ele>54.0</ele>
        <time>2022-12-04T01:07:12</time>
      </trkpt>
      <trkpt lat="23.420592471957207" lon="120.3899947553873">
        <ele>53.0</ele>
        <time>2022-12-04T01:07:14</time>
      </trkpt>
      <trkpt lat="23.420418547466397" lon="120.38988159969449">
        <ele>53.0</ele>
        <time>2022-12-04T01:07:18</time>
      </trkpt>
      <trkpt lat="23.42028619721532" lon="120.3897978644818">
        <ele>52.0</ele>
        <time>2022-12-04T01:07:21</time>
      </trkpt>
      <trkpt lat="23.420242024585605" lon="120.38977095857263">
        <ele>52.0</ele>
        <time>2022-12-04T01:07:22</time>
      </trkpt>
      <trkpt lat="23.420104142278433" lon="120.38969619199634">
        <ele>52.0</ele>
        <time>2022-12-04T01:07:25</time>
      </trkpt>
      <trkpt lat="23.419779427349567" lon="120.38952176459134">
        <ele>51.0</ele>
        <time>2022-12-04T01:07:31</time>
      </trkpt>
      <trkpt lat="23.41951036825776" lon="120.38936007767916">
        <ele>51.0</ele>
        <time>2022-12-04T01:07:38</time>
      </trkpt>
      <trkpt lat="23.419368714094162" lon="120.38927399553359">
        <ele>51.0</ele>
        <time>2022-12-04T01:07:41</time>
      </trkpt>
      <trkpt lat="23.419084902852774" lon="120.3891162481159">
        <ele>50.0</ele>
        <time>2022-12-04T01:07:47</time>
      </trkpt>
      <trkpt lat="23.419038886204362" lon="120.38909227587283">
        <ele>50.0</ele>
        <time>2022-12-04T01:07:48</time>
      </trkpt>
      <trkpt lat="23.418795224279165" lon="120.38894743658602">
        <ele>50.0</ele>
        <time>2022-12-04T01:07:53</time>
      </trkpt>
      <trkpt lat="23.418670166283846" lon="120.3888588398695">
        <ele>50.0</ele>
        <time>2022-12-04T01:07:56</time>
      </trkpt>
      <trkpt lat="23.418521555140615" lon="120.38878097198904">
        <ele>50.0</ele>
        <time>2022-12-04T01:08:00</time>
      </trkpt>
      <trkpt lat="23.4184876922518" lon="120.38875515572727">
        <ele>51.0</ele>
        <time>2022-12-04T01:08:04</time>
      </trkpt>
      <trkpt lat="23.41848802752793" lon="120.38875272497535">
        <ele>51.0</ele>
        <time>2022-12-04T01:08:07</time>
      </trkpt>
      <trkpt lat="23.418491212651134" lon="120.38875440135598">
        <ele>51.0</ele>
        <time>2022-12-04T01:08:11</time>
      </trkpt>
      <trkpt lat="23.41849154792726" lon="120.38875624537468">
        <ele>51.0</ele>
        <time>2022-12-04T01:08:12</time>
      </trkpt>
      <trkpt lat="23.41849054209888" lon="120.3887568321079">
        <ele>50.0</ele>
        <time>2022-12-04T01:08:13</time>
      </trkpt>
      <trkpt lat="23.418489200994372" lon="120.38875641301274">
        <ele>50.0</ele>
        <time>2022-12-04T01:08:16</time>
      </trkpt>
      <trkpt lat="23.418490458279848" lon="120.38875666446984">
        <ele>49.0</ele>
        <time>2022-12-04T01:08:19</time>
      </trkpt>
      <trkpt lat="23.41849062591791" lon="120.38875591009855">
        <ele>49.0</ele>
        <time>2022-12-04T01:08:22</time>
      </trkpt>
      <trkpt lat="23.418491212651134" lon="120.38875599391758">
        <ele>49.0</ele>
        <time>2022-12-04T01:08:23</time>
      </trkpt>
      <trkpt lat="23.41849355958402" lon="120.38876035250723">
        <ele>48.0</ele>
        <time>2022-12-04T01:08:29</time>
      </trkpt>
      <trkpt lat="23.418496157974005" lon="120.38876303471625">
        <ele>48.0</ele>
        <time>2022-12-04T01:08:32</time>
      </trkpt>
      <trkpt lat="23.418496325612068" lon="120.38876362144947">
        <ele>48.0</ele>
        <time>2022-12-04T01:08:33</time>
      </trkpt>
      <trkpt lat="23.418499259278178" lon="120.38876680657268">
        <ele>48.0</ele>
        <time>2022-12-04T01:08:40</time>
      </trkpt>
      <trkpt lat="23.418497247621417" lon="120.38876839913428">
        <ele>48.0</ele>
        <time>2022-12-04T01:08:44</time>
      </trkpt>
      <trkpt lat="23.418495068326592" lon="120.38876906968653">
        <ele>48.0</ele>
        <time>2022-12-04T01:08:46</time>
      </trkpt>
      <trkpt lat="23.41848710551858" lon="120.3887726739049">
        <ele>47.0</ele>
        <time>2022-12-04T01:08:55</time>
      </trkpt>
      <trkpt lat="23.418483920395374" lon="120.38877384737134">
        <ele>47.0</ele>
        <time>2022-12-04T01:08:59</time>
      </trkpt>
      <trkpt lat="23.41848316602409" lon="120.38877493701875">
        <ele>47.0</ele>
        <time>2022-12-04T01:09:00</time>
      </trkpt>
      <trkpt lat="23.418475538492203" lon="120.3887758590281">
        <ele>47.0</ele>
        <time>2022-12-04T01:09:04</time>
      </trkpt>
      <trkpt lat="23.41845097951591" lon="120.38876253180206">
        <ele>47.0</ele>
        <time>2022-12-04T01:09:06</time>
      </trkpt>
      <trkpt lat="23.418392054736614" lon="120.38872414268553">
        <ele>47.0</ele>
        <time>2022-12-04T01:09:08</time>
      </trkpt>
      <trkpt lat="23.418355090543628" lon="120.38868675939739">
        <ele>48.0</ele>
        <time>2022-12-04T01:09:11</time>
      </trkpt>
      <trkpt lat="23.418326005339622" lon="120.388672510162">
        <ele>48.0</ele>
        <time>2022-12-04T01:09:12</time>
      </trkpt>
      <trkpt lat="23.418215783312917" lon="120.38864602334797">
        <ele>50.0</ele>
        <time>2022-12-04T01:09:15</time>
      </trkpt>
      <trkpt lat="23.41817731037736" lon="120.38863219320774">
        <ele>50.0</ele>
        <time>2022-12-04T01:09:16</time>
      </trkpt>
      <trkpt lat="23.418036829680204" lon="120.38858550600708">
        <ele>51.0</ele>
        <time>2022-12-04T01:09:19</time>
      </trkpt>
      <trkpt lat="23.417881093919277" lon="120.38847478106618">
        <ele>52.0</ele>
        <time>2022-12-04T01:09:23</time>
      </trkpt>
      <trkpt lat="23.417742121964693" lon="120.3883804846555">
        <ele>53.0</ele>
        <time>2022-12-04T01:09:26</time>
      </trkpt>
      <trkpt lat="23.417444229125977" lon="120.38819038309157">
        <ele>53.0</ele>
        <time>2022-12-04T01:09:32</time>
      </trkpt>
      <trkpt lat="23.41702655889094" lon="120.3879349026829">
        <ele>52.0</ele>
        <time>2022-12-04T01:09:40</time>
      </trkpt>
      <trkpt lat="23.416564632207155" lon="120.38762544281781">
        <ele>51.0</ele>
        <time>2022-12-04T01:09:49</time>
      </trkpt>
      <trkpt lat="23.41651115566492" lon="120.38759258575737">
        <ele>51.0</ele>
        <time>2022-12-04T01:09:50</time>
      </trkpt>
      <trkpt lat="23.416174203157425" lon="120.38736082613468">
        <ele>50.0</ele>
        <time>2022-12-04T01:09:57</time>
      </trkpt>
      <trkpt lat="23.41590573079884" lon="120.38724389858544">
        <ele>50.0</ele>
        <time>2022-12-04T01:10:03</time>
      </trkpt>
      <trkpt lat="23.415806237608194" lon="120.38720131851733">
        <ele>50.0</ele>
        <time>2022-12-04T01:10:06</time>
      </trkpt>
      <trkpt lat="23.415730465203524" lon="120.38715404458344">
        <ele>50.0</ele>
        <time>2022-12-04T01:10:09</time>
      </trkpt>
      <trkpt lat="23.415625523775816" lon="120.38708170875907">
        <ele>51.0</ele>
        <time>2022-12-04T01:10:12</time>
      </trkpt>
      <trkpt lat="23.415583446621895" lon="120.38705606013536">
        <ele>51.0</ele>
        <time>2022-12-04T01:10:13</time>
      </trkpt>
      <trkpt lat="23.41553675942123" lon="120.38703066296875">
        <ele>51.0</ele>
        <time>2022-12-04T01:10:14</time>
      </trkpt>
      <trkpt lat="23.415151610970497" lon="120.3868103865534">
        <ele>51.0</ele>
        <time>2022-12-04T01:10:22</time>
      </trkpt>
      <trkpt lat="23.414990175515413" lon="120.38671701215208">
        <ele>51.0</ele>
        <time>2022-12-04T01:10:25</time>
      </trkpt>
      <trkpt lat="23.414825471118093" lon="120.38661835715175">
        <ele>51.0</ele>
        <time>2022-12-04T01:10:28</time>
      </trkpt>
      <trkpt lat="23.41471441090107" lon="120.38655046373606">
        <ele>51.0</ele>
        <time>2022-12-04T01:10:30</time>
      </trkpt>
      <trkpt lat="23.414277462288737" lon="120.38629280403256">
        <ele>51.0</ele>
        <time>2022-12-04T01:10:38</time>
      </trkpt>
      <trkpt lat="23.41422432102263" lon="120.38625969551504">
        <ele>51.0</ele>
        <time>2022-12-04T01:10:39</time>
      </trkpt>
      <trkpt lat="23.414116697385907" lon="120.38619817234576">
        <ele>51.0</ele>
        <time>2022-12-04T01:10:41</time>
      </trkpt>
      <trkpt lat="23.414062885567546" lon="120.38616699166596">
        <ele>51.0</ele>
        <time>2022-12-04T01:10:42</time>
      </trkpt>
      <trkpt lat="23.413845878094435" lon="120.38605526089668">
        <ele>51.0</ele>
        <time>2022-12-04T01:10:46</time>
      </trkpt>
      <trkpt lat="23.413696847856045" lon="120.3859559353441">
        <ele>51.0</ele>
        <time>2022-12-04T01:10:49</time>
      </trkpt>
      <trkpt lat="23.413601545616984" lon="120.38589449599385">
        <ele>51.0</ele>
        <time>2022-12-04T01:10:51</time>
      </trkpt>
      <trkpt lat="23.413421669974923" lon="120.38577924482524">
        <ele>51.0</ele>
        <time>2022-12-04T01:10:55</time>
      </trkpt>
      <trkpt lat="23.41310785152018" lon="120.38560766726732">
        <ele>51.0</ele>
        <time>2022-12-04T01:11:02</time>
      </trkpt>
      <trkpt lat="23.413010956719518" lon="120.38555963896215">
        <ele>51.0</ele>
        <time>2022-12-04T01:11:04</time>
      </trkpt>
      <trkpt lat="23.412736365571618" lon="120.38542175665498">
        <ele>51.0</ele>
        <time>2022-12-04T01:11:10</time>
      </trkpt>
      <trkpt lat="23.41269143857062" lon="120.38539501838386">
        <ele>51.0</ele>
        <time>2022-12-04T01:11:11</time>
      </trkpt>
      <trkpt lat="23.41250980272889" lon="120.38528689183295">
        <ele>52.0</ele>
        <time>2022-12-04T01:11:15</time>
      </trkpt>
      <trkpt lat="23.412335542961955" lon="120.3851704671979">
        <ele>52.0</ele>
        <time>2022-12-04T01:11:19</time>
      </trkpt>
      <trkpt lat="23.412291621789336" lon="120.38514104671776">
        <ele>52.0</ele>
        <time>2022-12-04T01:11:20</time>
      </trkpt>
      <trkpt lat="23.411947628483176" lon="120.38493468426168">
        <ele>52.0</ele>
        <time>2022-12-04T01:11:27</time>
      </trkpt>
      <trkpt lat="23.411696339026093" lon="120.38479093462229">
        <ele>53.0</ele>
        <time>2022-12-04T01:11:32</time>
      </trkpt>
      <trkpt lat="23.41150020249188" lon="120.38466906175017">
        <ele>53.0</ele>
        <time>2022-12-04T01:11:36</time>
      </trkpt>
      <trkpt lat="23.411451084539294" lon="120.38463955745101">
        <ele>53.0</ele>
        <time>2022-12-04T01:11:37</time>
      </trkpt>
      <trkpt lat="23.411350334063172" lon="120.38458088412881">
        <ele>53.0</ele>
        <time>2022-12-04T01:11:39</time>
      </trkpt>
      <trkpt lat="23.41121823526919" lon="120.3844947181642">
        <ele>53.0</ele>
        <time>2022-12-04T01:11:42</time>
      </trkpt>
      <trkpt lat="23.411130141466856" lon="120.38443713448942">
        <ele>53.0</ele>
        <time>2022-12-04T01:11:44</time>
      </trkpt>
      <trkpt lat="23.4110398683697" lon="120.38438114337623">
        <ele>54.0</ele>
        <time>2022-12-04T01:11:46</time>
      </trkpt>
      <trkpt lat="23.410994606092572" lon="120.38435448892415">
        <ele>54.0</ele>
        <time>2022-12-04T01:11:47</time>
      </trkpt>
      <trkpt lat="23.410811126232147" lon="120.38425239734352">
        <ele>54.0</ele>
        <time>2022-12-04T01:11:51</time>
      </trkpt>
      <trkpt lat="23.410717835649848" lon="120.38420436903834">
        <ele>54.0</ele>
        <time>2022-12-04T01:11:53</time>
      </trkpt>
      <trkpt lat="23.410671148449183" lon="120.38418131880462">
        <ele>54.0</ele>
        <time>2022-12-04T01:11:54</time>
      </trkpt>
      <trkpt lat="23.41049169190228" lon="120.38410060107708">
        <ele>54.0</ele>
        <time>2022-12-04T01:11:58</time>
      </trkpt>
      <trkpt lat="23.4102850779891" lon="120.38402223028243">
        <ele>54.0</ele>
        <time>2022-12-04T01:12:02</time>
      </trkpt>
      <trkpt lat="23.41023419983685" lon="120.38399834185839">
        <ele>54.0</ele>
        <time>2022-12-04T01:12:03</time>
      </trkpt>
      <trkpt lat="23.410070249810815" lon="120.38393447175622">
        <ele>55.0</ele>
        <time>2022-12-04T01:12:06</time>
      </trkpt>
      <trkpt lat="23.40980077162385" lon="120.38386129774153">
        <ele>55.0</ele>
        <time>2022-12-04T01:12:11</time>
      </trkpt>
      <trkpt lat="23.409688621759415" lon="120.38383112289011">
        <ele>55.0</ele>
        <time>2022-12-04T01:12:13</time>
      </trkpt>
      <trkpt lat="23.409239603206515" lon="120.38370983675122">
        <ele>55.0</ele>
        <time>2022-12-04T01:12:21</time>
      </trkpt>
      <trkpt lat="23.408949254080653" lon="120.38361520506442">
        <ele>55.0</ele>
        <time>2022-12-04T01:12:26</time>
      </trkpt>
      <trkpt lat="23.40867793187499" lon="120.38351378403604">
        <ele>55.0</ele>
        <time>2022-12-04T01:12:31</time>
      </trkpt>
      <trkpt lat="23.40840769931674" lon="120.38342376239598">
        <ele>55.0</ele>
        <time>2022-12-04T01:12:36</time>
      </trkpt>
      <trkpt lat="23.40830367989838" lon="120.38339115679264">
        <ele>55.0</ele>
        <time>2022-12-04T01:12:38</time>
      </trkpt>
      <trkpt lat="23.408146100118756" lon="120.38333499804139">
        <ele>55.0</ele>
        <time>2022-12-04T01:12:41</time>
      </trkpt>
      <trkpt lat="23.40792339295149" lon="120.38326861336827">
        <ele>55.0</ele>
        <time>2022-12-04T01:12:45</time>
      </trkpt>
      <trkpt lat="23.407868072390556" lon="120.38325528614223">
        <ele>55.0</ele>
        <time>2022-12-04T01:12:46</time>
      </trkpt>
      <trkpt lat="23.407562719658017" lon="120.38316048681736">
        <ele>56.0</ele>
        <time>2022-12-04T01:12:52</time>
      </trkpt>
      <trkpt lat="23.407461130991578" lon="120.38312989287078">
        <ele>56.0</ele>
        <time>2022-12-04T01:12:54</time>
      </trkpt>
      <trkpt lat="23.407293492928147" lon="120.3830754943192">
        <ele>56.0</ele>
        <time>2022-12-04T01:12:57</time>
      </trkpt>
      <trkpt lat="23.407236831262708" lon="120.383061747998">
        <ele>56.0</ele>
        <time>2022-12-04T01:12:58</time>
      </trkpt>
      <trkpt lat="23.407075982540846" lon="120.383011540398">
        <ele>56.0</ele>
        <time>2022-12-04T01:13:01</time>
      </trkpt>
      <trkpt lat="23.407025523483753" lon="120.38299553096294">
        <ele>56.0</ele>
        <time>2022-12-04T01:13:02</time>
      </trkpt>
      <trkpt lat="23.406573235988617" lon="120.38286351598799">
        <ele>56.0</ele>
        <time>2022-12-04T01:13:11</time>
      </trkpt>
      <trkpt lat="23.406367795541883" lon="120.38280350156128">
        <ele>55.0</ele>
        <time>2022-12-04T01:13:15</time>
      </trkpt>
      <trkpt lat="23.406156236305833" lon="120.3827456664294">
        <ele>54.0</ele>
        <time>2022-12-04T01:13:19</time>
      </trkpt>
      <trkpt lat="23.406054228544235" lon="120.38271071389318">
        <ele>54.0</ele>
        <time>2022-12-04T01:13:21</time>
      </trkpt>
      <trkpt lat="23.40569925494492" lon="120.3826003242284">
        <ele>53.0</ele>
        <time>2022-12-04T01:13:28</time>
      </trkpt>
      <trkpt lat="23.40548417530954" lon="120.38253536447883">
        <ele>52.0</ele>
        <time>2022-12-04T01:13:32</time>
      </trkpt>
      <trkpt lat="23.40543245896697" lon="120.38251390680671">
        <ele>52.0</ele>
        <time>2022-12-04T01:13:33</time>
      </trkpt>
      <trkpt lat="23.405315782874823" lon="120.38250636309385">
        <ele>52.0</ele>
        <time>2022-12-04T01:13:35</time>
      </trkpt>
      <trkpt lat="23.405260127037764" lon="120.3824969753623">
        <ele>52.0</ele>
        <time>2022-12-04T01:13:36</time>
      </trkpt>
      <trkpt lat="23.405203465372324" lon="120.38248557597399">
        <ele>52.0</ele>
        <time>2022-12-04T01:13:37</time>
      </trkpt>
      <trkpt lat="23.40481915511191" lon="120.38239463232458">
        <ele>51.0</ele>
        <time>2022-12-04T01:13:44</time>
      </trkpt>
      <trkpt lat="23.404765259474516" lon="120.38237879052758">
        <ele>51.0</ele>
        <time>2022-12-04T01:13:45</time>
      </trkpt>
      <trkpt lat="23.404709519818425" lon="120.38236470893025">
        <ele>51.0</ele>
        <time>2022-12-04T01:13:46</time>
      </trkpt>
      <trkpt lat="23.40465201996267" lon="120.38234995678067">
        <ele>50.0</ele>
        <time>2022-12-04T01:13:47</time>
      </trkpt>
      <trkpt lat="23.40426703915" lon="120.38223545998335">
        <ele>50.0</ele>
        <time>2022-12-04T01:13:54</time>
      </trkpt>
      <trkpt lat="23.403985407203436" lon="120.38216329179704">
        <ele>49.0</ele>
        <time>2022-12-04T01:13:59</time>
      </trkpt>
      <trkpt lat="23.403603108599782" lon="120.3820498008281">
        <ele>50.0</ele>
        <time>2022-12-04T01:14:06</time>
      </trkpt>
      <trkpt lat="23.403549045324326" lon="120.382031025365">
        <ele>51.0</ele>
        <time>2022-12-04T01:14:07</time>
      </trkpt>
      <trkpt lat="23.403438236564398" lon="120.38199892267585">
        <ele>52.0</ele>
        <time>2022-12-04T01:14:09</time>
      </trkpt>
      <trkpt lat="23.403326338157058" lon="120.3819668199867">
        <ele>54.0</ele>
        <time>2022-12-04T01:14:11</time>
      </trkpt>
      <trkpt lat="23.40321267955005" lon="120.38193446584046">
        <ele>55.0</ele>
        <time>2022-12-04T01:14:13</time>
      </trkpt>
      <trkpt lat="23.40293892659247" lon="120.38184653967619">
        <ele>56.0</ele>
        <time>2022-12-04T01:14:18</time>
      </trkpt>
      <trkpt lat="23.40271412394941" lon="120.38176741451025">
        <ele>56.0</ele>
        <time>2022-12-04T01:14:22</time>
      </trkpt>
      <trkpt lat="23.402603985741735" lon="120.38172810338438">
        <ele>56.0</ele>
        <time>2022-12-04T01:14:24</time>
      </trkpt>
      <trkpt lat="23.402436347678304" lon="120.3816615510732">
        <ele>55.0</ele>
        <time>2022-12-04T01:14:27</time>
      </trkpt>
      <trkpt lat="23.402379602193832" lon="120.38163816556334">
        <ele>55.0</ele>
        <time>2022-12-04T01:14:28</time>
      </trkpt>
      <trkpt lat="23.402216657996178" lon="120.38156474009156">
        <ele>55.0</ele>
        <time>2022-12-04T01:14:31</time>
      </trkpt>
      <trkpt lat="23.402162929996848" lon="120.38153884001076">
        <ele>55.0</ele>
        <time>2022-12-04T01:14:32</time>
      </trkpt>
      <trkpt lat="23.402057318016887" lon="120.38148083724082">
        <ele>55.0</ele>
        <time>2022-12-04T01:14:34</time>
      </trkpt>
      <trkpt lat="23.40174375101924" lon="120.38130272179842">
        <ele>55.0</ele>
        <time>2022-12-04T01:14:40</time>
      </trkpt>
      <trkpt lat="23.40169144794345" lon="120.38127380423248">
        <ele>55.0</ele>
        <time>2022-12-04T01:14:41</time>
      </trkpt>
      <trkpt lat="23.401322308927774" lon="120.38106014952064">
        <ele>54.0</ele>
        <time>2022-12-04T01:14:48</time>
      </trkpt>
      <trkpt lat="23.401110833510756" lon="120.38093014620245">
        <ele>54.0</ele>
        <time>2022-12-04T01:14:52</time>
      </trkpt>
      <trkpt lat="23.400742867961526" lon="120.38070039823651">
        <ele>53.0</ele>
        <time>2022-12-04T01:14:59</time>
      </trkpt>
      <trkpt lat="23.40069316327572" lon="120.38066871464252">
        <ele>53.0</ele>
        <time>2022-12-04T01:15:00</time>
      </trkpt>
      <trkpt lat="23.400539020076394" lon="120.38057575933635">
        <ele>53.0</ele>
        <time>2022-12-04T01:15:03</time>
      </trkpt>
      <trkpt lat="23.400294687598944" lon="120.3804233763367">
        <ele>52.0</ele>
        <time>2022-12-04T01:15:08</time>
      </trkpt>
      <trkpt lat="23.400246994569898" lon="120.38039278239012">
        <ele>52.0</ele>
        <time>2022-12-04T01:15:09</time>
      </trkpt>
      <trkpt lat="23.40010148473084" lon="120.38029219955206">
        <ele>52.0</ele>
        <time>2022-12-04T01:15:12</time>
      </trkpt>
      <trkpt lat="23.399995621293783" lon="120.38022900000215">
        <ele>51.0</ele>
        <time>2022-12-04T01:15:14</time>
      </trkpt>
      <trkpt lat="23.39979470707476" lon="120.38009136915207">
        <ele>51.0</ele>
        <time>2022-12-04T01:15:18</time>
      </trkpt>
      <trkpt lat="23.399524306878448" lon="120.37993504665792">
        <ele>50.0</ele>
        <time>2022-12-04T01:15:23</time>
      </trkpt>
      <trkpt lat="23.399414084851742" lon="120.37988316267729">
        <ele>50.0</ele>
        <time>2022-12-04T01:15:25</time>
      </trkpt>
      <trkpt lat="23.39925667271018" lon="120.37980202585459">
        <ele>49.0</ele>
        <time>2022-12-04T01:15:27</time>
      </trkpt>
      <trkpt lat="23.398965736851096" lon="120.3796307835728">
        <ele>49.0</ele>
        <time>2022-12-04T01:15:34</time>
      </trkpt>
      <trkpt lat="23.398864483460784" lon="120.37956867367029">
        <ele>49.0</ele>
        <time>2022-12-04T01:15:36</time>
      </trkpt>
      <trkpt lat="23.398593328893185" lon="120.37942299619317">
        <ele>50.0</ele>
        <time>2022-12-04T01:15:41</time>
      </trkpt>
      <trkpt lat="23.398431222885847" lon="120.37933993153274">
        <ele>51.0</ele>
        <time>2022-12-04T01:15:44</time>
      </trkpt>
      <trkpt lat="23.398385792970657" lon="120.37930740974844">
        <ele>51.0</ele>
        <time>2022-12-04T01:15:45</time>
      </trkpt>
      <trkpt lat="23.39814648963511" lon="120.37918746471405">
        <ele>52.0</ele>
        <time>2022-12-04T01:15:50</time>
      </trkpt>
      <trkpt lat="23.3980053383857" lon="120.37913734093308">
        <ele>53.0</ele>
        <time>2022-12-04T01:15:53</time>
      </trkpt>
      <trkpt lat="23.39795596897602" lon="120.37912367843091">
        <ele>53.0</ele>
        <time>2022-12-04T01:15:54</time>
      </trkpt>
      <trkpt lat="23.397559924051166" lon="120.37903717719018">
        <ele>54.0</ele>
        <time>2022-12-04T01:16:01</time>
      </trkpt>
      <trkpt lat="23.397439559921622" lon="120.37902041338384">
        <ele>54.0</ele>
        <time>2022-12-04T01:16:03</time>
      </trkpt>
      <trkpt lat="23.39737988077104" lon="120.37901538424194">
        <ele>54.0</ele>
        <time>2022-12-04T01:16:04</time>
      </trkpt>
      <trkpt lat="23.397317938506603" lon="120.37901194766164">
        <ele>54.0</ele>
        <time>2022-12-04T01:16:05</time>
      </trkpt>
      <trkpt lat="23.397257924079895" lon="120.3790121152997">
        <ele>55.0</ele>
        <time>2022-12-04T01:16:06</time>
      </trkpt>
      <trkpt lat="23.397198412567377" lon="120.379010271281">
        <ele>55.0</ele>
        <time>2022-12-04T01:16:07</time>
      </trkpt>
      <trkpt lat="23.397142589092255" lon="120.37900691851974">
        <ele>55.0</ele>
        <time>2022-12-04T01:16:08</time>
      </trkpt>
      <trkpt lat="23.397086346521974" lon="120.37900716997683">
        <ele>55.0</ele>
        <time>2022-12-04T01:16:09</time>
      </trkpt>
      <trkpt lat="23.39702943339944" lon="120.37900934927166">
        <ele>55.0</ele>
        <time>2022-12-04T01:16:10</time>
      </trkpt>
      <trkpt lat="23.396972101181746" lon="120.37901605479419">
        <ele>55.0</ele>
        <time>2022-12-04T01:16:11</time>
      </trkpt>
      <trkpt lat="23.396914433687925" lon="120.37902443669736">
        <ele>55.0</ele>
        <time>2022-12-04T01:16:12</time>
      </trkpt>
      <trkpt lat="23.396799433976412" lon="120.3790448885411">
        <ele>55.0</ele>
        <time>2022-12-04T01:16:14</time>
      </trkpt>
      <trkpt lat="23.396678818389773" lon="120.37907003425062">
        <ele>55.0</ele>
        <time>2022-12-04T01:16:16</time>
      </trkpt>
      <trkpt lat="23.39648662135005" lon="120.37910465151072">
        <ele>55.0</ele>
        <time>2022-12-04T01:16:19</time>
      </trkpt>
      <trkpt lat="23.39616903103888" lon="120.37916634231806">
        <ele>55.0</ele>
        <time>2022-12-04T01:16:24</time>
      </trkpt>
      <trkpt lat="23.396046152338386" lon="120.37919215857983">
        <ele>55.0</ele>
        <time>2022-12-04T01:16:26</time>
      </trkpt>
      <trkpt lat="23.395708445459604" lon="120.37927103228867">
        <ele>55.0</ele>
        <time>2022-12-04T01:16:32</time>
      </trkpt>
      <trkpt lat="23.39565211907029" lon="120.3792853653431">
        <ele>55.0</ele>
        <time>2022-12-04T01:16:33</time>
      </trkpt>
      <trkpt lat="23.395543824881315" lon="120.37929802201688">
        <ele>56.0</ele>
        <time>2022-12-04T01:16:35</time>
      </trkpt>
      <trkpt lat="23.39533151127398" lon="120.37931118160486">
        <ele>56.0</ele>
        <time>2022-12-04T01:16:39</time>
      </trkpt>
      <trkpt lat="23.39522455818951" lon="120.3793057333678">
        <ele>56.0</ele>
        <time>2022-12-04T01:16:41</time>
      </trkpt>
      <trkpt lat="23.395170578733087" lon="120.37930397316813">
        <ele>56.0</ele>
        <time>2022-12-04T01:16:42</time>
      </trkpt>
      <trkpt lat="23.394862627610564" lon="120.37929399870336">
        <ele>57.0</ele>
        <time>2022-12-04T01:16:48</time>
      </trkpt>
      <trkpt lat="23.39461175724864" lon="120.37924286909401">
        <ele>57.0</ele>
        <time>2022-12-04T01:16:53</time>
      </trkpt>
      <trkpt lat="23.3945170417428" lon="120.37921520881355">
        <ele>58.0</ele>
        <time>2022-12-04T01:16:55</time>
      </trkpt>
      <trkpt lat="23.394151255488396" lon="120.3790723811835">
        <ele>58.0</ele>
        <time>2022-12-04T01:17:03</time>
      </trkpt>
      <trkpt lat="23.393800389021635" lon="120.37886258214712">
        <ele>58.0</ele>
        <time>2022-12-04T01:17:11</time>
      </trkpt>
      <trkpt lat="23.393718330189586" lon="120.37880374118686">
        <ele>58.0</ele>
        <time>2022-12-04T01:17:13</time>
      </trkpt>
      <trkpt lat="23.393678599968553" lon="120.37877297960222">
        <ele>58.0</ele>
        <time>2022-12-04T01:17:14</time>
      </trkpt>
      <trkpt lat="23.393512973561883" lon="120.37866175174713">
        <ele>59.0</ele>
        <time>2022-12-04T01:17:18</time>
      </trkpt>
      <trkpt lat="23.393225725740194" lon="120.37844524718821">
        <ele>59.0</ele>
        <time>2022-12-04T01:17:25</time>
      </trkpt>
      <trkpt lat="23.39304626919329" lon="120.37831935100257">
        <ele>59.0</ele>
        <time>2022-12-04T01:17:29</time>
      </trkpt>
      <trkpt lat="23.392862202599645" lon="120.3781904373318">
        <ele>59.0</ele>
        <time>2022-12-04T01:17:33</time>
      </trkpt>
      <trkpt lat="23.392579816281796" lon="120.37800142541528">
        <ele>58.0</ele>
        <time>2022-12-04T01:17:39</time>
      </trkpt>
      <trkpt lat="23.392483089119196" lon="120.37793705239892">
        <ele>58.0</ele>
        <time>2022-12-04T01:17:41</time>
      </trkpt>
      <trkpt lat="23.392299357801676" lon="120.37780612707138">
        <ele>58.0</ele>
        <time>2022-12-04T01:17:45</time>
      </trkpt>
      <trkpt lat="23.392158458009362" lon="120.37770143710077">
        <ele>57.0</ele>
        <time>2022-12-04T01:17:48</time>
      </trkpt>
      <trkpt lat="23.392113195732236" lon="120.37766732275486">
        <ele>57.0</ele>
        <time>2022-12-04T01:17:49</time>
      </trkpt>
      <trkpt lat="23.391984282061458" lon="120.37756732665002">
        <ele>56.0</ele>
        <time>2022-12-04T01:17:52</time>
      </trkpt>
      <trkpt lat="23.391944048926234" lon="120.37753874436021">
        <ele>56.0</ele>
        <time>2022-12-04T01:17:53</time>
      </trkpt>
      <trkpt lat="23.391818571835756" lon="120.3774491418153">
        <ele>55.0</ele>
        <time>2022-12-04T01:17:56</time>
      </trkpt>
      <trkpt lat="23.391582621261477" lon="120.3772799950093">
        <ele>54.0</ele>
        <time>2022-12-04T01:18:02</time>
      </trkpt>
      <trkpt lat="23.391507770866156" lon="120.37722693756223">
        <ele>54.0</ele>
        <time>2022-12-04T01:18:04</time>
      </trkpt>
      <trkpt lat="23.39146837592125" lon="120.37720011547208">
        <ele>53.0</ele>
        <time>2022-12-04T01:18:05</time>
      </trkpt>
      <trkpt lat="23.391428478062153" lon="120.37717170082033">
        <ele>53.0</ele>
        <time>2022-12-04T01:18:06</time>
      </trkpt>
      <trkpt lat="23.39138774201274" lon="120.37714152596891">
        <ele>53.0</ele>
        <time>2022-12-04T01:18:07</time>
      </trkpt>
      <trkpt lat="23.391175093129277" lon="120.37699199281633">
        <ele>53.0</ele>
        <time>2022-12-04T01:18:12</time>
      </trkpt>
      <trkpt lat="23.390998737886548" lon="120.37685696035624">
        <ele>52.0</ele>
        <time>2022-12-04T01:18:16</time>
      </trkpt>
      <trkpt lat="23.390909554436803" lon="120.37679376080632">
        <ele>52.0</ele>
        <time>2022-12-04T01:18:18</time>
      </trkpt>
      <trkpt lat="23.39082783088088" lon="120.37673190236092">
        <ele>52.0</ele>
        <time>2022-12-04T01:18:20</time>
      </trkpt>
      <trkpt lat="23.390430277213454" lon="120.37646594457328">
        <ele>51.0</ele>
        <time>2022-12-04T01:18:29</time>
      </trkpt>
      <trkpt lat="23.39038367383182" lon="120.3764356020838">
        <ele>51.0</ele>
        <time>2022-12-04T01:18:30</time>
      </trkpt>
      <trkpt lat="23.390144370496273" lon="120.3762682992965">
        <ele>50.0</ele>
        <time>2022-12-04T01:18:35</time>
      </trkpt>
      <trkpt lat="23.390096677467227" lon="120.37623452022672">
        <ele>50.0</ele>
        <time>2022-12-04T01:18:36</time>
      </trkpt>
      <trkpt lat="23.38979140855372" lon="120.37604173645377">
        <ele>50.0</ele>
        <time>2022-12-04T01:18:42</time>
      </trkpt>
      <trkpt lat="23.389645731076598" lon="120.37594517692924">
        <ele>50.0</ele>
        <time>2022-12-04T01:18:45</time>
      </trkpt>
      <trkpt lat="23.389462251216173" lon="120.37581198848784">
        <ele>50.0</ele>
        <time>2022-12-04T01:18:49</time>
      </trkpt>
      <trkpt lat="23.389335684478283" lon="120.37571853026748">
        <ele>50.0</ele>
        <time>2022-12-04T01:18:52</time>
      </trkpt>
      <trkpt lat="23.389170560985804" lon="120.375582491979">
        <ele>50.0</ele>
        <time>2022-12-04T01:18:56</time>
      </trkpt>
      <trkpt lat="23.389127142727375" lon="120.37555382587016">
        <ele>50.0</ele>
        <time>2022-12-04T01:18:57</time>
      </trkpt>
      <trkpt lat="23.388953637331724" lon="120.37543756887317">
        <ele>49.0</ele>
        <time>2022-12-04T01:19:01</time>
      </trkpt>
      <trkpt lat="23.388779880478978" lon="120.37531569600105">
        <ele>49.0</ele>
        <time>2022-12-04T01:19:05</time>
      </trkpt>
      <trkpt lat="23.388570081442595" lon="120.37514286115766">
        <ele>48.0</ele>
        <time>2022-12-04T01:19:10</time>
      </trkpt>
      <trkpt lat="23.388241762295365" lon="120.37490095943213">
        <ele>48.0</ele>
        <time>2022-12-04T01:19:17</time>
      </trkpt>
      <trkpt lat="23.388195326551795" lon="120.37486407905817">
        <ele>48.0</ele>
        <time>2022-12-04T01:19:18</time>
      </trkpt>
      <trkpt lat="23.38810270652175" lon="120.37479694001377">
        <ele>48.0</ele>
        <time>2022-12-04T01:19:20</time>
      </trkpt>
      <trkpt lat="23.387719905003905" lon="120.37452754564583">
        <ele>48.0</ele>
        <time>2022-12-04T01:19:28</time>
      </trkpt>
      <trkpt lat="23.387455120682716" lon="120.3743411321193">
        <ele>48.0</ele>
        <time>2022-12-04T01:19:34</time>
      </trkpt>
      <trkpt lat="23.38737222366035" lon="120.37427600473166">
        <ele>48.0</ele>
        <time>2022-12-04T01:19:36</time>
      </trkpt>
      <trkpt lat="23.387238699942827" lon="120.37418087013066">
        <ele>48.0</ele>
        <time>2022-12-04T01:19:39</time>
      </trkpt>
      <trkpt lat="23.38710634969175" lon="120.37409118376672">
        <ele>48.0</ele>
        <time>2022-12-04T01:19:42</time>
      </trkpt>
      <trkpt lat="23.387019764631987" lon="120.37402999587357">
        <ele>48.0</ele>
        <time>2022-12-04T01:19:44</time>
      </trkpt>
      <trkpt lat="23.386976765468717" lon="120.37399881519377">
        <ele>48.0</ele>
        <time>2022-12-04T01:19:45</time>
      </trkpt>
      <trkpt lat="23.386889342218637" lon="120.37393569946289">
        <ele>48.0</ele>
        <time>2022-12-04T01:19:47</time>
      </trkpt>
      <trkpt lat="23.386708796024323" lon="120.37383411079645">
        <ele>48.0</ele>
        <time>2022-12-04T01:19:51</time>
      </trkpt>
      <trkpt lat="23.38657041080296" lon="120.37374165840447">
        <ele>49.0</ele>
        <time>2022-12-04T01:19:54</time>
      </trkpt>
      <trkpt lat="23.386433199048042" lon="120.37364208139479">
        <ele>50.0</ele>
        <time>2022-12-04T01:19:57</time>
      </trkpt>
      <trkpt lat="23.386386847123504" lon="120.37360930815339">
        <ele>50.0</ele>
        <time>2022-12-04T01:19:58</time>
      </trkpt>
      <trkpt lat="23.386207642033696" lon="120.37347603589296">
        <ele>50.0</ele>
        <time>2022-12-04T01:20:02</time>
      </trkpt>
      <trkpt lat="23.385942773893476" lon="120.37326984107494">
        <ele>50.0</ele>
        <time>2022-12-04T01:20:08</time>
      </trkpt>
      <trkpt lat="23.38563029654324" lon="120.37305174395442">
        <ele>49.0</ele>
        <time>2022-12-04T01:20:15</time>
      </trkpt>
      <trkpt lat="23.385539101436734" lon="120.37298753857613">
        <ele>48.0</ele>
        <time>2022-12-04T01:20:17</time>
      </trkpt>
      <trkpt lat="23.385122939944267" lon="120.37269718945026">
        <ele>48.0</ele>
        <time>2022-12-04T01:20:26</time>
      </trkpt>
      <trkpt lat="23.38507658801973" lon="120.37266475148499">
        <ele>48.0</ele>
        <time>2022-12-04T01:20:27</time>
      </trkpt>
      <trkpt lat="23.384615667164326" lon="120.37232696078718">
        <ele>48.0</ele>
        <time>2022-12-04T01:20:37</time>
      </trkpt>
      <trkpt lat="23.384210485965014" lon="120.37203107960522">
        <ele>48.0</ele>
        <time>2022-12-04T01:20:46</time>
      </trkpt>
      <trkpt lat="23.383871354162693" lon="120.3717799577862">
        <ele>48.0</ele>
        <time>2022-12-04T01:20:54</time>
      </trkpt>
      <trkpt lat="23.383766496554017" lon="120.37169605493546">
        <ele>49.0</ele>
        <time>2022-12-04T01:20:57</time>
      </trkpt>
      <trkpt lat="23.383641773834825" lon="120.37159102968872">
        <ele>50.0</ele>
        <time>2022-12-04T01:21:01</time>
      </trkpt>
      <trkpt lat="23.383611598983407" lon="120.37156705744565">
        <ele>50.0</ele>
        <time>2022-12-04T01:21:02</time>
      </trkpt>
      <trkpt lat="23.383498527109623" lon="120.37148457951844">
        <ele>51.0</ele>
        <time>2022-12-04T01:21:07</time>
      </trkpt>
      <trkpt lat="23.38349207304418" lon="120.37146865390241">
        <ele>50.0</ele>
        <time>2022-12-04T01:21:13</time>
      </trkpt>
      <trkpt lat="23.383474303409457" lon="120.3714585956186">
        <ele>50.0</ele>
        <time>2022-12-04T01:21:20</time>
      </trkpt>
      <trkpt lat="23.383463071659207" lon="120.37145189009607">
        <ele>50.0</ele>
        <time>2022-12-04T01:21:21</time>
      </trkpt>
      <trkpt lat="23.38336257264018" lon="120.37141819484532">
        <ele>50.0</ele>
        <time>2022-12-04T01:21:25</time>
      </trkpt>
      <trkpt lat="23.383334577083588" lon="120.37140226922929">
        <ele>50.0</ele>
        <time>2022-12-04T01:21:26</time>
      </trkpt>
      <trkpt lat="23.383213290944695" lon="120.37132071331143">
        <ele>49.0</ele>
        <time>2022-12-04T01:21:30</time>
      </trkpt>
      <trkpt lat="23.383125280961394" lon="120.37125499919057">
        <ele>49.0</ele>
        <time>2022-12-04T01:21:33</time>
      </trkpt>
      <trkpt lat="23.382906345650554" lon="120.37109582684934">
        <ele>49.0</ele>
        <time>2022-12-04T01:21:39</time>
      </trkpt>
      <trkpt lat="23.382865777239203" lon="120.37107185460627">
        <ele>49.0</ele>
        <time>2022-12-04T01:21:40</time>
      </trkpt>
      <trkpt lat="23.38267399929464" lon="120.37095199339092">
        <ele>50.0</ele>
        <time>2022-12-04T01:21:45</time>
      </trkpt>
      <trkpt lat="23.382516000419855" lon="120.37084260955453">
        <ele>51.0</ele>
        <time>2022-12-04T01:21:48</time>
      </trkpt>
      <trkpt lat="23.382474593818188" lon="120.37081117741764">
        <ele>51.0</ele>
        <time>2022-12-04T01:21:49</time>
      </trkpt>
      <trkpt lat="23.382348446175456" lon="120.37072509527206">
        <ele>52.0</ele>
        <time>2022-12-04T01:21:53</time>
      </trkpt>
      <trkpt lat="23.382267728447914" lon="120.37067145109177">
        <ele>52.0</ele>
        <time>2022-12-04T01:21:55</time>
      </trkpt>
      <trkpt lat="23.382188184186816" lon="120.37061277776957">
        <ele>52.0</ele>
        <time>2022-12-04T01:21:57</time>
      </trkpt>
      <trkpt lat="23.38215029798448" lon="120.37058210000396">
        <ele>52.0</ele>
        <time>2022-12-04T01:21:58</time>
      </trkpt>
      <trkpt lat="23.382109981030226" lon="120.37055100314319">
        <ele>52.0</ele>
        <time>2022-12-04T01:21:59</time>
      </trkpt>
      <trkpt lat="23.381864307448268" lon="120.3703533578664">
        <ele>53.0</ele>
        <time>2022-12-04T01:22:05</time>
      </trkpt>
      <trkpt lat="23.38182340376079" lon="120.37032175809145">
        <ele>53.0</ele>
        <time>2022-12-04T01:22:06</time>
      </trkpt>
      <trkpt lat="23.381650233641267" lon="120.37019577808678">
        <ele>53.0</ele>
        <time>2022-12-04T01:22:10</time>
      </trkpt>
      <trkpt lat="23.381520062685013" lon="120.37009754218161">
        <ele>53.0</ele>
        <time>2022-12-04T01:22:13</time>
      </trkpt>
      <trkpt lat="23.38143196888268" lon="120.37002830766141">
        <ele>53.0</ele>
        <time>2022-12-04T01:22:15</time>
      </trkpt>
      <trkpt lat="23.381305234506726" lon="120.36993644200265">
        <ele>53.0</ele>
        <time>2022-12-04T01:22:18</time>
      </trkpt>
      <trkpt lat="23.381262151524425" lon="120.36990534514189">
        <ele>53.0</ele>
        <time>2022-12-04T01:22:19</time>
      </trkpt>
      <trkpt lat="23.38108696974814" lon="120.36977819167078">
        <ele>53.0</ele>
        <time>2022-12-04T01:22:23</time>
      </trkpt>
      <trkpt lat="23.380614398047328" lon="120.36944283172488">
        <ele>54.0</ele>
        <time>2022-12-04T01:22:33</time>
      </trkpt>
      <trkpt lat="23.38038087822497" lon="120.36928516812623">
        <ele>54.0</ele>
        <time>2022-12-04T01:22:38</time>
      </trkpt>
      <trkpt lat="23.380242493003607" lon="120.36918751895428">
        <ele>54.0</ele>
        <time>2022-12-04T01:22:41</time>
      </trkpt>
      <trkpt lat="23.38014735840261" lon="120.36912398412824">
        <ele>54.0</ele>
        <time>2022-12-04T01:22:43</time>
      </trkpt>
      <trkpt lat="23.37991383858025" lon="120.36896263249218">
        <ele>54.0</ele>
        <time>2022-12-04T01:22:48</time>
      </trkpt>
      <trkpt lat="23.37977461516857" lon="120.36886037327349">
        <ele>54.0</ele>
        <time>2022-12-04T01:22:51</time>
      </trkpt>
      <trkpt lat="23.379535395652056" lon="120.36868443712592">
        <ele>54.0</ele>
        <time>2022-12-04T01:22:56</time>
      </trkpt>
      <trkpt lat="23.379487870261073" lon="120.36865174770355">
        <ele>54.0</ele>
        <time>2022-12-04T01:22:57</time>
      </trkpt>
      <trkpt lat="23.37939298711717" lon="120.36858301609755">
        <ele>54.0</ele>
        <time>2022-12-04T01:22:59</time>
      </trkpt>
      <trkpt lat="23.379300702363253" lon="120.3685162961483">
        <ele>54.0</ele>
        <time>2022-12-04T01:23:01</time>
      </trkpt>
      <trkpt lat="23.37897556833923" lon="120.36828646436334">
        <ele>53.0</ele>
        <time>2022-12-04T01:23:08</time>
      </trkpt>
      <trkpt lat="23.37887498550117" lon="120.36821312271059">
        <ele>53.0</ele>
        <time>2022-12-04T01:23:10</time>
      </trkpt>
      <trkpt lat="23.378636687994003" lon="120.36805889569223">
        <ele>52.0</ele>
        <time>2022-12-04T01:23:15</time>
      </trkpt>
      <trkpt lat="23.378448514267802" lon="120.36793098784983">
        <ele>51.0</ele>
        <time>2022-12-04T01:23:19</time>
      </trkpt>
      <trkpt lat="23.378354804590344" lon="120.36786837503314">
        <ele>51.0</ele>
        <time>2022-12-04T01:23:21</time>
      </trkpt>
      <trkpt lat="23.37821918539703" lon="120.36777114495635">
        <ele>51.0</ele>
        <time>2022-12-04T01:23:24</time>
      </trkpt>
      <trkpt lat="23.377992874011397" lon="120.36759722046554">
        <ele>51.0</ele>
        <time>2022-12-04T01:23:29</time>
      </trkpt>
      <trkpt lat="23.377812830731273" lon="120.36746193654835">
        <ele>50.0</ele>
        <time>2022-12-04T01:23:33</time>
      </trkpt>
      <trkpt lat="23.37767050601542" lon="120.36736219190061">
        <ele>51.0</ele>
        <time>2022-12-04T01:23:36</time>
      </trkpt>
      <trkpt lat="23.37762256152928" lon="120.36732740700245">
        <ele>51.0</ele>
        <time>2022-12-04T01:23:37</time>
      </trkpt>
      <trkpt lat="23.377528097480536" lon="120.36725616082549">
        <ele>53.0</ele>
        <time>2022-12-04T01:23:39</time>
      </trkpt>
      <trkpt lat="23.377427347004414" lon="120.36718575283885">
        <ele>54.0</ele>
        <time>2022-12-04T01:23:41</time>
      </trkpt>
      <trkpt lat="23.377277394756675" lon="120.36708257161081">
        <ele>55.0</ele>
        <time>2022-12-04T01:23:44</time>
      </trkpt>
      <trkpt lat="23.37718242779374" lon="120.36701694130898">
        <ele>56.0</ele>
        <time>2022-12-04T01:23:46</time>
      </trkpt>
      <trkpt lat="23.3770895563066" lon="120.3669480420649">
        <ele>56.0</ele>
        <time>2022-12-04T01:23:48</time>
      </trkpt>
      <trkpt lat="23.376805493608117" lon="120.36674327217042">
        <ele>56.0</ele>
        <time>2022-12-04T01:23:54</time>
      </trkpt>
      <trkpt lat="23.376559400931" lon="120.366565072909">
        <ele>55.0</ele>
        <time>2022-12-04T01:23:59</time>
      </trkpt>
      <trkpt lat="23.376362677663565" lon="120.36641771905124">
        <ele>54.0</ele>
        <time>2022-12-04T01:24:03</time>
      </trkpt>
      <trkpt lat="23.375948360189795" lon="120.36611504852772">
        <ele>53.0</ele>
        <time>2022-12-04T01:24:11</time>
      </trkpt>
      <trkpt lat="23.375750295817852" lon="120.36597020924091">
        <ele>53.0</ele>
        <time>2022-12-04T01:24:15</time>
      </trkpt>
      <trkpt lat="23.375291638076305" lon="120.36563945934176">
        <ele>52.0</ele>
        <time>2022-12-04T01:24:24</time>
      </trkpt>
      <trkpt lat="23.37499433197081" lon="120.36542655900121">
        <ele>52.0</ele>
        <time>2022-12-04T01:24:30</time>
      </trkpt>
      <trkpt lat="23.37484823539853" lon="120.36532262340188">
        <ele>52.0</ele>
        <time>2022-12-04T01:24:33</time>
      </trkpt>
      <trkpt lat="23.374653356149793" lon="120.36517937667668">
        <ele>52.0</ele>
        <time>2022-12-04T01:24:37</time>
      </trkpt>
      <trkpt lat="23.374447664245963" lon="120.36504342220724">
        <ele>52.0</ele>
        <time>2022-12-04T01:24:41</time>
      </trkpt>
      <trkpt lat="23.37439578026533" lon="120.36501048132777">
        <ele>52.0</ele>
        <time>2022-12-04T01:24:42</time>
      </trkpt>
      <trkpt lat="23.37403795681894" lon="120.3647655621171">
        <ele>51.0</ele>
        <time>2022-12-04T01:24:49</time>
      </trkpt>
      <trkpt lat="23.3738880045712" lon="120.36465793848038">
        <ele>52.0</ele>
        <time>2022-12-04T01:24:52</time>
      </trkpt>
      <trkpt lat="23.373600924387574" lon="120.36446222104132">
        <ele>52.0</ele>
        <time>2022-12-04T01:24:58</time>
      </trkpt>
      <trkpt lat="23.37330856360495" lon="120.36424680612981">
        <ele>53.0</ele>
        <time>2022-12-04T01:25:05</time>
      </trkpt>
      <trkpt lat="23.37318979203701" lon="120.36416332237422">
        <ele>54.0</ele>
        <time>2022-12-04T01:25:08</time>
      </trkpt>
      <trkpt lat="23.37310035713017" lon="120.36409475840628">
        <ele>54.0</ele>
        <time>2022-12-04T01:25:11</time>
      </trkpt>
      <trkpt lat="23.373037073761225" lon="120.36404346115887">
        <ele>54.0</ele>
        <time>2022-12-04T01:25:13</time>
      </trkpt>
      <trkpt lat="23.37297144345939" lon="120.36399794742465">
        <ele>55.0</ele>
        <time>2022-12-04T01:25:15</time>
      </trkpt>
      <trkpt lat="23.37283506989479" lon="120.36389334127307">
        <ele>56.0</ele>
        <time>2022-12-04T01:25:20</time>
      </trkpt>
      <trkpt lat="23.372718058526516" lon="120.36381010897458">
        <ele>57.0</ele>
        <time>2022-12-04T01:25:25</time>
      </trkpt>
      <trkpt lat="23.37265335023403" lon="120.36375612951815">
        <ele>58.0</ele>
        <time>2022-12-04T01:25:28</time>
      </trkpt>
      <trkpt lat="23.372449334710836" lon="120.36364364437759">
        <ele>59.0</ele>
        <time>2022-12-04T01:25:36</time>
      </trkpt>
      <trkpt lat="23.372422512620687" lon="120.36363450810313">
        <ele>59.0</ele>
        <time>2022-12-04T01:25:37</time>
      </trkpt>
      <trkpt lat="23.372367778792977" lon="120.3636172413826">
        <ele>59.0</ele>
        <time>2022-12-04T01:25:39</time>
      </trkpt>
      <trkpt lat="23.372253868728876" lon="120.36358530633152">
        <ele>59.0</ele>
        <time>2022-12-04T01:25:43</time>
      </trkpt>
      <trkpt lat="23.372226795181632" lon="120.36357667297125">
        <ele>59.0</ele>
        <time>2022-12-04T01:25:44</time>
      </trkpt>
      <trkpt lat="23.372199051082134" lon="120.36356753669679">
        <ele>59.0</ele>
        <time>2022-12-04T01:25:45</time>
      </trkpt>
      <trkpt lat="23.372058989480138" lon="120.36353669129312">
        <ele>58.0</ele>
        <time>2022-12-04T01:25:50</time>
      </trkpt>
      <trkpt lat="23.371850615367293" lon="120.36353333853185">
        <ele>58.0</ele>
        <time>2022-12-04T01:25:56</time>
      </trkpt>
      <trkpt lat="23.371812645345926" lon="120.36353694275022">
        <ele>58.0</ele>
        <time>2022-12-04T01:25:57</time>
      </trkpt>
      <trkpt lat="23.371736872941256" lon="120.36353878676891">
        <ele>57.0</ele>
        <time>2022-12-04T01:25:59</time>
      </trkpt>
      <trkpt lat="23.371660765260458" lon="120.36353358998895">
        <ele>57.0</ele>
        <time>2022-12-04T01:26:01</time>
      </trkpt>
      <trkpt lat="23.37158214300871" lon="120.36353778094053">
        <ele>57.0</ele>
        <time>2022-12-04T01:26:03</time>
      </trkpt>
      <trkpt lat="23.371499748900533" lon="120.36353543400764">
        <ele>56.0</ele>
        <time>2022-12-04T01:26:05</time>
      </trkpt>
      <trkpt lat="23.371459767222404" lon="120.36353392526507">
        <ele>56.0</ele>
        <time>2022-12-04T01:26:06</time>
      </trkpt>
      <trkpt lat="23.37133009918034" lon="120.36353325471282">
        <ele>56.0</ele>
        <time>2022-12-04T01:26:09</time>
      </trkpt>
      <trkpt lat="23.37124007754028" lon="120.36353342235088">
        <ele>55.0</ele>
        <time>2022-12-04T01:26:11</time>
      </trkpt>
      <trkpt lat="23.371045365929604" lon="120.363536356017">
        <ele>54.0</ele>
        <time>2022-12-04T01:26:15</time>
      </trkpt>
      <trkpt lat="23.370993565768003" lon="120.36353887058794">
        <ele>54.0</ele>
        <time>2022-12-04T01:26:16</time>
      </trkpt>
      <trkpt lat="23.370887534692883" lon="120.3635413851589">
        <ele>54.0</ele>
        <time>2022-12-04T01:26:18</time>
      </trkpt>
      <trkpt lat="23.37071042507887" lon="120.363531075418">
        <ele>54.0</ele>
        <time>2022-12-04T01:26:21</time>
      </trkpt>
      <trkpt lat="23.370649740099907" lon="120.36352277733386">
        <ele>54.0</ele>
        <time>2022-12-04T01:26:22</time>
      </trkpt>
      <trkpt lat="23.37044857442379" lon="120.36349318921566">
        <ele>54.0</ele>
        <time>2022-12-04T01:26:25</time>
      </trkpt>
      <trkpt lat="23.370261574164033" lon="120.36340065300465">
        <ele>54.0</ele>
        <time>2022-12-04T01:26:27</time>
      </trkpt>
      <trkpt lat="23.370129140093923" lon="120.3633048478514">
        <ele>55.0</ele>
        <time>2022-12-04T01:26:30</time>
      </trkpt>
      <trkpt lat="23.369929902255535" lon="120.3631333541125">
        <ele>54.0</ele>
        <time>2022-12-04T01:26:33</time>
      </trkpt>
      <trkpt lat="23.36979822255671" lon="120.36301324144006">
        <ele>54.0</ele>
        <time>2022-12-04T01:26:35</time>
      </trkpt>
      <trkpt lat="23.369454983621836" lon="120.3627102356404">
        <ele>53.0</ele>
        <time>2022-12-04T01:26:40</time>
      </trkpt>
      <trkpt lat="23.369316514581442" lon="120.3625912964344">
        <ele>53.0</ele>
        <time>2022-12-04T01:26:42</time>
      </trkpt>
      <trkpt lat="23.369108894839883" lon="120.36241670139134">
        <ele>53.0</ele>
        <time>2022-12-04T01:26:45</time>
      </trkpt>
      <trkpt lat="23.368788370862603" lon="120.3621597122401">
        <ele>53.0</ele>
        <time>2022-12-04T01:26:50</time>
      </trkpt>
      <trkpt lat="23.368542278185487" lon="120.36201445385814">
        <ele>53.0</ele>
        <time>2022-12-04T01:26:54</time>
      </trkpt>
      <trkpt lat="23.36835385300219" lon="120.36191755905747">
        <ele>53.0</ele>
        <time>2022-12-04T01:26:57</time>
      </trkpt>
      <trkpt lat="23.368032658472657" lon="120.36180499009788">
        <ele>53.0</ele>
        <time>2022-12-04T01:27:02</time>
      </trkpt>
      <trkpt lat="23.367911372333765" lon="120.36177347414196">
        <ele>53.0</ele>
        <time>2022-12-04T01:27:04</time>
      </trkpt>
      <trkpt lat="23.36785152554512" lon="120.36175285466015">
        <ele>53.0</ele>
        <time>2022-12-04T01:27:05</time>
      </trkpt>
      <trkpt lat="23.36773426271975" lon="120.36171681247652">
        <ele>53.0</ele>
        <time>2022-12-04T01:27:07</time>
      </trkpt>
      <trkpt lat="23.367675840854645" lon="120.36171354353428">
        <ele>53.0</ele>
        <time>2022-12-04T01:27:08</time>
      </trkpt>
      <trkpt lat="23.3675538841635" lon="120.36170516163111">
        <ele>53.0</ele>
        <time>2022-12-04T01:27:10</time>
      </trkpt>
      <trkpt lat="23.367434525862336" lon="120.36166107282043">
        <ele>53.0</ele>
        <time>2022-12-04T01:27:12</time>
      </trkpt>
      <trkpt lat="23.366898586973548" lon="120.36149578168988">
        <ele>53.0</ele>
        <time>2022-12-04T01:27:21</time>
      </trkpt>
      <trkpt lat="23.366842679679394" lon="120.3614778444171">
        <ele>53.0</ele>
        <time>2022-12-04T01:27:22</time>
      </trkpt>
      <trkpt lat="23.366424590349197" lon="120.36131959408522">
        <ele>53.0</ele>
        <time>2022-12-04T01:27:30</time>
      </trkpt>
      <trkpt lat="23.366205235943198" lon="120.36127106286585">
        <ele>53.0</ele>
        <time>2022-12-04T01:27:34</time>
      </trkpt>
      <trkpt lat="23.366100126877427" lon="120.36124315112829">
        <ele>53.0</ele>
        <time>2022-12-04T01:27:36</time>
      </trkpt>
      <trkpt lat="23.36591597646475" lon="120.36109261214733">
        <ele>52.0</ele>
        <time>2022-12-04T01:27:41</time>
      </trkpt>
      <trkpt lat="23.365901727229357" lon="120.36106905899942">
        <ele>52.0</ele>
        <time>2022-12-04T01:27:42</time>
      </trkpt>
      <trkpt lat="23.365879012271762" lon="120.361038884148">
        <ele>52.0</ele>
        <time>2022-12-04T01:27:44</time>
      </trkpt>
      <trkpt lat="23.365872474387288" lon="120.36102991551161">
        <ele>52.0</ele>
        <time>2022-12-04T01:27:45</time>
      </trkpt>
      <trkpt lat="23.36586819961667" lon="120.3610235452652">
        <ele>52.0</ele>
        <time>2022-12-04T01:27:46</time>
      </trkpt>
      <trkpt lat="23.365871468558908" lon="120.36101390607655">
        <ele>51.0</ele>
        <time>2022-12-04T01:27:50</time>
      </trkpt>
      <trkpt lat="23.365872474387288" lon="120.3610116429627">
        <ele>51.0</ele>
        <time>2022-12-04T01:27:51</time>
      </trkpt>
      <trkpt lat="23.365874150767922" lon="120.36100644618273">
        <ele>51.0</ele>
        <time>2022-12-04T01:27:53</time>
      </trkpt>
      <trkpt lat="23.36587448604405" lon="120.36100569181144">
        <ele>50.0</ele>
        <time>2022-12-04T01:27:57</time>
      </trkpt>
      <trkpt lat="23.36587348021567" lon="120.36100493744016">
        <ele>49.0</ele>
        <time>2022-12-04T01:28:00</time>
      </trkpt>
      <trkpt lat="23.36587113328278" lon="120.36100317724049">
        <ele>48.0</ele>
        <time>2022-12-04T01:28:03</time>
      </trkpt>
      <trkpt lat="23.365869959816337" lon="120.36100443452597">
        <ele>48.0</ele>
        <time>2022-12-04T01:28:06</time>
      </trkpt>
      <trkpt lat="23.365871971473098" lon="120.36100544035435">
        <ele>47.0</ele>
        <time>2022-12-04T01:28:09</time>
      </trkpt>
      <trkpt lat="23.36587113328278" lon="120.36100300960243">
        <ele>47.0</ele>
        <time>2022-12-04T01:28:10</time>
      </trkpt>
      <trkpt lat="23.365863086655736" lon="120.36099756136537">
        <ele>46.0</ele>
        <time>2022-12-04T01:28:16</time>
      </trkpt>
      <trkpt lat="23.36586333811283" lon="120.36099638789892">
        <ele>46.0</ele>
        <time>2022-12-04T01:28:18</time>
      </trkpt>
      <trkpt lat="23.365863170474768" lon="120.36099596880376">
        <ele>46.0</ele>
        <time>2022-12-04T01:28:19</time>
      </trkpt>
      <trkpt lat="23.365857219323516" lon="120.36099194549024">
        <ele>45.0</ele>
        <time>2022-12-04T01:28:23</time>
      </trkpt>
      <trkpt lat="23.36585738696158" lon="120.36099144257605">
        <ele>45.0</ele>
        <time>2022-12-04T01:28:24</time>
      </trkpt>
      <trkpt lat="23.36585688404739" lon="120.36099110729992">
        <ele>45.0</ele>
        <time>2022-12-04T01:28:26</time>
      </trkpt>
      <trkpt lat="23.365857722237706" lon="120.36098934710026">
        <ele>44.0</ele>
        <time>2022-12-04T01:28:31</time>
      </trkpt>
      <trkpt lat="23.365875743329525" lon="120.36101734265685">
        <ele>43.0</ele>
        <time>2022-12-04T01:28:40</time>
      </trkpt>
      <trkpt lat="23.36587591096759" lon="120.36102094687521">
        <ele>43.0</ele>
        <time>2022-12-04T01:28:42</time>
      </trkpt>
      <trkpt lat="23.365871384739876" lon="120.36101968958974">
        <ele>43.0</ele>
        <time>2022-12-04T01:28:46</time>
      </trkpt>
      <trkpt lat="23.365872474387288" lon="120.36101834848523">
        <ele>42.0</ele>
        <time>2022-12-04T01:28:49</time>
      </trkpt>
      <trkpt lat="23.365863505750895" lon="120.3610111400485">
        <ele>42.0</ele>
        <time>2022-12-04T01:28:56</time>
      </trkpt>
      <trkpt lat="23.36585260927677" lon="120.36100887693465">
        <ele>42.0</ele>
        <time>2022-12-04T01:28:57</time>
      </trkpt>
      <trkpt lat="23.36573325097561" lon="120.3609696496278">
        <ele>42.0</ele>
        <time>2022-12-04T01:29:02</time>
      </trkpt>
      <trkpt lat="23.365642642602324" lon="120.3609334398061">
        <ele>42.0</ele>
        <time>2022-12-04T01:29:05</time>
      </trkpt>
      <trkpt lat="23.365557147189975" lon="120.36093243397772">
        <ele>42.0</ele>
        <time>2022-12-04T01:29:07</time>
      </trkpt>
      <trkpt lat="23.365519680082798" lon="120.36091583780944">
        <ele>42.0</ele>
        <time>2022-12-04T01:29:08</time>
      </trkpt>
      <trkpt lat="23.36544114165008" lon="120.36087367683649">
        <ele>42.0</ele>
        <time>2022-12-04T01:29:10</time>
      </trkpt>
      <trkpt lat="23.365399483591318" lon="120.36085423082113">
        <ele>42.0</ele>
        <time>2022-12-04T01:29:11</time>
      </trkpt>
      <trkpt lat="23.365313904359937" lon="120.36081190221012">
        <ele>42.0</ele>
        <time>2022-12-04T01:29:13</time>
      </trkpt>
      <trkpt lat="23.365272833034396" lon="120.36078633740544">
        <ele>42.0</ele>
        <time>2022-12-04T01:29:14</time>
      </trkpt>
      <trkpt lat="23.365185661241412" lon="120.36073956638575">
        <ele>42.0</ele>
        <time>2022-12-04T01:29:16</time>
      </trkpt>
      <trkpt lat="23.36495499126613" lon="120.36067963577807">
        <ele>41.0</ele>
        <time>2022-12-04T01:29:21</time>
      </trkpt>
      <trkpt lat="23.364860862493515" lon="120.36064501851797">
        <ele>41.0</ele>
        <time>2022-12-04T01:29:23</time>
      </trkpt>
      <trkpt lat="23.364566825330257" lon="120.36052633076906">
        <ele>41.0</ele>
        <time>2022-12-04T01:29:29</time>
      </trkpt>
      <trkpt lat="23.36446875706315" lon="120.3604936413467">
        <ele>41.0</ele>
        <time>2022-12-04T01:29:31</time>
      </trkpt>
      <trkpt lat="23.36442139931023" lon="120.36047545261681">
        <ele>41.0</ele>
        <time>2022-12-04T01:29:32</time>
      </trkpt>
      <trkpt lat="23.364174887537956" lon="120.3603773843497">
        <ele>40.0</ele>
        <time>2022-12-04T01:29:37</time>
      </trkpt>
      <trkpt lat="23.363665184006095" lon="120.3601944912225">
        <ele>40.0</ele>
        <time>2022-12-04T01:29:47</time>
      </trkpt>
      <trkpt lat="23.363303756341338" lon="120.3600877057761">
        <ele>39.0</ele>
        <time>2022-12-04T01:29:54</time>
      </trkpt>
      <trkpt lat="23.363093454390764" lon="120.36001562140882">
        <ele>41.0</ele>
        <time>2022-12-04T01:29:58</time>
      </trkpt>
      <trkpt lat="23.362977616488934" lon="120.35998452454805">
        <ele>42.0</ele>
        <time>2022-12-04T01:30:00</time>
      </trkpt>
      <trkpt lat="23.362803608179092" lon="120.35994730889797">
        <ele>42.0</ele>
        <time>2022-12-04T01:30:03</time>
      </trkpt>
      <trkpt lat="23.362635215744376" lon="120.35989458672702">
        <ele>43.0</ele>
        <time>2022-12-04T01:30:07</time>
      </trkpt>
      <trkpt lat="23.362519964575768" lon="120.35986080765724">
        <ele>43.0</ele>
        <time>2022-12-04T01:30:09</time>
      </trkpt>
      <trkpt lat="23.362463554367423" lon="120.35984203219414">
        <ele>43.0</ele>
        <time>2022-12-04T01:30:10</time>
      </trkpt>
      <trkpt lat="23.362305304035544" lon="120.35978796891868">
        <ele>43.0</ele>
        <time>2022-12-04T01:30:13</time>
      </trkpt>
      <trkpt lat="23.362199692055583" lon="120.3597510047257">
        <ele>43.0</ele>
        <time>2022-12-04T01:30:15</time>
      </trkpt>
      <trkpt lat="23.36197530850768" lon="120.3596836142242">
        <ele>43.0</ele>
        <time>2022-12-04T01:30:19</time>
      </trkpt>
      <trkpt lat="23.361705746501684" lon="120.35959174856544">
        <ele>42.0</ele>
        <time>2022-12-04T01:30:24</time>
      </trkpt>
      <trkpt lat="23.361537437886" lon="120.35954204387963">
        <ele>42.0</ele>
        <time>2022-12-04T01:30:27</time>
      </trkpt>
      <trkpt lat="23.361423444002867" lon="120.35951572470367">
        <ele>42.0</ele>
        <time>2022-12-04T01:30:29</time>
      </trkpt>
      <trkpt lat="23.361217752099037" lon="120.35944908857346">
        <ele>41.0</ele>
        <time>2022-12-04T01:30:33</time>
      </trkpt>
      <trkpt lat="23.36100091226399" lon="120.3593656886369">
        <ele>41.0</ele>
        <time>2022-12-04T01:30:37</time>
      </trkpt>
      <trkpt lat="23.360841991379857" lon="120.35930961370468">
        <ele>40.0</ele>
        <time>2022-12-04T01:30:40</time>
      </trkpt>
      <trkpt lat="23.360569244250655" lon="120.35920626483858">
        <ele>40.0</ele>
        <time>2022-12-04T01:30:45</time>
      </trkpt>
      <trkpt lat="23.360339496284723" lon="120.35913468338549">
        <ele>40.0</ele>
        <time>2022-12-04T01:30:49</time>
      </trkpt>
      <trkpt lat="23.35999927483499" lon="120.35902965813875">
        <ele>40.0</ele>
        <time>2022-12-04T01:30:55</time>
      </trkpt>
      <trkpt lat="23.359942361712456" lon="120.35901406779885">
        <ele>40.0</ele>
        <time>2022-12-04T01:30:56</time>
      </trkpt>
      <trkpt lat="23.359620328992605" lon="120.35890225321054">
        <ele>39.0</ele>
        <time>2022-12-04T01:31:02</time>
      </trkpt>
      <trkpt lat="23.35945352911949" lon="120.3588408138603">
        <ele>39.0</ele>
        <time>2022-12-04T01:31:05</time>
      </trkpt>
      <trkpt lat="23.359232414513826" lon="120.35877803340554">
        <ele>39.0</ele>
        <time>2022-12-04T01:31:09</time>
      </trkpt>
      <trkpt lat="23.358957823365927" lon="120.35868591628969">
        <ele>39.0</ele>
        <time>2022-12-04T01:31:14</time>
      </trkpt>
      <trkpt lat="23.358419286087155" lon="120.35855364985764">
        <ele>38.0</ele>
        <time>2022-12-04T01:31:23</time>
      </trkpt>
      <trkpt lat="23.358298083767295" lon="120.35852624103427">
        <ele>38.0</ele>
        <time>2022-12-04T01:31:24</time>
      </trkpt>
      <trkpt lat="23.358237566426396" lon="120.3585125785321">
        <ele>38.0</ele>
        <time>2022-12-04T01:31:25</time>
      </trkpt>
      <trkpt lat="23.358058696612716" lon="120.35846128128469">
        <ele>38.0</ele>
        <time>2022-12-04T01:31:29</time>
      </trkpt>
      <trkpt lat="23.357934895902872" lon="120.3584195394069">
        <ele>38.0</ele>
        <time>2022-12-04T01:31:31</time>
      </trkpt>
      <trkpt lat="23.357876474037766" lon="120.35839850082994">
        <ele>38.0</ele>
        <time>2022-12-04T01:31:32</time>
      </trkpt>
      <trkpt lat="23.357701962813735" lon="120.35833597183228">
        <ele>38.0</ele>
        <time>2022-12-04T01:31:35</time>
      </trkpt>
      <trkpt lat="23.357641780748963" lon="120.35831660963595">
        <ele>38.0</ele>
        <time>2022-12-04T01:31:36</time>
      </trkpt>
      <trkpt lat="23.35751756094396" lon="120.35828014835715">
        <ele>38.0</ele>
        <time>2022-12-04T01:31:38</time>
      </trkpt>
      <trkpt lat="23.357455618679523" lon="120.35826053470373">
        <ele>38.0</ele>
        <time>2022-12-04T01:31:39</time>
      </trkpt>
      <trkpt lat="23.35721547715366" lon="120.35818920470774">
        <ele>38.0</ele>
        <time>2022-12-04T01:31:43</time>
      </trkpt>
      <trkpt lat="23.356967205181718" lon="120.35811929963529">
        <ele>37.0</ele>
        <time>2022-12-04T01:31:47</time>
      </trkpt>
      <trkpt lat="23.356659254059196" lon="120.3580376598984">
        <ele>37.0</ele>
        <time>2022-12-04T01:31:52</time>
      </trkpt>
      <trkpt lat="23.356105713173747" lon="120.35787471570075">
        <ele>38.0</ele>
        <time>2022-12-04T01:32:01</time>
      </trkpt>
      <trkpt lat="23.355638924986124" lon="120.35773918032646">
        <ele>39.0</ele>
        <time>2022-12-04T01:32:09</time>
      </trkpt>
      <trkpt lat="23.35558008402586" lon="120.35772350616753">
        <ele>39.0</ele>
        <time>2022-12-04T01:32:10</time>
      </trkpt>
      <trkpt lat="23.355347402393818" lon="120.35765770822763">
        <ele>39.0</ele>
        <time>2022-12-04T01:32:14</time>
      </trkpt>
      <trkpt lat="23.35523173213005" lon="120.35761965438724">
        <ele>39.0</ele>
        <time>2022-12-04T01:32:16</time>
      </trkpt>
      <trkpt lat="23.35511597804725" lon="120.35758277401328">
        <ele>40.0</ele>
        <time>2022-12-04T01:32:18</time>
      </trkpt>
      <trkpt lat="23.35500014014542" lon="120.35754547454417">
        <ele>39.0</ele>
        <time>2022-12-04T01:32:20</time>
      </trkpt>
      <trkpt lat="23.35488421842456" lon="120.35751353949308">
        <ele>39.0</ele>
        <time>2022-12-04T01:32:22</time>
      </trkpt>
      <trkpt lat="23.35465849377215" lon="120.35744145512581">
        <ele>39.0</ele>
        <time>2022-12-04T01:32:26</time>
      </trkpt>
      <trkpt lat="23.354488173499703" lon="120.35738445818424">
        <ele>38.0</ele>
        <time>2022-12-04T01:32:29</time>
      </trkpt>
      <trkpt lat="23.35413764230907" lon="120.35729753784835">
        <ele>38.0</ele>
        <time>2022-12-04T01:32:35</time>
      </trkpt>
      <trkpt lat="23.353857770562172" lon="120.35721640102565">
        <ele>39.0</ele>
        <time>2022-12-04T01:32:40</time>
      </trkpt>
      <trkpt lat="23.353751823306084" lon="120.35717885009944">
        <ele>39.0</ele>
        <time>2022-12-04T01:32:42</time>
      </trkpt>
      <trkpt lat="23.353421660140157" lon="120.3570619225502">
        <ele>40.0</ele>
        <time>2022-12-04T01:32:48</time>
      </trkpt>
      <trkpt lat="23.35330951027572" lon="120.35703510046005">
        <ele>40.0</ele>
        <time>2022-12-04T01:32:50</time>
      </trkpt>
      <trkpt lat="23.352966774255037" lon="120.35692605189979">
        <ele>40.0</ele>
        <time>2022-12-04T01:32:56</time>
      </trkpt>
      <trkpt lat="23.352913046255708" lon="120.35691062919796">
        <ele>40.0</ele>
        <time>2022-12-04T01:32:57</time>
      </trkpt>
      <trkpt lat="23.352804416790605" lon="120.35687852650881">
        <ele>40.0</ele>
        <time>2022-12-04T01:32:59</time>
      </trkpt>
      <trkpt lat="23.35258330218494" lon="120.35681264474988">
        <ele>41.0</ele>
        <time>2022-12-04T01:33:03</time>
      </trkpt>
      <trkpt lat="23.352528819814324" lon="120.35680308938026">
        <ele>41.0</ele>
        <time>2022-12-04T01:33:04</time>
      </trkpt>
      <trkpt lat="23.35242362692952" lon="120.35677442327142">
        <ele>42.0</ele>
        <time>2022-12-04T01:33:06</time>
      </trkpt>
      <trkpt lat="23.352148113772273" lon="120.35669529810548">
        <ele>42.0</ele>
        <time>2022-12-04T01:33:11</time>
      </trkpt>
      <trkpt lat="23.352094553411007" lon="120.3566818870604">
        <ele>42.0</ele>
        <time>2022-12-04T01:33:12</time>
      </trkpt>
      <trkpt lat="23.35204283706844" lon="120.35667191259563">
        <ele>43.0</ele>
        <time>2022-12-04T01:33:13</time>
      </trkpt>
      <trkpt lat="23.35199254564941" lon="120.35665925592184">
        <ele>43.0</ele>
        <time>2022-12-04T01:33:14</time>
      </trkpt>
      <trkpt lat="23.351940577849746" lon="120.35664282739162">
        <ele>43.0</ele>
        <time>2022-12-04T01:33:15</time>
      </trkpt>
      <trkpt lat="23.351889364421368" lon="120.35662631504238">
        <ele>43.0</ele>
        <time>2022-12-04T01:33:16</time>
      </trkpt>
      <trkpt lat="23.351835049688816" lon="120.35661583766341">
        <ele>43.0</ele>
        <time>2022-12-04T01:33:17</time>
      </trkpt>
      <trkpt lat="23.35178098641336" lon="120.3566012531519">
        <ele>43.0</ele>
        <time>2022-12-04T01:33:18</time>
      </trkpt>
      <trkpt lat="23.351733712479472" lon="120.35658792592585">
        <ele>43.0</ele>
        <time>2022-12-04T01:33:19</time>
      </trkpt>
      <trkpt lat="23.351636230945587" lon="120.35655515268445">
        <ele>44.0</ele>
        <time>2022-12-04T01:33:21</time>
      </trkpt>
      <trkpt lat="23.351535480469465" lon="120.35652112215757">
        <ele>44.0</ele>
        <time>2022-12-04T01:33:23</time>
      </trkpt>
      <trkpt lat="23.351212944835424" lon="120.3564231377095">
        <ele>43.0</ele>
        <time>2022-12-04T01:33:29</time>
      </trkpt>
      <trkpt lat="23.350852271541953" lon="120.356300259009">
        <ele>45.0</ele>
        <time>2022-12-04T01:33:36</time>
      </trkpt>
      <trkpt lat="23.350753113627434" lon="120.35626740194857">
        <ele>45.0</ele>
        <time>2022-12-04T01:33:38</time>
      </trkpt>
      <trkpt lat="23.35059997625649" lon="120.35621845163405">
        <ele>46.0</ele>
        <time>2022-12-04T01:33:41</time>
      </trkpt>
      <trkpt lat="23.350547421723604" lon="120.35620126873255">
        <ele>46.0</ele>
        <time>2022-12-04T01:33:42</time>
      </trkpt>
      <trkpt lat="23.35049302317202" lon="120.35618232563138">
        <ele>46.0</ele>
        <time>2022-12-04T01:33:43</time>
      </trkpt>
      <trkpt lat="23.35044021718204" lon="120.35616304725409">
        <ele>46.0</ele>
        <time>2022-12-04T01:33:44</time>
      </trkpt>
      <trkpt lat="23.350389003753662" lon="120.35614619962871">
        <ele>46.0</ele>
        <time>2022-12-04T01:33:45</time>
      </trkpt>
      <trkpt lat="23.350336952134967" lon="120.3561263345182">
        <ele>46.0</ele>
        <time>2022-12-04T01:33:46</time>
      </trkpt>
      <trkpt lat="23.350178701803088" lon="120.3560708463192">
        <ele>46.0</ele>
        <time>2022-12-04T01:33:49</time>
      </trkpt>
      <trkpt lat="23.34996974095702" lon="120.35601963289082">
        <ele>45.0</ele>
        <time>2022-12-04T01:33:53</time>
      </trkpt>
      <trkpt lat="23.34993881173432" lon="120.35600731149316">
        <ele>45.0</ele>
        <time>2022-12-04T01:33:54</time>
      </trkpt>
      <trkpt lat="23.349901596084237" lon="120.35599716939032">
        <ele>45.0</ele>
        <time>2022-12-04T01:33:57</time>
      </trkpt>
      <trkpt lat="23.34990084171295" lon="120.35599675029516">
        <ele>45.0</ele>
        <time>2022-12-04T01:33:58</time>
      </trkpt>
      <trkpt lat="23.349901344627142" lon="120.35599742084742">
        <ele>44.0</ele>
        <time>2022-12-04T01:34:00</time>
      </trkpt>
      <trkpt lat="23.34989338181913" lon="120.35598493181169">
        <ele>44.0</ele>
        <time>2022-12-04T01:34:04</time>
      </trkpt>
      <trkpt lat="23.34989447146654" lon="120.35598325543106">
        <ele>44.0</ele>
        <time>2022-12-04T01:34:05</time>
      </trkpt>
      <trkpt lat="23.349915174767375" lon="120.3559878654778">
        <ele>44.0</ele>
        <time>2022-12-04T01:34:08</time>
      </trkpt>
      <trkpt lat="23.349919533357024" lon="120.35599909722805">
        <ele>44.0</ele>
        <time>2022-12-04T01:34:10</time>
      </trkpt>
      <trkpt lat="23.349924897775054" lon="120.35600831732154">
        <ele>44.0</ele>
        <time>2022-12-04T01:34:14</time>
      </trkpt>
      <trkpt lat="23.3499242272228" lon="120.35601016134024">
        <ele>44.0</ele>
        <time>2022-12-04T01:34:21</time>
      </trkpt>
      <trkpt lat="23.349909642711282" lon="120.35599616356194">
        <ele>44.0</ele>
        <time>2022-12-04T01:34:28</time>
      </trkpt>
      <trkpt lat="23.34990955889225" lon="120.35598987713456">
        <ele>44.0</ele>
        <time>2022-12-04T01:34:31</time>
      </trkpt>
      <trkpt lat="23.349909642711282" lon="120.35598803311586">
        <ele>44.0</ele>
        <time>2022-12-04T01:34:35</time>
      </trkpt>
      <trkpt lat="23.349873516708612" lon="120.35598979331553">
        <ele>44.0</ele>
        <time>2022-12-04T01:34:42</time>
      </trkpt>
      <trkpt lat="23.34981333464384" lon="120.35597059875727">
        <ele>42.0</ele>
        <time>2022-12-04T01:34:47</time>
      </trkpt>
      <trkpt lat="23.349789110943675" lon="120.3559617139399">
        <ele>41.0</ele>
        <time>2022-12-04T01:34:48</time>
      </trkpt>
      <trkpt lat="23.349730940535665" lon="120.35594101063907">
        <ele>40.0</ele>
        <time>2022-12-04T01:34:50</time>
      </trkpt>
      <trkpt lat="23.34966480731964" lon="120.35591410472989">
        <ele>40.0</ele>
        <time>2022-12-04T01:34:52</time>
      </trkpt>
      <trkpt lat="23.349388036876917" lon="120.35581930540502">
        <ele>40.0</ele>
        <time>2022-12-04T01:34:58</time>
      </trkpt>
      <trkpt lat="23.349335398525" lon="120.35579868592322">
        <ele>40.0</ele>
        <time>2022-12-04T01:34:59</time>
      </trkpt>
      <trkpt lat="23.349233139306307" lon="120.35575903952122">
        <ele>40.0</ele>
        <time>2022-12-04T01:35:01</time>
      </trkpt>
      <trkpt lat="23.349122665822506" lon="120.35572031512856">
        <ele>40.0</ele>
        <time>2022-12-04T01:35:03</time>
      </trkpt>
      <trkpt lat="23.34895569831133" lon="120.35565854050219">
        <ele>40.0</ele>
        <time>2022-12-04T01:35:06</time>
      </trkpt>
      <trkpt lat="23.34884581156075" lon="120.3556252643466">
        <ele>40.0</ele>
        <time>2022-12-04T01:35:08</time>
      </trkpt>
      <trkpt lat="23.348790407180786" lon="120.35561143420637">
        <ele>41.0</ele>
        <time>2022-12-04T01:35:09</time>
      </trkpt>
      <trkpt lat="23.34867867641151" lon="120.35558268427849">
        <ele>43.0</ele>
        <time>2022-12-04T01:35:11</time>
      </trkpt>
      <trkpt lat="23.348514223471284" lon="120.3555322252214">
        <ele>43.0</ele>
        <time>2022-12-04T01:35:14</time>
      </trkpt>
      <trkpt lat="23.347980631515384" lon="120.35534095019102">
        <ele>42.0</ele>
        <time>2022-12-04T01:35:24</time>
      </trkpt>
      <trkpt lat="23.34786906838417" lon="120.35530557855964">
        <ele>42.0</ele>
        <time>2022-12-04T01:35:26</time>
      </trkpt>
      <trkpt lat="23.34758668206632" lon="120.35520516335964">
        <ele>42.0</ele>
        <time>2022-12-04T01:35:31</time>
      </trkpt>
      <trkpt lat="23.347471430897713" lon="120.35515948198736">
        <ele>42.0</ele>
        <time>2022-12-04T01:35:33</time>
      </trkpt>
      <trkpt lat="23.347299434244633" lon="120.35509343259037">
        <ele>42.0</ele>
        <time>2022-12-04T01:35:36</time>
      </trkpt>
      <trkpt lat="23.347128862515092" lon="120.35503232851624">
        <ele>42.0</ele>
        <time>2022-12-04T01:35:39</time>
      </trkpt>
      <trkpt lat="23.34707412868738" lon="120.35500693134964">
        <ele>42.0</ele>
        <time>2022-12-04T01:35:40</time>
      </trkpt>
      <trkpt lat="23.346839854493737" lon="120.35493484698236">
        <ele>43.0</ele>
        <time>2022-12-04T01:35:44</time>
      </trkpt>
      <trkpt lat="23.346779672428966" lon="120.35491791553795">
        <ele>43.0</ele>
        <time>2022-12-04T01:35:45</time>
      </trkpt>
      <trkpt lat="23.3465464040637" lon="120.35483778454363">
        <ele>43.0</ele>
        <time>2022-12-04T01:35:49</time>
      </trkpt>
      <trkpt lat="23.34625613875687" lon="120.35475505515933">
        <ele>43.0</ele>
        <time>2022-12-04T01:35:54</time>
      </trkpt>
      <trkpt lat="23.346028150990605" lon="120.35468171350658">
        <ele>42.0</ele>
        <time>2022-12-04T01:35:58</time>
      </trkpt>
      <trkpt lat="23.345682565122843" lon="120.35457316786051">
        <ele>41.0</ele>
        <time>2022-12-04T01:36:04</time>
      </trkpt>
      <trkpt lat="23.345514591783285" lon="120.35451306961477">
        <ele>41.0</ele>
        <time>2022-12-04T01:36:06</time>
      </trkpt>
      <trkpt lat="23.3454567566514" lon="120.3544927854091">
        <ele>40.0</ele>
        <time>2022-12-04T01:36:08</time>
      </trkpt>
      <trkpt lat="23.34517235867679" lon="120.35438884980977">
        <ele>40.0</ele>
        <time>2022-12-04T01:36:13</time>
      </trkpt>
      <trkpt lat="23.344747982919216" lon="120.35424183122814">
        <ele>39.0</ele>
        <time>2022-12-04T01:36:20</time>
      </trkpt>
      <trkpt lat="23.344201482832432" lon="120.35405851900578">
        <ele>39.0</ele>
        <time>2022-12-04T01:36:29</time>
      </trkpt>
      <trkpt lat="23.343648947775364" lon="120.35388090647757">
        <ele>40.0</ele>
        <time>2022-12-04T01:36:38</time>
      </trkpt>
      <trkpt lat="23.34359052591026" lon="120.3538601193577">
        <ele>40.0</ele>
        <time>2022-12-04T01:36:39</time>
      </trkpt>
      <trkpt lat="23.343532355502248" lon="120.35383799113333">
        <ele>40.0</ele>
        <time>2022-12-04T01:36:40</time>
      </trkpt>
      <trkpt lat="23.343124324455857" lon="120.35370010882616">
        <ele>41.0</ele>
        <time>2022-12-04T01:36:47</time>
      </trkpt>
      <trkpt lat="23.342711851000786" lon="120.35355878993869">
        <ele>43.0</ele>
        <time>2022-12-04T01:36:54</time>
      </trkpt>
      <trkpt lat="23.342651166021824" lon="120.35353573970497">
        <ele>43.0</ele>
        <time>2022-12-04T01:36:55</time>
      </trkpt>
      <trkpt lat="23.342530969530344" lon="120.35348670557141">
        <ele>43.0</ele>
        <time>2022-12-04T01:36:57</time>
      </trkpt>
      <trkpt lat="23.342296024784446" lon="120.35339215770364">
        <ele>43.0</ele>
        <time>2022-12-04T01:37:01</time>
      </trkpt>
      <trkpt lat="23.342240871861577" lon="120.35336625762284">
        <ele>43.0</ele>
        <time>2022-12-04T01:37:02</time>
      </trkpt>
      <trkpt lat="23.34194976836443" lon="120.35325980745256">
        <ele>43.0</ele>
        <time>2022-12-04T01:37:07</time>
      </trkpt>
      <trkpt lat="23.341894363984466" lon="120.35323801450431">
        <ele>43.0</ele>
        <time>2022-12-04T01:37:08</time>
      </trkpt>
      <trkpt lat="23.341780621558428" lon="120.35319451242685">
        <ele>43.0</ele>
        <time>2022-12-04T01:37:10</time>
      </trkpt>
      <trkpt lat="23.341609882190824" lon="120.35312896594405">
        <ele>42.0</ele>
        <time>2022-12-04T01:37:13</time>
      </trkpt>
      <trkpt lat="23.341254657134414" lon="120.35301195457578">
        <ele>41.0</ele>
        <time>2022-12-04T01:37:19</time>
      </trkpt>
      <trkpt lat="23.34113722667098" lon="120.35297381691635">
        <ele>41.0</ele>
        <time>2022-12-04T01:37:21</time>
      </trkpt>
      <trkpt lat="23.341021221131086" lon="120.3529329970479">
        <ele>41.0</ele>
        <time>2022-12-04T01:37:23</time>
      </trkpt>
      <trkpt lat="23.340791556984186" lon="120.35285932011902">
        <ele>40.0</ele>
        <time>2022-12-04T01:37:27</time>
      </trkpt>
      <trkpt lat="23.34073548205197" lon="120.35284280776978">
        <ele>40.0</ele>
        <time>2022-12-04T01:37:28</time>
      </trkpt>
      <trkpt lat="23.34061830304563" lon="120.35280425101519">
        <ele>40.0</ele>
        <time>2022-12-04T01:37:30</time>
      </trkpt>
      <trkpt lat="23.340447144582868" lon="120.35275077447295">
        <ele>39.0</ele>
        <time>2022-12-04T01:37:33</time>
      </trkpt>
      <trkpt lat="23.340316554531455" lon="120.3527519479394">
        <ele>38.0</ele>
        <time>2022-12-04T01:37:35</time>
      </trkpt>
      <trkpt lat="23.340218821540475" lon="120.35272177308798">
        <ele>38.0</ele>
        <time>2022-12-04T01:37:37</time>
      </trkpt>
      <trkpt lat="23.340047914534807" lon="120.35267282277346">
        <ele>39.0</ele>
        <time>2022-12-04T01:37:41</time>
      </trkpt>
      <trkpt lat="23.339951187372208" lon="120.35263602621853">
        <ele>39.0</ele>
        <time>2022-12-04T01:37:43</time>
      </trkpt>
      <trkpt lat="23.339704675599933" lon="120.35253636538982">
        <ele>39.0</ele>
        <time>2022-12-04T01:37:48</time>
      </trkpt>
      <trkpt lat="23.339601745828986" lon="120.35249361768365">
        <ele>39.0</ele>
        <time>2022-12-04T01:37:50</time>
      </trkpt>
      <trkpt lat="23.339204946532845" lon="120.35231583751738">
        <ele>40.0</ele>
        <time>2022-12-04T01:37:58</time>
      </trkpt>
      <trkpt lat="23.33886807784438" lon="120.35223109647632">
        <ele>41.0</ele>
        <time>2022-12-04T01:38:04</time>
      </trkpt>
      <trkpt lat="23.33875995129347" lon="120.35219362936914">
        <ele>41.0</ele>
        <time>2022-12-04T01:38:06</time>
      </trkpt>
      <trkpt lat="23.338518217206" lon="120.35213411785662">
        <ele>42.0</ele>
        <time>2022-12-04T01:38:10</time>
      </trkpt>
      <trkpt lat="23.338461220264435" lon="120.35211517475545">
        <ele>42.0</ele>
        <time>2022-12-04T01:38:11</time>
      </trkpt>
      <trkpt lat="23.33801832050085" lon="120.35195097327232">
        <ele>43.0</ele>
        <time>2022-12-04T01:38:19</time>
      </trkpt>
      <trkpt lat="23.337793685495853" lon="120.35186388529837">
        <ele>42.0</ele>
        <time>2022-12-04T01:38:23</time>
      </trkpt>
      <trkpt lat="23.337737107649446" lon="120.3518399130553">
        <ele>42.0</ele>
        <time>2022-12-04T01:38:24</time>
      </trkpt>
      <trkpt lat="23.337679943069816" lon="120.35181493498385">
        <ele>42.0</ele>
        <time>2022-12-04T01:38:25</time>
      </trkpt>
      <trkpt lat="23.337623113766313" lon="120.35178861580789">
        <ele>41.0</ele>
        <time>2022-12-04T01:38:26</time>
      </trkpt>
      <trkpt lat="23.337567457929254" lon="120.3517603687942">
        <ele>41.0</ele>
        <time>2022-12-04T01:38:27</time>
      </trkpt>
      <trkpt lat="23.33750962279737" lon="120.35173279233277">
        <ele>41.0</ele>
        <time>2022-12-04T01:38:28</time>
      </trkpt>
      <trkpt lat="23.33744994364679" lon="120.35170504823327">
        <ele>41.0</ele>
        <time>2022-12-04T01:38:29</time>
      </trkpt>
      <trkpt lat="23.337266044691205" lon="120.3516123443842">
        <ele>41.0</ele>
        <time>2022-12-04T01:38:32</time>
      </trkpt>
      <trkpt lat="23.33720711991191" lon="120.35157982259989">
        <ele>40.0</ele>
        <time>2022-12-04T01:38:33</time>
      </trkpt>
      <trkpt lat="23.3371539786458" lon="120.3515449538827">
        <ele>40.0</ele>
        <time>2022-12-04T01:38:34</time>
      </trkpt>
      <trkpt lat="23.337007965892553" lon="120.35144546069205">
        <ele>41.0</ele>
        <time>2022-12-04T01:38:37</time>
      </trkpt>
      <trkpt lat="23.336867820471525" lon="120.35134705714881">
        <ele>41.0</ele>
        <time>2022-12-04T01:38:40</time>
      </trkpt>
      <trkpt lat="23.336780481040478" lon="120.35127623006701">
        <ele>41.0</ele>
        <time>2022-12-04T01:38:42</time>
      </trkpt>
      <trkpt lat="23.336646370589733" lon="120.35116642713547">
        <ele>42.0</ele>
        <time>2022-12-04T01:38:45</time>
      </trkpt>
      <trkpt lat="23.33638871088624" lon="120.35095168277621">
        <ele>43.0</ele>
        <time>2022-12-04T01:38:51</time>
      </trkpt>
      <trkpt lat="23.336046980693936" lon="120.35066099837422">
        <ele>44.0</ele>
        <time>2022-12-04T01:38:59</time>
      </trkpt>
      <trkpt lat="23.335698880255222" lon="120.35035229288042">
        <ele>43.0</ele>
        <time>2022-12-04T01:39:07</time>
      </trkpt>
      <trkpt lat="23.335383217781782" lon="120.35009337589145">
        <ele>43.0</ele>
        <time>2022-12-04T01:39:14</time>
      </trkpt>
      <trkpt lat="23.335341811180115" lon="120.35005498677492">
        <ele>43.0</ele>
        <time>2022-12-04T01:39:15</time>
      </trkpt>
      <trkpt lat="23.335136119276285" lon="120.3498696628958">
        <ele>42.0</ele>
        <time>2022-12-04T01:39:20</time>
      </trkpt>
      <trkpt lat="23.3349540643394" lon="120.34971568733454">
        <ele>43.0</ele>
        <time>2022-12-04T01:39:24</time>
      </trkpt>
      <trkpt lat="23.33481634967029" lon="120.34959842450917">
        <ele>44.0</ele>
        <time>2022-12-04T01:39:27</time>
      </trkpt>
      <trkpt lat="23.334630774334073" lon="120.34943564794958">
        <ele>45.0</ele>
        <time>2022-12-04T01:39:31</time>
      </trkpt>
      <trkpt lat="23.334582913666964" lon="120.34939591772854">
        <ele>45.0</ele>
        <time>2022-12-04T01:39:32</time>
      </trkpt>
      <trkpt lat="23.33448459394276" lon="120.34931570291519">
        <ele>46.0</ele>
        <time>2022-12-04T01:39:34</time>
      </trkpt>
      <trkpt lat="23.334300946444273" lon="120.34916960634291">
        <ele>46.0</ele>
        <time>2022-12-04T01:39:38</time>
      </trkpt>
      <trkpt lat="23.33415518514812" lon="120.34904982894659">
        <ele>46.0</ele>
        <time>2022-12-04T01:39:41</time>
      </trkpt>
      <trkpt lat="23.333805492147803" lon="120.3487578034401">
        <ele>46.0</ele>
        <time>2022-12-04T01:39:48</time>
      </trkpt>
      <trkpt lat="23.33371102809906" lon="120.34866895526648">
        <ele>46.0</ele>
        <time>2022-12-04T01:39:50</time>
      </trkpt>
      <trkpt lat="23.333571385592222" lon="120.34854096360505">
        <ele>46.0</ele>
        <time>2022-12-04T01:39:53</time>
      </trkpt>
      <trkpt lat="23.333389749750495" lon="120.34836494363844">
        <ele>46.0</ele>
        <time>2022-12-04T01:39:57</time>
      </trkpt>
      <trkpt lat="23.333115074783564" lon="120.34811390563846">
        <ele>46.0</ele>
        <time>2022-12-04T01:40:03</time>
      </trkpt>
      <trkpt lat="23.332978449761868" lon="120.34796847961843">
        <ele>46.0</ele>
        <time>2022-12-04T01:40:06</time>
      </trkpt>
      <trkpt lat="23.33274987526238" lon="120.34773864783347">
        <ele>46.0</ele>
        <time>2022-12-04T01:40:11</time>
      </trkpt>
      <trkpt lat="23.33266052417457" lon="120.34765147604048">
        <ele>46.0</ele>
        <time>2022-12-04T01:40:13</time>
      </trkpt>
      <trkpt lat="23.332614088431" lon="120.34760638140142">
        <ele>46.0</ele>
        <time>2022-12-04T01:40:14</time>
      </trkpt>
      <trkpt lat="23.332570753991604" lon="120.34756229259074">
        <ele>46.0</ele>
        <time>2022-12-04T01:40:15</time>
      </trkpt>
      <trkpt lat="23.332487102597952" lon="120.34747914411128">
        <ele>47.0</ele>
        <time>2022-12-04T01:40:17</time>
      </trkpt>
      <trkpt lat="23.332357853651047" lon="120.34734821878374">
        <ele>47.0</ele>
        <time>2022-12-04T01:40:20</time>
      </trkpt>
      <trkpt lat="23.33221737295389" lon="120.3472032956779">
        <ele>47.0</ele>
        <time>2022-12-04T01:40:23</time>
      </trkpt>
      <trkpt lat="23.332036659121513" lon="120.34702769480646">
        <ele>47.0</ele>
        <time>2022-12-04T01:40:27</time>
      </trkpt>
      <trkpt lat="23.33199055865407" lon="120.34698410890996">
        <ele>47.0</ele>
        <time>2022-12-04T01:40:28</time>
      </trkpt>
      <trkpt lat="23.33166567608714" lon="120.34667649306357">
        <ele>46.0</ele>
        <time>2022-12-04T01:40:35</time>
      </trkpt>
      <trkpt lat="23.33148630335927" lon="120.34650826826692">
        <ele>45.0</ele>
        <time>2022-12-04T01:40:39</time>
      </trkpt>
      <trkpt lat="23.331271139904857" lon="120.34628170542419">
        <ele>44.0</ele>
        <time>2022-12-04T01:40:44</time>
      </trkpt>
      <trkpt lat="23.331110794097185" lon="120.34612446092069">
        <ele>44.0</ele>
        <time>2022-12-04T01:40:48</time>
      </trkpt>
      <trkpt lat="23.3310270588845" lon="120.34604508429766">
        <ele>44.0</ele>
        <time>2022-12-04T01:40:50</time>
      </trkpt>
      <trkpt lat="23.33098540082574" lon="120.34600577317178">
        <ele>44.0</ele>
        <time>2022-12-04T01:40:51</time>
      </trkpt>
      <trkpt lat="23.330776523798704" lon="120.34579287283123">
        <ele>44.0</ele>
        <time>2022-12-04T01:40:56</time>
      </trkpt>
      <trkpt lat="23.330656327307224" lon="120.34567317925394">
        <ele>44.0</ele>
        <time>2022-12-04T01:40:58</time>
      </trkpt>
      <trkpt lat="23.330496065318584" lon="120.34552188590169">
        <ele>46.0</ele>
        <time>2022-12-04T01:41:03</time>
      </trkpt>
      <trkpt lat="23.33045474253595" lon="120.34548324532807">
        <ele>46.0</ele>
        <time>2022-12-04T01:41:04</time>
      </trkpt>
      <trkpt lat="23.33033270202577" lon="120.34536145627499">
        <ele>46.0</ele>
        <time>2022-12-04T01:41:07</time>
      </trkpt>
      <trkpt lat="23.330262964591384" lon="120.34527881070971">
        <ele>46.0</ele>
        <time>2022-12-04T01:41:09</time>
      </trkpt>
      <trkpt lat="23.330097002908587" lon="120.34510337747633">
        <ele>46.0</ele>
        <time>2022-12-04T01:41:14</time>
      </trkpt>
      <trkpt lat="23.329949900507927" lon="120.34495099447668">
        <ele>47.0</ele>
        <time>2022-12-04T01:41:19</time>
      </trkpt>
      <trkpt lat="23.329899860545993" lon="120.34490229561925">
        <ele>47.0</ele>
        <time>2022-12-04T01:41:21</time>
      </trkpt>
      <trkpt lat="23.32980397157371" lon="120.3448101785034">
        <ele>48.0</ele>
        <time>2022-12-04T01:41:25</time>
      </trkpt>
      <trkpt lat="23.329726019874215" lon="120.34473968669772">
        <ele>47.0</ele>
        <time>2022-12-04T01:41:29</time>
      </trkpt>
      <trkpt lat="23.329703891649842" lon="120.3447203245014">
        <ele>47.0</ele>
        <time>2022-12-04T01:41:31</time>
      </trkpt>
      <trkpt lat="23.32967547699809" lon="120.34469123929739">
        <ele>46.0</ele>
        <time>2022-12-04T01:41:34</time>
      </trkpt>
      <trkpt lat="23.32967245951295" lon="120.34468612633646">
        <ele>45.0</ele>
        <time>2022-12-04T01:41:35</time>
      </trkpt>
      <trkpt lat="23.32967145368457" lon="120.3446772415191">
        <ele>45.0</ele>
        <time>2022-12-04T01:41:37</time>
      </trkpt>
      <trkpt lat="23.329664077609777" lon="120.34466869197786">
        <ele>44.0</ele>
        <time>2022-12-04T01:41:38</time>
      </trkpt>
      <trkpt lat="23.329641614109278" lon="120.34463608637452">
        <ele>44.0</ele>
        <time>2022-12-04T01:41:40</time>
      </trkpt>
      <trkpt lat="23.329628873616457" lon="120.34461420960724">
        <ele>44.0</ele>
        <time>2022-12-04T01:41:41</time>
      </trkpt>
      <trkpt lat="23.32952929660678" lon="120.3445094358176">
        <ele>43.0</ele>
        <time>2022-12-04T01:41:45</time>
      </trkpt>
      <trkpt lat="23.32933969795704" lon="120.34431824460626">
        <ele>43.0</ele>
        <time>2022-12-04T01:41:51</time>
      </trkpt>
      <trkpt lat="23.329229559749365" lon="120.34421070478857">
        <ele>44.0</ele>
        <time>2022-12-04T01:41:55</time>
      </trkpt>
      <trkpt lat="23.32917407155037" lon="120.34416167065501">
        <ele>44.0</ele>
        <time>2022-12-04T01:41:57</time>
      </trkpt>
      <trkpt lat="23.328964859247208" lon="120.34398506395519">
        <ele>43.0</ele>
        <time>2022-12-04T01:42:03</time>
      </trkpt>
      <trkpt lat="23.328791772946715" lon="120.34385254606605">
        <ele>42.0</ele>
        <time>2022-12-04T01:42:07</time>
      </trkpt>
      <trkpt lat="23.32871725782752" lon="120.34377668984234">
        <ele>42.0</ele>
        <time>2022-12-04T01:42:09</time>
      </trkpt>
      <trkpt lat="23.32865037024021" lon="120.34371265210211">
        <ele>42.0</ele>
        <time>2022-12-04T01:42:11</time>
      </trkpt>
      <trkpt lat="23.32857560366392" lon="120.34366931766272">
        <ele>41.0</ele>
        <time>2022-12-04T01:42:13</time>
      </trkpt>
      <trkpt lat="23.32853210158646" lon="120.34365531988442">
        <ele>41.0</ele>
        <time>2022-12-04T01:42:14</time>
      </trkpt>
      <trkpt lat="23.328463872894645" lon="120.34365305677056">
        <ele>41.0</ele>
        <time>2022-12-04T01:42:16</time>
      </trkpt>
      <trkpt lat="23.32842498086393" lon="120.3436698205769">
        <ele>41.0</ele>
        <time>2022-12-04T01:42:18</time>
      </trkpt>
      <trkpt lat="23.328393884003162" lon="120.34370393492281">
        <ele>41.0</ele>
        <time>2022-12-04T01:42:20</time>
      </trkpt>
      <trkpt lat="23.32838441245258" lon="120.3437670506537">
        <ele>41.0</ele>
        <time>2022-12-04T01:42:22</time>
      </trkpt>
      <trkpt lat="23.328432524576783" lon="120.34387274645269">
        <ele>41.0</ele>
        <time>2022-12-04T01:42:25</time>
      </trkpt>
      <trkpt lat="23.328445684164762" lon="120.34390015527606">
        <ele>41.0</ele>
        <time>2022-12-04T01:42:26</time>
      </trkpt>
      <trkpt lat="23.328449288383126" lon="120.34393100067973">
        <ele>41.0</ele>
        <time>2022-12-04T01:42:27</time>
      </trkpt>
      <trkpt lat="23.328443923965096" lon="120.34399520605803">
        <ele>42.0</ele>
        <time>2022-12-04T01:42:29</time>
      </trkpt>
      <trkpt lat="23.32845297642052" lon="120.34401062875986">
        <ele>42.0</ele>
        <time>2022-12-04T01:42:30</time>
      </trkpt>
      <trkpt lat="23.32845297642052" lon="120.34401062875986">
        <ele>42.0</ele>
        <time>2022-12-04T01:42:31</time>
      </trkpt>
      <trkpt lat="23.32847334444523" lon="120.34404063597322">
        <ele>42.0</ele>
        <time>2022-12-04T01:42:33</time>
      </trkpt>
      <trkpt lat="23.328495221212506" lon="120.3440601658076">
        <ele>41.0</ele>
        <time>2022-12-04T01:42:36</time>
      </trkpt>
      <trkpt lat="23.328510895371437" lon="120.34406460821629">
        <ele>41.0</ele>
        <time>2022-12-04T01:42:42</time>
      </trkpt>
      <trkpt lat="23.32851391285658" lon="120.34406368620694">
        <ele>41.0</ele>
        <time>2022-12-04T01:42:43</time>
      </trkpt>
      <trkpt lat="23.31194741651416" lon="120.32757522538304">
        <ele>38.0</ele>
        <time>2022-12-04T01:54:41</time>
      </trkpt>
      <trkpt lat="23.311895113438368" lon="120.32754505053163">
        <ele>38.0</ele>
        <time>2022-12-04T01:54:42</time>
      </trkpt>
      <trkpt lat="23.311651116237044" lon="120.32737095840275">
        <ele>39.0</ele>
        <time>2022-12-04T01:54:47</time>
      </trkpt>
      <trkpt lat="23.311597807332873" lon="120.32733441330492">
        <ele>39.0</ele>
        <time>2022-12-04T01:54:48</time>
      </trkpt>
      <trkpt lat="23.31154583953321" lon="120.32730172388256">
        <ele>39.0</ele>
        <time>2022-12-04T01:54:49</time>
      </trkpt>
      <trkpt lat="23.31140602938831" lon="120.32719661481678">
        <ele>40.0</ele>
        <time>2022-12-04T01:54:52</time>
      </trkpt>
      <trkpt lat="23.311231434345245" lon="120.32703266479075">
        <ele>40.0</ele>
        <time>2022-12-04T01:54:56</time>
      </trkpt>
      <trkpt lat="23.310988107696176" lon="120.32686829566956">
        <ele>39.0</ele>
        <time>2022-12-04T01:55:01</time>
      </trkpt>
      <trkpt lat="23.31081971526146" lon="120.32680283300579">
        <ele>38.0</ele>
        <time>2022-12-04T01:55:02</time>
      </trkpt>
      <trkpt lat="23.31081971526146" lon="120.32680283300579">
        <ele>38.0</ele>
        <time>2022-12-04T01:55:03</time>
      </trkpt>
      <trkpt lat="23.31076649017632" lon="120.3267812076956">
        <ele>38.0</ele>
        <time>2022-12-04T01:55:05</time>
      </trkpt>
      <trkpt lat="23.31049097701907" lon="120.32660074532032">
        <ele>37.0</ele>
        <time>2022-12-04T01:55:11</time>
      </trkpt>
      <trkpt lat="23.310445295646787" lon="120.32656989991665">
        <ele>37.0</ele>
        <time>2022-12-04T01:55:12</time>
      </trkpt>
      <trkpt lat="23.310267012566328" lon="120.32645129598677">
        <ele>36.0</ele>
        <time>2022-12-04T01:55:16</time>
      </trkpt>
      <trkpt lat="23.3100872207433" lon="120.32635725103319">
        <ele>36.0</ele>
        <time>2022-12-04T01:55:20</time>
      </trkpt>
      <trkpt lat="23.3100457303226" lon="120.3263324405998">
        <ele>36.0</ele>
        <time>2022-12-04T01:55:21</time>
      </trkpt>
      <trkpt lat="23.309956211596727" lon="120.32629271037877">
        <ele>35.0</ele>
        <time>2022-12-04T01:55:23</time>
      </trkpt>
      <trkpt lat="23.30987188965082" lon="120.326245771721">
        <ele>35.0</ele>
        <time>2022-12-04T01:55:25</time>
      </trkpt>
      <trkpt lat="23.30982830375433" lon="120.32622498460114">
        <ele>35.0</ele>
        <time>2022-12-04T01:55:26</time>
      </trkpt>
      <trkpt lat="23.30970517359674" lon="120.32615281641483">
        <ele>35.0</ele>
        <time>2022-12-04T01:55:29</time>
      </trkpt>
      <trkpt lat="23.309665946289897" lon="120.32613043673337">
        <ele>35.0</ele>
        <time>2022-12-04T01:55:30</time>
      </trkpt>
      <trkpt lat="23.309373082593083" lon="120.32598802819848">
        <ele>34.0</ele>
        <time>2022-12-04T01:55:38</time>
      </trkpt>
      <trkpt lat="23.309294544160366" lon="120.32593874260783">
        <ele>35.0</ele>
        <time>2022-12-04T01:55:41</time>
      </trkpt>
      <trkpt lat="23.309264201670885" lon="120.32592692412436">
        <ele>35.0</ele>
        <time>2022-12-04T01:55:43</time>
      </trkpt>
      <trkpt lat="23.309241235256195" lon="120.32591627910733">
        <ele>36.0</ele>
        <time>2022-12-04T01:55:45</time>
      </trkpt>
      <trkpt lat="23.309236709028482" lon="120.32591661438346">
        <ele>36.0</ele>
        <time>2022-12-04T01:55:46</time>
      </trkpt>
      <trkpt lat="23.309237882494926" lon="120.32591879367828">
        <ele>36.0</ele>
        <time>2022-12-04T01:55:48</time>
      </trkpt>
      <trkpt lat="23.309240229427814" lon="120.32591686584055">
        <ele>36.0</ele>
        <time>2022-12-04T01:55:49</time>
      </trkpt>
      <trkpt lat="23.30923603847623" lon="120.32591049559414">
        <ele>34.0</ele>
        <time>2022-12-04T01:55:52</time>
      </trkpt>
      <trkpt lat="23.309233523905277" lon="120.32590814866126">
        <ele>34.0</ele>
        <time>2022-12-04T01:55:53</time>
      </trkpt>
      <trkpt lat="23.309232853353024" lon="120.32590286806226">
        <ele>33.0</ele>
        <time>2022-12-04T01:55:58</time>
      </trkpt>
      <trkpt lat="23.30922975204885" lon="120.32588836736977">
        <ele>32.0</ele>
        <time>2022-12-04T01:56:04</time>
      </trkpt>
      <trkpt lat="23.309219609946012" lon="120.32588082365692">
        <ele>32.0</ele>
        <time>2022-12-04T01:56:05</time>
      </trkpt>
      <trkpt lat="23.309207037091255" lon="120.32587219029665">
        <ele>32.0</ele>
        <time>2022-12-04T01:56:06</time>
      </trkpt>
      <trkpt lat="23.309177784249187" lon="120.32585198991">
        <ele>32.0</ele>
        <time>2022-12-04T01:56:08</time>
      </trkpt>
      <trkpt lat="23.30907636322081" lon="120.32578250393271">
        <ele>32.0</ele>
        <time>2022-12-04T01:56:12</time>
      </trkpt>
      <trkpt lat="23.308803951367736" lon="120.3256402630359">
        <ele>33.0</ele>
        <time>2022-12-04T01:56:18</time>
      </trkpt>
      <trkpt lat="23.308520894497633" lon="120.32546432688832">
        <ele>33.0</ele>
        <time>2022-12-04T01:56:24</time>
      </trkpt>
      <trkpt lat="23.308471273630857" lon="120.32543188892305">
        <ele>33.0</ele>
        <time>2022-12-04T01:56:25</time>
      </trkpt>
      <trkpt lat="23.308125687763095" lon="120.32531244680285">
        <ele>34.0</ele>
        <time>2022-12-04T01:56:31</time>
      </trkpt>
      <trkpt lat="23.30790507607162" lon="120.32520256005228">
        <ele>35.0</ele>
        <time>2022-12-04T01:56:35</time>
      </trkpt>
      <trkpt lat="23.307858807966113" lon="120.32517045736313">
        <ele>35.0</ele>
        <time>2022-12-04T01:56:36</time>
      </trkpt>
      <trkpt lat="23.307700725272298" lon="120.32506048679352">
        <ele>35.0</ele>
        <time>2022-12-04T01:56:39</time>
      </trkpt>
      <trkpt lat="23.30764758400619" lon="120.32502201385796">
        <ele>35.0</ele>
        <time>2022-12-04T01:56:40</time>
      </trkpt>
      <trkpt lat="23.307539205998182" lon="120.32494934275746">
        <ele>35.0</ele>
        <time>2022-12-04T01:56:42</time>
      </trkpt>
      <trkpt lat="23.30748631618917" lon="120.3249095287174">
        <ele>35.0</ele>
        <time>2022-12-04T01:56:43</time>
      </trkpt>
      <trkpt lat="23.307432336732745" lon="120.32487181015313">
        <ele>34.0</ele>
        <time>2022-12-04T01:56:44</time>
      </trkpt>
      <trkpt lat="23.307379530742764" lon="120.32483518123627">
        <ele>34.0</ele>
        <time>2022-12-04T01:56:45</time>
      </trkpt>
      <trkpt lat="23.307327898219228" lon="120.32479796558619">
        <ele>34.0</ele>
        <time>2022-12-04T01:56:46</time>
      </trkpt>
      <trkpt lat="23.307274421676993" lon="120.32476041465998">
        <ele>34.0</ele>
        <time>2022-12-04T01:56:47</time>
      </trkpt>
      <trkpt lat="23.307170486077666" lon="120.32468623481691">
        <ele>34.0</ele>
        <time>2022-12-04T01:56:49</time>
      </trkpt>
      <trkpt lat="23.30712078139186" lon="120.32464382238686">
        <ele>34.0</ele>
        <time>2022-12-04T01:56:50</time>
      </trkpt>
      <trkpt lat="23.306812243536115" lon="120.32441700808704">
        <ele>34.0</ele>
        <time>2022-12-04T01:56:56</time>
      </trkpt>
      <trkpt lat="23.3063571061939" lon="120.32409438863397">
        <ele>35.0</ele>
        <time>2022-12-04T01:57:05</time>
      </trkpt>
      <trkpt lat="23.306302540004253" lon="120.32406404614449">
        <ele>34.0</ele>
        <time>2022-12-04T01:57:06</time>
      </trkpt>
      <trkpt lat="23.306042533367872" lon="120.32390093430877">
        <ele>34.0</ele>
        <time>2022-12-04T01:57:11</time>
      </trkpt>
      <trkpt lat="23.305845307186246" lon="120.32377512194216">
        <ele>34.0</ele>
        <time>2022-12-04T01:57:15</time>
      </trkpt>
      <trkpt lat="23.30574589781463" lon="120.32371301203966">
        <ele>33.0</ele>
        <time>2022-12-04T01:57:17</time>
      </trkpt>
      <trkpt lat="23.305443227291107" lon="120.32352274283767">
        <ele>33.0</ele>
        <time>2022-12-04T01:57:23</time>
      </trkpt>
      <trkpt lat="23.30539360642433" lon="120.32348955050111">
        <ele>33.0</ele>
        <time>2022-12-04T01:57:24</time>
      </trkpt>
      <trkpt lat="23.305030167102814" lon="120.32326759770513">
        <ele>34.0</ele>
        <time>2022-12-04T01:57:31</time>
      </trkpt>
      <trkpt lat="23.304821038618684" lon="120.32313650473952">
        <ele>34.0</ele>
        <time>2022-12-04T01:57:35</time>
      </trkpt>
      <trkpt lat="23.304499508813024" lon="120.322942212224">
        <ele>34.0</ele>
        <time>2022-12-04T01:57:41</time>
      </trkpt>
      <trkpt lat="23.304347125813365" lon="120.32284447923303">
        <ele>35.0</ele>
        <time>2022-12-04T01:57:44</time>
      </trkpt>
      <trkpt lat="23.30398377031088" lon="120.3226245380938">
        <ele>35.0</ele>
        <time>2022-12-04T01:57:51</time>
      </trkpt>
      <trkpt lat="23.303932808339596" lon="120.32258656807244">
        <ele>35.0</ele>
        <time>2022-12-04T01:57:52</time>
      </trkpt>
      <trkpt lat="23.30355872400105" lon="120.322355479002">
        <ele>34.0</ele>
        <time>2022-12-04T01:57:59</time>
      </trkpt>
      <trkpt lat="23.303198888897896" lon="120.32213210128248">
        <ele>34.0</ele>
        <time>2022-12-04T01:58:06</time>
      </trkpt>
      <trkpt lat="23.302789516746998" lon="120.32192272134125">
        <ele>35.0</ele>
        <time>2022-12-04T01:58:14</time>
      </trkpt>
      <trkpt lat="23.302622633054852" lon="120.32186513766646">
        <ele>35.0</ele>
        <time>2022-12-04T01:58:16</time>
      </trkpt>
      <trkpt lat="23.302396154031157" lon="120.3218340408057">
        <ele>35.0</ele>
        <time>2022-12-04T01:58:21</time>
      </trkpt>
      <trkpt lat="23.302129106596112" lon="120.32183169387281">
        <ele>35.0</ele>
        <time>2022-12-04T01:58:26</time>
      </trkpt>
      <trkpt lat="23.30202005803585" lon="120.32184124924242">
        <ele>35.0</ele>
        <time>2022-12-04T01:58:28</time>
      </trkpt>
      <trkpt lat="23.301912853494287" lon="120.32185692340136">
        <ele>35.0</ele>
        <time>2022-12-04T01:58:30</time>
      </trkpt>
      <trkpt lat="23.301754854619503" lon="120.32190067693591">
        <ele>36.0</ele>
        <time>2022-12-04T01:58:33</time>
      </trkpt>
      <trkpt lat="23.301701545715332" lon="120.32191609963775">
        <ele>36.0</ele>
        <time>2022-12-04T01:58:34</time>
      </trkpt>
      <trkpt lat="23.301647817716002" lon="120.32193101942539">
        <ele>36.0</ele>
        <time>2022-12-04T01:58:35</time>
      </trkpt>
      <trkpt lat="23.30127934925258" lon="120.32204107381403">
        <ele>36.0</ele>
        <time>2022-12-04T01:58:42</time>
      </trkpt>
      <trkpt lat="23.30088389106095" lon="120.32218063250184">
        <ele>36.0</ele>
        <time>2022-12-04T01:58:49</time>
      </trkpt>
      <trkpt lat="23.30082823522389" lon="120.32219731248915">
        <ele>36.0</ele>
        <time>2022-12-04T01:58:50</time>
      </trkpt>
      <trkpt lat="23.30060980282724" lon="120.32225908711553">
        <ele>36.0</ele>
        <time>2022-12-04T01:58:54</time>
      </trkpt>
      <trkpt lat="23.300504107028246" lon="120.32229345291853">
        <ele>36.0</ele>
        <time>2022-12-04T01:58:56</time>
      </trkpt>
      <trkpt lat="23.300350047647953" lon="120.32236486673355">
        <ele>36.0</ele>
        <time>2022-12-04T01:58:59</time>
      </trkpt>
      <trkpt lat="23.30012264661491" lon="120.32245254144073">
        <ele>35.0</ele>
        <time>2022-12-04T01:59:04</time>
      </trkpt>
      <trkpt lat="23.30003773793578" lon="120.32248187810183">
        <ele>36.0</ele>
        <time>2022-12-04T01:59:06</time>
      </trkpt>
      <trkpt lat="23.299920642748475" lon="120.32252538017929">
        <ele>37.0</ele>
        <time>2022-12-04T01:59:09</time>
      </trkpt>
      <trkpt lat="23.299815114587545" lon="120.32255664467812">
        <ele>38.0</ele>
        <time>2022-12-04T01:59:12</time>
      </trkpt>
      <trkpt lat="23.299763817340136" lon="120.32256728969514">
        <ele>38.0</ele>
        <time>2022-12-04T01:59:14</time>
      </trkpt>
      <trkpt lat="23.29971226863563" lon="120.32256904989481">
        <ele>39.0</ele>
        <time>2022-12-04T01:59:18</time>
      </trkpt>
      <trkpt lat="23.299701707437634" lon="120.32256737351418">
        <ele>39.0</ele>
        <time>2022-12-04T01:59:19</time>
      </trkpt>
      <trkpt lat="23.299678908661008" lon="120.32256309874356">
        <ele>39.0</ele>
        <time>2022-12-04T01:59:21</time>
      </trkpt>
      <trkpt lat="23.299660300835967" lon="120.32256703823805">
        <ele>39.0</ele>
        <time>2022-12-04T01:59:23</time>
      </trkpt>
      <trkpt lat="23.299638340249658" lon="120.32258413732052">
        <ele>39.0</ele>
        <time>2022-12-04T01:59:26</time>
      </trkpt>
      <trkpt lat="23.299525687471032" lon="120.3226314112544">
        <ele>38.0</ele>
        <time>2022-12-04T01:59:32</time>
      </trkpt>
      <trkpt lat="23.299466762691736" lon="120.3226454090327">
        <ele>38.0</ele>
        <time>2022-12-04T01:59:34</time>
      </trkpt>
      <trkpt lat="23.29934581182897" lon="120.32272788695991">
        <ele>38.0</ele>
        <time>2022-12-04T01:59:37</time>
      </trkpt>
      <trkpt lat="23.299316558986902" lon="120.32274129800498">
        <ele>38.0</ele>
        <time>2022-12-04T01:59:38</time>
      </trkpt>
      <trkpt lat="23.299249419942498" lon="120.32276753336191">
        <ele>38.0</ele>
        <time>2022-12-04T01:59:40</time>
      </trkpt>
      <trkpt lat="23.299104161560535" lon="120.32281589694321">
        <ele>39.0</ele>
        <time>2022-12-04T01:59:44</time>
      </trkpt>
      <trkpt lat="23.299068622291088" lon="120.32282729633152">
        <ele>39.0</ele>
        <time>2022-12-04T01:59:45</time>
      </trkpt>
      <trkpt lat="23.298808615654707" lon="120.32291756942868">
        <ele>40.0</ele>
        <time>2022-12-04T01:59:51</time>
      </trkpt>
      <trkpt lat="23.298736782744527" lon="120.32294439151883">
        <ele>40.0</ele>
        <time>2022-12-04T01:59:54</time>
      </trkpt>
      <trkpt lat="23.29870426096022" lon="120.32295604236424">
        <ele>40.0</ele>
        <time>2022-12-04T01:59:55</time>
      </trkpt>
      <trkpt lat="23.298506112769246" lon="120.32302561216056">
        <ele>41.0</ele>
        <time>2022-12-04T02:00:02</time>
      </trkpt>
      <trkpt lat="23.298367308452725" lon="120.32306986860931">
        <ele>40.0</ele>
        <time>2022-12-04T02:00:08</time>
      </trkpt>
      <trkpt lat="23.298324225470424" lon="120.3230891469866">
        <ele>40.0</ele>
        <time>2022-12-04T02:00:10</time>
      </trkpt>
      <trkpt lat="23.298210818320513" lon="120.32313197851181">
        <ele>40.0</ele>
        <time>2022-12-04T02:00:15</time>
      </trkpt>
      <trkpt lat="23.298112330958247" lon="120.32316374592483">
        <ele>39.0</ele>
        <time>2022-12-04T02:00:19</time>
      </trkpt>
      <trkpt lat="23.29808508977294" lon="120.32317128963768">
        <ele>39.0</ele>
        <time>2022-12-04T02:00:20</time>
      </trkpt>
      <trkpt lat="23.297967072576284" lon="120.32321110367775">
        <ele>39.0</ele>
        <time>2022-12-04T02:00:24</time>
      </trkpt>
      <trkpt lat="23.297902112826705" lon="120.32323247753084">
        <ele>39.0</ele>
        <time>2022-12-04T02:00:26</time>
      </trkpt>
      <trkpt lat="23.29767948947847" lon="120.32331202179193">
        <ele>40.0</ele>
        <time>2022-12-04T02:00:33</time>
      </trkpt>
      <trkpt lat="23.297576727345586" lon="120.32334571704268">
        <ele>40.0</ele>
        <time>2022-12-04T02:00:36</time>
      </trkpt>
      <trkpt lat="23.29754278063774" lon="120.32335770316422">
        <ele>40.0</ele>
        <time>2022-12-04T02:00:37</time>
      </trkpt>
      <trkpt lat="23.297405820339918" lon="120.32340615056455">
        <ele>41.0</ele>
        <time>2022-12-04T02:00:41</time>
      </trkpt>
      <trkpt lat="23.29726852476597" lon="120.32345216721296">
        <ele>42.0</ele>
        <time>2022-12-04T02:00:45</time>
      </trkpt>
      <trkpt lat="23.297232817858458" lon="120.32346289604902">
        <ele>42.0</ele>
        <time>2022-12-04T02:00:46</time>
      </trkpt>
      <trkpt lat="23.29689963720739" lon="120.32357730902731">
        <ele>42.0</ele>
        <time>2022-12-04T02:00:55</time>
      </trkpt>
      <trkpt lat="23.29655078239739" lon="120.32370504923165">
        <ele>43.0</ele>
        <time>2022-12-04T02:01:03</time>
      </trkpt>
      <trkpt lat="23.29650250263512" lon="120.32372139394283">
        <ele>43.0</ele>
        <time>2022-12-04T02:01:04</time>
      </trkpt>
      <trkpt lat="23.296079467982054" lon="120.3238574322313">
        <ele>44.0</ele>
        <time>2022-12-04T02:01:12</time>
      </trkpt>
      <trkpt lat="23.295713597908616" lon="120.3239800594747">
        <ele>44.0</ele>
        <time>2022-12-04T02:01:18</time>
      </trkpt>
      <trkpt lat="23.295648973435163" lon="120.324004618451">
        <ele>44.0</ele>
        <time>2022-12-04T02:01:19</time>
      </trkpt>
      <trkpt lat="23.295510755851865" lon="120.32405951991677">
        <ele>44.0</ele>
        <time>2022-12-04T02:01:21</time>
      </trkpt>
      <trkpt lat="23.295208672061563" lon="120.32416521571577">
        <ele>43.0</ele>
        <time>2022-12-04T02:01:25</time>
      </trkpt>
      <trkpt lat="23.2951273676008" lon="120.32419111579657">
        <ele>43.0</ele>
        <time>2022-12-04T02:01:26</time>
      </trkpt>
      <trkpt lat="23.294715732336044" lon="120.32432966865599">
        <ele>43.0</ele>
        <time>2022-12-04T02:01:31</time>
      </trkpt>
      <trkpt lat="23.294549770653248" lon="120.32438708469272">
        <ele>43.0</ele>
        <time>2022-12-04T02:01:33</time>
      </trkpt>
      <trkpt lat="23.29430610872805" lon="120.32446989789605">
        <ele>42.0</ele>
        <time>2022-12-04T02:01:36</time>
      </trkpt>
      <trkpt lat="23.294076025485992" lon="120.32454567030072">
        <ele>41.0</ele>
        <time>2022-12-04T02:01:39</time>
      </trkpt>
      <trkpt lat="23.293781904503703" lon="120.32465597614646">
        <ele>41.0</ele>
        <time>2022-12-04T02:01:43</time>
      </trkpt>
      <trkpt lat="23.29342693090439" lon="120.32477784901857">
        <ele>41.0</ele>
        <time>2022-12-04T02:01:48</time>
      </trkpt>
      <trkpt lat="23.293289048597217" lon="120.3248262964189">
        <ele>41.0</ele>
        <time>2022-12-04T02:01:50</time>
      </trkpt>
      <trkpt lat="23.293222663924098" lon="120.3248471673578">
        <ele>41.0</ele>
        <time>2022-12-04T02:01:51</time>
      </trkpt>
      <trkpt lat="23.292895602062345" lon="120.32496409490705">
        <ele>42.0</ele>
        <time>2022-12-04T02:01:56</time>
      </trkpt>
      <trkpt lat="23.29269996844232" lon="120.32503475435078">
        <ele>42.0</ele>
        <time>2022-12-04T02:01:59</time>
      </trkpt>
      <trkpt lat="23.292636768892407" lon="120.32505788840353">
        <ele>43.0</ele>
        <time>2022-12-04T02:02:00</time>
      </trkpt>
      <trkpt lat="23.292389754205942" lon="120.32514254562557">
        <ele>43.0</ele>
        <time>2022-12-04T02:02:04</time>
      </trkpt>
      <trkpt lat="23.29204509034753" lon="120.32526793889701">
        <ele>43.0</ele>
        <time>2022-12-04T02:02:10</time>
      </trkpt>
      <trkpt lat="23.291935119777918" lon="120.3253046516329">
        <ele>43.0</ele>
        <time>2022-12-04T02:02:12</time>
      </trkpt>
      <trkpt lat="23.291882313787937" lon="120.32532309181988">
        <ele>43.0</ele>
        <time>2022-12-04T02:02:13</time>
      </trkpt>
      <trkpt lat="23.291572853922844" lon="120.32543507404625">
        <ele>43.0</ele>
        <time>2022-12-04T02:02:19</time>
      </trkpt>
      <trkpt lat="23.29148316755891" lon="120.32547463662922">
        <ele>43.0</ele>
        <time>2022-12-04T02:02:21</time>
      </trkpt>
      <trkpt lat="23.291402366012335" lon="120.32550648786128">
        <ele>44.0</ele>
        <time>2022-12-04T02:02:23</time>
      </trkpt>
      <trkpt lat="23.291326090693474" lon="120.3255274426192">
        <ele>44.0</ele>
        <time>2022-12-04T02:02:25</time>
      </trkpt>
      <trkpt lat="23.291245372965932" lon="120.32554781064391">
        <ele>44.0</ele>
        <time>2022-12-04T02:02:27</time>
      </trkpt>
      <trkpt lat="23.291112268343568" lon="120.32559181563556">
        <ele>43.0</ele>
        <time>2022-12-04T02:02:30</time>
      </trkpt>
      <trkpt lat="23.29089584760368" lon="120.32567127607763">
        <ele>42.0</ele>
        <time>2022-12-04T02:02:34</time>
      </trkpt>
      <trkpt lat="23.290732819586992" lon="120.3257156163454">
        <ele>41.0</ele>
        <time>2022-12-04T02:02:37</time>
      </trkpt>
      <trkpt lat="23.29047381877899" lon="120.32577998936176">
        <ele>42.0</ele>
        <time>2022-12-04T02:02:41</time>
      </trkpt>
      <trkpt lat="23.29033342190087" lon="120.32581360079348">
        <ele>42.0</ele>
        <time>2022-12-04T02:02:43</time>
      </trkpt>
      <trkpt lat="23.29003787599504" lon="120.32586179673672">
        <ele>41.0</ele>
        <time>2022-12-04T02:02:47</time>
      </trkpt>
      <trkpt lat="23.289819611236453" lon="120.3258659876883">
        <ele>41.0</ele>
        <time>2022-12-04T02:02:50</time>
      </trkpt>
      <trkpt lat="23.28947503119707" lon="120.32582491636276">
        <ele>42.0</ele>
        <time>2022-12-04T02:02:55</time>
      </trkpt>
      <trkpt lat="23.289348213002086" lon="120.3258020337671">
        <ele>42.0</ele>
        <time>2022-12-04T02:02:57</time>
      </trkpt>
      <trkpt lat="23.288886789232492" lon="120.32577202655375">
        <ele>42.0</ele>
        <time>2022-12-04T02:03:04</time>
      </trkpt>
      <trkpt lat="23.288439279422164" lon="120.32573112286627">
        <ele>43.0</ele>
        <time>2022-12-04T02:03:11</time>
      </trkpt>
      <trkpt lat="23.288309779018164" lon="120.32571628689766">
        <ele>43.0</ele>
        <time>2022-12-04T02:03:13</time>
      </trkpt>
      <trkpt lat="23.288064189255238" lon="120.3256918117404">
        <ele>43.0</ele>
        <time>2022-12-04T02:03:17</time>
      </trkpt>
      <trkpt lat="23.28794072382152" lon="120.32567747868598">
        <ele>44.0</ele>
        <time>2022-12-04T02:03:19</time>
      </trkpt>
      <trkpt lat="23.287819772958755" lon="120.32566532492638">
        <ele>44.0</ele>
        <time>2022-12-04T02:03:21</time>
      </trkpt>
      <trkpt lat="23.287283079698682" lon="120.32559894025326">
        <ele>43.0</ele>
        <time>2022-12-04T02:03:30</time>
      </trkpt>
      <trkpt lat="23.28716514632106" lon="120.32558770850301">
        <ele>43.0</ele>
        <time>2022-12-04T02:03:32</time>
      </trkpt>
      <trkpt lat="23.286980744451284" lon="120.32555744983256">
        <ele>42.0</ele>
        <time>2022-12-04T02:03:35</time>
      </trkpt>
      <trkpt lat="23.28685836866498" lon="120.32554504461586">
        <ele>42.0</ele>
        <time>2022-12-04T02:03:37</time>
      </trkpt>
      <trkpt lat="23.286631302908063" lon="120.32553674653172">
        <ele>41.0</ele>
        <time>2022-12-04T02:03:41</time>
      </trkpt>
      <trkpt lat="23.286328045651317" lon="120.32552811317146">
        <ele>42.0</ele>
        <time>2022-12-04T02:03:46</time>
      </trkpt>
      <trkpt lat="23.286016322672367" lon="120.32549827359617">
        <ele>42.0</ele>
        <time>2022-12-04T02:03:51</time>
      </trkpt>
      <trkpt lat="23.285947842523456" lon="120.32549785450101">
        <ele>42.0</ele>
        <time>2022-12-04T02:03:52</time>
      </trkpt>
      <trkpt lat="23.285753717646003" lon="120.32548016868532">
        <ele>41.0</ele>
        <time>2022-12-04T02:03:55</time>
      </trkpt>
      <trkpt lat="23.285369239747524" lon="120.32545552588999">
        <ele>41.0</ele>
        <time>2022-12-04T02:04:01</time>
      </trkpt>
      <trkpt lat="23.285174360498786" lon="120.32544077374041">
        <ele>41.0</ele>
        <time>2022-12-04T02:04:04</time>
      </trkpt>
      <trkpt lat="23.28485886566341" lon="120.32541126944125">
        <ele>41.0</ele>
        <time>2022-12-04T02:04:09</time>
      </trkpt>
      <trkpt lat="23.28444790095091" lon="120.32535066828132">
        <ele>41.0</ele>
        <time>2022-12-04T02:04:16</time>
      </trkpt>
      <trkpt lat="23.284149505198002" lon="120.32533189281821">
        <ele>40.0</ele>
        <time>2022-12-04T02:04:21</time>
      </trkpt>
      <trkpt lat="23.28386351466179" lon="120.32530381344259">
        <ele>40.0</ele>
        <time>2022-12-04T02:04:26</time>
      </trkpt>
      <trkpt lat="23.28344869427383" lon="120.32525737769902">
        <ele>39.0</ele>
        <time>2022-12-04T02:04:33</time>
      </trkpt>
      <trkpt lat="23.282970003783703" lon="120.32521211542189">
        <ele>41.0</ele>
        <time>2022-12-04T02:04:41</time>
      </trkpt>
      <trkpt lat="23.28285307623446" lon="120.32519686035812">
        <ele>41.0</ele>
        <time>2022-12-04T02:04:43</time>
      </trkpt>
      <trkpt lat="23.28244320116937" lon="120.325175402686">
        <ele>42.0</ele>
        <time>2022-12-04T02:04:50</time>
      </trkpt>
      <trkpt lat="23.28203215263784" lon="120.32516978681087">
        <ele>42.0</ele>
        <time>2022-12-04T02:04:57</time>
      </trkpt>
      <trkpt lat="23.28185529448092" lon="120.32516953535378">
        <ele>41.0</ele>
        <time>2022-12-04T02:05:00</time>
      </trkpt>
      <trkpt lat="23.281681202352047" lon="120.32516467384994">
        <ele>41.0</ele>
        <time>2022-12-04T02:05:03</time>
      </trkpt>
      <trkpt lat="23.2815626822412" lon="120.32516207545996">
        <ele>40.0</ele>
        <time>2022-12-04T02:05:05</time>
      </trkpt>
      <trkpt lat="23.281500237062573" lon="120.32515997998416">
        <ele>40.0</ele>
        <time>2022-12-04T02:05:06</time>
      </trkpt>
      <trkpt lat="23.281432259827852" lon="120.32517129555345">
        <ele>40.0</ele>
        <time>2022-12-04T02:05:07</time>
      </trkpt>
      <trkpt lat="23.281307369470596" lon="120.32517691142857">
        <ele>40.0</ele>
        <time>2022-12-04T02:05:09</time>
      </trkpt>
      <trkpt lat="23.28118298202753" lon="120.32518244348466">
        <ele>40.0</ele>
        <time>2022-12-04T02:05:11</time>
      </trkpt>
      <trkpt lat="23.281003274023533" lon="120.32518797554076">
        <ele>39.0</ele>
        <time>2022-12-04T02:05:14</time>
      </trkpt>
      <trkpt lat="23.280696496367455" lon="120.32518554478884">
        <ele>38.0</ele>
        <time>2022-12-04T02:05:19</time>
      </trkpt>
      <trkpt lat="23.28063673339784" lon="120.32518428750336">
        <ele>38.0</ele>
        <time>2022-12-04T02:05:20</time>
      </trkpt>
      <trkpt lat="23.28051444143057" lon="120.32517942599952">
        <ele>38.0</ele>
        <time>2022-12-04T02:05:22</time>
      </trkpt>
      <trkpt lat="23.28032643534243" lon="120.32517833635211">
        <ele>38.0</ele>
        <time>2022-12-04T02:05:25</time>
      </trkpt>
      <trkpt lat="23.280265163630247" lon="120.32517716288567">
        <ele>38.0</ele>
        <time>2022-12-04T02:05:26</time>
      </trkpt>
      <trkpt lat="23.27996090054512" lon="120.32516400329769">
        <ele>37.0</ele>
        <time>2022-12-04T02:05:31</time>
      </trkpt>
      <trkpt lat="23.279697792604566" lon="120.3251479100436">
        <ele>38.0</ele>
        <time>2022-12-04T02:05:36</time>
      </trkpt>
      <trkpt lat="23.279514396563172" lon="120.32514170743525">
        <ele>38.0</ele>
        <time>2022-12-04T02:05:41</time>
      </trkpt>
      <trkpt lat="23.279373245313764" lon="120.32514019869268">
        <ele>38.0</ele>
        <time>2022-12-04T02:05:47</time>
      </trkpt>
      <trkpt lat="23.279332425445318" lon="120.32513491809368">
        <ele>38.0</ele>
        <time>2022-12-04T02:05:49</time>
      </trkpt>
      <trkpt lat="23.279316751286387" lon="120.32512092031538">
        <ele>38.0</ele>
        <time>2022-12-04T02:05:50</time>
      </trkpt>
      <trkpt lat="23.279283894225955" lon="120.32509191893041">
        <ele>37.0</ele>
        <time>2022-12-04T02:05:53</time>
      </trkpt>
      <trkpt lat="23.279250031337142" lon="120.32508471049368">
        <ele>37.0</ele>
        <time>2022-12-04T02:05:59</time>
      </trkpt>
      <trkpt lat="23.279247684404254" lon="120.3250842075795">
        <ele>37.0</ele>
        <time>2022-12-04T02:06:01</time>
      </trkpt>
      <trkpt lat="23.279246343299747" lon="120.32507884316146">
        <ele>37.0</ele>
        <time>2022-12-04T02:06:09</time>
      </trkpt>
      <trkpt lat="23.279046937823296" lon="120.32515411265194">
        <ele>37.0</ele>
        <time>2022-12-04T02:30:30</time>
      </trkpt>
      <trkpt lat="23.279045596718788" lon="120.3251563757658">
        <ele>37.0</ele>
        <time>2022-12-04T02:30:31</time>
      </trkpt>
      <trkpt lat="23.279022127389908" lon="120.32515788450837">
        <ele>36.0</ele>
        <time>2022-12-04T02:30:34</time>
      </trkpt>
      <trkpt lat="23.27900125645101" lon="120.32515545375645">
        <ele>36.0</ele>
        <time>2022-12-04T02:30:36</time>
      </trkpt>
      <trkpt lat="23.27891467139125" lon="120.32515210099518">
        <ele>36.0</ele>
        <time>2022-12-04T02:30:40</time>
      </trkpt>
      <trkpt lat="23.278880892321467" lon="120.32515218481421">
        <ele>36.0</ele>
        <time>2022-12-04T02:30:41</time>
      </trkpt>
      <trkpt lat="23.278631446883082" lon="120.32517791725695">
        <ele>36.0</ele>
        <time>2022-12-04T02:30:48</time>
      </trkpt>
      <trkpt lat="23.278554584831" lon="120.32517422921956">
        <ele>36.0</ele>
        <time>2022-12-04T02:30:50</time>
      </trkpt>
      <trkpt lat="23.278284016996622" lon="120.3251733072102">
        <ele>36.0</ele>
        <time>2022-12-04T02:30:57</time>
      </trkpt>
      <trkpt lat="23.278116043657064" lon="120.32516760751605">
        <ele>36.0</ele>
        <time>2022-12-04T02:31:01</time>
      </trkpt>
      <trkpt lat="23.277985202148557" lon="120.32515754923224">
        <ele>36.0</ele>
        <time>2022-12-04T02:31:04</time>
      </trkpt>
      <trkpt lat="23.27771279029548" lon="120.32513483427465">
        <ele>36.0</ele>
        <time>2022-12-04T02:31:11</time>
      </trkpt>
      <trkpt lat="23.277670880779624" lon="120.32513458281755">
        <ele>36.0</ele>
        <time>2022-12-04T02:31:12</time>
      </trkpt>
      <trkpt lat="23.277407605201006" lon="120.32513248734176">
        <ele>36.0</ele>
        <time>2022-12-04T02:31:18</time>
      </trkpt>
      <trkpt lat="23.277362175285816" lon="120.32513399608433">
        <ele>37.0</ele>
        <time>2022-12-04T02:31:19</time>
      </trkpt>
      <trkpt lat="23.277048021554947" lon="120.32512368634343">
        <ele>37.0</ele>
        <time>2022-12-04T02:31:26</time>
      </trkpt>
      <trkpt lat="23.277004519477487" lon="120.32512427307665">
        <ele>37.0</ele>
        <time>2022-12-04T02:31:27</time>
      </trkpt>
      <trkpt lat="23.276961352676153" lon="120.32512393780053">
        <ele>37.0</ele>
        <time>2022-12-04T02:31:28</time>
      </trkpt>
      <trkpt lat="23.276875019073486" lon="120.32512242905796">
        <ele>36.0</ele>
        <time>2022-12-04T02:31:30</time>
      </trkpt>
      <trkpt lat="23.27674375846982" lon="120.32511899247766">
        <ele>36.0</ele>
        <time>2022-12-04T02:31:33</time>
      </trkpt>
      <trkpt lat="23.276374703273177" lon="120.32511346042156">
        <ele>36.0</ele>
        <time>2022-12-04T02:31:41</time>
      </trkpt>
      <trkpt lat="23.275978909805417" lon="120.32511622644961">
        <ele>35.0</ele>
        <time>2022-12-04T02:31:49</time>
      </trkpt>
      <trkpt lat="23.275585798546672" lon="120.32512184232473">
        <ele>35.0</ele>
        <time>2022-12-04T02:31:57</time>
      </trkpt>
      <trkpt lat="23.275370467454195" lon="120.32511614263058">
        <ele>35.0</ele>
        <time>2022-12-04T02:32:01</time>
      </trkpt>
      <trkpt lat="23.275206852704287" lon="120.32510222867131">
        <ele>35.0</ele>
        <time>2022-12-04T02:32:04</time>
      </trkpt>
      <trkpt lat="23.274876940995455" lon="120.32507138326764">
        <ele>36.0</ele>
        <time>2022-12-04T02:32:10</time>
      </trkpt>
      <trkpt lat="23.27471097931266" lon="120.32504498027265">
        <ele>36.0</ele>
        <time>2022-12-04T02:32:13</time>
      </trkpt>
      <trkpt lat="23.274658005684614" lon="120.3250339999795">
        <ele>36.0</ele>
        <time>2022-12-04T02:32:14</time>
      </trkpt>
      <trkpt lat="23.274306133389473" lon="120.32492863945663">
        <ele>37.0</ele>
        <time>2022-12-04T02:32:21</time>
      </trkpt>
      <trkpt lat="23.274166909977794" lon="120.32486602663994">
        <ele>37.0</ele>
        <time>2022-12-04T02:32:24</time>
      </trkpt>
      <trkpt lat="23.273956524208188" lon="120.3247451595962">
        <ele>37.0</ele>
        <time>2022-12-04T02:32:29</time>
      </trkpt>
      <trkpt lat="23.27378603629768" lon="120.32460610382259">
        <ele>38.0</ele>
        <time>2022-12-04T02:32:34</time>
      </trkpt>
      <trkpt lat="23.27372652478516" lon="120.32454634085298">
        <ele>37.0</ele>
        <time>2022-12-04T02:32:36</time>
      </trkpt>
      <trkpt lat="23.273701881989837" lon="120.32451398670673">
        <ele>37.0</ele>
        <time>2022-12-04T02:32:37</time>
      </trkpt>
      <trkpt lat="23.273615799844265" lon="120.32441432587802">
        <ele>37.0</ele>
        <time>2022-12-04T02:32:40</time>
      </trkpt>
      <trkpt lat="23.273503566160798" lon="120.32427216880023">
        <ele>37.0</ele>
        <time>2022-12-04T02:32:44</time>
      </trkpt>
      <trkpt lat="23.273473642766476" lon="120.3242361266166">
        <ele>37.0</ele>
        <time>2022-12-04T02:32:45</time>
      </trkpt>
      <trkpt lat="23.27342947013676" lon="120.32416814938188">
        <ele>37.0</ele>
        <time>2022-12-04T02:32:47</time>
      </trkpt>
      <trkpt lat="23.273343220353127" lon="120.32404141500592">
        <ele>37.0</ele>
        <time>2022-12-04T02:32:51</time>
      </trkpt>
      <trkpt lat="23.273293934762478" lon="120.32395793125033">
        <ele>37.0</ele>
        <time>2022-12-04T02:32:54</time>
      </trkpt>
      <trkpt lat="23.273273147642612" lon="120.32393303699791">
        <ele>38.0</ele>
        <time>2022-12-04T02:32:55</time>
      </trkpt>
      <trkpt lat="23.273257138207555" lon="120.32390621490777">
        <ele>38.0</ele>
        <time>2022-12-04T02:32:56</time>
      </trkpt>
      <trkpt lat="23.273228723555803" lon="120.32385173253715">
        <ele>38.0</ele>
        <time>2022-12-04T02:32:58</time>
      </trkpt>
      <trkpt lat="23.273215563967824" lon="120.32382457517087">
        <ele>38.0</ele>
        <time>2022-12-04T02:32:59</time>
      </trkpt>
      <trkpt lat="23.27314699999988" lon="120.32368635758758">
        <ele>39.0</ele>
        <time>2022-12-04T02:33:04</time>
      </trkpt>
      <trkpt lat="23.273136606439948" lon="120.32365802675486">
        <ele>39.0</ele>
        <time>2022-12-04T02:33:05</time>
      </trkpt>
      <trkpt lat="23.273126548156142" lon="120.3236296121031">
        <ele>39.0</ele>
        <time>2022-12-04T02:33:06</time>
      </trkpt>
      <trkpt lat="23.273061588406563" lon="120.32341176643968">
        <ele>39.0</ele>
        <time>2022-12-04T02:33:14</time>
      </trkpt>
      <trkpt lat="23.273031748831272" lon="120.32330196350813">
        <ele>40.0</ele>
        <time>2022-12-04T02:33:18</time>
      </trkpt>
      <trkpt lat="23.273020768538117" lon="120.32327271066606">
        <ele>40.0</ele>
        <time>2022-12-04T02:33:19</time>
      </trkpt>
      <trkpt lat="23.27301104553044" lon="120.32324287109077">
        <ele>40.0</ele>
        <time>2022-12-04T02:33:20</time>
      </trkpt>
      <trkpt lat="23.272942816838622" lon="120.32306022942066">
        <ele>41.0</ele>
        <time>2022-12-04T02:33:26</time>
      </trkpt>
      <trkpt lat="23.272925382480025" lon="120.32299501821399">
        <ele>41.0</ele>
        <time>2022-12-04T02:33:28</time>
      </trkpt>
      <trkpt lat="23.272907864302397" lon="120.32293022610247">
        <ele>41.0</ele>
        <time>2022-12-04T02:33:30</time>
      </trkpt>
      <trkpt lat="23.272863188758492" lon="120.32279879786074">
        <ele>41.0</ele>
        <time>2022-12-04T02:33:34</time>
      </trkpt>
      <trkpt lat="23.27282840386033" lon="120.32270198687911">
        <ele>40.0</ele>
        <time>2022-12-04T02:33:37</time>
      </trkpt>
      <trkpt lat="23.272770987823606" lon="120.3225267212838">
        <ele>40.0</ele>
        <time>2022-12-04T02:33:42</time>
      </trkpt>
      <trkpt lat="23.272682139649987" lon="120.32225598581135">
        <ele>40.0</ele>
        <time>2022-12-04T02:33:48</time>
      </trkpt>
      <trkpt lat="23.272667219862342" lon="120.32220301218331">
        <ele>40.0</ele>
        <time>2022-12-04T02:33:49</time>
      </trkpt>
      <trkpt lat="23.272618018090725" lon="120.32203537411988">
        <ele>40.0</ele>
        <time>2022-12-04T02:33:52</time>
      </trkpt>
      <trkpt lat="23.272528667002916" lon="120.32173655927181">
        <ele>39.0</ele>
        <time>2022-12-04T02:33:57</time>
      </trkpt>
      <trkpt lat="23.27247711829841" lon="120.321538830176">
        <ele>40.0</ele>
        <time>2022-12-04T02:34:00</time>
      </trkpt>
      <trkpt lat="23.27238282188773" lon="120.32127002254128">
        <ele>40.0</ele>
        <time>2022-12-04T02:34:04</time>
      </trkpt>
      <trkpt lat="23.272310150787234" lon="120.32105091959238">
        <ele>39.0</ele>
        <time>2022-12-04T02:34:07</time>
      </trkpt>
      <trkpt lat="23.27226296067238" lon="120.32090130262077">
        <ele>37.0</ele>
        <time>2022-12-04T02:34:09</time>
      </trkpt>
      <trkpt lat="23.272238234058022" lon="120.32082661986351">
        <ele>37.0</ele>
        <time>2022-12-04T02:34:10</time>
      </trkpt>
      <trkpt lat="23.272069757804275" lon="120.3203228674829">
        <ele>38.0</ele>
        <time>2022-12-04T02:34:16</time>
      </trkpt>
      <trkpt lat="23.272041007876396" lon="120.32023628242314">
        <ele>38.0</ele>
        <time>2022-12-04T02:34:17</time>
      </trkpt>
      <trkpt lat="23.271955512464046" lon="120.3199705760926">
        <ele>38.0</ele>
        <time>2022-12-04T02:34:20</time>
      </trkpt>
      <trkpt lat="23.271847972646356" lon="120.31961333937943">
        <ele>37.0</ele>
        <time>2022-12-04T02:34:24</time>
      </trkpt>
      <trkpt lat="23.27179248444736" lon="120.31943614594638">
        <ele>37.0</ele>
        <time>2022-12-04T02:34:26</time>
      </trkpt>
      <trkpt lat="23.27165426686406" lon="120.31901814043522">
        <ele>37.0</ele>
        <time>2022-12-04T02:34:31</time>
      </trkpt>
      <trkpt lat="23.271506996825337" lon="120.31851564534009">
        <ele>37.0</ele>
        <time>2022-12-04T02:34:38</time>
      </trkpt>
      <trkpt lat="23.271456034854054" lon="120.3183299023658">
        <ele>37.0</ele>
        <time>2022-12-04T02:34:41</time>
      </trkpt>
      <trkpt lat="23.271397361531854" lon="120.31816109083593">
        <ele>36.0</ele>
        <time>2022-12-04T02:34:44</time>
      </trkpt>
      <trkpt lat="23.27137816697359" lon="120.31810669228435">
        <ele>36.0</ele>
        <time>2022-12-04T02:34:45</time>
      </trkpt>
      <trkpt lat="23.271294767037034" lon="120.31783537007868">
        <ele>35.0</ele>
        <time>2022-12-04T02:34:50</time>
      </trkpt>
      <trkpt lat="23.27126777730882" lon="120.31773403286934">
        <ele>35.0</ele>
        <time>2022-12-04T02:34:52</time>
      </trkpt>
      <trkpt lat="23.271235171705484" lon="120.31763990409672">
        <ele>35.0</ele>
        <time>2022-12-04T02:34:54</time>
      </trkpt>
      <trkpt lat="23.271189238876104" lon="120.31748425215483">
        <ele>35.0</ele>
        <time>2022-12-04T02:34:57</time>
      </trkpt>
      <trkpt lat="23.271150765940547" lon="120.31737553887069">
        <ele>35.0</ele>
        <time>2022-12-04T02:34:59</time>
      </trkpt>
      <trkpt lat="23.271064180880785" lon="120.31709709204733">
        <ele>34.0</ele>
        <time>2022-12-04T02:35:04</time>
      </trkpt>
      <trkpt lat="23.271009866148233" lon="120.3169310465455">
        <ele>35.0</ele>
        <time>2022-12-04T02:35:07</time>
      </trkpt>
      <trkpt lat="23.27090559527278" lon="120.3166500851512">
        <ele>34.0</ele>
        <time>2022-12-04T02:35:12</time>
      </trkpt>
      <trkpt lat="23.27086905017495" lon="120.31653986312449">
        <ele>34.0</ele>
        <time>2022-12-04T02:35:14</time>
      </trkpt>
      <trkpt lat="23.270852454006672" lon="120.31648278236389">
        <ele>33.0</ele>
        <time>2022-12-04T02:35:15</time>
      </trkpt>
      <trkpt lat="23.27068774960935" lon="120.31604306772351">
        <ele>35.0</ele>
        <time>2022-12-04T02:35:23</time>
      </trkpt>
      <trkpt lat="23.270646259188652" lon="120.31593703664839">
        <ele>35.0</ele>
        <time>2022-12-04T02:35:25</time>
      </trkpt>
      <trkpt lat="23.270608875900507" lon="120.31583175994456">
        <ele>36.0</ele>
        <time>2022-12-04T02:35:27</time>
      </trkpt>
      <trkpt lat="23.270592531189322" lon="120.31578029505908">
        <ele>36.0</ele>
        <time>2022-12-04T02:35:28</time>
      </trkpt>
      <trkpt lat="23.270537462085485" lon="120.3156259842217">
        <ele>35.0</ele>
        <time>2022-12-04T02:35:31</time>
      </trkpt>
      <trkpt lat="23.270498234778643" lon="120.31552221626043">
        <ele>35.0</ele>
        <time>2022-12-04T02:35:33</time>
      </trkpt>
      <trkpt lat="23.270355658605695" lon="120.31516648828983">
        <ele>36.0</ele>
        <time>2022-12-04T02:35:40</time>
      </trkpt>
      <trkpt lat="23.2703242264688" lon="120.31506347469985">
        <ele>36.0</ele>
        <time>2022-12-04T02:35:42</time>
      </trkpt>
      <trkpt lat="23.27022498473525" lon="120.31483171507716">
        <ele>36.0</ele>
        <time>2022-12-04T02:35:47</time>
      </trkpt>
      <trkpt lat="23.270178632810712" lon="120.31473834067583">
        <ele>36.0</ele>
        <time>2022-12-04T02:35:49</time>
      </trkpt>
      <trkpt lat="23.27004561200738" lon="120.31450775451958">
        <ele>35.0</ele>
        <time>2022-12-04T02:35:54</time>
      </trkpt>
      <trkpt lat="23.269986603409052" lon="120.31442225910723">
        <ele>35.0</ele>
        <time>2022-12-04T02:35:56</time>
      </trkpt>
      <trkpt lat="23.269847631454468" lon="120.31423098407686">
        <ele>35.0</ele>
        <time>2022-12-04T02:36:01</time>
      </trkpt>
      <trkpt lat="23.26978527009487" lon="120.31416937708855">
        <ele>35.0</ele>
        <time>2022-12-04T02:36:03</time>
      </trkpt>
      <trkpt lat="23.26970170252025" lon="120.31407826580107">
        <ele>36.0</ele>
        <time>2022-12-04T02:36:06</time>
      </trkpt>
      <trkpt lat="23.269643280655146" lon="120.31402386724949">
        <ele>36.0</ele>
        <time>2022-12-04T02:36:08</time>
      </trkpt>
      <trkpt lat="23.269563233479857" lon="120.31395086087286">
        <ele>37.0</ele>
        <time>2022-12-04T02:36:11</time>
      </trkpt>
      <trkpt lat="23.269472122192383" lon="120.3138814587146">
        <ele>39.0</ele>
        <time>2022-12-04T02:36:15</time>
      </trkpt>
      <trkpt lat="23.26943683438003" lon="120.31385664828122">
        <ele>39.0</ele>
        <time>2022-12-04T02:36:17</time>
      </trkpt>
      <trkpt lat="23.2694124430418" lon="120.31383854337037">
        <ele>40.0</ele>
        <time>2022-12-04T02:36:19</time>
      </trkpt>
      <trkpt lat="23.269390566274524" lon="120.31383586116135">
        <ele>40.0</ele>
        <time>2022-12-04T02:36:22</time>
      </trkpt>
      <trkpt lat="23.26938939280808" lon="120.31383854337037">
        <ele>37.0</ele>
        <time>2022-12-04T02:36:25</time>
      </trkpt>
      <trkpt lat="23.269389225170016" lon="120.31383820809424">
        <ele>37.0</ele>
        <time>2022-12-04T02:36:27</time>
      </trkpt>
      <trkpt lat="23.269385872408748" lon="120.31383569352329">
        <ele>37.0</ele>
        <time>2022-12-04T02:36:31</time>
      </trkpt>
      <trkpt lat="23.269376819953322" lon="120.3138264734298">
        <ele>37.0</ele>
        <time>2022-12-04T02:36:38</time>
      </trkpt>
      <trkpt lat="23.26935268007219" lon="120.31380979344249">
        <ele>37.0</ele>
        <time>2022-12-04T02:36:40</time>
      </trkpt>
      <trkpt lat="23.269248325377703" lon="120.31372865661979">
        <ele>36.0</ele>
        <time>2022-12-04T02:36:44</time>
      </trkpt>
      <trkpt lat="23.2691811863333" lon="120.31366679817438">
        <ele>34.0</ele>
        <time>2022-12-04T02:36:46</time>
      </trkpt>
      <trkpt lat="23.26914170756936" lon="120.31363561749458">
        <ele>34.0</ele>
        <time>2022-12-04T02:36:47</time>
      </trkpt>
      <trkpt lat="23.26909870840609" lon="120.3136073704809">
        <ele>34.0</ele>
        <time>2022-12-04T02:36:48</time>
      </trkpt>
      <trkpt lat="23.269054032862186" lon="120.31358004547656">
        <ele>34.0</ele>
        <time>2022-12-04T02:36:49</time>
      </trkpt>
      <trkpt lat="23.269006591290236" lon="120.31355489976704">
        <ele>33.0</ele>
        <time>2022-12-04T02:36:50</time>
      </trkpt>
      <trkpt lat="23.268960742279887" lon="120.31353252008557">
        <ele>33.0</ele>
        <time>2022-12-04T02:36:51</time>
      </trkpt>
      <trkpt lat="23.268617754802108" lon="120.31336655840278">
        <ele>32.0</ele>
        <time>2022-12-04T02:36:58</time>
      </trkpt>
      <trkpt lat="23.268566709011793" lon="120.31334359198809">
        <ele>32.0</ele>
        <time>2022-12-04T02:36:59</time>
      </trkpt>
      <trkpt lat="23.268460845574737" lon="120.31330587342381">
        <ele>32.0</ele>
        <time>2022-12-04T02:37:01</time>
      </trkpt>
      <trkpt lat="23.268354143947363" lon="120.31327821314335">
        <ele>32.0</ele>
        <time>2022-12-04T02:37:03</time>
      </trkpt>
      <trkpt lat="23.26830276288092" lon="120.31327058561146">
        <ele>32.0</ele>
        <time>2022-12-04T02:37:04</time>
      </trkpt>
      <trkpt lat="23.268197737634182" lon="120.3132582642138">
        <ele>32.0</ele>
        <time>2022-12-04T02:37:06</time>
      </trkpt>
      <trkpt lat="23.26804082840681" lon="120.31324024312198">
        <ele>32.0</ele>
        <time>2022-12-04T02:37:09</time>
      </trkpt>
      <trkpt lat="23.267838405445218" lon="120.31321794725955">
        <ele>32.0</ele>
        <time>2022-12-04T02:37:13</time>
      </trkpt>
      <trkpt lat="23.267565993592143" lon="120.31319757923484">
        <ele>31.0</ele>
        <time>2022-12-04T02:37:18</time>
      </trkpt>
      <trkpt lat="23.267342196777463" lon="120.3131739422679">
        <ele>31.0</ele>
        <time>2022-12-04T02:37:22</time>
      </trkpt>
      <trkpt lat="23.26728343963623" lon="120.31316983513534">
        <ele>31.0</ele>
        <time>2022-12-04T02:37:23</time>
      </trkpt>
      <trkpt lat="23.266885969787836" lon="120.31313555315137">
        <ele>31.0</ele>
        <time>2022-12-04T02:37:30</time>
      </trkpt>
      <trkpt lat="23.266772646456957" lon="120.31312733888626">
        <ele>31.0</ele>
        <time>2022-12-04T02:37:32</time>
      </trkpt>
      <trkpt lat="23.266446003690362" lon="120.31310613267124">
        <ele>32.0</ele>
        <time>2022-12-04T02:37:38</time>
      </trkpt>
      <trkpt lat="23.26638724654913" lon="120.31310529448092">
        <ele>32.0</ele>
        <time>2022-12-04T02:37:39</time>
      </trkpt>
      <trkpt lat="23.26615523546934" lon="120.31308811157942">
        <ele>33.0</ele>
        <time>2022-12-04T02:37:43</time>
      </trkpt>
      <trkpt lat="23.26593730598688" lon="120.31306791119277">
        <ele>33.0</ele>
        <time>2022-12-04T02:37:47</time>
      </trkpt>
      <trkpt lat="23.26588651165366" lon="120.31306330114603">
        <ele>33.0</ele>
        <time>2022-12-04T02:37:48</time>
      </trkpt>
      <trkpt lat="23.265739995986223" lon="120.31305215321481">
        <ele>32.0</ele>
        <time>2022-12-04T02:37:51</time>
      </trkpt>
      <trkpt lat="23.265647375956178" lon="120.31304310075939">
        <ele>32.0</ele>
        <time>2022-12-04T02:37:53</time>
      </trkpt>
      <trkpt lat="23.265598760917783" lon="120.3130375687033">
        <ele>32.0</ele>
        <time>2022-12-04T02:37:54</time>
      </trkpt>
      <trkpt lat="23.26529416255653" lon="120.31301024369895">
        <ele>32.0</ele>
        <time>2022-12-04T02:38:00</time>
      </trkpt>
      <trkpt lat="23.265190226957202" lon="120.31299943104386">
        <ele>32.0</ele>
        <time>2022-12-04T02:38:02</time>
      </trkpt>
      <trkpt lat="23.265135576948524" lon="120.31299222260714">
        <ele>32.0</ele>
        <time>2022-12-04T02:38:03</time>
      </trkpt>
      <trkpt lat="23.264816058799624" lon="120.312957521528">
        <ele>33.0</ele>
        <time>2022-12-04T02:38:09</time>
      </trkpt>
      <trkpt lat="23.26464481651783" lon="120.31294452957809">
        <ele>33.0</ele>
        <time>2022-12-04T02:38:12</time>
      </trkpt>
      <trkpt lat="23.264479357749224" lon="120.31293195672333">
        <ele>33.0</ele>
        <time>2022-12-04T02:38:15</time>
      </trkpt>
      <trkpt lat="23.26426033861935" lon="120.31290723010898">
        <ele>33.0</ele>
        <time>2022-12-04T02:38:19</time>
      </trkpt>
      <trkpt lat="23.263930259272456" lon="120.31287412159145">
        <ele>33.0</ele>
        <time>2022-12-04T02:38:25</time>
      </trkpt>
      <trkpt lat="23.263819366693497" lon="120.31286406330764">
        <ele>33.0</ele>
        <time>2022-12-04T02:38:27</time>
      </trkpt>
      <trkpt lat="23.263433799147606" lon="120.31282357871532">
        <ele>34.0</ele>
        <time>2022-12-04T02:38:34</time>
      </trkpt>
      <trkpt lat="23.263320811092854" lon="120.3128142748028">
        <ele>34.0</ele>
        <time>2022-12-04T02:38:36</time>
      </trkpt>
      <trkpt lat="23.262866428121924" lon="120.31278870999813">
        <ele>34.0</ele>
        <time>2022-12-04T02:38:44</time>
      </trkpt>
      <trkpt lat="23.262438364326954" lon="120.31275618821383">
        <ele>34.0</ele>
        <time>2022-12-04T02:38:51</time>
      </trkpt>
      <trkpt lat="23.262316239997745" lon="120.31274646520615">
        <ele>34.0</ele>
        <time>2022-12-04T02:38:53</time>
      </trkpt>
      <trkpt lat="23.26194022782147" lon="120.31271746382117">
        <ele>33.0</ele>
        <time>2022-12-04T02:38:59</time>
      </trkpt>
      <trkpt lat="23.26134712435305" lon="120.31266147270799">
        <ele>33.0</ele>
        <time>2022-12-04T02:39:08</time>
      </trkpt>
      <trkpt lat="23.261079406365752" lon="120.3126414399594">
        <ele>32.0</ele>
        <time>2022-12-04T02:39:12</time>
      </trkpt>
      <trkpt lat="23.260820573195815" lon="120.31261537224054">
        <ele>32.0</ele>
        <time>2022-12-04T02:39:16</time>
      </trkpt>
      <trkpt lat="23.26075930148363" lon="120.31260958872736">
        <ele>32.0</ele>
        <time>2022-12-04T02:39:17</time>
      </trkpt>
      <trkpt lat="23.260459983721375" lon="120.31258176080883">
        <ele>32.0</ele>
        <time>2022-12-04T02:39:22</time>
      </trkpt>
      <trkpt lat="23.26028379611671" lon="120.3125676792115">
        <ele>32.0</ele>
        <time>2022-12-04T02:39:25</time>
      </trkpt>
      <trkpt lat="23.259735871106386" lon="120.31252652406693">
        <ele>32.0</ele>
        <time>2022-12-04T02:39:34</time>
      </trkpt>
      <trkpt lat="23.25947762466967" lon="120.3125074133277">
        <ele>32.0</ele>
        <time>2022-12-04T02:39:38</time>
      </trkpt>
      <trkpt lat="23.259204039350152" lon="120.31249123625457">
        <ele>31.0</ele>
        <time>2022-12-04T02:39:42</time>
      </trkpt>
      <trkpt lat="23.258640943095088" lon="120.31244203448296">
        <ele>32.0</ele>
        <time>2022-12-04T02:39:50</time>
      </trkpt>
      <trkpt lat="23.25857355259359" lon="120.31243591569364">
        <ele>32.0</ele>
        <time>2022-12-04T02:39:51</time>
      </trkpt>
      <trkpt lat="23.258000146597624" lon="120.31239333562553">
        <ele>32.0</ele>
        <time>2022-12-04T02:40:00</time>
      </trkpt>
      <trkpt lat="23.257829071953893" lon="120.31237933784723">
        <ele>32.0</ele>
        <time>2022-12-04T02:40:03</time>
      </trkpt>
      <trkpt lat="23.257508631795645" lon="120.31235218048096">
        <ele>32.0</ele>
        <time>2022-12-04T02:40:09</time>
      </trkpt>
      <trkpt lat="23.257105881348252" lon="120.3123226761818">
        <ele>33.0</ele>
        <time>2022-12-04T02:40:17</time>
      </trkpt>
      <trkpt lat="23.25685853138566" lon="120.3122999612242">
        <ele>32.0</ele>
        <time>2022-12-04T02:40:22</time>
      </trkpt>
      <trkpt lat="23.256660299375653" lon="120.31228663399816">
        <ele>32.0</ele>
        <time>2022-12-04T02:40:26</time>
      </trkpt>
      <trkpt lat="23.25637179426849" lon="120.3122582193464">
        <ele>32.0</ele>
        <time>2022-12-04T02:40:32</time>
      </trkpt>
      <trkpt lat="23.256323765963316" lon="120.31225143000484">
        <ele>32.0</ele>
        <time>2022-12-04T02:40:33</time>
      </trkpt>
      <trkpt lat="23.2559257093817" lon="120.31220264732838">
        <ele>32.0</ele>
        <time>2022-12-04T02:40:41</time>
      </trkpt>
      <trkpt lat="23.255472416058183" lon="120.31217507086694">
        <ele>33.0</ele>
        <time>2022-12-04T02:40:50</time>
      </trkpt>
      <trkpt lat="23.25522397644818" lon="120.31214648857713">
        <ele>33.0</ele>
        <time>2022-12-04T02:40:55</time>
      </trkpt>
      <trkpt lat="23.254979643970728" lon="120.3121271263808">
        <ele>33.0</ele>
        <time>2022-12-04T02:41:00</time>
      </trkpt>
      <trkpt lat="23.2547462079674" lon="120.31212151050568">
        <ele>34.0</ele>
        <time>2022-12-04T02:41:05</time>
      </trkpt>
      <trkpt lat="23.254409171640873" lon="120.31212670728564">
        <ele>35.0</ele>
        <time>2022-12-04T02:41:12</time>
      </trkpt>
      <trkpt lat="23.254048330709338" lon="120.31216626986861">
        <ele>33.0</ele>
        <time>2022-12-04T02:41:20</time>
      </trkpt>
      <trkpt lat="23.254005750641227" lon="120.31217305921018">
        <ele>33.0</ele>
        <time>2022-12-04T02:41:21</time>
      </trkpt>
      <trkpt lat="23.25377038680017" lon="120.31220063567162">
        <ele>33.0</ele>
        <time>2022-12-04T02:41:27</time>
      </trkpt>
      <trkpt lat="23.253739792853594" lon="120.31220415607095">
        <ele>33.0</ele>
        <time>2022-12-04T02:41:28</time>
      </trkpt>
      <trkpt lat="23.25363451614976" lon="120.31221756711602">
        <ele>34.0</ele>
        <time>2022-12-04T02:41:32</time>
      </trkpt>
      <trkpt lat="23.253578944131732" lon="120.31222351826727">
        <ele>32.0</ele>
        <time>2022-12-04T02:41:39</time>
      </trkpt>
      <trkpt lat="23.253580620512366" lon="120.31222234480083">
        <ele>32.0</ele>
        <time>2022-12-04T02:41:40</time>
      </trkpt>
      <trkpt lat="23.253599731251597" lon="120.31222879886627">
        <ele>31.0</ele>
        <time>2022-12-04T02:41:47</time>
      </trkpt>
      <trkpt lat="23.25360031798482" lon="120.31223181635141">
        <ele>31.0</ele>
        <time>2022-12-04T02:41:48</time>
      </trkpt>
      <trkpt lat="23.25360383838415" lon="120.3122344147414">
        <ele>31.0</ele>
        <time>2022-12-04T02:41:54</time>
      </trkpt>
      <trkpt lat="23.253600569441915" lon="120.31223240308464">
        <ele>30.0</ele>
        <time>2022-12-04T02:41:58</time>
      </trkpt>
      <trkpt lat="23.25359252281487" lon="120.31223567202687">
        <ele>30.0</ele>
        <time>2022-12-04T02:42:05</time>
      </trkpt>
      <trkpt lat="23.253539046272635" lon="120.31224405393004">
        <ele>30.0</ele>
        <time>2022-12-04T02:42:08</time>
      </trkpt>
      <trkpt lat="23.253350034356117" lon="120.31229526735842">
        <ele>31.0</ele>
        <time>2022-12-04T02:42:13</time>
      </trkpt>
      <trkpt lat="23.253209805116057" lon="120.31233759596944">
        <ele>32.0</ele>
        <time>2022-12-04T02:42:16</time>
      </trkpt>
      <trkpt lat="23.252967484295368" lon="120.31238973140717">
        <ele>32.0</ele>
        <time>2022-12-04T02:42:21</time>
      </trkpt>
      <trkpt lat="23.25260211713612" lon="120.31248402781785">
        <ele>33.0</ele>
        <time>2022-12-04T02:42:28</time>
      </trkpt>
      <trkpt lat="23.252438250929117" lon="120.31253222376108">
        <ele>33.0</ele>
        <time>2022-12-04T02:42:31</time>
      </trkpt>
      <trkpt lat="23.252273965626955" lon="120.3125880472362">
        <ele>33.0</ele>
        <time>2022-12-04T02:42:34</time>
      </trkpt>
      <trkpt lat="23.252216717228293" lon="120.31260799616575">
        <ele>33.0</ele>
        <time>2022-12-04T02:42:35</time>
      </trkpt>
      <trkpt lat="23.2521593850106" lon="120.31262601725757">
        <ele>34.0</ele>
        <time>2022-12-04T02:42:36</time>
      </trkpt>
      <trkpt lat="23.2520489115268" lon="120.31266264617443">
        <ele>34.0</ele>
        <time>2022-12-04T02:42:38</time>
      </trkpt>
      <trkpt lat="23.25182419270277" lon="120.31273246742785">
        <ele>34.0</ele>
        <time>2022-12-04T02:42:42</time>
      </trkpt>
      <trkpt lat="23.251703577116132" lon="120.31277228146791">
        <ele>34.0</ele>
        <time>2022-12-04T02:42:44</time>
      </trkpt>
      <trkpt lat="23.25158371590078" lon="120.31281016767025">
        <ele>34.0</ele>
        <time>2022-12-04T02:42:46</time>
      </trkpt>
      <trkpt lat="23.251349357888103" lon="120.31288309022784">
        <ele>34.0</ele>
        <time>2022-12-04T02:42:50</time>
      </trkpt>
      <trkpt lat="23.251168141141534" lon="120.31293966807425">
        <ele>34.0</ele>
        <time>2022-12-04T02:42:53</time>
      </trkpt>
      <trkpt lat="23.250871505588293" lon="120.31302784569561">
        <ele>34.0</ele>
        <time>2022-12-04T02:42:58</time>
      </trkpt>
      <trkpt lat="23.25037588365376" lon="120.31314142048359">
        <ele>35.0</ele>
        <time>2022-12-04T02:43:06</time>
      </trkpt>
      <trkpt lat="23.250009259209037" lon="120.31324409879744">
        <ele>35.0</ele>
        <time>2022-12-04T02:43:12</time>
      </trkpt>
      <trkpt lat="23.249887386336923" lon="120.31327980570495">
        <ele>36.0</ele>
        <time>2022-12-04T02:43:14</time>
      </trkpt>
      <trkpt lat="23.249357733875513" lon="120.31341802328825">
        <ele>36.0</ele>
        <time>2022-12-04T02:43:23</time>
      </trkpt>
      <trkpt lat="23.249297384172678" lon="120.31343252398074">
        <ele>37.0</ele>
        <time>2022-12-04T02:43:24</time>
      </trkpt>
      <trkpt lat="23.248903853818774" lon="120.31354282982647">
        <ele>37.0</ele>
        <time>2022-12-04T02:43:31</time>
      </trkpt>
      <trkpt lat="23.24868173338473" lon="120.31361348927021">
        <ele>37.0</ele>
        <time>2022-12-04T02:43:35</time>
      </trkpt>
      <trkpt lat="23.248524237424135" lon="120.31365741044283">
        <ele>38.0</ele>
        <time>2022-12-04T02:43:38</time>
      </trkpt>
      <trkpt lat="23.248467994853854" lon="120.31367224641144">
        <ele>38.0</ele>
        <time>2022-12-04T02:43:39</time>
      </trkpt>
      <trkpt lat="23.24802559800446" lon="120.31379789113998">
        <ele>38.0</ele>
        <time>2022-12-04T02:43:47</time>
      </trkpt>
      <trkpt lat="23.247863240540028" lon="120.3138386271894">
        <ele>39.0</ele>
        <time>2022-12-04T02:43:50</time>
      </trkpt>
      <trkpt lat="23.247701972723007" lon="120.31388581730425">
        <ele>39.0</ele>
        <time>2022-12-04T02:43:53</time>
      </trkpt>
      <trkpt lat="23.24759267270565" lon="120.31391758471727">
        <ele>39.0</ele>
        <time>2022-12-04T02:43:55</time>
      </trkpt>
      <trkpt lat="23.247482031583786" lon="120.31394859775901">
        <ele>40.0</ele>
        <time>2022-12-04T02:43:57</time>
      </trkpt>
      <trkpt lat="23.24709135107696" lon="120.31405203044415">
        <ele>39.0</ele>
        <time>2022-12-04T02:44:04</time>
      </trkpt>
      <trkpt lat="23.24681525118649" lon="120.31413434073329">
        <ele>39.0</ele>
        <time>2022-12-04T02:44:09</time>
      </trkpt>
      <trkpt lat="23.24670284986496" lon="120.31416786834598">
        <ele>39.0</ele>
        <time>2022-12-04T02:44:11</time>
      </trkpt>
      <trkpt lat="23.24637494981289" lon="120.31425562687218">
        <ele>39.0</ele>
        <time>2022-12-04T02:44:17</time>
      </trkpt>
      <trkpt lat="23.24598016217351" lon="120.31438814476132">
        <ele>39.0</ele>
        <time>2022-12-04T02:44:24</time>
      </trkpt>
      <trkpt lat="23.245928194373846" lon="120.31439987942576">
        <ele>38.0</ele>
        <time>2022-12-04T02:44:25</time>
      </trkpt>
      <trkpt lat="23.245593924075365" lon="120.31448571011424">
        <ele>37.0</ele>
        <time>2022-12-04T02:44:31</time>
      </trkpt>
      <trkpt lat="23.245477080345154" lon="120.31451923772693">
        <ele>37.0</ele>
        <time>2022-12-04T02:44:33</time>
      </trkpt>
      <trkpt lat="23.245140044018626" lon="120.31463373452425">
        <ele>37.0</ele>
        <time>2022-12-04T02:44:39</time>
      </trkpt>
      <trkpt lat="23.245028145611286" lon="120.31466449610889">
        <ele>37.0</ele>
        <time>2022-12-04T02:44:41</time>
      </trkpt>
      <trkpt lat="23.24484902434051" lon="120.31472031958401">
        <ele>36.0</ele>
        <time>2022-12-04T02:44:44</time>
      </trkpt>
      <trkpt lat="23.24467208236456" lon="120.31477195210755">
        <ele>36.0</ele>
        <time>2022-12-04T02:44:47</time>
      </trkpt>
      <trkpt lat="23.244505114853382" lon="120.31480413861573">
        <ele>36.0</ele>
        <time>2022-12-04T02:44:50</time>
      </trkpt>
      <trkpt lat="23.244265392422676" lon="120.31485786661506">
        <ele>36.0</ele>
        <time>2022-12-04T02:44:54</time>
      </trkpt>
      <trkpt lat="23.24378276243806" lon="120.31497035175562">
        <ele>37.0</ele>
        <time>2022-12-04T02:45:02</time>
      </trkpt>
      <trkpt lat="23.243539603427052" lon="120.31503078527749">
        <ele>38.0</ele>
        <time>2022-12-04T02:45:06</time>
      </trkpt>
      <trkpt lat="23.243190832436085" lon="120.31511452049017">
        <ele>38.0</ele>
        <time>2022-12-04T02:45:12</time>
      </trkpt>
      <trkpt lat="23.24295655824244" lon="120.31516875140369">
        <ele>39.0</ele>
        <time>2022-12-04T02:45:16</time>
      </trkpt>
      <trkpt lat="23.242788081988692" lon="120.31520303338766">
        <ele>39.0</ele>
        <time>2022-12-04T02:45:19</time>
      </trkpt>
      <trkpt lat="23.242622958496213" lon="120.31524033285677">
        <ele>40.0</ele>
        <time>2022-12-04T02:45:22</time>
      </trkpt>
      <trkpt lat="23.24232573620975" lon="120.31530696898699">
        <ele>40.0</ele>
        <time>2022-12-04T02:45:27</time>
      </trkpt>
      <trkpt lat="23.24189423583448" lon="120.31537964008749">
        <ele>39.0</ele>
        <time>2022-12-04T02:45:34</time>
      </trkpt>
      <trkpt lat="23.241575974971056" lon="120.31541593372822">
        <ele>39.0</ele>
        <time>2022-12-04T02:45:39</time>
      </trkpt>
      <trkpt lat="23.241405319422483" lon="120.3154201246798">
        <ele>38.0</ele>
        <time>2022-12-04T02:45:42</time>
      </trkpt>
      <trkpt lat="23.24129518121481" lon="120.31542347744107">
        <ele>38.0</ele>
        <time>2022-12-04T02:45:44</time>
      </trkpt>
      <trkpt lat="23.241242542862892" lon="120.3154256567359">
        <ele>38.0</ele>
        <time>2022-12-04T02:45:45</time>
      </trkpt>
      <trkpt lat="23.24118713848293" lon="120.31543001532555">
        <ele>37.0</ele>
        <time>2022-12-04T02:45:46</time>
      </trkpt>
      <trkpt lat="23.24103911407292" lon="120.31544409692287">
        <ele>37.0</ele>
        <time>2022-12-04T02:45:49</time>
      </trkpt>
      <trkpt lat="23.240943141281605" lon="120.31543848104775">
        <ele>36.0</ele>
        <time>2022-12-04T02:45:51</time>
      </trkpt>
      <trkpt lat="23.240670477971435" lon="120.31542775221169">
        <ele>35.0</ele>
        <time>2022-12-04T02:45:57</time>
      </trkpt>
      <trkpt lat="23.240596298128366" lon="120.31543881632388">
        <ele>35.0</ele>
        <time>2022-12-04T02:45:59</time>
      </trkpt>
      <trkpt lat="23.24051390402019" lon="120.31545147299767">
        <ele>35.0</ele>
        <time>2022-12-04T02:46:02</time>
      </trkpt>
      <trkpt lat="23.240442825481296" lon="120.31544082798064">
        <ele>35.0</ele>
        <time>2022-12-04T02:46:05</time>
      </trkpt>
      <trkpt lat="23.24040829204023" lon="120.31544174998999">
        <ele>35.0</ele>
        <time>2022-12-04T02:46:06</time>
      </trkpt>
      <trkpt lat="23.240334447473288" lon="120.31544535420835">
        <ele>35.0</ele>
        <time>2022-12-04T02:46:08</time>
      </trkpt>
      <trkpt lat="23.240208635106683" lon="120.31545893289149">
        <ele>36.0</ele>
        <time>2022-12-04T02:46:11</time>
      </trkpt>
      <trkpt lat="23.24016152881086" lon="120.3154637105763">
        <ele>36.0</ele>
        <time>2022-12-04T02:46:12</time>
      </trkpt>
      <trkpt lat="23.24000285938382" lon="120.31548382714391">
        <ele>36.0</ele>
        <time>2022-12-04T02:46:15</time>
      </trkpt>
      <trkpt lat="23.23988266289234" lon="120.31549539417028">
        <ele>37.0</ele>
        <time>2022-12-04T02:46:17</time>
      </trkpt>
      <trkpt lat="23.239762969315052" lon="120.31549824401736">
        <ele>37.0</ele>
        <time>2022-12-04T02:46:19</time>
      </trkpt>
      <trkpt lat="23.239706307649612" lon="120.31549715436995">
        <ele>37.0</ele>
        <time>2022-12-04T02:46:20</time>
      </trkpt>
      <trkpt lat="23.23965199291706" lon="120.31549388542771">
        <ele>37.0</ele>
        <time>2022-12-04T02:46:21</time>
      </trkpt>
      <trkpt lat="23.239595415070653" lon="120.31549237668514">
        <ele>37.0</ele>
        <time>2022-12-04T02:46:22</time>
      </trkpt>
      <trkpt lat="23.239420484751463" lon="120.31547812744975">
        <ele>37.0</ele>
        <time>2022-12-04T02:46:25</time>
      </trkpt>
      <trkpt lat="23.239363068714738" lon="120.31546840444207">
        <ele>37.0</ele>
        <time>2022-12-04T02:46:26</time>
      </trkpt>
      <trkpt lat="23.2393045630306" lon="120.31546111218631">
        <ele>36.0</ele>
        <time>2022-12-04T02:46:27</time>
      </trkpt>
      <trkpt lat="23.239143965765834" lon="120.315420627594">
        <ele>35.0</ele>
        <time>2022-12-04T02:46:30</time>
      </trkpt>
      <trkpt lat="23.23903474956751" lon="120.31539556570351">
        <ele>35.0</ele>
        <time>2022-12-04T02:46:32</time>
      </trkpt>
      <trkpt lat="23.23886820115149" lon="120.31535885296762">
        <ele>35.0</ele>
        <time>2022-12-04T02:46:35</time>
      </trkpt>
      <trkpt lat="23.23864532634616" lon="120.315314931795">
        <ele>34.0</ele>
        <time>2022-12-04T02:46:39</time>
      </trkpt>
      <trkpt lat="23.238534349948168" lon="120.3152906242758">
        <ele>34.0</ele>
        <time>2022-12-04T02:46:41</time>
      </trkpt>
      <trkpt lat="23.238423289731145" lon="120.3152617905289">
        <ele>34.0</ele>
        <time>2022-12-04T02:46:43</time>
      </trkpt>
      <trkpt lat="23.238315246999264" lon="120.31522985547781">
        <ele>33.0</ele>
        <time>2022-12-04T02:46:45</time>
      </trkpt>
      <trkpt lat="23.238020539283752" lon="120.31516741029918">
        <ele>33.0</ele>
        <time>2022-12-04T02:46:50</time>
      </trkpt>
      <trkpt lat="23.237898079678416" lon="120.31513648107648">
        <ele>33.0</ele>
        <time>2022-12-04T02:46:52</time>
      </trkpt>
      <trkpt lat="23.23758400976658" lon="120.3150628041476">
        <ele>34.0</ele>
        <time>2022-12-04T02:46:57</time>
      </trkpt>
      <trkpt lat="23.237518379464746" lon="120.31504805199802">
        <ele>34.0</ele>
        <time>2022-12-04T02:46:58</time>
      </trkpt>
      <trkpt lat="23.23720238171518" lon="120.31497219577432">
        <ele>36.0</ele>
        <time>2022-12-04T02:47:03</time>
      </trkpt>
      <trkpt lat="23.23707631789148" lon="120.31493967399001">
        <ele>36.0</ele>
        <time>2022-12-04T02:47:05</time>
      </trkpt>
      <trkpt lat="23.23687992990017" lon="120.31489407643676">
        <ele>37.0</ele>
        <time>2022-12-04T02:47:08</time>
      </trkpt>
      <trkpt lat="23.23662579059601" lon="120.31484143808484">
        <ele>37.0</ele>
        <time>2022-12-04T02:47:12</time>
      </trkpt>
      <trkpt lat="23.236376931890845" lon="120.31479584053159">
        <ele>38.0</ele>
        <time>2022-12-04T02:47:16</time>
      </trkpt>
      <trkpt lat="23.23619638569653" lon="120.31475393101573">
        <ele>38.0</ele>
        <time>2022-12-04T02:47:19</time>
      </trkpt>
      <trkpt lat="23.23569414205849" lon="120.31464555300772">
        <ele>37.0</ele>
        <time>2022-12-04T02:47:27</time>
      </trkpt>
      <trkpt lat="23.23557193391025" lon="120.31460808590055">
        <ele>36.0</ele>
        <time>2022-12-04T02:47:29</time>
      </trkpt>
      <trkpt lat="23.235392393544316" lon="120.31454547308385">
        <ele>36.0</ele>
        <time>2022-12-04T02:47:32</time>
      </trkpt>
      <trkpt lat="23.235221905633807" lon="120.31446986831725">
        <ele>36.0</ele>
        <time>2022-12-04T02:47:35</time>
      </trkpt>
      <trkpt lat="23.23499626480043" lon="120.31435880810022">
        <ele>37.0</ele>
        <time>2022-12-04T02:47:39</time>
      </trkpt>
      <trkpt lat="23.234838098287582" lon="120.31426384113729">
        <ele>37.0</ele>
        <time>2022-12-04T02:47:42</time>
      </trkpt>
      <trkpt lat="23.234523944556713" lon="120.31405789777637">
        <ele>36.0</ele>
        <time>2022-12-04T02:47:48</time>
      </trkpt>
      <trkpt lat="23.23436158709228" lon="120.31395136378706">
        <ele>35.0</ele>
        <time>2022-12-04T02:47:51</time>
      </trkpt>
      <trkpt lat="23.233975851908326" lon="120.31369965523481">
        <ele>36.0</ele>
        <time>2022-12-04T02:47:58</time>
      </trkpt>
      <trkpt lat="23.23351719416678" lon="120.31341508962214">
        <ele>35.0</ele>
        <time>2022-12-04T02:48:06</time>
      </trkpt>
      <trkpt lat="23.233352657407522" lon="120.31330218538642">
        <ele>34.0</ele>
        <time>2022-12-04T02:48:09</time>
      </trkpt>
      <trkpt lat="23.2330671697855" lon="120.31311585567892">
        <ele>34.0</ele>
        <time>2022-12-04T02:48:14</time>
      </trkpt>
      <trkpt lat="23.232722925022244" lon="120.312894070521">
        <ele>34.0</ele>
        <time>2022-12-04T02:48:20</time>
      </trkpt>
      <trkpt lat="23.232541205361485" lon="120.312783094123">
        <ele>34.0</ele>
        <time>2022-12-04T02:48:23</time>
      </trkpt>
      <trkpt lat="23.23202731087804" lon="120.31245754100382">
        <ele>35.0</ele>
        <time>2022-12-04T02:48:32</time>
      </trkpt>
      <trkpt lat="23.23174634948373" lon="120.31228604726493">
        <ele>35.0</ele>
        <time>2022-12-04T02:48:37</time>
      </trkpt>
      <trkpt lat="23.23152263648808" lon="120.31214338727295">
        <ele>36.0</ele>
        <time>2022-12-04T02:48:41</time>
      </trkpt>
      <trkpt lat="23.231014860793948" lon="120.31180609948933">
        <ele>36.0</ele>
        <time>2022-12-04T02:48:50</time>
      </trkpt>
      <trkpt lat="23.230614876374602" lon="120.31155774369836">
        <ele>34.0</ele>
        <time>2022-12-04T02:48:57</time>
      </trkpt>
      <trkpt lat="23.230506079271436" lon="120.31148607842624">
        <ele>34.0</ele>
        <time>2022-12-04T02:48:59</time>
      </trkpt>
      <trkpt lat="23.230394767597318" lon="120.31141650862992">
        <ele>34.0</ele>
        <time>2022-12-04T02:49:01</time>
      </trkpt>
      <trkpt lat="23.23007382452488" lon="120.31121576204896">
        <ele>33.0</ele>
        <time>2022-12-04T02:49:07</time>
      </trkpt>
      <trkpt lat="23.230021772906184" lon="120.31118290498853">
        <ele>33.0</ele>
        <time>2022-12-04T02:49:08</time>
      </trkpt>
      <trkpt lat="23.229855643585324" lon="120.3110858425498">
        <ele>33.0</ele>
        <time>2022-12-04T02:49:11</time>
      </trkpt>
      <trkpt lat="23.229575604200363" lon="120.31091200187802">
        <ele>32.0</ele>
        <time>2022-12-04T02:49:16</time>
      </trkpt>
      <trkpt lat="23.229517685249448" lon="120.31087713316083">
        <ele>32.0</ele>
        <time>2022-12-04T02:49:17</time>
      </trkpt>
      <trkpt lat="23.229459431022406" lon="120.31084184534848">
        <ele>32.0</ele>
        <time>2022-12-04T02:49:18</time>
      </trkpt>
      <trkpt lat="23.228997001424432" lon="120.31055526807904">
        <ele>33.0</ele>
        <time>2022-12-04T02:49:26</time>
      </trkpt>
      <trkpt lat="23.228940423578024" lon="120.3105197288096">
        <ele>33.0</ele>
        <time>2022-12-04T02:49:27</time>
      </trkpt>
      <trkpt lat="23.22866717353463" lon="120.31032962724566">
        <ele>32.0</ele>
        <time>2022-12-04T02:49:32</time>
      </trkpt>
      <trkpt lat="23.22856105864048" lon="120.3102520108223">
        <ele>32.0</ele>
        <time>2022-12-04T02:49:34</time>
      </trkpt>
      <trkpt lat="23.228506660088897" lon="120.31021831557155">
        <ele>31.0</ele>
        <time>2022-12-04T02:49:35</time>
      </trkpt>
      <trkpt lat="23.22811597958207" lon="120.30996727757156">
        <ele>31.0</ele>
        <time>2022-12-04T02:49:42</time>
      </trkpt>
      <trkpt lat="23.227902660146356" lon="120.309833670035">
        <ele>30.0</ele>
        <time>2022-12-04T02:49:46</time>
      </trkpt>
      <trkpt lat="23.227675762027502" lon="120.30971875414252">
        <ele>30.0</ele>
        <time>2022-12-04T02:49:50</time>
      </trkpt>
      <trkpt lat="23.227317351847887" lon="120.30957659706473">
        <ele>29.0</ele>
        <time>2022-12-04T02:49:56</time>
      </trkpt>
      <trkpt lat="23.227189611643553" lon="120.30953519046307">
        <ele>29.0</ele>
        <time>2022-12-04T02:49:58</time>
      </trkpt>
      <trkpt lat="23.22712356224656" lon="120.30951842665672">
        <ele>29.0</ele>
        <time>2022-12-04T02:49:59</time>
      </trkpt>
      <trkpt lat="23.227058183401823" lon="120.30950233340263">
        <ele>29.0</ele>
        <time>2022-12-04T02:50:00</time>
      </trkpt>
      <trkpt lat="23.226660378277302" lon="120.30942337587476">
        <ele>29.0</ele>
        <time>2022-12-04T02:50:06</time>
      </trkpt>
      <trkpt lat="23.226387295871973" lon="120.30938498675823">
        <ele>28.0</ele>
        <time>2022-12-04T02:50:10</time>
      </trkpt>
      <trkpt lat="23.226098036393523" lon="120.30934249050915">
        <ele>28.0</ele>
        <time>2022-12-04T02:50:14</time>
      </trkpt>
      <trkpt lat="23.22575052268803" lon="120.30929052270949">
        <ele>27.0</ele>
        <time>2022-12-04T02:50:19</time>
      </trkpt>
      <trkpt lat="23.22568061761558" lon="120.30928373336792">
        <ele>27.0</ele>
        <time>2022-12-04T02:50:20</time>
      </trkpt>
      <trkpt lat="23.225540472194552" lon="120.30927669256926">
        <ele>27.0</ele>
        <time>2022-12-04T02:50:22</time>
      </trkpt>
      <trkpt lat="23.225141493603587" lon="120.30921055935323">
        <ele>28.0</ele>
        <time>2022-12-04T02:50:28</time>
      </trkpt>
      <trkpt lat="23.224942423403263" lon="120.30917384661734">
        <ele>28.0</ele>
        <time>2022-12-04T02:50:31</time>
      </trkpt>
      <trkpt lat="23.224416207522154" lon="120.30907896347344">
        <ele>28.0</ele>
        <time>2022-12-04T02:50:39</time>
      </trkpt>
      <trkpt lat="23.223841544240713" lon="120.30890277586877">
        <ele>29.0</ele>
        <time>2022-12-04T02:50:48</time>
      </trkpt>
      <trkpt lat="23.22342856787145" lon="120.30872072093189">
        <ele>30.0</ele>
        <time>2022-12-04T02:50:55</time>
      </trkpt>
      <trkpt lat="23.223372660577297" lon="120.30869054608047">
        <ele>30.0</ele>
        <time>2022-12-04T02:50:56</time>
      </trkpt>
      <trkpt lat="23.223203597590327" lon="120.30860731378198">
        <ele>30.0</ele>
        <time>2022-12-04T02:50:59</time>
      </trkpt>
      <trkpt lat="23.22309480048716" lon="120.30855526216328">
        <ele>31.0</ele>
        <time>2022-12-04T02:51:01</time>
      </trkpt>
      <trkpt lat="23.222924983128905" lon="120.30847479589283">
        <ele>31.0</ele>
        <time>2022-12-04T02:51:04</time>
      </trkpt>
      <trkpt lat="23.22274837642908" lon="120.3083938267082">
        <ele>31.0</ele>
        <time>2022-12-04T02:51:07</time>
      </trkpt>
      <trkpt lat="23.222503624856472" lon="120.30828611925244">
        <ele>32.0</ele>
        <time>2022-12-04T02:51:11</time>
      </trkpt>
      <trkpt lat="23.222443778067827" lon="120.30825477093458">
        <ele>32.0</ele>
        <time>2022-12-04T02:51:12</time>
      </trkpt>
      <trkpt lat="23.222212186083198" lon="120.30813398770988">
        <ele>32.0</ele>
        <time>2022-12-04T02:51:16</time>
      </trkpt>
      <trkpt lat="23.22209157049656" lon="120.30807279981673">
        <ele>33.0</ele>
        <time>2022-12-04T02:51:18</time>
      </trkpt>
      <trkpt lat="23.222030801698565" lon="120.30804404988885">
        <ele>33.0</ele>
        <time>2022-12-04T02:51:19</time>
      </trkpt>
      <trkpt lat="23.221611957997084" lon="120.30784405767918">
        <ele>34.0</ele>
        <time>2022-12-04T02:51:26</time>
      </trkpt>
      <trkpt lat="23.221306521445513" lon="120.30770005658269">
        <ele>33.0</ele>
        <time>2022-12-04T02:51:31</time>
      </trkpt>
      <trkpt lat="23.221126813441515" lon="120.30760408379138">
        <ele>32.0</ele>
        <time>2022-12-04T02:51:34</time>
      </trkpt>
      <trkpt lat="23.221007622778416" lon="120.3075441531837">
        <ele>32.0</ele>
        <time>2022-12-04T02:51:36</time>
      </trkpt>
      <trkpt lat="23.22070143185556" lon="120.30739864334464">
        <ele>32.0</ele>
        <time>2022-12-04T02:51:41</time>
      </trkpt>
      <trkpt lat="23.22052113711834" lon="120.30731256119907">
        <ele>33.0</ele>
        <time>2022-12-04T02:51:44</time>
      </trkpt>
      <trkpt lat="23.220284515991807" lon="120.30720544047654">
        <ele>33.0</ele>
        <time>2022-12-04T02:51:48</time>
      </trkpt>
      <trkpt lat="23.220166750252247" lon="120.30715238302946">
        <ele>33.0</ele>
        <time>2022-12-04T02:51:50</time>
      </trkpt>
      <trkpt lat="23.219864163547754" lon="120.30700678937137">
        <ele>33.0</ele>
        <time>2022-12-04T02:51:55</time>
      </trkpt>
      <trkpt lat="23.219626368954778" lon="120.30689463950694">
        <ele>33.0</ele>
        <time>2022-12-04T02:51:59</time>
      </trkpt>
      <trkpt lat="23.219390753656626" lon="120.30677427537739">
        <ele>32.0</ele>
        <time>2022-12-04T02:52:03</time>
      </trkpt>
      <trkpt lat="23.2192159909755" lon="120.30669087544084">
        <ele>32.0</ele>
        <time>2022-12-04T02:52:06</time>
      </trkpt>
      <trkpt lat="23.21899370290339" lon="120.30657931230962">
        <ele>31.0</ele>
        <time>2022-12-04T02:52:10</time>
      </trkpt>
      <trkpt lat="23.21870494633913" lon="120.30644562095404">
        <ele>32.0</ele>
        <time>2022-12-04T02:52:15</time>
      </trkpt>
      <trkpt lat="23.218649458140135" lon="120.30641863122582">
        <ele>33.0</ele>
        <time>2022-12-04T02:52:16</time>
      </trkpt>
      <trkpt lat="23.218593383207917" lon="120.3063908033073">
        <ele>33.0</ele>
        <time>2022-12-04T02:52:17</time>
      </trkpt>
      <trkpt lat="23.218326000496745" lon="120.3062520828098">
        <ele>34.0</ele>
        <time>2022-12-04T02:52:22</time>
      </trkpt>
      <trkpt lat="23.2182212267071" lon="120.30619936063886">
        <ele>34.0</ele>
        <time>2022-12-04T02:52:24</time>
      </trkpt>
      <trkpt lat="23.21806138381362" lon="120.3061315510422">
        <ele>34.0</ele>
        <time>2022-12-04T02:52:27</time>
      </trkpt>
      <trkpt lat="23.21799935773015" lon="120.30610791407526">
        <ele>35.0</ele>
        <time>2022-12-04T02:52:28</time>
      </trkpt>
      <trkpt lat="23.217941522598267" lon="120.30608955770731">
        <ele>35.0</ele>
        <time>2022-12-04T02:52:29</time>
      </trkpt>
      <trkpt lat="23.217538855969906" lon="120.30597816221416">
        <ele>36.0</ele>
        <time>2022-12-04T02:52:36</time>
      </trkpt>
      <trkpt lat="23.21742427535355" lon="120.30596625991166">
        <ele>36.0</ele>
        <time>2022-12-04T02:52:38</time>
      </trkpt>
      <trkpt lat="23.217137781903148" lon="120.30595117248595">
        <ele>36.0</ele>
        <time>2022-12-04T02:52:43</time>
      </trkpt>
      <trkpt lat="23.217015489935875" lon="120.3059584647417">
        <ele>35.0</ele>
        <time>2022-12-04T02:52:45</time>
      </trkpt>
      <trkpt lat="23.216770570725203" lon="120.30598604120314">
        <ele>36.0</ele>
        <time>2022-12-04T02:52:49</time>
      </trkpt>
      <trkpt lat="23.216643668711185" lon="120.30600096099079">
        <ele>37.0</ele>
        <time>2022-12-04T02:52:51</time>
      </trkpt>
      <trkpt lat="23.216583570465446" lon="120.3060105163604">
        <ele>37.0</ele>
        <time>2022-12-04T02:52:52</time>
      </trkpt>
      <trkpt lat="23.216276625171304" lon="120.3060813434422">
        <ele>36.0</ele>
        <time>2022-12-04T02:52:57</time>
      </trkpt>
      <trkpt lat="23.216157015413046" lon="120.30612300150096">
        <ele>36.0</ele>
        <time>2022-12-04T02:52:59</time>
      </trkpt>
      <trkpt lat="23.216042099520564" lon="120.30617220327258">
        <ele>35.0</ele>
        <time>2022-12-04T02:53:01</time>
      </trkpt>
      <trkpt lat="23.215875048190355" lon="120.30624487437308">
        <ele>34.0</ele>
        <time>2022-12-04T02:53:04</time>
      </trkpt>
      <trkpt lat="23.21570380590856" lon="120.30633246526122">
        <ele>34.0</ele>
        <time>2022-12-04T02:53:07</time>
      </trkpt>
      <trkpt lat="23.21536425501108" lon="120.30651628039777">
        <ele>33.0</ele>
        <time>2022-12-04T02:53:13</time>
      </trkpt>
      <trkpt lat="23.21525378152728" lon="120.30658015049994">
        <ele>33.0</ele>
        <time>2022-12-04T02:53:15</time>
      </trkpt>
      <trkpt lat="23.214826472103596" lon="120.30683596618474">
        <ele>33.0</ele>
        <time>2022-12-04T02:53:23</time>
      </trkpt>
      <trkpt lat="23.21471717208624" lon="120.30689707025886">
        <ele>32.0</ele>
        <time>2022-12-04T02:53:25</time>
      </trkpt>
      <trkpt lat="23.21460820734501" lon="120.3069601021707">
        <ele>32.0</ele>
        <time>2022-12-04T02:53:27</time>
      </trkpt>
      <trkpt lat="23.214395558461547" lon="120.30708172358572">
        <ele>32.0</ele>
        <time>2022-12-04T02:53:31</time>
      </trkpt>
      <trkpt lat="23.214242588728666" lon="120.3071778640151">
        <ele>33.0</ele>
        <time>2022-12-04T02:53:34</time>
      </trkpt>
      <trkpt lat="23.214145693928003" lon="120.30723829753697">
        <ele>33.0</ele>
        <time>2022-12-04T02:53:36</time>
      </trkpt>
      <trkpt lat="23.213958023115993" lon="120.30736695975065">
        <ele>34.0</ele>
        <time>2022-12-04T02:53:40</time>
      </trkpt>
      <trkpt lat="23.21382164955139" lon="120.30746787786484">
        <ele>34.0</ele>
        <time>2022-12-04T02:53:43</time>
      </trkpt>
      <trkpt lat="23.21377563290298" lon="120.30750065110624">
        <ele>34.0</ele>
        <time>2022-12-04T02:53:44</time>
      </trkpt>
      <trkpt lat="23.21363783441484" lon="120.30760475434363">
        <ele>34.0</ele>
        <time>2022-12-04T02:53:47</time>
      </trkpt>
      <trkpt lat="23.21330800652504" lon="120.30781254172325">
        <ele>35.0</ele>
        <time>2022-12-04T02:53:54</time>
      </trkpt>
      <trkpt lat="23.213154952973127" lon="120.30791270546615">
        <ele>36.0</ele>
        <time>2022-12-04T02:53:58</time>
      </trkpt>
      <trkpt lat="23.21312427520752" lon="120.3079324029386">
        <ele>37.0</ele>
        <time>2022-12-04T02:53:59</time>
      </trkpt>
      <trkpt lat="23.213065853342414" lon="120.30795721337199">
        <ele>37.0</ele>
        <time>2022-12-04T02:54:01</time>
      </trkpt>
      <trkpt lat="23.212941884994507" lon="120.30801555141807">
        <ele>37.0</ele>
        <time>2022-12-04T02:54:06</time>
      </trkpt>
      <trkpt lat="23.212880110368133" lon="120.30805326998234">
        <ele>37.0</ele>
        <time>2022-12-04T02:54:08</time>
      </trkpt>
      <trkpt lat="23.212647512555122" lon="120.30817623250186">
        <ele>37.0</ele>
        <time>2022-12-04T02:54:14</time>
      </trkpt>
      <trkpt lat="23.212556904181838" lon="120.30822132714093">
        <ele>37.0</ele>
        <time>2022-12-04T02:54:16</time>
      </trkpt>
      <trkpt lat="23.2122774515301" lon="120.30837580561638">
        <ele>38.0</ele>
        <time>2022-12-04T02:54:22</time>
      </trkpt>
      <trkpt lat="23.21192817762494" lon="120.3085833415389">
        <ele>38.0</ele>
        <time>2022-12-04T02:54:30</time>
      </trkpt>
      <trkpt lat="23.211629278957844" lon="120.30877495184541">
        <ele>39.0</ele>
        <time>2022-12-04T02:54:37</time>
      </trkpt>
      <trkpt lat="23.211544705554843" lon="120.30881711281836">
        <ele>39.0</ele>
        <time>2022-12-04T02:54:39</time>
      </trkpt>
      <trkpt lat="23.211409589275718" lon="120.30890244059265">
        <ele>39.0</ele>
        <time>2022-12-04T02:54:42</time>
      </trkpt>
      <trkpt lat="23.21132032200694" lon="120.30896421521902">
        <ele>39.0</ele>
        <time>2022-12-04T02:54:44</time>
      </trkpt>
      <trkpt lat="23.2110461499542" lon="120.3091481141746">
        <ele>39.0</ele>
        <time>2022-12-04T02:54:50</time>
      </trkpt>
      <trkpt lat="23.210771391168237" lon="120.30932128429413">
        <ele>39.0</ele>
        <time>2022-12-04T02:54:56</time>
      </trkpt>
      <trkpt lat="23.21072462014854" lon="120.3093489445746">
        <ele>39.0</ele>
        <time>2022-12-04T02:54:57</time>
      </trkpt>
      <trkpt lat="23.210638035088778" lon="120.30941038392484">
        <ele>39.0</ele>
        <time>2022-12-04T02:54:59</time>
      </trkpt>
      <trkpt lat="23.21050141006708" lon="120.30948406085372">
        <ele>40.0</ele>
        <time>2022-12-04T02:55:02</time>
      </trkpt>
      <trkpt lat="23.21045304648578" lon="120.30952253378928">
        <ele>40.0</ele>
        <time>2022-12-04T02:55:03</time>
      </trkpt>
      <trkpt lat="23.2103537209332" lon="120.30958212912083">
        <ele>40.0</ele>
        <time>2022-12-04T02:55:05</time>
      </trkpt>
      <trkpt lat="23.21030493825674" lon="120.30961548909545">
        <ele>40.0</ele>
        <time>2022-12-04T02:55:06</time>
      </trkpt>
      <trkpt lat="23.210150627419353" lon="120.30969696119428">
        <ele>40.0</ele>
        <time>2022-12-04T02:55:09</time>
      </trkpt>
      <trkpt lat="23.2098494656384" lon="120.3098648507148">
        <ele>39.0</ele>
        <time>2022-12-04T02:55:15</time>
      </trkpt>
      <trkpt lat="23.209751145914197" lon="120.30991924926639">
        <ele>39.0</ele>
        <time>2022-12-04T02:55:17</time>
      </trkpt>
      <trkpt lat="23.20932903327048" lon="120.31017187982798">
        <ele>38.0</ele>
        <time>2022-12-04T02:55:26</time>
      </trkpt>
      <trkpt lat="23.2091829366982" lon="120.31025092117488">
        <ele>38.0</ele>
        <time>2022-12-04T02:55:29</time>
      </trkpt>
      <trkpt lat="23.209135327488184" lon="120.31028117984533">
        <ele>38.0</ele>
        <time>2022-12-04T02:55:30</time>
      </trkpt>
      <trkpt lat="23.208996523171663" lon="120.31037849374115">
        <ele>37.0</ele>
        <time>2022-12-04T02:55:33</time>
      </trkpt>
      <trkpt lat="23.208704330027103" lon="120.31056423671544">
        <ele>37.0</ele>
        <time>2022-12-04T02:55:39</time>
      </trkpt>
      <trkpt lat="23.208607686683536" lon="120.31062668189406">
        <ele>36.0</ele>
        <time>2022-12-04T02:55:41</time>
      </trkpt>
      <trkpt lat="23.2082053553313" lon="120.3108873590827">
        <ele>36.0</ele>
        <time>2022-12-04T02:55:49</time>
      </trkpt>
      <trkpt lat="23.208156740292907" lon="120.31091845594347">
        <ele>36.0</ele>
        <time>2022-12-04T02:55:50</time>
      </trkpt>
      <trkpt lat="23.208058923482895" lon="120.31098299659789">
        <ele>36.0</ele>
        <time>2022-12-04T02:55:52</time>
      </trkpt>
      <trkpt lat="23.207909809425473" lon="120.31107704155147">
        <ele>36.0</ele>
        <time>2022-12-04T02:55:55</time>
      </trkpt>
      <trkpt lat="23.207761365920305" lon="120.31117946840823">
        <ele>37.0</ele>
        <time>2022-12-04T02:55:58</time>
      </trkpt>
      <trkpt lat="23.20765793323517" lon="120.31124199740589">
        <ele>36.0</ele>
        <time>2022-12-04T02:55:59</time>
      </trkpt>
      <trkpt lat="23.20745475590229" lon="120.31136319972575">
        <ele>36.0</ele>
        <time>2022-12-04T02:56:04</time>
      </trkpt>
      <trkpt lat="23.207194581627846" lon="120.31151759438217">
        <ele>36.0</ele>
        <time>2022-12-04T02:56:09</time>
      </trkpt>
      <trkpt lat="23.20714487694204" lon="120.31154802069068">
        <ele>36.0</ele>
        <time>2022-12-04T02:56:10</time>
      </trkpt>
      <trkpt lat="23.20679903961718" lon="120.31175388023257">
        <ele>36.0</ele>
        <time>2022-12-04T02:56:17</time>
      </trkpt>
      <trkpt lat="23.20669929496944" lon="120.31181540340185">
        <ele>36.0</ele>
        <time>2022-12-04T02:56:19</time>
      </trkpt>
      <trkpt lat="23.20639302022755" lon="120.31199829652905">
        <ele>36.0</ele>
        <time>2022-12-04T02:56:25</time>
      </trkpt>
      <trkpt lat="23.20634113624692" lon="120.31202863901854">
        <ele>36.0</ele>
        <time>2022-12-04T02:56:26</time>
      </trkpt>
      <trkpt lat="23.206140054389834" lon="120.31214690767229">
        <ele>35.0</ele>
        <time>2022-12-04T02:56:30</time>
      </trkpt>
      <trkpt lat="23.205991694703698" lon="120.31223081052303">
        <ele>35.0</ele>
        <time>2022-12-04T02:56:33</time>
      </trkpt>
      <trkpt lat="23.2057826500386" lon="120.31235385686159">
        <ele>36.0</ele>
        <time>2022-12-04T02:56:37</time>
      </trkpt>
      <trkpt lat="23.205536222085357" lon="120.3124966006726">
        <ele>37.0</ele>
        <time>2022-12-04T02:56:42</time>
      </trkpt>
      <trkpt lat="23.20529549382627" lon="120.31263875775039">
        <ele>37.0</ele>
        <time>2022-12-04T02:56:47</time>
      </trkpt>
      <trkpt lat="23.20515484549105" lon="120.3127347305417">
        <ele>37.0</ele>
        <time>2022-12-04T02:56:50</time>
      </trkpt>
      <trkpt lat="23.20482686161995" lon="120.31294327229261">
        <ele>36.0</ele>
        <time>2022-12-04T02:56:57</time>
      </trkpt>
      <trkpt lat="23.20449468679726" lon="120.3131544124335">
        <ele>36.0</ele>
        <time>2022-12-04T02:57:04</time>
      </trkpt>
      <trkpt lat="23.204398462548852" lon="120.3132154326886">
        <ele>36.0</ele>
        <time>2022-12-04T02:57:06</time>
      </trkpt>
      <trkpt lat="23.204015912488103" lon="120.31345238909125">
        <ele>35.0</ele>
        <time>2022-12-04T02:57:14</time>
      </trkpt>
      <trkpt lat="23.20381784811616" lon="120.3135745972395">
        <ele>35.0</ele>
        <time>2022-12-04T02:57:18</time>
      </trkpt>
      <trkpt lat="23.20366244763136" lon="120.3136639483273">
        <ele>35.0</ele>
        <time>2022-12-04T02:57:21</time>
      </trkpt>
      <trkpt lat="23.203613748773932" lon="120.3136972244829">
        <ele>35.0</ele>
        <time>2022-12-04T02:57:22</time>
      </trkpt>
      <trkpt lat="23.20325642824173" lon="120.31390702351928">
        <ele>36.0</ele>
        <time>2022-12-04T02:57:29</time>
      </trkpt>
      <trkpt lat="23.20305517874658" lon="120.3140247054398">
        <ele>37.0</ele>
        <time>2022-12-04T02:57:33</time>
      </trkpt>
      <trkpt lat="23.202908914536238" lon="120.31410651281476">
        <ele>38.0</ele>
        <time>2022-12-04T02:57:36</time>
      </trkpt>
      <trkpt lat="23.202861305326223" lon="120.31413693912327">
        <ele>39.0</ele>
        <time>2022-12-04T02:57:37</time>
      </trkpt>
      <trkpt lat="23.202543295919895" lon="120.31432963907719">
        <ele>39.0</ele>
        <time>2022-12-04T02:57:43</time>
      </trkpt>
      <trkpt lat="23.202441623434424" lon="120.3143909946084">
        <ele>39.0</ele>
        <time>2022-12-04T02:57:45</time>
      </trkpt>
      <trkpt lat="23.20229670032859" lon="120.31448042951524">
        <ele>40.0</ele>
        <time>2022-12-04T02:57:48</time>
      </trkpt>
      <trkpt lat="23.202248504385352" lon="120.31450909562409">
        <ele>40.0</ele>
        <time>2022-12-04T02:57:49</time>
      </trkpt>
      <trkpt lat="23.2020422257483" lon="120.31462132930756">
        <ele>40.0</ele>
        <time>2022-12-04T02:57:53</time>
      </trkpt>
      <trkpt lat="23.201734693720937" lon="120.31481344252825">
        <ele>39.0</ele>
        <time>2022-12-04T02:57:59</time>
      </trkpt>
      <trkpt lat="23.2015310972929" lon="120.31496213749051">
        <ele>39.0</ele>
        <time>2022-12-04T02:58:03</time>
      </trkpt>
      <trkpt lat="23.20142791606486" lon="120.31503832899034">
        <ele>39.0</ele>
        <time>2022-12-04T02:58:05</time>
      </trkpt>
      <trkpt lat="23.20137519389391" lon="120.31507487408817">
        <ele>38.0</ele>
        <time>2022-12-04T02:58:06</time>
      </trkpt>
      <trkpt lat="23.20109481923282" lon="120.31524175778031">
        <ele>38.0</ele>
        <time>2022-12-04T02:58:11</time>
      </trkpt>
      <trkpt lat="23.20098577067256" lon="120.31531300395727">
        <ele>38.0</ele>
        <time>2022-12-04T02:58:13</time>
      </trkpt>
      <trkpt lat="23.20093153975904" lon="120.3153498005122">
        <ele>37.0</ele>
        <time>2022-12-04T02:58:14</time>
      </trkpt>
      <trkpt lat="23.20049425587058" lon="120.31562673859298">
        <ele>36.0</ele>
        <time>2022-12-04T02:58:22</time>
      </trkpt>
      <trkpt lat="23.20044446736574" lon="120.31566211022437">
        <ele>36.0</ele>
        <time>2022-12-04T02:58:23</time>
      </trkpt>
      <trkpt lat="23.200125116854906" lon="120.31588615849614">
        <ele>36.0</ele>
        <time>2022-12-04T02:58:30</time>
      </trkpt>
      <trkpt lat="23.200033335015178" lon="120.31595296226442">
        <ele>37.0</ele>
        <time>2022-12-04T02:58:34</time>
      </trkpt>
      <trkpt lat="23.199866367504" lon="120.31610081903636">
        <ele>37.0</ele>
        <time>2022-12-04T02:58:40</time>
      </trkpt>
      <trkpt lat="23.199825128540397" lon="120.31613409519196">
        <ele>38.0</ele>
        <time>2022-12-04T02:58:41</time>
      </trkpt>
      <trkpt lat="23.19970124401152" lon="120.31623627059162">
        <ele>38.0</ele>
        <time>2022-12-04T02:58:44</time>
      </trkpt>
      <trkpt lat="23.199569564312696" lon="120.31633676961064">
        <ele>37.0</ele>
        <time>2022-12-04T02:58:47</time>
      </trkpt>
      <trkpt lat="23.199524385854602" lon="120.31636903993785">
        <ele>36.0</ele>
        <time>2022-12-04T02:58:48</time>
      </trkpt>
      <trkpt lat="23.199345683678985" lon="120.31651647761464">
        <ele>35.0</ele>
        <time>2022-12-04T02:58:52</time>
      </trkpt>
      <trkpt lat="23.199211321771145" lon="120.31661647371948">
        <ele>35.0</ele>
        <time>2022-12-04T02:58:55</time>
      </trkpt>
      <trkpt lat="23.19912272505462" lon="120.31667883507907">
        <ele>34.0</ele>
        <time>2022-12-04T02:58:57</time>
      </trkpt>
      <trkpt lat="23.199034044519067" lon="120.31674463301897">
        <ele>34.0</ele>
        <time>2022-12-04T02:58:59</time>
      </trkpt>
      <trkpt lat="23.198858946561813" lon="120.31688142567873">
        <ele>34.0</ele>
        <time>2022-12-04T02:59:03</time>
      </trkpt>
      <trkpt lat="23.198630958795547" lon="120.31706465408206">
        <ele>34.0</ele>
        <time>2022-12-04T02:59:08</time>
      </trkpt>
      <trkpt lat="23.19858712144196" lon="120.31710178591311">
        <ele>34.0</ele>
        <time>2022-12-04T02:59:09</time>
      </trkpt>
      <trkpt lat="23.198450412601233" lon="120.31720027327538">
        <ele>34.0</ele>
        <time>2022-12-04T02:59:12</time>
      </trkpt>
      <trkpt lat="23.19836583919823" lon="120.31727042980492">
        <ele>33.0</ele>
        <time>2022-12-04T02:59:14</time>
      </trkpt>
      <trkpt lat="23.198243295773864" lon="120.31736900098622">
        <ele>33.0</ele>
        <time>2022-12-04T02:59:17</time>
      </trkpt>
      <trkpt lat="23.19812536239624" lon="120.31745122745633">
        <ele>33.0</ele>
        <time>2022-12-04T02:59:20</time>
      </trkpt>
      <trkpt lat="23.197915060445666" lon="120.31760377809405">
        <ele>34.0</ele>
        <time>2022-12-04T02:59:26</time>
      </trkpt>
      <trkpt lat="23.197883293032646" lon="120.31762682832778">
        <ele>35.0</ele>
        <time>2022-12-04T02:59:27</time>
      </trkpt>
      <trkpt lat="23.197771226987243" lon="120.31771307811141">
        <ele>35.0</ele>
        <time>2022-12-04T02:59:31</time>
      </trkpt>
      <trkpt lat="23.197694281116128" lon="120.31776873394847">
        <ele>36.0</ele>
        <time>2022-12-04T02:59:34</time>
      </trkpt>
      <trkpt lat="23.19761716760695" lon="120.3178243059665">
        <ele>36.0</ele>
        <time>2022-12-04T02:59:37</time>
      </trkpt>
      <trkpt lat="23.19751407019794" lon="120.31791265122592">
        <ele>38.0</ele>
        <time>2022-12-04T02:59:41</time>
      </trkpt>
      <trkpt lat="23.1974677182734" lon="120.31795531511307">
        <ele>38.0</ele>
        <time>2022-12-04T02:59:43</time>
      </trkpt>
      <trkpt lat="23.197355149313807" lon="120.31806310638785">
        <ele>39.0</ele>
        <time>2022-12-04T02:59:48</time>
      </trkpt>
      <trkpt lat="23.197316844016314" lon="120.3181002382189">
        <ele>39.0</ele>
        <time>2022-12-04T02:59:50</time>
      </trkpt>
      <trkpt lat="23.197229085490108" lon="120.31818657182157">
        <ele>39.0</ele>
        <time>2022-12-04T02:59:54</time>
      </trkpt>
      <trkpt lat="23.197157587856054" lon="120.31826335005462">
        <ele>39.0</ele>
        <time>2022-12-04T02:59:57</time>
      </trkpt>
      <trkpt lat="23.19708709605038" lon="120.31833426095545">
        <ele>40.0</ele>
        <time>2022-12-04T03:00:00</time>
      </trkpt>
      <trkpt lat="23.197066644206643" lon="120.31835613772273">
        <ele>40.0</ele>
        <time>2022-12-04T03:00:01</time>
      </trkpt>
      <trkpt lat="23.197008641436696" lon="120.31842838972807">
        <ele>41.0</ele>
        <time>2022-12-04T03:00:04</time>
      </trkpt>
      <trkpt lat="23.196990033611655" lon="120.31845202669501">
        <ele>41.0</ele>
        <time>2022-12-04T03:00:05</time>
      </trkpt>
      <trkpt lat="23.196971425786614" lon="120.31847432255745">
        <ele>41.0</ele>
        <time>2022-12-04T03:00:06</time>
      </trkpt>
      <trkpt lat="23.196911243721843" lon="120.31854665838182">
        <ele>42.0</ele>
        <time>2022-12-04T03:00:09</time>
      </trkpt>
      <trkpt lat="23.196891378611326" lon="120.31857255846262">
        <ele>42.0</ele>
        <time>2022-12-04T03:00:10</time>
      </trkpt>
      <trkpt lat="23.196829268708825" lon="120.31865344382823">
        <ele>43.0</ele>
        <time>2022-12-04T03:00:13</time>
      </trkpt>
      <trkpt lat="23.1967493891716" lon="120.31876022927463">
        <ele>45.0</ele>
        <time>2022-12-04T03:00:17</time>
      </trkpt>
      <trkpt lat="23.19663899950683" lon="120.31890389509499">
        <ele>45.0</ele>
        <time>2022-12-04T03:00:22</time>
      </trkpt>
      <trkpt lat="23.196574542671442" lon="120.31899634748697">
        <ele>45.0</ele>
        <time>2022-12-04T03:00:25</time>
      </trkpt>
      <trkpt lat="23.196520060300827" lon="120.31909617595375">
        <ele>43.0</ele>
        <time>2022-12-04T03:00:28</time>
      </trkpt>
      <trkpt lat="23.196477815508842" lon="120.31916675157845">
        <ele>43.0</ele>
        <time>2022-12-04T03:00:30</time>
      </trkpt>
      <trkpt lat="23.196436325088143" lon="120.3192432783544">
        <ele>42.0</ele>
        <time>2022-12-04T03:00:32</time>
      </trkpt>
      <trkpt lat="23.19633590988815" lon="120.3194523230195">
        <ele>41.0</ele>
        <time>2022-12-04T03:00:37</time>
      </trkpt>
      <trkpt lat="23.1963125243783" lon="120.31949674710631">
        <ele>41.0</ele>
        <time>2022-12-04T03:00:38</time>
      </trkpt>
      <trkpt lat="23.196179503574967" lon="120.31976236961782">
        <ele>40.0</ele>
        <time>2022-12-04T03:00:43</time>
      </trkpt>
      <trkpt lat="23.196150586009026" lon="120.31982079148293">
        <ele>39.0</ele>
        <time>2022-12-04T03:00:44</time>
      </trkpt>
      <trkpt lat="23.19611948914826" lon="120.31988273374736">
        <ele>39.0</ele>
        <time>2022-12-04T03:00:45</time>
      </trkpt>
      <trkpt lat="23.195979427546263" lon="120.32017174176872">
        <ele>39.0</ele>
        <time>2022-12-04T03:00:49</time>
      </trkpt>
      <trkpt lat="23.1958220154047" lon="120.32049955800176">
        <ele>39.0</ele>
        <time>2022-12-04T03:00:53</time>
      </trkpt>
      <trkpt lat="23.195669716224074" lon="120.32083894126117">
        <ele>39.0</ele>
        <time>2022-12-04T03:00:57</time>
      </trkpt>
      <trkpt lat="23.195631494745612" lon="120.32091840170324">
        <ele>39.0</ele>
        <time>2022-12-04T03:00:58</time>
      </trkpt>
      <trkpt lat="23.195513393729925" lon="120.32114219851792">
        <ele>39.0</ele>
        <time>2022-12-04T03:01:01</time>
      </trkpt>
      <trkpt lat="23.19544273428619" lon="120.32128536142409">
        <ele>39.0</ele>
        <time>2022-12-04T03:01:03</time>
      </trkpt>
      <trkpt lat="23.1953679677099" lon="120.3214193880558">
        <ele>40.0</ele>
        <time>2022-12-04T03:01:05</time>
      </trkpt>
      <trkpt lat="23.195238802582026" lon="120.32168266363442">
        <ele>40.0</ele>
        <time>2022-12-04T03:01:09</time>
      </trkpt>
      <trkpt lat="23.195123467594385" lon="120.32193034887314">
        <ele>41.0</ele>
        <time>2022-12-04T03:01:13</time>
      </trkpt>
      <trkpt lat="23.195041492581367" lon="120.322107039392">
        <ele>42.0</ele>
        <time>2022-12-04T03:01:16</time>
      </trkpt>
      <trkpt lat="23.195013497024775" lon="120.32216336578131">
        <ele>42.0</ele>
        <time>2022-12-04T03:01:17</time>
      </trkpt>
      <trkpt lat="23.194959433749318" lon="120.322270905599">
        <ele>42.0</ele>
        <time>2022-12-04T03:01:19</time>
      </trkpt>
      <trkpt lat="23.19489313289523" lon="120.32242781482637">
        <ele>43.0</ele>
        <time>2022-12-04T03:01:22</time>
      </trkpt>
      <trkpt lat="23.194872848689556" lon="120.32247726805508">
        <ele>43.0</ele>
        <time>2022-12-04T03:01:23</time>
      </trkpt>
      <trkpt lat="23.19478902965784" lon="120.32266619615257">
        <ele>44.0</ele>
        <time>2022-12-04T03:01:27</time>
      </trkpt>
      <trkpt lat="23.194745108485222" lon="120.3227593190968">
        <ele>44.0</ele>
        <time>2022-12-04T03:01:29</time>
      </trkpt>
      <trkpt lat="23.194720800966024" lon="120.32280667684972">
        <ele>44.0</ele>
        <time>2022-12-04T03:01:30</time>
      </trkpt>
      <trkpt lat="23.194672437384725" lon="120.32290290109813">
        <ele>44.0</ele>
        <time>2022-12-04T03:01:32</time>
      </trkpt>
      <trkpt lat="23.19462675601244" lon="120.32300264574587">
        <ele>43.0</ele>
        <time>2022-12-04T03:01:34</time>
      </trkpt>
      <trkpt lat="23.194597838446498" lon="120.32304883003235">
        <ele>43.0</ele>
        <time>2022-12-04T03:01:35</time>
      </trkpt>
      <trkpt lat="23.194562634453177" lon="120.32309157773852">
        <ele>43.0</ele>
        <time>2022-12-04T03:01:36</time>
      </trkpt>
      <trkpt lat="23.194497507065535" lon="120.32317363657057">
        <ele>43.0</ele>
        <time>2022-12-04T03:01:38</time>
      </trkpt>
      <trkpt lat="23.194353254511952" lon="120.32333817332983">
        <ele>44.0</ele>
        <time>2022-12-04T03:01:42</time>
      </trkpt>
      <trkpt lat="23.19427153095603" lon="120.32340900041163">
        <ele>44.0</ele>
        <time>2022-12-04T03:01:44</time>
      </trkpt>
      <trkpt lat="23.194193243980408" lon="120.32347924076021">
        <ele>45.0</ele>
        <time>2022-12-04T03:01:46</time>
      </trkpt>
      <trkpt lat="23.19403750821948" lon="120.32360622659326">
        <ele>45.0</ele>
        <time>2022-12-04T03:01:50</time>
      </trkpt>
      <trkpt lat="23.19396324455738" lon="120.32366456463933">
        <ele>45.0</ele>
        <time>2022-12-04T03:01:52</time>
      </trkpt>
      <trkpt lat="23.19389132782817" lon="120.32372877001762">
        <ele>46.0</ele>
        <time>2022-12-04T03:01:54</time>
      </trkpt>
      <trkpt lat="23.19375009275973" lon="120.3238510619849">
        <ele>46.0</ele>
        <time>2022-12-04T03:01:58</time>
      </trkpt>
      <trkpt lat="23.19367348216474" lon="120.32390730455518">
        <ele>46.0</ele>
        <time>2022-12-04T03:02:00</time>
      </trkpt>
      <trkpt lat="23.193427808582783" lon="120.32407837919891">
        <ele>46.0</ele>
        <time>2022-12-04T03:02:06</time>
      </trkpt>
      <trkpt lat="23.193384557962418" lon="120.32410645857453">
        <ele>46.0</ele>
        <time>2022-12-04T03:02:07</time>
      </trkpt>
      <trkpt lat="23.19325413554907" lon="120.32419773750007">
        <ele>46.0</ele>
        <time>2022-12-04T03:02:10</time>
      </trkpt>
      <trkpt lat="23.19303679279983" lon="120.32436051405966">
        <ele>46.0</ele>
        <time>2022-12-04T03:02:15</time>
      </trkpt>
      <trkpt lat="23.192993961274624" lon="120.32439102418721">
        <ele>47.0</ele>
        <time>2022-12-04T03:02:16</time>
      </trkpt>
      <trkpt lat="23.192949453368783" lon="120.32441130839288">
        <ele>47.0</ele>
        <time>2022-12-04T03:02:17</time>
      </trkpt>
      <trkpt lat="23.192865969613194" lon="120.32446143217385">
        <ele>47.0</ele>
        <time>2022-12-04T03:02:19</time>
      </trkpt>
      <trkpt lat="23.192749293521047" lon="120.3245448321104">
        <ele>46.0</ele>
        <time>2022-12-04T03:02:22</time>
      </trkpt>
      <trkpt lat="23.192709982395172" lon="120.32457031309605">
        <ele>46.0</ele>
        <time>2022-12-04T03:02:23</time>
      </trkpt>
      <trkpt lat="23.192671006545424" lon="120.32459336332977">
        <ele>46.0</ele>
        <time>2022-12-04T03:02:24</time>
      </trkpt>
      <trkpt lat="23.19263664074242" lon="120.32461968250573">
        <ele>45.0</ele>
        <time>2022-12-04T03:02:25</time>
      </trkpt>
      <trkpt lat="23.192538069561124" lon="120.32469570636749">
        <ele>44.0</ele>
        <time>2022-12-04T03:02:28</time>
      </trkpt>
      <trkpt lat="23.19231561385095" lon="120.32486208714545">
        <ele>44.0</ele>
        <time>2022-12-04T03:02:35</time>
      </trkpt>
      <trkpt lat="23.192213522270322" lon="120.32493853010237">
        <ele>44.0</ele>
        <time>2022-12-04T03:02:38</time>
      </trkpt>
      <trkpt lat="23.192104641348124" lon="120.32502385787666">
        <ele>45.0</ele>
        <time>2022-12-04T03:02:41</time>
      </trkpt>
      <trkpt lat="23.19202283397317" lon="120.32507993280888">
        <ele>45.0</ele>
        <time>2022-12-04T03:02:43</time>
      </trkpt>
      <trkpt lat="23.191817309707403" lon="120.32524053007364">
        <ele>45.0</ele>
        <time>2022-12-04T03:02:48</time>
      </trkpt>
      <trkpt lat="23.191773304715753" lon="120.32527305185795">
        <ele>46.0</ele>
        <time>2022-12-04T03:02:49</time>
      </trkpt>
      <trkpt lat="23.191546155139804" lon="120.325429122895">
        <ele>47.0</ele>
        <time>2022-12-04T03:02:54</time>
      </trkpt>
      <trkpt lat="23.19149997085333" lon="120.32545678317547">
        <ele>47.0</ele>
        <time>2022-12-04T03:02:55</time>
      </trkpt>
      <trkpt lat="23.191363848745823" lon="120.32554822973907">
        <ele>48.0</ele>
        <time>2022-12-04T03:02:58</time>
      </trkpt>
      <trkpt lat="23.191220266744494" lon="120.32564780674875">
        <ele>48.0</ele>
        <time>2022-12-04T03:03:01</time>
      </trkpt>
      <trkpt lat="23.190994206815958" lon="120.3258141875267">
        <ele>47.0</ele>
        <time>2022-12-04T03:03:06</time>
      </trkpt>
      <trkpt lat="23.190918434411287" lon="120.32587076537311">
        <ele>47.0</ele>
        <time>2022-12-04T03:03:08</time>
      </trkpt>
      <trkpt lat="23.190843500196934" lon="120.32591200433671">
        <ele>48.0</ele>
        <time>2022-12-04T03:03:12</time>
      </trkpt>
      <trkpt lat="23.19085154682398" lon="120.32590144313872">
        <ele>47.0</ele>
        <time>2022-12-04T03:03:17</time>
      </trkpt>
      <trkpt lat="23.19085313938558" lon="120.32590144313872">
        <ele>46.0</ele>
        <time>2022-12-04T03:03:20</time>
      </trkpt>
      <trkpt lat="23.190853307023644" lon="120.32590161077678">
        <ele>46.0</ele>
        <time>2022-12-04T03:03:25</time>
      </trkpt>
      <trkpt lat="23.190854815766215" lon="120.32590454444289">
        <ele>46.0</ele>
        <time>2022-12-04T03:03:28</time>
      </trkpt>
      <trkpt lat="23.190850540995598" lon="120.32590387389064">
        <ele>45.0</ele>
        <time>2022-12-04T03:03:30</time>
      </trkpt>
      <trkpt lat="23.190848948433995" lon="120.32590479589999">
        <ele>44.0</ele>
        <time>2022-12-04T03:03:36</time>
      </trkpt>
      <trkpt lat="23.190847607329488" lon="120.32590571790934">
        <ele>44.0</ele>
        <time>2022-12-04T03:03:39</time>
      </trkpt>
      <trkpt lat="23.190846433863044" lon="120.32590630464256">
        <ele>43.0</ele>
        <time>2022-12-04T03:03:41</time>
      </trkpt>
      <trkpt lat="23.190845428034663" lon="120.32590705901384">
        <ele>42.0</ele>
        <time>2022-12-04T03:03:44</time>
      </trkpt>
      <trkpt lat="23.190845176577568" lon="120.325907478109">
        <ele>42.0</ele>
        <time>2022-12-04T03:03:45</time>
      </trkpt>
      <trkpt lat="23.190845176577568" lon="120.32590781338513">
        <ele>42.0</ele>
        <time>2022-12-04T03:03:46</time>
      </trkpt>
      <trkpt lat="23.190845176577568" lon="120.32590840011835">
        <ele>42.0</ele>
        <time>2022-12-04T03:03:47</time>
      </trkpt>
      <trkpt lat="23.190845092758536" lon="120.32590915448964">
        <ele>42.0</ele>
        <time>2022-12-04T03:03:48</time>
      </trkpt>
      <trkpt lat="23.19084534421563" lon="120.32591074705124">
        <ele>41.0</ele>
        <time>2022-12-04T03:03:50</time>
      </trkpt>
      <trkpt lat="23.190845511853695" lon="120.32591124996543">
        <ele>41.0</ele>
        <time>2022-12-04T03:03:51</time>
      </trkpt>
      <trkpt lat="23.19084534421563" lon="120.32591141760349">
        <ele>41.0</ele>
        <time>2022-12-04T03:03:52</time>
      </trkpt>
      <trkpt lat="23.1908452603966" lon="120.32591183669865">
        <ele>41.0</ele>
        <time>2022-12-04T03:03:55</time>
      </trkpt>
      <trkpt lat="23.190840650349855" lon="120.32591477036476">
        <ele>40.0</ele>
        <time>2022-12-04T03:04:00</time>
      </trkpt>
      <trkpt lat="23.190833106637" lon="120.32591979950666">
        <ele>40.0</ele>
        <time>2022-12-04T03:04:01</time>
      </trkpt>
      <trkpt lat="23.19077929481864" lon="120.32596321776509">
        <ele>39.0</ele>
        <time>2022-12-04T03:04:05</time>
      </trkpt>
      <trkpt lat="23.190717017278075" lon="120.32599808648229">
        <ele>39.0</ele>
        <time>2022-12-04T03:04:08</time>
      </trkpt>
      <trkpt lat="23.190671671181917" lon="120.32602800987661">
        <ele>38.0</ele>
        <time>2022-12-04T03:04:10</time>
      </trkpt>
      <trkpt lat="23.19059455767274" lon="120.32608844339848">
        <ele>39.0</ele>
        <time>2022-12-04T03:04:14</time>
      </trkpt>
      <trkpt lat="23.190550468862057" lon="120.32612054608762">
        <ele>39.0</ele>
        <time>2022-12-04T03:04:16</time>
      </trkpt>
      <trkpt lat="23.19041091017425" lon="120.32623277977109">
        <ele>38.0</ele>
        <time>2022-12-04T03:04:21</time>
      </trkpt>
      <trkpt lat="23.190346034243703" lon="120.32628156244755">
        <ele>38.0</ele>
        <time>2022-12-04T03:04:23</time>
      </trkpt>
      <trkpt lat="23.190212761983275" lon="120.32638667151332">
        <ele>38.0</ele>
        <time>2022-12-04T03:04:27</time>
      </trkpt>
      <trkpt lat="23.19011033512652" lon="120.32646730542183">
        <ele>38.0</ele>
        <time>2022-12-04T03:04:30</time>
      </trkpt>
      <trkpt lat="23.19000195711851" lon="120.3265398927033">
        <ele>38.0</ele>
        <time>2022-12-04T03:04:33</time>
      </trkpt>
      <trkpt lat="23.189810682088137" lon="120.32667299732566">
        <ele>37.0</ele>
        <time>2022-12-04T03:04:38</time>
      </trkpt>
      <trkpt lat="23.18973993882537" lon="120.32672370783985">
        <ele>36.0</ele>
        <time>2022-12-04T03:04:40</time>
      </trkpt>
      <trkpt lat="23.18956458941102" lon="120.32685563899577">
        <ele>36.0</ele>
        <time>2022-12-04T03:04:45</time>
      </trkpt>
      <trkpt lat="23.18952695466578" lon="120.32688413746655">
        <ele>36.0</ele>
        <time>2022-12-04T03:04:46</time>
      </trkpt>
      <trkpt lat="23.18948839791119" lon="120.32691288739443">
        <ele>36.0</ele>
        <time>2022-12-04T03:04:47</time>
      </trkpt>
      <trkpt lat="23.189450008794665" lon="120.32694239169359">
        <ele>36.0</ele>
        <time>2022-12-04T03:04:48</time>
      </trkpt>
      <trkpt lat="23.18941212259233" lon="120.32697139307857">
        <ele>36.0</ele>
        <time>2022-12-04T03:04:49</time>
      </trkpt>
      <trkpt lat="23.1893739849329" lon="120.32699955627322">
        <ele>36.0</ele>
        <time>2022-12-04T03:04:50</time>
      </trkpt>
      <trkpt lat="23.189336601644754" lon="120.32702746801078">
        <ele>36.0</ele>
        <time>2022-12-04T03:04:51</time>
      </trkpt>
      <trkpt lat="23.189300559461117" lon="120.32705554738641">
        <ele>36.0</ele>
        <time>2022-12-04T03:04:52</time>
      </trkpt>
      <trkpt lat="23.189167454838753" lon="120.32715453766286">
        <ele>36.0</ele>
        <time>2022-12-04T03:04:56</time>
      </trkpt>
      <trkpt lat="23.18910475820303" lon="120.32719946466386">
        <ele>36.0</ele>
        <time>2022-12-04T03:04:58</time>
      </trkpt>
      <trkpt lat="23.189011635258794" lon="120.32724372111261">
        <ele>37.0</ele>
        <time>2022-12-04T03:05:02</time>
      </trkpt>
      <trkpt lat="23.188973246142268" lon="120.32721086405218">
        <ele>37.0</ele>
        <time>2022-12-04T03:05:07</time>
      </trkpt>
      <trkpt lat="23.18896754644811" lon="120.32720508053899">
        <ele>37.0</ele>
        <time>2022-12-04T03:05:09</time>
      </trkpt>
      <trkpt lat="23.188966792076826" lon="120.3272064216435">
        <ele>38.0</ele>
        <time>2022-12-04T03:05:10</time>
      </trkpt>
      <trkpt lat="23.188962349668145" lon="120.32720449380577">
        <ele>38.0</ele>
        <time>2022-12-04T03:05:14</time>
      </trkpt>
      <trkpt lat="23.188964193686843" lon="120.32720407471061">
        <ele>39.0</ele>
        <time>2022-12-04T03:05:15</time>
      </trkpt>
      <trkpt lat="23.188967211171985" lon="120.3272043261677">
        <ele>39.0</ele>
        <time>2022-12-04T03:05:19</time>
      </trkpt>
      <trkpt lat="23.188968300819397" lon="120.3272082656622">
        <ele>39.0</ele>
        <time>2022-12-04T03:05:20</time>
      </trkpt>
      <trkpt lat="23.18896746262908" lon="120.32721949741244">
        <ele>39.0</ele>
        <time>2022-12-04T03:05:21</time>
      </trkpt>
      <trkpt lat="23.1889630202204" lon="120.32723299227655">
        <ele>39.0</ele>
        <time>2022-12-04T03:05:22</time>
      </trkpt>
      <trkpt lat="23.18889470770955" lon="120.32729828730226">
        <ele>39.0</ele>
        <time>2022-12-04T03:05:26</time>
      </trkpt>
      <trkpt lat="23.188732098788023" lon="120.32741806469858">
        <ele>38.0</ele>
        <time>2022-12-04T03:05:32</time>
      </trkpt>
      <trkpt lat="23.18867434747517" lon="120.32746408134699">
        <ele>38.0</ele>
        <time>2022-12-04T03:05:34</time>
      </trkpt>
      <trkpt lat="23.188644088804722" lon="120.32748796977103">
        <ele>38.0</ele>
        <time>2022-12-04T03:05:35</time>
      </trkpt>
      <trkpt lat="23.18845541216433" lon="120.32763850875199">
        <ele>38.0</ele>
        <time>2022-12-04T03:05:41</time>
      </trkpt>
      <trkpt lat="23.188421046361327" lon="120.32766591757536">
        <ele>37.0</ele>
        <time>2022-12-04T03:05:42</time>
      </trkpt>
      <trkpt lat="23.188181072473526" lon="120.3278555162251">
        <ele>37.0</ele>
        <time>2022-12-04T03:05:49</time>
      </trkpt>
      <trkpt lat="23.18803899921477" lon="120.32795995473862">
        <ele>37.0</ele>
        <time>2022-12-04T03:05:53</time>
      </trkpt>
      <trkpt lat="23.187926933169365" lon="120.32804972492158">
        <ele>36.0</ele>
        <time>2022-12-04T03:05:56</time>
      </trkpt>
      <trkpt lat="23.187692826613784" lon="120.3282062150538">
        <ele>36.0</ele>
        <time>2022-12-04T03:06:02</time>
      </trkpt>
      <trkpt lat="23.18749970756471" lon="120.32832741737366">
        <ele>36.0</ele>
        <time>2022-12-04T03:06:07</time>
      </trkpt>
      <trkpt lat="23.187428042292595" lon="120.32838332466781">
        <ele>36.0</ele>
        <time>2022-12-04T03:06:09</time>
      </trkpt>
      <trkpt lat="23.187357131391764" lon="120.32843948341906">
        <ele>37.0</ele>
        <time>2022-12-04T03:06:11</time>
      </trkpt>
      <trkpt lat="23.187231486663222" lon="120.32855557277799">
        <ele>37.0</ele>
        <time>2022-12-04T03:06:15</time>
      </trkpt>
      <trkpt lat="23.18702965043485" lon="120.32877517864108">
        <ele>37.0</ele>
        <time>2022-12-04T03:06:22</time>
      </trkpt>
      <trkpt lat="23.18700081668794" lon="120.32881272956729">
        <ele>37.0</ele>
        <time>2022-12-04T03:06:23</time>
      </trkpt>
      <trkpt lat="23.186948681250215" lon="120.32889219000936">
        <ele>37.0</ele>
        <time>2022-12-04T03:06:25</time>
      </trkpt>
      <trkpt lat="23.186924792826176" lon="120.32893535681069">
        <ele>38.0</ele>
        <time>2022-12-04T03:06:26</time>
      </trkpt>
      <trkpt lat="23.186901407316327" lon="120.3289829660207">
        <ele>39.0</ele>
        <time>2022-12-04T03:06:27</time>
      </trkpt>
      <trkpt lat="23.186878440901637" lon="120.32902831211686">
        <ele>39.0</ele>
        <time>2022-12-04T03:06:28</time>
      </trkpt>
      <trkpt lat="23.186853546649218" lon="120.32907240092754">
        <ele>39.0</ele>
        <time>2022-12-04T03:06:29</time>
      </trkpt>
      <trkpt lat="23.18680727854371" lon="120.32916435040534">
        <ele>40.0</ele>
        <time>2022-12-04T03:06:31</time>
      </trkpt>
      <trkpt lat="23.18672278895974" lon="120.32936861738563">
        <ele>41.0</ele>
        <time>2022-12-04T03:06:35</time>
      </trkpt>
      <trkpt lat="23.186701834201813" lon="120.32942242920399">
        <ele>41.0</ele>
        <time>2022-12-04T03:06:36</time>
      </trkpt>
      <trkpt lat="23.186681549996138" lon="120.32947699539363">
        <ele>41.0</ele>
        <time>2022-12-04T03:06:37</time>
      </trkpt>
      <trkpt lat="23.186639808118343" lon="120.32958721742034">
        <ele>41.0</ele>
        <time>2022-12-04T03:06:39</time>
      </trkpt>
      <trkpt lat="23.186595384031534" lon="120.32969400286674">
        <ele>41.0</ele>
        <time>2022-12-04T03:06:41</time>
      </trkpt>
      <trkpt lat="23.186491951346397" lon="120.32996892929077">
        <ele>42.0</ele>
        <time>2022-12-04T03:06:46</time>
      </trkpt>
      <trkpt lat="23.186427745968103" lon="120.3301317896694">
        <ele>42.0</ele>
        <time>2022-12-04T03:06:49</time>
      </trkpt>
      <trkpt lat="23.18633378483355" lon="120.33038584515452">
        <ele>43.0</ele>
        <time>2022-12-04T03:06:54</time>
      </trkpt>
      <trkpt lat="23.186317356303334" lon="120.33043605275452">
        <ele>43.0</ele>
        <time>2022-12-04T03:06:55</time>
      </trkpt>
      <trkpt lat="23.18625214509666" lon="120.3306046128273">
        <ele>44.0</ele>
        <time>2022-12-04T03:06:59</time>
      </trkpt>
      <trkpt lat="23.18623563274741" lon="120.33063529059291">
        <ele>44.0</ele>
        <time>2022-12-04T03:07:00</time>
      </trkpt>
      <trkpt lat="23.186138989403844" lon="120.3308393061161">
        <ele>45.0</ele>
        <time>2022-12-04T03:07:06</time>
      </trkpt>
      <trkpt lat="23.186126332730055" lon="120.33088532276452">
        <ele>45.0</ele>
        <time>2022-12-04T03:07:07</time>
      </trkpt>
      <trkpt lat="23.18605961278081" lon="120.331079531461">
        <ele>45.0</ele>
        <time>2022-12-04T03:07:11</time>
      </trkpt>
      <trkpt lat="23.18603807128966" lon="120.33112697303295">
        <ele>45.0</ele>
        <time>2022-12-04T03:07:12</time>
      </trkpt>
      <trkpt lat="23.185995407402515" lon="120.33122059889138">
        <ele>45.0</ele>
        <time>2022-12-04T03:07:14</time>
      </trkpt>
      <trkpt lat="23.185977218672633" lon="120.3312695492059">
        <ele>46.0</ele>
        <time>2022-12-04T03:07:15</time>
      </trkpt>
      <trkpt lat="23.18593941628933" lon="120.33136376179755">
        <ele>46.0</ele>
        <time>2022-12-04T03:07:17</time>
      </trkpt>
      <trkpt lat="23.1858788151294" lon="120.33150432631373">
        <ele>46.0</ele>
        <time>2022-12-04T03:07:20</time>
      </trkpt>
      <trkpt lat="23.185780914500356" lon="120.33174538984895">
        <ele>47.0</ele>
        <time>2022-12-04T03:07:25</time>
      </trkpt>
      <trkpt lat="23.185741771012545" lon="120.3318425361067">
        <ele>47.0</ele>
        <time>2022-12-04T03:07:27</time>
      </trkpt>
      <trkpt lat="23.18562576547265" lon="120.33213313668966">
        <ele>46.0</ele>
        <time>2022-12-04T03:07:33</time>
      </trkpt>
      <trkpt lat="23.185443375259638" lon="120.33252507448196">
        <ele>46.0</ele>
        <time>2022-12-04T03:07:41</time>
      </trkpt>
      <trkpt lat="23.18521144799888" lon="120.33289136365056">
        <ele>45.0</ele>
        <time>2022-12-04T03:07:49</time>
      </trkpt>
      <trkpt lat="23.184920260682702" lon="120.33328455872834">
        <ele>46.0</ele>
        <time>2022-12-04T03:07:58</time>
      </trkpt>
      <trkpt lat="23.184710629284382" lon="120.33359686844051">
        <ele>46.0</ele>
        <time>2022-12-04T03:08:05</time>
      </trkpt>
      <trkpt lat="23.184373006224632" lon="120.33405234105885">
        <ele>46.0</ele>
        <time>2022-12-04T03:08:15</time>
      </trkpt>
      <trkpt lat="23.18414619192481" lon="120.3343503177166">
        <ele>46.0</ele>
        <time>2022-12-04T03:08:22</time>
      </trkpt>
      <trkpt lat="23.183892220258713" lon="120.33470202237368">
        <ele>47.0</ele>
        <time>2022-12-04T03:08:30</time>
      </trkpt>
      <trkpt lat="23.183766407892108" lon="120.33486748114228">
        <ele>47.0</ele>
        <time>2022-12-04T03:08:34</time>
      </trkpt>
      <trkpt lat="23.18366875872016" lon="120.33499631099403">
        <ele>47.0</ele>
        <time>2022-12-04T03:08:37</time>
      </trkpt>
      <trkpt lat="23.18363799713552" lon="120.33503872342408">
        <ele>47.0</ele>
        <time>2022-12-04T03:08:38</time>
      </trkpt>
      <trkpt lat="23.183441273868084" lon="120.33528205007315">
        <ele>48.0</ele>
        <time>2022-12-04T03:08:45</time>
      </trkpt>
      <trkpt lat="23.183329459279776" lon="120.33543527126312">
        <ele>48.0</ele>
        <time>2022-12-04T03:08:50</time>
      </trkpt>
      <trkpt lat="23.183287885040045" lon="120.33550601452589">
        <ele>47.0</ele>
        <time>2022-12-04T03:08:53</time>
      </trkpt>
      <trkpt lat="23.18327841348946" lon="120.3355176653713">
        <ele>47.0</ele>
        <time>2022-12-04T03:08:54</time>
      </trkpt>
      <trkpt lat="23.183260392397642" lon="120.33554348163307">
        <ele>47.0</ele>
        <time>2022-12-04T03:08:57</time>
      </trkpt>
      <trkpt lat="23.183260392397642" lon="120.33555144444108">
        <ele>47.0</ele>
        <time>2022-12-04T03:08:58</time>
      </trkpt>
      <trkpt lat="23.18326030857861" lon="120.33555488102138">
        <ele>47.0</ele>
        <time>2022-12-04T03:08:59</time>
      </trkpt>
      <trkpt lat="23.183257961645722" lon="120.33555907197297">
        <ele>47.0</ele>
        <time>2022-12-04T03:09:00</time>
      </trkpt>
      <trkpt lat="23.183252178132534" lon="120.33556368201971">
        <ele>46.0</ele>
        <time>2022-12-04T03:09:01</time>
      </trkpt>
      <trkpt lat="23.183237677440047" lon="120.33558413386345">
        <ele>46.0</ele>
        <time>2022-12-04T03:09:03</time>
      </trkpt>
      <trkpt lat="23.18322024308145" lon="120.33561699092388">
        <ele>46.0</ele>
        <time>2022-12-04T03:09:05</time>
      </trkpt>
      <trkpt lat="23.183155031874776" lon="120.33570801839232">
        <ele>46.0</ele>
        <time>2022-12-04T03:09:09</time>
      </trkpt>
      <trkpt lat="23.183111948892474" lon="120.33577423542738">
        <ele>46.0</ele>
        <time>2022-12-04T03:09:11</time>
      </trkpt>
      <trkpt lat="23.183026034384966" lon="120.33590029925108">
        <ele>47.0</ele>
        <time>2022-12-04T03:09:15</time>
      </trkpt>
      <trkpt lat="23.182986807078123" lon="120.3359508421272">
        <ele>47.0</ele>
        <time>2022-12-04T03:09:17</time>
      </trkpt>
      <trkpt lat="23.182842805981636" lon="120.33613432198763">
        <ele>46.0</ele>
        <time>2022-12-04T03:09:23</time>
      </trkpt>
      <trkpt lat="23.18275948986411" lon="120.33625376410782">
        <ele>46.0</ele>
        <time>2022-12-04T03:09:26</time>
      </trkpt>
      <trkpt lat="23.18264356814325" lon="120.33640002831817">
        <ele>46.0</ele>
        <time>2022-12-04T03:09:30</time>
      </trkpt>
      <trkpt lat="23.182584224268794" lon="120.33647856675088">
        <ele>46.0</ele>
        <time>2022-12-04T03:09:32</time>
      </trkpt>
      <trkpt lat="23.182509457692504" lon="120.33655107021332">
        <ele>45.0</ele>
        <time>2022-12-04T03:09:34</time>
      </trkpt>
      <trkpt lat="23.182429242879152" lon="120.3366231545806">
        <ele>45.0</ele>
        <time>2022-12-04T03:09:36</time>
      </trkpt>
      <trkpt lat="23.182389428839087" lon="120.33665919676423">
        <ele>45.0</ele>
        <time>2022-12-04T03:09:37</time>
      </trkpt>
      <trkpt lat="23.182100420817733" lon="120.33689414151013">
        <ele>46.0</ele>
        <time>2022-12-04T03:09:44</time>
      </trkpt>
      <trkpt lat="23.182004196569324" lon="120.336949294433">
        <ele>46.0</ele>
        <time>2022-12-04T03:09:46</time>
      </trkpt>
      <trkpt lat="23.181698508560658" lon="120.33709346316755">
        <ele>46.0</ele>
        <time>2022-12-04T03:09:52</time>
      </trkpt>
      <trkpt lat="23.18144503980875" lon="120.3371720854193">
        <ele>46.0</ele>
        <time>2022-12-04T03:09:57</time>
      </trkpt>
      <trkpt lat="23.18134143948555" lon="120.33719396218657">
        <ele>45.0</ele>
        <time>2022-12-04T03:09:59</time>
      </trkpt>
      <trkpt lat="23.18123398348689" lon="120.33721785061061">
        <ele>45.0</ele>
        <time>2022-12-04T03:10:00</time>
      </trkpt>
      <trkpt lat="23.18089426495135" lon="120.33729496411979">
        <ele>44.0</ele>
        <time>2022-12-04T03:10:07</time>
      </trkpt>
      <trkpt lat="23.180443989112973" lon="120.33744432963431">
        <ele>45.0</ele>
        <time>2022-12-04T03:10:15</time>
      </trkpt>
      <trkpt lat="23.1802577432245" lon="120.33750912174582">
        <ele>44.0</ele>
        <time>2022-12-04T03:10:18</time>
      </trkpt>
      <trkpt lat="23.180054733529687" lon="120.33757139928639">
        <ele>43.0</ele>
        <time>2022-12-04T03:10:21</time>
      </trkpt>
      <trkpt lat="23.179983319714665" lon="120.33759302459657">
        <ele>43.0</ele>
        <time>2022-12-04T03:10:22</time>
      </trkpt>
      <trkpt lat="23.179756505414844" lon="120.33765974454582">
        <ele>43.0</ele>
        <time>2022-12-04T03:10:25</time>
      </trkpt>
      <trkpt lat="23.179418966174126" lon="120.33775605261326">
        <ele>42.0</ele>
        <time>2022-12-04T03:10:29</time>
      </trkpt>
      <trkpt lat="23.17933078855276" lon="120.33778463490307">
        <ele>41.0</ele>
        <time>2022-12-04T03:10:30</time>
      </trkpt>
      <trkpt lat="23.17896818742156" lon="120.33788865432143">
        <ele>40.0</ele>
        <time>2022-12-04T03:10:34</time>
      </trkpt>
      <trkpt lat="23.178708348423243" lon="120.3379649296403">
        <ele>40.0</ele>
        <time>2022-12-04T03:10:37</time>
      </trkpt>
      <trkpt lat="23.178470134735107" lon="120.33803299069405">
        <ele>40.0</ele>
        <time>2022-12-04T03:10:40</time>
      </trkpt>
      <trkpt lat="23.178189089521766" lon="120.33811530098319">
        <ele>40.0</ele>
        <time>2022-12-04T03:10:44</time>
      </trkpt>
      <trkpt lat="23.17770352587104" lon="120.33825863152742">
        <ele>41.0</ele>
        <time>2022-12-04T03:10:51</time>
      </trkpt>
      <trkpt lat="23.17763420753181" lon="120.3382789157331">
        <ele>40.0</ele>
        <time>2022-12-04T03:10:52</time>
      </trkpt>
      <trkpt lat="23.17744854837656" lon="120.33832551911473">
        <ele>41.0</ele>
        <time>2022-12-04T03:10:55</time>
      </trkpt>
      <trkpt lat="23.177251322194934" lon="120.33836080692708">
        <ele>41.0</ele>
        <time>2022-12-04T03:10:58</time>
      </trkpt>
      <trkpt lat="23.177126850932837" lon="120.3383756428957">
        <ele>42.0</ele>
        <time>2022-12-04T03:11:00</time>
      </trkpt>
      <trkpt lat="23.177069267258048" lon="120.33838285133243">
        <ele>42.0</ele>
        <time>2022-12-04T03:11:01</time>
      </trkpt>
      <trkpt lat="23.17689685150981" lon="120.33839534036815">
        <ele>43.0</ele>
        <time>2022-12-04T03:11:04</time>
      </trkpt>
      <trkpt lat="23.176839435473084" lon="120.33840020187199">
        <ele>43.0</ele>
        <time>2022-12-04T03:11:05</time>
      </trkpt>
      <trkpt lat="23.176626870408654" lon="120.33840791322291">
        <ele>44.0</ele>
        <time>2022-12-04T03:11:09</time>
      </trkpt>
      <trkpt lat="23.17647901363671" lon="120.33840849995613">
        <ele>45.0</ele>
        <time>2022-12-04T03:11:12</time>
      </trkpt>
      <trkpt lat="23.17642830312252" lon="120.33840707503259">
        <ele>45.0</ele>
        <time>2022-12-04T03:11:13</time>
      </trkpt>
      <trkpt lat="23.17611113190651" lon="120.33839508891106">
        <ele>45.0</ele>
        <time>2022-12-04T03:11:20</time>
      </trkpt>
      <trkpt lat="23.176015075296164" lon="120.33838343806565">
        <ele>45.0</ele>
        <time>2022-12-04T03:11:22</time>
      </trkpt>
      <trkpt lat="23.175731264054775" lon="120.33835921436548">
        <ele>45.0</ele>
        <time>2022-12-04T03:11:28</time>
      </trkpt>
      <trkpt lat="23.175498163327575" lon="120.33833297900856">
        <ele>45.0</ele>
        <time>2022-12-04T03:11:33</time>
      </trkpt>
      <trkpt lat="23.175407638773322" lon="120.33831898123026">
        <ele>46.0</ele>
        <time>2022-12-04T03:11:35</time>
      </trkpt>
      <trkpt lat="23.17522726021707" lon="120.33831177279353">
        <ele>46.0</ele>
        <time>2022-12-04T03:11:39</time>
      </trkpt>
      <trkpt lat="23.175135143101215" lon="120.33830531872809">
        <ele>46.0</ele>
        <time>2022-12-04T03:11:41</time>
      </trkpt>
      <trkpt lat="23.174750665202737" lon="120.3382582962513">
        <ele>45.0</ele>
        <time>2022-12-04T03:11:49</time>
      </trkpt>
      <trkpt lat="23.174701798707247" lon="120.33825217746198">
        <ele>45.0</ele>
        <time>2022-12-04T03:11:50</time>
      </trkpt>
      <trkpt lat="23.17465058527887" lon="120.33824781887233">
        <ele>45.0</ele>
        <time>2022-12-04T03:11:51</time>
      </trkpt>
      <trkpt lat="23.17454958334565" lon="120.33824153244495">
        <ele>44.0</ele>
        <time>2022-12-04T03:11:53</time>
      </trkpt>
      <trkpt lat="23.17444782704115" lon="120.33823759295046">
        <ele>44.0</ele>
        <time>2022-12-04T03:11:55</time>
      </trkpt>
      <trkpt lat="23.174349423497915" lon="120.33823465928435">
        <ele>43.0</ele>
        <time>2022-12-04T03:11:57</time>
      </trkpt>
      <trkpt lat="23.174211541190743" lon="120.33823608420789">
        <ele>42.0</ele>
        <time>2022-12-04T03:12:00</time>
      </trkpt>
      <trkpt lat="23.174167033284903" lon="120.33823382109404">
        <ele>42.0</ele>
        <time>2022-12-04T03:12:01</time>
      </trkpt>
      <trkpt lat="23.174043064936996" lon="120.33823004923761">
        <ele>42.0</ele>
        <time>2022-12-04T03:12:04</time>
      </trkpt>
      <trkpt lat="23.173908535391092" lon="120.33822292461991">
        <ele>42.0</ele>
        <time>2022-12-04T03:12:08</time>
      </trkpt>
      <trkpt lat="23.173879198729992" lon="120.33821454271674">
        <ele>42.0</ele>
        <time>2022-12-04T03:12:09</time>
      </trkpt>
      <trkpt lat="23.173796301707625" lon="120.3382064960897">
        <ele>41.0</ele>
        <time>2022-12-04T03:12:12</time>
      </trkpt>
      <trkpt lat="23.17376227118075" lon="120.33820716664195">
        <ele>41.0</ele>
        <time>2022-12-04T03:12:14</time>
      </trkpt>
      <trkpt lat="23.17374223843217" lon="120.33821077086031">
        <ele>40.0</ele>
        <time>2022-12-04T03:12:18</time>
      </trkpt>
      <trkpt lat="23.1737388856709" lon="120.33821303397417">
        <ele>40.0</ele>
        <time>2022-12-04T03:12:19</time>
      </trkpt>
      <trkpt lat="23.173735281452537" lon="120.33821244724095">
        <ele>38.0</ele>
        <time>2022-12-04T03:12:22</time>
      </trkpt>
      <trkpt lat="23.173737712204456" lon="120.33821378834546">
        <ele>38.0</ele>
        <time>2022-12-04T03:12:27</time>
      </trkpt>
      <trkpt lat="23.173738131299615" lon="120.33821454271674">
        <ele>38.0</ele>
        <time>2022-12-04T03:12:32</time>
      </trkpt>
      <trkpt lat="23.1737388856709" lon="120.33821454271674">
        <ele>38.0</ele>
        <time>2022-12-04T03:12:40</time>
      </trkpt>
      <trkpt lat="23.173738969489932" lon="120.33821454271674">
        <ele>38.0</ele>
        <time>2022-12-04T03:12:42</time>
      </trkpt>
      <trkpt lat="23.173739053308964" lon="120.3382147103548">
        <ele>38.0</ele>
        <time>2022-12-04T03:12:47</time>
      </trkpt>
      <trkpt lat="23.173730839043856" lon="120.33821244724095">
        <ele>38.0</ele>
        <time>2022-12-04T03:12:49</time>
      </trkpt>
      <trkpt lat="23.17370317876339" lon="120.33821118995547">
        <ele>38.0</ele>
        <time>2022-12-04T03:12:51</time>
      </trkpt>
      <trkpt lat="23.173627657815814" lon="120.33819233067334">
        <ele>38.0</ele>
        <time>2022-12-04T03:12:54</time>
      </trkpt>
      <trkpt lat="23.17359622567892" lon="120.33818495459855">
        <ele>37.0</ele>
        <time>2022-12-04T03:12:55</time>
      </trkpt>
      <trkpt lat="23.173560351133347" lon="120.33817741088569">
        <ele>36.0</ele>
        <time>2022-12-04T03:12:56</time>
      </trkpt>
      <trkpt lat="23.173517854884267" lon="120.33816718496382">
        <ele>36.0</ele>
        <time>2022-12-04T03:12:57</time>
      </trkpt>
      <trkpt lat="23.17331224679947" lon="120.33815000206232">
        <ele>35.0</ele>
        <time>2022-12-04T03:13:01</time>
      </trkpt>
      <trkpt lat="23.172942772507668" lon="120.3381459787488">
        <ele>36.0</ele>
        <time>2022-12-04T03:13:08</time>
      </trkpt>
      <trkpt lat="23.172617303207517" lon="120.3381335735321">
        <ele>36.0</ele>
        <time>2022-12-04T03:13:14</time>
      </trkpt>
      <trkpt lat="23.172560976818204" lon="120.33812820911407">
        <ele>35.0</ele>
        <time>2022-12-04T03:13:15</time>
      </trkpt>
      <trkpt lat="23.17233986221254" lon="120.33812301233411">
        <ele>36.0</ele>
        <time>2022-12-04T03:13:19</time>
      </trkpt>
      <trkpt lat="23.172173397615552" lon="120.33812049776316">
        <ele>36.0</ele>
        <time>2022-12-04T03:13:22</time>
      </trkpt>
      <trkpt lat="23.17211715504527" lon="120.33812016248703">
        <ele>36.0</ele>
        <time>2022-12-04T03:13:23</time>
      </trkpt>
      <trkpt lat="23.171950187534094" lon="120.33813072368503">
        <ele>36.0</ele>
        <time>2022-12-04T03:13:26</time>
      </trkpt>
      <trkpt lat="23.171838289126754" lon="120.33813902176917">
        <ele>36.0</ele>
        <time>2022-12-04T03:13:28</time>
      </trkpt>
      <trkpt lat="23.171665957197547" lon="120.33815645612776">
        <ele>35.0</ele>
        <time>2022-12-04T03:13:31</time>
      </trkpt>
      <trkpt lat="23.171551041305065" lon="120.33817380666733">
        <ele>35.0</ele>
        <time>2022-12-04T03:13:33</time>
      </trkpt>
      <trkpt lat="23.171495217829943" lon="120.3381840325892">
        <ele>35.0</ele>
        <time>2022-12-04T03:13:34</time>
      </trkpt>
      <trkpt lat="23.17133143544197" lon="120.33821973949671">
        <ele>35.0</ele>
        <time>2022-12-04T03:13:37</time>
      </trkpt>
      <trkpt lat="23.171167653054" lon="120.33825896680355">
        <ele>35.0</ele>
        <time>2022-12-04T03:13:40</time>
      </trkpt>
      <trkpt lat="23.171111159026623" lon="120.33827422186732">
        <ele>35.0</ele>
        <time>2022-12-04T03:13:41</time>
      </trkpt>
      <trkpt lat="23.171053659170866" lon="120.33829006366432">
        <ele>35.0</ele>
        <time>2022-12-04T03:13:42</time>
      </trkpt>
      <trkpt lat="23.17087654955685" lon="120.33834253437817">
        <ele>36.0</ele>
        <time>2022-12-04T03:13:45</time>
      </trkpt>
      <trkpt lat="23.170710252597928" lon="120.33840481191874">
        <ele>36.0</ele>
        <time>2022-12-04T03:13:48</time>
      </trkpt>
      <trkpt lat="23.17059743218124" lon="120.33845535479486">
        <ele>37.0</ele>
        <time>2022-12-04T03:13:50</time>
      </trkpt>
      <trkpt lat="23.1704786606133" lon="120.33850765787065">
        <ele>37.0</ele>
        <time>2022-12-04T03:13:52</time>
      </trkpt>
      <trkpt lat="23.170297192409635" lon="120.33859072253108">
        <ele>37.0</ele>
        <time>2022-12-04T03:13:55</time>
      </trkpt>
      <trkpt lat="23.170176995918155" lon="120.33866087906063">
        <ele>36.0</ele>
        <time>2022-12-04T03:13:57</time>
      </trkpt>
      <trkpt lat="23.16971984691918" lon="120.33893454819918">
        <ele>35.0</ele>
        <time>2022-12-04T03:14:04</time>
      </trkpt>
      <trkpt lat="23.169493032619357" lon="120.33904544077814">
        <ele>35.0</ele>
        <time>2022-12-04T03:14:07</time>
      </trkpt>
      <trkpt lat="23.16941600292921" lon="120.33908349461854">
        <ele>34.0</ele>
        <time>2022-12-04T03:14:08</time>
      </trkpt>
      <trkpt lat="23.16926211118698" lon="120.33916806802154">
        <ele>33.0</ele>
        <time>2022-12-04T03:14:10</time>
      </trkpt>
      <trkpt lat="23.168781157583" lon="120.33941022120416">
        <ele>33.0</ele>
        <time>2022-12-04T03:14:16</time>
      </trkpt>
      <trkpt lat="23.168499693274498" lon="120.33955137245357">
        <ele>35.0</ele>
        <time>2022-12-04T03:14:20</time>
      </trkpt>
      <trkpt lat="23.168431632220745" lon="120.33958666026592">
        <ele>36.0</ele>
        <time>2022-12-04T03:14:21</time>
      </trkpt>
      <trkpt lat="23.168293414637446" lon="120.3396569006145">
        <ele>38.0</ele>
        <time>2022-12-04T03:14:23</time>
      </trkpt>
      <trkpt lat="23.168028043583035" lon="120.33979293890297">
        <ele>39.0</ele>
        <time>2022-12-04T03:14:27</time>
      </trkpt>
      <trkpt lat="23.16783525981009" lon="120.33989117480814">
        <ele>40.0</ele>
        <time>2022-12-04T03:14:30</time>
      </trkpt>
      <trkpt lat="23.167483303695917" lon="120.34007096663117">
        <ele>40.0</ele>
        <time>2022-12-04T03:14:36</time>
      </trkpt>
      <trkpt lat="23.167313067242503" lon="120.3401595633477">
        <ele>41.0</ele>
        <time>2022-12-04T03:14:39</time>
      </trkpt>
      <trkpt lat="23.166838232427835" lon="120.34037003293633">
        <ele>41.0</ele>
        <time>2022-12-04T03:14:47</time>
      </trkpt>
      <trkpt lat="23.16671535372734" lon="120.34042275510728">
        <ele>41.0</ele>
        <time>2022-12-04T03:14:49</time>
      </trkpt>
      <trkpt lat="23.166328025981784" lon="120.34055686555803">
        <ele>41.0</ele>
        <time>2022-12-04T03:14:55</time>
      </trkpt>
      <trkpt lat="23.166202045977116" lon="120.3405861184001">
        <ele>41.0</ele>
        <time>2022-12-04T03:14:57</time>
      </trkpt>
      <trkpt lat="23.16582167521119" lon="120.34063909202814">
        <ele>40.0</ele>
        <time>2022-12-04T03:15:03</time>
      </trkpt>
      <trkpt lat="23.16569603048265" lon="120.34064889885485">
        <ele>40.0</ele>
        <time>2022-12-04T03:15:05</time>
      </trkpt>
      <trkpt lat="23.16556854173541" lon="120.34066021442413">
        <ele>40.0</ele>
        <time>2022-12-04T03:15:07</time>
      </trkpt>
      <trkpt lat="23.165248855948448" lon="120.34068795852363">
        <ele>40.0</ele>
        <time>2022-12-04T03:15:12</time>
      </trkpt>
      <trkpt lat="23.16476865671575" lon="120.34073338843882">
        <ele>39.0</ele>
        <time>2022-12-04T03:15:20</time>
      </trkpt>
      <trkpt lat="23.164597917348146" lon="120.34075643867254">
        <ele>39.0</ele>
        <time>2022-12-04T03:15:23</time>
      </trkpt>
      <trkpt lat="23.16439180634916" lon="120.34077286720276">
        <ele>39.0</ele>
        <time>2022-12-04T03:15:27</time>
      </trkpt>
      <trkpt lat="23.163993330672383" lon="120.34080622717738">
        <ele>38.0</ele>
        <time>2022-12-04T03:15:36</time>
      </trkpt>
      <trkpt lat="23.163905404508114" lon="120.34081033430994">
        <ele>38.0</ele>
        <time>2022-12-04T03:15:40</time>
      </trkpt>
      <trkpt lat="23.163890233263373" lon="120.3408173751086">
        <ele>37.0</ele>
        <time>2022-12-04T03:15:46</time>
      </trkpt>
      <trkpt lat="23.163891658186913" lon="120.3408173751086">
        <ele>37.0</ele>
        <time>2022-12-04T03:15:47</time>
      </trkpt>
      <trkpt lat="23.16389207728207" lon="120.34082022495568">
        <ele>37.0</ele>
        <time>2022-12-04T03:15:48</time>
      </trkpt>
      <trkpt lat="23.163895346224308" lon="120.34082986414433">
        <ele>37.0</ele>
        <time>2022-12-04T03:15:53</time>
      </trkpt>
      <trkpt lat="23.16389048472047" lon="120.34082416445017">
        <ele>37.0</ele>
        <time>2022-12-04T03:15:55</time>
      </trkpt>
      <trkpt lat="23.163892161101103" lon="120.34082332625985">
        <ele>37.0</ele>
        <time>2022-12-04T03:15:57</time>
      </trkpt>
      <trkpt lat="23.163900207728148" lon="120.34082349389791">
        <ele>37.0</ele>
        <time>2022-12-04T03:16:02</time>
      </trkpt>
      <trkpt lat="23.16390817053616" lon="120.34082600846887">
        <ele>37.0</ele>
        <time>2022-12-04T03:16:07</time>
      </trkpt>
      <trkpt lat="23.16389341838658" lon="120.34082517027855">
        <ele>37.0</ele>
        <time>2022-12-04T03:16:09</time>
      </trkpt>
      <trkpt lat="23.16387983970344" lon="120.3408242482692">
        <ele>37.0</ele>
        <time>2022-12-04T03:16:10</time>
      </trkpt>
      <trkpt lat="23.16378981806338" lon="120.34083858132362">
        <ele>38.0</ele>
        <time>2022-12-04T03:16:14</time>
      </trkpt>
      <trkpt lat="23.163760900497437" lon="120.34084310755134">
        <ele>37.0</ele>
        <time>2022-12-04T03:16:15</time>
      </trkpt>
      <trkpt lat="23.163556968793273" lon="120.34086263738573">
        <ele>37.0</ele>
        <time>2022-12-04T03:16:20</time>
      </trkpt>
      <trkpt lat="23.16352553665638" lon="120.34083154052496">
        <ele>37.0</ele>
        <time>2022-12-04T03:16:21</time>
      </trkpt>
      <trkpt lat="23.1633966229856" lon="120.34085257910192">
        <ele>37.0</ele>
        <time>2022-12-04T03:16:24</time>
      </trkpt>
      <trkpt lat="23.1633466668427" lon="120.34086221829057">
        <ele>37.0</ele>
        <time>2022-12-04T03:16:25</time>
      </trkpt>
      <trkpt lat="23.163226386532187" lon="120.34088099375367">
        <ele>37.0</ele>
        <time>2022-12-04T03:16:27</time>
      </trkpt>
      <trkpt lat="23.163016755133867" lon="120.34089968539774">
        <ele>36.0</ele>
        <time>2022-12-04T03:16:31</time>
      </trkpt>
      <trkpt lat="23.16280972212553" lon="120.34091980196536">
        <ele>36.0</ele>
        <time>2022-12-04T03:16:35</time>
      </trkpt>
      <trkpt lat="23.162651555612683" lon="120.3409275971353">
        <ele>36.0</ele>
        <time>2022-12-04T03:16:38</time>
      </trkpt>
      <trkpt lat="23.16244418732822" lon="120.34095701761544">
        <ele>36.0</ele>
        <time>2022-12-04T03:16:42</time>
      </trkpt>
      <trkpt lat="23.162339497357607" lon="120.34097512252629">
        <ele>36.0</ele>
        <time>2022-12-04T03:16:44</time>
      </trkpt>
      <trkpt lat="23.162285601720214" lon="120.34098266623914">
        <ele>36.0</ele>
        <time>2022-12-04T03:16:45</time>
      </trkpt>
      <trkpt lat="23.162123914808035" lon="120.34100705757737">
        <ele>36.0</ele>
        <time>2022-12-04T03:16:48</time>
      </trkpt>
      <trkpt lat="23.16206750459969" lon="120.34101527184248">
        <ele>36.0</ele>
        <time>2022-12-04T03:16:49</time>
      </trkpt>
      <trkpt lat="23.161954684183" lon="120.34102700650692">
        <ele>36.0</ele>
        <time>2022-12-04T03:16:51</time>
      </trkpt>
      <trkpt lat="23.161897351965308" lon="120.34103287383914">
        <ele>36.0</ele>
        <time>2022-12-04T03:16:52</time>
      </trkpt>
      <trkpt lat="23.161839600652456" lon="120.34103882499039">
        <ele>37.0</ele>
        <time>2022-12-04T03:16:53</time>
      </trkpt>
      <trkpt lat="23.161666681990027" lon="120.34106221050024">
        <ele>37.0</ele>
        <time>2022-12-04T03:16:56</time>
      </trkpt>
      <trkpt lat="23.161608343943954" lon="120.34106958657503">
        <ele>37.0</ele>
        <time>2022-12-04T03:16:57</time>
      </trkpt>
      <trkpt lat="23.16130626015365" lon="120.3410832490772">
        <ele>37.0</ele>
        <time>2022-12-04T03:17:02</time>
      </trkpt>
      <trkpt lat="23.160854056477547" lon="120.34103957936168">
        <ele>36.0</ele>
        <time>2022-12-04T03:17:09</time>
      </trkpt>
      <trkpt lat="23.160790856927633" lon="120.3410229831934">
        <ele>36.0</ele>
        <time>2022-12-04T03:17:10</time>
      </trkpt>
      <trkpt lat="23.16030344925821" lon="120.34085693769157">
        <ele>36.0</ele>
        <time>2022-12-04T03:17:18</time>
      </trkpt>
      <trkpt lat="23.159904219210148" lon="120.34063833765686">
        <ele>35.0</ele>
        <time>2022-12-04T03:17:25</time>
      </trkpt>
      <trkpt lat="23.159851161763072" lon="120.34060799516737">
        <ele>35.0</ele>
        <time>2022-12-04T03:17:26</time>
      </trkpt>
      <trkpt lat="23.159643625840545" lon="120.3404804226011">
        <ele>35.0</ele>
        <time>2022-12-04T03:17:30</time>
      </trkpt>
      <trkpt lat="23.15949635580182" lon="120.34038604237139">
        <ele>35.0</ele>
        <time>2022-12-04T03:17:33</time>
      </trkpt>
      <trkpt lat="23.15923584625125" lon="120.34021723084152">
        <ele>34.0</ele>
        <time>2022-12-04T03:17:38</time>
      </trkpt>
      <trkpt lat="23.15902923233807" lon="120.3400905802846">
        <ele>34.0</ele>
        <time>2022-12-04T03:17:42</time>
      </trkpt>
      <trkpt lat="23.158642072230577" lon="120.33981364220381">
        <ele>33.0</ele>
        <time>2022-12-04T03:17:50</time>
      </trkpt>
      <trkpt lat="23.158309310674667" lon="120.33960518427193">
        <ele>33.0</ele>
        <time>2022-12-04T03:17:56</time>
      </trkpt>
      <trkpt lat="23.158249631524086" lon="120.33957006409764">
        <ele>33.0</ele>
        <time>2022-12-04T03:17:57</time>
      </trkpt>
      <trkpt lat="23.158083837479353" lon="120.3394549805671">
        <ele>33.0</ele>
        <time>2022-12-04T03:18:00</time>
      </trkpt>
      <trkpt lat="23.157858783379197" lon="120.339301424101">
        <ele>33.0</ele>
        <time>2022-12-04T03:18:04</time>
      </trkpt>
      <trkpt lat="23.157422421500087" lon="120.33903622068465">
        <ele>33.0</ele>
        <time>2022-12-04T03:18:12</time>
      </trkpt>
      <trkpt lat="23.157322090119123" lon="120.33897629007697">
        <ele>33.0</ele>
        <time>2022-12-04T03:18:14</time>
      </trkpt>
      <trkpt lat="23.157094018533826" lon="120.33883446827531">
        <ele>33.0</ele>
        <time>2022-12-04T03:18:19</time>
      </trkpt>
      <trkpt lat="23.157048672437668" lon="120.3388053830713">
        <ele>33.0</ele>
        <time>2022-12-04T03:18:20</time>
      </trkpt>
      <trkpt lat="23.15691146068275" lon="120.33871871419251">
        <ele>34.0</ele>
        <time>2022-12-04T03:18:23</time>
      </trkpt>
      <trkpt lat="23.156785061582923" lon="120.33863523043692">
        <ele>35.0</ele>
        <time>2022-12-04T03:18:26</time>
      </trkpt>
      <trkpt lat="23.156740637496114" lon="120.33860681578517">
        <ele>35.0</ele>
        <time>2022-12-04T03:18:27</time>
      </trkpt>
      <trkpt lat="23.156695207580924" lon="120.33857747912407">
        <ele>35.0</ele>
        <time>2022-12-04T03:18:28</time>
      </trkpt>
      <trkpt lat="23.156569646671414" lon="120.3384893015027">
        <ele>36.0</ele>
        <time>2022-12-04T03:18:31</time>
      </trkpt>
      <trkpt lat="23.15647912211716" lon="120.33843255601823">
        <ele>37.0</ele>
        <time>2022-12-04T03:18:33</time>
      </trkpt>
      <trkpt lat="23.156432351097465" lon="120.33840439282358">
        <ele>37.0</ele>
        <time>2022-12-04T03:18:34</time>
      </trkpt>
      <trkpt lat="23.156196735799313" lon="120.33825050108135">
        <ele>38.0</ele>
        <time>2022-12-04T03:18:39</time>
      </trkpt>
      <trkpt lat="23.15604661591351" lon="120.33815301954746">
        <ele>37.0</ele>
        <time>2022-12-04T03:18:42</time>
      </trkpt>
      <trkpt lat="23.155954582616687" lon="120.33809032291174">
        <ele>37.0</ele>
        <time>2022-12-04T03:18:44</time>
      </trkpt>
      <trkpt lat="23.15579792484641" lon="120.33798336982727">
        <ele>37.0</ele>
        <time>2022-12-04T03:18:47</time>
      </trkpt>
      <trkpt lat="23.155638836324215" lon="120.33787918277085">
        <ele>36.0</ele>
        <time>2022-12-04T03:18:50</time>
      </trkpt>
      <trkpt lat="23.155471198260784" lon="120.33777818083763">
        <ele>36.0</ele>
        <time>2022-12-04T03:18:53</time>
      </trkpt>
      <trkpt lat="23.15536005422473" lon="120.33770249225199">
        <ele>35.0</ele>
        <time>2022-12-04T03:18:55</time>
      </trkpt>
      <trkpt lat="23.15507372841239" lon="120.33751180395484">
        <ele>36.0</ele>
        <time>2022-12-04T03:19:00</time>
      </trkpt>
      <trkpt lat="23.15467298962176" lon="120.33725523389876">
        <ele>35.0</ele>
        <time>2022-12-04T03:19:07</time>
      </trkpt>
      <trkpt lat="23.154214583337307" lon="120.33695893362164">
        <ele>35.0</ele>
        <time>2022-12-04T03:19:15</time>
      </trkpt>
      <trkpt lat="23.154158927500248" lon="120.33692029304802">
        <ele>35.0</ele>
        <time>2022-12-04T03:19:16</time>
      </trkpt>
      <trkpt lat="23.153982739895582" lon="120.33680839464068">
        <ele>35.0</ele>
        <time>2022-12-04T03:19:19</time>
      </trkpt>
      <trkpt lat="23.15361955203116" lon="120.3365637268871">
        <ele>35.0</ele>
        <time>2022-12-04T03:19:25</time>
      </trkpt>
      <trkpt lat="23.153443951159716" lon="120.33643892034888">
        <ele>35.0</ele>
        <time>2022-12-04T03:19:28</time>
      </trkpt>
      <trkpt lat="23.15313876606524" lon="120.33623004332185">
        <ele>35.0</ele>
        <time>2022-12-04T03:19:33</time>
      </trkpt>
      <trkpt lat="23.152885884046555" lon="120.33604153431952">
        <ele>34.0</ele>
        <time>2022-12-04T03:19:37</time>
      </trkpt>
      <trkpt lat="23.152694022282958" lon="120.33588278107345">
        <ele>33.0</ele>
        <time>2022-12-04T03:19:40</time>
      </trkpt>
      <trkpt lat="23.15262864343822" lon="120.33582880161703">
        <ele>33.0</ele>
        <time>2022-12-04T03:19:41</time>
      </trkpt>
      <trkpt lat="23.152366122230887" lon="120.33561305142939">
        <ele>32.0</ele>
        <time>2022-12-04T03:19:45</time>
      </trkpt>
      <trkpt lat="23.15217124298215" lon="120.33544901758432">
        <ele>33.0</ele>
        <time>2022-12-04T03:19:48</time>
      </trkpt>
      <trkpt lat="23.152108630165458" lon="120.33539629541337">
        <ele>33.0</ele>
        <time>2022-12-04T03:19:49</time>
      </trkpt>
      <trkpt lat="23.152048280462623" lon="120.33534374088049">
        <ele>34.0</ele>
        <time>2022-12-04T03:19:50</time>
      </trkpt>
      <trkpt lat="23.151811491698027" lon="120.33513033762574">
        <ele>34.0</ele>
        <time>2022-12-04T03:19:54</time>
      </trkpt>
      <trkpt lat="23.15158685669303" lon="120.33491542562842">
        <ele>34.0</ele>
        <time>2022-12-04T03:19:58</time>
      </trkpt>
      <trkpt lat="23.15153220668435" lon="120.33486320637167">
        <ele>34.0</ele>
        <time>2022-12-04T03:19:59</time>
      </trkpt>
      <trkpt lat="23.151117973029613" lon="120.33443422056735">
        <ele>33.0</ele>
        <time>2022-12-04T03:20:07</time>
      </trkpt>
      <trkpt lat="23.151067597791553" lon="120.33438275568187">
        <ele>34.0</ele>
        <time>2022-12-04T03:20:08</time>
      </trkpt>
      <trkpt lat="23.15063794143498" lon="120.33391990698874">
        <ele>34.0</ele>
        <time>2022-12-04T03:20:17</time>
      </trkpt>
      <trkpt lat="23.15054750069976" lon="120.33382100053132">
        <ele>34.0</ele>
        <time>2022-12-04T03:20:19</time>
      </trkpt>
      <trkpt lat="23.15023242495954" lon="120.33348212018609">
        <ele>33.0</ele>
        <time>2022-12-04T03:20:26</time>
      </trkpt>
      <trkpt lat="23.14996604807675" lon="120.3332056850195">
        <ele>33.0</ele>
        <time>2022-12-04T03:20:33</time>
      </trkpt>
      <trkpt lat="23.14977016299963" lon="120.33301139250398">
        <ele>34.0</ele>
        <time>2022-12-04T03:20:39</time>
      </trkpt>
      <trkpt lat="23.14958492293954" lon="120.3328357078135">
        <ele>34.0</ele>
        <time>2022-12-04T03:20:46</time>
      </trkpt>
      <trkpt lat="23.149534966796637" lon="120.332768317312">
        <ele>34.0</ele>
        <time>2022-12-04T03:20:49</time>
      </trkpt>
      <trkpt lat="23.149523148313165" lon="120.33275222405791">
        <ele>34.0</ele>
        <time>2022-12-04T03:20:50</time>
      </trkpt>
      <trkpt lat="23.149516945704818" lon="120.33273847773671">
        <ele>34.0</ele>
        <time>2022-12-04T03:20:51</time>
      </trkpt>
      <trkpt lat="23.14950772561133" lon="120.33272665925324">
        <ele>34.0</ele>
        <time>2022-12-04T03:20:52</time>
      </trkpt>
      <trkpt lat="23.149447795003653" lon="120.33264007419348">
        <ele>34.0</ele>
        <time>2022-12-04T03:20:58</time>
      </trkpt>
      <trkpt lat="23.149374704807997" lon="120.33257092349231">
        <ele>33.0</ele>
        <time>2022-12-04T03:21:02</time>
      </trkpt>
      <trkpt lat="23.149360371753573" lon="120.33255415968597">
        <ele>33.0</ele>
        <time>2022-12-04T03:21:03</time>
      </trkpt>
      <trkpt lat="23.14931971952319" lon="120.33250093460083">
        <ele>33.0</ele>
        <time>2022-12-04T03:21:05</time>
      </trkpt>
      <trkpt lat="23.149270182475448" lon="120.33244309946895">
        <ele>33.0</ele>
        <time>2022-12-04T03:21:07</time>
      </trkpt>
      <trkpt lat="23.1491794064641" lon="120.33234880305827">
        <ele>33.0</ele>
        <time>2022-12-04T03:21:10</time>
      </trkpt>
      <trkpt lat="23.14914671704173" lon="120.33231368288398">
        <ele>33.0</ele>
        <time>2022-12-04T03:21:11</time>
      </trkpt>
      <trkpt lat="23.14904655329883" lon="120.33221150748432">
        <ele>34.0</ele>
        <time>2022-12-04T03:21:14</time>
      </trkpt>
      <trkpt lat="23.149016462266445" lon="120.3321797400713">
        <ele>34.0</ele>
        <time>2022-12-04T03:21:15</time>
      </trkpt>
      <trkpt lat="23.14898352138698" lon="120.33214738592505">
        <ele>34.0</ele>
        <time>2022-12-04T03:21:16</time>
      </trkpt>
      <trkpt lat="23.148948652669787" lon="120.33211017027497">
        <ele>35.0</ele>
        <time>2022-12-04T03:21:17</time>
      </trkpt>
      <trkpt lat="23.14891068264842" lon="120.33207161352038">
        <ele>35.0</ele>
        <time>2022-12-04T03:21:18</time>
      </trkpt>
      <trkpt lat="23.148677330464125" lon="120.33181152306497">
        <ele>36.0</ele>
        <time>2022-12-04T03:21:25</time>
      </trkpt>
      <trkpt lat="23.148644641041756" lon="120.33177548088133">
        <ele>36.0</ele>
        <time>2022-12-04T03:21:26</time>
      </trkpt>
      <trkpt lat="23.148485720157623" lon="120.33158303238451">
        <ele>36.0</ele>
        <time>2022-12-04T03:21:31</time>
      </trkpt>
      <trkpt lat="23.148425286635756" lon="120.33151094801724">
        <ele>35.0</ele>
        <time>2022-12-04T03:21:33</time>
      </trkpt>
      <trkpt lat="23.148337360471487" lon="120.33141036517918">
        <ele>34.0</ele>
        <time>2022-12-04T03:21:36</time>
      </trkpt>
      <trkpt lat="23.148274663835764" lon="120.33134247176349">
        <ele>34.0</ele>
        <time>2022-12-04T03:21:38</time>
      </trkpt>
      <trkpt lat="23.148212051019073" lon="120.33127332106233">
        <ele>34.0</ele>
        <time>2022-12-04T03:21:40</time>
      </trkpt>
      <trkpt lat="23.14815086312592" lon="120.33119696192443">
        <ele>34.0</ele>
        <time>2022-12-04T03:21:42</time>
      </trkpt>
      <trkpt lat="23.14797878265381" lon="120.33101867884398">
        <ele>33.0</ele>
        <time>2022-12-04T03:21:47</time>
      </trkpt>
      <trkpt lat="23.14776973798871" lon="120.33081172965467">
        <ele>33.0</ele>
        <time>2022-12-04T03:21:53</time>
      </trkpt>
      <trkpt lat="23.147704359143972" lon="120.33074182458222">
        <ele>33.0</ele>
        <time>2022-12-04T03:21:55</time>
      </trkpt>
      <trkpt lat="23.14767301082611" lon="120.33070695586503">
        <ele>33.0</ele>
        <time>2022-12-04T03:21:56</time>
      </trkpt>
      <trkpt lat="23.147415351122618" lon="120.33043496310711">
        <ele>33.0</ele>
        <time>2022-12-04T03:22:04</time>
      </trkpt>
      <trkpt lat="23.147346703335643" lon="120.3303575143218">
        <ele>33.0</ele>
        <time>2022-12-04T03:22:06</time>
      </trkpt>
      <trkpt lat="23.147094240412116" lon="120.3300829231739">
        <ele>32.0</ele>
        <time>2022-12-04T03:22:13</time>
      </trkpt>
      <trkpt lat="23.146905228495598" lon="120.32987932674587">
        <ele>32.0</ele>
        <time>2022-12-04T03:22:18</time>
      </trkpt>
      <trkpt lat="23.146794503554702" lon="120.32976038753986">
        <ele>32.0</ele>
        <time>2022-12-04T03:22:21</time>
      </trkpt>
      <trkpt lat="23.146757120266557" lon="120.32971889711916">
        <ele>32.0</ele>
        <time>2022-12-04T03:22:22</time>
      </trkpt>
      <trkpt lat="23.14642461016774" lon="120.32935386523604">
        <ele>33.0</ele>
        <time>2022-12-04T03:22:31</time>
      </trkpt>
      <trkpt lat="23.146182456985116" lon="120.32911472953856">
        <ele>33.0</ele>
        <time>2022-12-04T03:22:37</time>
      </trkpt>
      <trkpt lat="23.146064188331366" lon="120.32898707315326">
        <ele>33.0</ele>
        <time>2022-12-04T03:22:40</time>
      </trkpt>
      <trkpt lat="23.14570426940918" lon="120.3285891842097">
        <ele>33.0</ele>
        <time>2022-12-04T03:22:49</time>
      </trkpt>
      <trkpt lat="23.14532616175711" lon="120.32818249426782">
        <ele>33.0</ele>
        <time>2022-12-04T03:22:58</time>
      </trkpt>
      <trkpt lat="23.145062550902367" lon="120.32791150733829">
        <ele>34.0</ele>
        <time>2022-12-04T03:23:04</time>
      </trkpt>
      <trkpt lat="23.144939253106713" lon="120.32777085900307">
        <ele>35.0</ele>
        <time>2022-12-04T03:23:07</time>
      </trkpt>
      <trkpt lat="23.144786534830928" lon="120.32758050598204">
        <ele>36.0</ele>
        <time>2022-12-04T03:23:11</time>
      </trkpt>
      <trkpt lat="23.14455544576049" lon="120.32736006192863">
        <ele>37.0</ele>
        <time>2022-12-04T03:23:16</time>
      </trkpt>
      <trkpt lat="23.14451487734914" lon="120.32731521874666">
        <ele>37.0</ele>
        <time>2022-12-04T03:23:17</time>
      </trkpt>
      <trkpt lat="23.144346987828612" lon="120.32713416963816">
        <ele>36.0</ele>
        <time>2022-12-04T03:23:21</time>
      </trkpt>
      <trkpt lat="23.14422134310007" lon="120.32698974944651">
        <ele>35.0</ele>
        <time>2022-12-04T03:23:24</time>
      </trkpt>
      <trkpt lat="23.144137021154165" lon="120.32689570449293">
        <ele>35.0</ele>
        <time>2022-12-04T03:23:26</time>
      </trkpt>
      <trkpt lat="23.143881959840655" lon="120.32661298289895">
        <ele>35.0</ele>
        <time>2022-12-04T03:23:32</time>
      </trkpt>
      <trkpt lat="23.143838793039322" lon="120.32656839117408">
        <ele>35.0</ele>
        <time>2022-12-04T03:23:33</time>
      </trkpt>
      <trkpt lat="23.143755309283733" lon="120.32647375948727">
        <ele>34.0</ele>
        <time>2022-12-04T03:23:35</time>
      </trkpt>
      <trkpt lat="23.143543833866715" lon="120.32624610699713">
        <ele>34.0</ele>
        <time>2022-12-04T03:23:40</time>
      </trkpt>
      <trkpt lat="23.143296651542187" lon="120.32596095465124">
        <ele>33.0</ele>
        <time>2022-12-04T03:23:46</time>
      </trkpt>
      <trkpt lat="23.143251053988934" lon="120.32591368071735">
        <ele>33.0</ele>
        <time>2022-12-04T03:23:47</time>
      </trkpt>
      <trkpt lat="23.142981827259064" lon="120.32563766464591">
        <ele>32.0</ele>
        <time>2022-12-04T03:23:53</time>
      </trkpt>
      <trkpt lat="23.142888033762574" lon="120.32554068602622">
        <ele>32.0</ele>
        <time>2022-12-04T03:23:55</time>
      </trkpt>
      <trkpt lat="23.14284335821867" lon="120.325495172292">
        <ele>32.0</ele>
        <time>2022-12-04T03:23:56</time>
      </trkpt>
      <trkpt lat="23.142583603039384" lon="120.32520742155612">
        <ele>32.0</ele>
        <time>2022-12-04T03:24:02</time>
      </trkpt>
      <trkpt lat="23.1424221675843" lon="120.32502821646631">
        <ele>33.0</ele>
        <time>2022-12-04T03:24:06</time>
      </trkpt>
      <trkpt lat="23.14230197109282" lon="120.32489586621523">
        <ele>34.0</ele>
        <time>2022-12-04T03:24:09</time>
      </trkpt>
      <trkpt lat="23.142255200073123" lon="120.32485362142324">
        <ele>34.0</ele>
        <time>2022-12-04T03:24:10</time>
      </trkpt>
      <trkpt lat="23.142084293067455" lon="120.32468439079821">
        <ele>35.0</ele>
        <time>2022-12-04T03:24:14</time>
      </trkpt>
      <trkpt lat="23.142038192600012" lon="120.32464491203427">
        <ele>36.0</ele>
        <time>2022-12-04T03:24:15</time>
      </trkpt>
      <trkpt lat="23.14199360087514" lon="120.32461046241224">
        <ele>36.0</ele>
        <time>2022-12-04T03:24:16</time>
      </trkpt>
      <trkpt lat="23.14185881987214" lon="120.3245175909251">
        <ele>37.0</ele>
        <time>2022-12-04T03:24:19</time>
      </trkpt>
      <trkpt lat="23.141669891774654" lon="120.32438222318888">
        <ele>37.0</ele>
        <time>2022-12-04T03:24:23</time>
      </trkpt>
      <trkpt lat="23.14161641523242" lon="120.32435313798487">
        <ele>38.0</ele>
        <time>2022-12-04T03:24:24</time>
      </trkpt>
      <trkpt lat="23.141504181548953" lon="120.3243053611368">
        <ele>38.0</ele>
        <time>2022-12-04T03:24:26</time>
      </trkpt>
      <trkpt lat="23.14139069058001" lon="120.32425607554615">
        <ele>38.0</ele>
        <time>2022-12-04T03:24:28</time>
      </trkpt>
      <trkpt lat="23.14120746217668" lon="120.32416739501059">
        <ele>38.0</ele>
        <time>2022-12-04T03:24:31</time>
      </trkpt>
      <trkpt lat="23.140953071415424" lon="120.32406178303063">
        <ele>38.0</ele>
        <time>2022-12-04T03:24:35</time>
      </trkpt>
      <trkpt lat="23.14064151607454" lon="120.32393773086369">
        <ele>39.0</ele>
        <time>2022-12-04T03:24:40</time>
      </trkpt>
      <trkpt lat="23.14051603898406" lon="120.32388634979725">
        <ele>39.0</ele>
        <time>2022-12-04T03:24:42</time>
      </trkpt>
      <trkpt lat="23.140046149492264" lon="120.3237110003829">
        <ele>39.0</ele>
        <time>2022-12-04T03:24:50</time>
      </trkpt>
      <trkpt lat="23.139651948586106" lon="120.32355199567974">
        <ele>40.0</ele>
        <time>2022-12-04T03:24:58</time>
      </trkpt>
      <trkpt lat="23.13960132189095" lon="120.32353833317757">
        <ele>40.0</ele>
        <time>2022-12-04T03:24:59</time>
      </trkpt>
      <trkpt lat="23.13950560055673" lon="120.32351050525904">
        <ele>39.0</ele>
        <time>2022-12-04T03:25:01</time>
      </trkpt>
      <trkpt lat="23.13941708765924" lon="120.32347714528441">
        <ele>39.0</ele>
        <time>2022-12-04T03:25:03</time>
      </trkpt>
      <trkpt lat="23.139376938343048" lon="120.32345719635487">
        <ele>38.0</ele>
        <time>2022-12-04T03:25:04</time>
      </trkpt>
      <trkpt lat="23.1392568256706" lon="120.32341327518225">
        <ele>38.0</ele>
        <time>2022-12-04T03:25:07</time>
      </trkpt>
      <trkpt lat="23.1391479447484" lon="120.32335569150746">
        <ele>37.0</ele>
        <time>2022-12-04T03:25:10</time>
      </trkpt>
      <trkpt lat="23.13894158229232" lon="120.32327589578927">
        <ele>37.0</ele>
        <time>2022-12-04T03:25:16</time>
      </trkpt>
      <trkpt lat="23.138636061921716" lon="120.32314497046173">
        <ele>37.0</ele>
        <time>2022-12-04T03:25:22</time>
      </trkpt>
      <trkpt lat="23.138355519622564" lon="120.32304514199495">
        <ele>36.0</ele>
        <time>2022-12-04T03:25:27</time>
      </trkpt>
      <trkpt lat="23.138186540454626" lon="120.32297607511282">
        <ele>36.0</ele>
        <time>2022-12-04T03:25:30</time>
      </trkpt>
      <trkpt lat="23.137725200504065" lon="120.32278664410114">
        <ele>36.0</ele>
        <time>2022-12-04T03:25:38</time>
      </trkpt>
      <trkpt lat="23.137668957933784" lon="120.32276392914355">
        <ele>36.0</ele>
        <time>2022-12-04T03:25:39</time>
      </trkpt>
      <trkpt lat="23.137504421174526" lon="120.3226958680898">
        <ele>35.0</ele>
        <time>2022-12-04T03:25:42</time>
      </trkpt>
      <trkpt lat="23.137276517227292" lon="120.32260693609715">
        <ele>35.0</ele>
        <time>2022-12-04T03:25:46</time>
      </trkpt>
      <trkpt lat="23.136871503666043" lon="120.32246653921902">
        <ele>35.0</ele>
        <time>2022-12-04T03:25:53</time>
      </trkpt>
      <trkpt lat="23.136694142594934" lon="120.32239688560367">
        <ele>34.0</ele>
        <time>2022-12-04T03:25:56</time>
      </trkpt>
      <trkpt lat="23.136400105431676" lon="120.32228012569249">
        <ele>34.0</ele>
        <time>2022-12-04T03:26:01</time>
      </trkpt>
      <trkpt lat="23.136219726875424" lon="120.32220887951553">
        <ele>34.0</ele>
        <time>2022-12-04T03:26:04</time>
      </trkpt>
      <trkpt lat="23.135875649750233" lon="120.3220843244344">
        <ele>33.0</ele>
        <time>2022-12-04T03:26:10</time>
      </trkpt>
      <trkpt lat="23.135590497404337" lon="120.32196639105678">
        <ele>32.0</ele>
        <time>2022-12-04T03:26:15</time>
      </trkpt>
      <trkpt lat="23.135350858792663" lon="120.32187662087381">
        <ele>32.0</ele>
        <time>2022-12-04T03:26:19</time>
      </trkpt>
      <trkpt lat="23.13529168255627" lon="120.32185248099267">
        <ele>31.0</ele>
        <time>2022-12-04T03:26:20</time>
      </trkpt>
      <trkpt lat="23.13488113693893" lon="120.3216783888638">
        <ele>31.0</ele>
        <time>2022-12-04T03:26:27</time>
      </trkpt>
      <trkpt lat="23.13451518304646" lon="120.32153086736798">
        <ele>31.0</ele>
        <time>2022-12-04T03:26:33</time>
      </trkpt>
      <trkpt lat="23.134398255497217" lon="120.32148602418602">
        <ele>32.0</ele>
        <time>2022-12-04T03:26:35</time>
      </trkpt>
      <trkpt lat="23.1340504065156" lon="120.32135987654328">
        <ele>31.0</ele>
        <time>2022-12-04T03:26:41</time>
      </trkpt>
      <trkpt lat="23.133995421230793" lon="120.3213369101286">
        <ele>31.0</ele>
        <time>2022-12-04T03:26:42</time>
      </trkpt>
      <trkpt lat="23.133941274136305" lon="120.32131151296198">
        <ele>31.0</ele>
        <time>2022-12-04T03:26:43</time>
      </trkpt>
      <trkpt lat="23.133718986064196" lon="120.32121470198035">
        <ele>31.0</ele>
        <time>2022-12-04T03:26:47</time>
      </trkpt>
      <trkpt lat="23.133560232818127" lon="120.32114915549755">
        <ele>31.0</ele>
        <time>2022-12-04T03:26:50</time>
      </trkpt>
      <trkpt lat="23.13312697224319" lon="120.3209756501019">
        <ele>32.0</ele>
        <time>2022-12-04T03:26:58</time>
      </trkpt>
      <trkpt lat="23.132713828235865" lon="120.32080901786685">
        <ele>32.0</ele>
        <time>2022-12-04T03:27:06</time>
      </trkpt>
      <trkpt lat="23.13261140137911" lon="120.3207718860358">
        <ele>31.0</ele>
        <time>2022-12-04T03:27:08</time>
      </trkpt>
      <trkpt lat="23.13231099396944" lon="120.32065152190626">
        <ele>31.0</ele>
        <time>2022-12-04T03:27:14</time>
      </trkpt>
      <trkpt lat="23.13221024349332" lon="120.3206077683717">
        <ele>31.0</ele>
        <time>2022-12-04T03:27:16</time>
      </trkpt>
      <trkpt lat="23.131956523284316" lon="120.32050768844783">
        <ele>30.0</ele>
        <time>2022-12-04T03:27:21</time>
      </trkpt>
      <trkpt lat="23.131904639303684" lon="120.32048815861344">
        <ele>30.0</ele>
        <time>2022-12-04T03:27:22</time>
      </trkpt>
      <trkpt lat="23.131739934906363" lon="120.32042940147221">
        <ele>30.0</ele>
        <time>2022-12-04T03:27:25</time>
      </trkpt>
      <trkpt lat="23.131569027900696" lon="120.32036913558841">
        <ele>30.0</ele>
        <time>2022-12-04T03:27:28</time>
      </trkpt>
      <trkpt lat="23.131512785330415" lon="120.32034642063081">
        <ele>30.0</ele>
        <time>2022-12-04T03:27:29</time>
      </trkpt>
      <trkpt lat="23.13135562464595" lon="120.32027458772063">
        <ele>30.0</ele>
        <time>2022-12-04T03:27:32</time>
      </trkpt>
      <trkpt lat="23.131203828379512" lon="120.3202020842582">
        <ele>30.0</ele>
        <time>2022-12-04T03:27:35</time>
      </trkpt>
      <trkpt lat="23.131099054589868" lon="120.3201553132385">
        <ele>31.0</ele>
        <time>2022-12-04T03:27:37</time>
      </trkpt>
      <trkpt lat="23.130938708782196" lon="120.3200934547931">
        <ele>31.0</ele>
        <time>2022-12-04T03:27:40</time>
      </trkpt>
      <trkpt lat="23.13066235743463" lon="120.31999060884118">
        <ele>33.0</ele>
        <time>2022-12-04T03:27:45</time>
      </trkpt>
      <trkpt lat="23.13044392503798" lon="120.31989539042115">
        <ele>34.0</ele>
        <time>2022-12-04T03:27:49</time>
      </trkpt>
      <trkpt lat="23.13021970912814" lon="120.31980352476239">
        <ele>34.0</ele>
        <time>2022-12-04T03:27:53</time>
      </trkpt>
      <trkpt lat="23.13010680489242" lon="120.31975734047592">
        <ele>35.0</ele>
        <time>2022-12-04T03:27:55</time>
      </trkpt>
      <trkpt lat="23.12989516183734" lon="120.31967159360647">
        <ele>35.0</ele>
        <time>2022-12-04T03:27:59</time>
      </trkpt>
      <trkpt lat="23.129565585404634" lon="120.31954192556441">
        <ele>35.0</ele>
        <time>2022-12-04T03:28:05</time>
      </trkpt>
      <trkpt lat="23.12938797287643" lon="120.31947394832969">
        <ele>35.0</ele>
        <time>2022-12-04T03:28:08</time>
      </trkpt>
      <trkpt lat="23.129140874370933" lon="120.31939038075507">
        <ele>36.0</ele>
        <time>2022-12-04T03:28:12</time>
      </trkpt>
      <trkpt lat="23.128737453371286" lon="120.31924026086926">
        <ele>35.0</ele>
        <time>2022-12-04T03:28:19</time>
      </trkpt>
      <trkpt lat="23.128497982397676" lon="120.31915124505758">
        <ele>34.0</ele>
        <time>2022-12-04T03:28:23</time>
      </trkpt>
      <trkpt lat="23.128145523369312" lon="120.31901621259749">
        <ele>35.0</ele>
        <time>2022-12-04T03:28:29</time>
      </trkpt>
      <trkpt lat="23.1277334690094" lon="120.3188518434763">
        <ele>35.0</ele>
        <time>2022-12-04T03:28:37</time>
      </trkpt>
      <trkpt lat="23.127612518146634" lon="120.31879534944892">
        <ele>34.0</ele>
        <time>2022-12-04T03:28:40</time>
      </trkpt>
      <trkpt lat="23.127501625567675" lon="120.31874572858214">
        <ele>33.0</ele>
        <time>2022-12-04T03:28:43</time>
      </trkpt>
      <trkpt lat="23.127440437674522" lon="120.31871790066361">
        <ele>33.0</ele>
        <time>2022-12-04T03:28:46</time>
      </trkpt>
      <trkpt lat="23.127447813749313" lon="120.31872427091002">
        <ele>34.0</ele>
        <time>2022-12-04T03:28:50</time>
      </trkpt>
      <trkpt lat="23.127461643889546" lon="120.31872427091002">
        <ele>34.0</ele>
        <time>2022-12-04T03:28:56</time>
      </trkpt>
      <trkpt lat="23.12746516428888" lon="120.31871848739684">
        <ele>34.0</ele>
        <time>2022-12-04T03:29:03</time>
      </trkpt>
      <trkpt lat="23.127465415745974" lon="120.31872242689133">
        <ele>34.0</ele>
        <time>2022-12-04T03:29:05</time>
      </trkpt>
      <trkpt lat="23.12746617011726" lon="120.31872301362455">
        <ele>34.0</ele>
        <time>2022-12-04T03:29:06</time>
      </trkpt>
      <trkpt lat="23.127470863983035" lon="120.31872192397714">
        <ele>34.0</ele>
        <time>2022-12-04T03:29:10</time>
      </trkpt>
      <trkpt lat="23.1274710316211" lon="120.31872435472906">
        <ele>34.0</ele>
        <time>2022-12-04T03:29:12</time>
      </trkpt>
      <trkpt lat="23.127471953630447" lon="120.31874313019216">
        <ele>34.0</ele>
        <time>2022-12-04T03:29:18</time>
      </trkpt>
      <trkpt lat="23.12746038660407" lon="120.31876089982688">
        <ele>34.0</ele>
        <time>2022-12-04T03:29:24</time>
      </trkpt>
      <trkpt lat="23.127459967508912" lon="120.3187614865601">
        <ele>34.0</ele>
        <time>2022-12-04T03:29:25</time>
      </trkpt>
      <trkpt lat="23.127459632232785" lon="120.31875872053206">
        <ele>34.0</ele>
        <time>2022-12-04T03:29:30</time>
      </trkpt>
      <trkpt lat="23.127459632232785" lon="120.31875662505627">
        <ele>34.0</ele>
        <time>2022-12-04T03:29:34</time>
      </trkpt>
      <trkpt lat="23.12746130861342" lon="120.31875318847597">
        <ele>34.0</ele>
        <time>2022-12-04T03:29:36</time>
      </trkpt>
      <trkpt lat="23.1274623144418" lon="120.31875218264759">
        <ele>34.0</ele>
        <time>2022-12-04T03:29:40</time>
      </trkpt>
      <trkpt lat="23.12744907103479" lon="120.31874648295343">
        <ele>34.0</ele>
        <time>2022-12-04T03:29:49</time>
      </trkpt>
      <trkpt lat="23.127363910898566" lon="120.3186959400773">
        <ele>34.0</ele>
        <time>2022-12-04T03:29:53</time>
      </trkpt>
      <trkpt lat="23.127331053838134" lon="120.31867791898549">
        <ele>34.0</ele>
        <time>2022-12-04T03:29:54</time>
      </trkpt>
      <trkpt lat="23.12725318595767" lon="120.31864590011537">
        <ele>33.0</ele>
        <time>2022-12-04T03:29:56</time>
      </trkpt>
      <trkpt lat="23.12721068970859" lon="120.3186356741935">
        <ele>32.0</ele>
        <time>2022-12-04T03:29:57</time>
      </trkpt>
      <trkpt lat="23.12716819345951" lon="120.3186256159097">
        <ele>32.0</ele>
        <time>2022-12-04T03:29:58</time>
      </trkpt>
      <trkpt lat="23.12697507441044" lon="120.31860373914242">
        <ele>33.0</ele>
        <time>2022-12-04T03:30:02</time>
      </trkpt>
      <trkpt lat="23.126923693343997" lon="120.31860164366663">
        <ele>33.0</ele>
        <time>2022-12-04T03:30:03</time>
      </trkpt>
      <trkpt lat="23.126871222630143" lon="120.31860248185694">
        <ele>33.0</ele>
        <time>2022-12-04T03:30:04</time>
      </trkpt>
      <trkpt lat="23.12666729092598" lon="120.3186010569334">
        <ele>33.0</ele>
        <time>2022-12-04T03:30:08</time>
      </trkpt>
      <trkpt lat="23.12651675194502" lon="120.31860030256212">
        <ele>33.0</ele>
        <time>2022-12-04T03:30:11</time>
      </trkpt>
      <trkpt lat="23.12646453268826" lon="120.31860055401921">
        <ele>33.0</ele>
        <time>2022-12-04T03:30:12</time>
      </trkpt>
      <trkpt lat="23.126334864646196" lon="120.3185754083097">
        <ele>34.0</ele>
        <time>2022-12-04T03:30:14</time>
      </trkpt>
      <trkpt lat="23.12621332705021" lon="120.31856903806329">
        <ele>34.0</ele>
        <time>2022-12-04T03:30:16</time>
      </trkpt>
      <trkpt lat="23.12603898346424" lon="120.31856778077781">
        <ele>34.0</ele>
        <time>2022-12-04T03:30:19</time>
      </trkpt>
      <trkpt lat="23.12547747977078" lon="120.31856979243457">
        <ele>34.0</ele>
        <time>2022-12-04T03:30:29</time>
      </trkpt>
      <trkpt lat="23.125371113419533" lon="120.31855680048466">
        <ele>34.0</ele>
        <time>2022-12-04T03:30:31</time>
      </trkpt>
      <trkpt lat="23.12513893470168" lon="120.31854481436312">
        <ele>33.0</ele>
        <time>2022-12-04T03:30:35</time>
      </trkpt>
      <trkpt lat="23.124866858124733" lon="120.31853433698416">
        <ele>33.0</ele>
        <time>2022-12-04T03:30:40</time>
      </trkpt>
      <trkpt lat="23.124592937529087" lon="120.31853794120252">
        <ele>34.0</ele>
        <time>2022-12-04T03:30:45</time>
      </trkpt>
      <trkpt lat="23.124294877052307" lon="120.31854665838182">
        <ele>34.0</ele>
        <time>2022-12-04T03:30:50</time>
      </trkpt>
      <trkpt lat="23.123781317844987" lon="120.31852561980486">
        <ele>34.0</ele>
        <time>2022-12-04T03:30:58</time>
      </trkpt>
      <trkpt lat="23.12337881885469" lon="120.3185151424259">
        <ele>34.0</ele>
        <time>2022-12-04T03:31:05</time>
      </trkpt>
      <trkpt lat="23.123143203556538" lon="120.31850407831371">
        <ele>34.0</ele>
        <time>2022-12-04T03:31:09</time>
      </trkpt>
      <trkpt lat="23.122793091461062" lon="120.31848563812673">
        <ele>34.0</ele>
        <time>2022-12-04T03:31:15</time>
      </trkpt>
      <trkpt lat="23.122582035139203" lon="120.31847977079451">
        <ele>34.0</ele>
        <time>2022-12-04T03:31:19</time>
      </trkpt>
      <trkpt lat="23.12253065407276" lon="120.31846510246396">
        <ele>34.0</ele>
        <time>2022-12-04T03:31:21</time>
      </trkpt>
      <trkpt lat="23.12252805568278" lon="120.31846384517848">
        <ele>34.0</ele>
        <time>2022-12-04T03:31:25</time>
      </trkpt>
      <trkpt lat="23.122556805610657" lon="120.31846803613007">
        <ele>33.0</ele>
        <time>2022-12-04T03:31:33</time>
      </trkpt>
      <trkpt lat="23.12256719917059" lon="120.31846761703491">
        <ele>32.0</ele>
        <time>2022-12-04T03:31:38</time>
      </trkpt>
      <trkpt lat="23.12256476841867" lon="120.31847013160586">
        <ele>32.0</ele>
        <time>2022-12-04T03:31:42</time>
      </trkpt>
      <trkpt lat="23.122549932450056" lon="120.31846753321588">
        <ele>32.0</ele>
        <time>2022-12-04T03:31:44</time>
      </trkpt>
      <trkpt lat="23.122524870559573" lon="120.31846753321588">
        <ele>32.0</ele>
        <time>2022-12-04T03:31:47</time>
      </trkpt>
      <trkpt lat="23.122526295483112" lon="120.31845403835177">
        <ele>32.0</ele>
        <time>2022-12-04T03:31:57</time>
      </trkpt>
      <trkpt lat="23.12253249809146" lon="120.3184506855905">
        <ele>32.0</ele>
        <time>2022-12-04T03:31:59</time>
      </trkpt>
      <trkpt lat="23.12253199517727" lon="120.3184490930289">
        <ele>31.0</ele>
        <time>2022-12-04T03:32:00</time>
      </trkpt>
      <trkpt lat="23.122532162815332" lon="120.3184461593628">
        <ele>31.0</ele>
        <time>2022-12-04T03:32:04</time>
      </trkpt>
      <trkpt lat="23.122530905529857" lon="120.31844708137214">
        <ele>31.0</ele>
        <time>2022-12-04T03:32:05</time>
      </trkpt>
      <trkpt lat="23.122521517798305" lon="120.31844506971538">
        <ele>31.0</ele>
        <time>2022-12-04T03:32:07</time>
      </trkpt>
      <trkpt lat="23.122422443702817" lon="120.31844540499151">
        <ele>31.0</ele>
        <time>2022-12-04T03:32:12</time>
      </trkpt>
      <trkpt lat="23.12233267351985" lon="120.31843802891672">
        <ele>30.0</ele>
        <time>2022-12-04T03:32:15</time>
      </trkpt>
      <trkpt lat="23.122213818132877" lon="120.31842671334743">
        <ele>31.0</ele>
        <time>2022-12-04T03:32:18</time>
      </trkpt>
      <trkpt lat="23.12216411344707" lon="120.3184287250042">
        <ele>31.0</ele>
        <time>2022-12-04T03:32:19</time>
      </trkpt>
      <trkpt lat="23.121779719367623" lon="120.31844967976213">
        <ele>31.0</ele>
        <time>2022-12-04T03:32:26</time>
      </trkpt>
      <trkpt lat="23.121668323874474" lon="120.31845579855144">
        <ele>32.0</ele>
        <time>2022-12-04T03:32:28</time>
      </trkpt>
      <trkpt lat="23.121556341648102" lon="120.31845973804593">
        <ele>32.0</ele>
        <time>2022-12-04T03:32:30</time>
      </trkpt>
      <trkpt lat="23.121326509863138" lon="120.31845856457949">
        <ele>31.0</ele>
        <time>2022-12-04T03:32:34</time>
      </trkpt>
      <trkpt lat="23.120868606492877" lon="120.31843232922256">
        <ele>31.0</ele>
        <time>2022-12-04T03:32:42</time>
      </trkpt>
      <trkpt lat="23.120749164372683" lon="120.31842445023358">
        <ele>30.0</ele>
        <time>2022-12-04T03:32:44</time>
      </trkpt>
      <trkpt lat="23.120403327047825" lon="120.318420259282">
        <ele>30.0</ele>
        <time>2022-12-04T03:32:50</time>
      </trkpt>
      <trkpt lat="23.11989638954401" lon="120.31840634532273">
        <ele>29.0</ele>
        <time>2022-12-04T03:32:59</time>
      </trkpt>
      <trkpt lat="23.11984417028725" lon="120.31840357929468">
        <ele>29.0</ele>
        <time>2022-12-04T03:33:00</time>
      </trkpt>
      <trkpt lat="23.119566394016147" lon="120.31839896924794">
        <ele>29.0</ele>
        <time>2022-12-04T03:33:06</time>
      </trkpt>
      <trkpt lat="23.119278475642204" lon="120.31838371418417">
        <ele>29.0</ele>
        <time>2022-12-04T03:33:13</time>
      </trkpt>
      <trkpt lat="23.11919524334371" lon="120.31838321126997">
        <ele>28.0</ele>
        <time>2022-12-04T03:33:17</time>
      </trkpt>
      <trkpt lat="23.119175462052226" lon="120.31838287599385">
        <ele>28.0</ele>
        <time>2022-12-04T03:33:19</time>
      </trkpt>
      <trkpt lat="23.119159704074264" lon="120.31838824041188">
        <ele>27.0</ele>
        <time>2022-12-04T03:33:24</time>
      </trkpt>
      <trkpt lat="23.11916146427393" lon="120.31839268282056">
        <ele>26.0</ele>
        <time>2022-12-04T03:33:31</time>
      </trkpt>
      <trkpt lat="23.11915945261717" lon="120.31839813105762">
        <ele>26.0</ele>
        <time>2022-12-04T03:33:34</time>
      </trkpt>
      <trkpt lat="23.119156770408154" lon="120.31840240582824">
        <ele>25.0</ele>
        <time>2022-12-04T03:33:38</time>
      </trkpt>
      <trkpt lat="23.119156435132027" lon="120.31840408220887">
        <ele>25.0</ele>
        <time>2022-12-04T03:33:40</time>
      </trkpt>
      <trkpt lat="23.119160374626517" lon="120.3184057585895">
        <ele>25.0</ele>
        <time>2022-12-04T03:33:42</time>
      </trkpt>
      <trkpt lat="23.119163140654564" lon="120.31840642914176">
        <ele>25.0</ele>
        <time>2022-12-04T03:33:43</time>
      </trkpt>
      <trkpt lat="23.11916531994939" lon="120.31840735115111">
        <ele>25.0</ele>
        <time>2022-12-04T03:33:44</time>
      </trkpt>
      <trkpt lat="23.119168085977435" lon="120.3184078540653">
        <ele>24.0</ele>
        <time>2022-12-04T03:33:45</time>
      </trkpt>
      <trkpt lat="23.11917068436742" lon="120.31840885989368">
        <ele>24.0</ele>
        <time>2022-12-04T03:33:46</time>
      </trkpt>
      <trkpt lat="23.11917127110064" lon="120.31840316019952">
        <ele>24.0</ele>
        <time>2022-12-04T03:33:47</time>
      </trkpt>
      <trkpt lat="23.119157189503312" lon="120.31838270835578">
        <ele>24.0</ele>
        <time>2022-12-04T03:33:50</time>
      </trkpt>
      <trkpt lat="23.119127182289958" lon="120.3183729853481">
        <ele>24.0</ele>
        <time>2022-12-04T03:33:52</time>
      </trkpt>
      <trkpt lat="23.11897530220449" lon="120.31836066395044">
        <ele>23.0</ele>
        <time>2022-12-04T03:33:57</time>
      </trkpt>
      <trkpt lat="23.118760641664267" lon="120.31835454516113">
        <ele>23.0</ele>
        <time>2022-12-04T03:34:03</time>
      </trkpt>
      <trkpt lat="23.11857464723289" lon="120.3183560539037">
        <ele>23.0</ele>
        <time>2022-12-04T03:34:10</time>
      </trkpt>
      <trkpt lat="23.118466353043914" lon="120.31835253350437">
        <ele>23.0</ele>
        <time>2022-12-04T03:34:15</time>
      </trkpt>
      <trkpt lat="23.118436010554433" lon="120.31835546717048">
        <ele>23.0</ele>
        <time>2022-12-04T03:34:17</time>
      </trkpt>
      <trkpt lat="23.1183513533324" lon="120.31835907138884">
        <ele>23.0</ele>
        <time>2022-12-04T03:34:22</time>
      </trkpt>
      <trkpt lat="23.118314305320382" lon="120.31835714355111">
        <ele>22.0</ele>
        <time>2022-12-04T03:34:24</time>
      </trkpt>
      <trkpt lat="23.118225457146764" lon="120.31832470558584">
        <ele>22.0</ele>
        <time>2022-12-04T03:34:30</time>
      </trkpt>
      <trkpt lat="23.11816468834877" lon="120.31832185573876">
        <ele>22.0</ele>
        <time>2022-12-04T03:34:33</time>
      </trkpt>
      <trkpt lat="23.118091765791178" lon="120.3183301538229">
        <ele>22.0</ele>
        <time>2022-12-04T03:34:37</time>
      </trkpt>
      <trkpt lat="23.118077348917723" lon="120.31832898035645">
        <ele>22.0</ele>
        <time>2022-12-04T03:34:38</time>
      </trkpt>
      <trkpt lat="23.118041642010212" lon="120.31832478940487">
        <ele>22.0</ele>
        <time>2022-12-04T03:34:41</time>
      </trkpt>
      <trkpt lat="23.118008449673653" lon="120.31832604669034">
        <ele>21.0</ele>
        <time>2022-12-04T03:34:43</time>
      </trkpt>
      <trkpt lat="23.117969473823905" lon="120.3183333389461">
        <ele>21.0</ele>
        <time>2022-12-04T03:34:48</time>
      </trkpt>
      <trkpt lat="23.11797073110938" lon="120.31833769753575">
        <ele>21.0</ele>
        <time>2022-12-04T03:34:49</time>
      </trkpt>
      <trkpt lat="23.117975760251284" lon="120.31834247522056">
        <ele>21.0</ele>
        <time>2022-12-04T03:34:52</time>
      </trkpt>
      <trkpt lat="23.118003169074655" lon="120.31833895482123">
        <ele>21.0</ele>
        <time>2022-12-04T03:34:54</time>
      </trkpt>
      <trkpt lat="23.118094615638256" lon="120.31834155321121">
        <ele>22.0</ele>
        <time>2022-12-04T03:34:58</time>
      </trkpt>
      <trkpt lat="23.118166364729404" lon="120.318343648687">
        <ele>23.0</ele>
        <time>2022-12-04T03:35:00</time>
      </trkpt>
      <trkpt lat="23.118284214287996" lon="120.31834859400988">
        <ele>23.0</ele>
        <time>2022-12-04T03:35:03</time>
      </trkpt>
      <trkpt lat="23.118399465456605" lon="120.31835521571338">
        <ele>24.0</ele>
        <time>2022-12-04T03:35:06</time>
      </trkpt>
      <trkpt lat="23.118435088545084" lon="120.31835588626564">
        <ele>25.0</ele>
        <time>2022-12-04T03:35:07</time>
      </trkpt>
      <trkpt lat="23.118535671383142" lon="120.31835529953241">
        <ele>25.0</ele>
        <time>2022-12-04T03:35:10</time>
      </trkpt>
      <trkpt lat="23.11859074048698" lon="120.31835563480854">
        <ele>26.0</ele>
        <time>2022-12-04T03:35:12</time>
      </trkpt>
      <trkpt lat="23.118616556748748" lon="120.31835722737014">
        <ele>26.0</ele>
        <time>2022-12-04T03:35:13</time>
      </trkpt>
      <trkpt lat="23.118642959743738" lon="120.31835865229368">
        <ele>27.0</ele>
        <time>2022-12-04T03:35:14</time>
      </trkpt>
      <trkpt lat="23.118739435449243" lon="120.31836058013141">
        <ele>28.0</ele>
        <time>2022-12-04T03:35:18</time>
      </trkpt>
      <trkpt lat="23.118753768503666" lon="120.31836594454944">
        <ele>28.0</ele>
        <time>2022-12-04T03:35:19</time>
      </trkpt>
      <trkpt lat="23.118760641664267" lon="120.31836929731071">
        <ele>28.0</ele>
        <time>2022-12-04T03:35:20</time>
      </trkpt>
      <trkpt lat="23.11876474879682" lon="120.31837172806263">
        <ele>28.0</ele>
        <time>2022-12-04T03:35:21</time>
      </trkpt>
      <trkpt lat="23.118768520653248" lon="120.31838044524193">
        <ele>28.0</ele>
        <time>2022-12-04T03:35:22</time>
      </trkpt>
      <trkpt lat="23.118774723261595" lon="120.31842101365328">
        <ele>29.0</ele>
        <time>2022-12-04T03:35:24</time>
      </trkpt>
      <trkpt lat="23.118774807080626" lon="120.31845160759985">
        <ele>29.0</ele>
        <time>2022-12-04T03:35:25</time>
      </trkpt>
      <trkpt lat="23.11872568912804" lon="120.31857121735811">
        <ele>30.0</ele>
        <time>2022-12-04T03:35:29</time>
      </trkpt>
      <trkpt lat="23.118698112666607" lon="120.31858462840319">
        <ele>30.0</ele>
        <time>2022-12-04T03:35:30</time>
      </trkpt>
      <trkpt lat="23.118652598932385" lon="120.318602649495">
        <ele>30.0</ele>
        <time>2022-12-04T03:35:32</time>
      </trkpt>
      <trkpt lat="23.118646815419197" lon="120.31863617710769">
        <ele>30.0</ele>
        <time>2022-12-04T03:35:34</time>
      </trkpt>
      <trkpt lat="23.11864648014307" lon="120.31880431808531">
        <ele>30.0</ele>
        <time>2022-12-04T03:35:39</time>
      </trkpt>
      <trkpt lat="23.118650503456593" lon="120.3190159611404">
        <ele>31.0</ele>
        <time>2022-12-04T03:35:45</time>
      </trkpt>
      <trkpt lat="23.118637427687645" lon="120.31904856674373">
        <ele>31.0</ele>
        <time>2022-12-04T03:35:46</time>
      </trkpt>
      <trkpt lat="23.118615299463272" lon="120.31906968913972">
        <ele>31.0</ele>
        <time>2022-12-04T03:35:47</time>
      </trkpt>
      <trkpt lat="23.118588142096996" lon="120.31907865777612">
        <ele>31.0</ele>
        <time>2022-12-04T03:35:48</time>
      </trkpt>
      <trkpt lat="23.118534330278635" lon="120.31907974742353">
        <ele>31.0</ele>
        <time>2022-12-04T03:35:50</time>
      </trkpt>
      <trkpt lat="23.118436513468623" lon="120.3190799150616">
        <ele>31.0</ele>
        <time>2022-12-04T03:35:54</time>
      </trkpt>
      <trkpt lat="23.118391251191497" lon="120.31908536329865">
        <ele>31.0</ele>
        <time>2022-12-04T03:35:59</time>
      </trkpt>
      <trkpt lat="23.118369122967124" lon="120.31909190118313">
        <ele>31.0</ele>
        <time>2022-12-04T03:36:02</time>
      </trkpt>
      <trkpt lat="23.118374152109027" lon="120.31908905133605">
        <ele>32.0</ele>
        <time>2022-12-04T03:36:05</time>
      </trkpt>
      <trkpt lat="23.118373565375805" lon="120.31908905133605">
        <ele>32.0</ele>
        <time>2022-12-04T03:36:06</time>
      </trkpt>
      <trkpt lat="23.118609515950084" lon="120.31834331341088">
        <ele>40.0</ele>
        <time>2022-12-04T03:55:39</time>
      </trkpt>
      <trkpt lat="23.118610521778464" lon="120.3183441516012">
        <ele>40.0</ele>
        <time>2022-12-04T03:55:40</time>
      </trkpt>
      <trkpt lat="23.118606582283974" lon="120.31834783963859">
        <ele>40.0</ele>
        <time>2022-12-04T03:55:41</time>
      </trkpt>
      <trkpt lat="23.118579760193825" lon="120.31836334615946">
        <ele>40.0</ele>
        <time>2022-12-04T03:55:43</time>
      </trkpt>
      <trkpt lat="23.118444476276636" lon="120.31836234033108">
        <ele>40.0</ele>
        <time>2022-12-04T03:55:47</time>
      </trkpt>
      <trkpt lat="23.118314892053604" lon="120.31835990957916">
        <ele>41.0</ele>
        <time>2022-12-04T03:55:50</time>
      </trkpt>
      <trkpt lat="23.118120096623898" lon="120.3183470852673">
        <ele>41.0</ele>
        <time>2022-12-04T03:55:54</time>
      </trkpt>
      <trkpt lat="23.11778984963894" lon="120.3183470852673">
        <ele>41.0</ele>
        <time>2022-12-04T03:56:00</time>
      </trkpt>
      <trkpt lat="23.11748055741191" lon="120.31833007000387">
        <ele>41.0</ele>
        <time>2022-12-04T03:56:06</time>
      </trkpt>
      <trkpt lat="23.11743470840156" lon="120.31832755543292">
        <ele>41.0</ele>
        <time>2022-12-04T03:56:07</time>
      </trkpt>
      <trkpt lat="23.117291713133454" lon="120.31833820044994">
        <ele>42.0</ele>
        <time>2022-12-04T03:56:10</time>
      </trkpt>
      <trkpt lat="23.11713807284832" lon="120.31834306195378">
        <ele>42.0</ele>
        <time>2022-12-04T03:56:13</time>
      </trkpt>
      <trkpt lat="23.11708476394415" lon="120.31834356486797">
        <ele>43.0</ele>
        <time>2022-12-04T03:56:14</time>
      </trkpt>
      <trkpt lat="23.116801120340824" lon="120.31833761371672">
        <ele>43.0</ele>
        <time>2022-12-04T03:56:19</time>
      </trkpt>
      <trkpt lat="23.11674621887505" lon="120.31833484768867">
        <ele>43.0</ele>
        <time>2022-12-04T03:56:20</time>
      </trkpt>
      <trkpt lat="23.116631638258696" lon="120.31832847744226">
        <ele>43.0</ele>
        <time>2022-12-04T03:56:22</time>
      </trkpt>
      <trkpt lat="23.116281190887094" lon="120.31831850297749">
        <ele>44.0</ele>
        <time>2022-12-04T03:56:28</time>
      </trkpt>
      <trkpt lat="23.1158060207963" lon="120.31831095926464">
        <ele>44.0</ele>
        <time>2022-12-04T03:56:37</time>
      </trkpt>
      <trkpt lat="23.115545259788632" lon="120.31830023042858">
        <ele>43.0</ele>
        <time>2022-12-04T03:56:42</time>
      </trkpt>
      <trkpt lat="23.115439899265766" lon="120.31829679384828">
        <ele>42.0</ele>
        <time>2022-12-04T03:56:44</time>
      </trkpt>
      <trkpt lat="23.11534032225609" lon="120.31829243525863">
        <ele>42.0</ele>
        <time>2022-12-04T03:56:46</time>
      </trkpt>
      <trkpt lat="23.115077130496502" lon="120.31829838640988">
        <ele>41.0</ele>
        <time>2022-12-04T03:56:51</time>
      </trkpt>
      <trkpt lat="23.11466407030821" lon="120.31828983686864">
        <ele>40.0</ele>
        <time>2022-12-04T03:56:59</time>
      </trkpt>
      <trkpt lat="23.114555273205042" lon="120.31828078441322">
        <ele>40.0</ele>
        <time>2022-12-04T03:57:01</time>
      </trkpt>
      <trkpt lat="23.11422871425748" lon="120.31825463287532">
        <ele>40.0</ele>
        <time>2022-12-04T03:57:07</time>
      </trkpt>
      <trkpt lat="23.114172471687198" lon="120.31825169920921">
        <ele>40.0</ele>
        <time>2022-12-04T03:57:08</time>
      </trkpt>
      <trkpt lat="23.114055963233113" lon="120.31824725680053">
        <ele>39.0</ele>
        <time>2022-12-04T03:57:10</time>
      </trkpt>
      <trkpt lat="23.113942053169012" lon="120.31824490986764">
        <ele>39.0</ele>
        <time>2022-12-04T03:57:12</time>
      </trkpt>
      <trkpt lat="23.113824874162674" lon="120.318245831877">
        <ele>39.0</ele>
        <time>2022-12-04T03:57:14</time>
      </trkpt>
      <trkpt lat="23.11370593495667" lon="120.31823996454477">
        <ele>39.0</ele>
        <time>2022-12-04T03:57:16</time>
      </trkpt>
      <trkpt lat="23.113646926358342" lon="120.31823904253542">
        <ele>39.0</ele>
        <time>2022-12-04T03:57:17</time>
      </trkpt>
      <trkpt lat="23.11358909122646" lon="120.31823929399252">
        <ele>39.0</ele>
        <time>2022-12-04T03:57:18</time>
      </trkpt>
      <trkpt lat="23.113531675189734" lon="120.31823619268835">
        <ele>39.0</ele>
        <time>2022-12-04T03:57:19</time>
      </trkpt>
      <trkpt lat="23.113197907805443" lon="120.31823493540287">
        <ele>38.0</ele>
        <time>2022-12-04T03:57:25</time>
      </trkpt>
      <trkpt lat="23.113142754882574" lon="120.31823250465095">
        <ele>38.0</ele>
        <time>2022-12-04T03:57:26</time>
      </trkpt>
      <trkpt lat="23.112659454345703" lon="120.3182180877775">
        <ele>38.0</ele>
        <time>2022-12-04T03:57:35</time>
      </trkpt>
      <trkpt lat="23.112446386367083" lon="120.31820811331272">
        <ele>38.0</ele>
        <time>2022-12-04T03:57:39</time>
      </trkpt>
      <trkpt lat="23.11220733448863" lon="120.31821196898818">
        <ele>38.0</ele>
        <time>2022-12-04T03:57:44</time>
      </trkpt>
      <trkpt lat="23.112043803557754" lon="120.31820333562791">
        <ele>37.0</ele>
        <time>2022-12-04T03:57:48</time>
      </trkpt>
      <trkpt lat="23.111948249861598" lon="120.31819587573409">
        <ele>37.0</ele>
        <time>2022-12-04T03:57:51</time>
      </trkpt>
      <trkpt lat="23.111918410286307" lon="120.31819478608668">
        <ele>36.0</ele>
        <time>2022-12-04T03:57:53</time>
      </trkpt>
      <trkpt lat="23.111914470791817" lon="120.3181921876967">
        <ele>36.0</ele>
        <time>2022-12-04T03:57:54</time>
      </trkpt>
      <trkpt lat="23.111917236819863" lon="120.31819134950638">
        <ele>36.0</ele>
        <time>2022-12-04T03:57:56</time>
      </trkpt>
      <trkpt lat="23.11193517409265" lon="120.31818456016481">
        <ele>35.0</ele>
        <time>2022-12-04T03:58:01</time>
      </trkpt>
      <trkpt lat="23.11192385852337" lon="120.3181834705174">
        <ele>35.0</ele>
        <time>2022-12-04T03:58:02</time>
      </trkpt>
      <trkpt lat="23.11190977692604" lon="120.31818112358451">
        <ele>35.0</ele>
        <time>2022-12-04T03:58:03</time>
      </trkpt>
      <trkpt lat="23.111876668408513" lon="120.31818171031773">
        <ele>35.0</ele>
        <time>2022-12-04T03:58:05</time>
      </trkpt>
      <trkpt lat="23.111827550455928" lon="120.31818087212741">
        <ele>35.0</ele>
        <time>2022-12-04T03:58:07</time>
      </trkpt>
      <trkpt lat="23.111779438331723" lon="120.31818246468902">
        <ele>35.0</ele>
        <time>2022-12-04T03:58:09</time>
      </trkpt>
      <trkpt lat="23.111661672592163" lon="120.31818464398384">
        <ele>34.0</ele>
        <time>2022-12-04T03:58:13</time>
      </trkpt>
      <trkpt lat="23.111626636236906" lon="120.31818447634578">
        <ele>34.0</ele>
        <time>2022-12-04T03:58:14</time>
      </trkpt>
      <trkpt lat="23.11158288270235" lon="120.31818891875446">
        <ele>34.0</ele>
        <time>2022-12-04T03:58:15</time>
      </trkpt>
      <trkpt lat="23.111439887434244" lon="120.3181900922209">
        <ele>34.0</ele>
        <time>2022-12-04T03:58:18</time>
      </trkpt>
      <trkpt lat="23.111205780878663" lon="120.31818757764995">
        <ele>34.0</ele>
        <time>2022-12-04T03:58:23</time>
      </trkpt>
      <trkpt lat="23.111007465049624" lon="120.3181919362396">
        <ele>34.0</ele>
        <time>2022-12-04T03:58:27</time>
      </trkpt>
      <trkpt lat="23.110856171697378" lon="120.31818372197449">
        <ele>34.0</ele>
        <time>2022-12-04T03:58:30</time>
      </trkpt>
      <trkpt lat="23.1106099113822" lon="120.31817215494812">
        <ele>33.0</ele>
        <time>2022-12-04T03:58:35</time>
      </trkpt>
      <trkpt lat="23.110355185344815" lon="120.31816905364394">
        <ele>33.0</ele>
        <time>2022-12-04T03:58:40</time>
      </trkpt>
      <trkpt lat="23.10987892560661" lon="120.31814432702959">
        <ele>33.0</ele>
        <time>2022-12-04T03:58:49</time>
      </trkpt>
      <trkpt lat="23.109461339190602" lon="120.31812395900488">
        <ele>33.0</ele>
        <time>2022-12-04T03:58:57</time>
      </trkpt>
      <trkpt lat="23.10930199921131" lon="120.31811901368201">
        <ele>32.0</ele>
        <time>2022-12-04T03:59:00</time>
      </trkpt>
      <trkpt lat="23.109249025583267" lon="120.31811675056815">
        <ele>33.0</ele>
        <time>2022-12-04T03:59:01</time>
      </trkpt>
      <trkpt lat="23.109140815213323" lon="120.31811289489269">
        <ele>33.0</ele>
        <time>2022-12-04T03:59:03</time>
      </trkpt>
      <trkpt lat="23.10897896066308" lon="120.31811146996915">
        <ele>33.0</ele>
        <time>2022-12-04T03:59:06</time>
      </trkpt>
      <trkpt lat="23.108764132484794" lon="120.31811113469303">
        <ele>34.0</ele>
        <time>2022-12-04T03:59:10</time>
      </trkpt>
      <trkpt lat="23.108537904918194" lon="120.31810141168535">
        <ele>34.0</ele>
        <time>2022-12-04T03:59:14</time>
      </trkpt>
      <trkpt lat="23.108096765354276" lon="120.31808079220355">
        <ele>34.0</ele>
        <time>2022-12-04T03:59:22</time>
      </trkpt>
      <trkpt lat="23.107710191980004" lon="120.31807836145163">
        <ele>34.0</ele>
        <time>2022-12-04T03:59:29</time>
      </trkpt>
      <trkpt lat="23.107656547799706" lon="120.31807358376682">
        <ele>34.0</ele>
        <time>2022-12-04T03:59:30</time>
      </trkpt>
      <trkpt lat="23.10732001438737" lon="120.3180505335331">
        <ele>33.0</ele>
        <time>2022-12-04T03:59:36</time>
      </trkpt>
      <trkpt lat="23.107140138745308" lon="120.31803770922124">
        <ele>32.0</ele>
        <time>2022-12-04T03:59:39</time>
      </trkpt>
      <trkpt lat="23.107026563957334" lon="120.3180296625942">
        <ele>32.0</ele>
        <time>2022-12-04T03:59:41</time>
      </trkpt>
      <trkpt lat="23.10697074048221" lon="120.31802865676582">
        <ele>31.0</ele>
        <time>2022-12-04T03:59:42</time>
      </trkpt>
      <trkpt lat="23.10691550374031" lon="120.31802672892809">
        <ele>31.0</ele>
        <time>2022-12-04T03:59:43</time>
      </trkpt>
      <trkpt lat="23.106859512627125" lon="120.31802798621356">
        <ele>31.0</ele>
        <time>2022-12-04T03:59:44</time>
      </trkpt>
      <trkpt lat="23.106342097744346" lon="120.31801499426365">
        <ele>32.0</ele>
        <time>2022-12-04T03:59:53</time>
      </trkpt>
      <trkpt lat="23.10616984963417" lon="120.31801843084395">
        <ele>32.0</ele>
        <time>2022-12-04T03:59:56</time>
      </trkpt>
      <trkpt lat="23.10599986463785" lon="120.31801331788301">
        <ele>32.0</ele>
        <time>2022-12-04T03:59:59</time>
      </trkpt>
      <trkpt lat="23.105886122211814" lon="120.31801113858819">
        <ele>32.0</ele>
        <time>2022-12-04T04:00:01</time>
      </trkpt>
      <trkpt lat="23.105585547164083" lon="120.31799638643861">
        <ele>33.0</ele>
        <time>2022-12-04T04:00:06</time>
      </trkpt>
      <trkpt lat="23.105335934087634" lon="120.31798523850739">
        <ele>33.0</ele>
        <time>2022-12-04T04:00:10</time>
      </trkpt>
      <trkpt lat="23.104905020445585" lon="120.31796503812075">
        <ele>33.0</ele>
        <time>2022-12-04T04:00:17</time>
      </trkpt>
      <trkpt lat="23.10455189086497" lon="120.31797450967133">
        <ele>33.0</ele>
        <time>2022-12-04T04:00:23</time>
      </trkpt>
      <trkpt lat="23.104489613324404" lon="120.31797459349036">
        <ele>33.0</ele>
        <time>2022-12-04T04:00:24</time>
      </trkpt>
      <trkpt lat="23.103993572294712" lon="120.31797165982425">
        <ele>33.0</ele>
        <time>2022-12-04T04:00:32</time>
      </trkpt>
      <trkpt lat="23.103716718032956" lon="120.3179746773094">
        <ele>33.0</ele>
        <time>2022-12-04T04:00:37</time>
      </trkpt>
      <trkpt lat="23.10360305942595" lon="120.31798037700355">
        <ele>33.0</ele>
        <time>2022-12-04T04:00:39</time>
      </trkpt>
      <trkpt lat="23.10354731976986" lon="120.31798062846065">
        <ele>33.0</ele>
        <time>2022-12-04T04:00:40</time>
      </trkpt>
      <trkpt lat="23.10349116101861" lon="120.31798004172742">
        <ele>33.0</ele>
        <time>2022-12-04T04:00:41</time>
      </trkpt>
      <trkpt lat="23.103318996727467" lon="120.31797274947166">
        <ele>33.0</ele>
        <time>2022-12-04T04:00:44</time>
      </trkpt>
      <trkpt lat="23.102920604869723" lon="120.31796017661691">
        <ele>34.0</ele>
        <time>2022-12-04T04:00:51</time>
      </trkpt>
      <trkpt lat="23.102634279057384" lon="120.3179519623518">
        <ele>34.0</ele>
        <time>2022-12-04T04:00:56</time>
      </trkpt>
      <trkpt lat="23.10252221301198" lon="120.31794869340956">
        <ele>34.0</ele>
        <time>2022-12-04T04:00:58</time>
      </trkpt>
      <trkpt lat="23.102465886622667" lon="120.31795145943761">
        <ele>34.0</ele>
        <time>2022-12-04T04:00:59</time>
      </trkpt>
      <trkpt lat="23.102174531668425" lon="120.31796445138752">
        <ele>35.0</ele>
        <time>2022-12-04T04:01:04</time>
      </trkpt>
      <trkpt lat="23.101991387084126" lon="120.31795581802726">
        <ele>35.0</ele>
        <time>2022-12-04T04:01:07</time>
      </trkpt>
      <trkpt lat="23.101691147312522" lon="120.31793335452676">
        <ele>35.0</ele>
        <time>2022-12-04T04:01:12</time>
      </trkpt>
      <trkpt lat="23.101628702133894" lon="120.31793125905097">
        <ele>34.0</ele>
        <time>2022-12-04T04:01:13</time>
      </trkpt>
      <trkpt lat="23.10150825418532" lon="120.31791675835848">
        <ele>34.0</ele>
        <time>2022-12-04T04:01:15</time>
      </trkpt>
      <trkpt lat="23.101155795156956" lon="120.31783629208803">
        <ele>35.0</ele>
        <time>2022-12-04T04:01:21</time>
      </trkpt>
      <trkpt lat="23.100786991417408" lon="120.31765909865499">
        <ele>35.0</ele>
        <time>2022-12-04T04:01:28</time>
      </trkpt>
      <trkpt lat="23.100294722244143" lon="120.31734167598188">
        <ele>35.0</ele>
        <time>2022-12-04T04:01:38</time>
      </trkpt>
      <trkpt lat="23.100249459967017" lon="120.3173028677702">
        <ele>35.0</ele>
        <time>2022-12-04T04:01:39</time>
      </trkpt>
      <trkpt lat="23.10016362927854" lon="120.31722701154649">
        <ele>35.0</ele>
        <time>2022-12-04T04:01:41</time>
      </trkpt>
      <trkpt lat="23.100000517442822" lon="120.31706825830042">
        <ele>36.0</ele>
        <time>2022-12-04T04:01:45</time>
      </trkpt>
      <trkpt lat="23.099958188831806" lon="120.31702928245068">
        <ele>36.0</ele>
        <time>2022-12-04T04:01:46</time>
      </trkpt>
      <trkpt lat="23.09971016831696" lon="120.31678763218224">
        <ele>37.0</ele>
        <time>2022-12-04T04:01:52</time>
      </trkpt>
      <trkpt lat="23.099636742845178" lon="120.31670331023633">
        <ele>37.0</ele>
        <time>2022-12-04T04:01:54</time>
      </trkpt>
      <trkpt lat="23.0994111020118" lon="120.31645545735955">
        <ele>37.0</ele>
        <time>2022-12-04T04:02:00</time>
      </trkpt>
      <trkpt lat="23.099323343485594" lon="120.31637641601264">
        <ele>37.0</ele>
        <time>2022-12-04T04:02:02</time>
      </trkpt>
      <trkpt lat="23.099118657410145" lon="120.31616502441466">
        <ele>38.0</ele>
        <time>2022-12-04T04:02:07</time>
      </trkpt>
      <trkpt lat="23.099078172817826" lon="120.31612135469913">
        <ele>38.0</ele>
        <time>2022-12-04T04:02:08</time>
      </trkpt>
      <trkpt lat="23.09896300546825" lon="120.31599059700966">
        <ele>38.0</ele>
        <time>2022-12-04T04:02:11</time>
      </trkpt>
      <trkpt lat="23.098700987175107" lon="120.31569010578096">
        <ele>38.0</ele>
        <time>2022-12-04T04:02:18</time>
      </trkpt>
      <trkpt lat="23.09866603463888" lon="120.31564886681736">
        <ele>38.0</ele>
        <time>2022-12-04T04:02:19</time>
      </trkpt>
      <trkpt lat="23.09834777377546" lon="120.31530881300569">
        <ele>38.0</ele>
        <time>2022-12-04T04:02:27</time>
      </trkpt>
      <trkpt lat="23.098099501803517" lon="120.3150490578264">
        <ele>38.0</ele>
        <time>2022-12-04T04:02:33</time>
      </trkpt>
      <trkpt lat="23.09801501221955" lon="120.31495752744377">
        <ele>38.0</ele>
        <time>2022-12-04T04:02:35</time>
      </trkpt>
      <trkpt lat="23.09765894897282" lon="120.31457992270589">
        <ele>37.0</ele>
        <time>2022-12-04T04:02:43</time>
      </trkpt>
      <trkpt lat="23.097614608705044" lon="120.31453189440072">
        <ele>36.0</ele>
        <time>2022-12-04T04:02:44</time>
      </trkpt>
      <trkpt lat="23.097566915675998" lon="120.31448369845748">
        <ele>36.0</ele>
        <time>2022-12-04T04:02:45</time>
      </trkpt>
      <trkpt lat="23.097259551286697" lon="120.31417197547853">
        <ele>36.0</ele>
        <time>2022-12-04T04:02:52</time>
      </trkpt>
      <trkpt lat="23.097166679799557" lon="120.31408027745783">
        <ele>35.0</ele>
        <time>2022-12-04T04:02:54</time>
      </trkpt>
      <trkpt lat="23.096912959590554" lon="120.31380442902446">
        <ele>34.0</ele>
        <time>2022-12-04T04:03:00</time>
      </trkpt>
      <trkpt lat="23.09687130153179" lon="120.31375824473798">
        <ele>34.0</ele>
        <time>2022-12-04T04:03:01</time>
      </trkpt>
      <trkpt lat="23.09682964347303" lon="120.31371021643281">
        <ele>34.0</ele>
        <time>2022-12-04T04:03:02</time>
      </trkpt>
      <trkpt lat="23.096657563000917" lon="120.31352816149592">
        <ele>33.0</ele>
        <time>2022-12-04T04:03:06</time>
      </trkpt>
      <trkpt lat="23.09648321941495" lon="120.3133515547961">
        <ele>33.0</ele>
        <time>2022-12-04T04:03:10</time>
      </trkpt>
      <trkpt lat="23.096439968794584" lon="120.31330570578575">
        <ele>33.0</ele>
        <time>2022-12-04T04:03:11</time>
      </trkpt>
      <trkpt lat="23.09635614976287" lon="120.31321560032666">
        <ele>33.0</ele>
        <time>2022-12-04T04:03:13</time>
      </trkpt>
      <trkpt lat="23.096272330731153" lon="120.31312666833401">
        <ele>33.0</ele>
        <time>2022-12-04T04:03:15</time>
      </trkpt>
      <trkpt lat="23.096230505034328" lon="120.31308107078075">
        <ele>33.0</ele>
        <time>2022-12-04T04:03:16</time>
      </trkpt>
      <trkpt lat="23.09618817642331" lon="120.31303698197007">
        <ele>33.0</ele>
        <time>2022-12-04T04:03:17</time>
      </trkpt>
      <trkpt lat="23.096146769821644" lon="120.31299322843552">
        <ele>33.0</ele>
        <time>2022-12-04T04:03:18</time>
      </trkpt>
      <trkpt lat="23.096103938296437" lon="120.31294821761549">
        <ele>33.0</ele>
        <time>2022-12-04T04:03:19</time>
      </trkpt>
      <trkpt lat="23.09605859220028" lon="120.31290287151933">
        <ele>33.0</ele>
        <time>2022-12-04T04:03:20</time>
      </trkpt>
      <trkpt lat="23.095922973006964" lon="120.3127590380609">
        <ele>33.0</ele>
        <time>2022-12-04T04:03:23</time>
      </trkpt>
      <trkpt lat="23.095697415992618" lon="120.31251965090632">
        <ele>34.0</ele>
        <time>2022-12-04T04:03:28</time>
      </trkpt>
      <trkpt lat="23.095655255019665" lon="120.3124709520489">
        <ele>35.0</ele>
        <time>2022-12-04T04:03:29</time>
      </trkpt>
      <trkpt lat="23.095392230898142" lon="120.31219870783389">
        <ele>35.0</ele>
        <time>2022-12-04T04:03:35</time>
      </trkpt>
      <trkpt lat="23.095267675817013" lon="120.3120618313551">
        <ele>35.0</ele>
        <time>2022-12-04T04:03:38</time>
      </trkpt>
      <trkpt lat="23.095022924244404" lon="120.31179771758616">
        <ele>35.0</ele>
        <time>2022-12-04T04:03:44</time>
      </trkpt>
      <trkpt lat="23.09498026035726" lon="120.31176066957414">
        <ele>35.0</ele>
        <time>2022-12-04T04:03:45</time>
      </trkpt>
      <trkpt lat="23.0948106944561" lon="120.31161054968834">
        <ele>34.0</ele>
        <time>2022-12-04T04:03:50</time>
      </trkpt>
      <trkpt lat="23.094786638393998" lon="120.31158557161689">
        <ele>34.0</ele>
        <time>2022-12-04T04:03:51</time>
      </trkpt>
      <trkpt lat="23.094705417752266" lon="120.31152890995145">
        <ele>33.0</ele>
        <time>2022-12-04T04:03:55</time>
      </trkpt>
      <trkpt lat="23.09464984573424" lon="120.31149462796748">
        <ele>32.0</ele>
        <time>2022-12-04T04:03:59</time>
      </trkpt>
      <trkpt lat="23.09465328231454" lon="120.31149454414845">
        <ele>31.0</ele>
        <time>2022-12-04T04:04:01</time>
      </trkpt>
      <trkpt lat="23.094652192667127" lon="120.31149596907198">
        <ele>31.0</ele>
        <time>2022-12-04T04:04:03</time>
      </trkpt>
      <trkpt lat="23.094674656167626" lon="120.31151030212641">
        <ele>30.0</ele>
        <time>2022-12-04T04:04:07</time>
      </trkpt>
      <trkpt lat="23.094676500186324" lon="120.31151197850704">
        <ele>29.0</ele>
        <time>2022-12-04T04:04:11</time>
      </trkpt>
      <trkpt lat="23.094677673652768" lon="120.31151189468801">
        <ele>29.0</ele>
        <time>2022-12-04T04:04:12</time>
      </trkpt>
      <trkpt lat="23.094678344205022" lon="120.31151130795479">
        <ele>28.0</ele>
        <time>2022-12-04T04:04:13</time>
      </trkpt>
      <trkpt lat="23.09467926621437" lon="120.31151097267866">
        <ele>28.0</ele>
        <time>2022-12-04T04:04:15</time>
      </trkpt>
      <trkpt lat="23.094679517671466" lon="120.31151181086898">
        <ele>28.0</ele>
        <time>2022-12-04T04:04:16</time>
      </trkpt>
      <trkpt lat="23.094680523499846" lon="120.31151273287833">
        <ele>28.0</ele>
        <time>2022-12-04T04:04:17</time>
      </trkpt>
      <trkpt lat="23.094676416367292" lon="120.31150929629803">
        <ele>28.0</ele>
        <time>2022-12-04T04:04:18</time>
      </trkpt>
      <trkpt lat="23.09467038139701" lon="120.31150259077549">
        <ele>28.0</ele>
        <time>2022-12-04T04:04:19</time>
      </trkpt>
      <trkpt lat="23.094661496579647" lon="120.3114936221391">
        <ele>28.0</ele>
        <time>2022-12-04T04:04:20</time>
      </trkpt>
      <trkpt lat="23.09465085156262" lon="120.31148247420788">
        <ele>28.0</ele>
        <time>2022-12-04T04:04:21</time>
      </trkpt>
      <trkpt lat="23.094570888206363" lon="120.31138214282691">
        <ele>27.0</ele>
        <time>2022-12-04T04:04:26</time>
      </trkpt>
      <trkpt lat="23.094433676451445" lon="120.31122003681958">
        <ele>27.0</ele>
        <time>2022-12-04T04:04:31</time>
      </trkpt>
      <trkpt lat="23.09440073557198" lon="120.31118776649237">
        <ele>27.0</ele>
        <time>2022-12-04T04:04:32</time>
      </trkpt>
      <trkpt lat="23.094366788864136" lon="120.3111548256129">
        <ele>27.0</ele>
        <time>2022-12-04T04:04:33</time>
      </trkpt>
      <trkpt lat="23.094130251556635" lon="120.31090806238353">
        <ele>26.0</ele>
        <time>2022-12-04T04:04:40</time>
      </trkpt>
      <trkpt lat="23.094094460830092" lon="120.3108720201999">
        <ele>26.0</ele>
        <time>2022-12-04T04:04:41</time>
      </trkpt>
      <trkpt lat="23.094018856063485" lon="120.31080136075616">
        <ele>25.0</ele>
        <time>2022-12-04T04:04:43</time>
      </trkpt>
      <trkpt lat="23.093903521075845" lon="120.3106780629605">
        <ele>25.0</ele>
        <time>2022-12-04T04:04:46</time>
      </trkpt>
      <trkpt lat="23.093752479180694" lon="120.31051495112479">
        <ele>25.0</ele>
        <time>2022-12-04T04:04:50</time>
      </trkpt>
      <trkpt lat="23.093646029010415" lon="120.31039089895785">
        <ele>25.0</ele>
        <time>2022-12-04T04:04:53</time>
      </trkpt>
      <trkpt lat="23.093607807531953" lon="120.31034974381328">
        <ele>24.0</ele>
        <time>2022-12-04T04:04:54</time>
      </trkpt>
      <trkpt lat="23.093530274927616" lon="120.31026433221996">
        <ele>24.0</ele>
        <time>2022-12-04T04:04:56</time>
      </trkpt>
      <trkpt lat="23.09349381364882" lon="120.31021722592413">
        <ele>24.0</ele>
        <time>2022-12-04T04:04:57</time>
      </trkpt>
      <trkpt lat="23.093377724289894" lon="120.31008135527372">
        <ele>24.0</ele>
        <time>2022-12-04T04:05:00</time>
      </trkpt>
      <trkpt lat="23.09333891607821" lon="120.31003542244434">
        <ele>24.0</ele>
        <time>2022-12-04T04:05:01</time>
      </trkpt>
      <trkpt lat="23.093299521133304" lon="120.30998848378658">
        <ele>24.0</ele>
        <time>2022-12-04T04:05:02</time>
      </trkpt>
      <trkpt lat="23.093137415125966" lon="120.30981036834419">
        <ele>24.0</ele>
        <time>2022-12-04T04:05:06</time>
      </trkpt>
      <trkpt lat="23.092960976064205" lon="120.30963535420597">
        <ele>24.0</ele>
        <time>2022-12-04T04:05:10</time>
      </trkpt>
      <trkpt lat="23.092915378510952" lon="120.30958824791014">
        <ele>24.0</ele>
        <time>2022-12-04T04:05:11</time>
      </trkpt>
      <trkpt lat="23.092682110145688" lon="120.30937442556024">
        <ele>24.0</ele>
        <time>2022-12-04T04:05:16</time>
      </trkpt>
      <trkpt lat="23.092637434601784" lon="120.30933092348278">
        <ele>24.0</ele>
        <time>2022-12-04T04:05:17</time>
      </trkpt>
      <trkpt lat="23.092468036338687" lon="120.30915356241167">
        <ele>23.0</ele>
        <time>2022-12-04T04:05:21</time>
      </trkpt>
      <trkpt lat="23.092289585620165" lon="120.30897192656994">
        <ele>23.0</ele>
        <time>2022-12-04T04:05:25</time>
      </trkpt>
      <trkpt lat="23.092150697484612" lon="120.30884183943272">
        <ele>24.0</ele>
        <time>2022-12-04T04:05:28</time>
      </trkpt>
      <trkpt lat="23.092107949778438" lon="120.30879640951753">
        <ele>24.0</ele>
        <time>2022-12-04T04:05:29</time>
      </trkpt>
      <trkpt lat="23.092066291719675" lon="120.3087513986975">
        <ele>24.0</ele>
        <time>2022-12-04T04:05:30</time>
      </trkpt>
      <trkpt lat="23.09202647767961" lon="120.30870571732521">
        <ele>24.0</ele>
        <time>2022-12-04T04:05:31</time>
      </trkpt>
      <trkpt lat="23.09198347851634" lon="120.30866263434291">
        <ele>24.0</ele>
        <time>2022-12-04T04:05:32</time>
      </trkpt>
      <trkpt lat="23.09180812910199" lon="120.3085056412965">
        <ele>25.0</ele>
        <time>2022-12-04T04:05:36</time>
      </trkpt>
      <trkpt lat="23.09167359955609" lon="120.30838150531054">
        <ele>25.0</ele>
        <time>2022-12-04T04:05:39</time>
      </trkpt>
      <trkpt lat="23.091413425281644" lon="120.30810624361038">
        <ele>25.0</ele>
        <time>2022-12-04T04:05:45</time>
      </trkpt>
      <trkpt lat="23.091287277638912" lon="120.30796341598034">
        <ele>25.0</ele>
        <time>2022-12-04T04:05:48</time>
      </trkpt>
      <trkpt lat="23.091246876865625" lon="120.30791857279837">
        <ele>25.0</ele>
        <time>2022-12-04T04:05:49</time>
      </trkpt>
      <trkpt lat="23.091207649558783" lon="120.3078739810735">
        <ele>25.0</ele>
        <time>2022-12-04T04:05:50</time>
      </trkpt>
      <trkpt lat="23.091168757528067" lon="120.30782972462475">
        <ele>25.0</ele>
        <time>2022-12-04T04:05:51</time>
      </trkpt>
      <trkpt lat="23.091101869940758" lon="120.30774557031691">
        <ele>25.0</ele>
        <time>2022-12-04T04:05:53</time>
      </trkpt>
      <trkpt lat="23.0909978505224" lon="120.30762981623411">
        <ele>25.0</ele>
        <time>2022-12-04T04:05:56</time>
      </trkpt>
      <trkpt lat="23.090962814167142" lon="120.30759084038436">
        <ele>24.0</ele>
        <time>2022-12-04T04:05:57</time>
      </trkpt>
      <trkpt lat="23.090812526643276" lon="120.30741004273295">
        <ele>23.0</ele>
        <time>2022-12-04T04:06:02</time>
      </trkpt>
      <trkpt lat="23.09071588329971" lon="120.30730057507753">
        <ele>23.0</ele>
        <time>2022-12-04T04:06:06</time>
      </trkpt>
      <trkpt lat="23.09066508896649" lon="120.30725497752428">
        <ele>22.0</ele>
        <time>2022-12-04T04:06:08</time>
      </trkpt>
      <trkpt lat="23.090469958260655" lon="120.30706956982613">
        <ele>22.0</ele>
        <time>2022-12-04T04:06:14</time>
      </trkpt>
      <trkpt lat="23.090263176709414" lon="120.30692523345351">
        <ele>22.0</ele>
        <time>2022-12-04T04:06:19</time>
      </trkpt>
      <trkpt lat="23.09022101573646" lon="120.3068984951824">
        <ele>22.0</ele>
        <time>2022-12-04T04:06:20</time>
      </trkpt>
      <trkpt lat="23.090084390714765" lon="120.30681232921779">
        <ele>22.0</ele>
        <time>2022-12-04T04:06:23</time>
      </trkpt>
      <trkpt lat="23.090036865323782" lon="120.30678483657539">
        <ele>22.0</ele>
        <time>2022-12-04T04:06:24</time>
      </trkpt>
      <trkpt lat="23.08994240127504" lon="120.30673136003315">
        <ele>22.0</ele>
        <time>2022-12-04T04:06:26</time>
      </trkpt>
      <trkpt lat="23.08963906019926" lon="120.30658358708024">
        <ele>21.0</ele>
        <time>2022-12-04T04:06:32</time>
      </trkpt>
      <trkpt lat="23.089531436562538" lon="120.30653555877507">
        <ele>21.0</ele>
        <time>2022-12-04T04:06:34</time>
      </trkpt>
      <trkpt lat="23.089368660002947" lon="120.30645810998976">
        <ele>20.0</ele>
        <time>2022-12-04T04:06:37</time>
      </trkpt>
      <trkpt lat="23.089022571220994" lon="120.30631829984486">
        <ele>20.0</ele>
        <time>2022-12-04T04:06:43</time>
      </trkpt>
      <trkpt lat="23.088961970061064" lon="120.30629835091531">
        <ele>20.0</ele>
        <time>2022-12-04T04:06:44</time>
      </trkpt>
      <trkpt lat="23.088900363072753" lon="120.30627756379545">
        <ele>20.0</ele>
        <time>2022-12-04T04:06:45</time>
      </trkpt>
      <trkpt lat="23.08883967809379" lon="120.30625711195171">
        <ele>20.0</ele>
        <time>2022-12-04T04:06:46</time>
      </trkpt>
      <trkpt lat="23.088719565421343" lon="120.306212939322">
        <ele>20.0</ele>
        <time>2022-12-04T04:06:48</time>
      </trkpt>
      <trkpt lat="23.088542707264423" lon="120.30615342780948">
        <ele>19.0</ele>
        <time>2022-12-04T04:06:51</time>
      </trkpt>
      <trkpt lat="23.088484033942223" lon="120.3061312995851">
        <ele>19.0</ele>
        <time>2022-12-04T04:06:52</time>
      </trkpt>
      <trkpt lat="23.08842083439231" lon="120.3061093389988">
        <ele>19.0</ele>
        <time>2022-12-04T04:06:53</time>
      </trkpt>
      <trkpt lat="23.088005930185318" lon="120.30594941228628">
        <ele>19.0</ele>
        <time>2022-12-04T04:07:00</time>
      </trkpt>
      <trkpt lat="23.08789076283574" lon="120.30590331181884">
        <ele>19.0</ele>
        <time>2022-12-04T04:07:02</time>
      </trkpt>
      <trkpt lat="23.08769035153091" lon="120.3058294672519">
        <ele>19.0</ele>
        <time>2022-12-04T04:07:07</time>
      </trkpt>
      <trkpt lat="23.087643831968307" lon="120.30581781640649">
        <ele>19.0</ele>
        <time>2022-12-04T04:07:10</time>
      </trkpt>
      <trkpt lat="23.087661266326904" lon="120.3058083448559">
        <ele>18.0</ele>
        <time>2022-12-04T04:07:18</time>
      </trkpt>
      <trkpt lat="23.087661769241095" lon="120.30580826103687">
        <ele>18.0</ele>
        <time>2022-12-04T04:07:19</time>
      </trkpt>
      <trkpt lat="23.087664786726236" lon="120.30580465681851">
        <ele>17.0</ele>
        <time>2022-12-04T04:07:27</time>
      </trkpt>
      <trkpt lat="23.08766646310687" lon="120.30580398626626">
        <ele>17.0</ele>
        <time>2022-12-04T04:07:28</time>
      </trkpt>
      <trkpt lat="23.08766788803041" lon="120.30580457299948">
        <ele>17.0</ele>
        <time>2022-12-04T04:07:29</time>
      </trkpt>
      <trkpt lat="23.087683394551277" lon="120.30581530183554">
        <ele>16.0</ele>
        <time>2022-12-04T04:07:36</time>
      </trkpt>
      <trkpt lat="23.087689094245434" lon="120.30581588856876">
        <ele>16.0</ele>
        <time>2022-12-04T04:07:38</time>
      </trkpt>
      <trkpt lat="23.087688758969307" lon="120.30582452192903">
        <ele>15.0</ele>
        <time>2022-12-04T04:07:45</time>
      </trkpt>
      <trkpt lat="23.08768942952156" lon="120.30581630766392">
        <ele>15.0</ele>
        <time>2022-12-04T04:07:51</time>
      </trkpt>
      <trkpt lat="23.087690519168973" lon="120.30581002123654">
        <ele>16.0</ele>
        <time>2022-12-04T04:07:55</time>
      </trkpt>
      <trkpt lat="23.08767719194293" lon="120.30580390244722">
        <ele>16.0</ele>
        <time>2022-12-04T04:07:57</time>
      </trkpt>
      <trkpt lat="23.087598821148276" lon="120.30576618388295">
        <ele>16.0</ele>
        <time>2022-12-04T04:08:01</time>
      </trkpt>
      <trkpt lat="23.08750276453793" lon="120.30572125688195">
        <ele>15.0</ele>
        <time>2022-12-04T04:08:04</time>
      </trkpt>
      <trkpt lat="23.08742456138134" lon="120.30568563379347">
        <ele>15.0</ele>
        <time>2022-12-04T04:08:06</time>
      </trkpt>
      <trkpt lat="23.087091548368335" lon="120.30557759106159">
        <ele>15.0</ele>
        <time>2022-12-04T04:08:13</time>
      </trkpt>
      <trkpt lat="23.086891556158662" lon="120.30550022609532">
        <ele>16.0</ele>
        <time>2022-12-04T04:08:17</time>
      </trkpt>
      <trkpt lat="23.086781669408083" lon="120.30546443536878">
        <ele>17.0</ele>
        <time>2022-12-04T04:08:19</time>
      </trkpt>
      <trkpt lat="23.086613109335303" lon="120.30540551058948">
        <ele>17.0</ele>
        <time>2022-12-04T04:08:22</time>
      </trkpt>
      <trkpt lat="23.08631680905819" lon="120.30529654584825">
        <ele>18.0</ele>
        <time>2022-12-04T04:08:27</time>
      </trkpt>
      <trkpt lat="23.086202647536993" lon="120.3052580729127">
        <ele>18.0</ele>
        <time>2022-12-04T04:08:29</time>
      </trkpt>
      <trkpt lat="23.085857229307294" lon="120.30512924306095">
        <ele>18.0</ele>
        <time>2022-12-04T04:08:35</time>
      </trkpt>
      <trkpt lat="23.085677856579423" lon="120.30507216230035">
        <ele>18.0</ele>
        <time>2022-12-04T04:08:38</time>
      </trkpt>
      <trkpt lat="23.085393710061908" lon="120.3049639519304">
        <ele>17.0</ele>
        <time>2022-12-04T04:08:43</time>
      </trkpt>
      <trkpt lat="23.08527703396976" lon="120.30491801910102">
        <ele>17.0</ele>
        <time>2022-12-04T04:08:45</time>
      </trkpt>
      <trkpt lat="23.0852213781327" lon="120.3048952203244">
        <ele>17.0</ele>
        <time>2022-12-04T04:08:46</time>
      </trkpt>
      <trkpt lat="23.08510797098279" lon="120.3048539813608">
        <ele>16.0</ele>
        <time>2022-12-04T04:08:48</time>
      </trkpt>
      <trkpt lat="23.084937231615186" lon="120.30479262582958">
        <ele>16.0</ele>
        <time>2022-12-04T04:08:51</time>
      </trkpt>
      <trkpt lat="23.08453381061554" lon="120.30464761890471">
        <ele>17.0</ele>
        <time>2022-12-04T04:08:58</time>
      </trkpt>
      <trkpt lat="23.084319904446602" lon="120.30455935746431">
        <ele>17.0</ele>
        <time>2022-12-04T04:09:02</time>
      </trkpt>
      <trkpt lat="23.084264919161797" lon="120.30453664250672">
        <ele>17.0</ele>
        <time>2022-12-04T04:09:03</time>
      </trkpt>
      <trkpt lat="23.084044558927417" lon="120.30444377101958">
        <ele>17.0</ele>
        <time>2022-12-04T04:09:07</time>
      </trkpt>
      <trkpt lat="23.083821013569832" lon="120.30436255037785">
        <ele>17.0</ele>
        <time>2022-12-04T04:09:11</time>
      </trkpt>
      <trkpt lat="23.083710288628936" lon="120.30432282015681">
        <ele>17.0</ele>
        <time>2022-12-04T04:09:13</time>
      </trkpt>
      <trkpt lat="23.083656979724765" lon="120.30430370941758">
        <ele>17.0</ele>
        <time>2022-12-04T04:09:14</time>
      </trkpt>
      <trkpt lat="23.083604341372848" lon="120.30428409576416">
        <ele>18.0</ele>
        <time>2022-12-04T04:09:15</time>
      </trkpt>
      <trkpt lat="23.083552876487374" lon="120.30426582321525">
        <ele>18.0</ele>
        <time>2022-12-04T04:09:16</time>
      </trkpt>
      <trkpt lat="23.083297815173864" lon="120.30417278409004">
        <ele>19.0</ele>
        <time>2022-12-04T04:09:21</time>
      </trkpt>
      <trkpt lat="23.083135206252337" lon="120.30411075800657">
        <ele>20.0</ele>
        <time>2022-12-04T04:09:24</time>
      </trkpt>
      <trkpt lat="23.08287050575018" lon="120.30401227064431">
        <ele>21.0</ele>
        <time>2022-12-04T04:09:29</time>
      </trkpt>
      <trkpt lat="23.082816442474723" lon="120.30399290844798">
        <ele>21.0</ele>
        <time>2022-12-04T04:09:30</time>
      </trkpt>
      <trkpt lat="23.082651821896434" lon="120.30393373221159">
        <ele>22.0</ele>
        <time>2022-12-04T04:09:33</time>
      </trkpt>
      <trkpt lat="23.082538666203618" lon="120.30389433726668">
        <ele>22.0</ele>
        <time>2022-12-04T04:09:35</time>
      </trkpt>
      <trkpt lat="23.082324005663395" lon="120.30381194315851">
        <ele>23.0</ele>
        <time>2022-12-04T04:09:39</time>
      </trkpt>
      <trkpt lat="23.08222107589245" lon="120.30377288348973">
        <ele>23.0</ele>
        <time>2022-12-04T04:09:41</time>
      </trkpt>
      <trkpt lat="23.08216843754053" lon="120.30375435948372">
        <ele>23.0</ele>
        <time>2022-12-04T04:09:42</time>
      </trkpt>
      <trkpt lat="23.082056706771255" lon="120.30371689237654">
        <ele>24.0</ele>
        <time>2022-12-04T04:09:44</time>
      </trkpt>
      <trkpt lat="23.08175101876259" lon="120.30360038392246">
        <ele>24.0</ele>
        <time>2022-12-04T04:09:50</time>
      </trkpt>
      <trkpt lat="23.081596875563264" lon="120.3035381063819">
        <ele>25.0</ele>
        <time>2022-12-04T04:09:53</time>
      </trkpt>
      <trkpt lat="23.08132303878665" lon="120.30343257822096">
        <ele>25.0</ele>
        <time>2022-12-04T04:09:58</time>
      </trkpt>
      <trkpt lat="23.08115548454225" lon="120.30337013304234">
        <ele>26.0</ele>
        <time>2022-12-04T04:10:01</time>
      </trkpt>
      <trkpt lat="23.08104165829718" lon="120.30332964845002">
        <ele>26.0</ele>
        <time>2022-12-04T04:10:03</time>
      </trkpt>
      <trkpt lat="23.080809144303203" lon="120.3032455779612">
        <ele>27.0</ele>
        <time>2022-12-04T04:10:07</time>
      </trkpt>
      <trkpt lat="23.080751476809382" lon="120.30322504229844">
        <ele>27.0</ele>
        <time>2022-12-04T04:10:08</time>
      </trkpt>
      <trkpt lat="23.080332297831774" lon="120.30308137647808">
        <ele>27.0</ele>
        <time>2022-12-04T04:10:15</time>
      </trkpt>
      <trkpt lat="23.08016306720674" lon="120.30301658436656">
        <ele>28.0</ele>
        <time>2022-12-04T04:10:18</time>
      </trkpt>
      <trkpt lat="23.079999200999737" lon="120.30295623466372">
        <ele>28.0</ele>
        <time>2022-12-04T04:10:21</time>
      </trkpt>
      <trkpt lat="23.07994513772428" lon="120.30293670482934">
        <ele>29.0</ele>
        <time>2022-12-04T04:10:22</time>
      </trkpt>
      <trkpt lat="23.079785211011767" lon="120.3028731700033">
        <ele>29.0</ele>
        <time>2022-12-04T04:10:25</time>
      </trkpt>
      <trkpt lat="23.079678677022457" lon="120.30283017084002">
        <ele>29.0</ele>
        <time>2022-12-04T04:10:27</time>
      </trkpt>
      <trkpt lat="23.079527467489243" lon="120.3027603495866">
        <ele>29.0</ele>
        <time>2022-12-04T04:10:30</time>
      </trkpt>
      <trkpt lat="23.07904458604753" lon="120.30258608981967">
        <ele>30.0</ele>
        <time>2022-12-04T04:10:39</time>
      </trkpt>
      <trkpt lat="23.078991612419486" lon="120.30256563797593">
        <ele>30.0</ele>
        <time>2022-12-04T04:10:40</time>
      </trkpt>
      <trkpt lat="23.07862834073603" lon="120.30242976732552">
        <ele>31.0</ele>
        <time>2022-12-04T04:10:47</time>
      </trkpt>
      <trkpt lat="23.078574864193797" lon="120.30241141095757">
        <ele>31.0</ele>
        <time>2022-12-04T04:10:48</time>
      </trkpt>
      <trkpt lat="23.07827202603221" lon="120.30228978954256">
        <ele>31.0</ele>
        <time>2022-12-04T04:10:54</time>
      </trkpt>
      <trkpt lat="23.07821494527161" lon="120.3022721875459">
        <ele>31.0</ele>
        <time>2022-12-04T04:10:57</time>
      </trkpt>
      <trkpt lat="23.078184435144067" lon="120.30225869268179">
        <ele>30.0</ele>
        <time>2022-12-04T04:11:00</time>
      </trkpt>
      <trkpt lat="23.07817244902253" lon="120.30225064605474">
        <ele>30.0</ele>
        <time>2022-12-04T04:11:01</time>
      </trkpt>
      <trkpt lat="23.078137580305338" lon="120.30222809873521">
        <ele>30.0</ele>
        <time>2022-12-04T04:11:03</time>
      </trkpt>
      <trkpt lat="23.077953262254596" lon="120.30214687809348">
        <ele>29.0</ele>
        <time>2022-12-04T04:11:09</time>
      </trkpt>
      <trkpt lat="23.077731477096677" lon="120.30208082869649">
        <ele>29.0</ele>
        <time>2022-12-04T04:11:14</time>
      </trkpt>
      <trkpt lat="23.077681520953774" lon="120.3020681720227">
        <ele>29.0</ele>
        <time>2022-12-04T04:11:15</time>
      </trkpt>
      <trkpt lat="23.077630726620555" lon="120.30205710791051">
        <ele>29.0</ele>
        <time>2022-12-04T04:11:16</time>
      </trkpt>
      <trkpt lat="23.07748052291572" lon="120.30201687477529">
        <ele>29.0</ele>
        <time>2022-12-04T04:11:19</time>
      </trkpt>
      <trkpt lat="23.077382454648614" lon="120.30198686756194">
        <ele>29.0</ele>
        <time>2022-12-04T04:11:21</time>
      </trkpt>
      <trkpt lat="23.07733434252441" lon="120.30197077430785">
        <ele>29.0</ele>
        <time>2022-12-04T04:11:22</time>
      </trkpt>
      <trkpt lat="23.077136194333434" lon="120.3019040543586">
        <ele>29.0</ele>
        <time>2022-12-04T04:11:26</time>
      </trkpt>
      <trkpt lat="23.07694542221725" lon="120.30182174406946">
        <ele>29.0</ele>
        <time>2022-12-04T04:11:30</time>
      </trkpt>
      <trkpt lat="23.07679354213178" lon="120.3017695248127">
        <ele>29.0</ele>
        <time>2022-12-04T04:11:33</time>
      </trkpt>
      <trkpt lat="23.076682817190886" lon="120.30173205770552">
        <ele>30.0</ele>
        <time>2022-12-04T04:11:35</time>
      </trkpt>
      <trkpt lat="23.07657703757286" lon="120.30169769190252">
        <ele>30.0</ele>
        <time>2022-12-04T04:11:37</time>
      </trkpt>
      <trkpt lat="23.076219130307436" lon="120.30156467109919">
        <ele>31.0</ele>
        <time>2022-12-04T04:11:44</time>
      </trkpt>
      <trkpt lat="23.075973372906446" lon="120.30145956203341">
        <ele>31.0</ele>
        <time>2022-12-04T04:11:49</time>
      </trkpt>
      <trkpt lat="23.075925428420305" lon="120.3014381043613">
        <ele>31.0</ele>
        <time>2022-12-04T04:11:50</time>
      </trkpt>
      <trkpt lat="23.07582886889577" lon="120.30139778740704">
        <ele>31.0</ele>
        <time>2022-12-04T04:11:52</time>
      </trkpt>
      <trkpt lat="23.075729962438345" lon="120.30135621316731">
        <ele>30.0</ele>
        <time>2022-12-04T04:11:54</time>
      </trkpt>
      <trkpt lat="23.075516810640693" lon="120.30128538608551">
        <ele>30.0</ele>
        <time>2022-12-04T04:11:58</time>
      </trkpt>
      <trkpt lat="23.075243309140205" lon="120.3011857252568">
        <ele>30.0</ele>
        <time>2022-12-04T04:12:03</time>
      </trkpt>
      <trkpt lat="23.074988834559917" lon="120.30107642523944">
        <ele>30.0</ele>
        <time>2022-12-04T04:12:09</time>
      </trkpt>
      <trkpt lat="23.074702257290483" lon="120.30093644745648">
        <ele>30.0</ele>
        <time>2022-12-04T04:12:15</time>
      </trkpt>
      <trkpt lat="23.074654061347246" lon="120.30090618878603">
        <ele>30.0</ele>
        <time>2022-12-04T04:12:16</time>
      </trkpt>
      <trkpt lat="23.07460687123239" lon="120.30087727122009">
        <ele>30.0</ele>
        <time>2022-12-04T04:12:17</time>
      </trkpt>
      <trkpt lat="23.07455649599433" lon="120.300850616768">
        <ele>30.0</ele>
        <time>2022-12-04T04:12:18</time>
      </trkpt>
      <trkpt lat="23.07440109550953" lon="120.30076839029789">
        <ele>30.0</ele>
        <time>2022-12-04T04:12:21</time>
      </trkpt>
      <trkpt lat="23.07435088790953" lon="120.30073419213295">
        <ele>30.0</ele>
        <time>2022-12-04T04:12:22</time>
      </trkpt>
      <trkpt lat="23.07425214909017" lon="120.30066311359406">
        <ele>30.0</ele>
        <time>2022-12-04T04:12:24</time>
      </trkpt>
      <trkpt lat="23.07415584102273" lon="120.3005897719413">
        <ele>30.0</ele>
        <time>2022-12-04T04:12:26</time>
      </trkpt>
      <trkpt lat="23.07395945303142" lon="120.30043227598071">
        <ele>30.0</ele>
        <time>2022-12-04T04:12:30</time>
      </trkpt>
      <trkpt lat="23.073816876858473" lon="120.30031157657504">
        <ele>31.0</ele>
        <time>2022-12-04T04:12:33</time>
      </trkpt>
      <trkpt lat="23.07363205589354" lon="120.3001499734819">
        <ele>32.0</ele>
        <time>2022-12-04T04:12:37</time>
      </trkpt>
      <trkpt lat="23.07358704507351" lon="120.30010814778507">
        <ele>32.0</ele>
        <time>2022-12-04T04:12:38</time>
      </trkpt>
      <trkpt lat="23.07354304008186" lon="120.30006422661245">
        <ele>32.0</ele>
        <time>2022-12-04T04:12:39</time>
      </trkpt>
      <trkpt lat="23.073253026232123" lon="120.29973758384585">
        <ele>32.0</ele>
        <time>2022-12-04T04:12:46</time>
      </trkpt>
      <trkpt lat="23.073000395670533" lon="120.2993946801871">
        <ele>32.0</ele>
        <time>2022-12-04T04:12:53</time>
      </trkpt>
      <trkpt lat="23.07268758304417" lon="120.29890006408095">
        <ele>31.0</ele>
        <time>2022-12-04T04:13:03</time>
      </trkpt>
      <trkpt lat="23.072536792606115" lon="120.29864877462387">
        <ele>31.0</ele>
        <time>2022-12-04T04:13:09</time>
      </trkpt>
      <trkpt lat="23.0725134909153" lon="120.29860745184124">
        <ele>31.0</ele>
        <time>2022-12-04T04:13:10</time>
      </trkpt>
      <trkpt lat="23.072472419589758" lon="120.29853084124625">
        <ele>30.0</ele>
        <time>2022-12-04T04:13:12</time>
      </trkpt>
      <trkpt lat="23.072451632469893" lon="120.29849463142455">
        <ele>30.0</ele>
        <time>2022-12-04T04:13:13</time>
      </trkpt>
      <trkpt lat="23.072417601943016" lon="120.29843067750335">
        <ele>29.0</ele>
        <time>2022-12-04T04:13:15</time>
      </trkpt>
      <trkpt lat="23.07239145040512" lon="120.298384828493">
        <ele>29.0</ele>
        <time>2022-12-04T04:13:17</time>
      </trkpt>
      <trkpt lat="23.072368148714304" lon="120.29834769666195">
        <ele>28.0</ele>
        <time>2022-12-04T04:13:20</time>
      </trkpt>
      <trkpt lat="23.072360856458545" lon="120.29833411797881">
        <ele>28.0</ele>
        <time>2022-12-04T04:13:24</time>
      </trkpt>
      <trkpt lat="23.072363203391433" lon="120.29833545908332">
        <ele>28.0</ele>
        <time>2022-12-04T04:13:26</time>
      </trkpt>
      <trkpt lat="23.072362449020147" lon="120.2983224671334">
        <ele>28.0</ele>
        <time>2022-12-04T04:13:28</time>
      </trkpt>
      <trkpt lat="23.07231953367591" lon="120.29827519319952">
        <ele>28.0</ele>
        <time>2022-12-04T04:13:31</time>
      </trkpt>
      <trkpt lat="23.0722129996866" lon="120.29809925705194">
        <ele>29.0</ele>
        <time>2022-12-04T04:13:37</time>
      </trkpt>
      <trkpt lat="23.07208593003452" lon="120.29789105057716">
        <ele>30.0</ele>
        <time>2022-12-04T04:13:42</time>
      </trkpt>
      <trkpt lat="23.072032872587442" lon="120.29780186712742">
        <ele>30.0</ele>
        <time>2022-12-04T04:13:44</time>
      </trkpt>
      <trkpt lat="23.071981323882937" lon="120.29770622961223">
        <ele>31.0</ele>
        <time>2022-12-04T04:13:46</time>
      </trkpt>
      <trkpt lat="23.071928936988115" lon="120.29761335812509">
        <ele>31.0</ele>
        <time>2022-12-04T04:13:48</time>
      </trkpt>
      <trkpt lat="23.071842435747385" lon="120.29747111722827">
        <ele>32.0</ele>
        <time>2022-12-04T04:13:51</time>
      </trkpt>
      <trkpt lat="23.07175911962986" lon="120.29732141643763">
        <ele>32.0</ele>
        <time>2022-12-04T04:13:54</time>
      </trkpt>
      <trkpt lat="23.07167027145624" lon="120.29717540368438">
        <ele>32.0</ele>
        <time>2022-12-04T04:13:57</time>
      </trkpt>
      <trkpt lat="23.071597265079618" lon="120.29707917943597">
        <ele>32.0</ele>
        <time>2022-12-04T04:13:59</time>
      </trkpt>
      <trkpt lat="23.07153574191034" lon="120.29698211699724">
        <ele>32.0</ele>
        <time>2022-12-04T04:14:01</time>
      </trkpt>
      <trkpt lat="23.071472207084298" lon="120.2968773432076">
        <ele>32.0</ele>
        <time>2022-12-04T04:14:03</time>
      </trkpt>
      <trkpt lat="23.07143717072904" lon="120.29682629741728">
        <ele>32.0</ele>
        <time>2022-12-04T04:14:04</time>
      </trkpt>
      <trkpt lat="23.071303814649582" lon="120.29661758802831">
        <ele>31.0</ele>
        <time>2022-12-04T04:14:08</time>
      </trkpt>
      <trkpt lat="23.07120499201119" lon="120.29644726775587">
        <ele>31.0</ele>
        <time>2022-12-04T04:14:11</time>
      </trkpt>
      <trkpt lat="23.0710438080132" lon="120.29616890475154">
        <ele>32.0</ele>
        <time>2022-12-04T04:14:16</time>
      </trkpt>
      <trkpt lat="23.070981865748763" lon="120.2960636280477">
        <ele>32.0</ele>
        <time>2022-12-04T04:14:18</time>
      </trkpt>
      <trkpt lat="23.0709505174309" lon="120.29600914567709">
        <ele>32.0</ele>
        <time>2022-12-04T04:14:19</time>
      </trkpt>
      <trkpt lat="23.07075496762991" lon="120.29569138772786">
        <ele>32.0</ele>
        <time>2022-12-04T04:14:25</time>
      </trkpt>
      <trkpt lat="23.070689169690013" lon="120.29559088870883">
        <ele>32.0</ele>
        <time>2022-12-04T04:14:27</time>
      </trkpt>
      <trkpt lat="23.070657653734088" lon="120.29554051347077">
        <ele>32.0</ele>
        <time>2022-12-04T04:14:28</time>
      </trkpt>
      <trkpt lat="23.070507533848286" lon="120.29527589678764">
        <ele>33.0</ele>
        <time>2022-12-04T04:14:33</time>
      </trkpt>
      <trkpt lat="23.07044425047934" lon="120.29516709968448">
        <ele>33.0</ele>
        <time>2022-12-04T04:14:35</time>
      </trkpt>
      <trkpt lat="23.070343751460314" lon="120.29500960372388">
        <ele>33.0</ele>
        <time>2022-12-04T04:14:38</time>
      </trkpt>
      <trkpt lat="23.0702390614897" lon="120.29484749771655">
        <ele>34.0</ele>
        <time>2022-12-04T04:14:41</time>
      </trkpt>
      <trkpt lat="23.070068238303065" lon="120.29457416385412">
        <ele>35.0</ele>
        <time>2022-12-04T04:14:46</time>
      </trkpt>
      <trkpt lat="23.069994896650314" lon="120.2944683842361">
        <ele>35.0</ele>
        <time>2022-12-04T04:14:48</time>
      </trkpt>
      <trkpt lat="23.06987889111042" lon="120.29425045475364">
        <ele>35.0</ele>
        <time>2022-12-04T04:14:52</time>
      </trkpt>
      <trkpt lat="23.06979096494615" lon="120.2940949704498">
        <ele>35.0</ele>
        <time>2022-12-04T04:14:55</time>
      </trkpt>
      <trkpt lat="23.069759951904416" lon="120.2940418291837">
        <ele>35.0</ele>
        <time>2022-12-04T04:14:56</time>
      </trkpt>
      <trkpt lat="23.069728519767523" lon="120.29398868791759">
        <ele>35.0</ele>
        <time>2022-12-04T04:14:57</time>
      </trkpt>
      <trkpt lat="23.069701194763184" lon="120.29393278062344">
        <ele>35.0</ele>
        <time>2022-12-04T04:14:58</time>
      </trkpt>
      <trkpt lat="23.069672277197242" lon="120.29387854970992">
        <ele>35.0</ele>
        <time>2022-12-04T04:14:59</time>
      </trkpt>
      <trkpt lat="23.069643191993237" lon="120.29382457025349">
        <ele>35.0</ele>
        <time>2022-12-04T04:15:00</time>
      </trkpt>
      <trkpt lat="23.069582171738148" lon="120.29371242038906">
        <ele>35.0</ele>
        <time>2022-12-04T04:15:02</time>
      </trkpt>
      <trkpt lat="23.069343706592917" lon="120.29332341626287">
        <ele>35.0</ele>
        <time>2022-12-04T04:15:09</time>
      </trkpt>
      <trkpt lat="23.06930858641863" lon="120.29326859861612">
        <ele>35.0</ele>
        <time>2022-12-04T04:15:10</time>
      </trkpt>
      <trkpt lat="23.069208757951856" lon="120.29310481622815">
        <ele>35.0</ele>
        <time>2022-12-04T04:15:13</time>
      </trkpt>
      <trkpt lat="23.06915234774351" lon="120.29300909489393">
        <ele>35.0</ele>
        <time>2022-12-04T04:15:15</time>
      </trkpt>
      <trkpt lat="23.069054279476404" lon="120.2928361762315">
        <ele>35.0</ele>
        <time>2022-12-04T04:15:20</time>
      </trkpt>
      <trkpt lat="23.069024104624987" lon="120.29277498833835">
        <ele>34.0</ele>
        <time>2022-12-04T04:15:24</time>
      </trkpt>
      <trkpt lat="23.069021170958877" lon="120.2927761618048">
        <ele>34.0</ele>
        <time>2022-12-04T04:15:25</time>
      </trkpt>
      <trkpt lat="23.069020081311464" lon="120.29278588481247">
        <ele>34.0</ele>
        <time>2022-12-04T04:15:29</time>
      </trkpt>
      <trkpt lat="23.069017650559545" lon="120.29279451817274">
        <ele>33.0</ele>
        <time>2022-12-04T04:15:33</time>
      </trkpt>
      <trkpt lat="23.069017063826323" lon="120.2927986253053">
        <ele>33.0</ele>
        <time>2022-12-04T04:15:34</time>
      </trkpt>
      <trkpt lat="23.069015722721815" lon="120.29280474409461">
        <ele>33.0</ele>
        <time>2022-12-04T04:15:40</time>
      </trkpt>
      <trkpt lat="23.06901597417891" lon="120.29280675575137">
        <ele>33.0</ele>
        <time>2022-12-04T04:15:42</time>
      </trkpt>
      <trkpt lat="23.06901882402599" lon="120.29282284900546">
        <ele>33.0</ele>
        <time>2022-12-04T04:15:53</time>
      </trkpt>
      <trkpt lat="23.069011280313134" lon="120.29281429946423">
        <ele>33.0</ele>
        <time>2022-12-04T04:15:56</time>
      </trkpt>
      <trkpt lat="23.068992840126157" lon="120.2927896566689">
        <ele>33.0</ele>
        <time>2022-12-04T04:15:58</time>
      </trkpt>
      <trkpt lat="23.06891522370279" lon="120.29267884790897">
        <ele>33.0</ele>
        <time>2022-12-04T04:16:03</time>
      </trkpt>
      <trkpt lat="23.06880726478994" lon="120.29251288622618">
        <ele>33.0</ele>
        <time>2022-12-04T04:16:08</time>
      </trkpt>
      <trkpt lat="23.068750854581594" lon="120.29244625009596">
        <ele>33.0</ele>
        <time>2022-12-04T04:16:10</time>
      </trkpt>
      <trkpt lat="23.068682542070746" lon="120.29229998588562">
        <ele>34.0</ele>
        <time>2022-12-04T04:16:13</time>
      </trkpt>
      <trkpt lat="23.06851414963603" lon="120.29200837947428">
        <ele>34.0</ele>
        <time>2022-12-04T04:16:19</time>
      </trkpt>
      <trkpt lat="23.068278869614005" lon="120.29160269536078">
        <ele>35.0</ele>
        <time>2022-12-04T04:16:27</time>
      </trkpt>
      <trkpt lat="23.06824886240065" lon="120.29155760072172">
        <ele>35.0</ele>
        <time>2022-12-04T04:16:28</time>
      </trkpt>
      <trkpt lat="23.068220363929868" lon="120.29151141643524">
        <ele>35.0</ele>
        <time>2022-12-04T04:16:29</time>
      </trkpt>
      <trkpt lat="23.068141657859087" lon="120.29137529432774">
        <ele>35.0</ele>
        <time>2022-12-04T04:16:32</time>
      </trkpt>
      <trkpt lat="23.068093797191978" lon="120.29128862544894">
        <ele>35.0</ele>
        <time>2022-12-04T04:16:34</time>
      </trkpt>
      <trkpt lat="23.068073512986302" lon="120.29125208035111">
        <ele>35.0</ele>
        <time>2022-12-04T04:16:35</time>
      </trkpt>
      <trkpt lat="23.068053983151913" lon="120.29121913947165">
        <ele>35.0</ele>
        <time>2022-12-04T04:16:36</time>
      </trkpt>
      <trkpt lat="23.068012660369277" lon="120.29115275479853">
        <ele>35.0</ele>
        <time>2022-12-04T04:16:39</time>
      </trkpt>
      <trkpt lat="23.06798491626978" lon="120.29111428186297">
        <ele>34.0</ele>
        <time>2022-12-04T04:16:43</time>
      </trkpt>
      <trkpt lat="23.067975947633386" lon="120.29110732488334">
        <ele>34.0</ele>
        <time>2022-12-04T04:16:44</time>
      </trkpt>
      <trkpt lat="23.067909562960267" lon="120.29099123552442">
        <ele>33.0</ele>
        <time>2022-12-04T04:16:50</time>
      </trkpt>
      <trkpt lat="23.067801520228386" lon="120.29084052890539">
        <ele>33.0</ele>
        <time>2022-12-04T04:16:56</time>
      </trkpt>
      <trkpt lat="23.067758604884148" lon="120.29079887084663">
        <ele>33.0</ele>
        <time>2022-12-04T04:16:58</time>
      </trkpt>
      <trkpt lat="23.067747289314866" lon="120.29077984392643">
        <ele>33.0</ele>
        <time>2022-12-04T04:16:59</time>
      </trkpt>
      <trkpt lat="23.067739410325885" lon="120.29073919169605">
        <ele>33.0</ele>
        <time>2022-12-04T04:17:00</time>
      </trkpt>
      <trkpt lat="23.06773429736495" lon="120.29070650227368">
        <ele>33.0</ele>
        <time>2022-12-04T04:17:01</time>
      </trkpt>
      <trkpt lat="23.067723233252764" lon="120.29065839014947">
        <ele>32.0</ele>
        <time>2022-12-04T04:17:03</time>
      </trkpt>
      <trkpt lat="23.067701356485486" lon="120.29062444344163">
        <ele>32.0</ele>
        <time>2022-12-04T04:17:05</time>
      </trkpt>
      <trkpt lat="23.067700769752264" lon="120.29060591943562">
        <ele>32.0</ele>
        <time>2022-12-04T04:17:06</time>
      </trkpt>
      <trkpt lat="23.067713426426053" lon="120.29057423584163">
        <ele>32.0</ele>
        <time>2022-12-04T04:17:08</time>
      </trkpt>
      <trkpt lat="23.06771233677864" lon="120.29053852893412">
        <ele>32.0</ele>
        <time>2022-12-04T04:17:10</time>
      </trkpt>
      <trkpt lat="23.067680150270462" lon="120.29051983729005">
        <ele>32.0</ele>
        <time>2022-12-04T04:17:13</time>
      </trkpt>
      <trkpt lat="23.067688029259443" lon="120.29055227525532">
        <ele>31.0</ele>
        <time>2022-12-04T04:17:19</time>
      </trkpt>
      <trkpt lat="23.067691382020712" lon="120.2905485033989">
        <ele>31.0</ele>
        <time>2022-12-04T04:17:26</time>
      </trkpt>
      <trkpt lat="23.067690962925553" lon="120.2905485033989">
        <ele>31.0</ele>
        <time>2022-12-04T04:17:27</time>
      </trkpt>
      <trkpt lat="23.06769087910652" lon="120.29054808430374">
        <ele>31.0</ele>
        <time>2022-12-04T04:17:28</time>
      </trkpt>
      <trkpt lat="23.06769087910652" lon="120.2905448153615">
        <ele>31.0</ele>
        <time>2022-12-04T04:17:32</time>
      </trkpt>
      <trkpt lat="23.06769222021103" lon="120.29055562801659">
        <ele>30.0</ele>
        <time>2022-12-04T04:17:38</time>
      </trkpt>
      <trkpt lat="23.06768987327814" lon="120.29056535102427">
        <ele>30.0</ele>
        <time>2022-12-04T04:17:45</time>
      </trkpt>
      <trkpt lat="23.067664727568626" lon="120.29058161191642">
        <ele>30.0</ele>
        <time>2022-12-04T04:17:47</time>
      </trkpt>
      <trkpt lat="23.06753681972623" lon="120.2906999643892">
        <ele>31.0</ele>
        <time>2022-12-04T04:17:53</time>
      </trkpt>
      <trkpt lat="23.067425340414047" lon="120.29083139263093">
        <ele>32.0</ele>
        <time>2022-12-04T04:17:57</time>
      </trkpt>
      <trkpt lat="23.06739415973425" lon="120.29086215421557">
        <ele>32.0</ele>
        <time>2022-12-04T04:17:58</time>
      </trkpt>
      <trkpt lat="23.06736540980637" lon="120.2908934187144">
        <ele>32.0</ele>
        <time>2022-12-04T04:17:59</time>
      </trkpt>
      <trkpt lat="23.06733557023108" lon="120.29091764241457">
        <ele>32.0</ele>
        <time>2022-12-04T04:18:00</time>
      </trkpt>
      <trkpt lat="23.067308915778995" lon="120.29094597324729">
        <ele>32.0</ele>
        <time>2022-12-04T04:18:01</time>
      </trkpt>
      <trkpt lat="23.06725585833192" lon="120.29099802486598">
        <ele>33.0</ele>
        <time>2022-12-04T04:18:03</time>
      </trkpt>
      <trkpt lat="23.067191066220403" lon="120.2910715341568">
        <ele>33.0</ele>
        <time>2022-12-04T04:18:06</time>
      </trkpt>
      <trkpt lat="23.06715762242675" lon="120.29111168347299">
        <ele>33.0</ele>
        <time>2022-12-04T04:18:10</time>
      </trkpt>
      <trkpt lat="23.067162316292524" lon="120.29111419804394">
        <ele>33.0</ele>
        <time>2022-12-04T04:18:13</time>
      </trkpt>
      <trkpt lat="23.06715779006481" lon="120.29110807925463">
        <ele>32.0</ele>
        <time>2022-12-04T04:18:18</time>
      </trkpt>
      <trkpt lat="23.06715913116932" lon="120.29110824689269">
        <ele>32.0</ele>
        <time>2022-12-04T04:18:19</time>
      </trkpt>
      <trkpt lat="23.067165417596698" lon="120.2911127731204">
        <ele>32.0</ele>
        <time>2022-12-04T04:18:25</time>
      </trkpt>
      <trkpt lat="23.067164914682508" lon="120.29111838899553">
        <ele>32.0</ele>
        <time>2022-12-04T04:18:26</time>
      </trkpt>
      <trkpt lat="23.067177571356297" lon="120.29112408868968">
        <ele>32.0</ele>
        <time>2022-12-04T04:18:29</time>
      </trkpt>
      <trkpt lat="23.06718369014561" lon="120.29111201874912">
        <ele>32.0</ele>
        <time>2022-12-04T04:18:30</time>
      </trkpt>
      <trkpt lat="23.06722375564277" lon="120.29105141758919">
        <ele>32.0</ele>
        <time>2022-12-04T04:18:33</time>
      </trkpt>
      <trkpt lat="23.067371947690845" lon="120.29088218696415">
        <ele>32.0</ele>
        <time>2022-12-04T04:18:41</time>
      </trkpt>
      <trkpt lat="23.067383179441094" lon="120.2908365894109">
        <ele>32.0</ele>
        <time>2022-12-04T04:18:43</time>
      </trkpt>
      <trkpt lat="23.067407738417387" lon="120.29078260995448">
        <ele>31.0</ele>
        <time>2022-12-04T04:18:47</time>
      </trkpt>
      <trkpt lat="23.067410420626402" lon="120.29077691026032">
        <ele>31.0</ele>
        <time>2022-12-04T04:18:56</time>
      </trkpt>
      <trkpt lat="23.067411594092846" lon="120.29078034684062">
        <ele>31.0</ele>
        <time>2022-12-04T04:18:58</time>
      </trkpt>
      <trkpt lat="23.06741176173091" lon="120.29078185558319">
        <ele>31.0</ele>
        <time>2022-12-04T04:19:00</time>
      </trkpt>
      <trkpt lat="23.06741176173091" lon="120.29078545980155">
        <ele>31.0</ele>
        <time>2022-12-04T04:19:01</time>
      </trkpt>
      <trkpt lat="23.067413857206702" lon="120.29079359024763">
        <ele>31.0</ele>
        <time>2022-12-04T04:19:04</time>
      </trkpt>
      <trkpt lat="23.067413019016385" lon="120.2907935064286">
        <ele>31.0</ele>
        <time>2022-12-04T04:19:05</time>
      </trkpt>
      <trkpt lat="23.067407151684165" lon="120.29077246785164">
        <ele>32.0</ele>
        <time>2022-12-04T04:19:12</time>
      </trkpt>
      <trkpt lat="23.067404804751277" lon="120.29077364131808">
        <ele>31.0</ele>
        <time>2022-12-04T04:19:20</time>
      </trkpt>
      <trkpt lat="23.067403212189674" lon="120.29077917337418">
        <ele>31.0</ele>
        <time>2022-12-04T04:19:28</time>
      </trkpt>
      <trkpt lat="23.06740405037999" lon="120.29077858664095">
        <ele>31.0</ele>
        <time>2022-12-04T04:19:29</time>
      </trkpt>
      <trkpt lat="23.067401200532913" lon="120.29078210704029">
        <ele>31.0</ele>
        <time>2022-12-04T04:19:35</time>
      </trkpt>
      <trkpt lat="23.06740245781839" lon="120.29078722000122">
        <ele>31.0</ele>
        <time>2022-12-04T04:19:38</time>
      </trkpt>
      <trkpt lat="23.06739910505712" lon="120.29078210704029">
        <ele>31.0</ele>
        <time>2022-12-04T04:19:48</time>
      </trkpt>
      <trkpt lat="23.067404720932245" lon="120.2907676063478">
        <ele>31.0</ele>
        <time>2022-12-04T04:19:52</time>
      </trkpt>
      <trkpt lat="23.067432045936584" lon="120.29073089361191">
        <ele>31.0</ele>
        <time>2022-12-04T04:19:54</time>
      </trkpt>
      <trkpt lat="23.06755249388516" lon="120.29062444344163">
        <ele>31.0</ele>
        <time>2022-12-04T04:20:00</time>
      </trkpt>
      <trkpt lat="23.067557103931904" lon="120.29047734104097">
        <ele>31.0</ele>
        <time>2022-12-04T04:20:04</time>
      </trkpt>
      <trkpt lat="23.06753053329885" lon="120.29043199494481">
        <ele>31.0</ele>
        <time>2022-12-04T04:20:05</time>
      </trkpt>
      <trkpt lat="23.067413857206702" lon="120.2902683801949">
        <ele>32.0</ele>
        <time>2022-12-04T04:20:09</time>
      </trkpt>
      <trkpt lat="23.06738493964076" lon="120.29022764414549">
        <ele>33.0</ele>
        <time>2022-12-04T04:20:10</time>
      </trkpt>
      <trkpt lat="23.06732341647148" lon="120.2901478484273">
        <ele>34.0</ele>
        <time>2022-12-04T04:20:12</time>
      </trkpt>
      <trkpt lat="23.06729407981038" lon="120.29010551981628">
        <ele>34.0</ele>
        <time>2022-12-04T04:20:13</time>
      </trkpt>
      <trkpt lat="23.06719433516264" lon="120.2899718284607">
        <ele>35.0</ele>
        <time>2022-12-04T04:20:16</time>
      </trkpt>
      <trkpt lat="23.067164830863476" lon="120.289925057441">
        <ele>35.0</ele>
        <time>2022-12-04T04:20:17</time>
      </trkpt>
      <trkpt lat="23.067049998790026" lon="120.2897490374744">
        <ele>36.0</ele>
        <time>2022-12-04T04:20:21</time>
      </trkpt>
      <trkpt lat="23.06698177009821" lon="120.28967334888875">
        <ele>36.0</ele>
        <time>2022-12-04T04:20:23</time>
      </trkpt>
      <trkpt lat="23.066828213632107" lon="120.28946614824235">
        <ele>37.0</ele>
        <time>2022-12-04T04:20:28</time>
      </trkpt>
      <trkpt lat="23.06679711677134" lon="120.28942222706974">
        <ele>37.0</ele>
        <time>2022-12-04T04:20:29</time>
      </trkpt>
      <trkpt lat="23.066729977726936" lon="120.28933161869645">
        <ele>37.0</ele>
        <time>2022-12-04T04:20:31</time>
      </trkpt>
      <trkpt lat="23.06658111512661" lon="120.28912777081132">
        <ele>38.0</ele>
        <time>2022-12-04T04:20:36</time>
      </trkpt>
      <trkpt lat="23.066523112356663" lon="120.28904537670314">
        <ele>38.0</ele>
        <time>2022-12-04T04:20:38</time>
      </trkpt>
      <trkpt lat="23.066493440419436" lon="120.28900329954922">
        <ele>38.0</ele>
        <time>2022-12-04T04:20:39</time>
      </trkpt>
      <trkpt lat="23.06646293029189" lon="120.28896021656692">
        <ele>38.0</ele>
        <time>2022-12-04T04:20:40</time>
      </trkpt>
      <trkpt lat="23.066432001069188" lon="120.2889165468514">
        <ele>38.0</ele>
        <time>2022-12-04T04:20:41</time>
      </trkpt>
      <trkpt lat="23.066400652751327" lon="120.28887229040265">
        <ele>39.0</ele>
        <time>2022-12-04T04:20:42</time>
      </trkpt>
      <trkpt lat="23.066369891166687" lon="120.28882954269648">
        <ele>39.0</ele>
        <time>2022-12-04T04:20:43</time>
      </trkpt>
      <trkpt lat="23.066338961943984" lon="120.28878780081868">
        <ele>39.0</ele>
        <time>2022-12-04T04:20:44</time>
      </trkpt>
      <trkpt lat="23.066309625282884" lon="120.28874446637928">
        <ele>39.0</ele>
        <time>2022-12-04T04:20:45</time>
      </trkpt>
      <trkpt lat="23.066204097121954" lon="120.28859669342637">
        <ele>39.0</ele>
        <time>2022-12-04T04:20:49</time>
      </trkpt>
      <trkpt lat="23.06613838300109" lon="120.28849996626377">
        <ele>39.0</ele>
        <time>2022-12-04T04:20:52</time>
      </trkpt>
      <trkpt lat="23.06608817540109" lon="120.28843525797129">
        <ele>38.0</ele>
        <time>2022-12-04T04:20:54</time>
      </trkpt>
      <trkpt lat="23.066039979457855" lon="120.28837222605944">
        <ele>38.0</ele>
        <time>2022-12-04T04:20:56</time>
      </trkpt>
      <trkpt lat="23.065967224538326" lon="120.28828346170485">
        <ele>38.0</ele>
        <time>2022-12-04T04:20:59</time>
      </trkpt>
      <trkpt lat="23.065936462953687" lon="120.28824901208282">
        <ele>38.0</ele>
        <time>2022-12-04T04:21:00</time>
      </trkpt>
      <trkpt lat="23.065820038318634" lon="120.28808690607548">
        <ele>37.0</ele>
        <time>2022-12-04T04:21:04</time>
      </trkpt>
      <trkpt lat="23.06575834751129" lon="120.28799696825445">
        <ele>37.0</ele>
        <time>2022-12-04T04:21:06</time>
      </trkpt>
      <trkpt lat="23.065593978390098" lon="120.28778976760805">
        <ele>36.0</ele>
        <time>2022-12-04T04:21:11</time>
      </trkpt>
      <trkpt lat="23.065560534596443" lon="120.28774626553059">
        <ele>36.0</ele>
        <time>2022-12-04T04:21:12</time>
      </trkpt>
      <trkpt lat="23.06552717462182" lon="120.2877037692815">
        <ele>36.0</ele>
        <time>2022-12-04T04:21:13</time>
      </trkpt>
      <trkpt lat="23.065429273992777" lon="120.28757016174495">
        <ele>36.0</ele>
        <time>2022-12-04T04:21:16</time>
      </trkpt>
      <trkpt lat="23.06539474055171" lon="120.28752422891557">
        <ele>36.0</ele>
        <time>2022-12-04T04:21:17</time>
      </trkpt>
      <trkpt lat="23.065357943996787" lon="120.28747737407684">
        <ele>36.0</ele>
        <time>2022-12-04T04:21:18</time>
      </trkpt>
      <trkpt lat="23.065324751660228" lon="120.28743512928486">
        <ele>36.0</ele>
        <time>2022-12-04T04:21:19</time>
      </trkpt>
      <trkpt lat="23.065291391685605" lon="120.28738886117935">
        <ele>36.0</ele>
        <time>2022-12-04T04:21:20</time>
      </trkpt>
      <trkpt lat="23.06525694206357" lon="120.28734091669321">
        <ele>36.0</ele>
        <time>2022-12-04T04:21:21</time>
      </trkpt>
      <trkpt lat="23.065117299556732" lon="120.2871479652822">
        <ele>35.0</ele>
        <time>2022-12-04T04:21:25</time>
      </trkpt>
      <trkpt lat="23.065050076693296" lon="120.28705894947052">
        <ele>35.0</ele>
        <time>2022-12-04T04:21:27</time>
      </trkpt>
      <trkpt lat="23.06480591185391" lon="120.28669861145318">
        <ele>35.0</ele>
        <time>2022-12-04T04:21:35</time>
      </trkpt>
      <trkpt lat="23.064698288217187" lon="120.28653600253165">
        <ele>35.0</ele>
        <time>2022-12-04T04:21:39</time>
      </trkpt>
      <trkpt lat="23.064654115587473" lon="120.28646073304117">
        <ele>36.0</ele>
        <time>2022-12-04T04:21:41</time>
      </trkpt>
      <trkpt lat="23.06461094878614" lon="120.28639451600611">
        <ele>36.0</ele>
        <time>2022-12-04T04:21:43</time>
      </trkpt>
      <trkpt lat="23.06450340896845" lon="120.28620047494769">
        <ele>36.0</ele>
        <time>2022-12-04T04:21:49</time>
      </trkpt>
      <trkpt lat="23.0644868966192" lon="120.28616853989661">
        <ele>36.0</ele>
        <time>2022-12-04T04:21:50</time>
      </trkpt>
      <trkpt lat="23.06439788080752" lon="120.28593460097909">
        <ele>37.0</ele>
        <time>2022-12-04T04:21:57</time>
      </trkpt>
      <trkpt lat="23.064352869987488" lon="120.2858082856983">
        <ele>37.0</ele>
        <time>2022-12-04T04:22:01</time>
      </trkpt>
      <trkpt lat="23.064323952421546" lon="120.28570728376508">
        <ele>37.0</ele>
        <time>2022-12-04T04:22:04</time>
      </trkpt>
      <trkpt lat="23.06425186805427" lon="120.28543596155941">
        <ele>38.0</ele>
        <time>2022-12-04T04:22:12</time>
      </trkpt>
      <trkpt lat="23.064235439524055" lon="120.28537100180984">
        <ele>38.0</ele>
        <time>2022-12-04T04:22:14</time>
      </trkpt>
      <trkpt lat="23.06420400738716" lon="120.28517779894173">
        <ele>39.0</ele>
        <time>2022-12-04T04:22:20</time>
      </trkpt>
      <trkpt lat="23.064185483381152" lon="120.285075455904">
        <ele>39.0</ele>
        <time>2022-12-04T04:22:23</time>
      </trkpt>
      <trkpt lat="23.0641501955688" lon="120.28485534712672">
        <ele>39.0</ele>
        <time>2022-12-04T04:22:29</time>
      </trkpt>
      <trkpt lat="23.064142987132072" lon="120.28481276705861">
        <ele>39.0</ele>
        <time>2022-12-04T04:22:30</time>
      </trkpt>
      <trkpt lat="23.064133683219552" lon="120.28477253392339">
        <ele>39.0</ele>
        <time>2022-12-04T04:22:31</time>
      </trkpt>
      <trkpt lat="23.064109878614545" lon="120.28464680537581">
        <ele>39.0</ele>
        <time>2022-12-04T04:22:34</time>
      </trkpt>
      <trkpt lat="23.06409588083625" lon="120.28456022031605">
        <ele>39.0</ele>
        <time>2022-12-04T04:22:36</time>
      </trkpt>
      <trkpt lat="23.06408079341054" lon="120.28446868993342">
        <ele>40.0</ele>
        <time>2022-12-04T04:22:38</time>
      </trkpt>
      <trkpt lat="23.064052797853947" lon="120.28432661667466">
        <ele>41.0</ele>
        <time>2022-12-04T04:22:41</time>
      </trkpt>
      <trkpt lat="23.064027652144432" lon="120.28418336994946">
        <ele>42.0</ele>
        <time>2022-12-04T04:22:44</time>
      </trkpt>
      <trkpt lat="23.064012061804533" lon="120.28408421203494">
        <ele>42.0</ele>
        <time>2022-12-04T04:22:46</time>
      </trkpt>
      <trkpt lat="23.06399244815111" lon="120.28398312628269">
        <ele>43.0</ele>
        <time>2022-12-04T04:22:48</time>
      </trkpt>
      <trkpt lat="23.06394441984594" lon="120.28378807939589">
        <ele>44.0</ele>
        <time>2022-12-04T04:22:52</time>
      </trkpt>
      <trkpt lat="23.063881304115057" lon="120.2835991512984">
        <ele>44.0</ele>
        <time>2022-12-04T04:22:56</time>
      </trkpt>
      <trkpt lat="23.063806872814894" lon="120.28341894038022">
        <ele>44.0</ele>
        <time>2022-12-04T04:23:00</time>
      </trkpt>
      <trkpt lat="23.063781894743443" lon="120.28337242081761">
        <ele>44.0</ele>
        <time>2022-12-04T04:23:01</time>
      </trkpt>
      <trkpt lat="23.063615011051297" lon="120.28311333619058">
        <ele>44.0</ele>
        <time>2022-12-04T04:23:06</time>
      </trkpt>
      <trkpt lat="23.063532952219248" lon="120.28299967758358">
        <ele>44.0</ele>
        <time>2022-12-04T04:23:08</time>
      </trkpt>
      <trkpt lat="23.063445193693042" lon="120.2828863542527">
        <ele>44.0</ele>
        <time>2022-12-04T04:23:10</time>
      </trkpt>
      <trkpt lat="23.0633005220443" lon="120.28272265568376">
        <ele>44.0</ele>
        <time>2022-12-04T04:23:13</time>
      </trkpt>
      <trkpt lat="23.063046969473362" lon="120.28244546614587">
        <ele>44.0</ele>
        <time>2022-12-04T04:23:18</time>
      </trkpt>
      <trkpt lat="23.062939681112766" lon="120.2823366690427">
        <ele>44.0</ele>
        <time>2022-12-04T04:23:20</time>
      </trkpt>
      <trkpt lat="23.06288704276085" lon="120.28228461742401">
        <ele>44.0</ele>
        <time>2022-12-04T04:23:21</time>
      </trkpt>
      <trkpt lat="23.062835661694407" lon="120.282231727615">
        <ele>43.0</ele>
        <time>2022-12-04T04:23:22</time>
      </trkpt>
      <trkpt lat="23.06274538859725" lon="120.28213416226208">
        <ele>43.0</ele>
        <time>2022-12-04T04:23:24</time>
      </trkpt>
      <trkpt lat="23.062663413584232" lon="120.28204137459397">
        <ele>43.0</ele>
        <time>2022-12-04T04:23:26</time>
      </trkpt>
      <trkpt lat="23.0623628385365" lon="120.28171037323773">
        <ele>43.0</ele>
        <time>2022-12-04T04:23:34</time>
      </trkpt>
      <trkpt lat="23.062324030324817" lon="120.28167156502604">
        <ele>43.0</ele>
        <time>2022-12-04T04:23:35</time>
      </trkpt>
      <trkpt lat="23.062285222113132" lon="120.28163409791887">
        <ele>43.0</ele>
        <time>2022-12-04T04:23:36</time>
      </trkpt>
      <trkpt lat="23.062184723094106" lon="120.28153225779533">
        <ele>43.0</ele>
        <time>2022-12-04T04:23:39</time>
      </trkpt>
      <trkpt lat="23.06212487630546" lon="120.28148297220469">
        <ele>43.0</ele>
        <time>2022-12-04T04:23:41</time>
      </trkpt>
      <trkpt lat="23.062025466933846" lon="120.2813268173486">
        <ele>44.0</ele>
        <time>2022-12-04T04:23:44</time>
      </trkpt>
      <trkpt lat="23.061914825811982" lon="120.28119849041104">
        <ele>44.0</ele>
        <time>2022-12-04T04:23:46</time>
      </trkpt>
      <trkpt lat="23.061841316521168" lon="120.28110234998167">
        <ele>44.0</ele>
        <time>2022-12-04T04:23:48</time>
      </trkpt>
      <trkpt lat="23.061732184141874" lon="120.28097896836698">
        <ele>45.0</ele>
        <time>2022-12-04T04:23:51</time>
      </trkpt>
      <trkpt lat="23.061696980148554" lon="120.28093873523176">
        <ele>45.0</ele>
        <time>2022-12-04T04:23:52</time>
      </trkpt>
      <trkpt lat="23.061441332101822" lon="120.28064176440239">
        <ele>45.0</ele>
        <time>2022-12-04T04:23:59</time>
      </trkpt>
      <trkpt lat="23.061291547492146" lon="120.28047010302544">
        <ele>45.0</ele>
        <time>2022-12-04T04:24:03</time>
      </trkpt>
      <trkpt lat="23.061183085665107" lon="120.28033607639372">
        <ele>45.0</ele>
        <time>2022-12-04T04:24:06</time>
      </trkpt>
      <trkpt lat="23.060873290523887" lon="120.27998512610793">
        <ele>46.0</ele>
        <time>2022-12-04T04:24:14</time>
      </trkpt>
      <trkpt lat="23.060789303854108" lon="120.27989217080176">
        <ele>46.0</ele>
        <time>2022-12-04T04:24:16</time>
      </trkpt>
      <trkpt lat="23.060601381585002" lon="120.27965747751296">
        <ele>46.0</ele>
        <time>2022-12-04T04:24:21</time>
      </trkpt>
      <trkpt lat="23.06049761362374" lon="120.2795259654522">
        <ele>46.0</ele>
        <time>2022-12-04T04:24:24</time>
      </trkpt>
      <trkpt lat="23.060345062986016" lon="120.27935321442783">
        <ele>46.0</ele>
        <time>2022-12-04T04:24:28</time>
      </trkpt>
      <trkpt lat="23.060266859829426" lon="120.27926000766456">
        <ele>46.0</ele>
        <time>2022-12-04T04:24:30</time>
      </trkpt>
      <trkpt lat="23.060085643082857" lon="120.27901584282517">
        <ele>47.0</ele>
        <time>2022-12-04T04:24:35</time>
      </trkpt>
      <trkpt lat="23.0598830524832" lon="120.27876203879714">
        <ele>47.0</ele>
        <time>2022-12-04T04:24:41</time>
      </trkpt>
      <trkpt lat="23.059707451611757" lon="120.27856942266226">
        <ele>47.0</ele>
        <time>2022-12-04T04:24:45</time>
      </trkpt>
      <trkpt lat="23.05966797284782" lon="120.27852105908096">
        <ele>47.0</ele>
        <time>2022-12-04T04:24:46</time>
      </trkpt>
      <trkpt lat="23.059353567659855" lon="120.2781490702182">
        <ele>47.0</ele>
        <time>2022-12-04T04:24:54</time>
      </trkpt>
      <trkpt lat="23.059244519099593" lon="120.27800674550235">
        <ele>46.0</ele>
        <time>2022-12-04T04:24:57</time>
      </trkpt>
      <trkpt lat="23.059173189103603" lon="120.27791479602456">
        <ele>46.0</ele>
        <time>2022-12-04T04:24:59</time>
      </trkpt>
      <trkpt lat="23.059101356193423" lon="120.27782435528934">
        <ele>46.0</ele>
        <time>2022-12-04T04:25:01</time>
      </trkpt>
      <trkpt lat="23.059033378958702" lon="120.27773383073509">
        <ele>45.0</ele>
        <time>2022-12-04T04:25:03</time>
      </trkpt>
      <trkpt lat="23.05888719856739" lon="120.27755378745496">
        <ele>45.0</ele>
        <time>2022-12-04T04:25:07</time>
      </trkpt>
      <trkpt lat="23.058706484735012" lon="120.27732345275581">
        <ele>44.0</ele>
        <time>2022-12-04T04:25:12</time>
      </trkpt>
      <trkpt lat="23.058518059551716" lon="120.27709068730474">
        <ele>44.0</ele>
        <time>2022-12-04T04:25:17</time>
      </trkpt>
      <trkpt lat="23.0584049038589" lon="120.27694827876985">
        <ele>44.0</ele>
        <time>2022-12-04T04:25:20</time>
      </trkpt>
      <trkpt lat="23.058255119249225" lon="120.27675641700625">
        <ele>44.0</ele>
        <time>2022-12-04T04:25:24</time>
      </trkpt>
      <trkpt lat="23.058013385161757" lon="120.27646707370877">
        <ele>44.0</ele>
        <time>2022-12-04T04:25:30</time>
      </trkpt>
      <trkpt lat="23.057973654940724" lon="120.27641644701362">
        <ele>44.0</ele>
        <time>2022-12-04T04:25:31</time>
      </trkpt>
      <trkpt lat="23.057679114863276" lon="120.27606298215687">
        <ele>45.0</ele>
        <time>2022-12-04T04:25:38</time>
      </trkpt>
      <trkpt lat="23.057597307488322" lon="120.27596265077591">
        <ele>45.0</ele>
        <time>2022-12-04T04:25:40</time>
      </trkpt>
      <trkpt lat="23.057559840381145" lon="120.27591009624302">
        <ele>45.0</ele>
        <time>2022-12-04T04:25:41</time>
      </trkpt>
      <trkpt lat="23.05752337910235" lon="120.2758561167866">
        <ele>45.0</ele>
        <time>2022-12-04T04:25:42</time>
      </trkpt>
      <trkpt lat="23.05727276019752" lon="120.27555847540498">
        <ele>45.0</ele>
        <time>2022-12-04T04:25:48</time>
      </trkpt>
      <trkpt lat="23.057150300592184" lon="120.27541640214622">
        <ele>45.0</ele>
        <time>2022-12-04T04:25:51</time>
      </trkpt>
      <trkpt lat="23.05706899613142" lon="120.27531833387911">
        <ele>44.0</ele>
        <time>2022-12-04T04:25:53</time>
      </trkpt>
      <trkpt lat="23.056864896789193" lon="120.27505447156727">
        <ele>44.0</ele>
        <time>2022-12-04T04:25:58</time>
      </trkpt>
      <trkpt lat="23.056782335042953" lon="120.27494969777763">
        <ele>44.0</ele>
        <time>2022-12-04T04:26:00</time>
      </trkpt>
      <trkpt lat="23.056705137714744" lon="120.27485364116728">
        <ele>44.0</ele>
        <time>2022-12-04T04:26:02</time>
      </trkpt>
      <trkpt lat="23.056638333946466" lon="120.27476873248816">
        <ele>44.0</ele>
        <time>2022-12-04T04:26:04</time>
      </trkpt>
      <trkpt lat="23.056605560705066" lon="120.27472950518131">
        <ele>44.0</ele>
        <time>2022-12-04T04:26:05</time>
      </trkpt>
      <trkpt lat="23.056573122739792" lon="120.27468885295093">
        <ele>44.0</ele>
        <time>2022-12-04T04:26:06</time>
      </trkpt>
      <trkpt lat="23.056540684774518" lon="120.2746491227299">
        <ele>44.0</ele>
        <time>2022-12-04T04:26:07</time>
      </trkpt>
      <trkpt lat="23.056508833542466" lon="120.27461048215628">
        <ele>44.0</ele>
        <time>2022-12-04T04:26:08</time>
      </trkpt>
      <trkpt lat="23.056381763890386" lon="120.27443965896964">
        <ele>44.0</ele>
        <time>2022-12-04T04:26:12</time>
      </trkpt>
      <trkpt lat="23.055993346497416" lon="120.27395660988986">
        <ele>44.0</ele>
        <time>2022-12-04T04:26:22</time>
      </trkpt>
      <trkpt lat="23.055723700672388" lon="120.27362368069589">
        <ele>44.0</ele>
        <time>2022-12-04T04:26:29</time>
      </trkpt>
      <trkpt lat="23.055494371801615" lon="120.27333148755133">
        <ele>44.0</ele>
        <time>2022-12-04T04:26:35</time>
      </trkpt>
      <trkpt lat="23.055380545556545" lon="120.27318346314132">
        <ele>44.0</ele>
        <time>2022-12-04T04:26:38</time>
      </trkpt>
      <trkpt lat="23.055340480059385" lon="120.27313543483615">
        <ele>44.0</ele>
        <time>2022-12-04T04:26:39</time>
      </trkpt>
      <trkpt lat="23.055299073457718" lon="120.27308975346386">
        <ele>44.0</ele>
        <time>2022-12-04T04:26:40</time>
      </trkpt>
      <trkpt lat="23.055221373215318" lon="120.27299646288157">
        <ele>44.0</ele>
        <time>2022-12-04T04:26:42</time>
      </trkpt>
      <trkpt lat="23.055023727938533" lon="120.27275565080345">
        <ele>44.0</ele>
        <time>2022-12-04T04:26:47</time>
      </trkpt>
      <trkpt lat="23.054943680763245" lon="120.27265607379377">
        <ele>44.0</ele>
        <time>2022-12-04T04:26:49</time>
      </trkpt>
      <trkpt lat="23.054865142330527" lon="120.27255616150796">
        <ele>44.0</ele>
        <time>2022-12-04T04:26:51</time>
      </trkpt>
      <trkpt lat="23.05482574738562" lon="120.27250553481281">
        <ele>44.0</ele>
        <time>2022-12-04T04:26:52</time>
      </trkpt>
      <trkpt lat="23.05447337217629" lon="120.27207478880882">
        <ele>44.0</ele>
        <time>2022-12-04T04:27:01</time>
      </trkpt>
      <trkpt lat="23.054205905646086" lon="120.2717356570065">
        <ele>44.0</ele>
        <time>2022-12-04T04:27:09</time>
      </trkpt>
      <trkpt lat="23.05400189012289" lon="120.2715028077364">
        <ele>44.0</ele>
        <time>2022-12-04T04:27:16</time>
      </trkpt>
      <trkpt lat="23.053980683907866" lon="120.2714803442359">
        <ele>44.0</ele>
        <time>2022-12-04T04:27:20</time>
      </trkpt>
      <trkpt lat="23.053985545411706" lon="120.27148059569299">
        <ele>43.0</ele>
        <time>2022-12-04T04:27:22</time>
      </trkpt>
      <trkpt lat="23.053994430229068" lon="120.27148889377713">
        <ele>42.0</ele>
        <time>2022-12-04T04:27:25</time>
      </trkpt>
      <trkpt lat="23.05399937555194" lon="120.27149274945259">
        <ele>42.0</ele>
        <time>2022-12-04T04:27:26</time>
      </trkpt>
      <trkpt lat="23.054002728313208" lon="120.2714988682419">
        <ele>41.0</ele>
        <time>2022-12-04T04:27:28</time>
      </trkpt>
      <trkpt lat="23.054006081074476" lon="120.27151093818247">
        <ele>41.0</ele>
        <time>2022-12-04T04:27:32</time>
      </trkpt>
      <trkpt lat="23.05400532670319" lon="120.27151320129633">
        <ele>41.0</ele>
        <time>2022-12-04T04:27:33</time>
      </trkpt>
      <trkpt lat="23.054008008912206" lon="120.27152124792337">
        <ele>40.0</ele>
        <time>2022-12-04T04:27:37</time>
      </trkpt>
      <trkpt lat="23.053992334753275" lon="120.27150884270668">
        <ele>40.0</ele>
        <time>2022-12-04T04:27:42</time>
      </trkpt>
      <trkpt lat="23.053990239277482" lon="120.27149870060384">
        <ele>39.0</ele>
        <time>2022-12-04T04:27:43</time>
      </trkpt>
      <trkpt lat="23.053966015577316" lon="120.27145410887897">
        <ele>39.0</ele>
        <time>2022-12-04T04:27:46</time>
      </trkpt>
      <trkpt lat="23.053957130759954" lon="120.2714388538152">
        <ele>39.0</ele>
        <time>2022-12-04T04:27:48</time>
      </trkpt>
      <trkpt lat="23.053961489349604" lon="120.27143499813974">
        <ele>39.0</ele>
        <time>2022-12-04T04:27:49</time>
      </trkpt>
      <trkpt lat="23.053957717493176" lon="120.27142778970301">
        <ele>39.0</ele>
        <time>2022-12-04T04:27:50</time>
      </trkpt>
      <trkpt lat="23.05393835529685" lon="120.27140348218381">
        <ele>39.0</ele>
        <time>2022-12-04T04:27:52</time>
      </trkpt>
      <trkpt lat="23.053925028070807" lon="120.27138445526361">
        <ele>39.0</ele>
        <time>2022-12-04T04:27:53</time>
      </trkpt>
      <trkpt lat="23.053888734430075" lon="120.27132905088365">
        <ele>39.0</ele>
        <time>2022-12-04T04:27:55</time>
      </trkpt>
      <trkpt lat="23.053787061944604" lon="120.27121036313474">
        <ele>38.0</ele>
        <time>2022-12-04T04:27:59</time>
      </trkpt>
      <trkpt lat="23.0536060128361" lon="120.27101439423859">
        <ele>38.0</ele>
        <time>2022-12-04T04:28:04</time>
      </trkpt>
      <trkpt lat="23.053390933200717" lon="120.2707498613745">
        <ele>39.0</ele>
        <time>2022-12-04T04:28:10</time>
      </trkpt>
      <trkpt lat="23.053354052826762" lon="120.27070325799286">
        <ele>39.0</ele>
        <time>2022-12-04T04:28:11</time>
      </trkpt>
      <trkpt lat="23.05331784300506" lon="120.27065766043961">
        <ele>40.0</ele>
        <time>2022-12-04T04:28:12</time>
      </trkpt>
      <trkpt lat="23.053136123344302" lon="120.27042958885431">
        <ele>41.0</ele>
        <time>2022-12-04T04:28:17</time>
      </trkpt>
      <trkpt lat="23.05306077003479" lon="120.27033411897719">
        <ele>41.0</ele>
        <time>2022-12-04T04:28:19</time>
      </trkpt>
      <trkpt lat="23.052824651822448" lon="120.27006941847503">
        <ele>42.0</ele>
        <time>2022-12-04T04:28:25</time>
      </trkpt>
      <trkpt lat="23.052749717608094" lon="120.26998358778656">
        <ele>42.0</ele>
        <time>2022-12-04T04:28:27</time>
      </trkpt>
      <trkpt lat="23.052714094519615" lon="120.26994243264198">
        <ele>42.0</ele>
        <time>2022-12-04T04:28:28</time>
      </trkpt>
      <trkpt lat="23.052462469786406" lon="120.26964227668941">
        <ele>41.0</ele>
        <time>2022-12-04T04:28:35</time>
      </trkpt>
      <trkpt lat="23.052385104820132" lon="120.26954848319292">
        <ele>40.0</ele>
        <time>2022-12-04T04:28:37</time>
      </trkpt>
      <trkpt lat="23.05223054252565" lon="120.26937430724502">
        <ele>39.0</ele>
        <time>2022-12-04T04:28:41</time>
      </trkpt>
      <trkpt lat="23.052158625796437" lon="120.26927581988275">
        <ele>38.0</ele>
        <time>2022-12-04T04:28:43</time>
      </trkpt>
      <trkpt lat="23.052038764581084" lon="120.26913433335721">
        <ele>38.0</ele>
        <time>2022-12-04T04:28:46</time>
      </trkpt>
      <trkpt lat="23.051881520077586" lon="120.2689466625452">
        <ele>37.0</ele>
        <time>2022-12-04T04:28:50</time>
      </trkpt>
      <trkpt lat="23.05157918483019" lon="120.26856008917093">
        <ele>38.0</ele>
        <time>2022-12-04T04:28:58</time>
      </trkpt>
      <trkpt lat="23.05154255591333" lon="120.26851122267544">
        <ele>38.0</ele>
        <time>2022-12-04T04:28:59</time>
      </trkpt>
      <trkpt lat="23.05123770609498" lon="120.26813906617463">
        <ele>38.0</ele>
        <time>2022-12-04T04:29:07</time>
      </trkpt>
      <trkpt lat="23.051083981990814" lon="120.26796438731253">
        <ele>39.0</ele>
        <time>2022-12-04T04:29:11</time>
      </trkpt>
      <trkpt lat="23.051012065261602" lon="120.26787361130118">
        <ele>39.0</ele>
        <time>2022-12-04T04:29:13</time>
      </trkpt>
      <trkpt lat="23.05097526870668" lon="120.26783044449985">
        <ele>39.0</ele>
        <time>2022-12-04T04:29:14</time>
      </trkpt>
      <trkpt lat="23.05093612521887" lon="120.26778635568917">
        <ele>39.0</ele>
        <time>2022-12-04T04:29:15</time>
      </trkpt>
      <trkpt lat="23.05073294788599" lon="120.26756607927382">
        <ele>39.0</ele>
        <time>2022-12-04T04:29:20</time>
      </trkpt>
      <trkpt lat="23.05053840391338" lon="120.26732962578535">
        <ele>40.0</ele>
        <time>2022-12-04T04:29:25</time>
      </trkpt>
      <trkpt lat="23.050499008968472" lon="120.26728117838502">
        <ele>40.0</ele>
        <time>2022-12-04T04:29:26</time>
      </trkpt>
      <trkpt lat="23.050234727561474" lon="120.26694858446717">
        <ele>40.0</ele>
        <time>2022-12-04T04:29:33</time>
      </trkpt>
      <trkpt lat="23.049940774217248" lon="120.26659034192562">
        <ele>41.0</ele>
        <time>2022-12-04T04:29:41</time>
      </trkpt>
      <trkpt lat="23.049874054268003" lon="120.26650224812329">
        <ele>41.0</ele>
        <time>2022-12-04T04:29:43</time>
      </trkpt>
      <trkpt lat="23.049842454493046" lon="120.26645891368389">
        <ele>41.0</ele>
        <time>2022-12-04T04:29:44</time>
      </trkpt>
      <trkpt lat="23.04980942979455" lon="120.26641574688256">
        <ele>41.0</ele>
        <time>2022-12-04T04:29:45</time>
      </trkpt>
      <trkpt lat="23.049778332933784" lon="120.26637400500476">
        <ele>41.0</ele>
        <time>2022-12-04T04:29:46</time>
      </trkpt>
      <trkpt lat="23.0497463978827" lon="120.26633477769792">
        <ele>41.0</ele>
        <time>2022-12-04T04:29:47</time>
      </trkpt>
      <trkpt lat="23.04962670430541" lon="120.26618440635502">
        <ele>41.0</ele>
        <time>2022-12-04T04:29:51</time>
      </trkpt>
      <trkpt lat="23.049479434266686" lon="120.26597888208926">
        <ele>42.0</ele>
        <time>2022-12-04T04:29:58</time>
      </trkpt>
      <trkpt lat="23.049445068463683" lon="120.26594166643918">
        <ele>41.0</ele>
        <time>2022-12-04T04:30:04</time>
      </trkpt>
      <trkpt lat="23.049440123140812" lon="120.26593412272632">
        <ele>40.0</ele>
        <time>2022-12-04T04:30:07</time>
      </trkpt>
      <trkpt lat="23.049432830885053" lon="120.26592439971864">
        <ele>40.0</ele>
        <time>2022-12-04T04:30:08</time>
      </trkpt>
      <trkpt lat="23.049409445375204" lon="120.26589313521981">
        <ele>39.0</ele>
        <time>2022-12-04T04:30:10</time>
      </trkpt>
      <trkpt lat="23.049307856708765" lon="120.26576581411064">
        <ele>39.0</ele>
        <time>2022-12-04T04:30:16</time>
      </trkpt>
      <trkpt lat="23.049226133152843" lon="120.26566942222416">
        <ele>39.0</ele>
        <time>2022-12-04T04:30:19</time>
      </trkpt>
      <trkpt lat="23.04916494525969" lon="120.2655965834856">
        <ele>39.0</ele>
        <time>2022-12-04T04:30:21</time>
      </trkpt>
      <trkpt lat="23.04913468658924" lon="120.26555978693068">
        <ele>38.0</ele>
        <time>2022-12-04T04:30:22</time>
      </trkpt>
      <trkpt lat="23.048846684396267" lon="120.26523406617343">
        <ele>39.0</ele>
        <time>2022-12-04T04:30:31</time>
      </trkpt>
      <trkpt lat="23.04871450178325" lon="120.26507774367929">
        <ele>38.0</ele>
        <time>2022-12-04T04:30:35</time>
      </trkpt>
      <trkpt lat="23.048681979998946" lon="120.26503801345825">
        <ele>38.0</ele>
        <time>2022-12-04T04:30:36</time>
      </trkpt>
      <trkpt lat="23.048617439344525" lon="120.26495478115976">
        <ele>38.0</ele>
        <time>2022-12-04T04:30:38</time>
      </trkpt>
      <trkpt lat="23.04854979738593" lon="120.2648676931858">
        <ele>39.0</ele>
        <time>2022-12-04T04:30:40</time>
      </trkpt>
      <trkpt lat="23.04851409047842" lon="120.2648246102035">
        <ele>39.0</ele>
        <time>2022-12-04T04:30:41</time>
      </trkpt>
      <trkpt lat="23.048294400796294" lon="120.26456627994776">
        <ele>38.0</ele>
        <time>2022-12-04T04:30:47</time>
      </trkpt>
      <trkpt lat="23.047982677817345" lon="120.26419336907566">
        <ele>39.0</ele>
        <time>2022-12-04T04:30:56</time>
      </trkpt>
      <trkpt lat="23.04791495203972" lon="120.26411902159452">
        <ele>40.0</ele>
        <time>2022-12-04T04:30:58</time>
      </trkpt>
      <trkpt lat="23.047721665352583" lon="120.263890363276">
        <ele>40.0</ele>
        <time>2022-12-04T04:31:04</time>
      </trkpt>
      <trkpt lat="23.047538939863443" lon="120.2636680752039">
        <ele>38.0</ele>
        <time>2022-12-04T04:31:10</time>
      </trkpt>
      <trkpt lat="23.047506334260106" lon="120.26363119482994">
        <ele>38.0</ele>
        <time>2022-12-04T04:31:11</time>
      </trkpt>
      <trkpt lat="23.047476494684815" lon="120.26358618400991">
        <ele>38.0</ele>
        <time>2022-12-04T04:31:12</time>
      </trkpt>
      <trkpt lat="23.047443805262446" lon="120.26354326866567">
        <ele>38.0</ele>
        <time>2022-12-04T04:31:13</time>
      </trkpt>
      <trkpt lat="23.04740977473557" lon="120.26350018568337">
        <ele>38.0</ele>
        <time>2022-12-04T04:31:14</time>
      </trkpt>
      <trkpt lat="23.047310952097178" lon="120.2633739542216">
        <ele>37.0</ele>
        <time>2022-12-04T04:31:17</time>
      </trkpt>
      <trkpt lat="23.04725093767047" lon="120.26329030282795">
        <ele>37.0</ele>
        <time>2022-12-04T04:31:19</time>
      </trkpt>
      <trkpt lat="23.047143314033747" lon="120.2631307952106">
        <ele>37.0</ele>
        <time>2022-12-04T04:31:23</time>
      </trkpt>
      <trkpt lat="23.04705161601305" lon="120.2630184777081">
        <ele>36.0</ele>
        <time>2022-12-04T04:31:26</time>
      </trkpt>
      <trkpt lat="23.04699989967048" lon="120.26294874027371">
        <ele>36.0</ele>
        <time>2022-12-04T04:31:28</time>
      </trkpt>
      <trkpt lat="23.04691624827683" lon="120.26284011080861">
        <ele>37.0</ele>
        <time>2022-12-04T04:31:32</time>
      </trkpt>
      <trkpt lat="23.04690258577466" lon="120.26282074861228">
        <ele>37.0</ele>
        <time>2022-12-04T04:31:33</time>
      </trkpt>
      <trkpt lat="23.046892611309886" lon="120.26280574500561">
        <ele>37.0</ele>
        <time>2022-12-04T04:31:34</time>
      </trkpt>
      <trkpt lat="23.046877859160304" lon="120.2627904061228">
        <ele>36.0</ele>
        <time>2022-12-04T04:31:36</time>
      </trkpt>
      <trkpt lat="23.046875512227416" lon="120.26279099285603">
        <ele>36.0</ele>
        <time>2022-12-04T04:31:37</time>
      </trkpt>
      <trkpt lat="23.046893198043108" lon="120.26280230842531">
        <ele>35.0</ele>
        <time>2022-12-04T04:31:44</time>
      </trkpt>
      <trkpt lat="23.046893030405045" lon="120.26280297897756">
        <ele>35.0</ele>
        <time>2022-12-04T04:31:46</time>
      </trkpt>
      <trkpt lat="23.04689386859536" lon="120.26280775666237">
        <ele>35.0</ele>
        <time>2022-12-04T04:31:55</time>
      </trkpt>
      <trkpt lat="23.04689680226147" lon="120.26281169615686">
        <ele>35.0</ele>
        <time>2022-12-04T04:31:59</time>
      </trkpt>
      <trkpt lat="23.046898981556296" lon="120.26281253434718">
        <ele>35.0</ele>
        <time>2022-12-04T04:32:01</time>
      </trkpt>
      <trkpt lat="23.04689814336598" lon="120.26281219907105">
        <ele>35.0</ele>
        <time>2022-12-04T04:32:03</time>
      </trkpt>
      <trkpt lat="23.0468918569386" lon="120.26280473917723">
        <ele>34.0</ele>
        <time>2022-12-04T04:32:07</time>
      </trkpt>
      <trkpt lat="23.046877356246114" lon="120.26279023848474">
        <ele>34.0</ele>
        <time>2022-12-04T04:32:09</time>
      </trkpt>
      <trkpt lat="23.046864867210388" lon="120.26277640834451">
        <ele>34.0</ele>
        <time>2022-12-04T04:32:10</time>
      </trkpt>
      <trkpt lat="23.046757578849792" lon="120.26263969950378">
        <ele>34.0</ele>
        <time>2022-12-04T04:32:15</time>
      </trkpt>
      <trkpt lat="23.046538224443793" lon="120.26237742975354">
        <ele>34.0</ele>
        <time>2022-12-04T04:32:22</time>
      </trkpt>
      <trkpt lat="23.046480724588037" lon="120.26230936869979">
        <ele>34.0</ele>
        <time>2022-12-04T04:32:24</time>
      </trkpt>
      <trkpt lat="23.046353738754988" lon="120.26215706951916">
        <ele>34.0</ele>
        <time>2022-12-04T04:32:29</time>
      </trkpt>
      <trkpt lat="23.04620571434498" lon="120.26197845116258">
        <ele>34.0</ele>
        <time>2022-12-04T04:32:35</time>
      </trkpt>
      <trkpt lat="23.046146957203746" lon="120.26190703734756">
        <ele>34.0</ele>
        <time>2022-12-04T04:32:37</time>
      </trkpt>
      <trkpt lat="23.046018462628126" lon="120.26174359023571">
        <ele>34.0</ele>
        <time>2022-12-04T04:32:41</time>
      </trkpt>
      <trkpt lat="23.045887537300587" lon="120.26158835738897">
        <ele>35.0</ele>
        <time>2022-12-04T04:32:45</time>
      </trkpt>
      <trkpt lat="23.045827271416783" lon="120.2615109924227">
        <ele>36.0</ele>
        <time>2022-12-04T04:32:47</time>
      </trkpt>
      <trkpt lat="23.045766334980726" lon="120.26143748313189">
        <ele>36.0</ele>
        <time>2022-12-04T04:32:49</time>
      </trkpt>
      <trkpt lat="23.045707074925303" lon="120.26137210428715">
        <ele>36.0</ele>
        <time>2022-12-04T04:32:51</time>
      </trkpt>
      <trkpt lat="23.04567715153098" lon="120.26133782230318">
        <ele>36.0</ele>
        <time>2022-12-04T04:32:52</time>
      </trkpt>
      <trkpt lat="23.045584363862872" lon="120.26122600771487">
        <ele>37.0</ele>
        <time>2022-12-04T04:32:55</time>
      </trkpt>
      <trkpt lat="23.045519990846515" lon="120.26115132495761">
        <ele>37.0</ele>
        <time>2022-12-04T04:32:57</time>
      </trkpt>
      <trkpt lat="23.045455869287252" lon="120.26106968522072">
        <ele>37.0</ele>
        <time>2022-12-04T04:32:59</time>
      </trkpt>
      <trkpt lat="23.045354783535004" lon="120.26094479486346">
        <ele>37.0</ele>
        <time>2022-12-04T04:33:02</time>
      </trkpt>
      <trkpt lat="23.04532033391297" lon="120.26090213097632">
        <ele>37.0</ele>
        <time>2022-12-04T04:33:03</time>
      </trkpt>
      <trkpt lat="23.045285884290934" lon="120.26085929945111">
        <ele>37.0</ele>
        <time>2022-12-04T04:33:04</time>
      </trkpt>
      <trkpt lat="23.04522176273167" lon="120.26077053509653">
        <ele>37.0</ele>
        <time>2022-12-04T04:33:06</time>
      </trkpt>
      <trkpt lat="23.044939963147044" lon="120.26043517515063">
        <ele>38.0</ele>
        <time>2022-12-04T04:33:14</time>
      </trkpt>
      <trkpt lat="23.044707868248224" lon="120.26012789458036">
        <ele>37.0</ele>
        <time>2022-12-04T04:33:21</time>
      </trkpt>
      <trkpt lat="23.044601334258914" lon="120.2600016631186">
        <ele>36.0</ele>
        <time>2022-12-04T04:33:24</time>
      </trkpt>
      <trkpt lat="23.044392876327038" lon="120.25973444804549">
        <ele>36.0</ele>
        <time>2022-12-04T04:33:30</time>
      </trkpt>
      <trkpt lat="23.044107723981142" lon="120.25939146056771">
        <ele>36.0</ele>
        <time>2022-12-04T04:33:38</time>
      </trkpt>
      <trkpt lat="23.043979397043586" lon="120.25921602733433">
        <ele>35.0</ele>
        <time>2022-12-04T04:33:43</time>
      </trkpt>
      <trkpt lat="23.04395810700953" lon="120.25918761268258">
        <ele>35.0</ele>
        <time>2022-12-04T04:33:44</time>
      </trkpt>
      <trkpt lat="23.043939918279648" lon="120.25915794074535">
        <ele>35.0</ele>
        <time>2022-12-04T04:33:45</time>
      </trkpt>
      <trkpt lat="23.04392147809267" lon="120.25901687331498">
        <ele>35.0</ele>
        <time>2022-12-04T04:33:49</time>
      </trkpt>
      <trkpt lat="23.043960873037577" lon="120.25894839316607">
        <ele>35.0</ele>
        <time>2022-12-04T04:33:51</time>
      </trkpt>
      <trkpt lat="23.044007644057274" lon="120.25887002237141">
        <ele>35.0</ele>
        <time>2022-12-04T04:33:53</time>
      </trkpt>
      <trkpt lat="23.044063551351428" lon="120.25878134183586">
        <ele>36.0</ele>
        <time>2022-12-04T04:33:55</time>
      </trkpt>
      <trkpt lat="23.044090876355767" lon="120.25873591192067">
        <ele>36.0</ele>
        <time>2022-12-04T04:33:56</time>
      </trkpt>
      <trkpt lat="23.044118033722043" lon="120.25869165547192">
        <ele>36.0</ele>
        <time>2022-12-04T04:33:57</time>
      </trkpt>
      <trkpt lat="23.044161200523376" lon="120.2586009632796">
        <ele>37.0</ele>
        <time>2022-12-04T04:33:59</time>
      </trkpt>
      <trkpt lat="23.044186513870955" lon="120.2585525996983">
        <ele>37.0</ele>
        <time>2022-12-04T04:34:00</time>
      </trkpt>
      <trkpt lat="23.0442170239985" lon="120.2585065830499">
        <ele>37.0</ele>
        <time>2022-12-04T04:34:01</time>
      </trkpt>
      <trkpt lat="23.04430218413472" lon="120.25838621892035">
        <ele>38.0</ele>
        <time>2022-12-04T04:34:04</time>
      </trkpt>
      <trkpt lat="23.044373765587807" lon="120.25827909819782">
        <ele>38.0</ele>
        <time>2022-12-04T04:34:07</time>
      </trkpt>
      <trkpt lat="23.04439882747829" lon="120.25823961943388">
        <ele>38.0</ele>
        <time>2022-12-04T04:34:08</time>
      </trkpt>
      <trkpt lat="23.044425565749407" lon="120.2582024037838">
        <ele>39.0</ele>
        <time>2022-12-04T04:34:09</time>
      </trkpt>
      <trkpt lat="23.04445205256343" lon="120.25816384702921">
        <ele>39.0</ele>
        <time>2022-12-04T04:34:10</time>
      </trkpt>
      <trkpt lat="23.0444794613868" lon="120.25811531580985">
        <ele>39.0</ele>
        <time>2022-12-04T04:34:11</time>
      </trkpt>
      <trkpt lat="23.044507456943393" lon="120.25807089172304">
        <ele>39.0</ele>
        <time>2022-12-04T04:34:12</time>
      </trkpt>
      <trkpt lat="23.044534530490637" lon="120.25802747346461">
        <ele>39.0</ele>
        <time>2022-12-04T04:34:13</time>
      </trkpt>
      <trkpt lat="23.044589683413506" lon="120.2579505275935">
        <ele>39.0</ele>
        <time>2022-12-04T04:34:15</time>
      </trkpt>
      <trkpt lat="23.04467190988362" lon="120.25784223340452">
        <ele>39.0</ele>
        <time>2022-12-04T04:34:18</time>
      </trkpt>
      <trkpt lat="23.044698061421514" lon="120.25780325755477">
        <ele>39.0</ele>
        <time>2022-12-04T04:34:19</time>
      </trkpt>
      <trkpt lat="23.0448317527771" lon="120.25759203359485">
        <ele>39.0</ele>
        <time>2022-12-04T04:34:24</time>
      </trkpt>
      <trkpt lat="23.04486058652401" lon="120.25755615904927">
        <ele>39.0</ele>
        <time>2022-12-04T04:34:25</time>
      </trkpt>
      <trkpt lat="23.044915990903974" lon="120.25747250765562">
        <ele>40.0</ele>
        <time>2022-12-04T04:34:27</time>
      </trkpt>
      <trkpt lat="23.04493786767125" lon="120.2574235573411">
        <ele>39.0</ele>
        <time>2022-12-04T04:34:28</time>
      </trkpt>
      <trkpt lat="23.044952787458897" lon="120.25737628340721">
        <ele>39.0</ele>
        <time>2022-12-04T04:34:29</time>
      </trkpt>
      <trkpt lat="23.044946249574423" lon="120.25727360509336">
        <ele>39.0</ele>
        <time>2022-12-04T04:34:31</time>
      </trkpt>
      <trkpt lat="23.044843152165413" lon="120.25706045329571">
        <ele>38.0</ele>
        <time>2022-12-04T04:34:35</time>
      </trkpt>
      <trkpt lat="23.044626396149397" lon="120.25675719603896">
        <ele>38.0</ele>
        <time>2022-12-04T04:34:42</time>
      </trkpt>
      <trkpt lat="23.044506032019854" lon="120.25658251717687">
        <ele>39.0</ele>
        <time>2022-12-04T04:34:46</time>
      </trkpt>
      <trkpt lat="23.044455237686634" lon="120.25649760849774">
        <ele>39.0</ele>
        <time>2022-12-04T04:34:48</time>
      </trkpt>
      <trkpt lat="23.04442958906293" lon="120.25645963847637">
        <ele>39.0</ele>
        <time>2022-12-04T04:34:49</time>
      </trkpt>
      <trkpt lat="23.04440477862954" lon="120.25641236454248">
        <ele>39.0</ele>
        <time>2022-12-04T04:34:50</time>
      </trkpt>
      <trkpt lat="23.044383572414517" lon="120.25635595433414">
        <ele>39.0</ele>
        <time>2022-12-04T04:34:51</time>
      </trkpt>
      <trkpt lat="23.044357504695654" lon="120.25631655938923">
        <ele>39.0</ele>
        <time>2022-12-04T04:34:52</time>
      </trkpt>
      <trkpt lat="23.044331520795822" lon="120.2562800142914">
        <ele>39.0</ele>
        <time>2022-12-04T04:34:53</time>
      </trkpt>
      <trkpt lat="23.044258933514357" lon="120.25618026964366">
        <ele>39.0</ele>
        <time>2022-12-04T04:34:56</time>
      </trkpt>
      <trkpt lat="23.044084003195167" lon="120.25601145811379">
        <ele>39.0</ele>
        <time>2022-12-04T04:35:02</time>
      </trkpt>
      <trkpt lat="23.044043434783816" lon="120.25600257329643">
        <ele>40.0</ele>
        <time>2022-12-04T04:35:03</time>
      </trkpt>
      <trkpt lat="23.043960789218545" lon="120.25590601377189">
        <ele>40.0</ele>
        <time>2022-12-04T04:35:06</time>
      </trkpt>
      <trkpt lat="23.043866995722055" lon="120.25582764297724">
        <ele>41.0</ele>
        <time>2022-12-04T04:35:09</time>
      </trkpt>
      <trkpt lat="23.043686784803867" lon="120.25570426136255">
        <ele>41.0</ele>
        <time>2022-12-04T04:35:14</time>
      </trkpt>
      <trkpt lat="23.043375983834267" lon="120.25555363856256">
        <ele>41.0</ele>
        <time>2022-12-04T04:35:22</time>
      </trkpt>
      <trkpt lat="23.04318747483194" lon="120.25542329996824">
        <ele>42.0</ele>
        <time>2022-12-04T04:35:28</time>
      </trkpt>
      <trkpt lat="23.043153276667" lon="120.25539765134454">
        <ele>42.0</ele>
        <time>2022-12-04T04:35:29</time>
      </trkpt>
      <trkpt lat="23.043046155944467" lon="120.25532640516758">
        <ele>43.0</ele>
        <time>2022-12-04T04:35:32</time>
      </trkpt>
      <trkpt lat="23.042928809300065" lon="120.2552699111402">
        <ele>43.0</ele>
        <time>2022-12-04T04:35:35</time>
      </trkpt>
      <trkpt lat="23.042891761288047" lon="120.2552479505539">
        <ele>43.0</ele>
        <time>2022-12-04T04:35:36</time>
      </trkpt>
      <trkpt lat="23.04266662336886" lon="120.25511702522635">
        <ele>44.0</ele>
        <time>2022-12-04T04:35:42</time>
      </trkpt>
      <trkpt lat="23.042627731338143" lon="120.2550938911736">
        <ele>44.0</ele>
        <time>2022-12-04T04:35:43</time>
      </trkpt>
      <trkpt lat="23.042578026652336" lon="120.2550941426307">
        <ele>44.0</ele>
        <time>2022-12-04T04:35:44</time>
      </trkpt>
      <trkpt lat="23.042498901486397" lon="120.25505994446576">
        <ele>44.0</ele>
        <time>2022-12-04T04:35:46</time>
      </trkpt>
      <trkpt lat="23.042463026940823" lon="120.25503915734589">
        <ele>44.0</ele>
        <time>2022-12-04T04:35:47</time>
      </trkpt>
      <trkpt lat="23.04242924787104" lon="120.25501769967377">
        <ele>44.0</ele>
        <time>2022-12-04T04:35:48</time>
      </trkpt>
      <trkpt lat="23.042269740253687" lon="120.2549075614661">
        <ele>45.0</ele>
        <time>2022-12-04T04:35:54</time>
      </trkpt>
      <trkpt lat="23.04222053848207" lon="120.25485911406577">
        <ele>45.0</ele>
        <time>2022-12-04T04:35:56</time>
      </trkpt>
      <trkpt lat="23.04218634031713" lon="120.2547764685005">
        <ele>44.0</ele>
        <time>2022-12-04T04:35:58</time>
      </trkpt>
      <trkpt lat="23.042189022526145" lon="120.25470924563706">
        <ele>44.0</ele>
        <time>2022-12-04T04:35:59</time>
      </trkpt>
      <trkpt lat="23.042196566239" lon="120.25448980741203">
        <ele>44.0</ele>
        <time>2022-12-04T04:36:03</time>
      </trkpt>
      <trkpt lat="23.042196566239" lon="120.25422980077565">
        <ele>43.0</ele>
        <time>2022-12-04T04:36:08</time>
      </trkpt>
      <trkpt lat="23.04218726232648" lon="120.25417934171855">
        <ele>43.0</ele>
        <time>2022-12-04T04:36:09</time>
      </trkpt>
      <trkpt lat="23.04216966032982" lon="120.25376410223544">
        <ele>43.0</ele>
        <time>2022-12-04T04:36:17</time>
      </trkpt>
      <trkpt lat="23.042151387780905" lon="120.25345472618937">
        <ele>44.0</ele>
        <time>2022-12-04T04:36:23</time>
      </trkpt>
      <trkpt lat="23.04214669391513" lon="120.25335573591292">
        <ele>45.0</ele>
        <time>2022-12-04T04:36:25</time>
      </trkpt>
      <trkpt lat="23.042142000049353" lon="120.25321215391159">
        <ele>45.0</ele>
        <time>2022-12-04T04:36:28</time>
      </trkpt>
      <trkpt lat="23.042139736935496" lon="120.2529560867697">
        <ele>45.0</ele>
        <time>2022-12-04T04:36:33</time>
      </trkpt>
      <trkpt lat="23.04213454015553" lon="120.25275886058807">
        <ele>44.0</ele>
        <time>2022-12-04T04:36:37</time>
      </trkpt>
      <trkpt lat="23.04213060066104" lon="120.25260815396905">
        <ele>44.0</ele>
        <time>2022-12-04T04:36:40</time>
      </trkpt>
      <trkpt lat="23.042120458558202" lon="120.2524555195123">
        <ele>43.0</ele>
        <time>2022-12-04T04:36:43</time>
      </trkpt>
      <trkpt lat="23.042114758864045" lon="120.25229467079043">
        <ele>43.0</ele>
        <time>2022-12-04T04:36:46</time>
      </trkpt>
      <trkpt lat="23.04210579022765" lon="120.25200750678778">
        <ele>43.0</ele>
        <time>2022-12-04T04:36:51</time>
      </trkpt>
      <trkpt lat="23.042092798277736" lon="120.25166577659547">
        <ele>44.0</ele>
        <time>2022-12-04T04:36:57</time>
      </trkpt>
      <trkpt lat="23.04208852350712" lon="120.25156628340483">
        <ele>43.0</ele>
        <time>2022-12-04T04:36:59</time>
      </trkpt>
      <trkpt lat="23.04202842526138" lon="120.25117266923189">
        <ele>43.0</ele>
        <time>2022-12-04T04:37:05</time>
      </trkpt>
      <trkpt lat="23.042070753872395" lon="120.25114115327597">
        <ele>43.0</ele>
        <time>2022-12-04T04:37:06</time>
      </trkpt>
      <trkpt lat="23.04202850908041" lon="120.250752735883">
        <ele>43.0</ele>
        <time>2022-12-04T04:37:13</time>
      </trkpt>
      <trkpt lat="23.04202758707106" lon="120.25049272924662">
        <ele>43.0</ele>
        <time>2022-12-04T04:37:18</time>
      </trkpt>
      <trkpt lat="23.042030856013298" lon="120.25033179670572">
        <ele>43.0</ele>
        <time>2022-12-04T04:37:21</time>
      </trkpt>
      <trkpt lat="23.042019456624985" lon="120.24990557692945">
        <ele>44.0</ele>
        <time>2022-12-04T04:37:29</time>
      </trkpt>
      <trkpt lat="23.042008727788925" lon="120.2497320715338">
        <ele>43.0</ele>
        <time>2022-12-04T04:37:32</time>
      </trkpt>
      <trkpt lat="23.04200646467507" lon="120.2496731467545">
        <ele>43.0</ele>
        <time>2022-12-04T04:37:33</time>
      </trkpt>
      <trkpt lat="23.041990036144853" lon="120.24943283759058">
        <ele>42.0</ele>
        <time>2022-12-04T04:37:37</time>
      </trkpt>
      <trkpt lat="23.04198601283133" lon="120.24937869049609">
        <ele>42.0</ele>
        <time>2022-12-04T04:37:38</time>
      </trkpt>
      <trkpt lat="23.041981738060713" lon="120.24892422370613">
        <ele>41.0</ele>
        <time>2022-12-04T04:37:46</time>
      </trkpt>
      <trkpt lat="23.041978552937508" lon="120.24886638857424">
        <ele>41.0</ele>
        <time>2022-12-04T04:37:47</time>
      </trkpt>
      <trkpt lat="23.041947204619646" lon="120.24832801893353">
        <ele>40.0</ele>
        <time>2022-12-04T04:37:56</time>
      </trkpt>
      <trkpt lat="23.041948964819312" lon="120.24806097149849">
        <ele>40.0</ele>
        <time>2022-12-04T04:38:01</time>
      </trkpt>
      <trkpt lat="23.041931362822652" lon="120.24788470007479">
        <ele>40.0</ele>
        <time>2022-12-04T04:38:04</time>
      </trkpt>
      <trkpt lat="23.041925998404622" lon="120.24782200343907">
        <ele>40.0</ele>
        <time>2022-12-04T04:38:05</time>
      </trkpt>
      <trkpt lat="23.041907642036676" lon="120.24763483554125">
        <ele>39.0</ele>
        <time>2022-12-04T04:38:08</time>
      </trkpt>
      <trkpt lat="23.041894901543856" lon="120.24739494547248">
        <ele>39.0</ele>
        <time>2022-12-04T04:38:12</time>
      </trkpt>
      <trkpt lat="23.041892051696777" lon="120.24733384139836">
        <ele>39.0</ele>
        <time>2022-12-04T04:38:13</time>
      </trkpt>
      <trkpt lat="23.041871432214975" lon="120.24685238488019">
        <ele>38.0</ele>
        <time>2022-12-04T04:38:21</time>
      </trkpt>
      <trkpt lat="23.041864978149533" lon="120.24640487506986">
        <ele>38.0</ele>
        <time>2022-12-04T04:38:29</time>
      </trkpt>
      <trkpt lat="23.041868330910802" lon="120.24604596197605">
        <ele>38.0</ele>
        <time>2022-12-04T04:38:36</time>
      </trkpt>
      <trkpt lat="23.04186623543501" lon="120.24594336748123">
        <ele>38.0</ele>
        <time>2022-12-04T04:38:38</time>
      </trkpt>
      <trkpt lat="23.041854836046696" lon="120.2458447124809">
        <ele>38.0</ele>
        <time>2022-12-04T04:38:40</time>
      </trkpt>
      <trkpt lat="23.04185215383768" lon="120.24579282850027">
        <ele>38.0</ele>
        <time>2022-12-04T04:38:41</time>
      </trkpt>
      <trkpt lat="23.041833294555545" lon="120.24539326317608">
        <ele>38.0</ele>
        <time>2022-12-04T04:38:49</time>
      </trkpt>
      <trkpt lat="23.041824493557215" lon="120.24523308500648">
        <ele>38.0</ele>
        <time>2022-12-04T04:38:52</time>
      </trkpt>
      <trkpt lat="23.041819212958217" lon="120.2449519559741">
        <ele>37.0</ele>
        <time>2022-12-04T04:38:57</time>
      </trkpt>
      <trkpt lat="23.041798761114478" lon="120.24461274035275">
        <ele>37.0</ele>
        <time>2022-12-04T04:39:03</time>
      </trkpt>
      <trkpt lat="23.041795156896114" lon="120.24450486525893">
        <ele>37.0</ele>
        <time>2022-12-04T04:39:05</time>
      </trkpt>
      <trkpt lat="23.041772693395615" lon="120.24422826245427">
        <ele>38.0</ele>
        <time>2022-12-04T04:39:10</time>
      </trkpt>
      <trkpt lat="23.041773112490773" lon="120.24416816420853">
        <ele>38.0</ele>
        <time>2022-12-04T04:39:11</time>
      </trkpt>
      <trkpt lat="23.041775040328503" lon="120.24379475042224">
        <ele>39.0</ele>
        <time>2022-12-04T04:39:17</time>
      </trkpt>
      <trkpt lat="23.041761545464396" lon="120.24340474046767">
        <ele>40.0</ele>
        <time>2022-12-04T04:39:24</time>
      </trkpt>
      <trkpt lat="23.041761629283428" lon="120.24335511960089">
        <ele>40.0</ele>
        <time>2022-12-04T04:39:25</time>
      </trkpt>
      <trkpt lat="23.041762802749872" lon="120.24330608546734">
        <ele>40.0</ele>
        <time>2022-12-04T04:39:26</time>
      </trkpt>
      <trkpt lat="23.041757103055716" lon="120.24308329448104">
        <ele>40.0</ele>
        <time>2022-12-04T04:39:31</time>
      </trkpt>
      <trkpt lat="23.041755175217986" lon="120.24303157813847">
        <ele>40.0</ele>
        <time>2022-12-04T04:39:35</time>
      </trkpt>
      <trkpt lat="23.041755594313145" lon="120.24303459562361">
        <ele>39.0</ele>
        <time>2022-12-04T04:39:37</time>
      </trkpt>
      <trkpt lat="23.041756516322494" lon="120.2430337574333">
        <ele>37.0</ele>
        <time>2022-12-04T04:39:38</time>
      </trkpt>
      <trkpt lat="23.04175827652216" lon="120.24303501471877">
        <ele>37.0</ele>
        <time>2022-12-04T04:39:43</time>
      </trkpt>
      <trkpt lat="23.04175928235054" lon="120.24303543381393">
        <ele>37.0</ele>
        <time>2022-12-04T04:39:45</time>
      </trkpt>
      <trkpt lat="23.04175836034119" lon="120.24304138496518">
        <ele>37.0</ele>
        <time>2022-12-04T04:39:48</time>
      </trkpt>
      <trkpt lat="23.04175727069378" lon="120.24304716847837">
        <ele>37.0</ele>
        <time>2022-12-04T04:39:54</time>
      </trkpt>
      <trkpt lat="23.041759952902794" lon="120.24304834194481">
        <ele>37.0</ele>
        <time>2022-12-04T04:40:03</time>
      </trkpt>
      <trkpt lat="23.041757522150874" lon="120.24305026978254">
        <ele>37.0</ele>
        <time>2022-12-04T04:40:11</time>
      </trkpt>
      <trkpt lat="23.041760371997952" lon="120.24303224869072">
        <ele>37.0</ele>
        <time>2022-12-04T04:40:16</time>
      </trkpt>
      <trkpt lat="23.041761629283428" lon="120.24300626479089">
        <ele>37.0</ele>
        <time>2022-12-04T04:40:18</time>
      </trkpt>
      <trkpt lat="23.041752325370908" lon="120.2429195959121">
        <ele>37.0</ele>
        <time>2022-12-04T04:40:21</time>
      </trkpt>
      <trkpt lat="23.041750648990273" lon="120.24287936277688">
        <ele>36.0</ele>
        <time>2022-12-04T04:40:22</time>
      </trkpt>
      <trkpt lat="23.04174260236323" lon="120.24283250793815">
        <ele>35.0</ele>
        <time>2022-12-04T04:40:23</time>
      </trkpt>
      <trkpt lat="23.04174654185772" lon="120.24279428645968">
        <ele>35.0</ele>
        <time>2022-12-04T04:40:24</time>
      </trkpt>
      <trkpt lat="23.041745200753212" lon="120.242541404441">
        <ele>34.0</ele>
        <time>2022-12-04T04:40:29</time>
      </trkpt>
      <trkpt lat="23.041742518544197" lon="120.24243788793683">
        <ele>34.0</ele>
        <time>2022-12-04T04:40:31</time>
      </trkpt>
      <trkpt lat="23.041716534644365" lon="120.24201024323702">
        <ele>34.0</ele>
        <time>2022-12-04T04:40:39</time>
      </trkpt>
      <trkpt lat="23.041658028960228" lon="120.24157161824405">
        <ele>35.0</ele>
        <time>2022-12-04T04:40:47</time>
      </trkpt>
      <trkpt lat="23.041655346751213" lon="120.24139937013388">
        <ele>36.0</ele>
        <time>2022-12-04T04:40:50</time>
      </trkpt>
      <trkpt lat="23.041653418913484" lon="120.2412842027843">
        <ele>37.0</ele>
        <time>2022-12-04T04:40:52</time>
      </trkpt>
      <trkpt lat="23.04165417328477" lon="120.24116995744407">
        <ele>37.0</ele>
        <time>2022-12-04T04:40:54</time>
      </trkpt>
      <trkpt lat="23.041654843837023" lon="120.2411148045212">
        <ele>37.0</ele>
        <time>2022-12-04T04:40:55</time>
      </trkpt>
      <trkpt lat="23.041662219911814" lon="120.24099687114358">
        <ele>38.0</ele>
        <time>2022-12-04T04:40:57</time>
      </trkpt>
      <trkpt lat="23.041665656492114" lon="120.24088396690786">
        <ele>38.0</ele>
        <time>2022-12-04T04:40:59</time>
      </trkpt>
      <trkpt lat="23.041664231568575" lon="120.24077039211988">
        <ele>39.0</ele>
        <time>2022-12-04T04:41:01</time>
      </trkpt>
      <trkpt lat="23.041664315387607" lon="120.24071490392089">
        <ele>39.0</ele>
        <time>2022-12-04T04:41:02</time>
      </trkpt>
      <trkpt lat="23.04166012443602" lon="120.24049370549619">
        <ele>39.0</ele>
        <time>2022-12-04T04:41:06</time>
      </trkpt>
      <trkpt lat="23.04164646193385" lon="120.2403380535543">
        <ele>40.0</ele>
        <time>2022-12-04T04:41:09</time>
      </trkpt>
      <trkpt lat="23.04162433370948" lon="120.24007804691792">
        <ele>41.0</ele>
        <time>2022-12-04T04:41:14</time>
      </trkpt>
      <trkpt lat="23.04162248969078" lon="120.2399767935276">
        <ele>41.0</ele>
        <time>2022-12-04T04:41:16</time>
      </trkpt>
      <trkpt lat="23.041607066988945" lon="120.2397037949413">
        <ele>40.0</ele>
        <time>2022-12-04T04:41:21</time>
      </trkpt>
      <trkpt lat="23.04160723462701" lon="120.23946809582412">
        <ele>40.0</ele>
        <time>2022-12-04T04:41:25</time>
      </trkpt>
      <trkpt lat="23.041587872430682" lon="120.23914078250527">
        <ele>40.0</ele>
        <time>2022-12-04T04:41:31</time>
      </trkpt>
      <trkpt lat="23.041590387001634" lon="120.23907607421279">
        <ele>40.0</ele>
        <time>2022-12-04T04:41:32</time>
      </trkpt>
      <trkpt lat="23.04158242419362" lon="120.23875043727458">
        <ele>41.0</ele>
        <time>2022-12-04T04:41:38</time>
      </trkpt>
      <trkpt lat="23.04158099927008" lon="120.23860869929194">
        <ele>41.0</ele>
        <time>2022-12-04T04:41:41</time>
      </trkpt>
      <trkpt lat="23.041586196050048" lon="120.23855488747358">
        <ele>41.0</ele>
        <time>2022-12-04T04:41:42</time>
      </trkpt>
      <trkpt lat="23.041586196050048" lon="120.23846209980547">
        <ele>41.0</ele>
        <time>2022-12-04T04:41:44</time>
      </trkpt>
      <trkpt lat="23.04157848469913" lon="120.23841801099479">
        <ele>41.0</ele>
        <time>2022-12-04T04:41:45</time>
      </trkpt>
      <trkpt lat="23.041537664830685" lon="120.2383189368993">
        <ele>40.0</ele>
        <time>2022-12-04T04:41:48</time>
      </trkpt>
      <trkpt lat="23.041525427252054" lon="120.23828574456275">
        <ele>40.0</ele>
        <time>2022-12-04T04:41:49</time>
      </trkpt>
      <trkpt lat="23.041578819975257" lon="120.23811114951968">
        <ele>40.0</ele>
        <time>2022-12-04T04:41:51</time>
      </trkpt>
      <trkpt lat="23.041575886309147" lon="120.23800671100616">
        <ele>40.0</ele>
        <time>2022-12-04T04:41:53</time>
      </trkpt>
      <trkpt lat="23.041569851338863" lon="120.23796966299415">
        <ele>40.0</ele>
        <time>2022-12-04T04:41:54</time>
      </trkpt>
      <trkpt lat="23.04156239144504" lon="120.23793445900083">
        <ele>40.0</ele>
        <time>2022-12-04T04:41:55</time>
      </trkpt>
      <trkpt lat="23.041531965136528" lon="120.2378479577601">
        <ele>41.0</ele>
        <time>2022-12-04T04:41:57</time>
      </trkpt>
      <trkpt lat="23.04152090102434" lon="120.23780948482454">
        <ele>41.0</ele>
        <time>2022-12-04T04:41:58</time>
      </trkpt>
      <trkpt lat="23.041473207995296" lon="120.23763195611537">
        <ele>41.0</ele>
        <time>2022-12-04T04:42:03</time>
      </trkpt>
      <trkpt lat="23.04147195070982" lon="120.23761049844325">
        <ele>41.0</ele>
        <time>2022-12-04T04:42:07</time>
      </trkpt>
      <trkpt lat="23.041472202166915" lon="120.23762684315443">
        <ele>39.0</ele>
        <time>2022-12-04T04:42:11</time>
      </trkpt>
      <trkpt lat="23.04146650247276" lon="120.23765458725393">
        <ele>38.0</ele>
        <time>2022-12-04T04:42:16</time>
      </trkpt>
      <trkpt lat="23.041464323177934" lon="120.23766095750034">
        <ele>38.0</ele>
        <time>2022-12-04T04:42:17</time>
      </trkpt>
      <trkpt lat="23.041458036750555" lon="120.23768417537212">
        <ele>37.0</ele>
        <time>2022-12-04T04:42:22</time>
      </trkpt>
      <trkpt lat="23.041456947103143" lon="120.23768819868565">
        <ele>36.0</ele>
        <time>2022-12-04T04:42:26</time>
      </trkpt>
      <trkpt lat="23.04145686328411" lon="120.23769289255142">
        <ele>36.0</ele>
        <time>2022-12-04T04:42:27</time>
      </trkpt>
      <trkpt lat="23.041457701474428" lon="120.23769767023623">
        <ele>36.0</ele>
        <time>2022-12-04T04:42:28</time>
      </trkpt>
      <trkpt lat="23.041457701474428" lon="120.23770035244524">
        <ele>36.0</ele>
        <time>2022-12-04T04:42:29</time>
      </trkpt>
      <trkpt lat="23.041456947103143" lon="120.23770052008331">
        <ele>36.0</ele>
        <time>2022-12-04T04:42:30</time>
      </trkpt>
      <trkpt lat="23.041456025093794" lon="120.2377060521394">
        <ele>36.0</ele>
        <time>2022-12-04T04:42:32</time>
      </trkpt>
      <trkpt lat="23.041459210217" lon="120.23768819868565">
        <ele>36.0</ele>
        <time>2022-12-04T04:42:33</time>
      </trkpt>
      <trkpt lat="23.04146566428244" lon="120.23766556754708">
        <ele>35.0</ele>
        <time>2022-12-04T04:42:36</time>
      </trkpt>
      <trkpt lat="23.04146759212017" lon="120.23766204714775">
        <ele>35.0</ele>
        <time>2022-12-04T04:42:38</time>
      </trkpt>
      <trkpt lat="23.041466334834695" lon="120.23765936493874">
        <ele>35.0</ele>
        <time>2022-12-04T04:42:40</time>
      </trkpt>
      <trkpt lat="23.041467759758234" lon="120.23765861056745">
        <ele>35.0</ele>
        <time>2022-12-04T04:42:44</time>
      </trkpt>
      <trkpt lat="23.041470274329185" lon="120.23764067329466">
        <ele>34.0</ele>
        <time>2022-12-04T04:42:55</time>
      </trkpt>
      <trkpt lat="23.04146993905306" lon="120.23761653341353">
        <ele>34.0</ele>
        <time>2022-12-04T04:42:57</time>
      </trkpt>
      <trkpt lat="23.041450073942542" lon="120.23752726614475">
        <ele>34.0</ele>
        <time>2022-12-04T04:43:01</time>
      </trkpt>
      <trkpt lat="23.04140992462635" lon="120.23741570301354">
        <ele>34.0</ele>
        <time>2022-12-04T04:43:04</time>
      </trkpt>
      <trkpt lat="23.041369607672095" lon="120.23732459172606">
        <ele>34.0</ele>
        <time>2022-12-04T04:43:06</time>
      </trkpt>
      <trkpt lat="23.041346976533532" lon="120.23727723397315">
        <ele>34.0</ele>
        <time>2022-12-04T04:43:07</time>
      </trkpt>
      <trkpt lat="23.041214542463422" lon="120.2370067499578">
        <ele>34.0</ele>
        <time>2022-12-04T04:43:13</time>
      </trkpt>
      <trkpt lat="23.041108092293143" lon="120.23682209663093">
        <ele>34.0</ele>
        <time>2022-12-04T04:43:17</time>
      </trkpt>
      <trkpt lat="23.0410498380661" lon="120.23673257790506">
        <ele>34.0</ele>
        <time>2022-12-04T04:43:19</time>
      </trkpt>
      <trkpt lat="23.04101991467178" lon="120.2366941049695">
        <ele>34.0</ele>
        <time>2022-12-04T04:43:20</time>
      </trkpt>
      <trkpt lat="23.04092226549983" lon="120.23655354045331">
        <ele>35.0</ele>
        <time>2022-12-04T04:43:23</time>
      </trkpt>
      <trkpt lat="23.040882870554924" lon="120.23650903254747">
        <ele>35.0</ele>
        <time>2022-12-04T04:43:24</time>
      </trkpt>
      <trkpt lat="23.040695618838072" lon="120.23627157323062">
        <ele>35.0</ele>
        <time>2022-12-04T04:43:29</time>
      </trkpt>
      <trkpt lat="23.040589671581984" lon="120.23611935786903">
        <ele>36.0</ele>
        <time>2022-12-04T04:43:32</time>
      </trkpt>
      <trkpt lat="23.040493950247765" lon="120.23600913584232">
        <ele>36.0</ele>
        <time>2022-12-04T04:43:35</time>
      </trkpt>
      <trkpt lat="23.040453381836414" lon="120.23596881888807">
        <ele>36.0</ele>
        <time>2022-12-04T04:43:36</time>
      </trkpt>
      <trkpt lat="23.040234865620732" lon="120.2357564214617">
        <ele>36.0</ele>
        <time>2022-12-04T04:43:41</time>
      </trkpt>
      <trkpt lat="23.03999966941774" lon="120.23546397686005">
        <ele>36.0</ele>
        <time>2022-12-04T04:43:47</time>
      </trkpt>
      <trkpt lat="23.03986430168152" lon="120.23533799685538">
        <ele>36.0</ele>
        <time>2022-12-04T04:43:50</time>
      </trkpt>
      <trkpt lat="23.039749721065164" lon="120.23518762551248">
        <ele>35.0</ele>
        <time>2022-12-04T04:43:53</time>
      </trkpt>
      <trkpt lat="23.039586022496223" lon="120.23498184978962">
        <ele>35.0</ele>
        <time>2022-12-04T04:43:57</time>
      </trkpt>
      <trkpt lat="23.039504634216428" lon="120.23489425890148">
        <ele>35.0</ele>
        <time>2022-12-04T04:43:59</time>
      </trkpt>
      <trkpt lat="23.039465490728617" lon="120.2348496671766">
        <ele>35.0</ele>
        <time>2022-12-04T04:44:00</time>
      </trkpt>
      <trkpt lat="23.039273880422115" lon="120.23460374213755">
        <ele>37.0</ele>
        <time>2022-12-04T04:44:05</time>
      </trkpt>
      <trkpt lat="23.039237167686224" lon="120.2345563005656">
        <ele>37.0</ele>
        <time>2022-12-04T04:44:06</time>
      </trkpt>
      <trkpt lat="23.03904689848423" lon="120.2343247924">
        <ele>38.0</ele>
        <time>2022-12-04T04:44:11</time>
      </trkpt>
      <trkpt lat="23.039009012281895" lon="120.23426997475326">
        <ele>38.0</ele>
        <time>2022-12-04T04:44:12</time>
      </trkpt>
      <trkpt lat="23.038654290139675" lon="120.23386261425912">
        <ele>39.0</ele>
        <time>2022-12-04T04:44:21</time>
      </trkpt>
      <trkpt lat="23.03836385719478" lon="120.23350898176432">
        <ele>39.0</ele>
        <time>2022-12-04T04:44:28</time>
      </trkpt>
      <trkpt lat="23.038323540240526" lon="120.23346120491624">
        <ele>39.0</ele>
        <time>2022-12-04T04:44:29</time>
      </trkpt>
      <trkpt lat="23.03819420747459" lon="120.2333165332675">
        <ele>39.0</ele>
        <time>2022-12-04T04:44:32</time>
      </trkpt>
      <trkpt lat="23.038039728999138" lon="120.233148727566">
        <ele>40.0</ele>
        <time>2022-12-04T04:44:36</time>
      </trkpt>
      <trkpt lat="23.0377446860075" lon="120.23282887414098">
        <ele>40.0</ele>
        <time>2022-12-04T04:44:44</time>
      </trkpt>
      <trkpt lat="23.03766849450767" lon="120.2327380143106">
        <ele>40.0</ele>
        <time>2022-12-04T04:44:46</time>
      </trkpt>
      <trkpt lat="23.03754637017846" lon="120.23259124718606">
        <ele>40.0</ele>
        <time>2022-12-04T04:44:50</time>
      </trkpt>
      <trkpt lat="23.03752038627863" lon="120.23256534710526">
        <ele>40.0</ele>
        <time>2022-12-04T04:44:52</time>
      </trkpt>
      <trkpt lat="23.037529354915023" lon="120.2325773332268">
        <ele>40.0</ele>
        <time>2022-12-04T04:44:54</time>
      </trkpt>
      <trkpt lat="23.037547962740064" lon="120.23259057663381">
        <ele>39.0</ele>
        <time>2022-12-04T04:44:59</time>
      </trkpt>
      <trkpt lat="23.037559194490314" lon="120.23258328437805">
        <ele>39.0</ele>
        <time>2022-12-04T04:45:03</time>
      </trkpt>
      <trkpt lat="23.03756539709866" lon="120.23258169181645">
        <ele>39.0</ele>
        <time>2022-12-04T04:45:07</time>
      </trkpt>
      <trkpt lat="23.037566151469946" lon="120.23257900960743">
        <ele>39.0</ele>
        <time>2022-12-04T04:45:08</time>
      </trkpt>
      <trkpt lat="23.037567157298326" lon="120.23257791996002">
        <ele>39.0</ele>
        <time>2022-12-04T04:45:10</time>
      </trkpt>
      <trkpt lat="23.037565480917692" lon="120.23257473483682">
        <ele>39.0</ele>
        <time>2022-12-04T04:45:14</time>
      </trkpt>
      <trkpt lat="23.037566235288978" lon="120.23257272318006">
        <ele>39.0</ele>
        <time>2022-12-04T04:45:15</time>
      </trkpt>
      <trkpt lat="23.037567157298326" lon="120.23257263936102">
        <ele>39.0</ele>
        <time>2022-12-04T04:45:16</time>
      </trkpt>
      <trkpt lat="23.037573359906673" lon="120.23258462548256">
        <ele>39.0</ele>
        <time>2022-12-04T04:45:23</time>
      </trkpt>
      <trkpt lat="23.03757361136377" lon="120.23258345201612">
        <ele>39.0</ele>
        <time>2022-12-04T04:45:24</time>
      </trkpt>
      <trkpt lat="23.037574030458927" lon="120.23258018307388">
        <ele>39.0</ele>
        <time>2022-12-04T04:45:25</time>
      </trkpt>
      <trkpt lat="23.037569588050246" lon="120.23257398046553">
        <ele>39.0</ele>
        <time>2022-12-04T04:45:26</time>
      </trkpt>
      <trkpt lat="23.03753212094307" lon="120.2325345017016">
        <ele>39.0</ele>
        <time>2022-12-04T04:45:29</time>
      </trkpt>
      <trkpt lat="23.037493396550417" lon="120.23249192163348">
        <ele>38.0</ele>
        <time>2022-12-04T04:45:31</time>
      </trkpt>
      <trkpt lat="23.03746808320284" lon="120.23246828466654">
        <ele>37.0</ele>
        <time>2022-12-04T04:45:32</time>
      </trkpt>
      <trkpt lat="23.03743690252304" lon="120.23244833573699">
        <ele>35.0</ele>
        <time>2022-12-04T04:45:33</time>
      </trkpt>
      <trkpt lat="23.037399519234896" lon="120.23241120390594">
        <ele>35.0</ele>
        <time>2022-12-04T04:45:34</time>
      </trkpt>
      <trkpt lat="23.037285609170794" lon="120.23228949867189">
        <ele>35.0</ele>
        <time>2022-12-04T04:45:38</time>
      </trkpt>
      <trkpt lat="23.037227354943752" lon="120.23222177289426">
        <ele>35.0</ele>
        <time>2022-12-04T04:45:40</time>
      </trkpt>
      <trkpt lat="23.037090059369802" lon="120.23206285201013">
        <ele>35.0</ele>
        <time>2022-12-04T04:45:45</time>
      </trkpt>
      <trkpt lat="23.037053598091006" lon="120.23203494027257">
        <ele>35.0</ele>
        <time>2022-12-04T04:45:46</time>
      </trkpt>
      <trkpt lat="23.03686659783125" lon="120.2318312600255">
        <ele>37.0</ele>
        <time>2022-12-04T04:45:52</time>
      </trkpt>
      <trkpt lat="23.036674819886684" lon="120.23161894641817">
        <ele>37.0</ele>
        <time>2022-12-04T04:45:59</time>
      </trkpt>
      <trkpt lat="23.036539871245623" lon="120.2314842492342">
        <ele>37.0</ele>
        <time>2022-12-04T04:46:04</time>
      </trkpt>
      <trkpt lat="23.036512630060315" lon="120.2314551640302">
        <ele>37.0</ele>
        <time>2022-12-04T04:46:05</time>
      </trkpt>
      <trkpt lat="23.036390421912074" lon="120.23133195005357">
        <ele>36.0</ele>
        <time>2022-12-04T04:46:09</time>
      </trkpt>
      <trkpt lat="23.036360079422593" lon="120.23129909299314">
        <ele>36.0</ele>
        <time>2022-12-04T04:46:10</time>
      </trkpt>
      <trkpt lat="23.03627441637218" lon="120.23118308745325">
        <ele>36.0</ele>
        <time>2022-12-04T04:46:13</time>
      </trkpt>
      <trkpt lat="23.036143574863672" lon="120.23105417378247">
        <ele>35.0</ele>
        <time>2022-12-04T04:46:17</time>
      </trkpt>
      <trkpt lat="23.035890944302082" lon="120.23078419268131">
        <ele>35.0</ele>
        <time>2022-12-04T04:46:25</time>
      </trkpt>
      <trkpt lat="23.035624818876386" lon="120.2305103559047">
        <ele>34.0</ele>
        <time>2022-12-04T04:46:33</time>
      </trkpt>
      <trkpt lat="23.035358106717467" lon="120.23024934343994">
        <ele>35.0</ele>
        <time>2022-12-04T04:46:41</time>
      </trkpt>
      <trkpt lat="23.035077564418316" lon="120.23003091104329">
        <ele>35.0</ele>
        <time>2022-12-04T04:46:48</time>
      </trkpt>
      <trkpt lat="23.034893916919827" lon="120.22985589690506">
        <ele>35.0</ele>
        <time>2022-12-04T04:46:53</time>
      </trkpt>
      <trkpt lat="23.034817222505808" lon="120.22978750057518">
        <ele>35.0</ele>
        <time>2022-12-04T04:46:55</time>
      </trkpt>
      <trkpt lat="23.034500470384955" lon="120.22950729355216">
        <ele>35.0</ele>
        <time>2022-12-04T04:47:03</time>
      </trkpt>
      <trkpt lat="23.03422713652253" lon="120.2292700856924">
        <ele>35.0</ele>
        <time>2022-12-04T04:47:10</time>
      </trkpt>
      <trkpt lat="23.03411364555359" lon="120.22917369380593">
        <ele>36.0</ele>
        <time>2022-12-04T04:47:13</time>
      </trkpt>
      <trkpt lat="23.03398758172989" lon="120.22900840267539">
        <ele>36.0</ele>
        <time>2022-12-04T04:47:17</time>
      </trkpt>
      <trkpt lat="23.033833438530564" lon="120.22879935801029">
        <ele>36.0</ele>
        <time>2022-12-04T04:47:23</time>
      </trkpt>
      <trkpt lat="23.033808544278145" lon="120.22876541130245">
        <ele>36.0</ele>
        <time>2022-12-04T04:47:25</time>
      </trkpt>
      <trkpt lat="23.033803179860115" lon="120.22876230999827">
        <ele>36.0</ele>
        <time>2022-12-04T04:47:26</time>
      </trkpt>
      <trkpt lat="23.033807035535574" lon="120.2287938259542">
        <ele>36.0</ele>
        <time>2022-12-04T04:47:29</time>
      </trkpt>
      <trkpt lat="23.033838383853436" lon="120.22880287840962">
        <ele>36.0</ele>
        <time>2022-12-04T04:47:33</time>
      </trkpt>
      <trkpt lat="23.033831175416708" lon="120.22878209128976">
        <ele>36.0</ele>
        <time>2022-12-04T04:47:39</time>
      </trkpt>
      <trkpt lat="23.033811058849096" lon="120.22874688729644">
        <ele>37.0</ele>
        <time>2022-12-04T04:47:44</time>
      </trkpt>
      <trkpt lat="23.03379504941404" lon="120.22873934358358">
        <ele>37.0</ele>
        <time>2022-12-04T04:47:46</time>
      </trkpt>
      <trkpt lat="23.033781554549932" lon="120.22873045876622">
        <ele>37.0</ele>
        <time>2022-12-04T04:47:47</time>
      </trkpt>
      <trkpt lat="23.033687844872475" lon="120.22870472632349">
        <ele>37.0</ele>
        <time>2022-12-04T04:47:51</time>
      </trkpt>
      <trkpt lat="23.033675607293844" lon="120.22868276573718">
        <ele>37.0</ele>
        <time>2022-12-04T04:47:52</time>
      </trkpt>
      <trkpt lat="23.033561278134584" lon="120.22853868082166">
        <ele>36.0</ele>
        <time>2022-12-04T04:47:58</time>
      </trkpt>
      <trkpt lat="23.033385509625077" lon="120.22837179712951">
        <ele>36.0</ele>
        <time>2022-12-04T04:48:04</time>
      </trkpt>
      <trkpt lat="23.033356508240104" lon="120.22834237664938">
        <ele>36.0</ele>
        <time>2022-12-04T04:48:05</time>
      </trkpt>
      <trkpt lat="23.0332840885967" lon="120.22828973829746">
        <ele>35.0</ele>
        <time>2022-12-04T04:48:07</time>
      </trkpt>
      <trkpt lat="23.03314369171858" lon="120.22819493897259">
        <ele>36.0</ele>
        <time>2022-12-04T04:48:11</time>
      </trkpt>
      <trkpt lat="23.03311301395297" lon="120.22816065698862">
        <ele>37.0</ele>
        <time>2022-12-04T04:48:12</time>
      </trkpt>
      <trkpt lat="23.03304889239371" lon="120.2281029894948">
        <ele>38.0</ele>
        <time>2022-12-04T04:48:14</time>
      </trkpt>
      <trkpt lat="23.032899023965" lon="120.22801028564572">
        <ele>39.0</ele>
        <time>2022-12-04T04:48:18</time>
      </trkpt>
      <trkpt lat="23.03285351023078" lon="120.2279822062701">
        <ele>39.0</ele>
        <time>2022-12-04T04:48:19</time>
      </trkpt>
      <trkpt lat="23.032702887430787" lon="120.227873576805">
        <ele>39.0</ele>
        <time>2022-12-04T04:48:24</time>
      </trkpt>
      <trkpt lat="23.032692493870854" lon="120.22783929482102">
        <ele>39.0</ele>
        <time>2022-12-04T04:48:27</time>
      </trkpt>
      <trkpt lat="23.03268788382411" lon="120.22784549742937">
        <ele>38.0</ele>
        <time>2022-12-04T04:48:28</time>
      </trkpt>
      <trkpt lat="23.032682854682207" lon="120.22786192595959">
        <ele>38.0</ele>
        <time>2022-12-04T04:48:31</time>
      </trkpt>
      <trkpt lat="23.032701881602407" lon="120.2278754208237">
        <ele>38.0</ele>
        <time>2022-12-04T04:48:33</time>
      </trkpt>
      <trkpt lat="23.032720237970352" lon="120.2278873231262">
        <ele>38.0</ele>
        <time>2022-12-04T04:48:35</time>
      </trkpt>
      <trkpt lat="23.032751586288214" lon="120.2278889156878">
        <ele>38.0</ele>
        <time>2022-12-04T04:48:40</time>
      </trkpt>
      <trkpt lat="23.03275485523045" lon="120.22791682742536">
        <ele>38.0</ele>
        <time>2022-12-04T04:48:44</time>
      </trkpt>
      <trkpt lat="23.032756112515926" lon="120.22791699506342">
        <ele>38.0</ele>
        <time>2022-12-04T04:48:45</time>
      </trkpt>
      <trkpt lat="23.032736582681537" lon="120.22792344912887">
        <ele>38.0</ele>
        <time>2022-12-04T04:48:52</time>
      </trkpt>
      <trkpt lat="23.032720237970352" lon="120.22791397757828">
        <ele>37.0</ele>
        <time>2022-12-04T04:49:02</time>
      </trkpt>
      <trkpt lat="23.032712610438466" lon="120.22791028954089">
        <ele>37.0</ele>
        <time>2022-12-04T04:49:05</time>
      </trkpt>
      <trkpt lat="23.032715376466513" lon="120.22790559567511">
        <ele>37.0</ele>
        <time>2022-12-04T04:49:07</time>
      </trkpt>
      <trkpt lat="23.03269953466952" lon="120.22789997979999">
        <ele>36.0</ele>
        <time>2022-12-04T04:49:11</time>
      </trkpt>
      <trkpt lat="23.032678915187716" lon="120.22788145579398">
        <ele>36.0</ele>
        <time>2022-12-04T04:49:13</time>
      </trkpt>
      <trkpt lat="23.032666593790054" lon="120.22787156514823">
        <ele>36.0</ele>
        <time>2022-12-04T04:49:14</time>
      </trkpt>
      <trkpt lat="23.032643208280206" lon="120.22784985601902">
        <ele>35.0</ele>
        <time>2022-12-04T04:49:16</time>
      </trkpt>
      <trkpt lat="23.03262577392161" lon="120.22779738530517">
        <ele>35.0</ele>
        <time>2022-12-04T04:49:18</time>
      </trkpt>
      <trkpt lat="23.03261018358171" lon="120.22777433507144">
        <ele>35.0</ele>
        <time>2022-12-04T04:49:19</time>
      </trkpt>
      <trkpt lat="23.032551174983382" lon="120.22765690460801">
        <ele>35.0</ele>
        <time>2022-12-04T04:49:23</time>
      </trkpt>
      <trkpt lat="23.032453944906592" lon="120.22747945971787">
        <ele>35.0</ele>
        <time>2022-12-04T04:49:29</time>
      </trkpt>
      <trkpt lat="23.03244112059474" lon="120.22746277973056">
        <ele>34.0</ele>
        <time>2022-12-04T04:49:30</time>
      </trkpt>
      <trkpt lat="23.032341292127967" lon="120.22736320272088">
        <ele>34.0</ele>
        <time>2022-12-04T04:49:36</time>
      </trkpt>
      <trkpt lat="23.032320169731975" lon="120.22733981721103">
        <ele>33.0</ele>
        <time>2022-12-04T04:49:37</time>
      </trkpt>
      <trkpt lat="23.032151274383068" lon="120.22717544808984">
        <ele>33.0</ele>
        <time>2022-12-04T04:49:43</time>
      </trkpt>
      <trkpt lat="23.032090086489916" lon="120.2271135058254">
        <ele>33.0</ele>
        <time>2022-12-04T04:49:45</time>
      </trkpt>
      <trkpt lat="23.03205957636237" lon="120.2270820736885">
        <ele>33.0</ele>
        <time>2022-12-04T04:49:46</time>
      </trkpt>
      <trkpt lat="23.032030072063208" lon="120.2270498033613">
        <ele>33.0</ele>
        <time>2022-12-04T04:49:47</time>
      </trkpt>
      <trkpt lat="23.031957568600774" lon="120.22694544866681">
        <ele>33.0</ele>
        <time>2022-12-04T04:49:50</time>
      </trkpt>
      <trkpt lat="23.031931668519974" lon="120.22690203040838">
        <ele>34.0</ele>
        <time>2022-12-04T04:49:51</time>
      </trkpt>
      <trkpt lat="23.03190073929727" lon="120.22686355747283">
        <ele>34.0</ele>
        <time>2022-12-04T04:49:52</time>
      </trkpt>
      <trkpt lat="23.031788421794772" lon="120.22674042731524">
        <ele>34.0</ele>
        <time>2022-12-04T04:49:56</time>
      </trkpt>
      <trkpt lat="23.031728994101286" lon="120.22669114172459">
        <ele>35.0</ele>
        <time>2022-12-04T04:49:58</time>
      </trkpt>
      <trkpt lat="23.031701585277915" lon="120.22666566073895">
        <ele>35.0</ele>
        <time>2022-12-04T04:49:59</time>
      </trkpt>
      <trkpt lat="23.031649198383093" lon="120.22661545313895">
        <ele>35.0</ele>
        <time>2022-12-04T04:50:01</time>
      </trkpt>
      <trkpt lat="23.031594716012478" lon="120.22655946202576">
        <ele>35.0</ele>
        <time>2022-12-04T04:50:03</time>
      </trkpt>
      <trkpt lat="23.031521374359727" lon="120.22648695856333">
        <ele>35.0</ele>
        <time>2022-12-04T04:50:07</time>
      </trkpt>
      <trkpt lat="23.03146429359913" lon="120.22641370072961">
        <ele>35.0</ele>
        <time>2022-12-04T04:50:12</time>
      </trkpt>
      <trkpt lat="23.03140721283853" lon="120.2263552788645">
        <ele>35.0</ele>
        <time>2022-12-04T04:50:15</time>
      </trkpt>
      <trkpt lat="23.031320879235864" lon="120.22625117562711">
        <ele>35.0</ele>
        <time>2022-12-04T04:50:18</time>
      </trkpt>
      <trkpt lat="23.031289028003812" lon="120.22622334770858">
        <ele>35.0</ele>
        <time>2022-12-04T04:50:19</time>
      </trkpt>
      <trkpt lat="23.031041594222188" lon="120.22600231692195">
        <ele>34.0</ele>
        <time>2022-12-04T04:50:26</time>
      </trkpt>
      <trkpt lat="23.030797177925706" lon="120.22576661780477">
        <ele>34.0</ele>
        <time>2022-12-04T04:50:32</time>
      </trkpt>
      <trkpt lat="23.03045343607664" lon="120.22540049627423">
        <ele>35.0</ele>
        <time>2022-12-04T04:50:41</time>
      </trkpt>
      <trkpt lat="23.030203823000193" lon="120.22509958595037">
        <ele>36.0</ele>
        <time>2022-12-04T04:50:48</time>
      </trkpt>
      <trkpt lat="23.03016945719719" lon="120.22505960427225">
        <ele>36.0</ele>
        <time>2022-12-04T04:50:49</time>
      </trkpt>
      <trkpt lat="23.030034005641937" lon="120.22489439696074">
        <ele>37.0</ele>
        <time>2022-12-04T04:50:53</time>
      </trkpt>
      <trkpt lat="23.029998214915395" lon="120.22485081106424">
        <ele>37.0</ele>
        <time>2022-12-04T04:50:54</time>
      </trkpt>
      <trkpt lat="23.02996041253209" lon="120.22481124848127">
        <ele>37.0</ele>
        <time>2022-12-04T04:50:55</time>
      </trkpt>
      <trkpt lat="23.029921520501375" lon="120.22477260790765">
        <ele>37.0</ele>
        <time>2022-12-04T04:50:56</time>
      </trkpt>
      <trkpt lat="23.02988698706031" lon="120.22473329678178">
        <ele>37.0</ele>
        <time>2022-12-04T04:50:57</time>
      </trkpt>
      <trkpt lat="23.02967735566199" lon="120.22450715303421">
        <ele>38.0</ele>
        <time>2022-12-04T04:51:03</time>
      </trkpt>
      <trkpt lat="23.029603259637952" lon="120.22443423047662">
        <ele>38.0</ele>
        <time>2022-12-04T04:51:05</time>
      </trkpt>
      <trkpt lat="23.029537461698055" lon="120.22434429265559">
        <ele>37.0</ele>
        <time>2022-12-04T04:51:07</time>
      </trkpt>
      <trkpt lat="23.029460767284036" lon="120.22427690215409">
        <ele>37.0</ele>
        <time>2022-12-04T04:51:09</time>
      </trkpt>
      <trkpt lat="23.029366303235292" lon="120.22419274784625">
        <ele>38.0</ele>
        <time>2022-12-04T04:51:12</time>
      </trkpt>
      <trkpt lat="23.02930561825633" lon="120.22414488717914">
        <ele>38.0</ele>
        <time>2022-12-04T04:51:14</time>
      </trkpt>
      <trkpt lat="23.029211657121778" lon="120.22406190633774">
        <ele>38.0</ele>
        <time>2022-12-04T04:51:17</time>
      </trkpt>
      <trkpt lat="23.029144518077374" lon="120.22400507703424">
        <ele>38.0</ele>
        <time>2022-12-04T04:51:19</time>
      </trkpt>
      <trkpt lat="23.029110822826624" lon="120.22397238761187">
        <ele>38.0</ele>
        <time>2022-12-04T04:51:20</time>
      </trkpt>
      <trkpt lat="23.02894603461027" lon="120.22377507761121">
        <ele>38.0</ele>
        <time>2022-12-04T04:51:25</time>
      </trkpt>
      <trkpt lat="23.0288477987051" lon="120.22366569377482">
        <ele>39.0</ele>
        <time>2022-12-04T04:51:28</time>
      </trkpt>
      <trkpt lat="23.028565580025315" lon="120.223343744874">
        <ele>38.0</ele>
        <time>2022-12-04T04:51:36</time>
      </trkpt>
      <trkpt lat="23.028362654149532" lon="120.22312170825899">
        <ele>39.0</ele>
        <time>2022-12-04T04:51:42</time>
      </trkpt>
      <trkpt lat="23.028149753808975" lon="120.22289673797786">
        <ele>39.0</ele>
        <time>2022-12-04T04:51:48</time>
      </trkpt>
      <trkpt lat="23.027889160439372" lon="120.2226151060313">
        <ele>39.0</ele>
        <time>2022-12-04T04:51:56</time>
      </trkpt>
      <trkpt lat="23.027680199593306" lon="120.2223799098283">
        <ele>39.0</ele>
        <time>2022-12-04T04:52:04</time>
      </trkpt>
      <trkpt lat="23.02767693065107" lon="120.22235870361328">
        <ele>39.0</ele>
        <time>2022-12-04T04:52:05</time>
      </trkpt>
      <trkpt lat="23.027688497677445" lon="120.22234034724534">
        <ele>39.0</ele>
        <time>2022-12-04T04:52:08</time>
      </trkpt>
      <trkpt lat="23.02768430672586" lon="120.22235803306103">
        <ele>37.0</ele>
        <time>2022-12-04T04:52:11</time>
      </trkpt>
      <trkpt lat="23.027684055268764" lon="120.22235945798457">
        <ele>37.0</ele>
        <time>2022-12-04T04:52:15</time>
      </trkpt>
      <trkpt lat="23.02769025787711" lon="120.22236121818423">
        <ele>37.0</ele>
        <time>2022-12-04T04:52:18</time>
      </trkpt>
      <trkpt lat="23.0276891682297" lon="120.22238024510443">
        <ele>37.0</ele>
        <time>2022-12-04T04:52:20</time>
      </trkpt>
      <trkpt lat="23.027687156572938" lon="120.22238980047405">
        <ele>37.0</ele>
        <time>2022-12-04T04:52:21</time>
      </trkpt>
      <trkpt lat="23.027688581496477" lon="120.22238007746637">
        <ele>37.0</ele>
        <time>2022-12-04T04:52:22</time>
      </trkpt>
      <trkpt lat="23.027689000591636" lon="120.22237940691411">
        <ele>37.0</ele>
        <time>2022-12-04T04:52:24</time>
      </trkpt>
      <trkpt lat="23.02768816240132" lon="120.22238116711378">
        <ele>37.0</ele>
        <time>2022-12-04T04:52:28</time>
      </trkpt>
      <trkpt lat="23.02768765948713" lon="120.22238167002797">
        <ele>37.0</ele>
        <time>2022-12-04T04:52:29</time>
      </trkpt>
      <trkpt lat="23.02768087014556" lon="120.22238954901695">
        <ele>37.0</ele>
        <time>2022-12-04T04:52:32</time>
      </trkpt>
      <trkpt lat="23.02765991538763" lon="120.22240404970944">
        <ele>37.0</ele>
        <time>2022-12-04T04:52:35</time>
      </trkpt>
      <trkpt lat="23.02765555679798" lon="120.22240430116653">
        <ele>37.0</ele>
        <time>2022-12-04T04:52:38</time>
      </trkpt>
      <trkpt lat="23.02763108164072" lon="120.22238577716053">
        <ele>37.0</ele>
        <time>2022-12-04T04:52:43</time>
      </trkpt>
      <trkpt lat="23.02762672305107" lon="120.22238217294216">
        <ele>37.0</ele>
        <time>2022-12-04T04:52:45</time>
      </trkpt>
      <trkpt lat="23.02762965671718" lon="120.22239265032113">
        <ele>37.0</ele>
        <time>2022-12-04T04:52:46</time>
      </trkpt>
      <trkpt lat="23.027671230956912" lon="120.22241695784032">
        <ele>37.0</ele>
        <time>2022-12-04T04:52:50</time>
      </trkpt>
      <trkpt lat="23.02767558954656" lon="120.22242047823966">
        <ele>37.0</ele>
        <time>2022-12-04T04:52:51</time>
      </trkpt>
      <trkpt lat="23.027662429958582" lon="120.22248820401728">
        <ele>37.0</ele>
        <time>2022-12-04T04:52:55</time>
      </trkpt>
      <trkpt lat="23.02780508995056" lon="120.22190281189978">
        <ele>51.0</ele>
        <time>2022-12-04T04:55:08</time>
      </trkpt>
      <trkpt lat="23.02763200365007" lon="120.22253044880927">
        <ele>51.0</ele>
        <time>2022-12-04T04:55:10</time>
      </trkpt>
      <trkpt lat="23.02763300947845" lon="120.22255215793848">
        <ele>51.0</ele>
        <time>2022-12-04T04:55:13</time>
      </trkpt>
      <trkpt lat="23.027618005871773" lon="120.22260873578489">
        <ele>51.0</ele>
        <time>2022-12-04T04:55:15</time>
      </trkpt>
      <trkpt lat="23.02762429229915" lon="120.22258979268372">
        <ele>51.0</ele>
        <time>2022-12-04T04:55:16</time>
      </trkpt>
      <trkpt lat="23.027646504342556" lon="120.22252776660025">
        <ele>50.0</ele>
        <time>2022-12-04T04:55:21</time>
      </trkpt>
      <trkpt lat="23.027654634788632" lon="120.2224972564727">
        <ele>50.0</ele>
        <time>2022-12-04T04:55:25</time>
      </trkpt>
      <trkpt lat="23.02765698172152" lon="120.22248527035117">
        <ele>50.0</ele>
        <time>2022-12-04T04:55:26</time>
      </trkpt>
      <trkpt lat="23.027663687244058" lon="120.22246624343097">
        <ele>49.0</ele>
        <time>2022-12-04T04:55:29</time>
      </trkpt>
      <trkpt lat="23.027663603425026" lon="120.22246582433581">
        <ele>49.0</ele>
        <time>2022-12-04T04:55:30</time>
      </trkpt>
      <trkpt lat="23.02768145687878" lon="120.22242559120059">
        <ele>48.0</ele>
        <time>2022-12-04T04:55:38</time>
      </trkpt>
      <trkpt lat="23.027683049440384" lon="120.22241888567805">
        <ele>48.0</ele>
        <time>2022-12-04T04:55:39</time>
      </trkpt>
      <trkpt lat="23.027677768841386" lon="120.22242207080126">
        <ele>47.0</ele>
        <time>2022-12-04T04:55:44</time>
      </trkpt>
      <trkpt lat="23.027682546526194" lon="120.22241419181228">
        <ele>47.0</ele>
        <time>2022-12-04T04:55:47</time>
      </trkpt>
      <trkpt lat="23.027683049440384" lon="120.22240145131946">
        <ele>47.0</ele>
        <time>2022-12-04T04:55:51</time>
      </trkpt>
      <trkpt lat="23.02767986431718" lon="120.22239617072046">
        <ele>46.0</ele>
        <time>2022-12-04T04:55:54</time>
      </trkpt>
      <trkpt lat="23.027666117995977" lon="120.222408156842">
        <ele>46.0</ele>
        <time>2022-12-04T04:56:00</time>
      </trkpt>
      <trkpt lat="23.02766821347177" lon="120.22240480408072">
        <ele>45.0</ele>
        <time>2022-12-04T04:56:03</time>
      </trkpt>
      <trkpt lat="23.027682546526194" lon="120.22238418459892">
        <ele>45.0</ele>
        <time>2022-12-04T04:56:12</time>
      </trkpt>
      <trkpt lat="23.02767399698496" lon="120.2223973441869">
        <ele>45.0</ele>
        <time>2022-12-04T04:56:15</time>
      </trkpt>
      <trkpt lat="23.027664944529533" lon="120.22240907885134">
        <ele>45.0</ele>
        <time>2022-12-04T04:56:20</time>
      </trkpt>
      <trkpt lat="23.027661591768265" lon="120.22241343744099">
        <ele>44.0</ele>
        <time>2022-12-04T04:56:22</time>
      </trkpt>
      <trkpt lat="23.027658071368933" lon="120.22241754457355">
        <ele>44.0</ele>
        <time>2022-12-04T04:56:25</time>
      </trkpt>
      <trkpt lat="23.02765555679798" lon="120.22242207080126">
        <ele>45.0</ele>
        <time>2022-12-04T04:56:28</time>
      </trkpt>
      <trkpt lat="23.027644157409668" lon="120.22243950515985">
        <ele>45.0</ele>
        <time>2022-12-04T04:56:32</time>
      </trkpt>
      <trkpt lat="23.027641139924526" lon="120.2224388346076">
        <ele>45.0</ele>
        <time>2022-12-04T04:56:33</time>
      </trkpt>
      <trkpt lat="23.027624124661088" lon="120.22240681573749">
        <ele>45.0</ele>
        <time>2022-12-04T04:56:38</time>
      </trkpt>
      <trkpt lat="23.027616580948234" lon="120.222402876243">
        <ele>45.0</ele>
        <time>2022-12-04T04:56:39</time>
      </trkpt>
      <trkpt lat="23.02754600532353" lon="120.22235853597522">
        <ele>45.0</ele>
        <time>2022-12-04T04:56:44</time>
      </trkpt>
      <trkpt lat="23.027498479932547" lon="120.22228150628507">
        <ele>45.0</ele>
        <time>2022-12-04T04:56:49</time>
      </trkpt>
      <trkpt lat="23.027486829087138" lon="120.22228485904634">
        <ele>46.0</ele>
        <time>2022-12-04T04:56:55</time>
      </trkpt>
      <trkpt lat="23.027479201555252" lon="120.22227664478123">
        <ele>46.0</ele>
        <time>2022-12-04T04:56:59</time>
      </trkpt>
      <trkpt lat="23.02747660316527" lon="120.22227446548641">
        <ele>46.0</ele>
        <time>2022-12-04T04:57:00</time>
      </trkpt>
      <trkpt lat="23.027475429698825" lon="120.22227329201996">
        <ele>46.0</ele>
        <time>2022-12-04T04:57:05</time>
      </trkpt>
      <trkpt lat="23.027470149099827" lon="120.22225451655686">
        <ele>46.0</ele>
        <time>2022-12-04T04:57:08</time>
      </trkpt>
      <trkpt lat="23.027437962591648" lon="120.22219349630177">
        <ele>46.0</ele>
        <time>2022-12-04T04:57:11</time>
      </trkpt>
      <trkpt lat="23.02730469033122" lon="120.22202518768609">
        <ele>45.0</ele>
        <time>2022-12-04T04:57:17</time>
      </trkpt>
      <trkpt lat="23.027191450819373" lon="120.22183709777892">
        <ele>45.0</ele>
        <time>2022-12-04T04:57:22</time>
      </trkpt>
      <trkpt lat="23.027163706719875" lon="120.22180214524269">
        <ele>45.0</ele>
        <time>2022-12-04T04:57:23</time>
      </trkpt>
      <trkpt lat="23.02705591544509" lon="120.2216430567205">
        <ele>46.0</ele>
        <time>2022-12-04T04:57:27</time>
      </trkpt>
      <trkpt lat="23.02702716551721" lon="120.22160885855556">
        <ele>46.0</ele>
        <time>2022-12-04T04:57:28</time>
      </trkpt>
      <trkpt lat="23.026850139722228" lon="120.2213840559125">
        <ele>47.0</ele>
        <time>2022-12-04T04:57:34</time>
      </trkpt>
      <trkpt lat="23.026786604896188" lon="120.22131733596325">
        <ele>47.0</ele>
        <time>2022-12-04T04:57:36</time>
      </trkpt>
      <trkpt lat="23.026753747835755" lon="120.22128531709313">
        <ele>47.0</ele>
        <time>2022-12-04T04:57:37</time>
      </trkpt>
      <trkpt lat="23.026565238833427" lon="120.22113746032119">
        <ele>47.0</ele>
        <time>2022-12-04T04:57:42</time>
      </trkpt>
      <trkpt lat="23.026522491127253" lon="120.22111357189715">
        <ele>47.0</ele>
        <time>2022-12-04T04:57:43</time>
      </trkpt>
      <trkpt lat="23.026345632970333" lon="120.22093034349382">
        <ele>47.0</ele>
        <time>2022-12-04T04:57:48</time>
      </trkpt>
      <trkpt lat="23.02627556025982" lon="120.22085599601269">
        <ele>47.0</ele>
        <time>2022-12-04T04:57:50</time>
      </trkpt>
      <trkpt lat="23.02620716392994" lon="120.22078173235059">
        <ele>47.0</ele>
        <time>2022-12-04T04:57:52</time>
      </trkpt>
      <trkpt lat="23.026029970496893" lon="120.22057897411287">
        <ele>48.0</ele>
        <time>2022-12-04T04:57:57</time>
      </trkpt>
      <trkpt lat="23.02571556530893" lon="120.22030714899302">
        <ele>48.0</ele>
        <time>2022-12-04T04:58:05</time>
      </trkpt>
      <trkpt lat="23.025687905028462" lon="120.22027085535228">
        <ele>48.0</ele>
        <time>2022-12-04T04:58:06</time>
      </trkpt>
      <trkpt lat="23.025452373549342" lon="120.22009165026248">
        <ele>49.0</ele>
        <time>2022-12-04T04:58:12</time>
      </trkpt>
      <trkpt lat="23.025231594219804" lon="120.21982762031257">
        <ele>49.0</ele>
        <time>2022-12-04T04:58:19</time>
      </trkpt>
      <trkpt lat="23.025199994444847" lon="120.2197867166251">
        <ele>49.0</ele>
        <time>2022-12-04T04:58:20</time>
      </trkpt>
      <trkpt lat="23.02510536275804" lon="120.21966802887619">
        <ele>49.0</ele>
        <time>2022-12-04T04:58:23</time>
      </trkpt>
      <trkpt lat="23.02502858452499" lon="120.2196001354605">
        <ele>49.0</ele>
        <time>2022-12-04T04:58:25</time>
      </trkpt>
      <trkpt lat="23.024848205968738" lon="120.21942704916">
        <ele>49.0</ele>
        <time>2022-12-04T04:58:30</time>
      </trkpt>
      <trkpt lat="23.02481358870864" lon="120.21939234808087">
        <ele>50.0</ele>
        <time>2022-12-04T04:58:31</time>
      </trkpt>
      <trkpt lat="23.02472314797342" lon="120.21926611661911">
        <ele>50.0</ele>
        <time>2022-12-04T04:58:34</time>
      </trkpt>
      <trkpt lat="23.024658942595124" lon="120.21921238861978">
        <ele>50.0</ele>
        <time>2022-12-04T04:58:36</time>
      </trkpt>
      <trkpt lat="23.024613680317998" lon="120.21914843469858">
        <ele>50.0</ele>
        <time>2022-12-04T04:58:40</time>
      </trkpt>
      <trkpt lat="23.024619380012155" lon="120.21915539167821">
        <ele>50.0</ele>
        <time>2022-12-04T04:58:46</time>
      </trkpt>
      <trkpt lat="23.024619547650218" lon="120.21917190402746">
        <ele>50.0</ele>
        <time>2022-12-04T04:58:57</time>
      </trkpt>
      <trkpt lat="23.02461376413703" lon="120.21916444413364">
        <ele>50.0</ele>
        <time>2022-12-04T04:59:00</time>
      </trkpt>
      <trkpt lat="23.024589624255896" lon="120.2191437408328">
        <ele>50.0</ele>
        <time>2022-12-04T04:59:02</time>
      </trkpt>
      <trkpt lat="23.0245013628155" lon="120.21907995454967">
        <ele>49.0</ele>
        <time>2022-12-04T04:59:06</time>
      </trkpt>
      <trkpt lat="23.024442438036203" lon="120.2190179284662">
        <ele>49.0</ele>
        <time>2022-12-04T04:59:08</time>
      </trkpt>
      <trkpt lat="23.024336993694305" lon="120.21885984577239">
        <ele>49.0</ele>
        <time>2022-12-04T04:59:12</time>
      </trkpt>
      <trkpt lat="23.024253342300653" lon="120.21875808946788">
        <ele>49.0</ele>
        <time>2022-12-04T04:59:15</time>
      </trkpt>
      <trkpt lat="23.024110682308674" lon="120.21857595071197">
        <ele>49.0</ele>
        <time>2022-12-04T04:59:21</time>
      </trkpt>
      <trkpt lat="23.0239936709404" lon="120.21845801733434">
        <ele>49.0</ele>
        <time>2022-12-04T04:59:27</time>
      </trkpt>
      <trkpt lat="23.02398922853172" lon="120.2184446901083">
        <ele>49.0</ele>
        <time>2022-12-04T04:59:28</time>
      </trkpt>
      <trkpt lat="23.02398646250367" lon="120.21843287162483">
        <ele>49.0</ele>
        <time>2022-12-04T04:59:32</time>
      </trkpt>
      <trkpt lat="23.023978415876627" lon="120.21842675283551">
        <ele>48.0</ele>
        <time>2022-12-04T04:59:39</time>
      </trkpt>
      <trkpt lat="23.02397615276277" lon="120.2184275072068">
        <ele>48.0</ele>
        <time>2022-12-04T04:59:41</time>
      </trkpt>
      <trkpt lat="23.023974560201168" lon="120.21842893213034">
        <ele>47.0</ele>
        <time>2022-12-04T04:59:42</time>
      </trkpt>
      <trkpt lat="23.02396886050701" lon="120.21843555383384">
        <ele>47.0</ele>
        <time>2022-12-04T04:59:48</time>
      </trkpt>
      <trkpt lat="23.023968692868948" lon="120.2184325363487">
        <ele>47.0</ele>
        <time>2022-12-04T04:59:51</time>
      </trkpt>
      <trkpt lat="23.02395025268197" lon="120.21841417998075">
        <ele>47.0</ele>
        <time>2022-12-04T04:59:54</time>
      </trkpt>
      <trkpt lat="23.02392326295376" lon="120.21838224492967">
        <ele>47.0</ele>
        <time>2022-12-04T04:59:56</time>
      </trkpt>
      <trkpt lat="23.02380306646228" lon="120.2182319574058">
        <ele>46.0</ele>
        <time>2022-12-04T05:00:01</time>
      </trkpt>
      <trkpt lat="23.023595111444592" lon="120.2179182227701">
        <ele>47.0</ele>
        <time>2022-12-04T05:00:08</time>
      </trkpt>
      <trkpt lat="23.023476926609874" lon="120.21775955334306">
        <ele>47.0</ele>
        <time>2022-12-04T05:00:12</time>
      </trkpt>
      <trkpt lat="23.02341121248901" lon="120.2176848705858">
        <ele>48.0</ele>
        <time>2022-12-04T05:00:14</time>
      </trkpt>
      <trkpt lat="23.023378271609545" lon="120.21764690056443">
        <ele>48.0</ele>
        <time>2022-12-04T05:00:15</time>
      </trkpt>
      <trkpt lat="23.02334633655846" lon="120.21760985255241">
        <ele>48.0</ele>
        <time>2022-12-04T05:00:16</time>
      </trkpt>
      <trkpt lat="23.023312389850616" lon="120.21757179871202">
        <ele>48.0</ele>
        <time>2022-12-04T05:00:17</time>
      </trkpt>
      <trkpt lat="23.023214656859636" lon="120.21745193749666">
        <ele>48.0</ele>
        <time>2022-12-04T05:00:20</time>
      </trkpt>
      <trkpt lat="23.02314944565296" lon="120.21736870519817">
        <ele>48.0</ele>
        <time>2022-12-04T05:00:22</time>
      </trkpt>
      <trkpt lat="23.02294853143394" lon="120.21711917594075">
        <ele>48.0</ele>
        <time>2022-12-04T05:00:28</time>
      </trkpt>
      <trkpt lat="23.022911734879017" lon="120.21707952953875">
        <ele>48.0</ele>
        <time>2022-12-04T05:00:29</time>
      </trkpt>
      <trkpt lat="23.022805955260992" lon="120.21694768220186">
        <ele>48.0</ele>
        <time>2022-12-04T05:00:32</time>
      </trkpt>
      <trkpt lat="23.022700510919094" lon="120.21680762059987">
        <ele>49.0</ele>
        <time>2022-12-04T05:00:35</time>
      </trkpt>
      <trkpt lat="23.022656925022602" lon="120.21676638163626">
        <ele>49.0</ele>
        <time>2022-12-04T05:00:36</time>
      </trkpt>
      <trkpt lat="23.02261283621192" lon="120.21672187373042">
        <ele>49.0</ele>
        <time>2022-12-04T05:00:37</time>
      </trkpt>
      <trkpt lat="23.02257671020925" lon="120.21666663698852">
        <ele>49.0</ele>
        <time>2022-12-04T05:00:38</time>
      </trkpt>
      <trkpt lat="23.022505966946483" lon="120.21656923927367">
        <ele>49.0</ele>
        <time>2022-12-04T05:00:40</time>
      </trkpt>
      <trkpt lat="23.022470260038972" lon="120.21652372553945">
        <ele>49.0</ele>
        <time>2022-12-04T05:00:41</time>
      </trkpt>
      <trkpt lat="23.022397253662348" lon="120.21644443273544">
        <ele>48.0</ele>
        <time>2022-12-04T05:00:43</time>
      </trkpt>
      <trkpt lat="23.022309662774205" lon="120.21638701669872">
        <ele>48.0</ele>
        <time>2022-12-04T05:00:45</time>
      </trkpt>
      <trkpt lat="23.02228300832212" lon="120.21633672527969">
        <ele>48.0</ele>
        <time>2022-12-04T05:00:46</time>
      </trkpt>
      <trkpt lat="23.02226984873414" lon="120.2162778005004">
        <ele>48.0</ele>
        <time>2022-12-04T05:00:47</time>
      </trkpt>
      <trkpt lat="23.022246547043324" lon="120.21617964841425">
        <ele>49.0</ele>
        <time>2022-12-04T05:00:50</time>
      </trkpt>
      <trkpt lat="23.02223766222596" lon="120.21616590209305">
        <ele>48.0</ele>
        <time>2022-12-04T05:00:54</time>
      </trkpt>
      <trkpt lat="23.022241098806262" lon="120.21614871919155">
        <ele>47.0</ele>
        <time>2022-12-04T05:01:04</time>
      </trkpt>
      <trkpt lat="23.0222443677485" lon="120.21614570170641">
        <ele>47.0</ele>
        <time>2022-12-04T05:01:10</time>
      </trkpt>
      <trkpt lat="23.022247971966863" lon="120.21614477969706">
        <ele>47.0</ele>
        <time>2022-12-04T05:01:12</time>
      </trkpt>
      <trkpt lat="23.02225031889975" lon="120.21613916382194">
        <ele>48.0</ele>
        <time>2022-12-04T05:01:21</time>
      </trkpt>
      <trkpt lat="23.022260880097747" lon="120.21614042110741">
        <ele>49.0</ele>
        <time>2022-12-04T05:01:29</time>
      </trkpt>
      <trkpt lat="23.022261718288064" lon="120.21614050492644">
        <ele>49.0</ele>
        <time>2022-12-04T05:01:30</time>
      </trkpt>
      <trkpt lat="23.022262807935476" lon="120.21614125929773">
        <ele>49.0</ele>
        <time>2022-12-04T05:01:32</time>
      </trkpt>
      <trkpt lat="23.02226356230676" lon="120.21614201366901">
        <ele>49.0</ele>
        <time>2022-12-04T05:01:33</time>
      </trkpt>
      <trkpt lat="23.022269178181887" lon="120.21614360623062">
        <ele>50.0</ele>
        <time>2022-12-04T05:01:38</time>
      </trkpt>
      <trkpt lat="23.02226783707738" lon="120.21614310331643">
        <ele>50.0</ele>
        <time>2022-12-04T05:01:40</time>
      </trkpt>
      <trkpt lat="23.022270184010267" lon="120.21615366451442">
        <ele>50.0</ele>
        <time>2022-12-04T05:01:44</time>
      </trkpt>
      <trkpt lat="23.022269094362855" lon="120.21615844219923">
        <ele>50.0</ele>
        <time>2022-12-04T05:01:46</time>
      </trkpt>
      <trkpt lat="23.0222684238106" lon="120.21616062149405">
        <ele>48.0</ele>
        <time>2022-12-04T05:01:54</time>
      </trkpt>
      <trkpt lat="23.02226741798222" lon="120.21616087295115">
        <ele>48.0</ele>
        <time>2022-12-04T05:01:55</time>
      </trkpt>
      <trkpt lat="23.022266244515777" lon="120.21616104058921">
        <ele>47.0</ele>
        <time>2022-12-04T05:01:56</time>
      </trkpt>
      <trkpt lat="23.022265071049333" lon="120.21616137586534">
        <ele>47.0</ele>
        <time>2022-12-04T05:01:58</time>
      </trkpt>
      <trkpt lat="23.022262640297413" lon="120.21616330370307">
        <ele>47.0</ele>
        <time>2022-12-04T05:02:01</time>
      </trkpt>
      <trkpt lat="23.022221736609936" lon="120.2161411754787">
        <ele>47.0</ele>
        <time>2022-12-04T05:02:06</time>
      </trkpt>
      <trkpt lat="23.022200111299753" lon="120.21615031175315">
        <ele>47.0</ele>
        <time>2022-12-04T05:02:09</time>
      </trkpt>
      <trkpt lat="23.022169768810272" lon="120.21617176942527">
        <ele>47.0</ele>
        <time>2022-12-04T05:02:11</time>
      </trkpt>
      <trkpt lat="23.02214227616787" lon="120.21617864258587">
        <ele>47.0</ele>
        <time>2022-12-04T05:02:12</time>
      </trkpt>
      <trkpt lat="23.022110676392913" lon="120.2161874435842">
        <ele>47.0</ele>
        <time>2022-12-04T05:02:13</time>
      </trkpt>
      <trkpt lat="23.022086452692747" lon="120.21618694067001">
        <ele>46.0</ele>
        <time>2022-12-04T05:02:14</time>
      </trkpt>
      <trkpt lat="23.022055104374886" lon="120.21619146689773">
        <ele>46.0</ele>
        <time>2022-12-04T05:02:15</time>
      </trkpt>
      <trkpt lat="23.021987797692418" lon="120.21618777886033">
        <ele>46.0</ele>
        <time>2022-12-04T05:02:17</time>
      </trkpt>
      <trkpt lat="23.02179199643433" lon="120.2161528263241">
        <ele>46.0</ele>
        <time>2022-12-04T05:02:22</time>
      </trkpt>
      <trkpt lat="23.021667441353202" lon="120.21612650714815">
        <ele>47.0</ele>
        <time>2022-12-04T05:02:25</time>
      </trkpt>
      <trkpt lat="23.02145479246974" lon="120.21611737087369">
        <ele>47.0</ele>
        <time>2022-12-04T05:02:30</time>
      </trkpt>
      <trkpt lat="23.021413134410977" lon="120.21610756404698">
        <ele>47.0</ele>
        <time>2022-12-04T05:02:31</time>
      </trkpt>
      <trkpt lat="23.02132294513285" lon="120.21611217409372">
        <ele>46.0</ele>
        <time>2022-12-04T05:02:33</time>
      </trkpt>
      <trkpt lat="23.021148685365915" lon="120.21611007861793">
        <ele>46.0</ele>
        <time>2022-12-04T05:02:37</time>
      </trkpt>
      <trkpt lat="23.021020274609327" lon="120.21611049771309">
        <ele>46.0</ele>
        <time>2022-12-04T05:02:40</time>
      </trkpt>
      <trkpt lat="23.020973168313503" lon="120.21610982716084">
        <ele>46.0</ele>
        <time>2022-12-04T05:02:41</time>
      </trkpt>
      <trkpt lat="23.02092715166509" lon="120.21610605530441">
        <ele>46.0</ele>
        <time>2022-12-04T05:02:42</time>
      </trkpt>
      <trkpt lat="23.02083713002503" lon="120.21609390154481">
        <ele>47.0</ele>
        <time>2022-12-04T05:02:44</time>
      </trkpt>
      <trkpt lat="23.020618446171284" lon="120.21605760790408">
        <ele>47.0</ele>
        <time>2022-12-04T05:02:49</time>
      </trkpt>
      <trkpt lat="23.020476456731558" lon="120.2160563506186">
        <ele>47.0</ele>
        <time>2022-12-04T05:02:52</time>
      </trkpt>
      <trkpt lat="23.02032943814993" lon="120.2160492260009">
        <ele>47.0</ele>
        <time>2022-12-04T05:02:55</time>
      </trkpt>
      <trkpt lat="23.019953425973654" lon="120.21604226902127">
        <ele>47.0</ele>
        <time>2022-12-04T05:03:02</time>
      </trkpt>
      <trkpt lat="23.019898273050785" lon="120.21603874862194">
        <ele>47.0</ele>
        <time>2022-12-04T05:03:03</time>
      </trkpt>
      <trkpt lat="23.019448164850473" lon="120.21595727652311">
        <ele>48.0</ele>
        <time>2022-12-04T05:03:12</time>
      </trkpt>
      <trkpt lat="23.01922813989222" lon="120.21594294346869">
        <ele>48.0</ele>
        <time>2022-12-04T05:03:17</time>
      </trkpt>
      <trkpt lat="23.019144739955664" lon="120.21591218188405">
        <ele>48.0</ele>
        <time>2022-12-04T05:03:19</time>
      </trkpt>
      <trkpt lat="23.019103752449155" lon="120.21590287797153">
        <ele>48.0</ele>
        <time>2022-12-04T05:03:20</time>
      </trkpt>
      <trkpt lat="23.019020184874535" lon="120.21586859598756">
        <ele>48.0</ele>
        <time>2022-12-04T05:03:22</time>
      </trkpt>
      <trkpt lat="23.01897165365517" lon="120.21585686132312">
        <ele>48.0</ele>
        <time>2022-12-04T05:03:23</time>
      </trkpt>
      <trkpt lat="23.01887190900743" lon="120.2158369962126">
        <ele>48.0</ele>
        <time>2022-12-04T05:03:25</time>
      </trkpt>
      <trkpt lat="23.01875414326787" lon="120.21584982052445">
        <ele>48.0</ele>
        <time>2022-12-04T05:03:28</time>
      </trkpt>
      <trkpt lat="23.01873159594834" lon="120.21585216745734">
        <ele>48.0</ele>
        <time>2022-12-04T05:03:31</time>
      </trkpt>
      <trkpt lat="23.01872086711228" lon="120.21586096845567">
        <ele>46.0</ele>
        <time>2022-12-04T05:03:35</time>
      </trkpt>
      <trkpt lat="23.018729081377387" lon="120.21584294736385">
        <ele>46.0</ele>
        <time>2022-12-04T05:03:38</time>
      </trkpt>
      <trkpt lat="23.01871793344617" lon="120.21583691239357">
        <ele>46.0</ele>
        <time>2022-12-04T05:03:46</time>
      </trkpt>
      <trkpt lat="23.01870577968657" lon="120.21584512665868">
        <ele>46.0</ele>
        <time>2022-12-04T05:03:52</time>
      </trkpt>
      <trkpt lat="23.018703013658524" lon="120.21585845388472">
        <ele>46.0</ele>
        <time>2022-12-04T05:03:55</time>
      </trkpt>
      <trkpt lat="23.01869697868824" lon="120.2158660814166">
        <ele>46.0</ele>
        <time>2022-12-04T05:03:59</time>
      </trkpt>
      <trkpt lat="23.01868038251996" lon="120.21587060764432">
        <ele>46.0</ele>
        <time>2022-12-04T05:04:03</time>
      </trkpt>
      <trkpt lat="23.018666049465537" lon="120.21586666814983">
        <ele>46.0</ele>
        <time>2022-12-04T05:04:04</time>
      </trkpt>
      <trkpt lat="23.018538476899266" lon="120.21585484966636">
        <ele>45.0</ele>
        <time>2022-12-04T05:04:09</time>
      </trkpt>
      <trkpt lat="23.018514420837164" lon="120.21584923379123">
        <ele>45.0</ele>
        <time>2022-12-04T05:04:10</time>
      </trkpt>
      <trkpt lat="23.018403444439173" lon="120.21581788547337">
        <ele>45.0</ele>
        <time>2022-12-04T05:04:14</time>
      </trkpt>
      <trkpt lat="23.01821024157107" lon="120.2157471422106">
        <ele>45.0</ele>
        <time>2022-12-04T05:04:20</time>
      </trkpt>
      <trkpt lat="23.01817713305354" lon="120.21573079749942">
        <ele>45.0</ele>
        <time>2022-12-04T05:04:21</time>
      </trkpt>
      <trkpt lat="23.0181722715497" lon="120.21565628238022">
        <ele>45.0</ele>
        <time>2022-12-04T05:04:22</time>
      </trkpt>
      <trkpt lat="23.018144695088267" lon="120.21562057547271">
        <ele>46.0</ele>
        <time>2022-12-04T05:04:23</time>
      </trkpt>
      <trkpt lat="23.0181120056659" lon="120.21559618413448">
        <ele>46.0</ele>
        <time>2022-12-04T05:04:24</time>
      </trkpt>
      <trkpt lat="23.01800563931465" lon="120.21554815582931">
        <ele>46.0</ele>
        <time>2022-12-04T05:04:27</time>
      </trkpt>
      <trkpt lat="23.017939338460565" lon="120.21551454439759">
        <ele>46.0</ele>
        <time>2022-12-04T05:04:29</time>
      </trkpt>
      <trkpt lat="23.01774705760181" lon="120.21543164737523">
        <ele>47.0</ele>
        <time>2022-12-04T05:04:35</time>
      </trkpt>
      <trkpt lat="23.017685199156404" lon="120.21540432237089">
        <ele>47.0</ele>
        <time>2022-12-04T05:04:37</time>
      </trkpt>
      <trkpt lat="23.01756433211267" lon="120.21533131599426">
        <ele>47.0</ele>
        <time>2022-12-04T05:04:42</time>
      </trkpt>
      <trkpt lat="23.017398370429873" lon="120.21520340815187">
        <ele>47.0</ele>
        <time>2022-12-04T05:04:48</time>
      </trkpt>
      <trkpt lat="23.017365178093314" lon="120.21518521942198">
        <ele>47.0</ele>
        <time>2022-12-04T05:04:49</time>
      </trkpt>
      <trkpt lat="23.017280688509345" lon="120.21511808037758">
        <ele>48.0</ele>
        <time>2022-12-04T05:04:52</time>
      </trkpt>
      <trkpt lat="23.017253782600164" lon="120.21509578451514">
        <ele>49.0</ele>
        <time>2022-12-04T05:04:53</time>
      </trkpt>
      <trkpt lat="23.017222601920366" lon="120.21507650613785">
        <ele>49.0</ele>
        <time>2022-12-04T05:04:54</time>
      </trkpt>
      <trkpt lat="23.017133502289653" lon="120.21502923220396">
        <ele>50.0</ele>
        <time>2022-12-04T05:04:57</time>
      </trkpt>
      <trkpt lat="23.017011294141412" lon="120.21493937820196">
        <ele>50.0</ele>
        <time>2022-12-04T05:05:01</time>
      </trkpt>
      <trkpt lat="23.016914147883654" lon="120.2148686349392">
        <ele>50.0</ele>
        <time>2022-12-04T05:05:04</time>
      </trkpt>
      <trkpt lat="23.016847679391503" lon="120.21481432020664">
        <ele>50.0</ele>
        <time>2022-12-04T05:05:06</time>
      </trkpt>
      <trkpt lat="23.016816833987832" lon="120.2147869952023">
        <ele>50.0</ele>
        <time>2022-12-04T05:05:07</time>
      </trkpt>
      <trkpt lat="23.01672480069101" lon="120.21470200270414">
        <ele>51.0</ele>
        <time>2022-12-04T05:05:10</time>
      </trkpt>
      <trkpt lat="23.01666042767465" lon="120.21464073099196">
        <ele>51.0</ele>
        <time>2022-12-04T05:05:12</time>
      </trkpt>
      <trkpt lat="23.016643077135086" lon="120.21458457224071">
        <ele>51.0</ele>
        <time>2022-12-04T05:05:13</time>
      </trkpt>
      <trkpt lat="23.016620110720396" lon="120.21453889086843">
        <ele>51.0</ele>
        <time>2022-12-04T05:05:14</time>
      </trkpt>
      <trkpt lat="23.016521790996194" lon="120.21445021033287">
        <ele>51.0</ele>
        <time>2022-12-04T05:05:17</time>
      </trkpt>
      <trkpt lat="23.01643704995513" lon="120.21441827528179">
        <ele>51.0</ele>
        <time>2022-12-04T05:05:19</time>
      </trkpt>
      <trkpt lat="23.01632565446198" lon="120.21430285647511">
        <ele>51.0</ele>
        <time>2022-12-04T05:05:23</time>
      </trkpt>
      <trkpt lat="23.016307298094034" lon="120.21427762694657">
        <ele>51.0</ele>
        <time>2022-12-04T05:05:24</time>
      </trkpt>
      <trkpt lat="23.016188526526093" lon="120.21420193836093">
        <ele>51.0</ele>
        <time>2022-12-04T05:05:30</time>
      </trkpt>
      <trkpt lat="23.01612096838653" lon="120.21417318843305">
        <ele>51.0</ele>
        <time>2022-12-04T05:05:32</time>
      </trkpt>
      <trkpt lat="23.016056092455983" lon="120.21414670161903">
        <ele>51.0</ele>
        <time>2022-12-04T05:05:34</time>
      </trkpt>
      <trkpt lat="23.01598308607936" lon="120.21408467553556">
        <ele>51.0</ele>
        <time>2022-12-04T05:05:37</time>
      </trkpt>
      <trkpt lat="23.01581989042461" lon="120.21391686983407">
        <ele>52.0</ele>
        <time>2022-12-04T05:05:44</time>
      </trkpt>
      <trkpt lat="23.015786027535796" lon="120.21390689536929">
        <ele>52.0</ele>
        <time>2022-12-04T05:05:45</time>
      </trkpt>
      <trkpt lat="23.01561076194048" lon="120.21374520845711">
        <ele>52.0</ele>
        <time>2022-12-04T05:05:51</time>
      </trkpt>
      <trkpt lat="23.01548612304032" lon="120.21364093758166">
        <ele>52.0</ele>
        <time>2022-12-04T05:05:55</time>
      </trkpt>
      <trkpt lat="23.015369614586234" lon="120.21352895535529">
        <ele>52.0</ele>
        <time>2022-12-04T05:05:59</time>
      </trkpt>
      <trkpt lat="23.015200970694423" lon="120.21335762925446">
        <ele>52.0</ele>
        <time>2022-12-04T05:06:05</time>
      </trkpt>
      <trkpt lat="23.015079265460372" lon="120.21324455738068">
        <ele>52.0</ele>
        <time>2022-12-04T05:06:10</time>
      </trkpt>
      <trkpt lat="23.015063842758536" lon="120.21323039196432">
        <ele>52.0</ele>
        <time>2022-12-04T05:06:11</time>
      </trkpt>
      <trkpt lat="23.01503903232515" lon="120.21321010775864">
        <ele>52.0</ele>
        <time>2022-12-04T05:06:14</time>
      </trkpt>
      <trkpt lat="23.01502587273717" lon="120.21319485269487">
        <ele>51.0</ele>
        <time>2022-12-04T05:06:16</time>
      </trkpt>
      <trkpt lat="23.01502344198525" lon="120.21318504586816">
        <ele>51.0</ele>
        <time>2022-12-04T05:06:17</time>
      </trkpt>
      <trkpt lat="23.015028554946184" lon="120.2131809387356">
        <ele>51.0</ele>
        <time>2022-12-04T05:06:21</time>
      </trkpt>
      <trkpt lat="23.015029560774565" lon="120.21318068727851">
        <ele>50.0</ele>
        <time>2022-12-04T05:06:23</time>
      </trkpt>
      <trkpt lat="23.015021765604615" lon="120.21317741833627">
        <ele>50.0</ele>
        <time>2022-12-04T05:06:26</time>
      </trkpt>
      <trkpt lat="23.01499368622899" lon="120.21314774639904">
        <ele>50.0</ele>
        <time>2022-12-04T05:06:28</time>
      </trkpt>
      <trkpt lat="23.014852702617645" lon="120.21299863234162">
        <ele>50.0</ele>
        <time>2022-12-04T05:06:33</time>
      </trkpt>
      <trkpt lat="23.01481582224369" lon="120.21297466009855">
        <ele>50.0</ele>
        <time>2022-12-04T05:06:34</time>
      </trkpt>
      <trkpt lat="23.014640472829342" lon="120.21283929236233">
        <ele>50.0</ele>
        <time>2022-12-04T05:06:40</time>
      </trkpt>
      <trkpt lat="23.014514073729515" lon="120.21275354549289">
        <ele>49.0</ele>
        <time>2022-12-04T05:06:46</time>
      </trkpt>
      <trkpt lat="23.01442053169012" lon="120.21271171979606">
        <ele>49.0</ele>
        <time>2022-12-04T05:06:51</time>
      </trkpt>
      <trkpt lat="23.014391278848052" lon="120.21270275115967">
        <ele>48.0</ele>
        <time>2022-12-04T05:06:52</time>
      </trkpt>
      <trkpt lat="23.01424752920866" lon="120.21262027323246">
        <ele>48.0</ele>
        <time>2022-12-04T05:06:57</time>
      </trkpt>
      <trkpt lat="23.01422657445073" lon="120.21258842200041">
        <ele>48.0</ele>
        <time>2022-12-04T05:06:58</time>
      </trkpt>
      <trkpt lat="23.014081064611673" lon="120.21250175312161">
        <ele>48.0</ele>
        <time>2022-12-04T05:07:04</time>
      </trkpt>
      <trkpt lat="23.014055248349905" lon="120.21249605342746">
        <ele>48.0</ele>
        <time>2022-12-04T05:07:05</time>
      </trkpt>
      <trkpt lat="23.014018032699823" lon="120.21247853524983">
        <ele>47.0</ele>
        <time>2022-12-04T05:07:09</time>
      </trkpt>
      <trkpt lat="23.014023564755917" lon="120.21246386691928">
        <ele>47.0</ele>
        <time>2022-12-04T05:07:12</time>
      </trkpt>
      <trkpt lat="23.01403102464974" lon="120.21246545948088">
        <ele>46.0</ele>
        <time>2022-12-04T05:07:14</time>
      </trkpt>
      <trkpt lat="23.014031779021025" lon="120.21246554329991">
        <ele>46.0</ele>
        <time>2022-12-04T05:07:15</time>
      </trkpt>
      <trkpt lat="23.014022391289473" lon="120.21249043755233">
        <ele>46.0</ele>
        <time>2022-12-04T05:07:20</time>
      </trkpt>
      <trkpt lat="23.014015853405" lon="120.21249680779874">
        <ele>46.0</ele>
        <time>2022-12-04T05:07:22</time>
      </trkpt>
      <trkpt lat="23.013984337449074" lon="120.2124940417707">
        <ele>46.0</ele>
        <time>2022-12-04T05:07:32</time>
      </trkpt>
      <trkpt lat="23.013869924470782" lon="120.2127131447196">
        <ele>46.0</ele>
        <time>2022-12-04T05:07:39</time>
      </trkpt>
      <trkpt lat="23.013859279453754" lon="120.21272823214531">
        <ele>46.0</ele>
        <time>2022-12-04T05:07:42</time>
      </trkpt>
      <trkpt lat="23.013859279453754" lon="120.21272856742144">
        <ele>46.0</ele>
        <time>2022-12-04T05:07:43</time>
      </trkpt>
      <trkpt lat="23.013858860358596" lon="120.21272831596434">
        <ele>46.0</ele>
        <time>2022-12-04T05:07:44</time>
      </trkpt>
      <trkpt lat="23.01385902799666" lon="120.21272814832628">
        <ele>46.0</ele>
        <time>2022-12-04T05:07:45</time>
      </trkpt>
      <trkpt lat="23.013858944177628" lon="120.21272806450725">
        <ele>46.0</ele>
        <time>2022-12-04T05:07:46</time>
      </trkpt>
      <trkpt lat="23.013858776539564" lon="120.21272806450725">
        <ele>47.0</ele>
        <time>2022-12-04T05:07:47</time>
      </trkpt>
      <trkpt lat="23.01385902799666" lon="120.21272823214531">
        <ele>47.0</ele>
        <time>2022-12-04T05:07:48</time>
      </trkpt>
      <trkpt lat="23.01386539824307" lon="120.2127216104418">
        <ele>47.0</ele>
        <time>2022-12-04T05:07:51</time>
      </trkpt>
      <trkpt lat="23.0138707626611" lon="120.2127200178802">
        <ele>47.0</ele>
        <time>2022-12-04T05:07:54</time>
      </trkpt>
      <trkpt lat="23.013873612508178" lon="120.21271951496601">
        <ele>47.0</ele>
        <time>2022-12-04T05:07:55</time>
      </trkpt>
      <trkpt lat="23.0138897895813" lon="120.21269931457937">
        <ele>47.0</ele>
        <time>2022-12-04T05:08:01</time>
      </trkpt>
      <trkpt lat="23.013890124857426" lon="120.21269168704748">
        <ele>47.0</ele>
        <time>2022-12-04T05:08:03</time>
      </trkpt>
      <trkpt lat="23.013941422104836" lon="120.21262312307954">
        <ele>46.0</ele>
        <time>2022-12-04T05:08:10</time>
      </trkpt>
      <trkpt lat="23.01395039074123" lon="120.21261440590024">
        <ele>46.0</ele>
        <time>2022-12-04T05:08:11</time>
      </trkpt>
      <trkpt lat="23.013979475945234" lon="120.21262580528855">
        <ele>46.0</ele>
        <time>2022-12-04T05:08:19</time>
      </trkpt>
      <trkpt lat="23.01397000439465" lon="120.21266402676702">
        <ele>47.0</ele>
        <time>2022-12-04T05:08:26</time>
      </trkpt>
      <trkpt lat="23.0139812361449" lon="120.21265137009323">
        <ele>47.0</ele>
        <time>2022-12-04T05:08:28</time>
      </trkpt>
      <trkpt lat="23.013991210609674" lon="120.21264525130391">
        <ele>46.0</ele>
        <time>2022-12-04T05:08:38</time>
      </trkpt>
      <trkpt lat="23.013985510915518" lon="120.21263427101076">
        <ele>46.0</ele>
        <time>2022-12-04T05:08:44</time>
      </trkpt>
      <trkpt lat="23.013971764594316" lon="120.21258741617203">
        <ele>46.0</ele>
        <time>2022-12-04T05:08:47</time>
      </trkpt>
      <trkpt lat="23.01397050730884" lon="120.21255548112094">
        <ele>46.0</ele>
        <time>2022-12-04T05:08:50</time>
      </trkpt>
      <trkpt lat="23.013980984687805" lon="120.21252782084048">
        <ele>46.0</ele>
        <time>2022-12-04T05:08:51</time>
      </trkpt>
      <trkpt lat="23.01398567855358" lon="120.21252195350826">
        <ele>46.0</ele>
        <time>2022-12-04T05:08:52</time>
      </trkpt>
      <trkpt lat="23.013992803171277" lon="120.21252027712762">
        <ele>46.0</ele>
        <time>2022-12-04T05:08:53</time>
      </trkpt>
      <trkpt lat="23.014017529785633" lon="120.21252974867821">
        <ele>46.0</ele>
        <time>2022-12-04T05:08:56</time>
      </trkpt>
      <trkpt lat="23.01405834965408" lon="120.21256201900542">
        <ele>47.0</ele>
        <time>2022-12-04T05:09:00</time>
      </trkpt>
      <trkpt lat="23.014062624424696" lon="120.21260049194098">
        <ele>47.0</ele>
        <time>2022-12-04T05:09:03</time>
      </trkpt>
      <trkpt lat="23.014078298583627" lon="120.21261415444314">
        <ele>48.0</ele>
        <time>2022-12-04T05:09:08</time>
      </trkpt>
      <trkpt lat="23.01408232189715" lon="120.2126145735383">
        <ele>48.0</ele>
        <time>2022-12-04T05:09:09</time>
      </trkpt>
      <trkpt lat="23.01409657113254" lon="120.21257408894598">
        <ele>49.0</ele>
        <time>2022-12-04T05:09:16</time>
      </trkpt>
      <trkpt lat="23.014157842844725" lon="120.21251348778605">
        <ele>49.0</ele>
        <time>2022-12-04T05:09:21</time>
      </trkpt>
      <trkpt lat="23.014186844229698" lon="120.21253326907754">
        <ele>50.0</ele>
        <time>2022-12-04T05:09:24</time>
      </trkpt>
      <trkpt lat="23.014185670763254" lon="120.21256428211927">
        <ele>50.0</ele>
        <time>2022-12-04T05:09:26</time>
      </trkpt>
      <trkpt lat="23.01417326554656" lon="120.21260065957904">
        <ele>51.0</ele>
        <time>2022-12-04T05:09:29</time>
      </trkpt>
      <trkpt lat="23.01415708847344" lon="120.21262421272695">
        <ele>51.0</ele>
        <time>2022-12-04T05:09:33</time>
      </trkpt>
      <trkpt lat="23.014157256111503" lon="120.21261172369123">
        <ele>51.0</ele>
        <time>2022-12-04T05:09:35</time>
      </trkpt>
      <trkpt lat="23.014139821752906" lon="120.21259135566652">
        <ele>51.0</ele>
        <time>2022-12-04T05:09:38</time>
      </trkpt>
      <trkpt lat="23.014127081260085" lon="120.21258356049657">
        <ele>52.0</ele>
        <time>2022-12-04T05:09:40</time>
      </trkpt>
      <trkpt lat="23.01406715065241" lon="120.21255070343614">
        <ele>52.0</ele>
        <time>2022-12-04T05:09:46</time>
      </trkpt>
      <trkpt lat="23.013996072113514" lon="120.21246084943414">
        <ele>52.0</ele>
        <time>2022-12-04T05:09:54</time>
      </trkpt>
      <trkpt lat="23.013999508693814" lon="120.21242916584015">
        <ele>52.0</ele>
        <time>2022-12-04T05:10:00</time>
      </trkpt>
      <trkpt lat="23.013993306085467" lon="120.21240443922579">
        <ele>52.0</ele>
        <time>2022-12-04T05:10:02</time>
      </trkpt>
      <trkpt lat="23.013965813443065" lon="120.21237535402179">
        <ele>52.0</ele>
        <time>2022-12-04T05:10:05</time>
      </trkpt>
      <trkpt lat="23.013950558379292" lon="120.21235724911094">
        <ele>52.0</ele>
        <time>2022-12-04T05:10:08</time>
      </trkpt>
      <trkpt lat="23.013922814279795" lon="120.21234760992229">
        <ele>52.0</ele>
        <time>2022-12-04T05:10:12</time>
      </trkpt>
      <trkpt lat="23.01390202715993" lon="120.21234107203782">
        <ele>51.0</ele>
        <time>2022-12-04T05:10:14</time>
      </trkpt>
      <trkpt lat="23.01389171741903" lon="120.21233486942947">
        <ele>51.0</ele>
        <time>2022-12-04T05:10:15</time>
      </trkpt>
      <trkpt lat="23.01385668106377" lon="120.21230234764516">
        <ele>51.0</ele>
        <time>2022-12-04T05:10:19</time>
      </trkpt>
      <trkpt lat="23.013848047703505" lon="120.2122852485627">
        <ele>51.0</ele>
        <time>2022-12-04T05:10:21</time>
      </trkpt>
      <trkpt lat="23.013840168714523" lon="120.21228642202914">
        <ele>51.0</ele>
        <time>2022-12-04T05:10:23</time>
      </trkpt>
      <trkpt lat="23.01380245015025" lon="120.21226856857538">
        <ele>52.0</ele>
        <time>2022-12-04T05:10:27</time>
      </trkpt>
      <trkpt lat="23.01378912292421" lon="120.21224576979876">
        <ele>51.0</ele>
        <time>2022-12-04T05:10:35</time>
      </trkpt>
      <trkpt lat="23.013795325532556" lon="120.21222196519375">
        <ele>52.0</ele>
        <time>2022-12-04T05:10:40</time>
      </trkpt>
      <trkpt lat="23.013821309432387" lon="120.2122350409627">
        <ele>51.0</ele>
        <time>2022-12-04T05:10:41</time>
      </trkpt>
      <trkpt lat="23.013834720477462" lon="120.21225733682513">
        <ele>51.0</ele>
        <time>2022-12-04T05:10:43</time>
      </trkpt>
      <trkpt lat="23.01389280706644" lon="120.212296647951">
        <ele>51.0</ele>
        <time>2022-12-04T05:10:50</time>
      </trkpt>
      <trkpt lat="23.01390261389315" lon="120.21230796352029">
        <ele>51.0</ele>
        <time>2022-12-04T05:10:52</time>
      </trkpt>
      <trkpt lat="23.01391677930951" lon="120.21233981475234">
        <ele>51.0</ele>
        <time>2022-12-04T05:10:57</time>
      </trkpt>
      <trkpt lat="23.01392205990851" lon="120.21231844089925">
        <ele>52.0</ele>
        <time>2022-12-04T05:11:03</time>
      </trkpt>
      <trkpt lat="23.013888699933887" lon="120.2122281678021">
        <ele>52.0</ele>
        <time>2022-12-04T05:11:11</time>
      </trkpt>
      <trkpt lat="23.013885095715523" lon="120.21221978589892">
        <ele>52.0</ele>
        <time>2022-12-04T05:11:14</time>
      </trkpt>
      <trkpt lat="23.0138966627419" lon="120.21220453083515">
        <ele>52.0</ele>
        <time>2022-12-04T05:11:18</time>
      </trkpt>
      <trkpt lat="23.013890041038394" lon="120.21221475675702">
        <ele>52.0</ele>
        <time>2022-12-04T05:11:21</time>
      </trkpt>
      <trkpt lat="23.013900015503168" lon="120.21222900599241">
        <ele>52.0</ele>
        <time>2022-12-04T05:11:22</time>
      </trkpt>
      <trkpt lat="23.013803120702505" lon="120.21216069348156">
        <ele>52.0</ele>
        <time>2022-12-04T05:11:26</time>
      </trkpt>
      <trkpt lat="23.013812340795994" lon="120.21216069348156">
        <ele>52.0</ele>
        <time>2022-12-04T05:11:29</time>
      </trkpt>
      <trkpt lat="23.01383161917329" lon="120.21213931962848">
        <ele>52.0</ele>
        <time>2022-12-04T05:11:33</time>
      </trkpt>
      <trkpt lat="23.013838324695826" lon="120.21213009953499">
        <ele>52.0</ele>
        <time>2022-12-04T05:11:36</time>
      </trkpt>
      <trkpt lat="23.013842264190316" lon="120.21213579922915">
        <ele>52.0</ele>
        <time>2022-12-04T05:11:37</time>
      </trkpt>
      <trkpt lat="23.013876797631383" lon="120.21214099600911">
        <ele>52.0</ele>
        <time>2022-12-04T05:11:41</time>
      </trkpt>
      <trkpt lat="23.013892471790314" lon="120.21216941066086">
        <ele>51.0</ele>
        <time>2022-12-04T05:11:45</time>
      </trkpt>
      <trkpt lat="23.013877887278795" lon="120.2122466918081">
        <ele>51.0</ele>
        <time>2022-12-04T05:11:49</time>
      </trkpt>
      <trkpt lat="23.01387906074524" lon="120.21226312033832">
        <ele>51.0</ele>
        <time>2022-12-04T05:11:50</time>
      </trkpt>
      <trkpt lat="23.01399691030383" lon="120.21220277063549">
        <ele>51.0</ele>
        <time>2022-12-04T05:13:15</time>
      </trkpt>
      <trkpt lat="23.01393337547779" lon="120.21224820055068">
        <ele>52.0</ele>
        <time>2022-12-04T05:13:19</time>
      </trkpt>
      <trkpt lat="23.013899847865105" lon="120.21219271235168">
        <ele>52.0</ele>
        <time>2022-12-04T05:13:25</time>
      </trkpt>
      <trkpt lat="23.013907056301832" lon="120.2122004237026">
        <ele>52.0</ele>
        <time>2022-12-04T05:13:27</time>
      </trkpt>
      <trkpt lat="23.013929519802332" lon="120.2121964842081">
        <ele>52.0</ele>
        <time>2022-12-04T05:13:30</time>
      </trkpt>
      <trkpt lat="23.01391183398664" lon="120.21214803680778">
        <ele>52.0</ele>
        <time>2022-12-04T05:13:32</time>
      </trkpt>
      <trkpt lat="23.01390403881669" lon="120.212132781744">
        <ele>52.0</ele>
        <time>2022-12-04T05:13:33</time>
      </trkpt>
      <trkpt lat="23.013897836208344" lon="120.21213253028691">
        <ele>52.0</ele>
        <time>2022-12-04T05:13:38</time>
      </trkpt>
      <trkpt lat="23.013939410448074" lon="120.2121554967016">
        <ele>52.0</ele>
        <time>2022-12-04T05:13:40</time>
      </trkpt>
      <trkpt lat="23.013999927788973" lon="120.2121655549854">
        <ele>52.0</ele>
        <time>2022-12-04T05:13:45</time>
      </trkpt>
      <trkpt lat="23.014026749879122" lon="120.2121602743864">
        <ele>52.0</ele>
        <time>2022-12-04T05:13:46</time>
      </trkpt>
      <trkpt lat="23.01371645182371" lon="120.21217645145953">
        <ele>46.0</ele>
        <time>2022-12-04T05:16:31</time>
      </trkpt>
      <trkpt lat="23.013808568939567" lon="120.21202465519309">
        <ele>46.0</ele>
        <time>2022-12-04T05:16:35</time>
      </trkpt>
      <trkpt lat="23.01380923949182" lon="120.21204225718975">
        <ele>46.0</ele>
        <time>2022-12-04T05:16:36</time>
      </trkpt>
      <trkpt lat="23.013797337189317" lon="120.21208584308624">
        <ele>46.0</ele>
        <time>2022-12-04T05:16:39</time>
      </trkpt>
      <trkpt lat="23.01384687423706" lon="120.21216521970928">
        <ele>46.0</ele>
        <time>2022-12-04T05:16:47</time>
      </trkpt>
      <trkpt lat="23.013846455141902" lon="120.21218122914433">
        <ele>46.0</ele>
        <time>2022-12-04T05:16:48</time>
      </trkpt>
      <trkpt lat="23.01384385675192" lon="120.21218240261078">
        <ele>46.0</ele>
        <time>2022-12-04T05:16:50</time>
      </trkpt>
      <trkpt lat="23.013852573931217" lon="120.21218399517238">
        <ele>46.0</ele>
        <time>2022-12-04T05:16:54</time>
      </trkpt>
      <trkpt lat="23.013838743790984" lon="120.21220855414867">
        <ele>46.0</ele>
        <time>2022-12-04T05:17:02</time>
      </trkpt>
      <trkpt lat="23.013866487890482" lon="120.21225800737739">
        <ele>46.0</ele>
        <time>2022-12-04T05:17:04</time>
      </trkpt>
      <trkpt lat="23.013877719640732" lon="120.21226538345218">
        <ele>46.0</ele>
        <time>2022-12-04T05:17:09</time>
      </trkpt>
      <trkpt lat="23.01389381289482" lon="120.21223227493465">
        <ele>47.0</ele>
        <time>2022-12-04T05:17:17</time>
      </trkpt>
      <trkpt lat="23.01385165192187" lon="120.21221333183348">
        <ele>47.0</ele>
        <time>2022-12-04T05:17:22</time>
      </trkpt>
      <trkpt lat="23.013878474012017" lon="120.2122141700238">
        <ele>47.0</ele>
        <time>2022-12-04T05:17:25</time>
      </trkpt>
      <trkpt lat="23.013882916420698" lon="120.21221400238574">
        <ele>47.0</ele>
        <time>2022-12-04T05:17:29</time>
      </trkpt>
      <trkpt lat="23.01388643682003" lon="120.2122194506228">
        <ele>47.0</ele>
        <time>2022-12-04T05:17:30</time>
      </trkpt>
      <trkpt lat="23.013883335515857" lon="120.21222414448857">
        <ele>47.0</ele>
        <time>2022-12-04T05:17:33</time>
      </trkpt>
      <trkpt lat="23.01389565691352" lon="120.21224752999842">
        <ele>47.0</ele>
        <time>2022-12-04T05:17:40</time>
      </trkpt>
      <trkpt lat="23.013901859521866" lon="120.21224996075034">
        <ele>48.0</ele>
        <time>2022-12-04T05:17:44</time>
      </trkpt>
      <trkpt lat="23.01389817148447" lon="120.2122379746288">
        <ele>48.0</ele>
        <time>2022-12-04T05:17:45</time>
      </trkpt>
      <trkpt lat="23.01389615982771" lon="120.21222808398306">
        <ele>48.0</ele>
        <time>2022-12-04T05:17:47</time>
      </trkpt>
      <trkpt lat="23.013893645256758" lon="120.21223378367722">
        <ele>48.0</ele>
        <time>2022-12-04T05:17:51</time>
      </trkpt>
      <trkpt lat="23.013819381594658" lon="120.21228717640042">
        <ele>48.0</ele>
        <time>2022-12-04T05:17:57</time>
      </trkpt>
      <trkpt lat="23.013814687728882" lon="120.21228231489658">
        <ele>48.0</ele>
        <time>2022-12-04T05:17:59</time>
      </trkpt>
      <trkpt lat="23.01380622200668" lon="120.21226420998573">
        <ele>48.0</ele>
        <time>2022-12-04T05:18:00</time>
      </trkpt>
      <trkpt lat="23.013775376603007" lon="120.212243758142">
        <ele>48.0</ele>
        <time>2022-12-04T05:18:02</time>
      </trkpt>
      <trkpt lat="23.013764647766948" lon="120.21223462186754">
        <ele>48.0</ele>
        <time>2022-12-04T05:18:03</time>
      </trkpt>
      <trkpt lat="23.013755092397332" lon="120.2122178580612">
        <ele>48.0</ele>
        <time>2022-12-04T05:18:04</time>
      </trkpt>
      <trkpt lat="23.01372810266912" lon="120.21218307316303">
        <ele>48.0</ele>
        <time>2022-12-04T05:18:07</time>
      </trkpt>
      <trkpt lat="23.01371829584241" lon="120.21217284724116">
        <ele>48.0</ele>
        <time>2022-12-04T05:18:08</time>
      </trkpt>
      <trkpt lat="23.013709159567952" lon="120.21216413006186">
        <ele>48.0</ele>
        <time>2022-12-04T05:18:09</time>
      </trkpt>
      <trkpt lat="23.013690384104848" lon="120.21215608343482">
        <ele>49.0</ele>
        <time>2022-12-04T05:18:12</time>
      </trkpt>
      <trkpt lat="23.013676637783647" lon="120.21214527077973">
        <ele>49.0</ele>
        <time>2022-12-04T05:18:15</time>
      </trkpt>
      <trkpt lat="23.013672195374966" lon="120.21214032545686">
        <ele>49.0</ele>
        <time>2022-12-04T05:18:17</time>
      </trkpt>
      <trkpt lat="23.013665825128555" lon="120.21213864907622">
        <ele>49.0</ele>
        <time>2022-12-04T05:18:19</time>
      </trkpt>
      <trkpt lat="23.013665657490492" lon="120.21213236264884">
        <ele>49.0</ele>
        <time>2022-12-04T05:18:23</time>
      </trkpt>
      <trkpt lat="23.013685354962945" lon="120.21213973872364">
        <ele>49.0</ele>
        <time>2022-12-04T05:18:27</time>
      </trkpt>
      <trkpt lat="23.013667752966285" lon="120.2120757009834">
        <ele>49.0</ele>
        <time>2022-12-04T05:18:36</time>
      </trkpt>
      <trkpt lat="23.013664986938238" lon="120.21207511425018">
        <ele>49.0</ele>
        <time>2022-12-04T05:18:42</time>
      </trkpt>
      <trkpt lat="23.01366951316595" lon="120.21207863464952">
        <ele>49.0</ele>
        <time>2022-12-04T05:18:43</time>
      </trkpt>
      <trkpt lat="23.01367538049817" lon="120.21208240650594">
        <ele>49.0</ele>
        <time>2022-12-04T05:18:44</time>
      </trkpt>
      <trkpt lat="23.01369884982705" lon="120.21210310980678">
        <ele>49.0</ele>
        <time>2022-12-04T05:18:49</time>
      </trkpt>
      <trkpt lat="23.01370312459767" lon="120.21212154999375">
        <ele>49.0</ele>
        <time>2022-12-04T05:18:52</time>
      </trkpt>
      <trkpt lat="23.013655599206686" lon="120.2121451869607">
        <ele>50.0</ele>
        <time>2022-12-04T05:18:58</time>
      </trkpt>
      <trkpt lat="23.013638500124216" lon="120.21214242093265">
        <ele>50.0</ele>
        <time>2022-12-04T05:19:01</time>
      </trkpt>
      <trkpt lat="23.01363087259233" lon="120.21213127300143">
        <ele>50.0</ele>
        <time>2022-12-04T05:19:09</time>
      </trkpt>
      <trkpt lat="23.01361276768148" lon="120.21213948726654">
        <ele>50.0</ele>
        <time>2022-12-04T05:19:18</time>
      </trkpt>
      <trkpt lat="23.013602709397674" lon="120.21214577369392">
        <ele>50.0</ele>
        <time>2022-12-04T05:19:29</time>
      </trkpt>
      <trkpt lat="23.013609498739243" lon="120.2121465280652">
        <ele>50.0</ele>
        <time>2022-12-04T05:19:30</time>
      </trkpt>
      <trkpt lat="23.01363129168749" lon="120.21213856525719">
        <ele>50.0</ele>
        <time>2022-12-04T05:19:33</time>
      </trkpt>
      <trkpt lat="23.013638500124216" lon="120.21213345229626">
        <ele>50.0</ele>
        <time>2022-12-04T05:19:35</time>
      </trkpt>
      <trkpt lat="23.01362986676395" lon="120.21210579201579">
        <ele>50.0</ele>
        <time>2022-12-04T05:19:40</time>
      </trkpt>
      <trkpt lat="23.013615952804685" lon="120.21209808066487">
        <ele>50.0</ele>
        <time>2022-12-04T05:19:41</time>
      </trkpt>
      <trkpt lat="23.013504138216376" lon="120.21202214062214">
        <ele>50.0</ele>
        <time>2022-12-04T05:19:46</time>
      </trkpt>
      <trkpt lat="23.013462061062455" lon="120.21193698048592">
        <ele>50.0</ele>
        <time>2022-12-04T05:19:49</time>
      </trkpt>
      <trkpt lat="23.013379080221057" lon="120.21184662356973">
        <ele>50.0</ele>
        <time>2022-12-04T05:19:53</time>
      </trkpt>
      <trkpt lat="23.01318629644811" lon="120.21173547953367">
        <ele>50.0</ele>
        <time>2022-12-04T05:19:59</time>
      </trkpt>
      <trkpt lat="23.013028046116233" lon="120.21162835881114">
        <ele>50.0</ele>
        <time>2022-12-04T05:20:04</time>
      </trkpt>
      <trkpt lat="23.012994937598705" lon="120.2116060629487">
        <ele>50.0</ele>
        <time>2022-12-04T05:20:05</time>
      </trkpt>
      <trkpt lat="23.012779774144292" lon="120.21147597581148">
        <ele>50.0</ele>
        <time>2022-12-04T05:20:11</time>
      </trkpt>
      <trkpt lat="23.012465871870518" lon="120.2113388478756">
        <ele>50.0</ele>
        <time>2022-12-04T05:20:19</time>
      </trkpt>
      <trkpt lat="23.012334862723947" lon="120.21120373159647">
        <ele>51.0</ele>
        <time>2022-12-04T05:20:23</time>
      </trkpt>
      <trkpt lat="23.012168230488896" lon="120.21124798804522">
        <ele>51.0</ele>
        <time>2022-12-04T05:20:26</time>
      </trkpt>
      <trkpt lat="23.012038562446833" lon="120.21122510544956">
        <ele>51.0</ele>
        <time>2022-12-04T05:20:29</time>
      </trkpt>
      <trkpt lat="23.011960862204432" lon="120.21118244156241">
        <ele>51.0</ele>
        <time>2022-12-04T05:20:31</time>
      </trkpt>
      <trkpt lat="23.01189531572163" lon="120.21110826171935">
        <ele>51.0</ele>
        <time>2022-12-04T05:20:33</time>
      </trkpt>
      <trkpt lat="23.01163237541914" lon="120.21101119928062">
        <ele>51.0</ele>
        <time>2022-12-04T05:20:39</time>
      </trkpt>
      <trkpt lat="23.011399107053876" lon="120.21099049597979">
        <ele>51.0</ele>
        <time>2022-12-04T05:20:44</time>
      </trkpt>
      <trkpt lat="23.011318892240524" lon="120.2109606564045">
        <ele>51.0</ele>
        <time>2022-12-04T05:20:46</time>
      </trkpt>
      <trkpt lat="23.010997530072927" lon="120.21081388927996">
        <ele>51.0</ele>
        <time>2022-12-04T05:20:53</time>
      </trkpt>
      <trkpt lat="23.01093315705657" lon="120.21083450876176">
        <ele>51.0</ele>
        <time>2022-12-04T05:20:54</time>
      </trkpt>
      <trkpt lat="23.010818995535374" lon="120.21083191037178">
        <ele>51.0</ele>
        <time>2022-12-04T05:20:56</time>
      </trkpt>
      <trkpt lat="23.01076157949865" lon="120.21081523038447">
        <ele>51.0</ele>
        <time>2022-12-04T05:20:57</time>
      </trkpt>
      <trkpt lat="23.010592265054584" lon="120.21076108328998">
        <ele>51.0</ele>
        <time>2022-12-04T05:21:00</time>
      </trkpt>
      <trkpt lat="23.01050316542387" lon="120.21072462201118">
        <ele>51.0</ele>
        <time>2022-12-04T05:21:02</time>
      </trkpt>
      <trkpt lat="23.010415406897664" lon="120.21066645160317">
        <ele>52.0</ele>
        <time>2022-12-04T05:21:05</time>
      </trkpt>
      <trkpt lat="23.010392943397164" lon="120.21065295673907">
        <ele>52.0</ele>
        <time>2022-12-04T05:21:06</time>
      </trkpt>
      <trkpt lat="23.01037073135376" lon="120.21064164116979">
        <ele>52.0</ele>
        <time>2022-12-04T05:21:07</time>
      </trkpt>
      <trkpt lat="23.010296216234565" lon="120.21063107997179">
        <ele>52.0</ele>
        <time>2022-12-04T05:21:11</time>
      </trkpt>
      <trkpt lat="23.010257575660944" lon="120.21060685627162">
        <ele>52.0</ele>
        <time>2022-12-04T05:21:14</time>
      </trkpt>
      <trkpt lat="23.01016604527831" lon="120.21058104000986">
        <ele>52.0</ele>
        <time>2022-12-04T05:21:20</time>
      </trkpt>
      <trkpt lat="23.0101475212723" lon="120.21058875136077">
        <ele>52.0</ele>
        <time>2022-12-04T05:21:21</time>
      </trkpt>
      <trkpt lat="23.010063534602523" lon="120.21055337972939">
        <ele>52.0</ele>
        <time>2022-12-04T05:21:27</time>
      </trkpt>
      <trkpt lat="23.010031934827566" lon="120.21056234836578">
        <ele>52.0</ele>
        <time>2022-12-04T05:21:29</time>
      </trkpt>
      <trkpt lat="23.009945852681994" lon="120.21054457873106">
        <ele>52.0</ele>
        <time>2022-12-04T05:21:36</time>
      </trkpt>
      <trkpt lat="23.009937470778823" lon="120.21053996868432">
        <ele>52.0</ele>
        <time>2022-12-04T05:21:37</time>
      </trkpt>
      <trkpt lat="23.00991777330637" lon="120.21052932366729">
        <ele>52.0</ele>
        <time>2022-12-04T05:21:39</time>
      </trkpt>
      <trkpt lat="23.00989245995879" lon="120.210523288697">
        <ele>52.0</ele>
        <time>2022-12-04T05:21:41</time>
      </trkpt>
      <trkpt lat="23.00988307222724" lon="120.21052110940218">
        <ele>52.0</ele>
        <time>2022-12-04T05:21:42</time>
      </trkpt>
      <trkpt lat="23.009882820770144" lon="120.2105169184506">
        <ele>52.0</ele>
        <time>2022-12-04T05:21:44</time>
      </trkpt>
      <trkpt lat="23.009884748607874" lon="120.2105237916112">
        <ele>52.0</ele>
        <time>2022-12-04T05:21:46</time>
      </trkpt>
      <trkpt lat="23.009880976751447" lon="120.21053049713373">
        <ele>52.0</ele>
        <time>2022-12-04T05:21:47</time>
      </trkpt>
      <trkpt lat="23.009876953437924" lon="120.2105370350182">
        <ele>52.0</ele>
        <time>2022-12-04T05:21:53</time>
      </trkpt>
      <trkpt lat="23.009871672838926" lon="120.21054516546428">
        <ele>52.0</ele>
        <time>2022-12-04T05:21:56</time>
      </trkpt>
      <trkpt lat="23.009870164096355" lon="120.21055547520518">
        <ele>52.0</ele>
        <time>2022-12-04T05:22:05</time>
      </trkpt>
      <trkpt lat="23.009871169924736" lon="120.2105597499758">
        <ele>52.0</ele>
        <time>2022-12-04T05:22:07</time>
      </trkpt>
      <trkpt lat="23.009851053357124" lon="120.21059981547296">
        <ele>52.0</ele>
        <time>2022-12-04T05:22:15</time>
      </trkpt>
      <trkpt lat="23.009804701432586" lon="120.21059176884592">
        <ele>52.0</ele>
        <time>2022-12-04T05:22:21</time>
      </trkpt>
      <trkpt lat="23.00979849882424" lon="120.21057642996311">
        <ele>52.0</ele>
        <time>2022-12-04T05:22:22</time>
      </trkpt>
      <trkpt lat="23.009710405021906" lon="120.21051742136478">
        <ele>52.0</ele>
        <time>2022-12-04T05:22:27</time>
      </trkpt>
      <trkpt lat="23.00969112664461" lon="120.2105076983571">
        <ele>52.0</ele>
        <time>2022-12-04T05:22:28</time>
      </trkpt>
      <trkpt lat="23.00952491350472" lon="120.21045573055744">
        <ele>52.0</ele>
        <time>2022-12-04T05:22:34</time>
      </trkpt>
      <trkpt lat="23.009435646235943" lon="120.21039462648332">
        <ele>52.0</ele>
        <time>2022-12-04T05:22:37</time>
      </trkpt>
      <trkpt lat="23.009402621537447" lon="120.21037543192506">
        <ele>52.0</ele>
        <time>2022-12-04T05:22:38</time>
      </trkpt>
      <trkpt lat="23.00936800427735" lon="120.21036009304225">
        <ele>52.0</ele>
        <time>2022-12-04T05:22:39</time>
      </trkpt>
      <trkpt lat="23.009337410330772" lon="120.21033360622823">
        <ele>52.0</ele>
        <time>2022-12-04T05:22:40</time>
      </trkpt>
      <trkpt lat="23.009310252964497" lon="120.21029957570136">
        <ele>52.0</ele>
        <time>2022-12-04T05:22:41</time>
      </trkpt>
      <trkpt lat="23.009275048971176" lon="120.2102780342102">
        <ele>52.0</ele>
        <time>2022-12-04T05:22:42</time>
      </trkpt>
      <trkpt lat="23.009141609072685" lon="120.21019647829235">
        <ele>52.0</ele>
        <time>2022-12-04T05:22:46</time>
      </trkpt>
      <trkpt lat="23.009105483070016" lon="120.21017242223024">
        <ele>52.0</ele>
        <time>2022-12-04T05:22:47</time>
      </trkpt>
      <trkpt lat="23.00903147086501" lon="120.21013285964727">
        <ele>52.0</ele>
        <time>2022-12-04T05:22:49</time>
      </trkpt>
      <trkpt lat="23.00898939371109" lon="120.21011685021222">
        <ele>52.0</ele>
        <time>2022-12-04T05:22:50</time>
      </trkpt>
      <trkpt lat="23.00894538871944" lon="120.21010167896748">
        <ele>52.0</ele>
        <time>2022-12-04T05:22:51</time>
      </trkpt>
      <trkpt lat="23.008859306573868" lon="120.21007183939219">
        <ele>52.0</ele>
        <time>2022-12-04T05:22:53</time>
      </trkpt>
      <trkpt lat="23.00881647504866" lon="120.21006161347032">
        <ele>52.0</ele>
        <time>2022-12-04T05:22:54</time>
      </trkpt>
      <trkpt lat="23.008726369589567" lon="120.21004619076848">
        <ele>52.0</ele>
        <time>2022-12-04T05:22:56</time>
      </trkpt>
      <trkpt lat="23.008525371551514" lon="120.21004342474043">
        <ele>52.0</ele>
        <time>2022-12-04T05:23:00</time>
      </trkpt>
      <trkpt lat="23.008290762081742" lon="120.20998768508434">
        <ele>51.0</ele>
        <time>2022-12-04T05:23:05</time>
      </trkpt>
      <trkpt lat="23.008243571966887" lon="120.20998248830438">
        <ele>51.0</ele>
        <time>2022-12-04T05:23:06</time>
      </trkpt>
      <trkpt lat="23.008063696324825" lon="120.20994678139687">
        <ele>51.0</ele>
        <time>2022-12-04T05:23:10</time>
      </trkpt>
      <trkpt lat="23.007988091558218" lon="120.20991962403059">
        <ele>51.0</ele>
        <time>2022-12-04T05:23:12</time>
      </trkpt>
      <trkpt lat="23.007947439327836" lon="120.20991099067032">
        <ele>51.0</ele>
        <time>2022-12-04T05:23:13</time>
      </trkpt>
      <trkpt lat="23.007911564782262" lon="120.20989892072976">
        <ele>51.0</ele>
        <time>2022-12-04T05:23:14</time>
      </trkpt>
      <trkpt lat="23.007856998592615" lon="120.20987193100154">
        <ele>51.0</ele>
        <time>2022-12-04T05:23:17</time>
      </trkpt>
      <trkpt lat="23.007872169837356" lon="120.20988299511373">
        <ele>51.0</ele>
        <time>2022-12-04T05:23:22</time>
      </trkpt>
      <trkpt lat="23.00787535496056" lon="120.20989070646465">
        <ele>51.0</ele>
        <time>2022-12-04T05:23:24</time>
      </trkpt>
      <trkpt lat="23.007893208414316" lon="120.20987201482058">
        <ele>51.0</ele>
        <time>2022-12-04T05:23:29</time>
      </trkpt>
      <trkpt lat="23.007896142080426" lon="120.20986530929804">
        <ele>51.0</ele>
        <time>2022-12-04T05:23:30</time>
      </trkpt>
      <trkpt lat="23.00789781846106" lon="120.2098551671952">
        <ele>51.0</ele>
        <time>2022-12-04T05:23:38</time>
      </trkpt>
      <trkpt lat="23.00790276378393" lon="120.20985097624362">
        <ele>51.0</ele>
        <time>2022-12-04T05:23:40</time>
      </trkpt>
      <trkpt lat="23.007901590317488" lon="120.20984661765397">
        <ele>51.0</ele>
        <time>2022-12-04T05:23:48</time>
      </trkpt>
      <trkpt lat="23.007901003584266" lon="120.20984158851206">
        <ele>51.0</ele>
        <time>2022-12-04T05:23:53</time>
      </trkpt>
      <trkpt lat="23.0078939627856" lon="120.20984292961657">
        <ele>51.0</ele>
        <time>2022-12-04T05:23:56</time>
      </trkpt>
      <trkpt lat="23.00788801163435" lon="120.20983949303627">
        <ele>51.0</ele>
        <time>2022-12-04T05:24:03</time>
      </trkpt>
      <trkpt lat="23.007876612246037" lon="120.20983320660889">
        <ele>51.0</ele>
        <time>2022-12-04T05:24:04</time>
      </trkpt>
      <trkpt lat="23.007842330262065" lon="120.20981082692742">
        <ele>51.0</ele>
        <time>2022-12-04T05:24:06</time>
      </trkpt>
      <trkpt lat="23.007759768515825" lon="120.20979297347367">
        <ele>51.0</ele>
        <time>2022-12-04T05:24:09</time>
      </trkpt>
      <trkpt lat="23.00770629197359" lon="120.20978886634111">
        <ele>51.0</ele>
        <time>2022-12-04T05:24:11</time>
      </trkpt>
      <trkpt lat="23.00761098973453" lon="120.20979255437851">
        <ele>51.0</ele>
        <time>2022-12-04T05:24:14</time>
      </trkpt>
      <trkpt lat="23.00746874883771" lon="120.20980026572943">
        <ele>51.0</ele>
        <time>2022-12-04T05:24:18</time>
      </trkpt>
      <trkpt lat="23.007403453812003" lon="120.20979691296816">
        <ele>51.0</ele>
        <time>2022-12-04T05:24:20</time>
      </trkpt>
      <trkpt lat="23.007345451042056" lon="120.20981694571674">
        <ele>51.0</ele>
        <time>2022-12-04T05:24:22</time>
      </trkpt>
      <trkpt lat="23.00726213492453" lon="120.20986111834645">
        <ele>51.0</ele>
        <time>2022-12-04T05:24:25</time>
      </trkpt>
      <trkpt lat="23.007203713059425" lon="120.20990177057683">
        <ele>51.0</ele>
        <time>2022-12-04T05:24:28</time>
      </trkpt>
      <trkpt lat="23.007159372791648" lon="120.20991853438318">
        <ele>51.0</ele>
        <time>2022-12-04T05:24:30</time>
      </trkpt>
      <trkpt lat="23.007119055837393" lon="120.2099450211972">
        <ele>51.0</ele>
        <time>2022-12-04T05:24:32</time>
      </trkpt>
      <trkpt lat="23.007058706134558" lon="120.20997226238251">
        <ele>51.0</ele>
        <time>2022-12-04T05:24:35</time>
      </trkpt>
      <trkpt lat="23.00705250352621" lon="120.20994678139687">
        <ele>51.0</ele>
        <time>2022-12-04T05:24:39</time>
      </trkpt>
      <trkpt lat="23.00706423819065" lon="120.20992205478251">
        <ele>51.0</ele>
        <time>2022-12-04T05:24:41</time>
      </trkpt>
      <trkpt lat="23.007101705297828" lon="120.209902189672">
        <ele>51.0</ele>
        <time>2022-12-04T05:24:45</time>
      </trkpt>
      <trkpt lat="23.007124420255423" lon="120.20988173782825">
        <ele>51.0</ele>
        <time>2022-12-04T05:24:51</time>
      </trkpt>
      <trkpt lat="23.007126431912184" lon="120.20988576114178">
        <ele>51.0</ele>
        <time>2022-12-04T05:24:53</time>
      </trkpt>
      <trkpt lat="23.007123498246074" lon="120.20989523269236">
        <ele>51.0</ele>
        <time>2022-12-04T05:24:57</time>
      </trkpt>
      <trkpt lat="23.007126431912184" lon="120.20988961681724">
        <ele>51.0</ele>
        <time>2022-12-04T05:24:59</time>
      </trkpt>
      <trkpt lat="23.00715954042971" lon="120.20985776558518">
        <ele>51.0</ele>
        <time>2022-12-04T05:25:07</time>
      </trkpt>
      <trkpt lat="23.00714478828013" lon="120.20986430346966">
        <ele>51.0</ele>
        <time>2022-12-04T05:25:09</time>
      </trkpt>
      <trkpt lat="23.00715702585876" lon="120.2098792232573">
        <ele>51.0</ele>
        <time>2022-12-04T05:25:11</time>
      </trkpt>
      <trkpt lat="23.007173789665103" lon="120.20990068092942">
        <ele>51.0</ele>
        <time>2022-12-04T05:25:14</time>
      </trkpt>
      <trkpt lat="23.007207065820694" lon="120.21001023240387">
        <ele>51.0</ele>
        <time>2022-12-04T05:25:21</time>
      </trkpt>
      <trkpt lat="23.00720396451652" lon="120.21003864705563">
        <ele>51.0</ele>
        <time>2022-12-04T05:25:22</time>
      </trkpt>
      <trkpt lat="23.007233049720526" lon="120.21012732759118">
        <ele>52.0</ele>
        <time>2022-12-04T05:25:31</time>
      </trkpt>
      <trkpt lat="23.00723858177662" lon="120.21013227291405">
        <ele>52.0</ele>
        <time>2022-12-04T05:25:32</time>
      </trkpt>
      <trkpt lat="23.007228104397655" lon="120.21027577109635">
        <ele>52.0</ele>
        <time>2022-12-04T05:25:41</time>
      </trkpt>
      <trkpt lat="23.00722542218864" lon="120.21025062538683">
        <ele>52.0</ele>
        <time>2022-12-04T05:25:43</time>
      </trkpt>
      <trkpt lat="23.0072274338454" lon="120.21023243665695">
        <ele>52.0</ele>
        <time>2022-12-04T05:25:50</time>
      </trkpt>
      <trkpt lat="23.007225086912513" lon="120.21023637615144">
        <ele>52.0</ele>
        <time>2022-12-04T05:25:54</time>
      </trkpt>
      <trkpt lat="23.00725132226944" lon="120.2101318538189">
        <ele>52.0</ele>
        <time>2022-12-04T05:25:59</time>
      </trkpt>
      <trkpt lat="23.007251992821693" lon="120.21012824960053">
        <ele>52.0</ele>
        <time>2022-12-04T05:26:00</time>
      </trkpt>
      <trkpt lat="23.007251154631376" lon="120.21012942306697">
        <ele>52.0</ele>
        <time>2022-12-04T05:26:02</time>
      </trkpt>
      <trkpt lat="23.007261715829372" lon="120.21013244055212">
        <ele>52.0</ele>
        <time>2022-12-04T05:26:10</time>
      </trkpt>
      <trkpt lat="23.007288705557585" lon="120.21014442667365">
        <ele>52.0</ele>
        <time>2022-12-04T05:26:17</time>
      </trkpt>
      <trkpt lat="23.007305469363928" lon="120.21013109944761">
        <ele>52.0</ele>
        <time>2022-12-04T05:26:19</time>
      </trkpt>
      <trkpt lat="23.007271271198988" lon="120.21012322045863">
        <ele>52.0</ele>
        <time>2022-12-04T05:26:26</time>
      </trkpt>
      <trkpt lat="22.999049127101898" lon="120.21065111272037">
        <ele>71.0</ele>
        <time>2022-12-04T05:57:03</time>
      </trkpt>
      <trkpt lat="22.999122301116586" lon="120.21064080297947">
        <ele>70.0</ele>
        <time>2022-12-04T05:57:09</time>
      </trkpt>
      <trkpt lat="22.999109895899892" lon="120.2106371987611">
        <ele>70.0</ele>
        <time>2022-12-04T05:57:10</time>
      </trkpt>
      <trkpt lat="22.999110063537955" lon="120.21062856540084">
        <ele>70.0</ele>
        <time>2022-12-04T05:57:11</time>
      </trkpt>
      <trkpt lat="22.999105202034116" lon="120.21061724983156">
        <ele>70.0</ele>
        <time>2022-12-04T05:57:12</time>
      </trkpt>
      <trkpt lat="22.99907812848687" lon="120.2106030844152">
        <ele>70.0</ele>
        <time>2022-12-04T05:57:13</time>
      </trkpt>
      <trkpt lat="22.999067148193717" lon="120.21059470251203">
        <ele>70.0</ele>
        <time>2022-12-04T05:57:14</time>
      </trkpt>
      <trkpt lat="22.9989695828408" lon="120.2105666231364">
        <ele>70.0</ele>
        <time>2022-12-04T05:57:18</time>
      </trkpt>
      <trkpt lat="22.998917866498232" lon="120.21054550074041">
        <ele>70.0</ele>
        <time>2022-12-04T05:57:20</time>
      </trkpt>
      <trkpt lat="22.99880010075867" lon="120.21052052266896">
        <ele>70.0</ele>
        <time>2022-12-04T05:57:23</time>
      </trkpt>
      <trkpt lat="22.99875743687153" lon="120.21049378439784">
        <ele>70.0</ele>
        <time>2022-12-04T05:57:24</time>
      </trkpt>
      <trkpt lat="22.998718293383718" lon="120.21046092733741">
        <ele>70.0</ele>
        <time>2022-12-04T05:57:25</time>
      </trkpt>
      <trkpt lat="22.99850489012897" lon="120.21041901782155">
        <ele>71.0</ele>
        <time>2022-12-04T05:57:31</time>
      </trkpt>
      <trkpt lat="22.99847270362079" lon="120.2104144077748">
        <ele>71.0</ele>
        <time>2022-12-04T05:57:32</time>
      </trkpt>
      <trkpt lat="22.998314118012786" lon="120.21039923653007">
        <ele>71.0</ele>
        <time>2022-12-04T05:57:37</time>
      </trkpt>
      <trkpt lat="22.998252091929317" lon="120.21036755293608">
        <ele>71.0</ele>
        <time>2022-12-04T05:57:39</time>
      </trkpt>
      <trkpt lat="22.998233903199434" lon="120.21037434227765">
        <ele>71.0</ele>
        <time>2022-12-04T05:57:40</time>
      </trkpt>
      <trkpt lat="22.998220659792423" lon="120.2103768568486">
        <ele>71.0</ele>
        <time>2022-12-04T05:57:41</time>
      </trkpt>
      <trkpt lat="22.998192915692925" lon="120.2103718277067">
        <ele>71.0</ele>
        <time>2022-12-04T05:57:42</time>
      </trkpt>
      <trkpt lat="22.998123932629824" lon="120.21038406528533">
        <ele>71.0</ele>
        <time>2022-12-04T05:57:44</time>
      </trkpt>
      <trkpt lat="22.997982865199447" lon="120.21036797203124">
        <ele>72.0</ele>
        <time>2022-12-04T05:57:47</time>
      </trkpt>
      <trkpt lat="22.997823860496283" lon="120.21030024625361">
        <ele>72.0</ele>
        <time>2022-12-04T05:57:49</time>
      </trkpt>
      <trkpt lat="22.997605092823505" lon="120.21024215966463">
        <ele>72.0</ele>
        <time>2022-12-04T05:57:52</time>
      </trkpt>
      <trkpt lat="22.99748120829463" lon="120.2102264855057">
        <ele>71.0</ele>
        <time>2022-12-04T05:57:54</time>
      </trkpt>
      <trkpt lat="22.99733553081751" lon="120.21019496954978">
        <ele>70.0</ele>
        <time>2022-12-04T05:57:57</time>
      </trkpt>
      <trkpt lat="22.997248359024525" lon="120.21016445942223">
        <ele>71.0</ele>
        <time>2022-12-04T05:57:59</time>
      </trkpt>
      <trkpt lat="22.997047193348408" lon="120.21009095013142">
        <ele>72.0</ele>
        <time>2022-12-04T05:58:04</time>
      </trkpt>
      <trkpt lat="22.99700285308063" lon="120.21008491516113">
        <ele>72.0</ele>
        <time>2022-12-04T05:58:05</time>
      </trkpt>
      <trkpt lat="22.99695935100317" lon="120.21007167175412">
        <ele>71.0</ele>
        <time>2022-12-04T05:58:06</time>
      </trkpt>
      <trkpt lat="22.99677411094308" lon="120.21004225127399">
        <ele>71.0</ele>
        <time>2022-12-04T05:58:11</time>
      </trkpt>
      <trkpt lat="22.99658694304526" lon="120.21000302396715">
        <ele>71.0</ele>
        <time>2022-12-04T05:58:16</time>
      </trkpt>
      <trkpt lat="22.996436823159456" lon="120.20996983163059">
        <ele>71.0</ele>
        <time>2022-12-04T05:58:20</time>
      </trkpt>
      <trkpt lat="22.996400194242597" lon="120.20996103063226">
        <ele>71.0</ele>
        <time>2022-12-04T05:58:21</time>
      </trkpt>
      <trkpt lat="22.996260887011886" lon="120.20993353798985">
        <ele>70.0</ele>
        <time>2022-12-04T05:58:25</time>
      </trkpt>
      <trkpt lat="22.99622979015112" lon="120.20992683246732">
        <ele>70.0</ele>
        <time>2022-12-04T05:58:26</time>
      </trkpt>
      <trkpt lat="22.996087549254298" lon="120.20989749580622">
        <ele>70.0</ele>
        <time>2022-12-04T05:58:31</time>
      </trkpt>
      <trkpt lat="22.996013034135103" lon="120.20985365845263">
        <ele>70.0</ele>
        <time>2022-12-04T05:58:36</time>
      </trkpt>
      <trkpt lat="22.99600951373577" lon="120.20985072478652">
        <ele>70.0</ele>
        <time>2022-12-04T05:58:37</time>
      </trkpt>
      <trkpt lat="22.995997946709394" lon="120.20985189825296">
        <ele>69.0</ele>
        <time>2022-12-04T05:58:39</time>
      </trkpt>
      <trkpt lat="22.995996354147792" lon="120.20985768176615">
        <ele>69.0</ele>
        <time>2022-12-04T05:58:42</time>
      </trkpt>
      <trkpt lat="22.99599668942392" lon="120.20986371673644">
        <ele>69.0</ele>
        <time>2022-12-04T05:58:45</time>
      </trkpt>
      <trkpt lat="22.996000880375504" lon="120.20987369120121">
        <ele>68.0</ele>
        <time>2022-12-04T05:58:52</time>
      </trkpt>
      <trkpt lat="22.995996940881014" lon="120.20987486466765">
        <ele>68.0</ele>
        <time>2022-12-04T05:58:53</time>
      </trkpt>
      <trkpt lat="22.995994677767158" lon="120.20987478084862">
        <ele>68.0</ele>
        <time>2022-12-04T05:58:54</time>
      </trkpt>
      <trkpt lat="22.995977913960814" lon="120.20986539311707">
        <ele>67.0</ele>
        <time>2022-12-04T05:58:59</time>
      </trkpt>
      <trkpt lat="22.99596441909671" lon="120.20986455492675">
        <ele>67.0</ele>
        <time>2022-12-04T05:59:00</time>
      </trkpt>
      <trkpt lat="22.995940279215574" lon="120.2098427619785">
        <ele>67.0</ele>
        <time>2022-12-04T05:59:01</time>
      </trkpt>
      <trkpt lat="22.995940279215574" lon="120.2098427619785">
        <ele>67.0</ele>
        <time>2022-12-04T05:59:02</time>
      </trkpt>
      <trkpt lat="22.995922677218914" lon="120.2098345477134">
        <ele>67.0</ele>
        <time>2022-12-04T05:59:03</time>
      </trkpt>
      <trkpt lat="22.995820753276348" lon="120.20981929264963">
        <ele>67.0</ele>
        <time>2022-12-04T05:59:06</time>
      </trkpt>
      <trkpt lat="22.99571488983929" lon="120.20978953689337">
        <ele>66.0</ele>
        <time>2022-12-04T05:59:09</time>
      </trkpt>
      <trkpt lat="22.995663341134787" lon="120.20976087078452">
        <ele>66.0</ele>
        <time>2022-12-04T05:59:11</time>
      </trkpt>
      <trkpt lat="22.99565420486033" lon="120.20974419079721">
        <ele>66.0</ele>
        <time>2022-12-04T05:59:12</time>
      </trkpt>
      <trkpt lat="22.995631992816925" lon="120.20973304286599">
        <ele>66.0</ele>
        <time>2022-12-04T05:59:13</time>
      </trkpt>
      <trkpt lat="22.995553454384208" lon="120.20972860045731">
        <ele>66.0</ele>
        <time>2022-12-04T05:59:15</time>
      </trkpt>
      <trkpt lat="22.995420517399907" lon="120.20973329432309">
        <ele>66.0</ele>
        <time>2022-12-04T05:59:18</time>
      </trkpt>
      <trkpt lat="22.995375925675035" lon="120.20972826518118">
        <ele>66.0</ele>
        <time>2022-12-04T05:59:19</time>
      </trkpt>
      <trkpt lat="22.995329909026623" lon="120.20972331985831">
        <ele>66.0</ele>
        <time>2022-12-04T05:59:20</time>
      </trkpt>
      <trkpt lat="22.995243072509766" lon="120.20974268205464">
        <ele>66.0</ele>
        <time>2022-12-04T05:59:22</time>
      </trkpt>
      <trkpt lat="22.99516369588673" lon="120.20980671979487">
        <ele>66.0</ele>
        <time>2022-12-04T05:59:24</time>
      </trkpt>
      <trkpt lat="22.995045762509108" lon="120.2098723500967">
        <ele>66.0</ele>
        <time>2022-12-04T05:59:27</time>
      </trkpt>
      <trkpt lat="22.995009049773216" lon="120.20987310446799">
        <ele>66.0</ele>
        <time>2022-12-04T05:59:28</time>
      </trkpt>
      <trkpt lat="22.994820373132825" lon="120.20985592156649">
        <ele>65.0</ele>
        <time>2022-12-04T05:59:34</time>
      </trkpt>
      <trkpt lat="22.994803609326482" lon="120.20982549525797">
        <ele>65.0</ele>
        <time>2022-12-04T05:59:35</time>
      </trkpt>
      <trkpt lat="22.99478449858725" lon="120.20979892462492">
        <ele>65.0</ele>
        <time>2022-12-04T05:59:37</time>
      </trkpt>
      <trkpt lat="22.994778295978904" lon="120.20978660322726">
        <ele>64.0</ele>
        <time>2022-12-04T05:59:38</time>
      </trkpt>
      <trkpt lat="22.994762118905783" lon="120.20976061932743">
        <ele>64.0</ele>
        <time>2022-12-04T05:59:44</time>
      </trkpt>
      <trkpt lat="22.99476153217256" lon="120.20976061932743">
        <ele>64.0</ele>
        <time>2022-12-04T05:59:45</time>
      </trkpt>
      <trkpt lat="22.994752563536167" lon="120.20976196043193">
        <ele>63.0</ele>
        <time>2022-12-04T05:59:54</time>
      </trkpt>
      <trkpt lat="22.994764633476734" lon="120.20976698957384">
        <ele>63.0</ele>
        <time>2022-12-04T06:00:00</time>
      </trkpt>
      <trkpt lat="22.99478097818792" lon="120.20979925990105">
        <ele>63.0</ele>
        <time>2022-12-04T06:00:08</time>
      </trkpt>
      <trkpt lat="22.994769662618637" lon="120.20979817025363">
        <ele>63.0</ele>
        <time>2022-12-04T06:00:09</time>
      </trkpt>
      <trkpt lat="22.994704954326153" lon="120.20975257270038">
        <ele>63.0</ele>
        <time>2022-12-04T06:00:12</time>
      </trkpt>
      <trkpt lat="22.994627337902784" lon="120.20970731042325">
        <ele>63.0</ele>
        <time>2022-12-04T06:00:14</time>
      </trkpt>
      <trkpt lat="22.994470512494445" lon="120.20965467207134">
        <ele>63.0</ele>
        <time>2022-12-04T06:00:18</time>
      </trkpt>
      <trkpt lat="22.99435593187809" lon="120.20964193157852">
        <ele>63.0</ele>
        <time>2022-12-04T06:00:21</time>
      </trkpt>
      <trkpt lat="22.994284350425005" lon="120.20963220857084">
        <ele>63.0</ele>
        <time>2022-12-04T06:00:23</time>
      </trkpt>
      <trkpt lat="22.994195837527514" lon="120.20961628295481">
        <ele>63.0</ele>
        <time>2022-12-04T06:00:26</time>
      </trkpt>
      <trkpt lat="22.99414437264204" lon="120.20961552858353">
        <ele>64.0</ele>
        <time>2022-12-04T06:00:28</time>
      </trkpt>
      <trkpt lat="22.994026020169258" lon="120.20956079475582">
        <ele>64.0</ele>
        <time>2022-12-04T06:00:31</time>
      </trkpt>
      <trkpt lat="22.993928035721183" lon="120.20952466875315">
        <ele>65.0</ele>
        <time>2022-12-04T06:00:34</time>
      </trkpt>
      <trkpt lat="22.99382032826543" lon="120.20947546698153">
        <ele>66.0</ele>
        <time>2022-12-04T06:00:37</time>
      </trkpt>
      <trkpt lat="22.993757966905832" lon="120.20945015363395">
        <ele>66.0</ele>
        <time>2022-12-04T06:00:39</time>
      </trkpt>
      <trkpt lat="22.993674483150244" lon="120.20942743867636">
        <ele>66.0</ele>
        <time>2022-12-04T06:00:42</time>
      </trkpt>
      <trkpt lat="22.993579180911183" lon="120.20939625799656">
        <ele>67.0</ele>
        <time>2022-12-04T06:00:45</time>
      </trkpt>
      <trkpt lat="22.993403831496835" lon="120.20934982225299">
        <ele>67.0</ele>
        <time>2022-12-04T06:00:51</time>
      </trkpt>
      <trkpt lat="22.99334834329784" lon="120.2093387581408">
        <ele>67.0</ele>
        <time>2022-12-04T06:00:53</time>
      </trkpt>
      <trkpt lat="22.993263518437743" lon="120.20935552194715">
        <ele>68.0</ele>
        <time>2022-12-04T06:00:57</time>
      </trkpt>
      <trkpt lat="22.99320518039167" lon="120.20935451611876">
        <ele>68.0</ele>
        <time>2022-12-04T06:01:00</time>
      </trkpt>
      <trkpt lat="22.993183387443423" lon="120.20939173176885">
        <ele>68.0</ele>
        <time>2022-12-04T06:01:02</time>
      </trkpt>
      <trkpt lat="22.993175759911537" lon="120.20942308008671">
        <ele>68.0</ele>
        <time>2022-12-04T06:01:03</time>
      </trkpt>
      <trkpt lat="22.993158074095845" lon="120.20953321829438">
        <ele>68.0</ele>
        <time>2022-12-04T06:01:06</time>
      </trkpt>
      <trkpt lat="22.99314709380269" lon="120.20960018970072">
        <ele>68.0</ele>
        <time>2022-12-04T06:01:08</time>
      </trkpt>
      <trkpt lat="22.993152122944593" lon="120.20963572897017">
        <ele>68.0</ele>
        <time>2022-12-04T06:01:09</time>
      </trkpt>
      <trkpt lat="22.993135610595345" lon="120.20969415083528">
        <ele>68.0</ele>
        <time>2022-12-04T06:01:11</time>
      </trkpt>
      <trkpt lat="22.993103675544262" lon="120.20984452217817">
        <ele>68.0</ele>
        <time>2022-12-04T06:01:15</time>
      </trkpt>
      <trkpt lat="22.993093617260456" lon="120.2100330311805">
        <ele>69.0</ele>
        <time>2022-12-04T06:01:20</time>
      </trkpt>
      <trkpt lat="22.99307140521705" lon="120.21017476916313">
        <ele>69.0</ele>
        <time>2022-12-04T06:01:23</time>
      </trkpt>
      <trkpt lat="22.993048941716552" lon="120.21027015522122">
        <ele>69.0</ele>
        <time>2022-12-04T06:01:25</time>
      </trkpt>
      <trkpt lat="22.993034776300192" lon="120.2103631105274">
        <ele>69.0</ele>
        <time>2022-12-04T06:01:27</time>
      </trkpt>
      <trkpt lat="22.9929600097239" lon="120.2106498554349">
        <ele>69.0</ele>
        <time>2022-12-04T06:01:34</time>
      </trkpt>
      <trkpt lat="22.992944084107876" lon="120.2106821257621">
        <ele>69.0</ele>
        <time>2022-12-04T06:01:35</time>
      </trkpt>
      <trkpt lat="22.99289588816464" lon="120.21071204915643">
        <ele>69.0</ele>
        <time>2022-12-04T06:01:37</time>
      </trkpt>
      <trkpt lat="22.992858085781336" lon="120.21071297116578">
        <ele>69.0</ele>
        <time>2022-12-04T06:01:38</time>
      </trkpt>
      <trkpt lat="22.992821792140603" lon="120.21070894785225">
        <ele>69.0</ele>
        <time>2022-12-04T06:01:39</time>
      </trkpt>
      <trkpt lat="22.992748031392694" lon="120.21068824455142">
        <ele>70.0</ele>
        <time>2022-12-04T06:01:41</time>
      </trkpt>
      <trkpt lat="22.992496406659484" lon="120.21061875857413">
        <ele>70.0</ele>
        <time>2022-12-04T06:01:48</time>
      </trkpt>
      <trkpt lat="22.992422310635448" lon="120.21060107275844">
        <ele>71.0</ele>
        <time>2022-12-04T06:01:50</time>
      </trkpt>
      <trkpt lat="22.9922744538635" lon="120.21058171056211">
        <ele>71.0</ele>
        <time>2022-12-04T06:01:54</time>
      </trkpt>
      <trkpt lat="22.99220790155232" lon="120.21056863479316">
        <ele>71.0</ele>
        <time>2022-12-04T06:01:56</time>
      </trkpt>
      <trkpt lat="22.99217470921576" lon="120.21056100726128">
        <ele>70.0</ele>
        <time>2022-12-04T06:01:57</time>
      </trkpt>
      <trkpt lat="22.9920656606555" lon="120.21055622957647">
        <ele>70.0</ele>
        <time>2022-12-04T06:02:01</time>
      </trkpt>
      <trkpt lat="22.99196457490325" lon="120.21054541692138">
        <ele>70.0</ele>
        <time>2022-12-04T06:02:06</time>
      </trkpt>
      <trkpt lat="22.991958875209093" lon="120.21053879521787">
        <ele>70.0</ele>
        <time>2022-12-04T06:02:07</time>
      </trkpt>
      <trkpt lat="22.9919654969126" lon="120.21053468808532">
        <ele>70.0</ele>
        <time>2022-12-04T06:02:13</time>
      </trkpt>
      <trkpt lat="22.99196222797036" lon="120.21053661592305">
        <ele>70.0</ele>
        <time>2022-12-04T06:02:15</time>
      </trkpt>
      <trkpt lat="22.991960886865854" lon="120.21053485572338">
        <ele>69.0</ele>
        <time>2022-12-04T06:02:17</time>
      </trkpt>
      <trkpt lat="22.99195485189557" lon="120.21052412688732">
        <ele>69.0</ele>
        <time>2022-12-04T06:02:20</time>
      </trkpt>
      <trkpt lat="22.991958456113935" lon="120.21053284406662">
        <ele>69.0</ele>
        <time>2022-12-04T06:02:22</time>
      </trkpt>
      <trkpt lat="22.991958037018776" lon="120.21054432727396">
        <ele>69.0</ele>
        <time>2022-12-04T06:02:26</time>
      </trkpt>
      <trkpt lat="22.99194353632629" lon="120.21054591983557">
        <ele>69.0</ele>
        <time>2022-12-04T06:02:27</time>
      </trkpt>
      <trkpt lat="22.991827111691236" lon="120.21049495786428">
        <ele>69.0</ele>
        <time>2022-12-04T06:02:32</time>
      </trkpt>
      <trkpt lat="22.991730803623796" lon="120.21047827787697">
        <ele>68.0</ele>
        <time>2022-12-04T06:02:35</time>
      </trkpt>
      <trkpt lat="22.991666346788406" lon="120.21047509275377">
        <ele>68.0</ele>
        <time>2022-12-04T06:02:37</time>
      </trkpt>
      <trkpt lat="22.991539780050516" lon="120.21047584712505">
        <ele>68.0</ele>
        <time>2022-12-04T06:02:40</time>
      </trkpt>
      <trkpt lat="22.991397455334663" lon="120.21044994704425">
        <ele>68.0</ele>
        <time>2022-12-04T06:02:44</time>
      </trkpt>
      <trkpt lat="22.99128388054669" lon="120.21042739972472">
        <ele>68.0</ele>
        <time>2022-12-04T06:02:47</time>
      </trkpt>
      <trkpt lat="22.99119494855404" lon="120.21040476858616">
        <ele>68.0</ele>
        <time>2022-12-04T06:02:49</time>
      </trkpt>
      <trkpt lat="22.99115588888526" lon="120.21039705723524">
        <ele>68.0</ele>
        <time>2022-12-04T06:02:50</time>
      </trkpt>
      <trkpt lat="22.990927398204803" lon="120.21034316159785">
        <ele>67.0</ele>
        <time>2022-12-04T06:02:56</time>
      </trkpt>
      <trkpt lat="22.99085246399045" lon="120.21032799035311">
        <ele>67.0</ele>
        <time>2022-12-04T06:02:58</time>
      </trkpt>
      <trkpt lat="22.990616345778108" lon="120.21029588766396">
        <ele>67.0</ele>
        <time>2022-12-04T06:03:04</time>
      </trkpt>
      <trkpt lat="22.990320464596152" lon="120.2102227974683">
        <ele>68.0</ele>
        <time>2022-12-04T06:03:12</time>
      </trkpt>
      <trkpt lat="22.990284925326705" lon="120.21021684631705">
        <ele>68.0</ele>
        <time>2022-12-04T06:03:13</time>
      </trkpt>
      <trkpt lat="22.99009365029633" lon="120.21018398925662">
        <ele>68.0</ele>
        <time>2022-12-04T06:03:19</time>
      </trkpt>
      <trkpt lat="22.990060541778803" lon="120.21018088795245">
        <ele>68.0</ele>
        <time>2022-12-04T06:03:23</time>
      </trkpt>
      <trkpt lat="22.990063475444913" lon="120.21018918603659">
        <ele>67.0</ele>
        <time>2022-12-04T06:03:27</time>
      </trkpt>
      <trkpt lat="22.990048471838236" lon="120.21018591709435">
        <ele>67.0</ele>
        <time>2022-12-04T06:03:32</time>
      </trkpt>
      <trkpt lat="22.990045538172126" lon="120.21018415689468">
        <ele>67.0</ele>
        <time>2022-12-04T06:03:34</time>
      </trkpt>
      <trkpt lat="22.990043694153428" lon="120.21018600091338">
        <ele>67.0</ele>
        <time>2022-12-04T06:03:35</time>
      </trkpt>
      <trkpt lat="22.99003263004124" lon="120.21018298342824">
        <ele>66.0</ele>
        <time>2022-12-04T06:03:39</time>
      </trkpt>
      <trkpt lat="22.990032462403178" lon="120.21018357016146">
        <ele>66.0</ele>
        <time>2022-12-04T06:03:41</time>
      </trkpt>
      <trkpt lat="22.990031875669956" lon="120.21018306724727">
        <ele>66.0</ele>
        <time>2022-12-04T06:03:42</time>
      </trkpt>
      <trkpt lat="22.99003061838448" lon="120.21018373779953">
        <ele>66.0</ele>
        <time>2022-12-04T06:03:45</time>
      </trkpt>
      <trkpt lat="22.990028858184814" lon="120.2101939637214">
        <ele>65.0</ele>
        <time>2022-12-04T06:03:50</time>
      </trkpt>
      <trkpt lat="22.990029361099005" lon="120.21019153296947">
        <ele>65.0</ele>
        <time>2022-12-04T06:03:51</time>
      </trkpt>
      <trkpt lat="22.99002810381353" lon="120.21018994040787">
        <ele>65.0</ele>
        <time>2022-12-04T06:03:54</time>
      </trkpt>
      <trkpt lat="22.990026846528053" lon="120.21018901839852">
        <ele>65.0</ele>
        <time>2022-12-04T06:03:55</time>
      </trkpt>
      <trkpt lat="22.990019973367453" lon="120.21019035950303">
        <ele>65.0</ele>
        <time>2022-12-04T06:04:00</time>
      </trkpt>
      <trkpt lat="22.99002039246261" lon="120.21019337698817">
        <ele>65.0</ele>
        <time>2022-12-04T06:04:02</time>
      </trkpt>
      <trkpt lat="22.990021063014865" lon="120.21019614301622">
        <ele>65.0</ele>
        <time>2022-12-04T06:04:03</time>
      </trkpt>
      <trkpt lat="22.990009747445583" lon="120.21019681356847">
        <ele>64.0</ele>
        <time>2022-12-04T06:04:05</time>
      </trkpt>
      <trkpt lat="22.989959456026554" lon="120.21017191931605">
        <ele>64.0</ele>
        <time>2022-12-04T06:04:08</time>
      </trkpt>
      <trkpt lat="22.98993682488799" lon="120.21016663871706">
        <ele>65.0</ele>
        <time>2022-12-04T06:04:10</time>
      </trkpt>
      <trkpt lat="22.989920563995838" lon="120.21018667146564">
        <ele>65.0</ele>
        <time>2022-12-04T06:04:12</time>
      </trkpt>
      <trkpt lat="22.989823166280985" lon="120.21013193763793">
        <ele>64.0</ele>
        <time>2022-12-04T06:04:16</time>
      </trkpt>
      <trkpt lat="22.98966902308166" lon="120.20999916829169">
        <ele>66.0</ele>
        <time>2022-12-04T06:04:21</time>
      </trkpt>
      <trkpt lat="22.98949560150504" lon="120.20988743752241">
        <ele>66.0</ele>
        <time>2022-12-04T06:04:25</time>
      </trkpt>
      <trkpt lat="22.989433240145445" lon="120.20984242670238">
        <ele>66.0</ele>
        <time>2022-12-04T06:04:27</time>
      </trkpt>
      <trkpt lat="22.989402897655964" lon="120.20982272922993">
        <ele>66.0</ele>
        <time>2022-12-04T06:04:28</time>
      </trkpt>
      <trkpt lat="22.989383367821574" lon="120.2098065521568">
        <ele>66.0</ele>
        <time>2022-12-04T06:04:29</time>
      </trkpt>
      <trkpt lat="22.989322347566485" lon="120.20977947860956">
        <ele>66.0</ele>
        <time>2022-12-04T06:04:31</time>
      </trkpt>
      <trkpt lat="22.989296028390527" lon="120.20976078696549">
        <ele>66.0</ele>
        <time>2022-12-04T06:04:32</time>
      </trkpt>
      <trkpt lat="22.989248083904386" lon="120.20973287522793">
        <ele>66.0</ele>
        <time>2022-12-04T06:04:33</time>
      </trkpt>
      <trkpt lat="22.98921019770205" lon="120.20970521494746">
        <ele>66.0</ele>
        <time>2022-12-04T06:04:34</time>
      </trkpt>
      <trkpt lat="22.989137694239616" lon="120.20965014584363">
        <ele>67.0</ele>
        <time>2022-12-04T06:04:36</time>
      </trkpt>
      <trkpt lat="22.98909394070506" lon="120.20957512781024">
        <ele>67.0</ele>
        <time>2022-12-04T06:04:38</time>
      </trkpt>
      <trkpt lat="22.989092683419585" lon="120.20938703790307">
        <ele>67.0</ele>
        <time>2022-12-04T06:04:42</time>
      </trkpt>
      <trkpt lat="22.98909201286733" lon="120.20919668488204">
        <ele>67.0</ele>
        <time>2022-12-04T06:04:46</time>
      </trkpt>
      <trkpt lat="22.989063262939453" lon="120.20906441845">
        <ele>68.0</ele>
        <time>2022-12-04T06:04:49</time>
      </trkpt>
      <trkpt lat="22.98904398456216" lon="120.20884573459625">
        <ele>67.0</ele>
        <time>2022-12-04T06:04:54</time>
      </trkpt>
      <trkpt lat="22.989008696749806" lon="120.20882519893348">
        <ele>67.0</ele>
        <time>2022-12-04T06:04:55</time>
      </trkpt>
      <trkpt lat="22.989012049511075" lon="120.2086587343365">
        <ele>67.0</ele>
        <time>2022-12-04T06:04:59</time>
      </trkpt>
      <trkpt lat="22.989032920449972" lon="120.20856611430645">
        <ele>68.0</ele>
        <time>2022-12-04T06:05:01</time>
      </trkpt>
      <trkpt lat="22.989049265161157" lon="120.20838623866439">
        <ele>68.0</ele>
        <time>2022-12-04T06:05:05</time>
      </trkpt>
      <trkpt lat="22.989045158028603" lon="120.20833854563534">
        <ele>69.0</ele>
        <time>2022-12-04T06:05:06</time>
      </trkpt>
      <trkpt lat="22.98903970979154" lon="120.20828917622566">
        <ele>69.0</ele>
        <time>2022-12-04T06:05:07</time>
      </trkpt>
      <trkpt lat="22.989043565467" lon="120.20818800665438">
        <ele>69.0</ele>
        <time>2022-12-04T06:05:09</time>
      </trkpt>
      <trkpt lat="22.989045660942793" lon="120.2081383857876">
        <ele>69.0</ele>
        <time>2022-12-04T06:05:10</time>
      </trkpt>
      <trkpt lat="22.989042727276683" lon="120.20809153094888">
        <ele>69.0</ele>
        <time>2022-12-04T06:05:11</time>
      </trkpt>
      <trkpt lat="22.989037446677685" lon="120.2079990785569">
        <ele>69.0</ele>
        <time>2022-12-04T06:05:13</time>
      </trkpt>
      <trkpt lat="22.989037446677685" lon="120.2079504635185">
        <ele>69.0</ele>
        <time>2022-12-04T06:05:14</time>
      </trkpt>
      <trkpt lat="22.989030238240957" lon="120.20780101418495">
        <ele>68.0</ele>
        <time>2022-12-04T06:05:17</time>
      </trkpt>
      <trkpt lat="22.989117996767163" lon="120.20759775303304">
        <ele>68.0</ele>
        <time>2022-12-04T06:05:20</time>
      </trkpt>
      <trkpt lat="22.989154290407896" lon="120.20731494762003">
        <ele>68.0</ele>
        <time>2022-12-04T06:05:25</time>
      </trkpt>
      <trkpt lat="22.989162420853972" lon="120.20720581524074">
        <ele>68.0</ele>
        <time>2022-12-04T06:05:27</time>
      </trkpt>
      <trkpt lat="22.989151189103723" lon="120.20689350552857">
        <ele>67.0</ele>
        <time>2022-12-04T06:05:33</time>
      </trkpt>
      <trkpt lat="22.989153116941452" lon="120.20683416165411">
        <ele>67.0</ele>
        <time>2022-12-04T06:05:34</time>
      </trkpt>
      <trkpt lat="22.989122858271003" lon="120.20646074786782">
        <ele>67.0</ele>
        <time>2022-12-04T06:05:40</time>
      </trkpt>
      <trkpt lat="22.989092767238617" lon="120.20627466961741">
        <ele>66.0</ele>
        <time>2022-12-04T06:05:43</time>
      </trkpt>
      <trkpt lat="22.989090168848634" lon="120.20602589473128">
        <ele>66.0</ele>
        <time>2022-12-04T06:05:47</time>
      </trkpt>
      <trkpt lat="22.98907868564129" lon="120.20566488616168">
        <ele>66.0</ele>
        <time>2022-12-04T06:05:53</time>
      </trkpt>
      <trkpt lat="22.98908111639321" lon="120.20542080514133">
        <ele>65.0</ele>
        <time>2022-12-04T06:05:57</time>
      </trkpt>
      <trkpt lat="22.98906317912042" lon="120.20526037551463">
        <ele>65.0</ele>
        <time>2022-12-04T06:06:00</time>
      </trkpt>
      <trkpt lat="22.989062005653977" lon="120.20521620288491">
        <ele>65.0</ele>
        <time>2022-12-04T06:06:01</time>
      </trkpt>
      <trkpt lat="22.989043230190873" lon="120.205123918131">
        <ele>66.0</ele>
        <time>2022-12-04T06:06:04</time>
      </trkpt>
      <trkpt lat="22.989046331495047" lon="120.20508661866188">
        <ele>67.0</ele>
        <time>2022-12-04T06:06:05</time>
      </trkpt>
      <trkpt lat="22.98905094154179" lon="120.20499961450696">
        <ele>67.0</ele>
        <time>2022-12-04T06:06:08</time>
      </trkpt>
      <trkpt lat="22.989049097523093" lon="120.20497933030128">
        <ele>68.0</ele>
        <time>2022-12-04T06:06:10</time>
      </trkpt>
      <trkpt lat="22.989065358415246" lon="120.20496424287558">
        <ele>68.0</ele>
        <time>2022-12-04T06:06:12</time>
      </trkpt>
      <trkpt lat="22.989070806652308" lon="120.20493490621448">
        <ele>68.0</ele>
        <time>2022-12-04T06:06:19</time>
      </trkpt>
      <trkpt lat="22.989067118614912" lon="120.20493406802416">
        <ele>68.0</ele>
        <time>2022-12-04T06:06:22</time>
      </trkpt>
      <trkpt lat="22.989044152200222" lon="120.2049439586699">
        <ele>68.0</ele>
        <time>2022-12-04T06:06:28</time>
      </trkpt>
      <trkpt lat="22.98902210779488" lon="120.20496734417975">
        <ele>68.0</ele>
        <time>2022-12-04T06:06:38</time>
      </trkpt>
      <trkpt lat="22.98900157213211" lon="120.20498461090028">
        <ele>68.0</ele>
        <time>2022-12-04T06:06:45</time>
      </trkpt>
      <trkpt lat="22.989002242684364" lon="120.20498528145254">
        <ele>68.0</ele>
        <time>2022-12-04T06:06:48</time>
      </trkpt>
      <trkpt lat="22.989005763083696" lon="120.20498293451965">
        <ele>68.0</ele>
        <time>2022-12-04T06:06:50</time>
      </trkpt>
      <trkpt lat="22.989019257947803" lon="120.20497379824519">
        <ele>68.0</ele>
        <time>2022-12-04T06:06:58</time>
      </trkpt>
      <trkpt lat="22.989022275432944" lon="120.20496860146523">
        <ele>68.0</ele>
        <time>2022-12-04T06:06:59</time>
      </trkpt>
      <trkpt lat="22.989027136936784" lon="120.20495200529695">
        <ele>68.0</ele>
        <time>2022-12-04T06:07:01</time>
      </trkpt>
      <trkpt lat="22.98903677612543" lon="120.20488117821515">
        <ele>68.0</ele>
        <time>2022-12-04T06:07:04</time>
      </trkpt>
      <trkpt lat="22.989037614315748" lon="120.20481144078076">
        <ele>67.0</ele>
        <time>2022-12-04T06:07:06</time>
      </trkpt>
      <trkpt lat="22.9891075193882" lon="120.20473944023252">
        <ele>65.0</ele>
        <time>2022-12-04T06:07:07</time>
      </trkpt>
      <trkpt lat="22.989133670926094" lon="120.20468554459512">
        <ele>63.0</ele>
        <time>2022-12-04T06:07:08</time>
      </trkpt>
      <trkpt lat="22.989154793322086" lon="120.20462921820581">
        <ele>62.0</ele>
        <time>2022-12-04T06:07:09</time>
      </trkpt>
      <trkpt lat="22.989157307893038" lon="120.20457993261516">
        <ele>61.0</ele>
        <time>2022-12-04T06:07:10</time>
      </trkpt>
      <trkpt lat="22.989190500229597" lon="120.20448379218578">
        <ele>60.0</ele>
        <time>2022-12-04T06:07:12</time>
      </trkpt>
      <trkpt lat="22.98920282162726" lon="120.20443593151867">
        <ele>60.0</ele>
        <time>2022-12-04T06:07:13</time>
      </trkpt>
      <trkpt lat="22.989208353683352" lon="120.20438698120415">
        <ele>60.0</ele>
        <time>2022-12-04T06:07:14</time>
      </trkpt>
      <trkpt lat="22.98921857960522" lon="120.20433677360415">
        <ele>60.0</ele>
        <time>2022-12-04T06:07:15</time>
      </trkpt>
      <trkpt lat="22.9892888199538" lon="120.20395916886628">
        <ele>59.0</ele>
        <time>2022-12-04T06:07:22</time>
      </trkpt>
      <trkpt lat="22.989310612902045" lon="120.20385699346662">
        <ele>59.0</ele>
        <time>2022-12-04T06:07:24</time>
      </trkpt>
      <trkpt lat="22.98934120684862" lon="120.20368826575577">
        <ele>59.0</ele>
        <time>2022-12-04T06:07:27</time>
      </trkpt>
      <trkpt lat="22.98936316743493" lon="120.2035730984062">
        <ele>58.0</ele>
        <time>2022-12-04T06:07:29</time>
      </trkpt>
      <trkpt lat="22.9893699567765" lon="120.20351635292172">
        <ele>58.0</ele>
        <time>2022-12-04T06:07:30</time>
      </trkpt>
      <trkpt lat="22.989453775808215" lon="120.20320613868535">
        <ele>58.0</ele>
        <time>2022-12-04T06:07:35</time>
      </trkpt>
      <trkpt lat="22.98951462842524" lon="120.20296214148402">
        <ele>58.0</ele>
        <time>2022-12-04T06:07:39</time>
      </trkpt>
      <trkpt lat="22.98953122459352" lon="120.20283540710807">
        <ele>58.0</ele>
        <time>2022-12-04T06:07:41</time>
      </trkpt>
      <trkpt lat="22.98955905251205" lon="120.2027059905231">
        <ele>58.0</ele>
        <time>2022-12-04T06:07:43</time>
      </trkpt>
      <trkpt lat="22.989591071382165" lon="120.20257062278688">
        <ele>57.0</ele>
        <time>2022-12-04T06:07:45</time>
      </trkpt>
      <trkpt lat="22.98961822874844" lon="120.20243391394615">
        <ele>57.0</ele>
        <time>2022-12-04T06:07:47</time>
      </trkpt>
      <trkpt lat="22.98963281325996" lon="120.2023724745959">
        <ele>57.0</ele>
        <time>2022-12-04T06:07:48</time>
      </trkpt>
      <trkpt lat="22.989682350307703" lon="120.20220986567438">
        <ele>57.0</ele>
        <time>2022-12-04T06:07:51</time>
      </trkpt>
      <trkpt lat="22.989703975617886" lon="120.20217038691044">
        <ele>57.0</ele>
        <time>2022-12-04T06:07:53</time>
      </trkpt>
      <trkpt lat="22.98970364034176" lon="120.20216669887304">
        <ele>57.0</ele>
        <time>2022-12-04T06:07:54</time>
      </trkpt>
      <trkpt lat="22.989704562351108" lon="120.20217834971845">
        <ele>56.0</ele>
        <time>2022-12-04T06:07:57</time>
      </trkpt>
      <trkpt lat="22.989705400541425" lon="120.20218195393682">
        <ele>56.0</ele>
        <time>2022-12-04T06:07:58</time>
      </trkpt>
      <trkpt lat="22.989707244560122" lon="120.2021827083081">
        <ele>56.0</ele>
        <time>2022-12-04T06:07:59</time>
      </trkpt>
      <trkpt lat="22.989713782444596" lon="120.20218941383064">
        <ele>55.0</ele>
        <time>2022-12-04T06:08:05</time>
      </trkpt>
      <trkpt lat="22.989713111892343" lon="120.2021898329258">
        <ele>55.0</ele>
        <time>2022-12-04T06:08:06</time>
      </trkpt>
      <trkpt lat="22.98971302807331" lon="120.20219536498189">
        <ele>55.0</ele>
        <time>2022-12-04T06:08:09</time>
      </trkpt>
      <trkpt lat="22.98968813382089" lon="120.20221623592079">
        <ele>55.0</ele>
        <time>2022-12-04T06:08:14</time>
      </trkpt>
      <trkpt lat="22.989630550146103" lon="120.20217097364366">
        <ele>55.0</ele>
        <time>2022-12-04T06:08:17</time>
      </trkpt>
      <trkpt lat="22.989595010876656" lon="120.20215739496052">
        <ele>55.0</ele>
        <time>2022-12-04T06:08:18</time>
      </trkpt>
      <trkpt lat="22.989552598446608" lon="120.20214851014316">
        <ele>54.0</ele>
        <time>2022-12-04T06:08:19</time>
      </trkpt>
      <trkpt lat="22.989382278174162" lon="120.20211154595017">
        <ele>54.0</ele>
        <time>2022-12-04T06:08:23</time>
      </trkpt>
      <trkpt lat="22.989342464134097" lon="120.20210383459926">
        <ele>54.0</ele>
        <time>2022-12-04T06:08:24</time>
      </trkpt>
      <trkpt lat="22.989149009808898" lon="120.20206368528306">
        <ele>55.0</ele>
        <time>2022-12-04T06:08:29</time>
      </trkpt>
      <trkpt lat="22.988899648189545" lon="120.20201481878757">
        <ele>55.0</ele>
        <time>2022-12-04T06:08:35</time>
      </trkpt>
      <trkpt lat="22.988855056464672" lon="120.20199663005769">
        <ele>55.0</ele>
        <time>2022-12-04T06:08:36</time>
      </trkpt>
      <trkpt lat="22.98876595683396" lon="120.20197190344334">
        <ele>55.0</ele>
        <time>2022-12-04T06:08:38</time>
      </trkpt>
      <trkpt lat="22.988635450601578" lon="120.20195052959025">
        <ele>54.0</ele>
        <time>2022-12-04T06:08:41</time>
      </trkpt>
      <trkpt lat="22.988357674330473" lon="120.20188984461129">
        <ele>55.0</ele>
        <time>2022-12-04T06:08:48</time>
      </trkpt>
      <trkpt lat="22.988211577758193" lon="120.20185195840895">
        <ele>56.0</ele>
        <time>2022-12-04T06:08:52</time>
      </trkpt>
      <trkpt lat="22.988104121759534" lon="120.20184667780995">
        <ele>56.0</ele>
        <time>2022-12-04T06:08:55</time>
      </trkpt>
      <trkpt lat="22.98802868463099" lon="120.20185170695186">
        <ele>56.0</ele>
        <time>2022-12-04T06:08:57</time>
      </trkpt>
      <trkpt lat="22.98798811621964" lon="120.20184994675219">
        <ele>56.0</ele>
        <time>2022-12-04T06:08:58</time>
      </trkpt>
      <trkpt lat="22.987944362685084" lon="120.20184307359159">
        <ele>56.0</ele>
        <time>2022-12-04T06:08:59</time>
      </trkpt>
      <trkpt lat="22.987897926941514" lon="120.20183376967907">
        <ele>56.0</ele>
        <time>2022-12-04T06:09:00</time>
      </trkpt>
      <trkpt lat="22.987805977463722" lon="120.20181859843433">
        <ele>56.0</ele>
        <time>2022-12-04T06:09:02</time>
      </trkpt>
      <trkpt lat="22.987574972212315" lon="120.20181759260595">
        <ele>57.0</ele>
        <time>2022-12-04T06:09:08</time>
      </trkpt>
      <trkpt lat="22.987533900886774" lon="120.20182253792882">
        <ele>57.0</ele>
        <time>2022-12-04T06:09:09</time>
      </trkpt>
      <trkpt lat="22.987396772950888" lon="120.20184273831546">
        <ele>57.0</ele>
        <time>2022-12-04T06:09:13</time>
      </trkpt>
      <trkpt lat="22.987360479310155" lon="120.2018359489739">
        <ele>57.0</ele>
        <time>2022-12-04T06:09:14</time>
      </trkpt>
      <trkpt lat="22.98722636885941" lon="120.20187601447105">
        <ele>57.0</ele>
        <time>2022-12-04T06:09:19</time>
      </trkpt>
      <trkpt lat="22.987233577296138" lon="120.20195891149342">
        <ele>57.0</ele>
        <time>2022-12-04T06:09:22</time>
      </trkpt>
      <trkpt lat="22.987240785732865" lon="120.20209243521094">
        <ele>57.0</ele>
        <time>2022-12-04T06:09:26</time>
      </trkpt>
      <trkpt lat="22.98724053427577" lon="120.20213141106069">
        <ele>57.0</ele>
        <time>2022-12-04T06:09:27</time>
      </trkpt>
      <trkpt lat="22.98723081126809" lon="120.20219938829541">
        <ele>57.0</ele>
        <time>2022-12-04T06:09:29</time>
      </trkpt>
      <trkpt lat="22.987207677215338" lon="120.20232209935784">
        <ele>57.0</ele>
        <time>2022-12-04T06:09:33</time>
      </trkpt>
      <trkpt lat="22.987185213714838" lon="120.20243525505066">
        <ele>58.0</ele>
        <time>2022-12-04T06:09:37</time>
      </trkpt>
      <trkpt lat="22.987181274220347" lon="120.20248621702194">
        <ele>58.0</ele>
        <time>2022-12-04T06:09:39</time>
      </trkpt>
      <trkpt lat="22.987147830426693" lon="120.20260649733245">
        <ele>59.0</ele>
        <time>2022-12-04T06:09:46</time>
      </trkpt>
      <trkpt lat="22.987104831263423" lon="120.202705739066">
        <ele>58.0</ele>
        <time>2022-12-04T06:09:53</time>
      </trkpt>
      <trkpt lat="22.98709242604673" lon="120.20270842127502">
        <ele>58.0</ele>
        <time>2022-12-04T06:09:54</time>
      </trkpt>
      <trkpt lat="22.987054456025362" lon="120.20270515233278">
        <ele>57.0</ele>
        <time>2022-12-04T06:09:57</time>
      </trkpt>
      <trkpt lat="22.98705043271184" lon="120.20271345041692">
        <ele>57.0</ele>
        <time>2022-12-04T06:09:58</time>
      </trkpt>
      <trkpt lat="22.986936774104834" lon="120.2026975248009">
        <ele>58.0</ele>
        <time>2022-12-04T06:10:05</time>
      </trkpt>
      <trkpt lat="22.986898384988308" lon="120.20269056782126">
        <ele>58.0</ele>
        <time>2022-12-04T06:10:07</time>
      </trkpt>
      <trkpt lat="22.98681691288948" lon="120.20270297303796">
        <ele>58.0</ele>
        <time>2022-12-04T06:10:10</time>
      </trkpt>
      <trkpt lat="22.98676217906177" lon="120.20272535271943">
        <ele>59.0</ele>
        <time>2022-12-04T06:10:16</time>
      </trkpt>
      <trkpt lat="22.986773243173957" lon="120.20269962027669">
        <ele>59.0</ele>
        <time>2022-12-04T06:10:22</time>
      </trkpt>
      <trkpt lat="22.986784055829048" lon="120.20266994833946">
        <ele>58.0</ele>
        <time>2022-12-04T06:10:25</time>
      </trkpt>
      <trkpt lat="22.986786821857095" lon="120.20266567356884">
        <ele>58.0</ele>
        <time>2022-12-04T06:10:28</time>
      </trkpt>
      <trkpt lat="22.986788665875793" lon="120.20266500301659">
        <ele>58.0</ele>
        <time>2022-12-04T06:10:30</time>
      </trkpt>
      <trkpt lat="22.986839208751917" lon="120.2025558706373">
        <ele>60.0</ele>
        <time>2022-12-04T06:10:37</time>
      </trkpt>
      <trkpt lat="22.986853625625372" lon="120.20255075767636">
        <ele>60.0</ele>
        <time>2022-12-04T06:10:40</time>
      </trkpt>
      <trkpt lat="22.986857146024704" lon="120.20255503244698">
        <ele>60.0</ele>
        <time>2022-12-04T06:10:41</time>
      </trkpt>
      <trkpt lat="22.986865611746907" lon="120.20254631526768">
        <ele>60.0</ele>
        <time>2022-12-04T06:10:43</time>
      </trkpt>
      <trkpt lat="22.98688681796193" lon="120.20255536772311">
        <ele>61.0</ele>
        <time>2022-12-04T06:10:45</time>
      </trkpt>
      <trkpt lat="22.986848428845406" lon="120.20255067385733">
        <ele>59.0</ele>
        <time>2022-12-04T06:10:52</time>
      </trkpt>
      <trkpt lat="22.98684767447412" lon="120.20254983566701">
        <ele>59.0</ele>
        <time>2022-12-04T06:10:53</time>
      </trkpt>
      <trkpt lat="22.986835185438395" lon="120.20255184732378">
        <ele>58.0</ele>
        <time>2022-12-04T06:10:58</time>
      </trkpt>
      <trkpt lat="22.986841890960932" lon="120.20254891365767">
        <ele>58.0</ele>
        <time>2022-12-04T06:11:00</time>
      </trkpt>
      <trkpt lat="22.98683602362871" lon="120.20254782401025">
        <ele>58.0</ele>
        <time>2022-12-04T06:11:05</time>
      </trkpt>
      <trkpt lat="22.98683107830584" lon="120.20254388451576">
        <ele>58.0</ele>
        <time>2022-12-04T06:11:06</time>
      </trkpt>
      <trkpt lat="22.986811380833387" lon="120.20253835245967">
        <ele>57.0</ele>
        <time>2022-12-04T06:11:12</time>
      </trkpt>
      <trkpt lat="22.986804340034723" lon="120.20254514180124">
        <ele>57.0</ele>
        <time>2022-12-04T06:11:13</time>
      </trkpt>
      <trkpt lat="22.986801406368613" lon="120.20254732109606">
        <ele>57.0</ele>
        <time>2022-12-04T06:11:14</time>
      </trkpt>
      <trkpt lat="22.98680853098631" lon="120.20256785675883">
        <ele>57.0</ele>
        <time>2022-12-04T06:11:18</time>
      </trkpt>
      <trkpt lat="22.986815236508846" lon="120.2025714609772">
        <ele>57.0</ele>
        <time>2022-12-04T06:11:21</time>
      </trkpt>
      <trkpt lat="22.986802998930216" lon="120.20260180346668">
        <ele>57.0</ele>
        <time>2022-12-04T06:11:28</time>
      </trkpt>
      <trkpt lat="22.98680618405342" lon="120.20259434357285">
        <ele>57.0</ele>
        <time>2022-12-04T06:11:29</time>
      </trkpt>
      <trkpt lat="22.98681691288948" lon="120.20259451121092">
        <ele>57.0</ele>
        <time>2022-12-04T06:11:31</time>
      </trkpt>
      <trkpt lat="22.986827893182635" lon="120.20259434357285">
        <ele>58.0</ele>
        <time>2022-12-04T06:11:34</time>
      </trkpt>
      <trkpt lat="22.986829318106174" lon="120.20259057171643">
        <ele>58.0</ele>
        <time>2022-12-04T06:11:36</time>
      </trkpt>
      <trkpt lat="22.98683845438063" lon="120.2025799266994">
        <ele>58.0</ele>
        <time>2022-12-04T06:11:41</time>
      </trkpt>
      <trkpt lat="22.986838622018695" lon="120.20258948206902">
        <ele>58.0</ele>
        <time>2022-12-04T06:11:43</time>
      </trkpt>
      <trkpt lat="22.98683795146644" lon="120.20261219702661">
        <ele>58.0</ele>
        <time>2022-12-04T06:11:46</time>
      </trkpt>
      <trkpt lat="22.986836275085807" lon="120.2026095148176">
        <ele>59.0</ele>
        <time>2022-12-04T06:11:50</time>
      </trkpt>
      <trkpt lat="22.986835185438395" lon="120.20260247401893">
        <ele>59.0</ele>
        <time>2022-12-04T06:11:52</time>
      </trkpt>
      <trkpt lat="22.986842393875122" lon="120.20257565192878">
        <ele>59.0</ele>
        <time>2022-12-04T06:11:54</time>
      </trkpt>
      <trkpt lat="22.98684029839933" lon="120.20256190560758">
        <ele>60.0</ele>
        <time>2022-12-04T06:11:56</time>
      </trkpt>
      <trkpt lat="22.986838202923536" lon="120.20256701856852">
        <ele>60.0</ele>
        <time>2022-12-04T06:11:59</time>
      </trkpt>
      <trkpt lat="22.98684323206544" lon="120.20256903022528">
        <ele>60.0</ele>
        <time>2022-12-04T06:12:03</time>
      </trkpt>
      <trkpt lat="22.98685798421502" lon="120.20256282761693">
        <ele>60.0</ele>
        <time>2022-12-04T06:12:09</time>
      </trkpt>
      <trkpt lat="22.98685848712921" lon="120.20256701856852">
        <ele>60.0</ele>
        <time>2022-12-04T06:12:10</time>
      </trkpt>
      <trkpt lat="22.98684624955058" lon="120.20264807157218">
        <ele>60.0</ele>
        <time>2022-12-04T06:12:18</time>
      </trkpt>
      <trkpt lat="22.986841890960932" lon="120.2026285417378">
        <ele>61.0</ele>
        <time>2022-12-04T06:12:23</time>
      </trkpt>
      <trkpt lat="22.986849769949913" lon="120.20258059725165">
        <ele>61.0</ele>
        <time>2022-12-04T06:12:26</time>
      </trkpt>
      <trkpt lat="22.986840130761266" lon="120.20258772186935">
        <ele>61.0</ele>
        <time>2022-12-04T06:12:27</time>
      </trkpt>
      <trkpt lat="22.986843902617693" lon="120.20254933275282">
        <ele>62.0</ele>
        <time>2022-12-04T06:12:33</time>
      </trkpt>
      <trkpt lat="22.986822947859764" lon="120.20252586342394">
        <ele>61.0</ele>
        <time>2022-12-04T06:12:41</time>
      </trkpt>
      <trkpt lat="22.986802579835057" lon="120.20254111848772">
        <ele>61.0</ele>
        <time>2022-12-04T06:12:47</time>
      </trkpt>
      <trkpt lat="22.986794114112854" lon="120.20255570299923">
        <ele>61.0</ele>
        <time>2022-12-04T06:12:49</time>
      </trkpt>
      <trkpt lat="22.986788833513856" lon="120.20256131887436">
        <ele>61.0</ele>
        <time>2022-12-04T06:12:50</time>
      </trkpt>
      <trkpt lat="22.986804423853755" lon="120.20257028751075">
        <ele>60.0</ele>
        <time>2022-12-04T06:12:56</time>
      </trkpt>
      <trkpt lat="22.986837113276124" lon="120.20253977738321">
        <ele>60.0</ele>
        <time>2022-12-04T06:13:00</time>
      </trkpt>
      <trkpt lat="22.98682906664908" lon="120.20253541879356">
        <ele>60.0</ele>
        <time>2022-12-04T06:13:02</time>
      </trkpt>
      <trkpt lat="22.986816996708512" lon="120.20253927446902">
        <ele>60.0</ele>
        <time>2022-12-04T06:13:04</time>
      </trkpt>
      <trkpt lat="22.986815152689815" lon="120.20254597999156">
        <ele>59.0</ele>
        <time>2022-12-04T06:13:07</time>
      </trkpt>
      <trkpt lat="22.986806267872453" lon="120.20257204771042">
        <ele>58.0</ele>
        <time>2022-12-04T06:13:15</time>
      </trkpt>
      <trkpt lat="22.986801406368613" lon="120.20258579403162">
        <ele>58.0</ele>
        <time>2022-12-04T06:13:17</time>
      </trkpt>
      <trkpt lat="22.986813308671117" lon="120.20260406658053">
        <ele>58.0</ele>
        <time>2022-12-04T06:13:21</time>
      </trkpt>
      <trkpt lat="22.986812638118863" lon="120.20260490477085">
        <ele>58.0</ele>
        <time>2022-12-04T06:13:22</time>
      </trkpt>
      <trkpt lat="22.98680366948247" lon="120.20262560807168">
        <ele>58.0</ele>
        <time>2022-12-04T06:13:24</time>
      </trkpt>
      <trkpt lat="22.986794030293822" lon="120.20264287479222">
        <ele>57.0</ele>
        <time>2022-12-04T06:13:26</time>
      </trkpt>
      <trkpt lat="22.98678564839065" lon="120.20265226252377">
        <ele>57.0</ele>
        <time>2022-12-04T06:13:28</time>
      </trkpt>
      <trkpt lat="22.986783385276794" lon="120.20266022533178">
        <ele>57.0</ele>
        <time>2022-12-04T06:13:29</time>
      </trkpt>
      <trkpt lat="22.98677148297429" lon="120.20266466774046">
        <ele>57.0</ele>
        <time>2022-12-04T06:13:33</time>
      </trkpt>
      <trkpt lat="22.986746756359935" lon="120.20266751758754">
        <ele>56.0</ele>
        <time>2022-12-04T06:13:38</time>
      </trkpt>
      <trkpt lat="22.98677726648748" lon="120.20264631137252">
        <ele>56.0</ele>
        <time>2022-12-04T06:13:44</time>
      </trkpt>
      <trkpt lat="22.986785313114524" lon="120.20265410654247">
        <ele>56.0</ele>
        <time>2022-12-04T06:13:46</time>
      </trkpt>
      <trkpt lat="22.986790342256427" lon="120.20266626030207">
        <ele>56.0</ele>
        <time>2022-12-04T06:13:49</time>
      </trkpt>
      <trkpt lat="22.986804507672787" lon="120.20266776904464">
        <ele>56.0</ele>
        <time>2022-12-04T06:13:52</time>
      </trkpt>
      <trkpt lat="22.986804340034723" lon="120.20267673768103">
        <ele>56.0</ele>
        <time>2022-12-04T06:13:53</time>
      </trkpt>
      <trkpt lat="22.986831497401" lon="120.20259350538254">
        <ele>57.0</ele>
        <time>2022-12-04T06:14:02</time>
      </trkpt>
      <trkpt lat="22.986825462430716" lon="120.20259744487703">
        <ele>58.0</ele>
        <time>2022-12-04T06:14:08</time>
      </trkpt>
      <trkpt lat="22.986825881525874" lon="120.20261362195015">
        <ele>58.0</ele>
        <time>2022-12-04T06:14:11</time>
      </trkpt>
      <trkpt lat="22.986802998930216" lon="120.2026248537004">
        <ele>57.0</ele>
        <time>2022-12-04T06:14:18</time>
      </trkpt>
      <trkpt lat="22.986799562349916" lon="120.20261446014047">
        <ele>57.0</ele>
        <time>2022-12-04T06:14:20</time>
      </trkpt>
      <trkpt lat="22.986776176840067" lon="120.20261001773179">
        <ele>56.0</ele>
        <time>2022-12-04T06:14:25</time>
      </trkpt>
      <trkpt lat="22.986775087192655" lon="120.2026280388236">
        <ele>56.0</ele>
        <time>2022-12-04T06:14:28</time>
      </trkpt>
      <trkpt lat="22.98684323206544" lon="120.20245696417987">
        <ele>56.0</ele>
        <time>2022-12-04T06:14:45</time>
      </trkpt>
      <trkpt lat="22.986696045845747" lon="120.20254681818187">
        <ele>56.0</ele>
        <time>2022-12-04T06:14:46</time>
      </trkpt>
      <trkpt lat="22.9867450799793" lon="120.20270339213312">
        <ele>56.0</ele>
        <time>2022-12-04T06:14:50</time>
      </trkpt>
      <trkpt lat="22.986752036958933" lon="120.20269291475415">
        <ele>56.0</ele>
        <time>2022-12-04T06:14:51</time>
      </trkpt>
      <trkpt lat="22.986799646168947" lon="120.20265528000891">
        <ele>56.0</ele>
        <time>2022-12-04T06:14:57</time>
      </trkpt>
      <trkpt lat="22.98676025122404" lon="120.20264421589673">
        <ele>56.0</ele>
        <time>2022-12-04T06:15:02</time>
      </trkpt>
      <trkpt lat="22.986734183505177" lon="120.20265201106668">
        <ele>57.0</ele>
        <time>2022-12-04T06:15:09</time>
      </trkpt>
      <trkpt lat="22.986729573458433" lon="120.20265175960958">
        <ele>57.0</ele>
        <time>2022-12-04T06:15:10</time>
      </trkpt>
      <trkpt lat="22.986771734431386" lon="120.20260783843696">
        <ele>56.0</ele>
        <time>2022-12-04T06:15:17</time>
      </trkpt>
      <trkpt lat="22.986813141033053" lon="120.20258973352611">
        <ele>56.0</ele>
        <time>2022-12-04T06:15:23</time>
      </trkpt>
      <trkpt lat="22.986828899011016" lon="120.20259803161025">
        <ele>55.0</ele>
        <time>2022-12-04T06:15:29</time>
      </trkpt>
      <trkpt lat="22.98683208413422" lon="120.20260406658053">
        <ele>55.0</ele>
        <time>2022-12-04T06:15:32</time>
      </trkpt>
      <trkpt lat="22.986829401925206" lon="120.20260716788471">
        <ele>57.0</ele>
        <time>2022-12-04T06:18:21</time>
      </trkpt>
      <trkpt lat="22.98681741580367" lon="120.2025265339762">
        <ele>57.0</ele>
        <time>2022-12-04T06:18:23</time>
      </trkpt>
      <trkpt lat="22.98682864755392" lon="120.2025640849024">
        <ele>57.0</ele>
        <time>2022-12-04T06:18:26</time>
      </trkpt>
      <trkpt lat="22.98684331588447" lon="120.20257389172912">
        <ele>57.0</ele>
        <time>2022-12-04T06:18:27</time>
      </trkpt>
      <trkpt lat="22.98684130422771" lon="120.20256852731109">
        <ele>57.0</ele>
        <time>2022-12-04T06:18:29</time>
      </trkpt>
      <trkpt lat="22.98683208413422" lon="120.20256877876818">
        <ele>57.0</ele>
        <time>2022-12-04T06:18:31</time>
      </trkpt>
      <trkpt lat="22.986847925931215" lon="120.20255754701793">
        <ele>57.0</ele>
        <time>2022-12-04T06:18:34</time>
      </trkpt>
      <trkpt lat="22.986863516271114" lon="120.20255494862795">
        <ele>58.0</ele>
        <time>2022-12-04T06:18:39</time>
      </trkpt>
      <trkpt lat="22.986854379996657" lon="120.20258110016584">
        <ele>58.0</ele>
        <time>2022-12-04T06:18:46</time>
      </trkpt>
      <trkpt lat="22.986847339197993" lon="120.20257506519556">
        <ele>59.0</ele>
        <time>2022-12-04T06:18:50</time>
      </trkpt>
      <trkpt lat="22.98684566281736" lon="120.20257355645299">
        <ele>59.0</ele>
        <time>2022-12-04T06:18:51</time>
      </trkpt>
      <trkpt lat="22.98686468973756" lon="120.20254916511476">
        <ele>59.0</ele>
        <time>2022-12-04T06:18:58</time>
      </trkpt>
      <trkpt lat="22.98686175607145" lon="120.20256542600691">
        <ele>59.0</ele>
        <time>2022-12-04T06:19:02</time>
      </trkpt>
      <trkpt lat="22.986859241500497" lon="120.20258755423129">
        <ele>60.0</ele>
        <time>2022-12-04T06:19:04</time>
      </trkpt>
      <trkpt lat="22.986860079690814" lon="120.20264379680157">
        <ele>60.0</ele>
        <time>2022-12-04T06:19:09</time>
      </trkpt>
      <trkpt lat="22.98684515990317" lon="120.20277933217585">
        <ele>68.0</ele>
        <time>2022-12-04T06:20:47</time>
      </trkpt>
      <trkpt lat="22.986912466585636" lon="120.20278603769839">
        <ele>68.0</ele>
        <time>2022-12-04T06:20:48</time>
      </trkpt>
      <trkpt lat="22.98688086681068" lon="120.20275862887502">
        <ele>68.0</ele>
        <time>2022-12-04T06:20:49</time>
      </trkpt>
      <trkpt lat="22.986829401925206" lon="120.20279098302126">
        <ele>69.0</ele>
        <time>2022-12-04T06:20:52</time>
      </trkpt>
      <trkpt lat="22.98681154847145" lon="120.20280707627535">
        <ele>70.0</ele>
        <time>2022-12-04T06:20:59</time>
      </trkpt>
      <trkpt lat="22.98676217906177" lon="120.2028006222099">
        <ele>70.0</ele>
        <time>2022-12-04T06:21:02</time>
      </trkpt>
      <trkpt lat="22.986756060272455" lon="120.20281135104597">
        <ele>71.0</ele>
        <time>2022-12-04T06:21:04</time>
      </trkpt>
      <trkpt lat="22.986758574843407" lon="120.2028185594827">
        <ele>71.0</ele>
        <time>2022-12-04T06:21:05</time>
      </trkpt>
      <trkpt lat="22.986706187948585" lon="120.20285342819989">
        <ele>71.0</ele>
        <time>2022-12-04T06:21:10</time>
      </trkpt>
      <trkpt lat="22.98661164008081" lon="120.20287220366299">
        <ele>71.0</ele>
        <time>2022-12-04T06:21:17</time>
      </trkpt>
      <trkpt lat="22.986576855182648" lon="120.20282258279622">
        <ele>71.0</ele>
        <time>2022-12-04T06:21:22</time>
      </trkpt>
      <trkpt lat="22.986553888767958" lon="120.20280791446567">
        <ele>71.0</ele>
        <time>2022-12-04T06:21:23</time>
      </trkpt>
      <trkpt lat="22.986522372812033" lon="120.20278704352677">
        <ele>72.0</ele>
        <time>2022-12-04T06:21:26</time>
      </trkpt>
      <trkpt lat="22.986523043364286" lon="120.20278955809772">
        <ele>72.0</ele>
        <time>2022-12-04T06:21:29</time>
      </trkpt>
      <trkpt lat="22.98660091124475" lon="120.20279936492443">
        <ele>72.0</ele>
        <time>2022-12-04T06:21:32</time>
      </trkpt>
      <trkpt lat="22.986626643687487" lon="120.20279022864997">
        <ele>72.0</ele>
        <time>2022-12-04T06:21:33</time>
      </trkpt>
      <trkpt lat="22.986664529889822" lon="120.20276566967368">
        <ele>72.0</ele>
        <time>2022-12-04T06:21:36</time>
      </trkpt>
      <trkpt lat="22.986777182668447" lon="120.20288377068937">
        <ele>72.0</ele>
        <time>2022-12-04T06:21:42</time>
      </trkpt>
      <trkpt lat="22.98680953681469" lon="120.20294135436416">
        <ele>73.0</ele>
        <time>2022-12-04T06:21:47</time>
      </trkpt>
      <trkpt lat="22.986804004758596" lon="120.20292811095715">
        <ele>73.0</ele>
        <time>2022-12-04T06:21:49</time>
      </trkpt>
      <trkpt lat="22.986809955909848" lon="120.2029354032129">
        <ele>73.0</ele>
        <time>2022-12-04T06:21:50</time>
      </trkpt>
      <trkpt lat="22.986877597868443" lon="120.20306557416916">
        <ele>73.0</ele>
        <time>2022-12-04T06:21:55</time>
      </trkpt>
      <trkpt lat="22.98690098337829" lon="120.20312299020588">
        <ele>73.0</ele>
        <time>2022-12-04T06:21:57</time>
      </trkpt>
      <trkpt lat="22.98695077188313" lon="120.2031930629164">
        <ele>73.0</ele>
        <time>2022-12-04T06:21:59</time>
      </trkpt>
      <trkpt lat="22.986971559002995" lon="120.20321091637015">
        <ele>73.0</ele>
        <time>2022-12-04T06:22:01</time>
      </trkpt>
      <trkpt lat="22.98698639497161" lon="120.20322198048234">
        <ele>73.0</ele>
        <time>2022-12-04T06:22:04</time>
      </trkpt>
      <trkpt lat="22.986989747732878" lon="120.20323924720287">
        <ele>74.0</ele>
        <time>2022-12-04T06:22:08</time>
      </trkpt>
      <trkpt lat="22.987010702490807" lon="120.20323815755546">
        <ele>74.0</ele>
        <time>2022-12-04T06:22:10</time>
      </trkpt>
      <trkpt lat="22.987041547894478" lon="120.20324612036347">
        <ele>74.0</ele>
        <time>2022-12-04T06:22:13</time>
      </trkpt>
      <trkpt lat="22.987102568149567" lon="120.20331493578851">
        <ele>74.0</ele>
        <time>2022-12-04T06:22:21</time>
      </trkpt>
      <trkpt lat="22.987055461853743" lon="120.2032789774239">
        <ele>74.0</ele>
        <time>2022-12-04T06:22:29</time>
      </trkpt>
      <trkpt lat="22.987039368599653" lon="120.2032670751214">
        <ele>74.0</ele>
        <time>2022-12-04T06:22:30</time>
      </trkpt>
      <trkpt lat="22.987029058858752" lon="120.2031758800149">
        <ele>75.0</ele>
        <time>2022-12-04T06:22:34</time>
      </trkpt>
      <trkpt lat="22.986927134916186" lon="120.20302257500589">
        <ele>74.0</ele>
        <time>2022-12-04T06:22:37</time>
      </trkpt>
      <trkpt lat="22.98687206581235" lon="120.2029636502266">
        <ele>74.0</ele>
        <time>2022-12-04T06:22:38</time>
      </trkpt>
      <trkpt lat="22.98686142079532" lon="120.20296046510339">
        <ele>75.0</ele>
        <time>2022-12-04T06:22:41</time>
      </trkpt>
      <trkpt lat="22.98685354180634" lon="120.20295593887568">
        <ele>75.0</ele>
        <time>2022-12-04T06:22:42</time>
      </trkpt>
      <trkpt lat="22.98684817738831" lon="120.20295610651374">
        <ele>75.0</ele>
        <time>2022-12-04T06:22:43</time>
      </trkpt>
      <trkpt lat="22.98672454431653" lon="120.20284814760089">
        <ele>75.0</ele>
        <time>2022-12-04T06:22:51</time>
      </trkpt>
      <trkpt lat="22.986714905127883" lon="120.20284722559154">
        <ele>76.0</ele>
        <time>2022-12-04T06:22:52</time>
      </trkpt>
      <trkpt lat="22.98672454431653" lon="120.20282744430006">
        <ele>76.0</ele>
        <time>2022-12-04T06:22:53</time>
      </trkpt>
    </trkseg>
  </trk>
</gpx>